"FIPS","IDC_econ_loss_natl","term_econ_loss_natl"
"01001",383224.63050198,124882.809312931
"01003",962101.756071489,122871.993519589
"01005",98139.6408726481,29609.5975618823
"01007",213375.39302289,58588.9471001426
"01009",2674428.01554086,934402.402753205
"01011",74296.351836243,10346.7651880809
"01013",85555.404076532,33233.8542163058
"01015",803348.789979198,264933.827938875
"01017",532025.927804347,109666.44117477
"01019",72392.7700465018,22894.179712551
"01021",672995.982634577,225401.293033336
"01023",12580.2935380325,2491.42165903725
"01025",96362.7184535622,20912.4554558414
"01027",85436.4709916077,28533.7443196028
"01029",64392.3930670721,21093.5228543154
"01031",195980.570878949,51701.2855940401
"01033",229926.827397103,69071.9500383049
"01035",60239.8477952438,16008.0214346035
"01037",105427.00864376,32793.2111243098
"01039",113871.542424864,38855.2539090456
"01041",31853.3018423668,14328.3544622679
"01043",1539135.76877736,509577.666833249
"01045",262987.480685082,56722.8357744412
"01047",284750.864877462,81042.5513945803
"01049",175618.939899143,51369.2420181512
"01051",684370.551247718,196451.177884597
"01053",128810.56613501,38617.6781891546
"01055",1025382.36576191,345900.192231401
"01057",214228.981699803,61816.5323373958
"01059",141088.184027685,41204.0841727444
"01061",49406.3601472696,14970.5993414875
"01063",72813.532920435,15319.1765996456
"01065",176535.707000817,39397.0533029981
"01067",50300.9548471687,18338.0160871367
"01069",323704.285671038,96284.1643358122
"01071",144488.772660088,32690.9739652076
"01073",75555723.7526326,26646494.7004992
"01075",64607.4937312813,14862.8840444528
"01077",325463.317176399,89768.6607494005
"01079",155612.006617857,36813.8045567543
"01081",3840054.74791856,451728.022950949
"01083",634044.347856676,104654.197904751
"01085",30780.6303825711,4201.65459799677
"01087",1590261.00946015,59588.3649927117
"01089",3168694.83579518,463937.541426373
"01091",148850.05485355,45764.2468821747
"01093",191477.405293039,59378.6745396637
"01095",672935.710328683,187682.583413952
"01097",3779954.84363271,227382.778195332
"01099",50039.120169559,11964.128388303
"01101",1739107.2451518,761088.21905432
"01103",764744.085273531,177536.741100152
"01105",108320.964755129,31771.417148469
"01107",212139.666912986,47143.9764524707
"01109",164982.699643876,46017.1795879696
"01111",127830.785439398,34131.9578846578
"01113",298495.750391869,67992.2330940558
"01115",4980971.76062384,1744009.61978112
"01117",15774903.1342604,5537633.73410756
"01119",72812.2722543578,20822.9722051826
"01121",1514062.01051703,516631.51560402
"01123",666919.545592307,153195.191304033
"01125",4964948.12705758,850166.452463783
"01127",2343755.86953966,817614.314372864
"01129",79056.1498653506,23134.0611249936
"01131",23069.2335064858,7748.14744306763
"01133",283093.414338695,87727.3340603918
"02013",555.392344897272,0
"02016",337.146871645282,3.46528185072983
"02020",733434.020308118,68915.316720384
"02050",268.302696136503,39.850741283393
"02060",10.7914293583035,1.73264092536491
"02063",10792.0695193967,2646.20186820625
"02066",129.497152299642,20.791691104379
"02068",4912.88020300402,1273.72066773022
"02070",233.695533555826,24.2569729551088
"02090",2411106.75824124,623818.513501454
"02100",279.055025507548,0
"02105",597.975054659032,0
"02110",15148.3873421589,1119.45114162524
"02122",66397.8222898269,12715.962918893
"02130",2111.48634006967,0
"02150",1839.8217319282,41.5833822087579
"02158",267.913026184222,31.1875366565684
"02164",303.049310022966,29.4548957312035
"02170",120947.267504491,26035.2759962865
"02180",297.795993344158,0
"02185",4238.57541616029,907.177018830395
"02188",93.7671186302818,0
"02195",995.266238039474,0
"02198",2631.69399945906,1.73264092536491
"02220",118113.98845754,0
"02230",199.325018219677,0
"02240",22016.2337639725,5717.0155569204
"02275",720.870779380117,6.93056370145965
"02282",362.085746584698,6.93056370145965
"02290",22297.7002152789,5743.00517080088
"04001",107985.750485983,2468.5497576846
"04003",859377.758956635,19283.8787960907
"04005",3747710.48562271,6695.61143833227
"04007",250205.879518935,7505.50267684013
"04009",285045.499869811,6266.56258838615
"04011",41359.7349688816,719.121245026949
"04012",25828.3993611456,705.393885308746
"04013",57885742.540013,2413349.15636675
"04015",348110.869639307,5001.77681648787
"04017",252014.402507255,3461.1405771096
"04019",63028383.406105,1562696.74099048
"04021",3206335.86436512,63342.0551988572
"04023",429511.034827815,10910.0685987019
"04025",786093.928118196,15421.238258561
"04027",698617.230166328,12938.7478398124
"05001",55554.8114777534,11271.9987939925
"05003",30870.5273853743,7695.71267462841
"05005",102705.924650361,24193.134381567
"05007",795958.804951017,126398.212614295
"05009",94206.2203845972,15146.2214281919
"05011",28919.9538239625,6641.44449076812
"05013",13475.8365179516,3840.56355578016
"05015",45369.4485323533,11915.0184841289
"05017",23214.7442673462,6067.24675138034
"05019",96146.6075302604,22727.4244145257
"05021",50240.9178683243,5117.352124736
"05023",49436.6702296517,17148.4859049514
"05025",30814.0832239837,7177.52477595868
"05027",46882.059573374,10843.3224887571
"05029",117362.233619743,27910.8478683044
"05031",363726.029946934,54658.3149735022
"05033",97179.3801959768,22272.4703192369
"05035",2125968.46018577,45523.8427902205
"05037",63398.2278107462,3902.39571097013
"05039",24784.4836097374,6720.98622261529
"05041",36998.0052650104,7875.94177878982
"05043",51378.9663647295,10417.0689850972
"05045",2285902.00689485,540853.987984841
"05047",14105.3484954867,2715.45601241551
"05049",33071.9111193825,7482.82937744941
"05051",695737.130881804,183432.964749793
"05053",326647.942118933,73301.5134331591
"05055",140340.195233723,18311.8352628596
"05057",59800.9343119147,13581.2649135772
"05059",225016.280561209,57633.9105203679
"05061",9502.44407810641,1652.48545621241
"05063",83132.0312648289,16255.7817634976
"05065",22908.4621917017,4532.90812304753
"05067",65817.6774605345,16802.4655565382
"05069",910492.361478908,240463.527533599
"05071",93238.5543751173,24483.5926680986
"05073",43849.8235611408,8225.47200249999
"05075",51995.4837658054,7110.61555707427
"05077",56676.5153404675,4619.82222469813
"05079",42515.1505754078,10633.7273451975
"05081",28796.2499204725,6553.47203431892
"05083",20824.8459419055,5346.91994115692
"05085",1861659.63520276,457306.740066132
"05087",22199.2721695308,3617.30543415692
"05089",40441.9883369747,6675.1290520343
"05091",89202.9372655793,21595.908451703
"05093",143659.102694181,12321.0934154677
"05095",37546.3579446528,7681.12711156033
"05097",38783.1715800055,9065.81624609506
"05099",12818.2405485314,2715.45601241551
"05101",18577.0164561363,2937.98385226152
"05103",61815.3917651189,15163.9564890097
"05105",34538.6033270376,8161.19755603285
"05107",36665.6058799562,5099.0550366988
"05109",24191.123187762,4515.44866748218
"05111",144728.00513166,9066.79869227708
"05113",21325.3570435337,4069.596212651
"05115",235606.650276359,57170.191832172
"05117",58599.5738287231,9601.40888945041
"05119",23602602.6399584,6178736.06670014
"05121",61830.9934706359,9510.96777943688
"05123",165567.871437839,16518.8567963308
"05125",4551101.31846042,1158291.32193284
"05127",10824.4069600331,1590.34846905086
"05129",20496.1886111014,3825.73403699385
"05131",239931.353235556,55512.7576043175
"05133",10564.6298938427,1782.0168730358
"05135",37263.984083435,7548.44747632208
"05137",17384.3132218745,3360.49311130764
"05139",100696.815613117,26962.742162137
"05141",36838.8916997937,7112.12932479465
"05143",4773327.11433467,563307.714378902
"05145",617181.157409605,148165.652373514
"05147",22333.5811491256,4122.33626614177
"05149",80930.788258638,20038.2092916175
"06001",166210118.065794,3489493.36819578
"06003",21962.3071923436,451.275592865593
"06005",1594694.91225139,46448.8706580247
"06007",1251860.96683507,10654.6763786596
"06009",783299.822680777,8770.79910275245
"06011",447406.556998522,991.009478371453
"06013",84763911.604863,1360025.44944572
"06015",63444.2246140222,1516.0866422529
"06017",3114481.37489016,20031.642632302
"06019",7166170.27444342,144635.337941452
"06021",67619.084852704,85.3690231488981
"06023",233141.522090452,4913.30344704168
"06025",996340.057980833,30556.4812066529
"06027",296545.073485824,979.198827451879
"06029",3029801.36452596,152175.451269139
"06031",661741.603720138,12977.3126037052
"06033",245134.265845977,4512.01110411089
"06035",30137.1293881561,1109.38124153839
"06037",513628104.257313,32191844.4491762
"06039",798689.674104186,9314.57898287756
"06041",30207660.3062322,409490.91834008
"06043",407846.10520411,913.665286886883
"06045",539906.841708827,3355.17985945712
"06047",4075623.38854297,55961.4560120499
"06049",3169.53523985443,82.6585990352383
"06051",136894.5238567,655.73130460385
"06053",9533069.19474881,414574.69079319
"06055",3739211.95619981,28988.2679700347
"06057",643078.725564586,3573.47206204928
"06059",108254402.14704,2226904.62513162
"06061",9080371.0362145,122769.707385291
"06063",123916.782772624,693.575069089002
"06065",41272466.3154973,1531566.04294064
"06067",46915003.662373,575123.937932483
"06069",814296.131933919,28419.0120755347
"06071",40637383.0007704,1170189.22677105
"06073",519733435.146702,8866635.24607751
"06075",195415502.627048,2098812.75220481
"06077",14998838.7300907,1001530.56556201
"06079",2066927.53600493,78810.7598482953
"06081",155307945.212765,4914860.08451305
"06083",8973521.52703193,44671.0575673646
"06085",150632109.584978,7367086.71926715
"06087",22525097.1775104,404905.610735229
"06089",466982.533726405,4853.80562488473
"06091",6453.89706563694,377.59132086532
"06093",167930.158281686,3045.52674036835
"06095",31201443.1381324,360848.232046485
"06097",16945953.8800032,214083.421354293
"06099",6350775.81135226,212934.478144067
"06101",1630282.33720698,25675.537136824
"06103",768991.814704467,21813.618991513
"06105",7372.11773242669,303.372801052623
"06107",1565364.74873048,39075.418317113
"06109",2235846.15761004,47353.8630124615
"06111",15160328.9665526,746390.317294814
"06113",49228149.3486986,40365.8246248324
"06115",1831215.64623085,25584.7418341741
"08001",19045075.4247485,27965.0598060432
"08003",28952.8451730953,100.324536915491
"08005",43496780.1089339,165443.249719692
"08007",62403.0850750754,241.121943092033
"08009",21122.2432372599,0
"08011",8926.19138996049,140.797406176542
"08013",20609621.1410158,29181.2722355368
"08014",3677125.96196417,11744.7326339216
"08015",115528.537195957,300.973610746472
"08017",301.261526439928,0
"08019",171228.755979748,375.606841039172
"08021",22385.3068911062,0
"08023",17358.8397722333,0
"08025",34204.7409521615,1.73264092536491
"08027",15565.7481446703,0
"08029",68985.1453908422,817.377857962186
"08031",55695487.398868,271542.353176056
"08033",7179.79877612182,0
"08035",11865814.1847523,43567.4823958024
"08037",578679.082613458,902.920832239415
"08039",806724.217272443,2339.13067392772
"08041",9709998.69550898,43178.172237353
"08043",366839.46735466,3318.45242988935
"08045",164826.019731649,1591.53871351075
"08047",205346.661553015,0
"08049",39105.4099810929,190.983977931319
"08051",59728.3518476992,705.921498375423
"08053",163.633275568157,0
"08055",6419.36579989401,200.649073830981
"08057",28900.9256141295,0
"08059",20387008.4486355,307348.839317709
"08061",7969.17758886484,0
"08063",10654.4516661576,0
"08065",31675.9758026625,401.298147661962
"08067",225828.571561371,1546.55195395869
"08069",23386603.1329768,17742.5199748754
"08071",43235.2855675404,576.255914870154
"08073",29246.4489503014,174.957767208191
"08075",699748.956262363,441.771016923014
"08077",227866.158732097,2125.24840917537
"08079",9683.24897546794,0
"08081",73829.496897237,200.649073830981
"08083",15626.7761349716,506.820607353548
"08085",106005.82255227,1133.18714956701
"08087",265605.8764363,1240.92227498101
"08089",11952.9095989586,435.138721224621
"08091",3468.27250624167,0
"08093",52296.0150414448,1045.65396393331
"08095",40414.4221177325,0
"08097",126948.200505146,1120.84053185231
"08099",77531.2610521161,642.420090753995
"08101",564138.106941548,7847.45440165996
"08103",13309.2313074383,275.282304123682
"08105",33061.8108559724,100.324536915491
"08107",231013.200870307,822.597532216155
"08109",10342.1824872689,200.649073830981
"08111",6395.22338391568,0
"08113",12850.8751158289,140.797406176542
"08115",2763.39376755774,1.73264092536491
"08117",260575.897590711,1014.87041811877
"08119",201191.570818464,1935.0618761401
"08121",65699.0461329284,0
"08123",9626420.1372483,8535.40774061261
"08125",3568.72431877751,0
"09110",66474995.1588532,5385419.22548406
"09120",29897275.2343771,2185228.80398227
"09130",18341577.1007609,1308615.41116803
"09140",44485562.1170463,3140092.07836421
"09150",5251474.07682337,590741.277035917
"09160",7370332.50386178,491165.63912771
"09170",223600746.241929,17240136.202989
"09180",12544760.0626604,1215687.26177911
"09190",27078057.5883143,1835119.22633566
"10001",4052688.36210702,65961.1918314561
"10003",28498176.1338679,768785.139469647
"10005",1395343.19796692,35919.6519836276
"11001",30038305.354233,5192898.3348809
"12001",89935970.6395226,10104243.1795469
"12003",291841.511334065,26058.6859365093
"12005",381729.648079381,35619.9680378731
"12007",2880331.58911035,322334.567272207
"12009",1498887.43290753,142170.362988619
"12011",15709401.1581889,1355750.03545364
"12013",129400.220704029,12836.0988408881
"12015",313251.111330664,14615.306911598
"12017",493492.960118135,41166.6892095076
"12019",3971337.8645781,331178.345199778
"12021",778925.965352126,30553.1129725922
"12023",3785400.20008023,411969.283063045
"12027",53231.8615313689,4535.29776540275
"12029",884711.037703454,98935.4987593979
"12031",17623718.3025259,273779.29231303
"12033",774647.17311834,30130.36912967
"12035",1305135.96585242,135677.783855276
"12037",86389.6446612981,4961.5737576802
"12039",1338627.70671468,68869.1091215836
"12041",1984976.81326833,220249.109320055
"12043",36183.4112636083,3006.69224433856
"12045",101226.413182101,7172.96671075924
"12047",118014.752990899,12536.9296908017
"12049",38126.4338498276,2952.73762470442
"12051",44742.499664589,3195.1215579144
"12053",928287.044183878,23995.7834034606
"12055",153392.851107382,11106.2210133121
"12057",48456385.622356,813351.698347173
"12059",51045.3654325671,2477.28828591374
"12061",346061.6922057,21339.4653383568
"12063",135520.650266774,13749.5552084593
"12065",284551.889089033,15605.5741997659
"12067",136144.979436793,14152.6881352274
"12069",789468.505524664,65054.6951083166
"12071",1606398.66411149,80667.5590051151
"12073",20674648.2471442,1097616.91149214
"12075",4234626.7914492,475166.716669633
"12077",57600.31573604,3859.11631562204
"12079",136824.909976015,12391.8401401512
"12081",2216189.40954036,68469.8882283627
"12083",6530722.67508006,718688.801073171
"12085",1003155.89402745,23030.390748257
"12086",76386182.7984868,8234653.52161336
"12087",310645.307299292,26759.008158953
"12089",672019.836270168,21078.8957622646
"12091",447630.407138498,37784.7745486859
"12093",81386.1021095185,2244.64497768725
"12095",6835748.00362135,977593.398074843
"12097",841092.040896127,78064.0315053533
"12099",8981027.86264935,340202.985282885
"12101",10097934.1436544,177002.691167756
"12103",7257340.28313828,211111.016090679
"12105",1838191.5448858,78826.742530521
"12107",1144004.54789513,118214.71285255
"12109",3508771.72507773,75517.1008401963
"12111",923728.714922709,49380.5392988584
"12113",286824.390299991,16006.3528989717
"12115",1513219.7381426,64763.7847194471
"12117",3029581.79262387,508093.648646409
"12119",333326.207351378,27794.7964939922
"12121",1002013.5592987,108432.341055637
"12123",58116.9357499659,2813.12213235407
"12125",1603907.94701969,177960.394390965
"12127",1269550.10464053,121579.554451985
"12129",918532.259635194,49407.414332495
"12131",135583.73903054,10454.9093876752
"12133",55628.3475954226,4443.39292958628
"13001",36369.0810865382,7263.21760439786
"13003",10575.3709900937,1188.00132822134
"13005",7856.7425451747,1154.02091823259
"13007",12688.8239292721,920.069229570008
"13009",247150.426136826,39804.5524588182
"13011",67602.1817539634,6464.01667696738
"13013",1690924.09090126,313625.04619633
"13015",1049569.09474456,158988.477822448
"13017",17886.7896266868,3711.11128980422
"13019",118239.699783812,27215.9218728374
"13021",1117021.06880975,194440.910810739
"13023",34462.9831603426,4154.07943475494
"13025",32767.8524419007,3522.78243997023
"13027",49232.6753286569,13537.9864436619
"13029",93083.2803006,17448.8960055406
"13031",255291.874159891,27258.3766878223
"13033",929181.025494348,213266.232649405
"13035",102727.052842208,35016.0633162026
"13037",18429.4361701555,2150.83573011534
"13039",253379.645574299,49416.6872965155
"13043",23602.4460316706,3370.75550160209
"13045",1365356.45133301,261861.938484157
"13047",110659.700443479,16081.2651066328
"13049",19894.9736485136,1238.26503292158
"13051",1156402.57852483,213125.728062438
"13053",28446.7282178074,8031.51884637949
"13055",167079.794173762,35950.5736006937
"13057",3213670.94304399,515188.850243828
"13059",9313215.52434252,2173385.6891962
"13061",12178.7843403864,916.395151455855
"13063",8295183.19014535,1976162.80747231
"13065",7060.55154864823,758.261874713308
"13067",21047433.8495299,4181330.71530023
"13069",34505.1105963905,4062.56471214921
"13071",169283.185492653,34256.4882933133
"13073",10013014.2621269,2304912.92337297
"13075",54291.1860794128,7135.68757966631
"13077",2109345.34652002,295870.499652071
"13079",59564.4333662949,10312.1160207294
"13081",50860.6898618167,7002.25523285201
"13083",115958.44756852,23856.5362604155
"13085",396920.704725122,35858.587985033
"13087",135434.62256639,16795.9651748557
"13089",89377822.8116655,11367076.4447166
"13091",50987.9374777601,6548.42884283565
"13093",12420.7264091315,2383.79221026844
"13095",234019.232810637,41840.9456843516
"13097",2580255.36500998,718248.41147005
"13099",27759.5972215763,4065.72759875533
"13101",75938.012060518,18806.6433720631
"13103",184941.480272202,25154.2834543961
"13105",176280.030375028,36127.9040608399
"13107",118371.332676872,22106.7980659313
"13109",14568.1595807208,2325.81766534986
"13111",81279.5858067324,9443.51464367152
"13113",2869235.46082743,655095.34231095
"13115",931507.092616132,135254.02358106
"13117",3171326.76687928,334203.274001263
"13119",254540.85795091,32976.4310446021
"13121",58788915.0730471,10855143.6986893
"13123",113796.439135326,19890.8613960242
"13125",57903.7776565448,12198.3266427455
"13127",402277.325414138,59244.7070008716
"13129",188672.54058106,23635.165764184
"13131",135836.986392382,14223.0371453331
"13133",162155.84138592,35807.9420214587
"13135",32954440.6725464,3707430.20215418
"13137",162571.842373047,36205.7916458376
"13139",1158590.48586755,174319.829129726
"13141",44316.5077971629,8504.10631664168
"13143",94138.1067384914,29140.4630115013
"13145",96881.0075907148,13695.7541147047
"13147",289554.021046448,52869.551516733
"13149",101694.643594604,30251.4751334207
"13151",6743510.98050587,1014140.42363747
"13153",428935.726579746,73500.1401022218
"13155",7715.92368662003,1149.35163160895
"13157",1535216.97086975,303171.171495342
"13159",62694.5250021029,6707.15670282963
"13161",23462.0685892622,4825.70370339759
"13163",413528.479404736,95475.2690643601
"13165",162138.513910166,36221.4777134313
"13167",24353.6151299037,2444.89372433042
"13169",169045.671207409,18977.110891108
"13171",102600.843889929,18701.4842699996
"13173",101118.932567158,23113.6852831453
"13175",219418.277737892,24345.5899436181
"13177",46502.5588763079,12581.626162034
"13179",241771.368037472,40948.6960672413
"13181",212342.413058391,44361.9355089975
"13183",48587.9404137513,8323.56326286631
"13185",298952.001986525,52690.4664409323
"13187",54727.8597739245,5558.23499679121
"13189",937117.55825299,217427.66208717
"13191",69437.1757455156,10807.6368983232
"13193",24506.1696399167,7985.74597924174
"13195",1654520.19794354,385692.000285795
"13197",11458.3830706315,5127.35301118348
"13199",118185.927635072,34788.060043324
"13201",24524.3375972253,2336.15320290042
"13205",59836.710928728,7805.28472667456
"13207",118795.150483807,20880.6877218998
"13209",15374.3377702187,3312.78095668351
"13211",636804.952236164,150616.415682192
"13213",96624.7708318609,9643.45264901985
"13215",617874.044152227,163505.253347069
"13217",3731990.61662036,496386.491701463
"13219",6985031.05321119,1722731.1648856
"13221",1443823.31041491,346614.892826724
"13223",1520769.6307887,375712.128794634
"13225",87745.1131905795,21326.364350672
"13227",368769.536590479,49430.5335659013
"13229",31030.5958466901,2594.31319794415
"13231",109638.803869995,33648.8054392798
"13233",215759.532775313,48368.11131845
"13235",15256.7539186985,1810.9892647913
"13237",92327.8632401208,15395.6142452864
"13239",6865.37329163207,761.866158916887
"13241",43657.4729507044,4532.39635414762
"13243",25887.4747624602,8498.03871887499
"13245",16548930.3275774,3839700.25019068
"13247",3485734.27149222,548382.323553119
"13249",14371.2902939471,545.688543345187
"13251",124586.376455464,30631.6510564382
"13253",10542.7285486415,1733.68987156653
"13255",604401.111140598,114938.29018933
"13257",371938.646242757,71187.2078030349
"13259",44353.8312063701,6101.72412726436
"13261",62381.5011569679,9539.25783541867
"13263",19655.5892784921,11379.6864341245
"13265",11693.915943785,2728.44271672594
"13267",70594.7541779621,15711.7390866893
"13269",18258.9103993598,3415.88377795762
"13271",29018.761261603,6379.13588836732
"13273",14822.1929810829,1978.73343086476
"13275",321893.644812518,39609.175880298
"13277",175289.628254064,35234.1327562341
"13279",63713.7183450093,8836.50511433071
"13281",117853.37009551,26430.6583775245
"13283",18260.5453451834,6117.26971269405
"13285",266062.405903602,55154.7231787508
"13287",25789.4205064021,3610.37344119159
"13289",21616.6753514864,5924.19478859859
"13291",127432.680737434,32245.0946327768
"13293",51707.4200170797,10906.1988772165
"13295",107060.540609076,29767.9358425503
"13297",1264049.22533107,160661.22792626
"13299",54093.9461291568,6169.14366575634
"13301",280188.455292272,64485.2196419269
"13303",175616.458530559,39868.0758332871
"13305",56170.9629383798,7971.36394121286
"13307",2682.57705865077,545.688543345187
"13309",26449.5520226473,2979.59595079587
"13311",125968.159042403,28573.0596340353
"13313",508057.952897598,76309.1167649976
"13315",19610.691990603,7187.57040948365
"13317",153391.275479264,34596.3029334572
"13319",67163.6361556488,9115.68276336392
"13321",111635.432494085,21937.4062157741
"15001",923280.231116035,856.450660575933
"15003",28461571.8658708,32784.4615334141
"15005",42930.1851183496,0
"15007",170747.623725641,1.73264092536491
"15009",777280.298522528,603.97583960781
"16001",2945236.23529046,13083.781058372
"16003",2025.46880935659,0
"16005",493743.82026478,4024.0286457884
"16007",871.99424446777,0
"16009",37877.7692698051,933.267967630058
"16011",59632.5929616915,1463.13178502468
"16013",17735.0709624534,916.165566802897
"16015",15894.6507963221,0
"16017",213454.076302229,208.399048299334
"16019",235463.886997186,4421.85154641616
"16021",17781.8029380835,104.176124985488
"16023",404.914743912346,0
"16025",74.0608889018589,0
"16027",421348.139148888,2654.20566712647
"16029",18031.9467983105,524.873301624574
"16031",37473.7316396281,1283.18350204644
"16033",1449.97085429947,0
"16035",139688.47562208,0
"16037",2509.64632361566,0
"16039",26922.2936887507,0
"16041",24644.3865725036,699.831068832764
"16043",29772.1654099993,181.566060606061
"16045",17441.8602607003,0
"16047",3165.3214732923,104.176124985488
"16049",37393.5087059907,174.957767208191
"16051",31753.9936095127,904.675829877046
"16053",14404.0000516882,741.207799594706
"16055",1487543.5484851,3823.70543088317
"16057",4326017.75189776,2272.71060860278
"16059",26084.084025226,993.789987832078
"16061",15560.2378140362,0
"16063",711.114287056382,0
"16065",68425.618287808,1153.34448554154
"16067",3376.87145174508,0
"16069",570871.930026697,792.637823530167
"16071",2279.46497637598,0
"16073",4630.7479819596,0
"16075",15297.1178987887,0
"16077",13418.6566372339,174.957767208191
"16079",29464.5708349991,174.957767208191
"16081",7391.88993823298,0
"16083",20393.9942292545,0
"16085",6897.10843839772,0
"16087",6144.61446507362,0
"17001",56351.7021756687,4897.14791731539
"17003",9803.66683154097,3523.19709322709
"17005",44393.2427354893,2735.89824256498
"17007",191609.651576669,10694.18556331
"17009",9854.64358201477,528.610164458559
"17011",113061.404373337,8345.41267967381
"17013",29514.7729588803,160.741193678246
"17015",36237.3406754368,3626.00478311883
"17017",1005087.91444036,120975.096727389
"17019",28089122.8210492,157466.997489066
"17021",122254.47909607,1973.24613276027
"17023",46833.8293941973,276.58023960064
"17025",44823.7094646782,618.004284101087
"17027",136370.465523571,12790.2690594902
"17029",821839.157548822,10345.7333978148
"17031",440250972.529923,48681341.3976362
"17033",77502.9059971242,578.729551576225
"17035",136491.838750468,620.016940592914
"17037",687920.845114061,40874.8513049041
"17039",300516.441279042,11709.4338439801
"17041",1150383.86658436,3066.43469664599
"17043",25688781.2076628,2461487.79292411
"17045",187136.047163553,904.110269819529
"17047",17326.8141323317,1139.21068752255
"17049",94923.3639606282,1277.41171969828
"17051",60400.4693025038,1488.88088068697
"17053",667842.683652376,2658.6170302503
"17055",59154.5339692666,1297.74417917589
"17057",99195.504033284,7138.82430298174
"17059",2827.9918295512,137.8955929706
"17061",554918.827135338,61007.471269549
"17063",814380.126849141,94250.1397250055
"17065",3237.85379645009,182.019963225872
"17067",96470.6436673172,8687.80592266585
"17069",10370.9852404532,1845.10573689929
"17071",1952.13946562577,21.9430374769231
"17073",190726.36418116,14288.3618234508
"17075",368777.288007041,3307.34956084762
"17077",120929.897537184,5730.26433800826
"17079",26481.796353846,877.474992728513
"17081",43912.1037572168,1724.53950960274
"17083",543789.674805099,74906.4622788535
"17085",29970.2695195634,905.396899337186
"17087",29571.060017488,4630.70716692911
"17089",5631664.22451538,549168.234992375
"17091",1123182.84091376,99152.3037969096
"17093",1531177.84086136,136929.916620516
"17095",230211.831941006,17258.9552554535
"17097",19449413.1048007,2067693.25304885
"17099",536133.0473999,35179.305574053
"17101",36393.9958386104,4220.56752399681
"17103",150171.521471508,14725.5683423862
"17105",258144.298397631,8831.70644053293
"17107",137022.364267133,9451.70212250548
"17109",99087.6531904679,9216.68520014849
"17111",3510759.23931884,319291.423179622
"17113",1583482.49675976,51855.429200051
"17115",735496.43122815,34680.6547790155
"17117",1102005.56511346,132989.972858081
"17119",7607719.93200553,1075491.91287559
"17121",76225.6905603648,6585.66053952592
"17123",23853.4692958125,3163.09342363872
"17125",36678.5680303793,144.984906335404
"17127",3559.0286970275,0
"17129",79491.6936065804,3226.61321706126
"17131",133397.124443262,2938.09710787972
"17133",686749.492805554,69105.1743911413
"17135",83669.9746751014,6723.68395956021
"17137",699057.085501929,61424.8604731398
"17139",232159.072498201,5725.26344438569
"17141",209360.047513418,23719.5619240047
"17143",825244.758108721,64249.593609583
"17145",29470.0363803526,1133.38665661163
"17147",1534882.7604493,12432.4278875395
"17149",25348.0634688772,630.452715061138
"17151",1306.02950892935,9.33099035311796
"17153",23249.0803340618,1111.04761448805
"17155",7614.23681275768,147.351620608077
"17157",546783.001622138,62445.6596505837
"17159",31495.4016436439,1065.70642459838
"17161",869250.835491663,61720.7996025978
"17163",7253864.9998169,847311.23440052
"17165",36999.8275158608,4793.84121168371
"17167",1624955.11497727,47461.6855578381
"17169",13224.4263172427,107.160795785497
"17171",31762.7272869873,95.4665837911998
"17173",128115.851871542,1621.03527311371
"17175",6964.11816859,75.5234353696718
"17177",206215.918930388,19239.7136681531
"17179",544417.315848016,41513.5396061868
"17181",37549.7619122827,3787.16553725814
"17183",3053938.34534488,14517.377732797
"17185",17020.4781997638,3804.9698035887
"17187",50951.8998423772,3268.4706089616
"17189",29759.1610187415,1204.86855313939
"17191",24055.8628601897,223.777619208472
"17193",12773.3467995481,557.563896302806
"17195",241562.065930608,24874.5713471546
"17197",13105973.4329824,1311606.9360077
"17199",84117.7086067106,5269.82280834805
"17201",1315070.763603,101081.263361257
"17203",167944.504898027,11330.7455212798
"18001",234662.648034617,16358.2088711547
"18003",2833293.1057734,839514.426609598
"18005",1325662.12430697,60964.3543674044
"18007",593615.080805362,35664.7979558784
"18009",55768.5250876597,3176.90838902478
"18011",3341720.72581764,217676.010913518
"18013",929781.629746186,14889.1711050622
"18015",778141.463900664,44992.7584852189
"18017",227824.339509902,17159.0199921215
"18019",2054894.30817496,333634.448873479
"18021",189866.363298406,12305.2020213755
"18023",669961.669265993,42230.003590709
"18025",161993.738459942,15847.255600328
"18027",432991.816095535,9987.3858830739
"18029",1895208.58867499,74034.4586738971
"18031",247888.525539978,15367.8296044108
"18033",96446.0449074145,5586.11478073922
"18035",1476472.6229516,71275.0332176411
"18037",198435.994731931,9298.32499905086
"18039",922673.75791262,50764.7614144727
"18041",207340.835929968,10955.633936196
"18043",1640101.74657816,476944.166989946
"18045",425831.075469047,27810.6696740654
"18047",585642.500097478,24766.2726659642
"18049",106105.902369429,5427.84058342515
"18051",114777.809082265,7391.09105661802
"18053",375124.359061465,21660.8112273144
"18055",1600295.84366015,22127.5599486945
"18057",14964532.2221347,1016712.96476593
"18059",3180197.45962838,229440.985066933
"18061",627031.148662036,88733.3122331897
"18063",9236067.19290001,589118.591960338
"18065",417486.580692413,23599.0705170511
"18067",750268.172225719,47322.0073734336
"18069",242232.022046934,15527.1252058881
"18071",727453.271484495,32552.0837282403
"18073",243292.385110991,14693.0966879431
"18075",155213.478535546,6920.01707412326
"18077",241893.287157434,14568.7052099061
"18079",238838.745109013,16125.8629102784
"18081",7318485.35044827,484007.94523151
"18083",370415.654209111,10829.4363108789
"18085",496171.427024325,12915.6885226219
"18087",116080.683358241,8193.91277148466
"18089",11027696.7827104,1161379.19839981
"18091",1038473.76072931,74376.4874988625
"18093",1211771.12687567,25242.9124927975
"18095",1716299.32283518,113693.845912863
"18097",62353868.1201177,4228918.67121589
"18099",250803.71169806,10568.4264421669
"18101",31494.1310619065,2073.74364525998
"18103",247902.158777427,15414.1337760522
"18105",16380506.4491204,211085.988681298
"18107",600469.490813794,36935.798695724
"18109",2674878.24538197,177067.760424851
"18111",156832.39181951,8084.96705749225
"18113",143640.652269103,8158.50621283818
"18115",200055.992734558,6964.13681256156
"18117",261869.828222306,12800.0107857371
"18119",1382231.80796301,24641.0069904938
"18121",229305.233158997,10529.1689761298
"18123",151035.109924675,5092.52808938211
"18125",42629.1797516741,4482.56145556592
"18127",2646203.57531227,265218.467686254
"18129",114070.448439003,5685.00693514922
"18131",85066.4881910904,4782.79974309838
"18133",569452.681269187,34264.375838881
"18135",213197.511537041,13640.9255311804
"18137",338751.468778951,15875.316842541
"18139",135245.055120028,9071.99376455633
"18141",11062798.6159802,434819.967487725
"18143",143142.607739318,15467.0138521702
"18145",947751.855993255,65134.6457665823
"18147",55226.8368532825,4110.93105690458
"18149",118820.744767315,7415.67249709842
"18151",88287.4918889777,5906.8295987731
"18153",167863.333814049,6161.55501618745
"18155",98738.5102911228,2965.94052466137
"18157",23289985.8459342,1447009.05809372
"18159",149910.797613016,9977.58660424743
"18161",151830.307923307,4564.20221292203
"18163",947476.530251769,59550.0058347352
"18165",79259.5454101574,3973.44792607596
"18167",928673.571943034,38433.6621229377
"18169",257703.82355888,15438.0749606335
"18171",512883.29306343,32634.8519481059
"18173",399066.688135292,24190.3213240811
"18175",298879.901882097,22290.6738810685
"18177",585862.311725633,36588.8394865346
"18179",139298.377407701,9963.52721330795
"18181",884853.998243885,53804.1947724798
"18183",212222.055031969,13456.9881940449
"19001",24243.1387278525,1263.89815366258
"19003",31051.0288603758,1263.89815366258
"19005",115669.396054048,4081.60183478709
"19007",55261.8812661184,2106.49692277096
"19009",16307.0965239196,249.508492119974
"19011",711992.32182002,37406.7903352167
"19013",505859.846933154,18705.7393299348
"19015",637653.165873604,7811.84970461584
"19017",157467.578674527,5228.25171195038
"19019",167871.509005061,7507.43932559003
"19021",32579.2382325072,204.173197188549
"19023",70088.6431600436,2020.44020694755
"19025",22228.7385007876,194.842206835431
"19027",80791.6112681655,2370.63814410514
"19029",144613.503692967,7217.18103386489
"19031",2259662.15967533,124472.11435564
"19033",210036.866604837,4220.92306809437
"19035",17337.6317232191,970.505279273293
"19037",86824.1254903157,2790.48232996669
"19039",58809.3716729775,2918.10941258196
"19041",14451.5308597194,0
"19043",156085.740732527,6138.36984290112
"19045",399318.651600072,19796.2583301447
"19047",207462.975871046,14174.8407160445
"19049",521736.64694234,14761.795646258
"19051",45887.8017661436,2527.79630732516
"19053",89226.3770300517,3803.23374028305
"19055",108068.396856122,5383.49013094798
"19057",395077.574880913,22019.4318130288
"19059",83225.2198708131,1059.74966957993
"19061",867478.550039595,44008.1636320226
"19063",21923.3596606759,149.506911904006
"19065",77494.0958808177,2396.40429657032
"19067",48477.2405356047,1913.05072827867
"19069",67673.188727237,1586.20399075566
"19071",100186.814259807,6175.81072004831
"19073",176302.207311362,11514.2477026375
"19075",105674.402092385,3733.3233781749
"19077",47431.2415840392,3700.33072738802
"19079",116068.773880564,1291.89112472193
"19081",118628.890129731,1794.08294284807
"19083",110715.455436689,1007.35261611613
"19085",112398.53487661,4476.93076275403
"19087",640225.644553246,34448.1025256511
"19089",65478.5920145898,2011.43271318261
"19091",32899.3129624109,0
"19093",11311.5151821442,485.296660191854
"19095",2392695.56907771,131019.295852452
"19097",88957.6606121713,4772.18882306672
"19099",194940.869818221,8527.63272608122
"19101",63214.1140890167,3689.34163677398
"19103",61046761.6888208,3362049.77434361
"19105",446237.65355423,22944.9814331559
"19107",110750.581529864,5699.41983905051
"19109",59659.0368351049,1635.46862355984
"19111",266198.555026451,13668.5170479118
"19113",7944794.9262858,426389.164725069
"19115",448329.085752089,24809.9385860035
"19117",41244.4595783191,2244.39251574157
"19119",21597.3501890847,222.527839846006
"19121",75757.3369219806,2106.49692277096
"19123",152990.38217124,8294.3270442963
"19125",142682.692726965,8452.5657799899
"19127",255922.076674197,6673.34322006505
"19129",166692.546788335,8554.71791187445
"19131",84837.4381606442,2813.63355798718
"19133",30423.991552121,672.25257079269
"19135",38293.212537257,1966.97024857838
"19137",45811.3619272243,3078.7377015724
"19139",2256061.19117053,123347.243297764
"19141",13223.1466001394,298.913910188733
"19143",3510.26570986952,161.638738900204
"19145",206581.392015009,18042.5723063308
"19147",12156.8082246174,208.243320325883
"19149",69449.7909077689,2180.18527096468
"19151",20692.3960975922,313.198429708856
"19153",2632505.64243106,69949.3830133137
"19155",1712028.19904704,92216.8033835093
"19157",249748.429725872,13561.4389181263
"19159",31347.9656951558,1263.89815366258
"19161",12956.2331040279,666.637839917555
"19163",1690648.3785974,89464.4642156228
"19165",41951.9986931428,1370.58788082424
"19167",88006.8987943839,1417.39998819054
"19169",3872161.06287644,15124.6839651051
"19171",158656.57777182,7018.39129961395
"19173",23707.2651066993,1263.89815366258
"19175",103121.321342008,4929.23630097503
"19177",24536.0224604357,1727.46691940565
"19179",117505.53362338,5056.15057492438
"19181",272235.614713775,10183.1901560634
"19183",3583439.99707589,196955.055907134
"19185",42645.1374566746,1450.83489584022
"19187",117217.370866993,3397.51651397209
"19189",44903.3433206792,1467.84776788223
"19191",116317.919357583,2831.52391879188
"19193",295394.462661765,14522.9099249137
"19195",51564.6979173924,1889.14715243643
"19197",30445.525218224,648.576210467222
"20001",9704.99769220062,316.375954819864
"20003",140.749470728199,0
"20005",204824.050618775,7027.59880986159
"20007",13950.4970868876,1453.91779480716
"20009",516907.7309412,60750.3439206216
"20011",72043.0965776903,1944.39070416028
"20013",139210.230060488,3390.28078826268
"20015",160110.508520163,8291.87112664105
"20017",38256.963059923,1581.87977409932
"20019",131.034977735619,0
"20021",30315.0549643341,2743.85440585008
"20023",4229.76736357004,0
"20025",60181.5251404298,1311.63879452055
"20027",30285.9141891711,212.274122794843
"20029",24774.4809108044,316.375954819864
"20031",44180.5524756497,1898.25572891918
"20033",4062.87517666126,0
"20035",107304.308750498,3967.23983128906
"20037",39218.2259038254,1477.7779420743
"20039",5034.51645055903,316.375954819864
"20041",111451.203568803,2629.50759595564
"20043",12341.0269539411,316.375954819864
"20045",6802015.12040723,404729.458057033
"20047",6251.11796753015,0
"20049",266.804418494197,0
"20051",108712.610195599,1628.01474934041
"20053",29619.2463882974,4155.94900286682
"20055",50441.3535290903,2352.38253986622
"20057",92131.9641882352,2166.91854400628
"20059",116554.010877215,4065.17427292546
"20061",268460.34281919,3105.79269141471
"20063",372.552340469347,0
"20065",10568.4324188882,0
"20067",19880.3429992096,1183.61751185323
"20069",2752.11982059259,19.3248483061928
"20071",0,0
"20073",788.863903276462,0
"20075",15.6486758545937,1.73264092536491
"20077",4368.65940078406,0
"20079",164641.844223575,4423.93872618446
"20081",517.853257189892,0
"20083",9848.2723384082,632.751909639727
"20085",19372.3833384973,632.751909639727
"20087",310361.221400973,13063.6840980966
"20089",10695.8123573371,0
"20091",28495361.3614183,777174.817062523
"20093",272.007086547474,0
"20095",7007.09134401802,19.3248483061928
"20097",13670.3483161417,632.751909639727
"20099",21104.3008965711,2333.66115436394
"20101",9.71449299258038,0
"20103",626857.941147507,23024.8024736146
"20105",4103.4521357166,0
"20107",610.238576413897,94.1272949152543
"20109",13818.181021848,632.751909639727
"20111",153702.367260692,7021.33361987796
"20113",105581.686599887,2381.83670397152
"20115",28363.8726010723,1265.50381927945
"20117",25380.137070738,316.375954819864
"20119",9.71449299258038,0
"20121",565317.562215203,14772.1369163764
"20123",75805.2398178759,1840.28887213526
"20125",45285.8934750873,3670.91643590117
"20127",44179.2312497113,632.751909639727
"20129",5858.32235186299,0
"20131",57036.4835756866,4278.22005517944
"20133",17964.3383949075,632.751909639727
"20135",59940.7734327977,1311.63879452055
"20137",6329.75485091313,0
"20139",186026.639219178,6704.38727642841
"20141",2274.65520195874,0
"20143",26489.3869034618,634.484550565092
"20145",128901.03544363,2939.65354386096
"20147",2977.91586553792,0
"20149",656420.511299274,8648.77798058869
"20151",7535.91959279825,234.48964739364
"20153",2182.643548212,0
"20155",127483.831210607,2156.66482695512
"20157",19472.3822018952,316.375954819864
"20159",320.559130035759,0
"20161",2640095.32616487,7819.54415574077
"20163",5325.65350617736,0
"20165",2259.72817365627,0
"20167",22000.4156860882,632.751909639727
"20169",270081.491826907,5537.78460545188
"20171",2316.23945463453,1.73264092536491
"20173",1408132.61309065,47447.7622748557
"20175",10938.1978503141,316.375954819864
"20177",1295086.19385147,45192.0373459953
"20179",2487.69870781037,0
"20181",8672.64698223026,0
"20183",6637.60110894907,0
"20185",64940.1111066116,1311.63879452055
"20187",1062.62957210847,0
"20189",378.634238400929,0
"20191",36986.1605739877,1373.67611004928
"20193",6689.25183675589,0
"20195",2351.97705245824,0
"20197",18853.5586195243,316.375954819864
"20199",0,0
"20201",20656.13413471,0
"20203",55.8346432227126,0
"20205",5490.05637305292,316.375954819864
"20207",2555.01679924886,0
"20209",3324976.64372414,75846.7161498356
"21001",129395.434579272,16187.7252218586
"21003",112340.702528164,22158.7318928713
"21005",596951.699288198,285069.55336309
"21007",34940.7593775181,5206.2203936921
"21009",274883.738547241,52762.3808644837
"21011",262461.503826403,30272.0956958088
"21013",185191.110584315,22289.263780535
"21015",4480518.37269583,212335.278374422
"21017",585137.947661943,71606.1503314182
"21019",268371.316974107,29939.3112065471
"21021",706521.111634063,85077.983638809
"21023",63923.5928525076,6309.70315007411
"21025",13225.5906535878,783.470095137647
"21027",151308.380902151,22558.0593410444
"21029",1643565.32382326,274492.465376566
"21031",98415.3060082676,16817.6874804824
"21033",11110.1703601311,1776.75459695509
"21035",124003.046915148,15480.6542823697
"21037",5754247.52061878,241046.018818554
"21039",14436.4258581785,2956.24358299213
"21041",63626.1467648161,5226.94453203429
"21043",43830.6632537731,5239.15875484855
"21045",46094.8377698375,5513.30397924345
"21047",529727.470299343,45037.7279170633
"21049",1290472.18040289,155540.737503466
"21051",251526.443821646,30761.9023149225
"21053",45396.384539729,5702.28422695481
"21055",30471.404590609,4329.26390497347
"21057",54971.9929270669,6730.93774603542
"21059",239351.99680079,40634.5536961965
"21061",134637.887899905,24893.6505221465
"21063",48935.04945771,6063.38462728012
"21065",241585.690716179,28819.2828333468
"21067",39175062.168592,4890121.53922593
"21069",210856.448422378,23884.0980829246
"21071",109360.247825077,10959.7392466821
"21073",963089.291185843,117811.342938038
"21075",7813.93680778863,1453.07561103528
"21077",115557.134762254,9940.04027554035
"21079",484546.550607433,55525.039714242
"21081",264431.409687166,18475.6979819114
"21083",179375.366719983,18413.8927650912
"21085",156145.442543139,21660.289527913
"21087",97650.8772402811,14061.5717699494
"21089",187166.086978169,21237.3816732876
"21091",9507.06431197414,511.193694424372
"21093",698934.672704538,117521.439075102
"21095",117326.164896089,14184.1215141601
"21097",227328.621917855,26454.7400718728
"21099",281777.290180675,36038.6121953751
"21101",117247.840234417,16476.13113543
"21103",239885.061854819,29628.7880832746
"21105",2458.55858263657,137.8955929706
"21107",216217.883243518,24549.9339126042
"21109",89864.8271559331,10648.6474630642
"21111",32102758.4330751,6079715.61163241
"21113",3344181.05580373,391204.503719841
"21115",73284.2619990022,8725.54649304616
"21117",7573637.0272836,340187.4152325
"21119",46406.3284257136,5324.32373153208
"21121",94513.1588613986,11387.7083588122
"21123",225642.54124461,31059.8422589208
"21125",640837.547231905,77130.1689001959
"21127",81659.0559064214,10203.6682845422
"21129",44621.4745142427,5324.32373153208
"21131",73871.7353805681,8978.45445170482
"21133",46576.1832598784,5324.32373153208
"21135",74387.3774320624,7085.73492003339
"21137",286959.564272585,33809.8284846533
"21139",10451.3668000782,1667.10203920743
"21141",269884.595640066,31811.0590970103
"21143",47747.1560096471,2169.20913321357
"21145",267794.858823981,26328.2398796685
"21147",107239.280263792,12244.2635828753
"21149",23264.8306849803,3418.08285661149
"21151",3074735.52606714,367309.46276476
"21153",47449.2757691957,5324.32373153208
"21155",140329.41720322,17524.3334374438
"21157",55696.6440606106,5345.73465684604
"21159",27567.9489635907,3883.21281256537
"21161",315093.378231532,33677.7709404094
"21163",338083.7723355,51510.2554024002
"21165",80529.8042169244,8964.77662554822
"21167",347337.746461574,41727.6952019667
"21169",63071.2281009684,6872.00894304967
"21171",55782.9955210956,8612.92031017807
"21173",795918.79580785,89116.0029921848
"21175",30520.9641007252,2982.44402401895
"21177",125634.481223265,14028.8308857311
"21179",590014.761666437,93464.7412646706
"21181",141550.670091432,16712.0320903443
"21183",74833.3482988153,9548.94907135211
"21185",2249133.51760674,374522.72625795
"21187",64963.6763317904,5909.21919042826
"21189",5922.59842630866,52.5680420642649
"21191",292209.895814002,15126.0108328409
"21193",118447.692059087,13535.9535370975
"21195",361815.578842139,24698.5176876424
"21197",150799.82327435,17976.3965629878
"21199",235839.874730598,28963.2969976433
"21201",4593.79119300334,252.907958658661
"21203",67227.3900070924,7986.48559729813
"21205",548843.640916979,63520.2621175824
"21207",27276.9587269945,3590.20300922544
"21209",2211658.14039896,251320.551422774
"21211",728207.995355687,117921.645778886
"21213",165971.595585827,27842.5832724292
"21215",280351.458502371,45401.6240758752
"21217",68272.333658829,8364.44609272085
"21219",77037.7436845352,5432.19963705221
"21221",66639.8637155928,4203.05643246187
"21223",35065.8172498375,3401.22276151407
"21225",27623.7861873853,2876.91589302842
"21227",903959.783728532,561420.921321145
"21229",65434.1644140795,6819.56003568168
"21231",122746.634262888,15322.3635931609
"21233",10834.1691238083,1020.83360610964
"21235",79684.0386288342,9528.53509974149
"21237",1250.88875561764,0
"21239",2125429.62450444,255673.837517808
"22001",186127.589413278,20264.7199487905
"22003",61894.5767526409,2286.32338033202
"22005",1401989.19976698,130985.840971234
"22007",113424.702588784,21931.9127656483
"22009",53402.986593654,3390.06954269797
"22011",40565.8453858933,3327.24854250895
"22013",66256.0165726162,4094.26755014016
"22015",1507161.33496027,11882.4859490104
"22017",5403286.20781271,45837.2801494986
"22019",291885.58220394,49708.6729519386
"22021",13304.9430806951,1286.13616335455
"22023",2531.2698908489,213.35037443196
"22025",15012.7433320001,807.141970519148
"22027",61846.1607947893,2996.29261479239
"22029",9810.25203113504,562.507514446427
"22031",198584.012370829,3826.52736713433
"22033",11925937.7155103,1621089.82856452
"22035",9752.77985048145,1131.40611442001
"22037",127252.319607967,8975.95318860911
"22039",92935.6000027372,19784.6571128365
"22041",20705.7333214001,2641.39521577486
"22043",18571.1731348798,1769.35453217546
"22045",124828.598095776,21041.2887085707
"22047",375122.980161335,38211.5900156354
"22049",22398.8394681977,1272.79836430861
"22051",14300191.990593,3527352.8152814
"22053",31682.0379408276,2213.15861854828
"22055",793066.77248329,78915.77915306
"22057",467804.812252469,104852.381490132
"22059",15954.768941591,2070.66533028651
"22061",68476.4174901059,8864.20301567148
"22063",1337103.26767968,141741.538086529
"22065",7641.9552059538,943.643110735935
"22067",25196.9423471893,2347.86108792249
"22069",109525.108233025,8665.47259481419
"22071",29464328.6505169,7803460.72989254
"22073",291386.528044546,19599.148946706
"22075",199948.938625417,42591.9236947312
"22077",178805.01053893,13759.7495084537
"22079",247676.673254333,67028.5630060377
"22081",30340.7926164276,3061.772848637
"22083",33208.3362243606,1662.65454391168
"22085",35632.2343142433,2370.75215929907
"22087",813494.400584033,181979.722158144
"22089",808545.297407821,187386.016321477
"22091",20917.0692283131,4572.0714870991
"22093",91175.8720156851,18679.3074360266
"22095",601419.397405068,143090.180808662
"22097",221430.174647775,34142.3727961005
"22099",196227.666434306,35452.0852586428
"22101",126668.870880046,14306.3244900576
"22103",3586778.90633403,881561.6504475
"22105",620323.081940346,139368.444379175
"22107",5972.21623315937,672.090668005728
"22109",206414.915770022,43038.2462307136
"22111",25925.3392400498,3148.70093905156
"22113",135581.205472906,26664.3393184687
"22115",56869.0949638862,7821.88178851822
"22117",764142.836015813,210223.648734645
"22119",269947.58426858,7801.16999128192
"22121",409443.379889278,51083.5595022425
"22123",4975.92935318411,659.644169948927
"22125",94136.3517999852,15001.3714355756
"22127",20541.9817923362,2966.59364334445
"23001",1070127.37155484,37960.4246813936
"23003",260609.04617882,5749.79809375636
"23005",9657815.14313128,104543.897080025
"23007",385921.888373251,4808.5100243436
"23009",44815915.3004346,640515.375626208
"23011",1104408.02656923,39245.5725537835
"23013",512793.54910368,7617.11895896672
"23015",491005.500429588,9036.53428080843
"23017",451929.921503377,8234.89017149437
"23019",5476969.44575014,67257.2071433181
"23021",327606.622466078,4462.42432242809
"23023",352027.726247569,6628.12717480427
"23025",484275.361133755,6219.2564788143
"23027",732845.072312239,9713.59794396598
"23029",2309934.49912135,32872.8764860508
"23031",3944435.98812359,39240.194402964
"24001",390982.699174337,17665.2580086495
"24003",32325293.7689153,1828825.78324671
"24005",176734490.805507,10745211.8843733
"24009",1743105.6939289,123527.728748346
"24011",607032.087678872,35003.1987413339
"24013",8276959.85749451,429632.002024462
"24015",4530778.98857805,186289.057481278
"24017",3399411.49538158,466297.005724679
"24019",2149812.56768089,145710.059246006
"24021",7343075.06715849,413211.888002226
"24023",341374.581581521,21427.5430574373
"24025",18952366.9034163,1091209.69468043
"24027",41883799.2817858,2058919.62546178
"24029",460147.044356714,25869.5814227985
"24031",46232004.418131,3620788.35161518
"24033",38335588.9108091,5403980.03588552
"24035",773404.06289075,37425.6869836246
"24037",1335445.14393312,99259.9540695562
"24039",445961.920668883,19490.4407906464
"24041",580286.858377942,25042.0851552274
"24043",1917628.47571793,134584.663546644
"24045",1987929.90177044,122169.470595252
"24047",289415.201600895,9647.05221766929
"24510",175649163.489457,10786559.6315264
"25001",11664965.3522632,459104.633325339
"25003",3735012.68391604,155906.133626235
"25005",42014192.2180894,2056449.5353617
"25007",541848.742664928,29320.1175346138
"25009",97323178.4576812,4724756.91587656
"25011",5094926.98655478,117584.457843349
"25013",16971802.7694981,705202.383008912
"25015",12667446.2876621,199003.523830113
"25017",492497228.358739,27910322.7585764
"25019",398381.367295611,16386.5225480357
"25021",250704343.301377,13940139.8535873
"25023",71664685.7984035,3806947.77694514
"25025",394763535.78131,23002156.4091779
"25027",98735402.1730615,3732343.95828735
"26001",52983.1611447411,6995.4677754338
"26003",47785.7698711769,5687.70919993648
"26005",1229574.52580128,54717.5387227058
"26007",74638.7648721998,9168.82721437731
"26009",78734.4120526985,9655.20346692079
"26011",39102.2584210548,5768.73445755777
"26013",60339.3619318185,1419.3145503489
"26015",638487.942141659,30676.0844330418
"26017",434459.236500697,63171.5563387315
"26019",60098.704539669,7319.25005547922
"26021",1640871.14144569,125196.911256449
"26023",235471.386450903,22740.4148544473
"26025",876192.166600411,76936.1161103022
"26027",654941.672876025,31813.6099370234
"26029",85515.9148489419,11614.1893117978
"26031",82093.0214912649,8054.66922099831
"26033",111792.404798582,11762.9262534658
"26035",277501.622156798,53199.5917328819
"26037",3734317.39073191,173597.783071818
"26039",19113.9555123491,2277.85963927931
"26041",124656.451930737,13098.851363231
"26043",113246.995670086,8094.90892474961
"26045",6345133.83872755,300645.818391358
"26047",108892.595427215,14762.6629122374
"26049",11220031.3906381,1196497.43108264
"26051",65870.0395480259,12061.5411735321
"26053",24067.6577660352,1401.77392966439
"26055",254763.635650083,28948.7654068523
"26057",243390.45538877,66397.3305734352
"26059",2417212.96826368,292959.960521843
"26061",1707138.51644353,14818.1871330824
"26063",197344.287321438,19551.0865893718
"26065",28459606.3790075,1402830.35102033
"26067",946882.088087006,47328.0330835237
"26069",151741.763420777,17095.4562410238
"26071",36580.8854864414,3544.74156480043
"26073",754969.731385873,454234.801226976
"26075",7197511.98142075,811821.89124743
"26077",3125332.13489722,190623.689913508
"26079",53946.5993196981,7008.86964832195
"26081",18202608.9706821,434086.03371937
"26083",32325.2386457634,0
"26085",62177.9431990603,7672.22583181942
"26087",545860.621973793,47574.8237251567
"26089",74818.8515033672,7413.09705238834
"26091",4610888.4352281,548646.522959136
"26093",23913254.2371885,2898419.30594398
"26095",3679.10936072164,132.116044838548
"26097",31294.3998136926,3544.74156480043
"26099",11495907.7434452,994744.482161053
"26101",77556.3841360786,15172.8540998385
"26103",252327.963992766,23961.4373970939
"26105",198788.690159357,20451.8082857484
"26107",308072.724608724,37922.695651858
"26109",113415.846084356,11423.7391466876
"26111",511457.441272505,93999.6106878931
"26113",26466.0582102705,3013.14151189401
"26115",8082184.0315147,903784.139303445
"26117",733070.420383048,40982.4363028351
"26119",42780.2558050871,4856.0085313701
"26121",1109086.74445339,74327.2347773228
"26123",440331.591105275,24019.6138657745
"26125",42231786.3809164,4238562.30523246
"26127",229711.019248786,14803.1345803954
"26129",131253.17745014,16211.8277068452
"26131",61477.8614802536,5687.70919993648
"26133",107982.010542605,11518.3098503243
"26135",38496.9460594241,2722.55258955551
"26137",95819.0398743159,12035.9986240657
"26139",3866920.50667372,114800.502668983
"26141",28256.0331407941,3475.68717978563
"26143",84208.2355852965,13328.0481547319
"26145",1043763.14705841,113972.914443618
"26147",1143690.26484949,111514.345085319
"26149",333905.546101201,25761.053793966
"26151",204112.276285335,18586.3769776457
"26153",33167.5874196888,3608.66927574773
"26155",2235932.84110426,231520.766192102
"26157",278552.866076692,29064.5599520877
"26159",623317.839826161,43192.1787010192
"26161",184290777.613587,23287785.3839062
"26163",74599944.8332023,8003582.37698198
"26165",132287.909983046,16152.7404315194
"27001",55815.2614381326,1725.56799879277
"27003",13182040.1770894,522593.283664683
"27005",160399.585906942,3251.96250405845
"27007",135585.690660481,3629.78130980245
"27009",218040.003221619,10547.8597721408
"27011",16007.0030142877,464.493619574815
"27013",1428949.91837178,44102.9512010087
"27015",108110.327530419,4892.06315881963
"27017",210221.804292337,6492.19561905722
"27019",2148595.52295568,84353.5858572678
"27021",52007.7264577072,1398.1922589231
"27023",61056.4692095509,1935.04021135715
"27025",1111548.93620372,40290.1438942682
"27027",814563.952690795,7312.18741699015
"27029",20522.6625567374,324.941562233431
"27031",16248.9685525259,440.49013011329
"27033",136328.442272557,3847.11500884517
"27035",260615.92852824,10907.9814868106
"27037",14114116.8541988,624438.957513284
"27039",7593825.40875588,218652.891639888
"27041",110682.279798472,4949.25919448371
"27043",123654.73045152,9930.40975857733
"27045",4842317.67358456,138340.114338853
"27047",1607914.46062012,46684.6676660175
"27049",5079967.17249063,152182.114829669
"27051",32729.8072484374,878.308576234955
"27053",87398245.896477,3404068.80823825
"27055",414645.011881375,13335.3708949224
"27057",67363.6314983071,1795.40893580496
"27059",458396.859535253,16449.0373823138
"27061",93208.7515602377,2463.46076157528
"27063",108749.18705291,2867.33363953773
"27065",90028.5484410714,2625.3082941169
"27067",163215.133255734,6256.76373988387
"27069",30338.1764301427,761.847840682788
"27071",27734.0182913926,820.584249104665
"27073",12820.8165315946,253.578615257308
"27075",49807.3926266477,866.931625327677
"27077",14247.4763777736,462.834016874777
"27079",604063.094396589,17874.4658096611
"27081",36631.6028586641,565.993552555771
"27083",121293.940619837,3729.50631827761
"27085",225186.666044026,7511.01176052804
"27087",16107.6534449937,416.486640651765
"27089",55538.1114903461,1863.7200868001
"27091",153287.111302222,4250.20053600648
"27093",138471.996140253,4260.72617092752
"27095",121256.667987695,3460.0142163458
"27097",50662.7220106217,2175.19884408445
"27099",4550978.07254679,130592.754603147
"27101",72149.9737318699,1956.89105462325
"27103",691460.957354441,21412.4347595125
"27105",197596.369408359,5434.07393133926
"27107",20856.0172479876,435.220953711543
"27109",103791955.311798,2995166.6863753
"27111",272384.874413813,18877.6780467315
"27113",48649.7686307574,1251.64690459623
"27115",186907.341310135,6521.66027286879
"27117",95815.3836165302,1970.2921681137
"27119",513002.115812392,16520.60051476
"27121",60588.3206557965,1903.0061162969
"27123",40039405.5528387,1853380.95406354
"27125",15160.0510937182,370.779009784094
"27127",119180.721307684,4319.08256877458
"27129",88811.1875090646,2931.37745583833
"27131",1366044.04726741,49677.2284563125
"27133",183927.562382151,4284.64150534097
"27135",56905.2325120474,1733.86325065535
"27137",1544126.87315363,36738.5800202095
"27139",3151285.50812825,144051.440958259
"27141",1327450.96153388,49458.8616754514
"27143",61229.0435581535,2001.06253977383
"27145",776466.084622528,32944.2135676941
"27147",1555455.04968626,45284.9346025171
"27149",40288.0390396446,833.155938996482
"27151",36766.994009065,912.266920259102
"27153",65917.99376932,2890.75332384665
"27155",7076.67371110814,208.243320325883
"27157",5203834.99930951,150008.096319842
"27159",71336.0324305429,2462.4254960441
"27161",377242.03014262,11678.0253757728
"27163",9662271.41728945,436243.949164122
"27165",81111.4413819593,2325.24366282421
"27167",18527.6723958442,440.49013011329
"27169",3927961.08220727,115540.707236715
"27171",2031057.02430781,66479.2324111801
"27173",70911.7274396893,2292.06131160697
"28001",91136.5407741693,8194.91081677101
"28003",55596.5061201467,7088.89277941878
"28005",23657.5910056738,1034.25791013024
"28007",92468.9035153154,7978.10504807798
"28009",71037.2122190681,4349.1762897792
"28011",103826.462035636,11414.5373892851
"28013",94320.3550284673,11901.7769934136
"28015",25766.0925465279,2676.03718401604
"28017",26592.9350192082,2745.17758712819
"28019",66950.7123694385,3311.12974364794
"28021",32840.282671228,1799.53328153743
"28023",26436.2871979825,1563.98013473928
"28025",93926.5057341445,6055.71139044026
"28027",101479.454522526,5499.18731568261
"28029",345183.346178702,20422.8484232672
"28031",49163.6659293914,1598.40585141752
"28033",7095672.22861215,148359.479390828
"28035",484026.57254682,29427.5491675106
"28037",27431.0134057296,977.786851070186
"28039",65858.7799518745,7315.9457551083
"28041",19425.3049685039,713.286232487042
"28043",124578.147304464,10750.22608941
"28045",129608.183472564,12872.3361016339
"28047",414905.142125947,54062.1397793897
"28049",7012786.86836381,379786.144265595
"28051",101427.506053065,6076.36602707093
"28053",14821.943819539,1763.84942848115
"28055",2745.03999342327,161.762945405617
"28057",26527.3397752193,3186.76103473035
"28059",292758.735122304,35527.1252200761
"28061",47356.9438046733,2608.95611998848
"28063",17777.6127783663,902.942021943337
"28065",44405.1434614752,2543.40014614983
"28067",140571.19574208,11531.515817802
"28069",18500.4055009912,1173.83860483655
"28071",1851546.10868269,455329.792341384
"28073",291925.776441435,20372.1122982081
"28075",172567.830603183,15056.8629670796
"28077",40062.0726848733,1873.20295269223
"28079",134971.909939351,7581.67793782105
"28081",212090.327661816,25554.2263192222
"28083",71639.6923466826,8084.35261625738
"28085",158287.636962508,12467.1370690411
"28087",171404.226216568,10012.6479727905
"28089",3310877.66034125,202637.323698177
"28091",59236.3914034018,6341.78226151142
"28093",224537.78800186,19043.5609183445
"28095",63865.3472002902,5413.20490131997
"28097",44822.8540555874,2956.68667708654
"28099",87822.9993730609,7806.14107208429
"28101",49001.1040087283,3988.10479167571
"28103",23990.6433019063,757.559411440702
"28105",782786.989294748,11217.1751799531
"28107",202163.413234972,33913.2435162616
"28109",152231.758110698,17351.0682458882
"28111",28200.8624495667,659.980862150111
"28113",108108.926376566,5997.54294730132
"28115",90083.8941079306,9405.78113963296
"28117",39961.316435151,2920.16550356849
"28119",28766.9497902096,2171.24595085679
"28121",4150058.57318037,243222.779199747
"28123",166490.839532247,9237.23909333732
"28125",13992.4408776219,1077.24751984733
"28127",231115.427710338,12987.8504257708
"28129",76891.8244261506,5522.40818467988
"28131",45298.4940995266,2542.76985403847
"28133",59132.9476406012,8023.75403404562
"28135",31951.1968640251,4435.01415599808
"28137",426810.226780544,16339.2438187361
"28139",90456.6375065394,5162.64366831699
"28141",39014.1991288317,3878.37703770941
"28143",71042.6840025712,5319.71781858762
"28145",78681.7166020879,9834.35350226346
"28147",25220.7725479742,1443.54270986513
"28149",244160.040585307,13871.7029360489
"28151",204911.11662253,47644.4136343144
"28153",51288.9122722292,2642.47328806123
"28155",72785.1567724596,3066.88198363283
"28157",44084.9410555298,3006.45261089733
"28159",62100.1607472499,3313.04607842631
"28161",122060.847040476,24683.3098427651
"28163",208931.429238043,11953.2400989917
"29001",74939.0606874106,18494.0110647934
"29003",94126.9660043464,8358.03298097473
"29005",12046.7967552919,3523.19709322709
"29007",265773.787837784,92491.0584879442
"29009",58286.9655547596,7948.49817169342
"29011",17494.2422756911,3523.19709322709
"29013",26465.816141648,4059.12716321866
"29015",17256.4990426072,421.299384554193
"29017",8073.81556923834,0
"29019",23541440.783815,9038422.31911981
"29021",174538.628993581,33625.8363138059
"29023",28460.8746243171,4621.41623283569
"29025",16656.358675017,0
"29027",1408384.77218745,402112.784062959
"29029",125615.520490104,42545.0173288264
"29031",128506.355838488,11235.9679170786
"29033",519334.220673736,68267.4381641589
"29035",496472.760632082,63947.7090313914
"29037",1004886.66986537,36139.6209347937
"29039",12786.6665186852,421.299384554193
"29041",57690.0750246929,17625.3164564886
"29043",1369773.77218523,172621.106448762
"29045",17990.3983238911,693.470415827375
"29047",3602242.91272228,169553.15594597
"29049",736437.734255137,87157.7018095753
"29051",927341.100584745,323291.820034971
"29053",691070.146034469,264239.781992032
"29055",83643.4066221199,18573.2149206812
"29057",3676.74925632826,0
"29059",566371.528140827,65259.3478259119
"29061",40667.544398373,7541.07730959315
"29063",90573.4575700396,8358.03298097473
"29065",44615.9551667874,10613.7156499365
"29067",27661.0745950438,7046.57684414714
"29069",60122.3294416467,11789.4607743782
"29071",3267017.88813868,412151.702829231
"29073",17869.1373023194,3523.19709322709
"29075",76542.1524880965,4834.83588774764
"29077",1217337.53767869,151566.311149254
"29079",199791.885961006,4356.21576811584
"29081",41962.868589826,11169.2858330227
"29083",50114.8990369006,8160.03813827574
"29085",16681.1206763779,421.299384554193
"29087",32229.0691517462,10569.5912796813
"29089",292715.553486368,101572.875779401
"29091",66006.4298644795,18230.3072001898
"29093",20603.6381941206,3523.19709322709
"29095",15977555.6398255,559757.806861068
"29097",1289901.7315996,192361.05947718
"29099",15337240.8849619,1854243.48122463
"29101",163093.954900566,31398.093220588
"29103",12985.8086548164,3745.7249330731
"29105",672056.619783635,81177.7970447884
"29107",138248.622510431,13652.270588568
"29109",548958.329723125,72598.4524809876
"29111",49158.0751912778,12497.7928739515
"29113",1106765.52506724,137941.28096681
"29115",20792.5686555476,7046.39418645418
"29117",28257.5805778721,7046.39418645418
"29119",997446.595842146,128761.387455049
"29121",28309.2362150743,7046.39418645418
"29123",24302.9002851702,3657.44838280895
"29125",24588.1204517474,7046.39418645418
"29127",1041087.4497171,145719.646849244
"29129",11315.132845231,490.657210975175
"29131",590899.486305343,99179.6799636623
"29133",510826.311636666,67605.1574142003
"29135",37664.4382833459,7187.19159263073
"29137",57811.6545415497,18037.2848506897
"29139",587633.645043748,91254.087592993
"29141",86067.0894878526,25492.7776588571
"29143",72769.12541722,21273.4338489444
"29145",87889.7259257226,21608.1618541498
"29147",70637.5781530327,14583.4455838835
"29149",16032.8322889721,3657.44838280895
"29151",23599.1954934119,7046.39418645418
"29153",19000.9212823011,7046.39418645418
"29155",15297.8899319544,3701.57275306422
"29157",48486.1597368426,14092.7883729084
"29159",179097.186333709,47018.7165999942
"29161",249125.106742752,39388.741532847
"29163",126159.969197296,45801.5622119522
"29165",2145938.27935025,93556.2046037204
"29167",29281.9818411785,421.299384554193
"29169",193021.168697492,40436.5612431883
"29171",122.733723833373,0
"29173",21146.033804081,7046.39418645418
"29175",391360.880021938,144767.456777131
"29177",73833.2838634412,4896.87320327637
"29179",24506.7725848165,7046.39418645418
"29181",11774.4490200252,3523.19709322709
"29183",23848946.5669998,2943686.32188475
"29185",491605.079518182,60424.5119381643
"29186",14612.9467126915,182.019963225872
"29187",574095.250319338,72132.6197666277
"29189",164510398.443284,20023976.7248668
"29195",659790.063939705,107525.758334822
"29197",9225.95147790544,3523.19709322709
"29199",43.9747956451863,0
"29201",521918.613284456,64276.7749882027
"29203",9910.85012487902,3523.19709322709
"29205",12307.439592859,3523.19709322709
"29207",30153.4660533812,10660.687551939
"29209",58279.3988415574,15191.9752478015
"29211",10165.791554228,208.243320325883
"29213",551462.612197765,73962.0260271545
"29215",21119.694408983,4980.15437775302
"29217",35012.0603987998,7467.69357100838
"29219",1095521.27145228,139133.312523221
"29221",66646.63465201,18081.4092209449
"29223",10255.7933644874,3523.19709322709
"29225",535028.144857336,74739.8281509186
"29227",9061.69156266364,3523.19709322709
"29229",8790.04808859181,0
"29510",81344247.8714125,9584657.11737678
"30001",42555.334531835,181.893648904568
"30003",10708.8923536798,175.051363864908
"30005",10733.872641016,60.5220202020202
"30007",8154.13005188768,60.5220202020202
"30009",11084.0882193375,175.004565536549
"30011",27.7658675282714,188.980247711362
"30013",2582560.73171895,1828.04627049998
"30015",30475.5736385252,60.6156168587366
"30017",15089.665653499,715.550231882732
"30019",3528.91951177634,212.274122794843
"30021",10909.3120288379,60.5220202020202
"30023",67241.156583964,243.070845703603
"30025",1849.36906386306,0
"30027",15712.150039706,121.04404040404
"30029",151942.91232867,1749.29037992206
"30031",3024512.87104309,26236.5648031083
"30033",0,0
"30035",13699.3523527171,0.0935966567164179
"30037",0,0
"30039",6842.57972097519,0.187193313432836
"30041",28982.4233301165,121.137637060757
"30043",91962.7536678703,424.496511324589
"30045",9192.02639253605,0
"30047",96364.0177902377,1374.354532484
"30049",479853.847871758,1987.99820371333
"30051",1095.25982456964,188.980247711362
"30053",95657.113374487,19015.0738857024
"30055",7121.21707151926,60.5220202020202
"30057",23268.5500638835,181.566060606061
"30059",16172.2775919051,121.090838732399
"30061",37044.6314132273,542.717811585099
"30063",4595068.80350576,10014.9963440467
"30065",7605.50755624536,60.5220202020202
"30067",143850.997626297,1029.43592337464
"30069",171.456646480211,0
"30071",3112.43796536572,0.046798328358209
"30073",14827.1025549997,480.164041129237
"30075",1045.90395988003,0
"30077",52108.4226821248,1054.82678964604
"30079",562.113097114975,0
"30081",484453.72042628,1254.20698945856
"30083",20667.4363083846,175.004565536549
"30085",11399.5351458036,60.6156168587366
"30087",13839.300670293,272.88973965358
"30089",6312.07783948822,104.269721642204
"30091",7129.06798792487,60.5220202020202
"30093",281955.895432805,2193.80589400925
"30095",8733.70769401416,60.5220202020202
"30097",483.790862765055,0
"30099",55643.3922832386,0
"30101",9784.64758746501,0
"30103",78.3222343499197,0
"30105",20185.7795497854,296.001807612232
"30107",5679.66982873968,212.320921123202
"30109",78.3222343499197,0
"30111",155511.060017826,8424.04687259501
"31001",182360.711895935,17954.3498140813
"31003",8279.23874203858,761.445304168181
"31005",223.118023998105,0
"31007",0,0
"31009",4352.28111818757,371.943464665781
"31011",10970.3821268309,756.867659651668
"31013",9913.61511443856,743.886929331561
"31015",44.0877098445596,0
"31017",60.4297329392478,420.253903399971
"31019",311871.345163295,26059.150868535
"31021",535504.560481591,40027.1814548232
"31023",17357.697181702,8596.51801381341
"31025",827159.595420905,67701.382950011
"31027",95486.9747234382,8635.4614003143
"31029",1224.23381912308,9.33099035311796
"31031",689.421031615778,140.084634466657
"31033",159804.839746233,12532.4607890828
"31035",28497.3294977665,3621.08786174609
"31037",15986.3902258652,1391.92091325827
"31039",92271.5577212002,6369.0259320008
"31041",9579.52940783938,1839.76222877278
"31043",20854.1647457994,1289.96288561338
"31045",9496.89821585614,457.577864812443
"31047",127741.214234093,11028.1316131362
"31049",739.846023692908,9.33099035311796
"31051",15441.2671031983,1749.56068744516
"31053",386759.88078969,29837.8699861329
"31055",41131432.8966126,2764324.01099735
"31057",747.456406010209,140.084634466657
"31059",2067.00575149631,1130.00806608637
"31061",464.755842811881,0
"31063",75395.5097817144,5749.53680023242
"31065",4555.60493982912,371.943464665781
"31067",86058.632793382,18812.0924260304
"31069",889.215608357131,0
"31071",27223.8714953194,3471.67223692631
"31073",10840.372597821,371.943464665781
"31075",0,140.084634466657
"31077",1171.82565496251,9.33099035311796
"31079",287537.024394165,31618.831249194
"31081",29405.4828053714,5171.34983123243
"31083",552.220218275187,140.084634466657
"31085",0,140.084634466657
"31087",1139.31488706925,149.415624819775
"31089",3566.65231548477,887.162758565531
"31091",0,0
"31093",77747.9416809566,6758.12221255838
"31095",49261.3576566694,4560.6959262831
"31097",153714.203434142,11790.4921643878
"31099",33544.5966438446,3761.17249621274
"31101",28715.1949074352,4050.67275549918
"31103",604.903419383922,9.33099035311796
"31105",1713.58771103851,423.751548868289
"31107",7835.4983477647,1119.09147390339
"31109",10293241.6197184,1922254.67695155
"31111",105277.500476756,8465.93254139984
"31113",75791.3073943338,5609.45216576577
"31115",0,0
"31117",44.0877098445596,0
"31119",569091.032465928,43054.2590363742
"31121",2690.26729174627,1979.84686323943
"31123",1919.22770093557,27.9929710593539
"31125",16145.8680809856,1191.85962811094
"31127",47722.4333203984,4731.96472657642
"31129",2180.07571079098,168.077605526011
"31131",242520.791149165,23804.1314801429
"31133",102461.715602702,9211.87804680562
"31135",1388.83715292139,298.83124963955
"31137",30039.9065788783,3761.17249621274
"31139",41072.6861406965,4106.52530720252
"31141",298891.315508469,23458.2372881097
"31143",5966.30655900848,1176.66301785196
"31145",4998.54979511775,1483.28955004592
"31147",134171.86390337,13186.2473925112
"31149",1647.14541958806,158.746615172893
"31151",106708.821240817,20501.1481576414
"31153",6458994.3316674,440232.157651514
"31155",335846.399202165,46274.8708821668
"31157",24749.7841534487,2645.77489580885
"31159",244455.381869211,52296.1509876669
"31161",4869.00911788238,241.189820552242
"31163",2500.62450615567,438.915884106207
"31165",663.418109583718,140.084634466657
"31167",11305.5843257192,1273.47340330062
"31169",106256.133289083,9361.29367162539
"31171",44.0877098445596,0
"31173",3500.97825318235,416.175153727589
"31175",2740.26163758426,493.58216939075
"31177",604147.060282324,45012.0603832137
"31179",26683.1190698532,1859.72908375225
"31181",1509.8320926805,158.746615172893
"31183",26410.1608914426,3322.25661210654
"31185",117258.692712763,10873.978510114
"32001",49514.2458540105,343.357698451318
"32003",4631875.67643533,70204.0479912496
"32005",108916.815277444,648.092656409147
"32007",39582.5022441565,518.31546565951
"32009",0,0
"32011",5645.41294963038,0
"32013",26941.4029568215,165.317198070477
"32015",7823.20022634416,305.215988069755
"32017",1858.28232992485,0
"32019",130010.282411788,212.639438180747
"32021",4542.80852877692,0
"32023",57518.3786371731,305.581303455659
"32027",5184.28052670771,130.258220861564
"32029",32624.3960901656,0.182657692951616
"32031",7498869.50939561,5198.46251895308
"32033",33914.0318258592,365.232406253572
"32510",246491.976539935,508.214857112788
"33001",740636.09210106,24751.9636340535
"33003",846212.075442601,45910.7241471624
"33005",4297086.94423935,92262.0963818954
"33007",350632.427220651,11495.264713441
"33009",30021646.8102512,530221.867259613
"33011",14102939.2634538,658399.016362356
"33013",4357242.69323143,122653.684242036
"33015",13683165.5113116,573900.742046073
"33017",3013745.5776555,63721.9385106701
"33019",3277366.28754555,48182.3755978636
"34001",3760242.51670059,407641.129039481
"34003",58604576.6242431,1964623.06958428
"34005",21123732.7845747,1459104.11783247
"34007",38339254.5651883,2874409.86804485
"34009",1170270.87074617,79581.9250969235
"34011",1720700.53134644,52092.3481597122
"34013",16496775.108176,663674.355785769
"34015",19492374.1413929,1503125.19393948
"34017",33826589.316858,1827178.64962229
"34019",3168519.05730628,96460.587720044
"34021",26596573.5967981,940829.139468802
"34023",64798653.1623147,662649.396420011
"34025",18079738.3520657,581600.77088544
"34027",7714797.79378056,293280.150711312
"34029",7810536.25085718,236148.969226019
"34031",7923250.62000187,414747.12364
"34033",2050345.15484696,128021.197900617
"34035",23714099.0416402,245014.310157314
"34037",1683500.89621564,85056.7316396508
"34039",16290960.8883062,435305.3883872
"34041",1256461.13566358,28450.1428242778
"35001",38709947.3876507,20097.1407496197
"35003",8138.33338604521,0
"35005",105634.925468058,15272.8155702558
"35006",136553.353992841,2141.25227803744
"35007",23724.1231551871,0
"35009",110722.329369902,1.73264092536491
"35011",4996.56431197376,0
"35013",2265264.06991869,287318.013828352
"35015",77881.818096756,2056.14024942076
"35017",50864.9065177163,4910.72586395201
"35019",10868.0191138042,1.73264092536491
"35021",5342.93758203326,0
"35023",7843.13792380434,4184.8104661575
"35025",103526.506514727,1733.91970248459
"35027",77356.6975212536,0
"35028",149558.998904689,232.440581754038
"35029",37387.612904945,3360.76814233884
"35031",275861.79578738,1087.57752051692
"35033",10803.0942125189,0
"35035",218853.157936967,11613.8211238935
"35037",52957.214826349,0
"35039",150869.6171637,0
"35041",39775.3431668894,0
"35043",4201550.45019627,4916.26469209939
"35045",155949.757076606,1099.10786300806
"35047",65586.7537389045,0
"35049",1035493.09363607,8102.96791311663
"35051",45843.8272332565,2522.30874767949
"35053",142664.748794787,206.010580954665
"35055",249104.200359598,0
"35057",173748.905556559,635.914095555409
"35059",244.424843636364,0
"35061",2143834.42004155,7261.45385708614
"36001",12111706.2337226,563302.878553489
"36003",506231.851279705,44645.1294014965
"36005",240212677.071125,10117546.5930136
"36007",6836311.90774784,62123.1026887788
"36009",825148.96880269,51994.9373668417
"36011",2725597.69592671,23116.6127066178
"36013",1963778.16766715,190369.412161684
"36015",1689723.5955629,22503.5666496664
"36017",604511.234281977,11675.1253753599
"36019",668249.95319481,10299.0661522253
"36021",1246665.05381146,72863.1120265323
"36023",3437145.52678951,9470.66398490529
"36025",622048.112735473,18687.3649679485
"36027",9427483.59198723,409369.70946307
"36029",51530251.1470271,6488441.3396161
"36031",383062.756433109,8286.44531028073
"36033",352813.129326548,14041.6447756292
"36035",645706.812588045,18178.9861743759
"36037",2204430.56581393,259647.900246057
"36039",1136062.10168702,125703.751271335
"36041",49685.3427316281,1303.74378953822
"36043",855737.249277272,10381.4698582431
"36045",1022272.32614085,15952.5868546299
"36047",315820774.331484,16777586.8708969
"36049",141681.43420029,3930.11245460954
"36051",2733304.06821385,381961.96064953
"36053",1449874.24019608,42911.8667842564
"36055",75547842.0685148,13792168.563956
"36057",504277.098401606,14510.0184282578
"36059",87263623.1021216,3813867.06594984
"36061",271103625.644811,10952582.1262864
"36063",6158890.55083072,593307.888540446
"36065",2986944.23227156,52166.3925020202
"36067",15090745.5667047,259711.027787284
"36069",3800580.62758842,586298.31753363
"36071",12410260.4535905,687676.765801501
"36073",3007304.65876676,468356.429248796
"36075",1725695.94793312,34634.3397583914
"36077",538150.426861063,10053.4516239951
"36079",4004133.27004631,210995.74435278
"36081",220941489.818385,12944838.3009066
"36083",6263325.45459866,1046945.65414381
"36085",37500227.2234881,1862280.4145344
"36087",19363899.4431227,686644.035780474
"36089",1179104.13750485,77975.8663143352
"36091",4546664.25824731,281691.554749855
"36093",4106142.31043506,182237.274414009
"36095",271717.903474222,8910.06411712314
"36097",2092178.37070259,2668.06800674305
"36099",1294292.17884689,8715.1273745849
"36101",1761660.88124063,230193.569997533
"36103",78242104.4019705,2557625.6821658
"36105",1592061.85378984,179174.255687687
"36107",4565663.28774386,13297.3270483099
"36109",41727095.9327037,50055.9984239996
"36111",4782053.59156148,200643.949436307
"36113",434857.247751899,28772.7089932372
"36115",424699.810478501,19455.1619308538
"36117",6307019.96577666,1110712.20672503
"36119",68165340.372821,3188626.46113395
"36121",1227561.08196458,142536.386460295
"36123",148133.810032204,1690.98051017226
"37001",22336504.5810702,11782991.8114049
"37003",467904.362012828,499125.469027647
"37005",72225.0628168227,14367.3271919911
"37007",206910.537207825,52640.4934770931
"37009",268432.54392411,252627.245147436
"37011",70406.5120847696,11756.7546327282
"37013",454978.127699566,50384.8704306738
"37015",147603.982598424,23073.5445740554
"37017",281732.290792613,52409.0940285005
"37019",1617201.19713297,810379.308025857
"37021",1754951.12085626,1347224.05225309
"37023",632919.62201409,536873.814211479
"37025",2596895.36186818,1235285.6801615
"37027",627539.664261233,329358.758646056
"37029",65491.9914457707,12851.7548974245
"37031",681586.801838848,529982.110281482
"37033",2516676.74383789,3140966.09575179
"37035",1370858.55792895,453858.446475581
"37037",24331333.1497097,9243984.08412939
"37039",96190.8033997958,12812.1767516357
"37041",268107.313971257,258318.357817494
"37043",73458.5234598333,12300.4078992261
"37045",499547.255983887,305014.183166801
"37047",620302.000787071,520147.964939008
"37049",1117582.20976214,809603.639036782
"37051",3375875.70506166,3225912.74734422
"37053",366697.834912396,485874.068609699
"37055",380702.528297032,273160.737148422
"37057",5945326.00016928,2266993.55307133
"37059",2234377.48047128,1012602.82707809
"37061",902140.263471668,1206860.24093299
"37063",180327857.314381,230420659.815669
"37065",962857.178028903,993717.811737468
"37067",29320691.3276981,10016515.174951
"37069",4499253.56956925,5152152.028602
"37071",2681683.1549288,1921820.51045867
"37073",49540.3332489689,11311.1284359792
"37075",31521.1762555521,5739.11234700709
"37077",8696687.04103105,13142502.4012761
"37079",285412.669228114,46416.9052730608
"37081",16087361.9262085,8478734.52714219
"37083",739271.957753647,750743.87421029
"37085",4141718.24380935,3882498.00647844
"37087",227491.577229615,45672.6866454672
"37089",1096628.89804555,1225679.1442873
"37091",257042.862091103,259812.67601078
"37093",502273.693974783,521684.713498883
"37095",30651.6798647778,3789.65446804213
"37097",3181432.22525528,2405840.34444669
"37099",316622.345608942,265189.541767637
"37101",9177462.55144153,9936179.85499871
"37103",76023.0898929444,12005.3794461334
"37105",1906394.18073099,1371463.36344768
"37107",483614.988136451,300610.82316974
"37109",960689.054636191,551993.843019144
"37111",174512.541602714,43919.9809932561
"37113",456616.271158655,491468.020644412
"37115",235426.977731279,251149.795203117
"37117",354143.797146262,476808.794951414
"37119",17346817.0349261,15240528.800954
"37121",85413.1216588348,15388.6628025744
"37123",136944.742924793,34194.4598020204
"37125",849491.755264806,589895.241913118
"37127",879355.880141827,362439.223850823
"37129",6100952.99171986,1386962.97006604
"37131",126016.108545771,27323.3566553623
"37133",2267789.91738791,2064705.10989107
"37135",121913452.794006,75699319.727462
"37137",368654.954606774,474110.118712819
"37139",385126.275263659,46822.0062478872
"37141",1012369.30078991,523045.579053254
"37143",88003.0272458861,14435.8156104799
"37145",8091837.43890468,10971088.3653879
"37147",3822840.96206193,2533105.95781361
"37149",76544.0714184644,14957.8083493572
"37151",2794901.3418861,2352335.59011201
"37153",602196.107222859,527516.71033486
"37155",1813220.49115415,2233902.81649033
"37157",3262662.29897394,3012516.38091616
"37159",2026936.98129779,1173749.55930629
"37161",318894.400540387,68423.3817444736
"37163",499456.5921387,312430.705237006
"37165",355867.186719831,279670.697661392
"37167",533042.229055396,329572.829250314
"37169",1965613.89000388,965418.029021045
"37171",1843316.44808655,1147855.78031543
"37173",49838.8922124578,11124.0582347665
"37175",206954.49771886,44638.6062575104
"37177",46502.1533885369,8768.07952895145
"37179",2462073.52448502,1865022.43354117
"37181",2364651.17808571,3116758.78512331
"37183",125358838.774332,108269220.995435
"37185",1059102.32648117,1435970.5612446
"37187",84071.9071332578,14447.5277723943
"37189",398224.507396924,262091.193591932
"37191",1268357.56235506,866090.464444313
"37193",1833068.58595773,328784.848619194
"37195",897220.424312377,792040.794465955
"37197",1070264.54490499,185024.104351487
"37199",222858.599630145,247902.081778551
"38001",0,0
"38003",20173.9409198479,231.736881115059
"38005",7901.54425116221,139.042128669035
"38007",0,0
"38009",14880.2345658992,242.201664350029
"38011",3404.29417408973,46.3473762230118
"38013",2604.83036458049,92.6947524460235
"38015",161008.966868552,2613.7377646946
"38017",2893423.92589805,7527.10416460612
"38019",6142.93272195561,46.3473762230118
"38021",3473.33759174433,46.3473762230118
"38023",5194.38636027931,149.506911904006
"38025",3984.5297219431,46.3473762230118
"38027",8080.86496290448,139.042128669035
"38029",9189.95185344337,92.6947524460235
"38031",0,0
"38033",1302.41518229024,46.3473762230118
"38035",3585221.31093668,124767.136792348
"38037",3752.58418985892,46.3473762230118
"38039",806.34730408076,0
"38041",4173.61941603375,0
"38043",1302.41518229024,46.3473762230118
"38045",6345.6843756179,139.042128669035
"38047",4173.61941603375,0
"38049",17384.060119192,92.6947524460235
"38051",6258.40920270078,185.389504892047
"38053",1302.41518229024,46.3473762230118
"38055",13503.2597474795,184.37742360046
"38057",7088.16794780896,92.6947524460235
"38059",22709.6001638086,462.461680938531
"38061",8686.84333824093,231.736881115059
"38063",11495.7262684014,193.209417863022
"38065",363.3592995518,0
"38067",21791.081375548,278.084257338071
"38069",16469.0891747252,185.389504892047
"38071",30641.8154944966,880.600148237223
"38073",22976.8595665398,46.3473762230118
"38075",1562.39891533628,46.3473762230118
"38077",43741.8635663225,46.3473762230118
"38079",22107.5821908133,323.419552269496
"38081",5996.84713388326,92.6947524460235
"38083",2604.83036458049,92.6947524460235
"38085",232.386603875939,0
"38087",1302.41518229024,46.3473762230118
"38089",17697.7785876213,407.917344738053
"38091",1302.41518229024,46.3473762230118
"38093",30010.5273504532,235.386621082048
"38095",2.44803143912599,3.64973996698892
"38097",68834.6763696315,2363.7161873736
"38099",30545.790684696,695.210643345176
"38101",124299.827831203,2149.75091726346
"38103",1537.31506597056,46.3473762230118
"38105",31770.8664551682,756.928284736065
"39001",96499.876284447,8043.5062836843
"39003",612949.736700881,55965.0474091513
"39005",364779.334871851,19607.9959846021
"39007",1046839.6374057,77025.0377070116
"39009",1204976.09886744,29696.1466238354
"39011",122669.513486511,7533.37481518156
"39013",314127.424934441,26339.1515687699
"39015",594556.704757867,30706.6739044029
"39017",12462664.3796099,494756.058399942
"39019",90230.966529218,6687.97074665728
"39021",193217.019831188,18738.5224111526
"39023",1028680.32097865,59225.7263002703
"39025",9263602.78089385,365179.387137799
"39027",426076.13666325,34055.7156866337
"39029",349714.140287544,40009.8865787184
"39031",276035.283722738,24459.2530432026
"39033",422497.402512716,40871.773578649
"39035",128761640.342943,6935835.23029271
"39037",192967.134316366,13673.7974863537
"39039",102432.717707975,1366.69132269885
"39041",13534165.8054319,1375226.19716073
"39043",499988.205564405,27386.5783433971
"39045",5711974.68220977,428113.821419267
"39047",246206.247613265,16627.0170789497
"39049",116031461.411812,11637411.1774863
"39051",590467.097505993,46450.1444451192
"39053",108180.869953255,5244.10642477076
"39055",5461976.14743677,268445.190879344
"39057",1768328.23162287,73430.7040970475
"39059",84164.6807656691,3893.368317489
"39061",76657429.7285824,3110161.56387719
"39063",228592.640811484,17319.2641916129
"39065",32090.8546815864,1089.28318869839
"39067",33862.811177606,1535.72568159749
"39069",88291.4185057978,5541.24667747076
"39071",343417.172978427,24216.0046510909
"39073",149242.220732182,8504.72320758285
"39075",195535.999372584,14385.240020772
"39077",321016.02510006,16807.4769844125
"39079",82681.766441774,1344.95952922463
"39081",458896.454621478,38676.4994919664
"39083",245280.894517836,24399.3093215644
"39085",13114805.9644838,652848.174494384
"39087",356943.20007777,6070.32383268502
"39089",5015428.54845943,421045.947793137
"39091",232007.149176851,19887.1344006357
"39093",9954974.04838504,384473.832529545
"39095",8567592.97617894,421036.899352377
"39097",1746408.9970665,167647.914805705
"39099",2009286.21523287,145270.187564864
"39101",641015.500997492,62269.0326664983
"39103",6159971.80007455,295517.710592137
"39105",207080.045976663,8789.04562245592
"39107",55910.9502393264,831.870253957812
"39109",490585.845881071,39883.2209367861
"39111",104389.315350545,9300.59323072017
"39113",4257092.95476262,242027.723384701
"39115",14626.2551117229,475.182711754258
"39117",241310.55372588,24573.2154703808
"39119",753269.445424032,68229.9323639996
"39121",19382.2359914051,378.414125966597
"39123",381182.236124279,30447.0360754731
"39125",39245.1784874851,4384.01945868234
"39127",306337.178418414,22474.7247861871
"39129",2296679.62631182,209719.514045555
"39131",204495.34562699,17322.5647474465
"39133",5821113.13074623,508757.349460551
"39135",299992.237683265,7421.10022517408
"39137",97013.1251901571,6395.42064800749
"39139",601206.132139036,30703.5851208562
"39141",573847.347609979,44018.8500339678
"39143",427780.593105019,18358.7431541935
"39145",286919.717936433,27184.975835949
"39147",218485.012472704,21739.7503844468
"39149",199466.972115374,17025.8075930854
"39151",2191609.69910443,224713.232977268
"39153",12764470.8615885,771831.185252559
"39155",2009000.92956825,140210.953474605
"39157",479567.58605564,42887.2405693693
"39159",2907526.58401737,309357.494614344
"39161",34423.1606127663,1250.83005642187
"39163",46270.0872676858,2698.32582632199
"39165",7082142.45654412,304940.600242919
"39167",309704.310440146,25223.80904757
"39169",836302.218447145,24071.8997054637
"39171",116157.333623213,11237.0255717836
"39173",1621153.3706184,73242.6368728193
"39175",26012.4064212398,374.916955762104
"40001",39144.2684621053,66284.0013283377
"40003",12892.7275901746,2503.49958799712
"40005",23814.819687299,2763.11377963739
"40007",5062.54613677118,686.127423896654
"40009",130025.593470329,4757.26769369811
"40011",32420.7998847698,2785.40987552586
"40013",49521.069254233,4594.98379770373
"40015",52247.6303073033,7381.2703984767
"40017",3140229.20258239,139790.485488873
"40019",41826.2720624582,3292.53614886112
"40021",148375.763782604,358728.859316063
"40023",6080.06486464605,234.48964739364
"40025",1872.835202761,222.558658153581
"40027",10060474.9996804,2439158.7217892
"40029",8068.70421716417,468.97929478728
"40031",638720.27665741,36361.4125535795
"40033",4721.54051357065,234.48964739364
"40035",34981.4788880135,2607.97570913651
"40037",711727.742331529,41844.7506725528
"40039",97211.1046658234,8007.24573069363
"40041",116537.292119465,8561.4110492658
"40043",7284.49186091445,457.048305547221
"40045",13978.3609673426,1335.35194892148
"40047",115926.577631532,10841.7244103788
"40049",51954.1812203369,15244.5670795171
"40051",632918.184453355,51174.8852291115
"40053",21590.5726678331,2237.51757077587
"40055",12325.9820207045,2282.58738372486
"40057",6480.14043022154,898.401546691497
"40059",7865.18638237696,686.127423896654
"40061",75212.0811731786,5683.81989371263
"40063",26921.8313433731,3449.24120353405
"40065",30970.4854641152,5756.80049689067
"40067",59392.2014957102,898.47389478728
"40069",20278.9397791497,1389.59636607757
"40071",140187.267489124,13351.3992580234
"40073",67555.9594232718,4732.64887271917
"40075",9350.71757922923,1606.74449518695
"40077",10047.3978175565,11667.1147164362
"40079",137117.623983094,11271.7464988794
"40081",552066.960328764,27506.3269080841
"40083",849345.287476688,49292.6794286584
"40085",15344.5402789595,1842.88059646191
"40087",524699.681578694,116389.771734825
"40089",152637.907595669,8366.56919590864
"40091",44477.4162656402,2847.87588557436
"40093",21674.2358192639,1605.6345640353
"40095",16493.6132935869,2976.49783358388
"40097",174971.098697615,14787.7816929113
"40099",15952.7924451694,2094.17523941014
"40101",179504.394868042,53906.4011452279
"40103",133151.327101319,15621.4194986667
"40105",19137.2074322133,1835.82361353638
"40107",85810.5266777022,3322.19046108483
"40109",32007523.8136476,1462531.48649401
"40111",331413.693036461,7557.78595586377
"40113",400519.410025981,16481.1163479977
"40115",31190.426784807,2309.37359781305
"40117",193854.237610942,12119.2005723756
"40119",2978460.409669,352690.814685727
"40121",100048.094469333,17207.2621285161
"40123",31875.7700317165,4609.60581664732
"40125",961699.872264235,54597.0796103295
"40127",7468.74819339117,925.187760779682
"40129",1609.98928482231,927.137531486146
"40131",753693.546816098,42843.6489436456
"40133",188887.723930416,10369.1455836388
"40135",64080.593653711,32154.4435883394
"40137",87432.1576276075,7454.03101482006
"40139",29996.7023312236,2336.6326688021
"40141",14814.4830113779,1853.16513182065
"40143",8181348.1281308,171375.534704874
"40145",762719.146344899,39448.7890908547
"40147",99740.9196752251,15785.9389814924
"40149",10075.5194575845,2311.32336851951
"40151",15460.3967809221,2280.94092984354
"40153",82698.2967123504,3100.19849784297
"41001",53833.7505007233,100.324536915491
"41003",4682643.13071973,10168.6516143656
"41005",17540460.501048,223243.670314219
"41007",301235.559604884,6059.20861107777
"41009",1515119.75096879,18737.6948494404
"41011",166420.108455835,1769.98615787363
"41013",117560.761736039,1678.53725471226
"41015",50277.5035034184,418.437140867317
"41017",797841.788165787,12447.4966881078
"41019",569597.514478238,2403.34675375359
"41021",27104.07688092,0
"41023",36388.5296677608,520.88062492744
"41025",47231.1091623673,231.111706378803
"41027",96147.3848675655,939.986609436599
"41029",485530.208370999,4188.38019738104
"41031",137861.087676769,1884.44515705679
"41033",234801.273924766,1255.85939568081
"41035",334336.520297385,1178.96598268985
"41037",22939.2175966101,0
"41039",19709456.0124194,24891.5888014425
"41041",270545.407352738,2999.5900986289
"41043",1418023.67462239,9900.4280500508
"41045",110144.731778038,208.352249970976
"41047",2008097.32938944,41509.3567005817
"41049",122834.24829555,416.704499941952
"41051",65121956.0047403,531118.571441279
"41053",566652.018694858,9098.28163693216
"41055",1125.68868032412,0
"41057",183028.370708527,3958.8754071415
"41059",173455.087188007,644.034903004627
"41061",57719.0993692823,0
"41063",23291.3561560465,100.324536915491
"41065",121812.625532113,1398.70828812298
"41067",28557673.894412,313836.34247495
"41069",2921.31846748473,0
"41071",1254900.39295383,13568.3701204493
"42001",1006305.32974858,67064.6872221628
"42003",239184810.257521,19146365.7420783
"42005",2135360.3861206,394637.697383356
"42007",4795973.91101096,386102.803992716
"42009",589950.345562805,60219.823893088
"42011",4415271.17047587,518286.488871932
"42013",2791257.38626269,236016.710856242
"42015",418785.078963588,18750.4047519494
"42017",30648766.3047236,2102610.89843241
"42019",7157847.74777212,595832.204714968
"42021",2476116.20439176,212009.208837483
"42023",5384.47342014884,1288.74765310241
"42025",973291.2132085,151761.112696321
"42027",28627981.9951018,2535335.76605996
"42029",28409929.144053,2222058.5891267
"42031",838154.395406066,67224.6897528691
"42033",4869374.55969319,410824.404880977
"42035",2165233.8382328,192074.059022329
"42037",1271011.13909658,46034.5455610306
"42039",897411.764623282,74852.6977492197
"42041",7217086.46496459,1509982.66782468
"42043",19521954.9075612,4712559.12088649
"42045",82467748.0263243,7117664.13008606
"42047",155432.500612234,12361.0849984462
"42049",4822932.57747478,415001.141328783
"42051",3274191.86847657,207578.324829317
"42053",264581.453459547,20586.0851754227
"42055",1562958.80614028,176209.685154241
"42057",216790.752361589,17683.7346222183
"42059",1048426.28439941,50670.0107641017
"42061",1248180.8177804,100411.602973755
"42063",1283408.20871253,106856.557329844
"42065",1199317.39096254,96858.6077669568
"42067",742657.846265906,70263.8175050686
"42069",1913423.58216646,239862.564000856
"42071",9829354.80997951,1472617.75696357
"42073",2724825.14231705,227947.99396263
"42075",5980626.54319565,1400838.71331275
"42077",5342652.95816375,524793.945480045
"42079",2146691.73014325,206936.116100573
"42081",1014279.31525574,65851.0547509074
"42083",384055.785209882,27568.8037684717
"42085",2129792.23588576,177783.398999333
"42087",1568462.6884533,144479.412300522
"42089",2195566.0145754,81442.976632505
"42091",87498501.2227711,7245761.9274374
"42093",1025132.20868074,17867.0957391641
"42095",4233130.68789146,441670.595658751
"42097",1679250.32512851,51033.0813184225
"42099",884683.186436949,185659.574363135
"42101",282267399.431301,24508129.6284963
"42103",471846.370769777,17312.6958055352
"42105",195051.505748167,15405.2518046607
"42107",1614661.14689151,162424.214765268
"42109",787439.929057813,58830.144944645
"42111",1667546.98853849,140502.478919525
"42113",44912.4638815768,2876.12828961644
"42115",290755.081077062,6414.33497715179
"42117",281426.954156336,11569.2782767068
"42119",614834.395558857,29753.9970354047
"42121",1747198.063475,141721.301495995
"42123",530868.03108611,59259.7866772191
"42125",11144786.8058275,899127.583794668
"42127",496621.427180064,44026.6090941695
"42129",23934810.3583991,1920289.02919706
"42131",273161.027857459,35467.4318674931
"42133",12680492.201528,1387078.31359892
"44001",6153969.219487,181939.743584786
"44003",12664589.9984292,522248.983383805
"44005",4189626.78151031,149839.22668657
"44007",67635565.3201528,2218574.95398721
"44009",6961083.95300588,244400.460345132
"45001",115567.295796909,22359.2963203109
"45003",5823647.79009628,1404278.5551474
"45005",54320.4353467425,21609.7972023256
"45007",2931226.38943569,567513.447200199
"45009",107311.584523879,38075.4062679244
"45011",121105.898491036,37151.2695969181
"45013",656577.626971957,382290.994268258
"45015",8830843.09352468,949073.849851632
"45017",109381.892181364,51580.2695119574
"45019",37577443.5253718,3669699.35450641
"45021",346579.853322765,295067.359582769
"45023",134788.744401292,47870.0854401392
"45025",291467.58163358,305747.857438662
"45027",94379.7621556529,27819.2307179401
"45029",535914.571889211,113867.584736685
"45031",142604.555617256,33843.3105327074
"45033",203561.488344517,260118.79019157
"45035",6797691.30688922,753070.035776147
"45037",962617.388845343,237437.883112246
"45039",340709.928437448,309539.435361198
"45041",334053.045961607,153372.613502945
"45043",453689.437526232,98759.0629569991
"45045",2959216.01632776,461567.678436349
"45047",363895.542554377,107597.972660089
"45049",103492.126050774,33336.3204335217
"45051",891277.167127339,469971.083294856
"45053",120225.052343899,18458.6649224256
"45055",657417.095336612,297210.150184526
"45057",329210.804101552,128291.096895014
"45059",418887.463417989,146102.218871081
"45061",108517.571730101,51685.2750173515
"45063",7250389.03361609,4034058.60642021
"45065",164139.632348805,42334.9401824648
"45067",89599.7662233234,44957.0261193934
"45069",168765.383759481,242477.663821454
"45071",411967.697374125,169580.831404056
"45073",2390358.28372612,405996.432152738
"45075",425177.199712203,381087.318752166
"45077",4906390.9959459,813077.966694478
"45079",14455014.8902803,8343593.78744531
"45081",77286.2780206723,26281.6615537882
"45083",1529689.88300016,366524.542436201
"45085",606417.766147983,234022.944378187
"45087",69732.1170261863,24482.692048741
"45089",113552.211936334,20846.9731441779
"45091",919365.069926535,260002.282512581
"46003",8664.33798338323,362.682359451401
"46005",68800.1278641591,960.510179828867
"46007",6886.46888327055,295.313363805787
"46009",29591.1522232624,865.44935336946
"46011",1089753.05024243,4576.46828152802
"46013",157452.303799194,2397.99811956392
"46015",22621.2271581423,322.942626971912
"46017",2180.79095807388,45.3352949314252
"46019",17154.6084051917,24.0034894615248
"46021",3443.1694890411,45.3352949314252
"46023",26312.2414142041,892.351493969642
"46025",8026.52323455137,362.682359451401
"46027",777315.122112886,82529.175212447
"46029",152534.095451787,3361.42619527344
"46031",10872.9337596673,149.506911904006
"46033",20023.1615488327,544.182242919557
"46035",114657.460493427,1685.87489873167
"46037",16983.4176094344,366.761109123783
"46039",34237.506805746,330.848091629706
"46041",56889.9704407679,208.243320325883
"46043",12253.2848430779,253.578615257308
"46045",15880.4124742987,136.005884794275
"46047",13764.2326189317,232.246809787407
"46049",6268.43402349044,90.6705898628503
"46051",43644.2406432183,589.358834108527
"46053",43552.7783059092,525.590384845859
"46055",4522.90687273539,186.936742177636
"46057",38399.252940202,498.688244245677
"46059",12832.7992186295,194.842206835431
"46061",12780.1937223722,90.6705898628503
"46063",1083.22706669934,0
"46065",83473.4471856374,1528.53720846749
"46067",33711.036931378,544.023539177102
"46069",13917.000572155,461.82193558319
"46071",3168.72049603756,0
"46073",3826.00681877153,24.0034894615248
"46075",871.474505053514,0
"46077",67929.8593655912,1232.52194941742
"46079",105001.897026608,1228.13171282086
"46081",106393.764569105,1011.76598540558
"46083",1704237.92341301,7722.18340857847
"46085",4438.43735762665,0
"46087",87173.5354265449,272.011769588551
"46089",6150.15775271072,0
"46091",6726.85461842069,136.005884794275
"46093",35392.4511284771,652.56036073717
"46095",472.013414022936,0
"46097",22895.0061010281,602.870704138013
"46099",6393171.96929554,26643.5843953925
"46101",95466.3398185342,272.011769588551
"46102",3584.48433485664,0
"46103",773885.496832212,4388.80916819473
"46105",9010.47923665602,208.243320325883
"46107",3107.84257570536,0
"46109",20733.7844762362,480.255089914434
"46111",10268.6640132912,45.3352949314252
"46115",20932.3520551466,344.249205120158
"46117",8078.78439398498,90.6705898628503
"46119",6545.40040412891,181.341179725701
"46121",4401.34227216843,0
"46123",28340.9330608904,611.366416128688
"46125",122595.63420582,1315.73563430292
"46127",134755.058251692,9557.07887869098
"46129",14830.4285556359,115.686160615962
"46135",144671.419197158,6683.1666679083
"46137",6043.26713221667,0
"47001",753628.695945882,68408.4155385882
"47003",960524.44355617,45577.4419157722
"47005",73322.1712909211,4927.72475326775
"47007",56689.6993979842,3875.12236991699
"47009",472768.44262541,149902.8820574
"47011",242457.06927009,17231.2232263514
"47013",67215.7994018741,17983.5243069953
"47015",445064.001917871,20003.2350680244
"47017",151145.899545319,8606.24794480503
"47019",424249.239517482,130935.162866159
"47021",6167533.34024845,272124.522353644
"47023",85314.4543257985,1673.74491476621
"47025",63763.7907235674,11331.6116148042
"47027",51434.4458624416,3994.07669843979
"47029",96341.1425154699,15424.6082581281
"47031",404914.790094227,23635.4288760664
"47033",66417.1016812138,1263.90320926775
"47035",304760.213977889,14489.3342357478
"47037",153329692.182277,6862110.10533636
"47039",61413.0545113501,2125.98511041928
"47041",435736.505352087,20115.1672612711
"47043",4090305.48559577,177127.918241022
"47045",185779.683345088,2706.2496340796
"47047",1534892.5095727,29665.354442758
"47049",78174.5014606591,3959.74035561869
"47051",320907.823538923,14933.2515996585
"47053",224337.220487185,4491.32131383219
"47055",554862.171409776,28342.1622201578
"47057",49641.2412811988,12133.4489540373
"47059",207199.491689347,42047.7833693316
"47061",48610.9689187618,6243.01574969595
"47063",105325.610308953,19916.1166415943
"47065",1763227.72105928,147535.211601709
"47067",9135.08280740535,3412.92430688525
"47069",109915.02124708,3206.39281082359
"47071",92724.0559570148,2466.11519197835
"47073",192046.943305226,50336.2273369417
"47075",94063.9046388969,2947.0887702165
"47077",154898.174057165,5058.19834612493
"47079",223352.947154843,10893.0439378638
"47081",328658.230471879,19590.3780322021
"47083",55641.3877722133,1980.22888550221
"47085",89822.7954591203,3723.01946961112
"47087",159600.322963325,7483.89005901897
"47089",213468.683594075,61852.4002846307
"47091",60726.1634726383,7857.619964967
"47093",5656469.72975696,1599619.03323665
"47095",21985.4170164725,287.780035568821
"47097",289211.04349752,6481.02720066768
"47099",784151.321131462,37490.3946230881
"47101",238447.297366334,11713.2977377921
"47103",251785.512622795,9278.96395667085
"47105",182466.156790985,48165.3577349305
"47107",202785.731694237,26111.5800739082
"47109",73173.0865216379,1708.65823779128
"47111",306300.388477791,15310.4338871338
"47113",577318.381844949,24414.1763518545
"47115",113475.856540326,11192.3655103181
"47117",993774.771293971,49009.7616888355
"47119",4146778.84425107,190853.972199973
"47121",38205.6183280706,4422.05643047762
"47123",61246.9085621447,6679.64330101046
"47125",4746090.45068096,224187.17945423
"47127",34148.054470096,1461.43159387229
"47129",35429.6097003804,316.090862576675
"47131",168794.998445173,2847.59158664332
"47133",162471.32270244,7300.06830322624
"47135",65690.8010591178,2945.60237570911
"47137",13795.9608321583,563.54542072321
"47139",141970.181826531,28445.6369578746
"47141",468181.517955526,24569.9549657503
"47143",93283.235432613,17610.5061601712
"47145",199247.690277686,31105.2126168341
"47147",5720442.2183617,254052.168136437
"47149",20156769.1241741,915957.440888839
"47151",57336.27781008,5130.18628755158
"47153",32033.6697279111,5021.21983450141
"47155",210642.752656425,54342.6025393471
"47157",74598641.06139,1405252.06970366
"47159",458596.33413793,19477.7653122277
"47161",84038.2423371828,9094.45647316754
"47163",747725.441294189,205185.607338338
"47165",15845659.9647313,711647.716513741
"47167",2935357.89158659,56127.5532699736
"47169",260797.247168039,12365.6644045077
"47171",92255.6860739329,34558.1969053613
"47173",84464.9681695477,19540.6471336648
"47175",64967.1445536663,2953.05250727662
"47177",875722.018487929,42392.5316116079
"47179",1323705.88156079,419259.958300517
"47181",213942.602158148,9232.78781577702
"47183",213956.32430682,4541.63731104542
"47185",113055.604620358,9685.43251075306
"47187",34090772.6076854,1518488.06400763
"47189",12275622.848688,554279.496990811
"48001",281127.378340222,90715.841791274
"48003",27226.9548271332,1964.17504143174
"48005",601977.766769976,501552.307741701
"48007",39213.1862791262,6875.48968122763
"48009",43847.8979971067,5973.07792753236
"48011",463.732729273278,0
"48013",893156.137922522,179720.110523852
"48015",510888.172360013,88341.4922837226
"48017",24659.016815175,1298.74844583417
"48019",546620.973245416,91813.8564990472
"48021",1067664.01496215,216710.26767657
"48023",8990.84093966817,636.82236838453
"48025",102288.496606352,8237.08685032777
"48027",1505749.97170436,466735.218855486
"48029",81412141.6330742,13976969.4920294
"48031",63368.2518382176,15357.4549743384
"48033",3508.54358796327,355.321068244152
"48035",101701.834398015,84711.3411278238
"48037",189856.881155434,80236.6630928369
"48039",32592121.9282843,9002153.1172105
"48041",24342090.393119,2859851.92472418
"48043",65552.9930751917,4039.50591680551
"48045",4692.17411460437,212.274122794843
"48047",15073.7501754482,668.859692387463
"48049",222691.207437366,65171.4504592541
"48051",1020230.16767194,142617.586915702
"48053",209540.187102807,49804.4123736719
"48055",454275.162272326,168097.119665303
"48057",142102.888357004,35316.499593193
"48059",43927.6278398704,13223.5166865226
"48061",861445.504496811,198137.844658462
"48063",65736.2679897857,6903.27900501739
"48065",9111.86360259712,675.842888537916
"48067",56828.9495437283,7184.35497825436
"48069",5244.89054838691,30.7835458145462
"48071",887021.380095084,230760.482626559
"48073",377131.407134024,393678.704227682
"48075",11901.6562717745,849.096491179374
"48077",30168.2151034147,10003.2440760143
"48079",20545.741331064,212.274122794843
"48081",6132.76768413036,976.89942302103
"48083",38394.8505580858,6767.11307561527
"48085",22100557.3835875,1696457.35890114
"48087",2957.60246234035,0
"48089",474520.637320523,118971.504808211
"48091",1774435.68742696,631041.968594596
"48093",48323.7414738564,14590.4569071032
"48095",7573.32057804494,535.930069991565
"48097",167610.108279093,23216.8972424242
"48099",199375.961595153,99962.347264535
"48101",173.050158549679,0
"48103",8836.98930386741,212.274122794843
"48105",3601.45019677893,881.93870605893
"48107",76491.5792071529,0
"48109",5834.94769838363,3805.08872778026
"48111",2381.6291478876,0
"48113",100210125.259749,8806766.10628185
"48115",23322.3534184516,2487.74851462009
"48117",21474.9052936571,1290.06584420884
"48119",18071.6486639648,2772.76925131895
"48121",18511728.3125122,1714287.74679894
"48123",208133.381459783,49412.845385471
"48125",25817.9836782163,1086.47432303932
"48127",17547.2142235238,6861.97099676893
"48129",5094.35110044837,653.975955771729
"48131",23962.2401983551,2679.65034995783
"48133",63495.7013326308,12199.6045235057
"48135",428897.378945398,29503.8414341679
"48137",9437.11440207254,726.296174242438
"48139",4134617.14940716,506570.994550727
"48141",8609441.97831216,7423332.32386646
"48143",219247.379768143,22541.7340717332
"48145",215267.811128529,140295.836853539
"48147",194969.958733565,34265.7541153872
"48149",201223.517499853,51171.0213309208
"48151",9654.33865734033,1401.44766861072
"48153",31098.9384206308,19552.2394007457
"48155",7504.96340986514,1148.20350607764
"48157",61261979.0111208,9582629.8769619
"48159",20661.0558177776,3941.48406254924
"48161",160365.551799198,63204.0572213789
"48163",87517.2961211029,28217.2174426943
"48165",35958.2276044871,3046.83458106371
"48167",36029838.1004709,64347977.7878763
"48169",42075.0370417034,12933.4895550073
"48171",177546.39309737,45157.0376319859
"48173",187.593530054645,0
"48175",83040.1025043344,19187.7187532904
"48177",143659.697452546,30328.9588749726
"48179",66156.6786112799,5878.10655320135
"48181",483803.885173924,113428.059514794
"48183",800685.537323779,98958.3498469098
"48185",1176527.08639268,160433.749725149
"48187",2643996.62956734,687756.729020689
"48189",187015.433395683,25838.6858892993
"48191",11739.5676348667,659.037892983327
"48193",25328.8906266963,9498.50550180518
"48195",6688.58005621402,539.262100680708
"48197",6547.15102013824,6517.4131335819
"48199",479229.063245187,345652.685658149
"48201",288147543.575058,47406022.9444029
"48203",395825.565876682,78150.6150153809
"48205",6152.52305495552,539.262100680708
"48207",28371.3973495283,1798.15631422557
"48209",3342443.93090441,1432622.32049478
"48211",9600.56202773292,1418.17358443173
"48213",476115.231958748,74816.7641193933
"48215",7170581.46093302,363896.871274973
"48217",259545.52842405,120578.250567252
"48219",249129.684621272,18802.8945296602
"48221",275244.301680537,52610.3521910333
"48223",85225.5700830294,16508.4677957723
"48225",155455.377015619,173615.065810421
"48227",88641.0789414942,11287.1405248085
"48229",2544.01039159977,634.181454630044
"48231",602210.810631365,87355.0444466159
"48233",27135.0209481449,2981.1120898216
"48235",400.944430328521,0
"48237",22416.8384249082,2808.08259499602
"48239",62725.7477355845,23630.116697414
"48241",131820.092111329,90821.7632103882
"48243",33869.1825016903,365.824406349206
"48245",1790667.99823822,1209603.17244188
"48247",10376.7640643841,1858.03323820334
"48249",70948.623947804,9568.16081879261
"48251",2036671.57208314,343533.565827465
"48253",58352.451010074,5691.35390417867
"48255",213963.667386153,40196.277198809
"48257",2693215.90383392,271477.058526364
"48259",1063198.62160229,224848.039067491
"48261",251.221309497207,0
"48263",166.875516854171,440.969353029465
"48265",246160.99783368,76901.1208136794
"48267",14936.6495252575,2189.99958406989
"48269",0,0
"48271",5398.9317119552,6548.19667939645
"48273",292712.982409288,23108.5522192515
"48275",4124.59302441284,212.274122794843
"48277",144040.151245331,24486.8478055381
"48279",145273.56047598,7816.16157941607
"48281",58712.3503126407,16369.2251308952
"48283",59488.578292296,2833.8582167882
"48285",261380.584636211,65642.754582317
"48287",432621.350052838,41868.702250986
"48289",294727.945490312,36706.0115512366
"48291",1474006.0486571,431262.540557484
"48293",233269.511295857,112569.370004644
"48295",6524.05199126415,424.548245589687
"48297",65623.937343581,22521.4407870502
"48299",109489.425605549,25117.4377698247
"48301",93.7967650273224,0
"48303",7992489.80436456,250292.262439142
"48305",48291.4505384016,212.274122794843
"48307",8315.39265263899,1094.21282885377
"48309",2913293.35184052,4133581.31194856
"48311",252.404226420284,0
"48313",254960.648881642,46597.2524196035
"48315",42673.949412841,23549.928771883
"48317",9178.33621998221,653.975955771729
"48319",9905.31642166486,1189.17354581587
"48321",450096.398385139,86093.4664411916
"48323",126342.61781832,40220.6355533676
"48325",1197377.47587927,153621.2676129
"48327",17609.6264139689,7960.03324633854
"48329",313977.68697811,36229.3199771518
"48331",421157.269307812,54326.2010073504
"48333",25437.1736834409,6168.55812481643
"48335",15046.3504441687,1979.30261787862
"48337",91587.994485303,14011.267673556
"48339",13328293.4987061,2661687.44653739
"48341",22639.2886092961,1428.45811979046
"48343",21555.1686604137,3476.31479957143
"48345",8182.48534650901,212.274122794843
"48347",486804.646295293,327230.281820136
"48349",495324.746364107,158207.391895815
"48351",89378.0123639317,62305.4222458783
"48353",65141.5422549903,9919.88562707112
"48355",917017.253730423,129828.809746156
"48357",20058.1590433947,1388.35859186008
"48359",2879.38237852248,212.274122794843
"48361",717722.856059314,583200.132694276
"48363",44788.9803234226,7840.44016764336
"48365",219703.097857709,114376.046693499
"48367",1485667.88467254,187744.536113185
"48369",18308.5571702959,1617.0538220947
"48371",28834.5570437275,2535.98134248372
"48373",377056.132334926,362463.896044752
"48375",260595.650746359,12049.0413689979
"48377",15101.839854076,1153.59569506726
"48379",42549.4862122688,3549.04086094283
"48381",462899.5535508,16087.9308434584
"48383",2778.85191438983,0
"48385",6905.84430514476,1949.39237091675
"48387",27425.9055332653,3358.78200038242
"48389",26328.2634723626,2322.38112645095
"48391",11487.8106897462,1103.52526103056
"48393",305.830685642387,0
"48395",1016640.94035069,127563.171176822
"48397",2024652.7679635,183945.971199027
"48399",14349.1789972482,2123.95646061407
"48401",390720.487007325,284806.912905
"48403",42607.496974469,36247.5438663976
"48405",23622.7286907874,33051.0093857516
"48407",183810.843713178,165575.331288513
"48409",161585.693770788,19191.9275987875
"48411",8721.00938288052,3491.7123578669
"48413",1850.09247154828,0
"48415",23662.8555093465,3080.73102659043
"48417",35384.5767835587,3068.54715460163
"48419",115412.785297038,52094.7947974293
"48421",4435.91994828291,212.274122794843
"48423",2791404.33368861,277108.325490587
"48425",20840.7675919443,8595.69639969227
"48427",155004.339760571,37901.1671919095
"48429",10726.9955659593,6819.16106223465
"48431",501.727861460612,0
"48433",4330.74520640919,878.911483751019
"48435",1396.73868365415,1086.47432303932
"48437",7470.52711927987,424.548245589687
"48439",40279538.8055284,5375907.60127508
"48441",341806.958081248,57620.0251129039
"48443",317.988134582329,0
"48445",58012.7748777254,659.037892983327
"48447",9292.49913922088,960.478315581252
"48449",61045.2246682164,8777.28662141305
"48451",199515.743049147,41665.0642827525
"48453",33927750.0997562,4104275.31821358
"48455",84140.3810938552,62668.6953877441
"48457",89013.8584682571,70149.7794529087
"48459",325883.457692036,41876.32368272
"48461",5142.01348423028,212.274122794843
"48463",75550.620696992,38780.4736697032
"48465",228695.803804527,46809.8560007359
"48467",347697.311500341,37676.1369399791
"48469",409121.101412212,104875.927976302
"48471",686887.295142061,470984.015892023
"48473",1327302.14933041,390908.883421802
"48475",31371.3391687722,2415.82193930127
"48477",668694.551609764,121510.553311062
"48479",690887.571497402,140183.838652327
"48481",823832.990458551,134661.348061175
"48483",2345.72273583813,0
"48485",359172.758823992,116970.930824801
"48487",32306.0913600917,16517.1456910888
"48489",74597.563459721,2383.47378218599
"48491",7667713.22015207,1255008.03502875
"48493",758676.829963499,203868.133681676
"48495",13082.5414299614,1300.22340980844
"48497",237240.980916025,68015.1834225718
"48499",294402.981309202,47768.7165842565
"48501",22771.4051522418,535.485656228017
"48503",35178.4985921882,17086.7097782143
"48505",57492.1563500605,10920.3476422693
"48507",76958.0295720591,21512.2680420258
"49001",22410.2064697263,699.831068832764
"49003",755540.459479526,21344.8475993993
"49005",2750851.90287024,48739.1521039885
"49007",221162.336370992,5423.69078345393
"49009",6171.53306635533,174.957767208191
"49011",16591009.2975079,519558.976730409
"49013",40742.1386949293,1224.70437045734
"49015",29654.0098077617,874.788836040956
"49017",16820.8129541657,524.873301624574
"49019",33153.5098159782,1049.74660324915
"49021",220649.010954836,6573.76192361856
"49023",77323.1969243669,1924.5354392901
"49025",41197.805642828,1436.97849325218
"49027",61990.5763168715,1924.5354392901
"49029",294600.797113227,9272.76166203413
"49031",11293.2722515368,349.915534416382
"49033",17090.4410196279,524.873301624574
"49035",82284554.4387954,2588008.11549499
"49037",105440.666314711,1750.13357794352
"49039",137656.488196888,3186.73882302704
"49041",141132.7378857,3149.79571560905
"49043",2655998.98460058,83452.0295540148
"49045",1928577.36253776,57036.5974252562
"49047",170328.071971674,5249.28892210735
"49049",11479988.4508137,243770.169908815
"49051",1261848.39284225,39190.5398546348
"49053",616144.807970163,22224.6135266318
"49055",22213.3908012824,699.831068832764
"49057",4941536.28815377,157176.672566192
"50001",1267057.57097313,9372.66932375976
"50003",244504.11271918,10428.219179804
"50005",434944.027961073,5442.74719465306
"50007",17976685.34016,34330.759353689
"50009",132944.704019512,3571.10180898891
"50011",1792500.86578276,5470.95863411395
"50013",454056.406042833,1033.31909763669
"50015",544650.421149807,5532.04553336668
"50017",6801072.63516314,122197.305844176
"50019",317824.81812185,5369.28121073141
"50021",808730.175007032,19984.9180531361
"50023",1842079.10191646,22736.510868562
"50025",361433.7077609,8441.76917092752
"50027",12740676.9302351,220050.683374603
"51001",153715.777614239,14862.1565223416
"51003",35012981.7929162,655165.134972582
"51005",297693.790696361,243426.852370329
"51007",287736.173601668,60239.0303406014
"51009",453759.518116953,90469.9589721758
"51011",266572.012728408,34807.608246261
"51013",6703545.01966123,862209.761745093
"51015",2787626.7457734,361122.116895438
"51017",77743.6458961879,24673.6697448538
"51019",820729.992198317,372853.648562649
"51021",78873.3564763518,40528.6603761144
"51023",605525.885677725,180286.71165911
"51025",42152.6493876349,13797.0205999652
"51027",120770.489775746,35700.1831084141
"51029",1086669.52921951,62745.7836599655
"51031",664238.992265758,337511.109895669
"51033",454593.71256623,92002.2780319273
"51035",407833.137450113,382333.578493928
"51036",96699.8321832491,24137.7464657753
"51037",172281.224631314,13732.717812565
"51041",11264441.3074438,3220493.31130516
"51043",367805.888943499,31802.1768551685
"51045",132819.247932295,3384.26370657063
"51047",531344.251199096,60590.6567262577
"51049",262715.008993738,42374.8057220693
"51051",72339.5651720887,23781.338764963
"51053",272653.888973792,56145.7848598612
"51057",205958.317322309,35521.2422378633
"51059",22858027.2955516,2677115.01852547
"51061",935305.322330023,88787.1992106016
"51063",648105.617976447,388007.083843902
"51065",5499186.44001598,149170.216379634
"51067",585434.071681463,235413.770190222
"51069",648420.868063157,287299.85281058
"51071",1062037.98032978,610611.577866451
"51073",157228.5417334,31082.8391031815
"51075",766676.014144404,406528.159844094
"51077",111268.758970392,56747.1980765137
"51079",3824367.04174514,99867.6832741264
"51081",59835.4018033337,10381.489364704
"51083",354633.889062468,258566.3870409
"51085",3596462.78284534,956063.64177781
"51087",14092241.8913998,4277093.19894295
"51089",403954.499885867,159459.055560404
"51091",27769.6760327408,381.182624
"51093",155382.640562964,31518.0234588208
"51095",505232.772141446,79800.8455082551
"51097",130935.1907351,38304.2194723066
"51099",212405.242287803,31216.5993898421
"51101",214975.95956232,64264.1421722987
"51103",85227.2616678073,21042.4414481241
"51105",66590.6781070545,34150.6250059956
"51107",6185175.08830877,609697.85998781
"51109",2915185.52029621,86718.0551146107
"51111",54284.2149379725,14283.9580199661
"51113",608103.487687683,23429.8052381336
"51115",49468.7116017951,8363.64362444331
"51117",124276.651094225,23957.3263174075
"51119",146181.653314166,41520.9259810828
"51121",11797519.8841424,6971233.23520624
"51125",1728759.64694087,33155.2515286836
"51127",535177.517155777,167877.167214774
"51131",82222.0268192122,18926.2374837966
"51133",77190.5179920797,13639.7952125013
"51135",206319.931082693,37806.1334725068
"51137",2004518.71759389,65308.7409479976
"51139",405819.780127682,22616.574464216
"51141",133700.808653589,65577.6512326055
"51143",578960.80097024,343205.545787036
"51145",537248.34865638,114744.777998082
"51147",445296.819267152,72300.7146382835
"51149",405346.118203379,105149.478950951
"51153",6387021.42014788,849511.67184792
"51155",2464942.40149137,1454509.81416783
"51157",102584.166280499,10314.5772525267
"51159",243278.518558144,239623.423377904
"51161",2023894.50994689,1231479.91311159
"51163",450605.615188229,49994.1356662335
"51165",2047589.74856877,556931.084978184
"51167",99290.013764076,41370.911241681
"51169",97089.7491818284,37246.2470098562
"51171",341068.754930978,41820.5812668838
"51173",184907.715882745,67887.1228477378
"51175",120232.394162679,25614.8976444859
"51177",1957847.17597657,123341.88195301
"51179",1385211.21656749,187656.410714916
"51181",49262.3356859506,5538.06458629641
"51183",325772.031122509,476207.555397489
"51185",388705.640416378,330136.404531951
"51187",458820.558614555,35855.2907442952
"51191",294108.915629051,119749.347830973
"51193",106255.141738205,15842.4347841285
"51195",119465.400011541,19729.2268159376
"51197",631027.509048887,267791.636966128
"51199",441914.569329529,67691.6908729842
"51510",3988888.35743461,530681.768525459
"51520",128107.866139267,47344.9840806749
"51530",65548.6579180456,12508.9131776679
"51540",22147758.8617927,415323.177055106
"51550",1399884.49116587,608280.519014586
"51570",244177.671385494,80101.2226998936
"51580",149083.289838699,25908.8339726825
"51590",537830.278061068,145718.451314241
"51595",67589.5118830938,12889.6233341022
"51600",575198.703935637,34203.3069307841
"51610",263635.189615168,35019.3162502162
"51620",40610.1898124516,12403.4350314358
"51630",321213.574179712,26911.1082862609
"51640",90798.7220008052,32883.7417747436
"51650",1380658.98131635,347376.079857925
"51660",1187063.09383037,58905.6115324322
"51670",142388.489171894,47024.2506287156
"51678",133860.266054163,28112.4734672974
"51680",1176686.69508784,607327.15259194
"51683",641077.028682997,77778.0069494816
"51685",154178.33705359,23371.694814799
"51690",141383.170561297,44830.6312936651
"51700",1452169.94322923,275945.598528204
"51710",2561551.75814126,875315.127372258
"51720",29357.4658987249,381.182624
"51730",306389.693895883,80945.0238137427
"51735",112130.000115498,26245.2847289574
"51740",492442.662332939,58678.7241526103
"51750",2190852.30702495,1281182.85946204
"51760",16764137.5087683,5853376.77217466
"51770",1233121.81661332,556360.703649705
"51775",381018.940727813,155506.720746231
"51790",923866.424854651,56348.0078324101
"51800",617171.319162405,313780.644641289
"51810",3510148.02136229,448970.104790751
"51820",1853815.78885137,64895.9734977646
"51830",133275.212730869,19175.2226058096
"51840",370706.335469343,254185.780869064
"53001",248464.365493753,31.1006624560153
"53003",238434.5744143,7936.69216209182
"53005",9006884.47812241,31824.5682602699
"53007",1586950.42955697,13717.6293318714
"53009",1929058.04184077,17914.0990842625
"53011",12420460.1219191,148111.677408734
"53013",5919.39569847465,31.1006624560153
"53015",1635561.70775352,16476.4379801962
"53017",489874.466799914,15241.2280632903
"53019",123594.227195877,0
"53021",2018293.32492734,18373.804643993
"53023",37669.4989022517,1866.53593526012
"53025",674083.939019416,5629.12022701947
"53027",1539142.27577422,19664.5426846049
"53029",1827395.15468039,35987.9022562074
"53031",228658.72196536,7998.89419409877
"53033",363751218.854208,9003511.73449389
"53035",11577328.1000971,267572.955620122
"53037",907299.034444282,15036.6638921472
"53039",96721.3404565639,2317.9736770585
"53041",1334083.31307985,24183.8208915424
"53043",501743.54414856,933.267967630058
"53045",1277403.21643655,14243.843824489
"53047",395277.53612201,4932.46932051063
"53049",107627.733407685,3708.59624643955
"53051",398340.672685896,1231.40177582439
"53053",17761624.1282787,439046.964819335
"53055",196876.021130076,1965.89344497527
"53057",4105377.12600986,57941.8378970073
"53059",119279.538060221,4601.08617572628
"53061",72063328.508881,1693162.75246041
"53063",4746114.13423152,48153.1430706642
"53065",234076.822736198,4536.2718395803
"53067",4014696.52697428,74328.8889733427
"53069",9853.14714591872,267.717723577236
"53071",1941249.70602199,28407.229974982
"53073",2667231.04369487,24245.4798611675
"53075",5180784.27797529,21133.7150379476
"53077",2394868.07754353,49862.0037613161
"54001",146853.701431506,1569.96694239929
"54003",676430.94448762,37554.406791632
"54005",24779.6263125785,1112.46660400973
"54007",180441.126913536,970.264251427659
"54009",102453.285484819,1957.98822560305
"54011",507835.347493402,4070.1655028496
"54013",18719.6081864423,0
"54015",2453.5683035563,0
"54017",113859.180129102,1137.5418399873
"54019",186787.116923153,38307.9370833501
"54021",75831.0441024971,233.415861028835
"54023",60088.6079446353,1107.34374905821
"54025",126522.298933842,8255.18405985504
"54027",111803.425577343,10620.7263505229
"54029",534730.24464923,33434.3545684833
"54031",22017.732087414,744.336474700991
"54033",1233929.98902365,16961.5719277182
"54035",57916.222424698,386.896030770347
"54037",523672.74206662,32288.0379714519
"54039",453910.543597094,237883.242343424
"54041",142279.883239697,23.3652998035363
"54043",31104.5757714645,1106.04484115126
"54045",74801.93230639,2498.03007648132
"54047",42657.4109798279,22934.2820272617
"54049",2060693.4462872,5113.52632079738
"54051",402012.728331199,23964.6659962339
"54053",100276.012104278,1106.04484115126
"54055",339330.326442304,56577.8649609496
"54057",112417.248628246,9712.59251113986
"54059",27237.9330748243,899.591732327294
"54061",8754233.99019327,41974.5281378481
"54063",129373.245770979,68442.9275466997
"54065",81593.021510214,2154.0430888893
"54067",60116.6284780884,17647.7100357689
"54069",673085.381381972,36889.4112659541
"54071",34338.4066700927,889.660904564828
"54073",48312.2413645633,281.772710361605
"54075",8488.08180842875,1478.35058657063
"54077",1781266.90792934,21545.9065486873
"54079",92967.8692904715,223.783290122866
"54081",237356.744248177,48060.3867798999
"54083",81869.80010168,6716.78024433108
"54085",3987.7736548476,231.629650229015
"54087",69948.2706326224,1857.07973370422
"54089",191777.021084853,40711.8913000889
"54091",479151.506333917,10524.1542940901
"54093",352867.316210548,19094.3697971725
"54095",23328.0254454714,3.64973996698892
"54097",161378.76072603,313.056154857701
"54099",185547.217574067,7.29947993397784
"54101",26858.4557147494,111.331915665207
"54103",7390.44193492262,240.844917097099
"54105",40100.762819247,206.480437441109
"54107",247914.674705575,4597.81457465191
"54109",16007.7795086193,7608.36191806138
"55001",149636.080479431,3028.33977150821
"55003",39141.5853023238,1884.24600701407
"55005",310234.180138615,6931.23142340699
"55007",44579.3424956947,1356.35367756281
"55009",2074320.97448628,64551.5331701481
"55011",146055.774238914,4008.60897704167
"55013",86227.6276871708,602.776888109294
"55015",390977.819458816,10226.0838153767
"55017",311980.07832626,6995.23089052539
"55019",82108.0643874977,3191.96666856317
"55021",4329110.69327882,18340.5324310937
"55023",80298.7510820859,2283.31381729472
"55025",137047891.750405,170774.712334767
"55027",1697674.38597353,30660.584119014
"55029",156442.057554617,8977.39923057098
"55031",267970.146310158,3177.59178859357
"55033",250518.908464985,7201.1238477266
"55035",760435.669255931,20585.4226736038
"55037",5091.65777668115,732.625285522824
"55039",1239001.00758519,17213.9341136003
"55041",226871.155037035,856.29682598522
"55043",1179064.99322003,5781.5716575379
"55045",1597431.28202312,3469.61784619894
"55047",393358.178130211,4170.40038262289
"55049",980733.30543296,1913.90432668164
"55051",83220.4943768057,437.146724079903
"55053",64244.2851579061,2752.12429711724
"55055",1932397.29589818,28622.5448824237
"55057",183690.164345644,1875.61903212766
"55059",1862413.13460667,89470.3363267992
"55061",52364.0854470831,2699.64693009587
"55063",902689.362793417,17435.7307684787
"55065",336530.336868031,1573.69733877558
"55067",305120.27036178,1052.36330948806
"55069",232055.115334611,2844.12663263314
"55071",504817.912007958,16356.9400279467
"55073",1531354.76669627,13859.7819250129
"55075",330266.06440287,6263.23921544839
"55077",249799.363365005,3013.06675263619
"55078",10483.641196616,582.116804681155
"55079",39593714.261792,2098554.41326085
"55081",186105.794025857,7690.70272677461
"55083",300366.449327192,5344.09268992149
"55085",340828.619533243,3571.73375647551
"55087",1765879.1482369,37919.4697302841
"55089",3055361.77677646,130290.22154223
"55091",133144.352355852,3892.57544471753
"55093",678391.506737313,16046.5186278298
"55095",515161.355400507,16657.2911107954
"55097",640440.984602463,15527.9708668155
"55099",50605.2465663585,1623.33340631057
"55101",2538505.59201011,150895.501136805
"55103",917195.537213224,1106.94818849588
"55105",3949913.30992786,41070.7091246734
"55107",94809.1552987197,951.104842901833
"55109",1456645.29312099,52745.4638232869
"55111",4089696.81231792,19665.1031964131
"55113",99453.5199353656,1208.89718225197
"55115",444969.230826616,7174.36733273139
"55117",851447.596478516,33835.6580082817
"55119",154122.782927091,3066.08001103813
"55121",261877.477754908,4921.94438058617
"55123",196417.473065623,4116.20910770085
"55125",213681.98462058,2722.35429178792
"55127",2232115.09608351,36488.1992469212
"55129",102811.387947703,1418.1778111911
"55131",5499861.09958498,349253.479464927
"55133",18535332.2686749,1111905.1292259
"55135",428056.856028275,7755.49556144429
"55137",192899.554767651,3146.75383382723
"55139",2542171.03214155,25994.9885349566
"55141",1742890.60819744,10062.6004957228
"56001",4023595.8548775,681.451098421441
"56003",12014.2372043605,0
"56005",40606.8782958443,572.443374262388
"56007",65794.5247415095,1.73264092536491
"56009",59926.1943438899,1998.79586041634
"56011",22829.7462267692,212.274122794843
"56013",43719.0543016455,0
"56015",42341.1280113394,524.873301624574
"56017",6716.29006576006,0
"56019",14052.0396263577,222.527839846006
"56021",698615.320014509,622.463306341862
"56023",23931.4402220439,387.231890003035
"56025",254222.650516013,2493.63360554632
"56027",32203.9052792149,212.274122794843
"56029",18907.4259280356,224.720620851645
"56031",16083.5347146478,0
"56033",88627.3764935024,387.231890003035
"56035",6232.6922282165,174.957767208191
"56037",33735.0603750015,440.586124279233
"56039",3525.26978496803,212.274122794843
"56041",8374.89614072156,0
"56043",261.967319579745,90.6594410158288
"56045",8098.30132046836,0
