"state","state_code","GEOID","terminated_loss","terminated_loss_noself","terminated_econ_loss","terminated_job_loss","terminated_econ_loss_noself","terminated_job_loss_noself","IDC_loss","IDC_econ_loss","IDC_job_loss","grant_funds","grant_funds_econ","overlap_loss","overlap_econ_loss","overlap_job_loss","overlap_loss_noself","overlap_econ_loss_noself","overlap_job_loss_noself","combined_loss","combined_econ_loss","combined_job_loss","combined_loss_noself","terminated_loss_log","terminated_loss_noself_log","terminated_econ_loss_log","terminated_job_loss_log","terminated_econ_loss_noself_log","terminated_job_loss_noself_log","IDC_loss_log","IDC_econ_loss_log","IDC_job_loss_log","grant_funds_log","grant_funds_econ_log","combined_loss_log","combined_econ_loss_log","combined_job_loss_log","combined_loss_noself_log","rep_name","pol_party"
"Alabama","AL","0101",449649.244737106,449344.075023446,1151102.06652699,4.96298057615257,1150320.83206002,4.95961228102241,1692814.17884398,4333604.2978406,18.6843500505607,11152289.4817693,28549861.0733295,19489.7307118648,49893.7106223739,0.215116907432997,0,0,0,2122973.69286923,5483925.12990062,23.6439623315832,2142158.25386743,13.0162253256261,13.0155464128027,13.9562312288966,1.78557045274049,13.9555523151529,1.78500542544146,14.3419034873143,15.2819103858284,2.97982390635306,16.2271554591476,17.1671626629979,14.5683288201571,15.5173318494607,3.20453193464861,14.5773248754369,"Barry Moore","Republican"
"Alabama","AL","0102",833475.795303647,833242.080089262,2133698.03597734,9.19944652682291,2133099.72502851,9.19686690707947,3520836.26578509,9013340.84040984,38.8610504819624,22193610.4753578,56815642.8169159,31381.4837074101,80336.5982909697,0.346371523834724,0,0,0,4322930.57738133,11146440.5654383,48.0579173890419,4354078.34587435,13.6333611407178,13.6330806914121,14.5733676680849,2.3223334567418,14.5730872185741,2.32208050713249,15.0742093788882,16.0142164643029,3.68539966872645,16.9153150340481,17.8553222650823,15.2794443359467,16.2266308628206,3.89300158764479,15.2866237442841,"Shomari Figures","Democrat"
"Alabama","AL","0103",1397940.05316723,1397630.20359086,3578726.5361081,15.4296919469997,3577933.32119259,15.4262719981239,4550125.86883456,11648322.2242165,50.2217819119839,30881326.4573574,79056195.7308349,56075.5268912802,143553.348841677,0.618930764404281,0,0,0,5891990.3951105,15226255.5454091,65.6480539101078,5947756.07242541,14.1505110357705,14.150289364106,15.0905178583529,2.7990901824516,15.0902961865918,2.79888200418029,15.3306656737987,16.2706727983654,3.93616486954508,17.2456622698056,18.1856695085643,15.5891045961275,16.5385318998728,4.19942584755038,15.598524743836,"Mike Rogers","Republican"
"Alabama","AL","0104",2408384.27366857,2407960.78605756,6165463.74059154,26.5824184295401,6164379.61230735,26.5777442066601,6697075.864075,17144514.212032,73.9186328442677,49362479.7739972,126367948.221433,115486.883898222,295646.422779447,1.2746805833564,0,0,0,8989973.25384535,23308893.8243394,100.496377050928,9105036.65013256,14.6944670699833,14.6942912157075,15.6344740754525,3.31717855632139,15.6342982211322,3.31700907810857,15.7171817002155,16.6571888677157,4.31640262920153,17.714701195091,18.6547084412375,16.0116205425778,16.9643455978047,4.62002310376526,16.0243384062405,"Robert B. Aderholt","Republican"
"Alabama","AL","0105",468438.961595157,468083.910776541,1199203.7416836,5.17037111642231,1198294.81158794,5.16645226114353,2182955.84316131,5588366.95849295,24.094263639968,13685520.7967755,35034933.2397452,22614.8558924075,57894.0310845633,0.249610317019723,0,0,0,2628779.94886406,6786661.7700809,29.2607159011115,2651039.75393785,13.0571632221715,13.056404991726,13.9971691798017,1.81975898463718,13.9964109483695,1.81912367434852,14.5961908658274,15.5361978451677,3.22263927977812,16.4318490288331,17.3718562427976,14.7820307791543,15.7304698868252,3.40985036641187,14.7904628581963,"Dale W. Strong","Republican"
"Alabama","AL","0106",4543414.73663016,4542289.85540356,11631141.7257732,50.1477081330012,11628262.0298331,50.1352923139078,12407188.9837046,31762403.7982837,136.943714798813,91123182.9239126,233275348.285216,214225.886830271,548418.270285494,2.36450728582744,0,0,0,16736377.8335045,43390665.8281168,187.079007112721,16949478.8391081,15.3291896520295,15.3289420364542,16.2691967763983,3.93471768460984,16.2689491607898,3.93447491075494,16.33378669993,17.2737939093068,4.92684573818143,18.3277228185901,19.2677300703942,16.6330952814358,17.5857549259007,5.23686212514898,16.6457477033616,"Gary J. Palmer","Republican"
"Alabama","AL","0107",8519775.97866743,8519120.55195892,21810626.5053886,94.0365922776526,21808948.6130148,94.0293580388287,22716260.379951,58153626.5726745,250.729563872471,168295774.812526,430837183.520068,405710.330186164,1038618.44527658,4.47800705066372,0,0,0,30830326.0284322,79962575.1856893,344.7589219113,31235380.9319099,15.9579007222502,15.9578237892597,16.8979079092169,4.55426199930707,16.8978309762209,4.55418587584766,16.9385915863383,17.8785988180043,5.52835535202752,18.9412335596929,19.8812408145635,17.2440094072804,18.1970692855078,5.84574177472763,17.2570620465255,"Terri A. Sewell","Democrat"
"Alaska","AK","0200",348323.615642299,347737.575091872,891708.456044284,3.8446041195036,890208.192235191,3.83813572685611,1345142.97495011,3443566.01587229,14.8469468924131,14996898.3376146,38392059.7442935,1533.89316512371,3926.7665027167,0.0169302674773823,0,0,0,1691932.69742729,4333774.20810748,18.6850826192692,1692880.55004198,12.7608901275355,12.7592062554484,13.7008956365798,1.57786553292358,13.6992117615443,1.57652946612588,14.1120116098618,15.0520184153347,2.76297685668435,16.5233540268732,17.4633612447312,14.3413826324628,15.2819495926607,2.97986112145417,14.3419426941325,"Nicholas J. Begich III","Republican"
"Arizona","AZ","0401",423409.266869702,408528.067568172,1083927.72318644,4.67335816046111,1045831.85297452,4.50910768312176,4658323.37606584,11925307.8427286,51.416006372632,29680589.5717657,75982309.3037201,12743.9937473811,32624.6239932957,0.140661180177988,0,0,0,5068988.64918816,12971139.6957031,55.9251140557538,5066851.44363402,12.9560968860183,12.9203183475883,13.8961027053018,1.73578121057702,13.8603241144467,1.70640266506334,15.3541663654874,16.2941734931646,3.95921200980859,17.206003874036,18.1460111119964,15.4386520754694,16.3782375012074,4.04173661556227,15.4382303629829,"David Schweikert","Republican"
"Arizona","AZ","0402",155220.585864645,137775.283002821,397364.699813491,1.71323928969492,352704.724487221,1.52068765025215,2997086.43867082,7672541.2829973,33.0801885119814,21482249.4596864,54994558.6167972,5829.00576529409,14922.2547591529,0.0643373534594722,0,0,0,3146478.01877017,8025246.00748452,34.6008761622336,3134861.72167364,11.9526089612394,11.8333865110131,12.8926122938838,0.998143230928075,12.7733893465637,0.924531741383337,14.9131515212722,15.8531585764413,3.52871623340067,16.882737592121,17.822744822246,14.96179461381,15.8981030062555,3.57237024885383,14.9580959421506,"Elijah Crane","Republican"
"Arizona","AZ","0403",263902.708686701,231975.644819679,675590.934237953,2.91281267017785,593857.650738379,2.56041933319304,4358326.89798982,11157316.8588539,48.1048105660518,29031857.2670808,74321554.6037268,9170.15274234574,23475.5910204051,0.10121509259339,0,0,0,4613059.45393417,11751174.5095923,50.6652298992448,4590302.5428095,12.4833395757716,12.3543919767003,13.4233445251796,1.36425646837359,13.2943966083075,1.26987832814998,15.2875990321312,16.2276061508042,3.89395700486992,17.1839043459081,18.1239115834097,15.3444020675775,16.27946383692,3.94478501946276,15.3394567111812,"Yassamin Ansari","Democrat"
"Arizona","AZ","0404",283067.242240535,268663.806332132,724652.14013577,3.12434023058622,687779.344210257,2.96536304230014,5837397.48683616,14943737.5663006,64.4299766574454,37174535.7820913,95166811.6021536,10039.2073091453,25700.370711412,0.110807237993667,0,0,0,6110425.52176755,15631516.9105108,67.3953396997455,6106061.2931683,12.5534432862153,12.5012198084746,13.493448391955,1.41690606289391,13.4412247988026,1.37759741263555,15.5797957909727,16.5198029450727,4.18098051212544,17.4311345897646,18.3711418318638,15.6255071358746,16.5647998128781,4.22530468926269,15.624792654185,"Greg Stanton","Democrat"
"Arizona","AZ","0405",203954.601508049,187779.47819827,522123.779860605,2.25113849861617,480715.464187572,2.07260640111373,4438505.14653912,11362573.1751401,48.9897738898816,28425834.741941,72770136.9393689,7230.03376035433,18508.8864265071,0.0798011284074213,0,0,0,4635229.71428682,11843288.6393277,51.0623802909953,4626284.62473739,12.225657609473,12.1430288903972,13.1656618801774,1.17900524226489,13.0830329037377,1.12252619200124,15.3058284243131,16.2458355455117,3.91181846230826,17.1628089988201,18.1028162358742,15.3491965322884,16.2872719899889,3.9524426205918,15.3472648632175,"Andy Biggs","Republican"
"Arizona","AZ","0406",663899.693301021,403431.626751118,1699583.21485061,7.32775896086079,1032784.96448286,4.45285597786794,9578549.79998731,24521087.4879675,105.722754261137,65538680.0847091,167779021.016855,24058.4957294675,61589.7490674368,0.265544417997648,0,0,0,10218390.9975589,25553872.4524504,110.175610239005,9981981.42673843,13.405887858992,12.9077647806346,14.3458941996124,2.11959438767344,13.8477705286496,1.69613950405432,16.0750368650163,17.0150440598891,4.6702343901283,17.9981510772105,18.938158326404,16.1396997915701,17.0562994659591,4.71111102537657,16.1162922685151,"Juan Ciscomani","Republican"
"Arizona","AZ","0407",912737.911264804,529651.8602611,2336609.0528379,10.074298083996,1355908.76226842,5.84600535943476,13678228.3788811,35016264.6499356,150.972747213788,91282503.4625984,233683208.864252,32273.5845476373,82620.3764419515,0.356218041301035,0,0,0,14558692.7055983,36372173.412204,156.818752573223,14207880.2391422,13.7242051507339,13.1799770902953,14.6642117415918,2.40462693550248,14.1199831982684,1.92366532296406,16.4313160304134,17.3713232443541,5.02370121012494,18.3294697002867,19.2694769521025,16.4936988786858,17.4093146010492,5.06144723895078,16.4693073854476,"Raúl M. Grijalva","Democrat"
"Arizona","AZ","0408",306066.036384539,283409.713049836,783529.05314442,3.37818824645102,725528.865407579,3.12812023465461,3620047.39386273,9267321.32828859,39.9560882416174,23731066.1972556,60751529.4649742,9942.53920810687,25452.9003727536,0.10974026876509,0,0,0,3916170.89103916,9992850.19369617,43.084208476272,3903457.10691256,12.6315594300936,12.5546524073938,13.5715646975977,1.47663499645197,13.4946575157349,1.41782215436716,15.101997952183,16.042005042341,3.71250047425702,16.9822955998936,17.9223028327067,15.1806251762144,16.1173805146789,3.78610163388698,15.177373412299,"Abraham J. Hamadeh","Republican"
"Arizona","AZ","0409",240053.799552089,187117.047390199,614537.726853349,2.64958155351779,479019.641318908,2.06529485489857,3400009.22678944,8704023.62058097,37.5274282094285,22525139.5259012,57664357.186307,8428.20314496995,21576.2000511231,0.093025861802147,0,0,0,3631634.82319656,9183043.26189988,39.5927230643271,3587126.27417964,12.3886225077275,12.1394949661363,13.3286272277329,1.29461251815056,13.0794989679884,1.12014376538063,15.0392889974611,15.9792960767252,3.65137040866646,16.930142600103,17.8701498315413,15.1051937447324,16.0328693265666,3.70358881567441,15.0928622379534,"Paul A. Gosar","Republican"
"Arkansas","AR","0501",366852.553757679,366641.677421984,939142.537619658,4.04911632771854,938602.69420028,4.04678879093232,4017911.17152066,10285852.5990929,44.3474893694576,24691997.2130272,63211512.8653497,46424.0736771226,118845.628613434,0.512403342432261,0,0,0,4338339.65160122,11224455.2932932,48.3942781603899,4384552.84894265,12.812718011318,12.8121430217474,13.7527236087229,1.61921324336548,13.7521486181969,1.61875215804424,15.2062729653627,16.1462800721895,3.81435481382596,17.0219897901254,17.9619970239378,15.2830024946259,16.2336055532964,3.89983459077269,15.2935984337871,"Eric A. “Rick” Crawford","Republican"
"Arkansas","AR","0502",2089326.02232259,2089027.72399488,5348674.61714584,23.060829273937,5347910.97342689,23.0575368213784,19891617.0690836,50922539.6968541,219.552707577316,120813004.033572,309281290.325945,284826.806991006,729156.625896976,3.1437613366623,0,0,0,21696116.2844152,56270450.670281,242.610244398695,21980644.7930785,14.5523525731995,14.5522097905614,15.49235954003,3.18058517686599,15.4922167573503,3.18044832880439,16.8058089984054,17.7458162262621,5.39613670295402,18.609754495233,19.5497617486805,16.8926438755159,17.8456801182171,5.49556958913332,16.9056728874489,"J. French Hill","Republican"
"Arkansas","AR","0503",392155.985982078,391587.541730048,1003919.32411412,4.32840166870273,1002464.10682892,4.32212749430019,2872375.15283872,7353280.39126712,31.7036940633505,19477660.2035749,49862810.1211517,15428.8187979589,39497.7761227747,0.170294799565419,0,0,0,3249102.32002284,8355744.49809604,36.0258215576507,3263962.69456877,12.8794175130482,12.8779669290726,13.8194232176327,1.67305131866657,13.8179726314014,1.67187312835653,14.870650173011,15.8106572193523,3.48748803982095,16.7847787875526,17.7247860147582,14.9938896147067,15.9384599438104,3.61161554917576,14.9984528720168,"Steve Womack","Republican"
"Arkansas","AR","0504",421837.91545334,421426.544171139,1079905.06356055,4.6560144494486,1078851.95307812,4.65147395992916,3617894.56610898,9261810.089239,39.9323265152258,22244377.6928487,56945606.8936927,49148.9944401601,125821.42576681,0.542479516198364,0,0,0,3990583.48712216,10340662.0423171,44.583800475155,4039321.11028012,12.9523788032105,12.9514031416977,13.8923846171329,1.73271948330257,13.89140895421,1.73191638899921,15.101403079432,16.04141016949,3.71192013020886,16.9175998916389,17.8576071227358,15.1994482661383,16.1515945490039,3.81955240066531,15.2115874413731,"Bruce Westerman","Republican"
"California","CA","0601",231375.380621957,226566.262791614,592320.97439221,2.5537939477649,580009.632746533,2.50071355530394,3112335.23691746,7967578.20650871,34.3522412371171,17748705.3785571,45436685.7691063,10380.8074637281,26574.8671071438,0.114577632255079,0,0,0,3333329.81007569,8547587.83925524,36.852954792421,3338901.49970908,12.3518010168897,12.330797145787,13.2918056416819,1.26801575049539,13.2708017146762,1.25296682066009,14.9508842037259,15.8908912664239,3.56536179166568,16.6918231911485,17.6318304153065,15.0194826053126,15.9611597940368,3.63370904268644,15.0211527180529,"Doug LaMalfa","Republican"
"California","CA","0602",762111.230994893,711561.120269721,1951004.75134693,8.41176379270197,1821596.46789049,7.85381952705983,22460324.5801174,57498430.9251006,247.904685551907,120454808.077597,308364308.678649,34464.5789367586,88229.3220781021,0.380401029981525,0,0,0,23187971.2321756,59320027.3929911,255.758505078967,23171885.7003871,13.5438491085936,13.4752180015831,14.4838555674978,2.24196037415219,14.4152244036838,2.18084895089234,16.9272610031676,17.8672682345279,5.51707003423415,18.6067852121526,19.5467924655851,16.9591442639327,17.898457553875,5.54813597417615,16.9584503216816,"Jared Huffman","Democrat"
"California","CA","0603",707371.66715107,697226.958104306,1810871.46790674,7.8075786522092,1784901.01274702,7.69560694417431,4983140.81604376,12756840.489072,55.0011622786505,29560563.9487227,75675043.7087301,30016.4158363856,76842.0245411471,0.331304656919413,0,0,0,5660496.06735844,14541741.501819,62.6967692228248,5680367.77414806,13.4693129165437,13.4548676923752,14.4093193135724,2.17561256133351,14.3948740768695,2.16281794918541,15.4215711368312,16.3615782730354,4.02537244549567,17.2019517657941,18.1419590036711,15.5490222674114,16.49253386483,4.15413384265491,15.5525267136159,"Kevin Kiley","Republican"
"California","CA","0604",638154.380551377,617883.762734867,1633675.21421153,7.04359638614511,1581782.43260126,6.81986047717283,33311896.9906757,85278456.2961299,367.678361866657,182126729.13871,466244426.595097,29217.4338522771,74796.6306618293,0.32248593407213,0,0,0,33920833.9373748,86860238.7287312,374.49822234383,33929780.7534106,13.3663370758591,13.3340572509859,14.3063433794494,2.08487629488641,14.2740635232493,2.0566667126043,17.3214251881526,18.261432428351,5.90992461587662,19.0202133221666,19.9602205773122,17.3395399834841,18.2798109450111,5.92825373708867,17.3398037044795,"Mike Thompson","Democrat"
"California","CA","0605",656806.922898628,647362.810484636,1681425.72262049,7.24947286975711,1657248.79484067,7.14523396127846,4951067.8420298,12674733.6755963,54.6471584658703,30047550.0308178,76921728.0788936,27810.2331718253,71194.1969198726,0.306954028424397,0,0,0,5580064.53175661,14331982.470437,61.7923924271487,5598430.65251444,13.3951468999261,13.3806637191352,14.3351532306345,2.11014930373035,14.3206700363086,2.09743296616921,15.4151140389186,16.3551211743306,4.01903101560695,17.2182917191459,18.158298957357,15.5347110783309,16.4780042040737,4.13983392644106,15.5379970544297,"Tom McClintock","Republican"
"California","CA","0606",586559.235560354,576121.967868219,1501591.64303451,6.47411760816132,1474872.23774264,6.3589167990185,5830494.81016391,14926066.7140196,64.3537887161804,34239880.7417229,87654094.6988105,25558.3282993763,65429.3204464033,0.282098743394748,0,0,0,6391495.71742488,16400938.9517622,70.7127055151989,6406616.77803213,13.2820306452297,13.2640764027755,14.2220368648248,2.01144606657788,14.2040826035495,1.99591274786322,15.5786125993356,16.518619753312,4.17981541415375,17.348901655427,18.2889088961213,15.6704790270056,16.6128492052839,4.27266793574503,15.6728420419089,"Ami Bera","Democrat"
"California","CA","0607",639817.056956299,628380.192490107,1637931.66580812,7.06194809205507,1608653.29277467,6.9357142845659,6701576.65807607,17156036.2446747,73.9683101282084,39319541.1985102,100658025.468186,27566.6152678094,70570.5350855921,0.304265108249872,0,0,0,7313827.09976455,18764689.5374494,80.9040244127743,7329956.85056617,13.3689391289131,13.3509022557147,14.308945434985,2.08715522608023,14.290908544452,2.07137336688561,15.7178535279968,16.6578606955582,4.31706549262078,17.4872322102078,18.4272394532012,15.8052773745119,16.7474874989391,4.4055481277809,15.8074803235825,"Doris O. Matsui","Democrat"
"California","CA","0608",1108961.19947176,1026710.23823397,2838940.6706477,12.2401026068731,2628378.20987896,11.3322618225932,25238215.1457398,64609830.7730939,278.565510808985,154135433.777578,394586710.470601,67465.4333861311,172711.509468496,0.744646275682831,0,0,0,26279710.9118254,67238208.9829728,289.897772631578,26264925.3839738,13.9189351805142,13.8418712792035,14.8589418895053,2.58325030024266,14.7818779441735,2.51221874095269,17.0438699174558,17.9838771518023,5.63323665085199,18.853342220499,19.7933494750369,17.0843077892613,18.0237522448382,5.67297190865362,17.0837450095478,"John Garamendi","Democrat"
"California","CA","0609",940089.237342402,924819.732485706,2406628.44759655,10.3761869488033,2367538.51516341,10.2076505687287,6527646.2787566,16710774.4736169,72.0485624487254,39889453.6559819,102117001.359314,33154.2407846095,84874.8564086003,0.365938239543369,0,0,0,7434581.2753144,19078312.9887803,82.2562130174542,7452466.01124231,13.7537311468115,13.7373551949942,14.6937377570937,2.43152230654077,14.677361794574,2.4165966315973,15.6915571421131,16.6315643072516,4.29112445899863,17.5016225525919,18.4416297958068,15.8216529527492,16.7640628547121,4.4219227569161,15.8240556779888,"Josh Harder","Democrat"
"California","CA","0610",1502659.85968421,1426682.66013871,3846809.24079159,16.5855314636125,3652307.60995509,15.7469370036235,21155003.4510131,54156808.8345936,233.4972702494,131101360.037401,335619481.695747,80320.113694209,205619.491057175,0.88652915312198,0,0,0,22577343.1970031,57809116.4445487,249.244207253023,22581686.1111518,14.2227480010147,14.1708631901311,15.1627548539755,2.86707648802328,15.1108700214956,2.81821537609383,16.8673870525363,17.8073942822226,5.45744394709107,18.6914813303536,19.6314885841969,16.9324574922751,17.8726570624579,5.52243727008735,16.9326498309518,"Mark DeSaulnier","Democrat"
"California","CA","0611",2410674.68025803,2078795.32742232,6171327.18146055,26.607698675305,5321716.03820114,22.9445972667555,71205728.1295846,182286664.011737,785.929587904779,436456474.289635,1117328574.18146,98532.8757178536,252244.161837705,1.08755158387083,0,0,0,73517869.9341248,187608380.049938,808.874185171534,73284523.4570069,14.6954176314241,14.5472995954333,15.6354246371338,3.31809467133832,15.4873065607863,3.17574271455752,18.0810838384482,19.0210910883817,6.6681387754247,19.8941992153046,20.8342064723999,18.1130390765897,19.0498672686448,6.69687890865328,18.1098600184685,"Nancy Pelosi","Democrat"
"California","CA","0612",1413345.59275242,1207118.34387389,3618164.71744618,15.599729803443,3090222.96031715,13.3235070755344,49851085.9837397,127618780.118374,550.228815756297,312252625.266252,799366720.681604,132748.188898382,339835.363579859,1.46520135579744,0,0,0,51131683.3875937,130709003.078691,563.552322831832,51058204.3276136,14.1614709201605,14.0037473716407,15.1014777474943,2.809386418329,14.9437541253145,2.66190203905694,17.7245508592245,18.664558105492,6.31214999655559,19.5593231177152,20.4993303742551,17.7499149097483,18.6884840674128,6.33603306810187,17.7484768208562,"Lateefah Simon","Democrat"
"California","CA","0613",631376.02078095,624940.422197639,1616322.61319923,6.96878058633547,1599847.48082596,6.89774799562455,4082214.68252569,10450469.5872658,45.0572360883317,24025100.700107,61504257.7922739,26212.7136126223,67104.5468483131,0.28932148787163,0,0,0,4687377.98969402,12050317.0680917,51.9549840839562,4707155.10472333,13.3556584603686,13.3454131998423,14.2956647537073,2.07553148063657,14.285419483242,2.06657765498956,15.2221504584195,16.1621575676354,3.82988488582549,16.9946097459067,17.934616979034,15.3603841333956,16.3046016132448,3.96944219573768,15.3645944842105,"Adam Gray","Democrat"
"California","CA","0614",1891034.56599794,1815742.78396968,4841048.48895472,20.8721974510778,4648301.52696239,20.0411682519325,25952947.9714868,66439546.8070061,286.454337873277,159487154.970473,408287116.724412,103067.221549831,263852.087167569,1.13759919443186,0,0,0,27740915.3159349,71087848.3339685,306.49550612521,27768690.7554565,14.4526351555007,14.4120057400671,15.3926420917481,3.0852163075139,15.3520126629522,3.04648091161,17.0717958016393,18.0118030366508,5.66106402283481,18.8874739501158,19.8274812047865,17.138419004603,18.0794269847257,5.72846047291282,17.1394197481789,"Eric Swalwell","Democrat"
"California","CA","0615",2360424.9448488,2206729.90043406,6042687.85881294,26.0530697868731,5649228.54511121,24.3566685830253,44602722.8332398,114182970.453094,492.300275505429,279895323.431071,716532027.983543,102933.431405246,263509.584397429,1.13612249254337,0,0,0,46860214.3466833,119832198.998205,516.656944088455,46809452.7336738,14.6743526458217,14.6070227477795,15.61435964615,3.29780048450498,15.5470297301271,3.23304175591723,17.6133054876196,18.5533127324488,6.20111806673422,19.4499262499198,20.3899335062342,17.6626795865665,18.6016029888176,6.24931275276226,17.6615957433443,"Kevin Mullin","Democrat"
"California","CA","0616",4743157.00358578,4706144.58087631,12142481.9291796,52.3523532041099,12047730.1270434,51.9438304786001,44437974.3004828,113761214.209236,490.481871988482,255422387.227839,653881311.303267,205746.95519277,526712.205293492,2.27092151087958,0,0,0,48975384.3488758,125808944.336279,542.425702467082,49144118.8813591,15.3722137173105,15.3643797829538,16.3122208473274,3.97691808556806,16.3043869119603,3.96923154927401,17.6096049614026,18.5496122061812,6.1974250558724,19.3584291571877,20.2984364132934,17.7068283900411,18.6502750073042,6.29789299522421,17.7102677612125,"Sam T. Liccardo","Democrat"
"California","CA","0617",3845014.57384807,3817867.65172989,9843237.30905107,42.4391520021089,9773741.18842853,42.1395192355653,30320003.9081727,77619210.0049221,334.655494758164,176064845.133235,450726003.541081,166384.002515005,425943.046438412,1.83645493088125,0,0,0,33998634.4795058,87392951.1933506,376.795013993729,34137871.5599026,15.1622882113293,15.1552028803004,16.1022953113364,3.77136115430505,16.0952099791806,3.76443949661438,17.2273182806175,18.1673255190108,5.81608532075029,18.9863629290825,19.9263701841128,17.3418309488194,18.2859251988543,5.93435175750475,17.3459179582132,"Ro Khanna","Democrat"
"California","CA","0618",1662923.10734515,1649167.23047546,4257083.15480357,18.3544288753659,4221868.11001719,18.2025990869003,15140066.4757699,38758570.177971,167.107710555227,88847744.2688241,227450225.32819,71579.6138921716,183243.811563959,0.79005633291578,0,0,0,16731409.9692229,42980438.2879882,185.310309642127,16789233.7062454,14.3240881211416,14.3157816160321,15.2640950131851,2.96292127573405,15.2557885050191,2.95504563898155,16.5328552627516,17.4728624809939,5.1246049082218,18.3024347354148,19.2424419870477,16.632798407077,17.57625566988,5.22741361500355,16.6362484476841,"Zoe Lofgren","Democrat"
"California","CA","0619",2254610.45021188,2239879.31755721,5771802.75254241,24.8851477060398,5734091.05294645,24.7225535816516,20356554.6136006,52112779.8108175,224.684431981548,120961982.491682,309662675.178706,96785.7052966168,247771.405559339,1.06826727957072,0,0,0,22514379.3585159,57846870.863764,249.406985563199,22596433.9311578,14.6284882101798,14.6219329927418,15.5684951983919,3.25366935657826,15.5619399791763,3.24736817833113,16.8289135611504,17.7689207897068,5.41913770484524,18.6109868681751,19.5509941216288,16.9296647900651,17.873309936914,5.52308753645342,16.9333027053903,"Jimmy Panetta","Democrat"
"California","CA","0620",1874510.33925928,1872206.97840023,4798746.46850376,20.689812142307,4792849.86470459,20.664388914453,2489709.06842912,6373655.21517856,27.4800366986249,15425673.409329,39489723.9278822,76147.1217432723,194936.631662777,0.840469967569366,0,0,0,4288072.28594513,11166505.0798831,48.1444256130779,4361916.04682935,14.4438585643579,14.4426290294213,15.3838654977646,3.07684266377348,15.3826359624281,3.07566984867605,14.7276768232795,15.6676838370136,3.34920337511826,16.5515438486365,17.491551067624,15.2713480725254,16.2284293271178,3.89476342435395,15.2884222083298,"Vince Fong","Republican"
"California","CA","0621",721563.695632665,718450.804302282,1847203.06081962,7.96422244181801,1839234.05901384,7.92986406272766,2070013.70687457,5299235.0895989,22.8476705784184,12580527.9844599,32206151.6402174,30066.0826062476,76969.1714719939,0.331852851355388,0,0,0,2761511.31990099,7138469.14861274,30.7775346411461,2788464.51117685,13.4891773214126,13.484853904036,14.4291837353849,2.19324137064842,14.4248603143492,2.18940117223365,14.5430662699866,15.4830732340961,3.17168654289637,16.3476608579916,17.2876680680451,14.831289029621,15.7810090464576,3.45875958230162,14.8410020065003,"Jim Costa","Democrat"
"California","CA","0622",1698209.91863272,1696523.68665296,4347417.39169976,18.7439052529299,4343100.63783157,18.7252935535656,2251789.9318826,5764582.22561945,24.8540163790183,13708132.4984048,35092819.1959162,69070.2985058462,176819.964174966,0.762359892484628,0,0,0,3880929.55200947,10107682.863451,43.5793099325839,3948313.61853555,14.3450858540596,14.3440924146201,15.2850927537175,2.9828448489336,15.2840993139214,2.98190174893124,14.6272364272903,15.5672434151638,3.25246596138125,16.4334999006515,17.3735071146894,15.1715855158363,16.1288064711257,3.79726984853293,15.1887993669722,"David G. Valadao","Republican"
"California","CA","0623",3970384.23699905,3969482.85369621,10164183.6467176,43.822913256775,10161876.1054623,43.8129642846017,6411721.17696667,16414006.2130347,70.7690450577681,36139510.0885379,92517145.826657,157076.092005162,402114.795533214,1.73371934396411,0,0,0,10225029.3219606,26575882.318497,114.58200934237,10381204.0306629,15.1943736849831,15.1941466325477,16.1343807899944,3.80271946529602,16.1341537375242,3.80249747891095,15.6736384631651,16.6136456266157,4.27345325576294,17.4028973147728,18.3429045564025,16.1403492253617,17.0955147203416,4.74998031560069,16.1555075205499,"Jay Obernolte","Republican"
"California","CA","0624",3998630.72536519,3995948.11018707,10236494.6569349,44.1346824296281,10229627.1620789,44.1050732015951,6933492.84815023,17749741.6912646,76.5280732326841,46006641.0304297,117777001.0379,161961.435286262,414621.274332831,1.78764107094513,0,0,0,10770162.1382292,27979368.8533435,120.633146434279,10929440.9583373,15.2014627919066,15.2007916834811,16.1414698980022,3.80965096271402,16.1407987894743,3.8089947280226,15.751874406911,16.6918815775138,4.35064010602839,17.6442963359957,18.5843035812418,16.1922901964857,17.1469780056236,4.80100951819552,16.2069708028875,"Salud O. Carbajal","Democrat"
"California","CA","0625",2619762.44855248,2614925.81943073,6706591.86829434,28.9154942401861,6694210.09774268,28.8621101932513,5161328.04575332,13212999.7971285,56.967894726926,29263844.3937271,74915441.6479415,104968.451524906,268719.235903759,1.15858392318996,0,0,0,7676122.04278089,19907209.8948712,85.8300049201772,7776253.86518406,14.7785945848491,14.7767466701682,15.7186016107337,3.39837654818926,15.7167536956226,3.39659045918042,15.4567046712995,16.3967118117255,4.05988931809611,17.191863366443,18.131870604111,15.8536251655254,16.8065925805856,4.46395224073704,15.8665854004577,"Raul Ruiz","Democrat"
"California","CA","0626",13117852.8070168,13115251.626699,33581703.185963,144.787630456527,33575044.1643494,144.758920061607,9539025.79484878,24419906.0348129,105.286510072828,60728776.3703198,155465667.508019,532858.932101931,1364118.86618094,5.88140325109958,0,0,0,22124019.6697637,57994950.1991623,250.045430134434,22654277.4215478,16.389484746317,16.3892864335222,17.3294919583546,4.98215097685705,17.3292936455506,4.98195402446668,16.0709020251022,17.0109092197114,4.6661383729941,17.9219282354518,18.8619354839089,16.9121744843651,17.8758665164315,5.52563391930542,16.9358592848389,"Julia Brownley","Democrat"
"California","CA","0627",13391104.3083512,13389626.4341716,34281227.0293791,147.803629948131,34277443.6714793,147.787317987346,10047878.1618865,25722568.0944295,110.902942087996,61892623.462406,158445116.063759,546369.11032982,1398704.92244434,6.03052115335375,0,0,0,22892613.3599079,60000011.7659089,258.690260075342,23437504.5960582,16.4101012615608,16.4099908930959,17.3501084745463,5.00262751691415,17.3499981060764,5.00251789018717,16.1228721415317,17.062879339376,4.71763190709017,17.9409115780904,18.8809188267362,16.9463248994701,17.9098553329515,5.55948961344226,16.96984810046,"George Whitesides","Democrat"
"California","CA","0628",11676098.7040063,11671262.001592,29890812.6822562,128.874343171874,29878430.7240755,128.820958315975,17370375.6032032,44468161.5442003,191.724633652116,97526531.0530131,249667919.495714,499481.601712181,1278672.90038318,5.51300267143218,0,0,0,28546992.7054974,74346592.2682758,320.545591968091,29041637.6047952,16.273054550146,16.2726402247642,17.2130617564475,4.86656739201968,17.2126474310441,4.86615625746049,16.670276819226,17.6102840426362,5.26126240145944,18.3956350225698,19.335642274813,17.1670621892399,18.1242484096226,5.7731393437887,17.184241172114,"Judy Chu","Democrat"
"California","CA","0629",19986277.7831576,19983669.1781734,51164871.1248834,220.597520374785,51158193.0961239,220.568728030489,14472687.8146494,37050080.8055025,159.741552664722,89235325.3484836,228442432.892118,819135.771259414,2096987.5744241,9.0411692437493,0,0,0,33639829.8265476,88208273.9016264,380.310280695211,34456356.9928228,16.8105565352287,16.8104260069165,17.7505637632305,5.40086276516605,17.7504332349144,5.40073282591892,16.4877739012934,17.4277811176797,5.07979781221734,18.3067875544459,19.2467948061085,17.331221364119,18.2952113363226,5.94361342872194,17.3552040955165,"Luz M. Rivas","Democrat"
"California","CA","0630",37784777.2783797,37779360.1295404,96729029.8326519,417.04754962168,96715161.9316235,416.987758118009,28695942.5489141,73461612.9252201,316.730000442716,174186743.344594,445918062.962161,1559815.42296375,3993127.48278721,17.2163830744971,0,0,0,64920904.40433,170176774.856844,733.717758560726,66475302.6784546,17.4474168884398,17.4472735096125,18.3874241308038,6.03559518113093,18.3872807519741,6.03545214529687,17.1722663309814,18.1122735682372,5.76120196691706,18.9756385250246,19.9156457800177,17.9886802469757,18.9523483127182,6.59948642350701,18.0123410633936,"Laura Friedman","Democrat"
"California","CA","0631",7658827.43588481,7656511.50743834,19606598.2358651,84.5339167035055,19600669.4590421,84.5083547615471,15457108.417026,39570197.5475865,170.607044791181,80495654.5298124,206068875.59632,328399.933537113,840703.829855009,3.6246974957278,0,0,0,22787535.9193737,59170867.0066286,255.115399552728,23113619.9244643,15.8513695843124,15.8510671518073,16.7913767632389,4.4489129838741,16.7910743307097,4.44861408767809,16.5535796119103,17.4935868309782,5.14520723977285,18.2037137723587,19.1437210232799,16.9417243181268,17.8959398842534,5.54562812241185,16.9559326521262,"Gilbert Ray Cisneros, Jr.","Democrat"
"California","CA","0632",38882808.073391,38877736.8921219,99539988.667881,429.167008447514,99527006.4438321,429.11103554323,21729675.9057077,55627970.3186118,239.840188120788,139095503.890609,356084489.959959,1587419.0197275,4063792.6905024,17.5210563641198,0,0,0,59025064.9593713,155154976.762444,668.951223664019,60607412.7978297,17.4760627847766,17.4759323540769,18.416070027596,6.06417352502146,18.4159395968942,6.06404339754755,16.8941894835398,17.8341967139879,5.4841335936987,18.7506713407037,19.6906785948142,17.8934727584172,18.8599350318918,6.50720490923346,17.9199277834548,"Brad Sherman","Democrat"
"California","CA","0633",3143535.07433189,3142122.86263583,8047449.79028965,34.6966078492693,8043834.52834773,34.6810206347927,5977522.81347841,15302458.4025047,65.9766027943559,34028580.8731841,87113167.0353514,127783.839807751,327126.629907844,1.41040760622838,0,0,0,8993274.04800255,23346292.9308525,100.657623429149,9119645.67611424,14.9608588625886,14.9604095186107,15.9008659272299,3.57505566604333,15.9004165831649,3.57461891253791,15.6035169621592,16.5435241187063,4.20434334637771,17.3427113727667,18.2827186133504,16.0119876391062,16.9659488113173,4.6216105341058,16.0259416196459,"Pete Aguilar","Democrat"
"California","CA","0634",21361303.5504992,21357930.3505276,54684937.0892779,235.774297062169,54676301.6973507,235.737065539745,18014229.1200144,46116426.5472368,198.831133963685,109428936.42215,280138077.240705,895035.355008379,2291290.50882145,9.87890702334774,0,0,0,38480497.3155052,100792728.244587,434.56819950343,39372159.470542,16.8770916446529,16.8769337204809,17.8170988746173,5.46710735430687,17.8169409504408,5.46695009716188,16.7066725657537,17.6466797904178,5.29747267971897,18.5107859232328,19.4507931761556,17.4656621336651,18.42857678049,6.0766513844991,17.4885695374758,"Jimmy Gomez","Democrat"
"California","CA","0635",4572268.08309024,4570794.02913421,11705006.292711,50.4661754710751,11701232.7145836,50.4499056758122,8236850.29164521,21086336.7466117,90.9138144555596,46458059.2099621,118932631.577503,189270.178376999,484531.656645118,2.08905992820955,0,0,0,12619848.1963584,32787569.4611953,141.363720131372,12807644.3207794,15.3355201567341,15.3351977147277,16.2755272819493,3.94092480492123,16.2752048398999,3.94060862896083,15.924128704057,16.864135888567,4.52085133858216,17.6540605326046,18.5940677779794,16.3507814654305,17.3055600521811,4.95838519215903,16.3655528412687,"Norma J. Torres","Democrat"
"California","CA","0636",118171048.670629,118164962.014251,302517884.596811,1304.30691495725,302502302.756482,1304.2397337983,46720973.5525707,119605692.294581,515.680359645472,315292592.829251,807149037.642882,4761680.45745015,12189901.9710724,52.5568048801843,0,0,0,160130341.76575,422107995.051063,1819.92009344378,164885935.566821,18.5876437062924,18.5875921977956,19.5276509596272,7.17419347598069,19.5275994511301,7.17414200694527,17.6597037556967,18.5997110011453,6.24742442343362,19.569011634957,20.5090188915157,18.8914986838431,19.8607717540726,7.50709719817382,18.9207644992769,"Ted Lieu","Democrat"
"California","CA","0637",44758939.0092024,44755377.1710899,114582883.863558,494.024503569988,114573765.55799,493.985189963717,27078896.2222944,69321974.3290736,298.881934191777,171731507.806377,439632659.984324,1850692.94881814,4737773.94897445,20.4269289116166,0,0,0,69987142.2826786,183895739.887064,792.867124155494,71834273.3933843,17.6168017594744,17.616722178058,18.5568090043512,6.20460726350509,18.5567294229338,6.20452784285588,17.114265282221,18.0542725182088,5.70338884449994,18.9614428198434,19.9014500747865,18.0638221157544,19.0298795293665,6.67691609731247,18.0898722793581,"Sydney Kamlager-Dove","Democrat"
"California","CA","0638",9784885.54604245,9783013.61390603,25049306.9978687,108.000174521092,25044514.8515994,107.979513165732,12044594.443641,30834161.7757208,132.941596079795,70591845.5859478,180715124.700026,404398.744441363,1035260.78576989,4.46353048998537,0,0,0,21425081.245242,55878676.6273203,240.921109245527,21827608.057547,16.0963495640637,16.0961582372446,17.036356760278,4.6913494833388,17.036165433447,4.69115991195587,16.3041266063887,17.2441338142869,4.89740385478984,18.0724252083431,19.0124324582022,16.8800728611918,17.8386934275655,5.48861167815562,16.8986861969917,"Linda T. Sánchez","Democrat"
"California","CA","0639",3237832.56531674,3236581.77573159,8288851.36721086,35.7374115904417,8285649.34587288,35.7236060642708,8495190.0044312,21747686.4113439,93.7652258425737,48434897.2149781,123993336.870344,130559.94665897,334233.463446963,1.44104874382882,0,0,0,11602462.623089,30033335.7572167,129.488831906845,11731771.7801628,14.9904150114406,14.990028632334,15.9304220817275,3.60379562522133,15.9300357025482,3.60341976529523,15.955010797171,16.8950179839307,4.55140252596092,17.6957311493638,18.6357383952739,16.2667280148276,17.2178185479132,4.87128764384274,16.277811341364,"Mark Takano","Democrat"
"California","CA","0640",8154244.96417052,8148755.25054104,20874867.1082765,90.0020623720366,20860813.4413851,89.9414699381992,20432606.4742879,52307472.574177,225.523850510077,125939209.178058,322404375.495828,329797.213425201,844280.866368515,3.64011990113645,0,0,0,28257054.2250332,73168286.0155621,315.465320448276,28581361.7248289,15.9140493267544,15.9133758662758,16.8540565105148,4.51088216968901,16.8533830499859,4.51021611209072,16.8326425883262,17.772649816994,5.42285023964464,18.6513098895907,19.5913171432435,17.1568537268553,18.1082726475647,5.75721366353741,17.168265410394,"Young Kim","Republican"
"California","CA","0641",3448633.47696965,3447078.96517816,8828501.7010423,38.0641158876552,8824522.15085608,38.0469580431422,8680313.661486,22221602.9734042,95.8085187534436,49635342.6860742,127066477.27635,138224.872219942,353855.672883052,1.52564996827656,0,0,0,11990722.2662357,31046125.1242602,133.855476796586,12127392.6266642,15.0534889068796,15.053038043715,15.9934959886707,3.66520429336501,15.9930451254264,3.66476497422816,15.9765683373027,16.9165755255923,4.57273499406171,17.7202137122506,18.6602209584651,16.2996438476394,17.2509845960566,4.90420366275127,16.3109773878129,"Ken Calvert","Republican"
"California","CA","0642",16248101.0180889,16245723.8941687,41595138.6063077,179.337585231099,41589053.169072,179.311347847225,13454227.9226339,34442823.4819429,148.500353617188,84136969.8234224,215390642.747961,658666.212388683,1686185.50371503,7.26999468255362,0,0,0,29043662.7283342,76031876.6510149,327.811701464413,29699951.8168027,16.6034866610317,16.6033403486917,17.5434938820188,5.19483056789172,17.5433475696733,5.19468506692658,16.4148040326328,17.3548112458318,5.0072987581603,18.2479566338554,19.1879638851042,17.1843109014072,18.1466632530856,5.79548525094419,17.2066560151118,"Robert Garcia","Democrat"
"California","CA","0643",51134232.8024707,51131729.4815071,130903635.974325,564.391483240455,130897227.472658,564.363852963158,23695066.6970737,60659370.7445086,261.53308861215,156645626.731245,401012804.431988,2035990.18160196,5212134.86490102,22.4721376557313,0,0,0,72793309.3179424,191556598.217167,825.896941575309,74826796.1785808,17.7499647682921,17.7499158112225,18.6899720148664,6.33751838189958,18.6899230577962,6.33746951142086,16.9807774703991,17.9207847031732,5.57037712594362,18.8694966639053,19.8095039185066,18.1031346177076,19.0706938801863,6.71768007005797,18.1306866298387,"Maxine Waters","Democrat"
"California","CA","0644",32190106.1398129,32187722.594621,82406671.7179209,355.296652637738,82400569.8422298,355.270344379405,17302710.8901647,44294939.8788216,190.977787837446,112937062.635488,289118880.34685,1283598.41049913,3286011.93087777,14.1676519052358,0,0,0,48209218.6194784,126695509.721051,546.248132216851,49490433.4847857,17.2871697316265,17.2870956829931,18.2271769711875,5.87576367778163,18.2271029225527,5.87568983698223,16.6663738038399,17.6063810271129,5.25737967698873,18.5423412625394,19.4823485156351,17.6910608391419,18.657297212312,6.30490232336261,17.7172899661335,"Nanette Diaz Barragan","Democrat"
"California","CA","0645",10555894.1189769,10553313.9671028,27023088.9445809,116.510142271083,27016483.7557832,116.481663976536,16824433.694028,43070550.2567117,185.698827709689,104461790.492079,267422183.659722,426451.996008739,1091717.10978237,4.7069421279475,0,0,0,26953875.8169962,70087034.0124949,302.180491686225,27377747.6611308,16.1721950408774,16.1719505834225,17.1122022416405,4.76652464705981,17.1119577841714,4.76628227014343,16.6383428337644,17.5783500560362,5.22949677152255,18.4643319308548,19.4043391835128,17.1096376971812,18.0652483850064,5.71432831029395,17.125241148773,"Derek Tran","Democrat"
"California","CA","0646",6922098.38606892,6919562.34131798,17720571.8683364,76.4023074393526,17714079.593774,76.3743159749245,15658740.9262283,40086376.7711445,172.832553314558,96915860.4899878,248104602.854369,280588.625151691,718306.88038833,3.09698262104582,0,0,0,22300250.6871456,57800456.3649186,249.206869289482,22578303.2675463,15.7502296610733,15.7498632246373,16.6902368315315,4.34901659202926,16.6898703950632,4.34865489057699,16.5665399085327,17.5065471281082,5.15809249859807,18.3893537527325,19.3293610049363,16.9201085227857,17.8725072464992,5.5222880528497,16.9325000149971,"J. Luis Correa","Democrat"
"California","CA","0647",8474393.62955909,8470777.89367258,21694447.6916713,93.5356869169496,21685191.4078018,93.4957784167502,25232578.6645066,64595401.3811369,278.503298435216,155611246.700607,398364791.553553,341125.238243533,873280.609903444,3.76515239657059,0,0,0,33365847.0558221,86280592.7889387,371.999076851966,33703356.5581792,15.952559778539,15.9521330215115,16.8925669651227,4.54897740254471,16.8921402080645,4.54855516066321,17.0436465613083,17.9836537956494,5.63301409372486,18.8628714530897,19.8028787076651,17.3230434215248,18.2731152615772,5.92157594471305,17.3331080211663,"Dave Min","Democrat"
"California","CA","0648",3044621.17144945,3042137.09514422,7794230.19891059,33.6048506975276,7787870.96356921,33.5774328321651,27907706.7694768,71443729.3298606,308.029888280706,141289695.397205,361701620.216844,109250.202232077,279680.517714118,1.20584352796044,0,0,0,30843077.7386942,79231600.2934298,341.607321112871,30949843.864621,14.9288873698016,14.9280711469394,15.868894428145,3.54399386580764,15.8680782051194,3.54320123898473,17.1444134727766,18.0844207094327,5.73343799804763,18.7663229249479,19.7063301791264,17.2444229310767,18.187885783433,5.83658495493453,17.2478785446307,"Darrell Issa","Republican"
"California","CA","0649",4724419.59060674,4720538.36295946,12094514.1519532,52.1455399652336,12084578.2091762,52.1027011132829,27413837.8416694,70179424.8746738,302.578835210871,147759632.165094,378264658.34264,179352.705409671,459142.925848757,1.97959632679697,0,0,0,31958904.7268665,82264003.08385,354.681536324154,32134376.2046289,15.3682554850641,15.3674336228467,16.3082626145715,3.97303418716036,16.307440752248,3.97222779537754,17.126558511069,18.0665657473317,5.71564133034726,18.811097411212,19.7511046655794,17.2799614394422,18.2254441955344,5.87403576960645,17.2854369560063,"Mike Levin","Democrat"
"California","CA","0650",4208109.44641765,4203315.48278904,10772760.1828292,46.4467931156106,10760487.63594,46.3938799868774,62086208.8769845,158940694.72508,685.273359868711,303962320.220717,778143539.765036,134756.195435378,344975.860314568,1.4873646254049,0,0,0,66159562.1279667,169701182.36102,731.667239855588,66289524.3597735,15.2525242798275,15.2513844104122,16.1925313935093,3.85960893827486,16.1913915239289,3.85849310616418,17.9440344590715,18.884041707748,6.53127603212594,19.532414308336,20.4724215648227,18.0075800053926,18.9495497034331,6.59669162862762,18.0095424541342,"Scott H. Peters","Democrat"
"California","CA","0651",3755177.99438271,3750776.74265112,9613255.66561975,41.4475853440236,9601988.46118687,41.3990067527987,48168920.8904107,123312437.479451,531.662004443282,239620297.287203,613427961.055239,126210.026444321,323097.667697462,1.39303672160083,0,0,0,51797888.8583491,132914425.940638,573.061011196081,51919697.6330618,15.138646510322,15.1374737744829,16.0786536065375,3.74827002878434,16.077480870508,3.74712493632199,17.6902245970068,18.6302318428475,6.2778870850102,19.2945661380096,20.234573393958,17.7628599700747,18.7052160726499,6.35273568195342,17.7652088258953,"Sara Jacobs","Democrat"
"California","CA","0652",3055550.84161837,3053515.57207176,7822210.15454303,33.725486373862,7816999.86450372,33.7030221901782,38365889.265246,98216676.5190299,423.461543500561,190044205.801078,486513166.850759,103052.887319135,263815.391536987,1.13744098109257,0,0,0,41318387.2195453,106033676.383534,457.164565690739,41419404.8373178,14.9324707698295,14.9318044588688,15.8724778288889,3.54747389498903,15.8718115177952,3.5468267779781,17.462679348466,18.4026865910742,6.05082140918726,19.062767270436,20.002774525721,17.5368181941835,18.4792673127822,6.1272284333117,17.5392600690031,"Juan Vargas","Democrat"
"Colorado","CO","0801",439005.50951652,438561.733618376,1123854.10436229,4.84550089220833,1122718.03806304,4.84060273839526,14598579.3202113,37372363.0597411,161.13107372835,87958343.4164884,225173359.14621,3782.46362027046,9683.10686789238,0.0417487490463406,0,0,0,15033802.3661076,38495081.0978041,165.971676466745,15037141.0538297,12.9922695200032,12.9912581446857,13.9322753904164,1.76567228709638,13.9312640136942,1.76483400014382,16.4964348436089,17.4364420603583,5.08840510517836,18.2923739014692,19.2323811530327,16.5258117813542,17.4660410533795,5.11782419603717,16.5260338354127,"Diana DeGette","Democrat"
"Colorado","CO","0802",133701.519241619,133030.667590127,342275.889258545,1.47572369077636,340558.509030724,1.46831919993198,14224792.8999597,36415469.8238969,157.005425203302,88685334.3691042,227034455.984907,13435.3271199834,34394.4374271575,0.148291736973156,0,0,0,14345059.0920814,36756028.3329276,158.473744403234,14357823.5675499,11.8033726054078,11.7983424810435,12.7433753061962,0.906532753593693,12.7383451588482,0.903537433146798,16.4704970492924,17.410504264945,5.06262936916724,18.3006051051911,19.2406123568114,16.4789161964499,17.4198128336472,5.07187929678293,16.4798056175977,"Joe Neguse","Democrat"
"Colorado","CO","0803",91693.2241996012,91489.0527040393,234734.653950979,1.01205927952462,234211.974922341,1.00980574706896,1755375.48963235,4493761.25345881,19.3748673235138,11096620.9798447,28407349.7084025,1948.58605218188,4988.38029358562,0.0215074190408007,0,0,0,1845120.12777977,4727973.22838115,20.3846730705828,1846864.54233639,11.4262146704332,11.4239855317368,12.3662152831732,0.699158714787869,12.3639861296459,0.698038074151449,14.3781939158822,15.3182008272258,3.01430214737634,16.2221512938258,17.162158497402,14.4280554852149,15.3690073872032,3.0626744537707,14.4290004586627,"Jeff Hurd","Republican"
"Colorado","CO","0804",188011.562720789,187754.950106095,481309.600565219,2.07516802217896,480652.672271604,2.07233567354895,12842832.8151391,32877652.0067561,141.752111340865,79787412.5022983,204255776.005884,3214.96105896194,8230.30031094257,0.0354849685070499,0,0,0,13027629.4168009,33358304.6790277,143.824447014414,13030587.7652452,12.1442640625624,12.1428982607679,13.0842680799089,1.12335954112471,13.0829022736845,1.12243807804941,16.3682965339886,17.3083037450314,4.96110963890566,18.1948763244449,19.1348835752989,16.3825830766001,17.322817345167,4.97552229867341,16.3828101334405,"Lauren Boebert","Republican"
"Colorado","CO","0805",878233.480450092,877980.643911781,2248277.70995224,9.69345719094675,2247630.44841416,9.69066652056696,2707602.36412295,6931462.05215476,29.8850228224971,16867209.2873456,43180055.7756047,1457.43775749888,3731.04065919714,0.0160863948201388,0,0,0,3584378.40681555,9179092.50056892,39.575689343064,3585583.00803474,13.6856688989786,13.6853809656923,14.6256754636062,2.36963207695765,14.6253875301201,2.369371073006,14.8115744340899,15.7515814675207,3.43027136809844,16.6408820755452,17.5808892979089,15.0920959087507,16.0324390105061,3.70316910261097,15.0924319219661,"Jeff Crank","Republican"
"Colorado","CO","0806",315324.825767557,314902.72387799,807231.553964945,3.48038166143935,806150.973127654,3.4757227333891,22835147.5179318,58457977.6459053,252.04177458662,140349135.599407,359293787.134482,2758.74811798219,7062.39518203441,0.0304495414688132,0,0,0,23147713.5955813,59264128.619033,255.51749732001,23150050.2418098,12.6613617507344,12.6600222326082,13.6013670766991,1.49970823508381,13.6000275559826,1.4986678433543,16.9438115085403,17.8838187403459,5.53355459204038,18.7596437089856,19.6996509631352,16.9574066120501,17.8975147841318,5.54719687795679,16.9575075519632,"Jason A. Crow","Democrat"
"Colorado","CO","0807",267731.615469888,267174.453398906,685392.935602912,2.95507403326313,683966.600701199,2.94892438535775,10028796.3156178,25673718.5679816,110.692327184274,61438473.1399153,157282491.238183,3639.1589537056,9316.24692148633,0.0401670311073963,0,0,0,10292888.772134,26357685.1686828,113.641251569632,10295970.7690167,12.497744057985,12.4956608504026,13.4377490404158,1.37499931994787,13.4356658280869,1.37344323432624,16.1209712440364,17.0609784417654,4.71574801243804,17.933546811533,18.873554060106,16.1469639014388,17.087270485623,4.74180770085069,16.1472632863173,"Brittany Pettersen","Democrat"
"Colorado","CO","0808",210411.963782932,210092.1052326,538654.627284305,2.32241130496139,537835.789395455,2.3188808825466,8512685.0845337,21792473.8164063,93.9583268957685,52345177.2894456,134003653.860981,4355.30330282413,11149.5764552298,0.0480714377888191,0,0,0,8718741.74501381,22330309.6058017,96.2772077783151,8722777.1897663,12.2568273728855,12.2553060696959,13.1968317352822,1.20069081597772,13.1953104276834,1.19962764253266,15.9570680893518,16.8970752762589,4.55343813110416,17.7733703857752,18.7133776326252,15.9809856048725,16.9214555335182,4.57756471486919,15.9814483448869,"Gabe Evans","Republican"
"Connecticut","CT","0901",3553153.53427267,3514392.6993376,9096073.04773802,39.2177506825196,8996845.31030427,38.7899299463575,16163319.2988081,41378097.4049487,178.40181133416,79466987.941899,203435489.131261,216158.853514379,553366.664996809,2.38584230689077,0,0,0,19500313.9795664,50374942.715253,217.191741280517,19677711.9981457,15.0833463680828,15.072377578829,16.0233534550718,3.69430845743303,16.0123846639264,3.68361386385316,16.5982550539875,17.5382622747779,5.18962804619669,18.1908522599561,19.1308595107792,16.7859411762018,17.7350044609154,5.38537422337248,16.7949972333917,"John B. Larson","Democrat"
"Connecticut","CT","0902",6343660.42562394,6296079.85843338,16239770.6895973,70.017827990541,16117964.4375894,69.4926599100137,18940202.7487662,48486919.0368414,209.051520603524,98270891.049234,251573481.086039,328269.631414748,840370.256421755,3.62325929270645,0,0,0,24955593.5429754,64604883.4744309,278.544180513537,25236282.6071996,15.6629666716456,15.655437911823,16.6029738340766,4.2629309439797,16.5954450735281,4.25550858964633,16.756797403255,17.6968046295728,5.34735283683472,18.4032384278311,19.3432456801216,17.0326085852053,17.9838005769538,5.63316034991931,17.0437933426091,"Joe Courtney","Democrat"
"Connecticut","CT","0903",9468286.79708715,9404043.57879078,24238814.2005431,104.505731997524,24074351.5617044,103.796650756343,86968217.3197852,222638636.33865,959.907257384727,416482536.58463,1066195293.65665,1136150.97787379,2908546.50335689,12.5402083974612,0,0,0,95300353.1389986,246712987.900355,1063.70390814107,96372260.898576,16.0634586459736,16.0566504290382,17.0034658401054,4.6587652831703,16.9966576227304,4.65202181294442,18.281053303209,19.2210605546936,6.86787789794981,19.8473550921247,20.787362349153,18.3725440846616,19.3237362307028,6.97045201896384,18.3837289785345,"Rosa L. DeLauro","Democrat"
"Connecticut","CT","0904",7305193.23812176,7119525.90862462,18701294.6895917,80.6306973050443,18225986.326079,78.5814036373563,22489453.560252,57573001.1142452,248.226195182588,110991341.663693,284137834.659055,410057.258948973,1049746.58290937,4.52598605489478,0,0,0,29384589.5394248,75798987.4403243,326.807598819944,29608979.4688767,15.8040961925632,15.7783518357627,16.744103367638,4.4022053836912,16.7183590086621,4.37678044291004,16.9285570710959,17.8685643024914,5.51836089849397,18.5249627622141,19.4649700152153,17.195980963592,18.1435955054091,5.79242684730994,17.2035882674984,"James A. Himes","Democrat"
"Connecticut","CT","0905",4640106.90497459,4580026.95648773,11878673.676735,51.2149430032389,11724869.0086086,50.5518136399707,27863078.3965032,71329480.6950482,307.537304893087,132830355.47166,340045710.007449,328539.380332947,841060.813652343,3.62623663261556,0,0,0,32174645.9211449,83054349.7036569,358.089118533058,32443105.352991,15.3502481793145,15.3372156601084,16.2902553064782,3.95536871835261,16.2772227855493,3.94258739199677,17.1428130513099,18.082820287931,5.73184275951319,18.7045833567734,19.6445906106772,17.2866893376845,18.2350057792096,5.88357059872073,17.294998539501,"Jahana Hayes","Democrat"
"Delaware","DE","1000",720414.656484001,709773.128087028,1844261.52059904,7.95153998089362,1817019.20790279,7.83408465465232,13555652.7553744,34702471.0537584,149.61982502901,91283239.3567332,233685092.753237,40281.4623209737,103120.543541693,0.444604583278902,0,0,0,14235785.9495374,36519490.2616612,157.453909683662,14265425.8834614,13.4875836250905,13.4727020689487,14.4275900377158,2.19182558238961,14.412708468892,2.17861749595073,16.422314269584,17.3623214831219,5.01475894700084,18.3294777619758,19.2694850137916,16.4712695598875,17.4133566831904,5.06546376039018,16.4733494674159,"Sarah McBride","Democrat"
"District of Columbia","DC","1198",4133964.10844616,4122087.35736644,10582948.1176222,45.6284177341955,10552543.6348581,45.4973287006735,15126726.6722766,38724420.281028,166.960473155404,111079188.346141,284362722.166121,92332.0523694459,236370.054065781,1.01911031282568,0,0,0,19168358.7283533,49276963.9158861,212.457801856078,19248814.029643,15.2347475790446,15.2318704757599,16.1747546901291,3.84221017788757,16.1718775864198,3.83939486364581,16.5319737816241,17.4719809998309,5.12372867288397,18.5257539224481,19.4657611754536,16.7687715468515,17.7129672867354,5.36343916374741,16.7729600599017,"Eleanor Holmes Norton","Democrat"
"Florida","FL","1201",154694.155503373,154560.970302309,396017.038088635,1.70742884146606,395676.08397391,1.70595881661079,1312884.61122764,3360984.60474275,14.4908968501925,9549803.62491007,24447497.2797698,9807.08079621988,25106.1268383229,0.108245153461461,0,0,0,1457771.68593479,3756660.68871666,16.1968556668033,1467445.58152995,11.9492117206434,11.9483503971802,12.8892150399281,0.995999417540634,12.8883537130706,0.995456310346305,14.087738029328,15.02774482367,2.74025255140943,16.072031254123,17.0120384488043,14.1924202712578,15.1390412722494,2.84472655703803,14.1990344290201,"Matt Gaetz","Republican"
"Florida","FL","1202",999307.599166194,998782.726452896,2558227.45386546,11.0298065932773,2556883.77971942,11.0240133375084,9138155.29840364,23393677.5639133,100.861922439921,67377175.005898,172485568.015099,78951.4281300953,202115.656013044,0.871422356103945,0,0,0,10058511.4694397,25950561.3436327,111.885935777429,10136938.0248565,13.8148189180027,13.8142935441562,14.7548255666974,2.48738745282304,14.7543001925304,2.48690576169061,16.0279692051836,16.9679763969904,4.62361819463317,18.0258168836055,18.9658241330527,16.1239298458418,17.0717038376162,4.72637789100814,16.1316966392391,"Neal P. Dunn","Republican"
"Florida","FL","1203",3308259.92417121,3307861.58728821,8469145.4058783,36.5147499672221,8468125.66345781,36.5103533442182,33624837.5714391,86079584.182884,371.132427545621,192631995.217717,493137907.757357,266105.294180328,681229.553101641,2.9371235950824,0,0,0,36666992.20143,94547709.8463418,407.642780889839,36932699.1587273,15.0119332087295,15.0118127947491,15.951940283023,3.62473418810069,15.9518198690204,3.62461698404991,17.3307755950254,18.2707828353941,5.91924977895031,19.0762921713484,20.0162994266765,17.4173875405425,18.3646151417375,6.01284137805261,17.4246078997456,"Kat Cammack","Republican"
"Florida","FL","1204",344059.925720812,342802.632982974,880793.409845278,3.79754385973279,877574.740436413,3.78366655534618,4551766.4478191,11652522.1064169,50.2398897187449,33044062.8035314,84592800.7770405,27944.321883829,71537.4640226021,0.308434025735512,0,0,0,4867882.05165609,12530096.8468533,54.0235562740911,4894569.08080208,12.748574030327,12.7449130636163,13.6885795176916,1.56810409106382,13.684918544485,1.56520731424973,15.3310261655701,16.271033290185,3.9365183247769,17.3133524955285,18.2533597355787,15.3981697089012,16.3436441358484,4.00776138943253,15.4036370018572,"Aaron Bean","Republican"
"Florida","FL","1205",291547.752602953,290712.759796363,746362.246663561,3.21794343062973,744224.66507869,3.20872724016831,5891488.88700457,15082211.5507317,65.0270077244711,46924849.0892925,120127613.668589,29024.690424415,74303.2074865023,0.3203585383301,0,0,0,6154011.94918311,15826436.2158104,68.2357349646394,6182201.64680093,12.5829625181399,12.5800944187476,13.5229676864985,1.43934767054648,13.5200995811029,1.43716028373711,15.5890194755941,16.5290266306524,4.19006386627022,17.6640579457443,18.6040651912496,15.6326149390516,16.5771923411952,4.23751713055751,15.637185181273,"John H. Rutherford","Republican"
"Florida","FL","1206",691933.712317137,691430.820562896,1771350.30353187,7.63718301411328,1770062.90064101,7.63163237205745,6700895.38447763,17154292.1842627,73.9607906056568,40521333.8261915,103734614.59505,51857.5194315356,132755.249744731,0.572374722472044,0,0,0,7340971.57736323,18924355.0849037,81.5924229777143,7392326.20504053,13.4472468837864,13.4465198287877,14.3872532615947,2.15607648962017,14.3865262059554,2.15543363808428,15.7177518641403,16.6577590316924,4.31696518490839,17.5173391792057,18.4573464226588,15.8089818955408,16.7559603321332,4.41391794481467,15.8159531560752,"Michael Waltz","Republican"
"Florida","FL","1207",593987.187454689,593443.759901762,1520607.199884,6.55610324786529,1519216.02534851,6.55010519400155,2016847.15300972,5163128.71170489,22.2608474552383,14037107.9109703,35934996.252084,30473.355822163,78011.7909047374,0.336348108677475,0,0,0,2580360.98464225,6682344.7370534,28.8109526492399,2610290.91291148,13.2946147117071,13.2936994135556,14.2346209442938,2.02235561390076,14.2337056452029,2.02156149614421,14.5170465305177,15.4570534868669,3.14677158044394,16.4572150173359,17.3972222324156,14.763440251181,15.7149796421127,3.3948758645507,14.7749726170722,"Cory Mills","Republican"
"Florida","FL","1208",226698.43667448,226078.879229562,580347.997886669,2.50217241778623,578761.93082768,2.49533408412744,1363387.59790643,3490272.25064047,15.0483209865793,8923633.05400582,22844500.6182549,11820.7661800612,30261.1614209568,0.130471103050968,0,0,0,1578265.26840085,4069034.18146815,17.5436550707068,1589466.477136,12.3313803515983,12.3286436637248,13.2713849220557,1.25338346674257,13.2686482268158,1.25142896028121,14.125483774891,15.0654905864261,2.77560423267579,16.0042138267468,16.9442210169506,14.2718375040499,15.2189164731662,2.92012768583698,14.2789095980579,"Mike Haridopolos","Republican"
"Florida","FL","1209",602554.203873294,601626.93043634,1542538.76191563,6.65066125408629,1540164.94191703,6.64042652087979,1748286.96366027,4475614.6269703,19.2966280800931,12441734.3716308,31850839.9913748,28623.4438989739,73276.0163813733,0.315929800296354,0,0,0,2322217.72363459,6015779.56888733,25.9370546009729,2349913.89409661,13.3089345648356,13.3073944774622,14.2489408120085,2.03479208254551,14.2474007230763,2.03345342896043,14.3741475605657,15.3141544705019,3.01045476782196,16.3365671348734,17.2765743443866,14.6580336330289,15.6098966693601,3.29350283319262,14.6698896701865,"Darren Soto","Democrat"
"Florida","FL","1210",1089509.65015488,1088039.665307,2789144.70439649,12.0254071246375,2785381.54318591,12.009182241948,2378618.19880668,6089262.58894511,26.2538768983423,17113554.8707914,43810700.469226,51443.7664133215,131696.042018103,0.567807944662995,0,0,0,3416684.08254824,8874644.13213102,38.2630591402902,3466657.86411368,13.9012392085874,13.8998890819008,14.841245907768,2.5669018443208,14.8398957803258,2.5656554344342,14.6820307087161,15.622037711019,3.30519578248842,16.6553814484017,17.5953886712854,15.0441813648802,15.9987089074143,3.67028410584048,15.0587018247045,"Maxwell Frost","Democrat"
"Florida","FL","1211",496304.182675435,495670.980874309,1270538.70764911,5.47793207107814,1268917.71103823,5.47094313853449,2064751.97137567,5285765.04672172,22.789594441555,14035426.4690589,35930691.7607908,24813.5914661153,63522.7941532553,0.27387874862976,0,0,0,2536242.56258499,6554682.75775995,28.2605375800895,2560422.95224998,13.1149463041473,13.1136696580502,14.0549523348149,1.8684013345994,14.0536756871493,1.86732186891467,14.540521150769,15.4805281141283,3.16924827673597,16.4570952246751,17.3971024397497,14.7461946319563,15.6956904295859,3.37623976794848,14.7556834090922,"Daniel Webster","Republican"
"Florida","FL","1212",402722.705420404,402102.887851087,1030970.12587623,4.44503129488329,1029383.39289878,4.43819009011473,4236150.43308972,10844545.1087097,46.7562940740099,29120231.300542,74547792.1293876,15660.3005994395,40090.3695345651,0.172849768127977,0,0,0,4623212.83791068,11873928.5016085,51.1944841641246,4638253.32094081,12.9060060113111,12.9044657617048,13.8460117566673,1.69470350382172,13.8444715047285,1.69344630148656,15.2591657341413,16.1991728487817,3.86611087130843,17.1869437586147,18.12695099618,15.3466006571268,16.2898557565885,3.95497682195147,15.3498486294773,"Gus M. Bilirakis","Republican"
"Florida","FL","1213",236512.14280996,235942.474469814,605471.085593499,2.61049069809144,604012.734642724,2.60420301287883,1965644.68197869,5032050.38586545,21.6957027960349,13847813.5637212,35450402.7231264,8322.47072194962,21305.525048191,0.0918588455825907,0,0,0,2193834.3540667,5636063.12050817,24.2999058089138,2201587.1564485,12.3737590575052,12.371347540361,13.313763739498,1.28384369055664,13.3113522161331,1.28210066803721,14.4913313406489,15.4313382891277,3.12217560242764,16.4436379849138,17.3836451994002,14.6011618732761,15.5446965288892,3.23080067275871,14.6046895471866,"Anna Paulina Luna","Republican"
"Florida","FL","1214",458710.479372284,457865.349145447,1174298.82719305,5.06299349070031,1172135.29381234,5.0536654089806,4771162.38585302,12214175.7077837,52.6614611807091,34880395.3343178,89293812.0558537,9243.76680750417,23664.0430272107,0.102027604078262,0,0,0,5220629.0984178,13386311.0015961,57.7151265896897,5229027.73499847,13.0361767061546,13.0343326064174,13.9761826361957,1.80220365347864,13.9743385340065,1.80066394131215,15.3781007295319,16.3181078603029,3.98269507497913,17.3674355197363,18.3074427607574,15.4681286610833,16.409743250424,4.07269738681727,15.4697361084695,"Kathy Castor","Democrat"
"Florida","FL","1215",857402.121951153,856600.39503198,2194949.43219495,9.463532135328,2192897.01128187,9.45468311540012,10155063.7906938,25996963.3041762,112.085997992214,75395884.2928913,193013463.789802,9875.56160656628,25281.4377128097,0.10900100690849,0,0,0,11002590.3510384,28189860.3154581,121.540681107614,11011664.1857258,13.6616634743234,13.6607279727308,14.6016700220929,2.34789608187732,14.6007345198351,2.3470500230382,16.1334831331529,17.0734903316374,4.72814857344395,18.1382632597768,19.0782705101859,16.2136413803858,17.1544729434421,4.80844306552928,16.2144657402897,"Laurel M. Lee","Republican"
"Florida","FL","1216",351938.551850609,351238.873316257,900962.692737559,3.8845037932957,899171.515689618,3.87678112720389,3856571.44875517,9872822.90881324,42.5667104187109,26278040.8904837,67271784.6796383,8351.49241169836,21379.8205739478,0.0921791710011163,0,0,0,4200158.50819408,10771994.4245029,46.4434915459148,4207810.32207143,12.7712147121362,12.7692246687981,13.7112202391499,1.58606770270913,13.7092301923626,1.58448539714875,15.1652893803214,16.1052964808033,3.7742933362166,17.0842442393102,18.0242514746121,15.2506330606739,16.1924603081552,3.85953935117838,15.2524531944837,"Vern Buchanan","Republican"
"Florida","FL","1217",194742.307216307,194038.364102568,498540.306473745,2.1494582708234,496738.212102575,2.14168853465439,1234265.07773233,3159718.59899476,13.6231377641709,8403288.06899994,21512417.4566399,8126.62992969819,20804.1726200274,0.0896972628392895,0,0,0,1420880.75501894,3656456.81109734,15.7648262988253,1428303.4418349,12.1794375971158,12.1758163252077,13.1194417264833,1.14723046053133,13.1158204432232,1.14476040527444,14.0259870823537,14.9659938471306,2.68260505264608,15.9441337430089,16.8841409289841,14.1667881911038,15.1120054255703,2.81928301892358,14.1719985937212,"W. Gregory Steube","Republican"
"Florida","FL","1218",355938.68801558,355409.046766301,911203.041319886,3.9286550919381,909847.159721729,3.92280920369683,3150098.20119555,8064251.3950606,34.7690480268619,23006286.5216112,58896093.4953247,10512.6212227244,26912.3103301744,0.116032519888551,0,0,0,3495524.2679884,8974098.55478233,38.6918572305588,3505507.24796185,12.7825165797951,12.781027463201,13.7225221262676,1.59506615001377,13.7210330071221,1.59387934392038,14.962944502749,15.9029515677941,3.57708293918633,16.9512781070394,17.8912853390435,15.0669942136274,16.0098531591475,3.68114605911312,15.0698460744896,"C. Scott Franklin","Republican"
"Florida","FL","1219",165478.831168589,164939.757684205,423625.807791588,1.82646414837037,422245.779671565,1.82051415231582,1044684.88364632,2674393.30213457,11.5306560534049,8131294.70698787,20816114.4498889,7432.2002828072,19026.4327239864,0.0820325310747794,0,0,0,1202731.5145321,3096639.08180613,13.3511702057207,1209624.64133052,12.0166046003222,12.0133416440727,12.9566081763339,1.03902651294534,12.9533452080491,1.03691919184736,13.8592268083827,14.7992334835647,2.52817812614904,15.9112308423786,16.8512380259282,14.0001066215488,14.9458282370924,2.6638314863178,14.0058214823726,"Byron Donalds","Republican"
"Florida","FL","1220",245090.073189053,244090.210744892,627430.587363977,2.70516916659396,624870.939506923,2.69413323592739,1932170.372193,4946356.15281409,21.3262318112374,13053816.694275,33417770.7373439,16607.1718979558,42514.3600587669,0.183300811730642,0,0,0,2160653.2734841,5571227.09232101,24.0203650471648,2176260.5829379,12.4093851477556,12.4052972489523,13.3493899199234,1.30972891670543,13.3453020109354,1.30674594932568,14.4741549917841,15.414161934892,3.10576230155563,16.384591192573,17.3245984043828,14.5859216381849,15.5331260709616,3.21969009514675,14.5931190924802,"Sheila Cherfilus-McCormick","Democrat"
"Florida","FL","1221",187844.174699366,186885.173916067,480881.087230378,2.07332048544066,478426.045225132,2.06273556326914,2382753.93626353,6099850.07683464,26.2995248893189,14590718.7681742,37352240.0465259,9810.34339919553,25114.4791019406,0.108281164275191,0,0,0,2560787.7675637,6578276.12205978,28.3622604525881,2569639.1101796,12.1433733636845,12.1382550148703,13.0833773781428,1.12275856844935,13.0782590126819,1.11930849153125,14.6837679124643,15.6237749152119,3.30686929871782,16.4958962522619,17.4359034689888,14.7558258813285,15.6992834334634,3.37971019167463,14.759276412116,"Brian J. Mast","Republican"
"Florida","FL","1222",194391.95901348,192932.600795963,497643.415074508,2.14559132042623,493907.458037666,2.12948372862672,1316864.24973564,3371172.47932325,14.534821906993,8667713.06142228,22189345.437241,10902.2408946558,27909.7366903189,0.120332927120444,0,0,0,1500353.96785447,3865079.93736092,16.6643056356197,1509796.85053161,12.1776369512861,12.170101371366,13.117641075014,1.14600189169243,13.1101054713824,1.14086804801672,14.0907646594206,15.0307714551653,2.74308407879429,15.9751156532565,16.915122841444,14.2212122833127,15.1674931808868,2.87154597268614,14.2274863260091,"Lois Frankel","Democrat"
"Florida","FL","1223",269135.850434428,267051.566336268,688987.777112136,2.97057320497295,683652.009820846,2.94756802567947,1857765.16949859,4755878.83391639,20.5049881862137,12272533.4808638,31417685.7110114,16055.7718400638,41102.7759105632,0.177214761750489,0,0,0,2110845.24809296,5439530.84373724,23.4525562118932,2124816.73583486,12.5029752668953,12.4952007956684,13.4429802612015,1.37891046840088,13.4352057723032,1.37309969959689,14.4348853397894,15.374892270266,3.06828491688487,16.3228743545143,17.2628815633522,14.5625994904939,15.5092035569924,3.19673475899975,14.5691965852902,"Jared Moskowitz","Democrat"
"Florida","FL","1224",973787.453587334,969919.646311983,2492895.88118357,10.7481292897103,2482994.29455868,10.7054385644293,4988691.98872548,12771051.4911372,55.0624330636384,35542637.8469616,90989152.8882217,76485.8660543242,195803.81709907,0.844208840603647,0,0,0,5885993.57625849,15254045.7856959,65.7678716280678,5958611.63503746,13.7889493655926,13.7849695392073,14.7289559983063,2.46369401852865,14.7249761694256,2.4600535683682,15.4226845073119,16.3626916436522,4.02646594585867,17.3862436279896,18.3262508693361,15.5880862863104,16.5403553888116,4.2012220011908,15.6003482325881,"Frederica S. Wilson","Democrat"
"Florida","FL","1225",473506.708603994,472873.679579249,1212177.17402622,5.22630611523326,1210556.61972288,5.21931908970009,3115538.19576193,7975777.78115054,34.3875937317946,22287649.8802139,57056383.6933475,36200.5720550739,92673.4644609891,0.399561965371443,0,0,0,3552844.33231085,9186334.40087342,39.6069128214947,3588411.87534118,13.0679234715264,13.0665856843337,14.0079294430792,1.82878323805027,14.0065916541637,1.82766042964938,14.951912791777,15.8919198546763,3.5663612991606,16.9195433108542,17.8595505420043,15.0832593424797,16.03322765538,3.70393831865326,15.093220566706,"Debbie Wasserman Schultz","Democrat"
"Florida","FL","1226",766528.511040778,764536.542623044,1962312.98826439,8.4605192956273,1957213.54911499,8.43853304594217,4087988.46970779,10465250.4824519,45.120963969499,29697469.0960555,76025520.885902,58037.0615549788,148574.877580746,0.640581103083439,0,0,0,4796479.91919359,12422464.0315669,53.5594970154412,4852525.01233084,13.5496284775845,13.5470264105661,14.4896349410965,2.2471272753867,14.4870328720068,2.24480057040632,15.2235638349592,16.1635709443859,3.83126759651589,17.2065724181937,18.1465796561658,15.3833930651635,16.3350170875275,3.99929179456751,15.3950099546149,"Mario Diaz-Balart","Republican"
"Florida","FL","1227",1947260.8491828,1946487.83606569,4984987.77390798,21.4927921803737,4983008.86032815,21.4842600875696,11198128.4814739,28667208.9125733,123.598771249598,78117558.7205691,199980950.324657,170216.695973451,435754.741692034,1.87875808920132,0,0,0,12975172.6346833,33650217.7729014,145.083031337167,13144616.3175396,14.4819347638492,14.4815377106274,15.4219417094012,3.11319491034919,15.4215446560551,3.11281551274636,16.2312573117348,17.1712645158087,4.82509874474452,18.1737254259089,19.1137326765997,16.3785483691759,17.3315301154574,4.98417516784417,16.3915229033252,"Maria Elvira Salazar","Republican"
"Florida","FL","1228",1626607.09645596,1626327.64097113,4164114.16692726,17.9535927597582,4163398.76088609,17.9505082841156,9945676.84552478,25460932.7245434,109.774900277858,69382524.6939639,177619263.216548,112726.031167284,288578.639788247,1.24420781232957,0,0,0,11459557.9108135,29624331.4854295,127.725408561973,11572004.4864959,14.3020074822359,14.3018356648856,15.242014366098,2.9419935051022,15.2418425486833,2.94183075354949,16.1126486273768,17.0526558245979,4.70750021686269,18.0551456026191,18.9951528523277,16.2543347790523,17.2041066250283,4.85768151984034,16.2640994191963,"Carlos A. Gimenez","Republican"
"Georgia","GA","1301",493103.081077087,492641.911972583,1262343.88755734,5.44260007565985,1261163.29464981,5.43750994521981,2214892.81543572,5670125.60751544,24.4467663404934,12524477.2118349,32062661.6622974,27636.9275208307,70750.5344533266,0.305041176151897,0,0,0,2680358.96899198,6931288.90216526,29.8842762857132,2707534.7274083,13.108475548546,13.1075398740953,14.0484815712429,1.86293219709232,14.0475458956353,1.86214181087718,14.6107150214571,15.5507220048224,3.23658867561118,16.3431955443337,17.2832027541704,14.8014616602554,15.7515564869141,3.43024719632396,14.8115494534889,"Earl L. “Buddy” Carter","Republican"
"Georgia","GA","1302",418085.225080991,417788.874340123,1070298.17620734,4.61459432110573,1069539.51831072,4.61132336493741,2102975.20745533,5383616.53108565,23.2114814578047,13055531.3027244,33422160.1349744,30350.7651086563,77697.9586781602,0.334995019937593,0,0,0,2490709.66742767,6453156.04939636,27.8228048227421,2520764.08179545,12.9434429703321,12.9427338921482,13.8834487712883,1.72536933644509,13.8827396920705,1.72478658564424,14.558864141,15.4988711097235,3.18682696105653,16.3847225331428,17.3247297449586,14.7280786363251,15.6800800340457,3.36116690792965,14.7400730172964,"Sanford D. Bishop Jr.","Democrat"
"Georgia","GA","1303",1766843.43816801,1766597.70601071,4523119.20171011,19.5014442198324,4522490.12738741,19.4987319636952,8222199.54919931,21048830.8459502,90.7521076339953,50273419.2801007,128699953.357058,172474.128648138,441533.769339234,1.90367438706588,0,0,0,9816568.85871918,25571320.9733376,110.250839597691,9988797.25521001,14.38470571017,14.3845666208185,15.3247126237668,3.02049533341082,15.3245735343674,3.02036302880173,15.9223484379206,16.8623556222987,4.51909045815853,17.73298707155,18.6729943179203,16.0995823177546,17.0569820461006,4.7117874679634,16.116974848615,"Brian Jack","Republican"
"Georgia","GA","1304",3053877.74967336,3052216.68263212,7817927.0391638,33.7070197069602,7813674.70753823,33.6886857643197,14458476.7602364,37013700.5062051,159.584698877366,88502234.2184795,226565719.599308,316852.08657057,811141.341620659,3.49723872455863,0,0,0,17195502.4233391,44827375.2137433,193.273384641686,17510693.4428685,14.9319230618355,14.9313789934276,15.8719301207856,3.54694196352408,15.8713860522691,3.54641357511899,16.4867914966939,17.4267987130388,5.07882152223754,18.2985383663652,19.2385456179712,16.6601584787296,17.6183295869538,5.26926636625794,16.6783223632625,"Henry C. “Hank” Johnson Jr.","Democrat"
"Georgia","GA","1305",5315890.94562106,5315033.3051658,13608680.8207899,58.6738748410166,13606485.2612244,58.6644086782896,25746869.4339314,65911985.7508643,284.179756539003,156916181.266114,401705424.041251,569621.517058632,1458231.0836701,6.28716840517192,0,0,0,30493138.8624938,79518471.0120887,342.844165217293,31061902.7390971,15.4862113723523,15.486050024143,16.4262185162111,4.08889431726736,16.4260571679832,4.08873567307594,17.0638236411415,18.003830875965,5.65311970614368,18.8712223498363,19.8112296044443,17.2330122937376,18.1914999049883,5.84018854664497,17.2514926661149,"Nikema Williams","Democrat"
"Georgia","GA","1306",3180717.93683115,3179748.9533739,8142637.91828773,35.1070117952549,8140157.3206372,35.0963166898295,15101059.1915541,38658711.5303786,166.677169647714,92997236.0028971,238072924.167417,330844.970160411,846963.123610652,3.65168446259462,0,0,0,17950932.1582249,46798868.8510158,201.773486337544,18280808.144928,14.9726178099685,14.9723131206503,15.9126248768759,3.58648707903367,15.9123201874993,3.5861908293807,16.5302755106817,17.47028272882,5.12204052150378,18.3480803410299,19.2880875929688,16.7031526580779,17.6613696121137,5.31208952518952,16.7213623869564,"Lucy McBath","Democrat"
"Georgia","GA","1307",1335367.23335316,1334015.22261988,3418540.1173841,14.7390476437632,3415078.96990689,14.7241248943389,6071012.61294789,15541792.2891466,67.0084916816746,37933374.4102834,97109438.4903255,126669.873047036,324274.875000411,1.3981122549949,0,0,0,7279709.97325402,18956871.2590535,81.7326165760135,7405027.83556777,14.1047176420094,14.1037046662682,15.044724444166,2.7561447356799,15.0437114679623,2.75519615043947,15.6190361364009,16.5590432945179,4.21963257505122,17.451341900222,18.3913491426491,15.8006017179086,16.7576770759431,4.41561392060008,15.8176698997437,"Richard McCormick","Republican"
"Georgia","GA","1308",498615.744621938,498258.548706287,1276456.30623216,5.50344581801611,1275541.88468809,5.49950328633834,2304805.80562844,5900302.8624088,25.4391763780798,13405348.0671988,34317691.0520288,29577.8172426711,75719.212141238,0.326463647339589,0,0,0,2773843.7330077,7175844.74709689,30.9386796644181,2803064.35433472,13.1195930327847,13.1188764023797,14.0595990691444,1.87233216228316,14.0588824378632,1.87172575649522,14.6505074155546,15.5905144096529,3.27484686389617,16.4111643693877,17.3511715824215,14.8357449060509,15.7862311868232,3.46381780393675,14.8462241457277,"Austin Scott","Republican"
"Georgia","GA","1309",974823.956679685,974082.697663754,2495549.32909999,10.7595696396601,2493651.70601921,10.7513880311263,4132015.58463415,10577959.8966634,45.6069110021273,25394529.7214077,65009996.0868036,75730.7643213584,193870.756662677,0.835874443787481,0,0,0,5031108.77699248,13071611.6026826,56.3582990332536,5106098.2822979,13.7900132022517,13.7892525108257,14.7300198356307,2.46466734653386,14.7292591437291,2.46397136392195,15.2342761229198,16.1742832339349,3.84174883490222,17.050044382874,17.9900516173691,15.4311511493492,16.3859534599851,4.04931754161969,15.4459463208362,"Andrew S. Clyde","Republican"
"Georgia","GA","1310",3092098.46866848,3091514.65412454,7915772.0797913,34.1288789410177,7914277.51455882,34.1224351178032,11246733.8723546,28791638.7132277,124.135250769269,68158705.674869,174486286.527665,158556.590967601,405904.872877059,1.75006027565609,0,0,0,14180275.7500555,36705916.2277865,158.257685887072,14338248.5264791,14.9443608578578,14.9441720315696,15.8843679192744,3.55902355404118,15.884179092949,3.5588401034305,16.2355884109203,17.1755956152294,4.8293951585097,18.0373494654648,18.9773567150157,16.467362595807,17.418448532393,5.07052355631479,16.4784413164015,"Mike Collins","Republican"
"Georgia","GA","1311",1544927.95450651,1544202.14860009,3955015.56353667,17.0520634016717,3953157.50041623,17.0440523560449,6228109.71561002,15943960.8719617,68.742442929692,39830868.9016761,101967024.388291,128981.26850078,330192.047361998,1.42362416427755,0,0,0,7644056.40161576,19897118.3723779,85.7864952857369,7772311.86421011,14.2504884831185,14.2500185738394,15.1904953471743,2.89325999412742,15.1900254377098,2.89281612111836,15.6445835888509,16.5845907494997,4.2448090697377,17.5001527952828,18.4401600384752,15.849439093683,16.8060855240598,4.46345102529611,15.8660783439716,"Barry Loudermilk","Republican"
"Georgia","GA","1312",3046361.67079522,3045842.04150886,7798685.87723577,33.6240613701729,7797355.62626269,33.6183259884611,13091215.0898567,33513510.6300332,144.493618013705,64437793.3060657,164960750.863528,32907.4402090774,84243.0469352382,0.363214190794516,0,0,0,16104669.3204429,41310866.2562959,178.111944002166,16137057.1313656,14.9294588699574,14.9292882817297,15.8694659284152,3.5445488556974,15.8692953401534,3.54438319469282,16.3874520357754,17.3274592477185,4.9801322232008,17.9812108870414,18.9212181360761,16.5946198699041,17.5366361530111,5.1880109958557,16.5966289322821,"Rick W. Allen","Republican"
"Georgia","GA","1313",2867526.23111796,2866631.15348687,7340867.15166198,31.6501743374818,7338575.75292639,31.6402949638383,13346667.4192978,34167468.5934025,147.313160054503,81419896.7213701,208434935.606707,283318.22982965,725294.668363905,3.12711049328367,0,0,0,15930875.4205862,41506044.3463289,178.953455018341,16213298.5727847,14.8689606244072,14.8686484330018,15.8089676703897,3.48585019529415,15.808655478918,3.48554756693737,16.4067773550592,17.3467845678932,4.99932598461677,18.2151302448527,19.1551374958599,16.5837696973588,17.5413496455878,5.19269823422036,16.6013424246812,"David Scott","Democrat"
"Georgia","GA","1314",870760.093591425,870294.544614803,2229145.83959405,9.61097006514421,2227954.03421389,9.60583159208935,3813790.08561742,9763302.6191806,42.0945133078315,23972662.0733161,61370014.9076891,74389.7017406889,190437.636456164,0.821072534038564,0,0,0,4610160.47746816,11991256.6533945,51.7003448999208,4684084.63023222,13.6771229284186,13.6765881393974,14.617129487091,2.36188837777205,14.6165946976954,2.36140400003799,15.1541342879782,16.0941413866877,3.76339568756376,16.9924247005029,17.9324319335748,15.3437734420097,16.2996884133624,3.96462200011643,15.3596812849657,"Marjorie Taylor Greene","Republican"
"Hawaii","HI","1501",57806.2943794617,57291.3319183643,147984.113611422,0.638034022168459,146665.809711013,0.632350150302137,8981444.2932,22992497.390592,99.1322327228842,52378405.0993096,134088717.054233,2022.57954256086,5177.80362895579,0.022324118412168,0,0,0,9037228.00803691,23139163.200303,99.7645828731864,9038735.62511837,10.9648702470346,10.9559220703334,11.9048669639808,0.493496755769788,11.8959186925282,0.490020786409949,16.0106713731186,16.9506785637619,4.60649163971224,17.7740049670144,18.7140122138718,16.0168631597201,16.9570371598166,4.61278693351069,16.0170299687433,"Ed Case","Democrat"
"Hawaii","HI","1502",33477.6053967075,33236.4226116847,85702.6698155711,0.369507359935856,85085.2418859128,0.36684531726286,2802444.20808621,7174257.17270069,30.9318348318697,16664533.8566944,42661206.6731376,1162.50467727696,2976.01197382903,0.0128310860087962,0,0,0,2834759.30880564,7259342.41458661,31.2986801491325,2835680.63069789,10.4186618689182,10.4114317072051,11.358650925321,0.314451083883887,11.3514206315257,0.312505396447478,14.846002882653,15.7860099237004,3.46360346927455,16.628793357945,17.5688005798693,14.8574679444112,15.797799943949,3.47502636713777,14.8577929003529,"Jill N. Tokuda","Democrat"
"Idaho","ID","1601",224317.687567526,224005.279487628,574253.280172867,2.47589502109804,573453.515488327,2.47244683287017,2343466.56346595,5999274.40247284,25.8658925183885,18739491.2053299,47973097.4856445,1822.77415503838,4666.30183689825,0.020118776651026,0,0,0,2565961.47687844,6572727.91796117,28.3383393512586,2567471.84295358,12.3208230320959,12.3194293638712,13.2608275740244,1.24585200588208,13.2594339020111,1.24485948462063,14.6671422551849,15.607149253645,3.29085754597729,16.7461437375734,17.6861509635466,14.7578442008546,15.6984396646428,3.37889517095139,14.7584326434956,"Russ Fulcher","Republican"
"Idaho","ID","1602",97165.5493590586,96836.8730989652,248743.80635919,1.07245978901209,247902.395133351,1.06883204157611,2031927.30834001,5201733.90935043,22.4272938995849,13582568.2792628,34771374.7949128,2180.01746216531,5580.8447031432,0.0240618314097816,0,0,0,2126912.8402369,5449636.30448378,23.496125941161,2128764.18143898,11.4841817888214,11.4807934477683,12.4241827758448,0.72873620567363,12.4207944135057,0.726984216916343,14.5244958057294,15.4645027643209,3.15390174860589,16.4242978580216,17.3643050716485,14.5701825857159,15.5110596147889,3.19851498019706,14.571052642555,"Michael K. Simpson","Republican"
"Illinois","IL","1701",20531050.6191719,20522206.6929529,52559489.5850802,226.610422731901,52536849.1339595,226.512808347899,23620007.4883997,60467219.1703031,260.704626429526,143452734.851051,367239001.21869,743552.198143642,1903493.62724772,8.20691941537673,0,0,0,43407505.909428,113004068.304263,487.217434777425,44142214.1813526,16.8374490112182,16.8370181598556,17.777456240029,5.42763549528055,17.7770253886536,5.42720653723652,16.9776047281068,17.9176119607992,5.56721648775021,18.7815161720191,19.7215234262627,17.5861429543763,18.5429343875704,6.19076086968789,17.6029271428837,"Jonathan L. Jackson","Democrat"
"Illinois","IL","1702",16328080.8586394,16321556.3199262,41799886.9981168,180.220358636774,41783184.1790111,180.148344373922,14512843.2874119,37152878.8157744,160.184766644683,87118397.0137347,223023096.355161,589014.25973479,1507876.50492106,6.50121481211377,0,0,0,30251909.8863165,78936062.9947855,340.333111018605,30834399.6073381,16.6083969968497,16.6079973269627,17.5484042180205,5.19971374180516,17.5480045481186,5.19931627776811,16.490544628215,17.4305518447178,5.08255132588434,18.2827786481478,19.2227858996445,17.2250699102416,18.1841487662362,5.83285886561845,17.2441415275075,"Robin L. Kelly","Democrat"
"Illinois","IL","1703",52455603.7244486,52439696.7936706,134286345.534588,578.976047312176,134245623.791797,578.800475376046,14990381.2495815,38375375.9989285,165.455567515279,84172899.8472294,215482623.608907,1876825.0357532,4804672.0915282,20.7153604866521,0,0,0,65569159.9382769,172620999.790725,744.256042891325,67430078.043252,17.7754777455237,17.775174453946,18.7154849923982,6.36298680495006,18.7151817008169,6.36268403638381,16.5229193700593,17.4629265878997,5.11472841203646,18.2483835847406,19.1883908359925,17.9986160357309,18.9666090023912,6.61372784106784,18.0266017529369,"Delia C. Ramirez","Democrat"
"Illinois","IL","1704",21330436.5514314,21321252.666092,54605917.5716644,235.43360413627,54582406.8251955,235.332237470838,11274809.1149385,28863511.3342425,124.445129825545,65016336.3767233,166441821.124412,759717.239824561,1944876.13395088,8.38534023741548,0,0,0,31845528.4265453,83445918.159438,359.777367296383,32596061.7810305,16.8756456036657,16.8752149578827,17.8156528335888,5.46566742490627,17.8152221877935,5.46523860091746,16.2380816019641,17.1780888064081,4.83186845042111,17.9901491405355,18.9301563896543,17.2764075667568,18.2397093052519,5.88826105699802,17.2997020654552,"Jesús G. “Chuy” García","Democrat"
"Illinois","IL","1705",88163849.9121169,88136758.7952518,225699455.775019,973.103991064167,225630102.515845,972.804974245254,24105567.9193837,61710253.8736223,266.063974889971,134752751.815548,344967044.647804,3154109.54586717,8074520.43741995,34.8133230388241,0,0,0,109115308.285633,287340356.389467,1238.86894913523,112242326.714636,18.29470758336,18.2944002546789,19.2347148349396,6.88151806494968,19.2344075062564,6.88121105181242,16.9979534472602,17.9379606804722,5.58748823602872,18.7189521966026,19.6589594505719,18.5079157643836,19.4761779853321,7.12276096683263,18.5361707322697,"Mike Quigley","Democrat"
"Illinois","IL","1706",21059985.9335157,21051417.6685778,53913563.9898001,232.448519252365,53891629.2315591,232.353947465676,13852924.0226735,35463485.4980442,152.900941460811,81767937.8738455,209325920.957044,753891.319450187,1929961.77779248,8.32103693880073,0,0,0,34159018.636739,89355114.7296034,385.254888926487,34904341.6912513,16.8628854442291,16.8624785110036,17.8028926737853,5.45296157850698,17.802485740548,5.45255638875446,16.4440069612723,17.3840141757749,5.03630915818032,18.2193957794348,19.1594030304738,17.3465372273141,18.3081290528787,5.9564974855467,17.3681218118457,"Sean Casten","Democrat"
"Illinois","IL","1707",30838232.2921646,30823162.4163555,78945874.6679414,340.37541408165,78907295.78587,340.209081096994,17676790.22294,45252582.9707264,195.106669369515,101496468.831295,259830960.208116,1094068.3809868,2800815.05532621,12.0757238833901,0,0,0,47420954.1341178,124159878.756596,535.315750466509,48499952.6392955,17.2442658187722,17.2437770242617,18.1842730575033,5.8329827927749,18.1837842629832,5.83249543043625,16.687763106787,17.6277703308053,5.2786587426674,18.435534575854,19.3755418283416,17.6745747804088,18.6370806459435,6.2847230743186,17.6970734000164,"Danny K. Davis","Democrat"
"Illinois","IL","1708",49182758.9177043,49169996.957884,125907862.829323,542.852189894978,125875192.212183,542.711330415188,11335485.4827527,29018842.8358469,125.114842136681,63390220.6313414,162278964.816234,1764728.74015992,4517705.5748094,19.4781033485613,0,0,0,58753515.6602971,154894035.04803,667.826172551869,60505482.4406367,17.7110537118785,17.7107941978564,18.65106095798,6.29867750018428,18.6508014439546,6.29841846339618,16.24344875964,17.1834559643733,4.83719293736644,17.9648201745682,18.9048274234466,17.8888615672447,18.8582518026964,6.50552419460507,17.9182445542764,"Raja Krishnamoorthi","Democrat"
"Illinois","IL","1709",183913852.893933,183868311.012329,470819463.408468,2029.93975922639,470702876.191563,2029.43709303392,35523028.8743773,90938953.918406,392.083617115198,192580179.586592,493005259.741675,6586326.17737828,16860995.0140884,72.6962388331042,0,0,0,212850555.590932,561641830.109969,2421.52071014911,219391339.886706,19.0299780205812,19.0297303637557,19.9699852757593,7.61625390049372,19.969737618933,7.61600636562398,17.3856917729677,18.3256990143048,5.97402235543418,19.0760231474984,20.0160304028256,19.1761008651795,20.1463748934966,7.79256389280954,19.2063676377827,"Janice D. Schakowsky","Democrat"
"Illinois","IL","1710",65840172.0899025,65822664.4767797,168550840.55015,726.707537124355,168506021.060556,726.514297738588,14349706.4064167,36735248.4004268,158.384151651753,77881657.3506686,199377042.817712,2358125.11827,6036800.3027712,26.0276855684568,0,0,0,77831753.3780492,205241269.460983,884.898449390342,80172370.8831964,18.0027407432771,18.0024747971162,18.9427479925132,6.58989923276038,18.9424820463498,6.58963365210144,16.4792401101653,17.4192473261907,5.07131733639275,18.1707010319071,19.1107082825742,18.170060059836,19.1396967741426,6.78660232709513,18.1996895232519,"Bradley Scott Schneider","Democrat"
"Illinois","IL","1711",37372397.4853625,37362103.1974422,95673337.5625281,412.495928715615,95646984.1854521,412.382306038402,10016574.4025825,25642430.4706113,110.557428443295,56530152.2460961,144717189.750006,1339063.13112811,3428001.61568795,14.7798409267125,0,0,0,46049908.756817,121289414.656063,522.939734481697,47378677.6000248,17.4364429815097,17.4361674919402,18.3764502236957,6.02464766850382,18.3761747341217,6.02437284526347,16.1197518190128,17.0597590166676,4.71453951160884,17.8502847395287,18.7902919872405,17.6452363609854,18.6136901125314,6.26137666717571,17.6736828669017,"Bill Foster","Democrat"
"Illinois","IL","1712",1684129.52203735,1654259.81060477,4311371.57641562,18.5884935945645,4234905.11514821,18.2588081800102,5741411.24914743,14698012.7978174,63.3705334607696,34954341.6366576,89483114.5898436,58648.9265034162,150141.251848745,0.647334531205171,0,0,0,7366891.84468137,18932917.9129656,81.6293416407798,7395671.0597522,14.336759977929,14.3188648269019,15.2767668745868,2.97494233234659,15.2588717170264,2.95796852387431,15.5632157744706,16.5032229268253,4.1646559734431,17.3695532717625,18.3095605128205,15.8125065802465,16.756412706384,4.41436484312453,15.8164055302887,"Mike Bost","Republican"
"Illinois","IL","1713",3563042.26438502,3493840.79826213,9121388.19682565,39.3268970361383,8944232.44355105,38.5630893877789,17543253.877626,44910729.9267226,193.63276877753,103366665.668279,264618664.110794,121376.64775886,310724.218262681,1.33968855119045,0,0,0,20984919.4942522,53854962.3702737,232.195858165309,21037094.6758882,15.0861255871988,15.0665124905349,16.0261326746637,3.69701866657836,16.0065195746123,3.67789659743081,16.6801800965424,17.6201873202983,5.27111454600507,18.4537930954182,19.3938003480144,16.8593146660485,17.8018051276122,5.45187869344944,16.8617978980874,"Nikki Budzinski","Democrat"
"Illinois","IL","1714",15030136.6626055,15024587.6217413,38477149.85627,165.894365856307,38462944.3116578,165.833118601147,8022256.49405876,20536976.6247904,88.5452463735493,48037456.3292958,122975888.202997,540960.974198818,1384860.09394897,5.97082912698986,0,0,0,22511432.1824654,58999920.9364482,254.378364974696,23046844.1158001,16.5255679208759,16.5251986584261,17.4655751388238,5.11736107249647,17.4652058763591,5.11699402298032,15.8977304232835,16.8377376058144,4.49474404360862,17.6874916255758,18.6274988713819,16.9295338795574,17.8930466787581,5.54274622965282,16.9530394467073,"Lauren Underwood","Democrat"
"Illinois","IL","1715",2618897.6414004,2597619.18005853,6704377.96198504,28.905948975409,6649905.10094984,28.6710890449939,8405472.56139478,21518009.7571706,92.7749741467389,49099810.208722,125695514.134328,95552.7764350149,244615.107673638,1.05465889022385,0,0,0,10928817.4263602,28167914.8581205,121.446063191733,11003091.7414533,14.7782644214811,14.7701062684727,15.7182714472888,3.39805742299451,15.7101132923744,3.39017313888674,15.9443936660568,16.8844008520509,4.54089802027331,17.7093657477211,18.6493729938017,16.2069137505909,17.1536941526683,4.80767063254841,16.213686949559,"Mary E. Miller","Republican"
"Illinois","IL","1716",7630258.57965721,7627452.58955937,19533461.9639225,84.2185894118442,19526278.629272,84.1876184394352,4624697.31174585,11839225.1180694,51.0448604049119,27194209.7005832,69617176.8334931,276494.015667946,707824.680109941,3.051788577972,0,0,0,11978461.8757351,31365503.7473413,135.232478844347,12252149.9013052,15.8476324236069,15.8472646109342,16.7876396022354,4.44521959562128,16.7872717895334,4.44485609979398,15.3469216969083,16.2869288236344,3.95210604676404,17.1185146667219,18.0585219028051,16.2986208348848,17.2612192720773,4.91436282963641,16.321212063322,"Darin LaHood","Republican"
"Illinois","IL","1717",4672351.74749316,4670478.51260306,11961220.4735825,51.5708438058619,11956424.9922638,51.5501680714246,7016694.21913885,17962737.2009954,77.4464041160534,38644932.263619,98931026.5948646,186727.741900005,478023.019264013,2.06099791543157,0,0,0,11502318.224732,29919162.1932593,128.996572187478,11687172.7317419,15.3571733031,15.3567723037322,16.2971804311701,3.96216166579369,16.2967794317499,3.9617682956323,15.7638028986522,16.7038100702972,4.36241564149439,17.4699262316131,18.409933474336,16.2580592447163,17.2140097425397,4.86750808231931,16.2740025361887,"Eric Sorensen","Democrat"
"Indiana","IN","1801",3666402.61923456,3664747.34899112,9385990.70524048,40.467731674396,9381753.21341727,40.4494617136151,4118360.58839853,10543003.1063002,45.4561946785084,24587933.5058175,62945109.7748928,140945.555525418,360820.622145069,1.55567937132121,0,0,0,7643817.65210767,19924756.3197175,85.9056563921235,7783107.93738965,15.1147217993123,15.1142702276415,16.0547288915987,3.7249155747733,16.0542773198528,3.72447489509445,15.2309659695141,16.1709730800402,3.83850981866086,17.017766413341,17.957773647049,15.8494078598468,16.8074736028784,4.46482312097148,15.8674664226815,"Frank J. Mrvan","Democrat"
"Indiana","IN","1802",1159261.51534789,1158696.36950049,2967709.4792906,12.7952897746255,2966262.70592124,12.7890520061956,5314805.19215612,13605901.2919197,58.6618908925945,31195807.0971596,79861266.1687285,185513.384358052,474914.263956612,2.04759450607692,0,0,0,6288553.32314596,16572163.9978409,71.45094289879,6473501.5616566,13.9632945982687,13.9628069747664,14.9033013311025,2.62432721322069,14.9028137073439,2.62387494442371,15.4860071047765,16.4260142486119,4.08869347306296,17.2557942878929,18.1958015268505,15.6542417649223,16.6232350385528,4.28290968315806,15.6832278741951,"Rudy Yakym III","Republican"
"Indiana","IN","1803",445310.858941509,444922.425541396,1139995.79889026,4.91509586448582,1139001.40938597,4.91080855066854,1807110.54893112,4626203.00526367,19.9458903985243,10284868.3984193,26329263.0999534,34004.9061201617,87052.5596676139,0.375327414742852,0,0,0,2218416.50175247,5765204.41464965,24.8566989491929,2252032.97447252,13.0065301223082,13.0056574689063,13.9465360123757,1.77750770431268,13.9456633577791,1.7767826326641,14.4072402992303,15.3472472205123,3.04194246476419,16.1461843827308,17.0861915819727,14.6123046626109,15.5673513423861,3.25256971435237,14.6273443544834,"Marlin A. Stutzman","Republican"
"Indiana","IN","1804",1098534.22180181,1097815.49372075,2812247.60781265,12.1250153733248,2810407.66392512,12.1170824488339,14694779.9926772,37618636.7812537,162.192883737928,81908094.2837893,209684721.366501,76292.3615421068,195308.445547793,0.842073044431913,0,0,0,15717021.8529369,40429044.4451788,174.309966186762,15792595.486398,13.9094882338356,13.9088337593253,14.849494937611,2.57451997977794,14.8488404627375,2.57391538446042,16.5030029541975,17.4430101712202,5.09493283703229,18.2211083874525,19.1611156385042,16.5702549410841,17.5150590312759,5.16655564248893,16.5750518113705,"James R. Baird","Republican"
"Indiana","IN","1805",1042373.67740521,1041545.90449198,2668476.61415733,11.5051462325471,2666357.51549946,11.4960097312899,8762062.13363629,22430879.0621089,96.7108133400814,49687990.8389166,127201256.547626,68664.4913129623,175781.097761184,0.757880816316885,0,0,0,9735771.31972854,25097236.5776084,108.206823071371,9803608.03812827,13.8570120119087,13.8562175741871,14.7970186857973,2.52614025818741,14.7962242476111,2.52540937184942,15.9859419527211,16.9259491416656,4.5820122319425,17.7212738489747,18.6612810952021,16.0913175279743,17.0382683413763,4.69324354369743,16.0982611450431,"Victoria Spartz","Republican"
"Indiana","IN","1806",1085888.41008694,1085015.85161358,2779874.32982256,11.9854378723166,2777640.58013076,11.9758070527266,10618990.5540473,27184615.818361,117.206565950972,59053929.431986,151178059.345884,73750.5728698729,188801.466546875,0.814018181765887,0,0,0,11631128.3912643,29962256.3984918,129.182373003698,11704006.4056608,13.8979099419583,13.8971060762772,14.8379166392737,2.56382856594135,14.8371127731413,2.56308662771308,16.1781546120233,17.1181618131294,4.77243365292979,17.8939616594761,18.8339689076487,16.2691956299489,17.215449060854,4.86893633661305,16.275441854428,"Jefferson Shreve","Republican"
"Indiana","IN","1807",2146355.58273124,2145839.79949025,5494670.29179198,23.6902901345688,5493349.88669504,23.6845972033863,20928677.8222428,53577415.2249415,230.999212679817,116734802.940723,298841095.528252,150452.690551952,385158.887812996,1.66061388866736,0,0,0,22924580.7144221,59070765.1116366,254.683809883204,23074517.621733,14.5792823499404,14.5790420146541,15.5192893245205,3.20641005438439,15.5190489891659,3.20617945411309,16.8566309687911,17.7966381981659,5.44673397803907,18.5754152870759,19.5154225403472,16.9477203301136,17.8942467087547,5.54394156344938,16.9542394766722,"André Carson","Democrat"
"Indiana","IN","1808",270491.837463687,270151.361183111,692459.103907038,2.985539842561,691587.484628763,2.98178185300155,2636247.80389798,6748794.37797883,29.09745050794,14658698.4203947,37526267.9562103,16136.9106765381,41310.4913319376,0.178110327514487,0,0,0,2890602.73068513,7440381.86260759,32.0792323609415,2906399.16508109,12.5080008980408,12.5067413795009,13.4480059036974,1.38267277171481,13.4467463823183,1.381729420867,14.7848675570616,15.7248745844007,3.40444046743463,16.5005445342795,17.4405517512001,14.8769759416226,15.8224328655132,3.49890566435243,14.8824258166883,"Mark B. Messmer","Republican"
"Indiana","IN","1809",581401.316279376,580812.380067259,1488387.3696752,6.41718733750151,1486879.69297218,6.41068698413599,10873159.4188849,27835288.1123454,120.011941816752,56678384.4432848,145096664.174809,30904.8395117378,79116.3891500488,0.3411105878662,0,0,0,11423655.8956526,29322167.8053176,126.422628800888,11453971.7989522,13.2731982510676,13.2721847795333,14.2132044614461,2.00379992028923,14.212190988849,2.00292314542037,16.2018079637462,17.1418151661937,4.79588923342737,17.8529034869062,18.7929107346462,16.2511969294666,17.1938544024148,4.84750934746665,16.2538471971254,"Erin Houchin","Republican"
"Iowa","IA","1901",624462.700522821,624026.536605149,1598624.51333842,6.89247516703498,1597507.93370918,6.88766103006764,51986317.8877237,133084973.792573,573.796328854756,272077441.542951,696518250.349955,239775.95075315,613826.433928065,2.64651481158865,0,0,0,52371004.6374933,134682481.726282,580.683989884824,52610344.4243288,13.3446484811944,13.3439497755528,14.284654763848,2.06590979504468,14.2839560575244,2.06529964351537,17.7664911436163,18.7064983903859,6.35401576736255,19.421597298968,20.3616045552198,17.7738636686203,18.7184305863483,6.36592732756189,17.7784233394396,"Mariannette Miller-Meeks","Republican"
"Iowa","IA","1902",185697.642985876,185269.868535353,475385.966043842,2.04962825127184,474290.863450505,2.04490671261973,7361006.74258878,18844177.2610273,81.2467360103216,38701956.8445142,99077009.5219563,33660.1455252828,86169.9725447239,0.371522137283068,0,0,0,7513044.24004937,19318468.1244778,83.2916427229413,7546276.61112413,12.1318804397528,12.1295741874769,13.0718844167125,1.11501969836185,13.0695781568598,1.11347026444288,15.8117074028795,16.7517145785868,4.40972370509297,17.4714007470179,18.411407989764,15.8321514329024,16.7765721457457,4.43428272276172,15.836564968006,"Ashley Hinson","Republican"
"Iowa","IA","1903",122614.686258107,122347.09982112,313893.596820753,1.35335333790189,313208.575542068,1.35039986626872,4869982.02261944,12467153.9779058,53.7521778750092,26690038.9592732,68326499.7357394,23443.6836065813,60015.8300328481,0.258758460588442,0,0,0,4969153.02527096,12780362.5534478,55.1025777412779,4992329.12244056,11.7168102409401,11.7146255380687,12.6568125296228,0.855841263325793,12.654627815882,0.854585469540232,15.3986010089376,16.3386081423003,4.00281714644445,17.0998010185423,18.0398082542022,15.4187601673411,16.3634204535707,4.02718176051541,15.4234133171415,"Zachary Nunn","Republican"
"Iowa","IA","1904",248410.160596302,248194.67573034,635930.011126534,2.74181446180165,635378.369869671,2.73943605859795,8910969.40629697,22812081.6801202,98.354369757695,49661476.8309768,127133380.687301,43669.1685282826,111793.071432404,0.481996217539103,0,0,0,9115710.39836499,23447460.0499899,101.093805816293,9159164.08202731,12.4228405579689,12.4219727290801,13.3628453633671,1.31957064399347,13.3619775323485,1.31893481358588,16.0027937055588,16.9428008956655,4.59869295150008,17.7207400965821,18.660747342803,16.025510010045,16.9702727762055,4.62589205551726,16.0302655842458,"Randy Feenstra","Republican"
"Kansas","KS","2001",310563.526680642,310098.112380401,795042.628302444,3.42782906591697,793851.167693827,3.42269207934578,5477752.83703613,14023047.2628125,60.460417201567,34259721.3664527,87704886.698119,3317.86272466798,8493.72857515003,0.0366207403873105,0,0,0,5784998.5009921,14816898.4305063,63.8831092809127,5787850.94941653,12.6461469741616,12.6446472427188,13.5861522704986,1.48790941110149,13.5846525361108,1.48674857840843,15.5162056911464,16.4562128383924,4.11839334485969,17.3494809471045,18.289488187809,15.570778832351,16.5112789407282,4.1725873322241,15.5712717875219,"Tracey Mann","Republican"
"Kansas","KS","2002",184012.117274668,182533.021887117,471071.02022315,2.0310243473106,467284.536031018,2.01469890750477,2781955.26113046,7121805.46849399,30.7056891261727,16575464.7773912,42433189.8301215,8198.17527086515,20987.3286934148,0.090486940888751,0,0,0,2957769.20313427,7589090.004525,32.7203880336775,2964488.28301758,12.1227623235864,12.1146918559297,13.0627662704878,1.10890063080837,13.0546957759968,1.10349996035145,14.8386649292465,15.7786719686924,3.45649613248344,16.6234341948414,17.5634414165692,14.8999462326679,15.8422223799501,3.5181026405905,14.9022153270168,"Derek Schmidt","Republican"
"Kansas","KS","2003",336528.267884089,333663.229848931,861512.365783268,3.71441357098576,854177.868413263,3.68279085998411,11509651.3218006,29464707.3838096,127.037188690893,67351492.8422271,172419821.676101,26812.3192422657,68639.5372602001,0.295939604388231,0,0,0,11819367.2704424,30318885.2522228,130.719979550877,11843314.5516495,12.7264404016519,12.7178904664525,13.666445849378,1.55062453316159,13.6578958986303,1.54389426979439,16.2586965736216,17.1987037791683,4.85232075836962,18.0254356408601,18.9654428903039,16.2852501226969,17.2272813849577,4.88067830226124,16.2872741779193,"Sharice Davids","Democrat"
"Kansas","KS","2004",60679.3569098207,60401.5742198867,155339.153689141,0.669745303126087,154628.03000291,0.666679290871714,918214.20610953,2350628.3676404,10.1347424086819,7376536.14639444,18883932.5347698,2448.26700960966,6267.56354460073,0.0270226220907631,0,0,0,976445.296009741,2505256.39764331,10.8014216995536,978615.780329417,11.0133753152814,11.0087870025493,11.9533725313458,0.512671101699207,11.9487841724298,0.510833198260332,13.7301870714416,14.6701936662812,2.41007016696011,15.8138148651021,16.7538220409837,13.7916750313807,14.7339020407725,2.46822000722714,13.7938954049714,"Ron Estes","Republican"
"Kentucky","KY","2101",362454.760045102,362215.291343722,927884.18571546,4.00057590420197,927271.145839928,3.99793278063964,3045078.19222264,7795400.17208995,33.6098950409726,17150299.001575,43904765.4440319,28127.2354270476,72005.7226932418,0.310452924627781,0,0,0,3379405.71684069,8722671.31792988,37.6078278216122,3407293.48356636,12.8006577045743,12.7999968022817,13.7406632818247,1.60955308664169,13.7400023784206,1.60902438307055,14.929037466086,15.8690445244595,3.54413962502123,16.6575262242264,17.5975334471865,15.0332107244905,15.9814362074146,3.65345504921702,15.0414291277673,"James Comer","Republican"
"Kentucky","KY","2102",711615.702936627,711442.374774138,1821736.19951777,7.85442198045838,1821292.47942179,7.85250887971641,3344229.01013563,8561226.2659472,36.9117569166894,18648529.5615199,47740235.6774908,31783.4706010806,81365.6847387663,0.350808433644995,0,0,0,4024061.24247117,10382518.745369,44.7642657964058,4055671.38490976,13.4752947068657,13.4750511076445,14.4153011090321,2.1809169930408,14.4150575096022,2.18070090807785,15.0227470337566,15.9627541100312,3.63526127286718,16.7412779106829,17.6812851364976,15.207802458453,16.1556341562785,3.82350356380203,15.2156270480396,"Brett Guthrie","Republican"
"Kentucky","KY","2103",2005092.43659016,2004248.21030832,5133036.63767081,22.1311053730459,5130875.4183893,22.1217872685729,10382539.2384731,26579300.4504911,114.596746630389,54880368.439099,140493743.204094,80401.8384529534,205828.706439561,0.887431185973112,0,0,0,12307229.8366103,31710175.8688804,136.718533898962,12386787.4487814,14.5112012194276,14.5107800898965,15.4512081740055,3.14117826468408,15.4507870443464,3.1407753448204,16.1556361300849,17.0956433298841,4.75010781250651,17.8206662731213,18.760673520509,16.3256975205082,17.2721482241994,4.92521199289349,16.3321410149035,"Morgan McGarvey","Democrat"
"Kentucky","KY","2104",821983.080419304,821593.270447788,2104276.68587342,9.07259627319554,2103278.77234634,9.0682937655417,7898424.95602396,20219967.8874213,87.1784620963042,44489803.5447985,113893897.074684,50925.9476754344,130370.426049112,0.562092546787471,0,0,0,8669482.08876783,22323246.6597677,96.2467558618459,8720018.22647175,13.6194763069643,13.6190019639205,14.559482824109,2.30981849606157,14.5590084807135,2.30939125499019,15.8821740515122,16.8221812328522,4.4793627392731,17.6107706095336,18.5507778543281,15.9753197263067,16.9211391893625,4.57725162319505,15.9811320007533,"Thomas Massie","Republican"
"Kentucky","KY","2105",351153.950743395,350727.370730489,898954.113903092,3.87584379864274,897862.069070052,3.87113544353483,2607881.7269913,6676177.22109772,28.7843613826778,14449215.4775148,36989991.6224378,26480.9173236261,67791.1483484827,0.29228177263524,0,0,0,2932554.76041107,7574039.29016777,32.6554968262127,2958609.09772178,12.7689828601448,12.7677673302913,13.7089883832897,1.58429317637308,13.7077728513256,1.58332706054228,14.7740492343732,15.7140562591981,3.39398346994691,16.4861507480432,17.4261579643611,14.8913848739619,15.840237206966,3.51617639568361,14.9002301544412,"Harold Rogers","Republican"
"Kentucky","KY","2106",2452481.40073401,2450769.44925926,6278352.38587906,27.0691382175781,6273969.79010369,27.0502426406012,21775551.6399066,55745412.1981608,240.346539194231,119774028.311859,306621512.478358,228694.719819704,585458.482738442,2.52420629105569,0,0,0,23999338.3208209,62019381.9882645,267.396781834833,24226321.0891658,14.7126112943445,14.7119130021713,15.6526183043632,3.33467068871184,15.6519200120164,3.33399728222011,16.8962984599402,17.8363056904473,5.48623382263859,18.6011174364373,19.541124689841,16.9935368596342,17.9429575229941,5.59246641484246,17.0029502896561,"Andy Barr","Republican"
"Louisiana","LA","2201",1933775.28382095,1933322.91768509,4950464.72658163,21.3439459413714,4949306.66927382,21.3389529732482,10580342.3993104,27085676.5422347,116.779988916743,67702560.6519332,173318555.268949,64455.4186690263,165005.871792707,0.711423391957853,0,0,0,12449662.2644623,32034983.2115085,138.118941889991,12513665.3169955,14.4749852729275,14.4747513166738,15.4149922162972,3.10655540925987,15.4147582599697,3.10633192473826,16.1745084412694,17.1145156421659,4.76881838341507,18.0306345754522,18.9706418249429,16.3372041334781,17.2823391202038,4.93532926428098,16.3423319104091,"Steve Scalise","Republican"
"Louisiana","LA","2202",1277231.9531663,1276770.42927583,3269713.80010572,14.0973824575461,3268532.29894611,14.0922884111741,7396999.94371819,18936319.8559186,81.6440091296912,50180138.0524583,128461153.414293,74034.7565402903,189528.976743143,0.817154844515462,0,0,0,8600197.1403442,22204852.1548647,95.7362975408653,8673770.37299402,14.060206540591,14.059845128607,15.0002133219768,2.71452138161214,14.9998519098203,2.71418391212183,15.8165851981512,16.7565923742613,4.41454233682066,17.731129869972,18.6711371163197,15.9672958005332,16.9158214335302,4.57198869439518,15.9758142452936,"Troy A. Carter","Democrat"
"Louisiana","LA","2203",448883.184785594,448719.77799001,1149140.95305112,4.95452522855881,1148722.63165443,4.95272163439739,1968723.86236469,5039933.08765361,21.7296890922982,13309574.5031971,34072510.7281846,16249.4829221637,41598.6762807391,0.179352837926753,0,0,0,2401357.56422812,6188655.71930804,26.6824107266956,2417443.6403547,13.0145201931082,13.0141560979791,13.9545260940659,1.78415147310649,13.9541619984425,1.7838485325198,14.4928966131519,15.4329035621155,3.12367195947342,16.4039942967896,17.3440015094964,14.6915452035903,15.6382286129218,3.32079721968456,14.6982216065043,"Clay Higgins","Republican"
"Louisiana","LA","2204",497951.745796728,497583.758881212,1274756.46923962,5.49611696489186,1273814.4227359,5.49205532810416,2156004.52971898,5519371.59608059,23.7967898941947,14914190.7524082,38180328.326165,25583.4261745051,65493.571006733,0.282375759909786,0,0,0,2628372.8493412,6793186.01881649,29.2888452222989,2653588.28860019,13.1182604635463,13.11752119068,14.0582664982763,1.87120460837644,14.057527224505,1.87057917212129,14.5837677758125,15.5237747516631,3.21071420504268,16.5178237842118,17.4578310018445,14.7818759046873,15.7314307589024,3.41077950025492,14.7914237300528,"Mike Johnson","Republican"
"Louisiana","LA","2205",863123.682278697,862922.645963478,2209596.62663346,9.52668356525531,2209081.9736665,9.52446463719258,4426786.5273861,11332573.5101084,48.8604302294251,31079950.2071091,79564672.5301992,103514.089644272,264996.069489337,1.14253147820364,0,0,0,5186396.12002052,13541655.4837749,58.3848948666177,5289709.17334957,13.6683144350398,13.6680814910222,14.6083209875207,2.35391332547051,14.6080880433385,2.3537025124498,15.3031847158451,16.2431918366803,3.90922770680718,17.2520735135497,18.1920807524344,15.4615498175483,16.4212811579784,4.08403989885531,15.481274014687,"Julia Letlow","Republican"
"Louisiana","LA","2206",410502.509628923,410186.878599261,1050886.42465004,4.53090048653673,1050078.40921411,4.52741672516545,4532356.68536929,11602833.1145454,50.0256554569206,30686130.8830204,78556495.0605323,39128.4539526174,100168.842118701,0.431878312294861,0,0,0,4903730.7410456,12652911.5237595,54.553072182086,4942543.56396855,12.9251397574822,12.9243705742064,13.8651455315151,1.71035063890289,13.864376347097,1.70972056808472,15.3267528224131,16.2667599464547,3.93232855441292,17.2393213803018,18.179328618935,15.4055070530313,16.3533979856692,4.01733881936441,15.4133908504695,"Cleo Fields","Democrat"
"Maine","ME","2301",2318520.4436611,2296558.23246226,5935412.33577241,25.5905509949878,5879189.07510339,25.3481442104442,8516697.24066763,21802744.9361091,94.0026108642044,44678824.8870123,114377791.710752,57472.6162665164,147129.897642282,0.634351067037059,0,0,0,10777745.0680622,27681934.0112125,119.350755074649,10813255.4731299,14.6564402317082,14.6469225749093,15.5964472273705,3.2805559269277,15.5869295680581,3.27139784406103,15.9575392932581,16.897546480199,4.553904374004,17.6150102535526,18.555017498405,16.1929940169886,17.1362905927448,4.790410438199,16.1962833906078,"Chellie Pingree","Democrat"
"Maine","ME","2302",1264475.55438951,1253815.38385352,3237057.41923716,13.9565843574896,3209767.38266502,13.8389232695909,20121325.8572773,51510594.19463,222.088106596263,90662601.9262718,232096260.931256,26373.4918049024,67516.1390205501,0.29109606895832,0,0,0,21359427.9198619,54720361.577295,235.927029865854,21375141.2411309,14.0501688035122,14.0417025650947,14.9901755800848,2.7051516281281,14.9817093375699,2.69725367914944,16.8172908482022,17.7572980764086,5.40756679027414,18.3226555139216,19.2626627656917,16.8770038357373,17.8177464573037,5.46775220286563,16.8777392273208,"Jared F. Golden","Democrat"
"Montana","MT","3001",468325.6970479,467947.035000749,1198913.78444262,5.16912096476614,1197944.40960192,5.16494150175819,3557513.79000627,9107235.30241606,39.2658767825103,29363479.2896549,75170506.9815165,56822.8967010909,145466.615554793,0.627179820513475,0,0,0,3969016.59035308,10305179.712018,44.4308182842685,4025460.82500702,13.056921401977,13.0561125324116,13.9969273592926,1.81955635852385,13.9961184886743,1.81887864780538,15.0845727663532,16.0245798535523,3.69550438031182,17.1952622931614,18.1352695309001,15.1940291636912,16.1481573084963,3.81619069158947,15.2081502013849,"Ryan K. Zinke","Republican"
"Montana","MT","3002",62933.9595021852,62812.3788835528,161110.936325594,0.694630364101537,160799.689941895,0.693288424232247,1435225.3358229,3674176.85970661,15.8412263502314,9028213.45151654,23112226.4358824,6069.80682660338,15538.7054761047,0.066995182876474,0,0,0,1492089.48849848,3834976.54964851,16.5345147744636,1498037.71470645,11.049857083239,11.0479233693136,11.9898546590683,0.527464642774382,11.9879209264012,0.526672451447901,14.1768331200507,15.1168399539574,2.82382982981061,16.0158651706823,16.955872361677,14.2156887070344,15.1596741386982,2.86417121137942,14.2196672869887,"Troy Downing","Republican"
"Nebraska","NE","3101",945777.798287478,945606.123557056,2421191.16361594,10.4389741497318,2420751.67630606,10.4370792986619,7435730.65453036,19035470.4755977,82.0714973723851,38579604.5825787,98763787.7314016,184435.860534567,472155.802968492,2.03570139190207,0,0,0,8197072.59228327,21456222.1519038,92.508576671047,8381336.77808741,13.7597639922431,13.7595824589781,14.6997706064241,2.43702630970462,14.6995890730421,2.43686064729449,15.821807539831,16.7618147163703,4.4197016511175,17.4682343420246,18.4082415847208,15.9192877695482,16.8815252848925,4.53805316118989,15.9415180991072,"Mike Flood","Republican"
"Nebraska","NE","3102",1646857.99995047,1646623.08546243,4215956.47987321,18.1771110729082,4215355.09878383,18.174518216243,15960026.7885429,40857668.5786698,176.157980633825,86705087.2984929,221965023.484142,349635.862360469,895067.807642801,3.85908797564175,0,0,0,17257248.9261329,45073023.6774536,194.332498850068,17606649.8740053,14.3143803952646,14.3142377411307,15.2543872837334,2.95371743626022,15.2542446295468,2.95358222131801,16.5855978911212,17.5256051114313,5.17704188044535,18.2780231285926,19.2180303800559,16.6637428987193,17.6237945030752,5.27470322880115,16.6837872791942,"Don Bacon","Republican"
"Nebraska","NE","3103",185280.699625406,185163.847521202,474318.59104104,2.04502626022307,474019.449654277,2.0437365110903,1738098.68592882,4449532.63597779,19.1841754849259,9361968.26411354,23966638.7561307,34993.0505532836,89582.2094164061,0.386234008460995,0,0,0,1888386.33500095,4923552.08563207,21.2279119960162,1923262.53345003,12.1296326466052,12.1290017749775,13.0696366161803,1.11350952517166,13.0690057424771,1.1130858761643,14.3683029398536,15.3083098477466,3.00489890556008,16.0521662177897,16.9921734111907,14.4512337608964,15.4095409997043,3.10134879625995,14.4695340580571,"Adrian Smith","Republican"
"Nevada","NV","3201",142182.927605117,141621.298849846,363988.2946691,1.56933680246093,362550.525055606,1.56313785375582,904148.13592042,2314619.22795628,9.979488877294,5706225.13207699,14607936.3381171,5694.748480875,14578.55611104,0.0628554955389312,0,0,0,1040636.31504466,2677169.75301188,11.5426267310498,1045769.43477027,11.8648767632763,11.8609189255966,12.8048797359367,0.943647812088443,12.8009218812606,0.941232232028302,13.714749599131,14.654756183646,2.39602888466036,15.5570684405481,16.4970755922483,13.8553438863581,14.8002711056801,2.52913298145517,13.8602644298931,"Dina Titus","Democrat"
"Nevada","NV","3202",113191.218055255,112646.376250941,289769.518221452,1.24934228884944,288374.723202409,1.24332862525824,3245959.22778538,8309655.62313058,35.8271092124279,23749863.6294236,60799650.8913245,4679.96950076904,11980.7219219687,0.0516549243686219,0,0,0,3354470.47633987,8598030.34633299,37.0704378376862,3358605.60403632,11.6368426972932,11.6320176544302,12.5768445722288,0.810637857416743,12.5720195033269,0.807960756290147,14.9929217742969,15.932928845055,3.60623423735279,16.9830873886149,17.9230946214484,15.0258047828456,15.967043821802,3.63943807118685,15.0270367447474,"Mark E. Amodei","Republican"
"Nevada","NV","3203",164810.522261256,164316.950456197,421914.936988817,1.8190877229348,420651.393167866,1.81363994934213,860685.494238065,2203354.86524945,9.49977218926993,5465651.1045335,13992066.8276058,6709.89157375268,17177.3224288069,0.0740600855853639,0,0,0,1018786.12492557,2624006.25841731,11.3134121386121,1025002.44469426,12.0125578106473,12.0095585522036,12.9525613717266,1.03641333010641,12.9495621021768,1.03447900073412,13.6654855989123,14.6054921493932,2.3513535606681,15.5139939962681,16.4540011432679,13.834123384518,14.7802131952074,2.51068908607807,13.8402065312263,"Susie Lee","Democrat"
"Nevada","NV","3204",161283.709797573,160830.918224521,412886.297081787,1.78016071047373,411727.150654774,1.77516304660927,678913.492055933,1738018.53966319,7.49347299789526,4470120.72383687,11443509.0530224,6492.56753970217,16620.9729016376,0.0716613826578089,0,0,0,833704.634313803,2149745.69031796,9.26863604450453,839744.410280453,11.9909264660527,11.9881151124503,12.9309299462805,1.02250873555456,12.9281185820412,1.02070950100723,13.4282504664398,14.3682568273583,2.13929798592286,15.3129261975024,16.2529333196721,13.6336356625788,14.5808605747059,2.32909420543251,13.6408540418811,"Steven Horsford","Democrat"
"New Hampshire","NH","3301",14260121.585544,14126843.7568613,36505911.2589928,157.395363766278,36164720.0175649,155.924316538408,17240597.3759439,44135929.2824164,190.292213096239,89010184.7465055,227866072.951054,353197.750811438,904186.242077281,3.89840213752123,0,0,0,31147521.2106765,80300649.2999813,346.216529634647,31367441.1328052,16.4729775693752,16.4635874287247,17.4129847851339,5.06509420979969,17.4035946440802,5.05576362885499,16.6627775311789,17.602784754325,5.25380217042295,18.3042613677379,19.2442686193832,17.2542452562355,18.201288277265,5.84994859004767,17.2612810382006,"Chris Pappas","Democrat"
"New Hampshire","NH","3302",12227138.9909644,12111655.1062847,31301475.816869,134.956422198715,31005837.0720888,133.681774719079,36854120.8913754,94346549.4819211,406.775477276769,179862598.899926,460448253.18381,299606.296683191,766992.11950897,3.3068891993826,0,0,0,48781653.5856567,125352386.55401,540.457251995848,48965775.9976601,16.3191686283913,16.3096788614462,17.2591758370449,4.91233440937954,17.2496860696246,4.90291477150839,17.4224780262838,18.3624852682405,6.01071672214087,19.0077037834775,19.947711038581,17.702864869522,18.6466394294874,6.29426411964218,17.7066321834408,"Maggie Goodlander","Democrat"
"New Jersey","NJ","3401",2081179.58005859,2061810.41691954,5327819.72494999,22.9709133334696,5278234.66731403,22.7571271844645,18742450.1558833,47980672.3990612,206.868836458384,99709661.1051687,255256732.429232,161382.094582723,413138.162131772,1.78124662751552,0,0,0,20662247.6413592,53258907.0663753,229.625963642849,20804260.5728028,14.5484458772278,14.5390954829846,15.4884528429167,3.17684115091061,15.4791024459228,3.16788257743951,16.746301624294,17.6863088502724,5.33690728684325,18.4177731420235,19.3577803944034,16.8438188560699,17.7906756361943,5.44079719318324,16.8506684069937,"Donald Norcross","Democrat"
"New Jersey","NJ","3402",734119.827601377,720411.328385042,1879346.75865953,8.10281010720764,1844253.00066571,7.95150324717132,5271854.57091303,13495947.7015374,58.187825604021,28600486.2196033,73217244.7221844,42704.9961633003,109324.790178049,0.471354214298849,0,0,0,5963269.40235111,15340200.7022031,66.1393288511923,5992265.89929807,13.5064289093098,13.4875790053872,14.4464353377264,2.20858316884283,14.4275854180085,2.19182147876077,15.4778929592871,16.4179001021884,4.08071587216067,17.1689343112954,18.1089415484805,15.6011296137736,16.5459875025916,4.20676999524325,15.6059803457937,"Jeff Van Drew","Republican"
"New Jersey","NJ","3403",3466631.66510719,3373423.00375015,8874577.06267441,38.262769970094,8635962.88960039,37.2339841303344,13345866.1316659,34165417.2970646,147.304315883185,71226928.807042,182340937.746027,160109.576232581,409880.515155408,1.76720127121064,0,0,0,16652388.2205405,42801380.186665,184.538300013519,16719289.135416,15.0586942672532,15.0314388113763,15.9987013499617,3.67027674087026,15.9714458892279,3.6437247570399,16.406717316729,17.3467245295602,4.99926635110198,18.0813815324992,19.0213887824352,16.6280642608252,17.5720809307478,5.22326132981126,16.6320737087038,"Herbert C. Conaway, Jr.","Democrat"
"New Jersey","NJ","3404",2115044.73552451,2044727.75005051,5414514.52294275,23.3446982575031,5234503.0401293,22.5685781212731,7795338.49991675,19956066.5597869,86.0406506014275,42463876.437247,108707523.679352,78683.092051926,201428.71565293,0.868460610344505,0,0,0,9831700.14338934,25190569.5999162,108.609228722701,9840066.24996726,14.5645869945902,14.5307756980994,15.5045939649673,3.1923140951238,15.4707826585684,3.15991438934445,15.8690366130749,16.8090437933946,4.46637525782036,17.5641643298356,18.5041715739766,16.1011225334468,17.0419802999149,4.69692157464326,16.1019731033513,"Christopher H. Smith","Republican"
"New Jersey","NJ","3405",37863808.1556249,36802990.9351695,96931348.8783997,417.919848893335,94215656.794034,406.211132996244,18562250.0871454,47519360.2230923,204.879887402125,95205965.7943877,243727272.433633,1352901.87131517,3463428.79056684,14.9325853148121,0,0,0,55073156.3714551,141735017.017126,611.09102039837,55365241.022315,17.4495063102963,17.4210897024204,18.3895135526939,6.03767961019958,18.3610969443541,6.00933180522663,16.7366405649906,17.6766477906533,5.32729292787419,18.3715531742091,19.3115604263,17.8241729933786,18.7694698019854,6.41688099759482,17.8294625545003,"Josh S. Gottheimer","Democrat"
"New Jersey","NJ","3406",4997637.7086106,4826826.84490802,12793952.5340431,55.1611709900315,12356676.7229645,53.2758548048628,21002973.6830394,53767612.628581,231.819249449228,114682541.919581,293587307.314127,183182.392278722,468946.924233528,2.02186630004014,0,0,0,25817428.9993713,66124289.3515455,285.095104254091,25829800.5279475,15.4244761005714,15.3897000489782,16.3644832371303,4.02822561046228,16.3297071812222,3.99407946515416,16.8601746372294,17.8001818667071,5.45026239907651,18.5576783727795,19.4976856259574,17.0665604031605,18.0070467161615,5.65632428790018,17.0670394812619,"Frank Pallone Jr.","Democrat"
"New Jersey","NJ","3407",4048857.86232957,3913465.68619797,10365076.1275637,44.689061888879,10018472.1566668,43.1946776590177,8820768.70040513,22581167.8730371,97.3587840727726,48171878.1614402,123320008.093287,147777.496939206,378310.392164367,1.63108657578314,0,0,0,12721849.0657955,32599640.0297039,140.55346173179,12734234.3866031,15.2139456369925,15.1799341596567,16.1539527449786,3.82185892327595,16.1199412624359,3.78860436687884,15.992619691795,16.9326268812024,4.58862185526236,17.6902859888781,18.6302932347195,16.3588315507243,17.2998118349175,4.95267746715283,16.3598046242794,"Thomas H. Kean, Jr.","Republican"
"New Jersey","NJ","3408",17139413.6605108,16559989.8730837,43876898.9709078,189.175403004385,42393574.0750943,182.780042540601,15133178.4641245,38740936.8681587,167.031684478447,78929611.0316515,202059804.241028,615233.48611224,1574997.72444733,6.7906081842946,0,0,0,31657358.6385231,81134510.9432529,349.811727019048,31693168.3372082,16.6568913200555,16.6225001557789,17.5968985429929,5.247946820005,17.5625073774724,5.2137396215484,16.5324002067229,17.4724074249469,5.12415255970687,18.1840670263254,19.1240742770964,17.2704812115459,18.2116189765714,5.86024968929803,17.2716117373072,"Robert Menendez","Democrat"
"New Jersey","NJ","3409",14981367.7291451,14542185.6510188,38352301.3866115,165.356081243764,37227995.266608,160.508631484542,9869585.07196553,25266137.7842317,108.935041213043,51454298.3770139,131723003.845156,535293.510844319,1370351.38776146,5.90827478963991,0,0,0,24315659.2902663,62494133.0508398,269.443672697585,24411770.7229843,16.5223179023162,16.4925644074157,17.4623251201322,5.11413055871703,17.4325716240032,5.08455858695926,16.1049684725328,17.0449756692816,4.6998896569314,17.7562045809321,18.6962118275806,17.0066311571275,17.9505832551154,5.6000638425828,17.0105760215863,"Nellie Pou","Democrat"
"New Jersey","NJ","3410",7983701.58007202,7727223.09436004,20438276.0449844,88.1196984793383,19781691.1215617,85.2888302911046,9735735.3480617,24923482.491038,107.457681720876,52576737.0617414,134596446.878058,287620.31952425,736308.01798208,3.17459458858922,0,0,0,17431816.6086095,44705173.6125997,192.74651201198,17462958.4424217,15.8929128442846,15.8602602479654,16.8329200264487,4.48998039286241,16.800267427596,4.45770016087271,16.0913138331741,17.031321029074,4.6863600666766,17.7777843377178,18.7177915846191,16.6738076925304,17.6155998160292,5.2665506655526,16.675592592433,"LaMonica McIver","Democrat"
"New Jersey","NJ","3411",7702850.9508845,7445271.26697276,19719298.4342643,85.019824002127,19059894.4434503,82.1768013949993,8723191.97163384,22331371.4473826,96.281785911996,47302087.4333407,121093343.829352,275388.092713326,704993.517346115,3.03958200983753,0,0,0,16150654.829805,41391265.8908329,178.458587306995,16168463.2386066,15.8571012014807,15.8230897938779,16.7971083808619,4.45457778134242,16.7630969705221,4.42096847955999,15.9814958953344,16.9215030839689,4.5776117765197,17.6720650054122,18.612072251021,16.5974712154651,17.5385804718777,5.18994446992873,16.5985732510754,"Mikie Sherrill","Democrat"
"New Jersey","NJ","3412",4399319.90731349,4250444.59907101,11262258.9627225,48.5572688130358,10881138.1736218,46.9140652010556,15261764.6859575,39070117.5960512,168.450948335303,81563092.1259526,208801515.842439,167715.467377786,429351.596487133,1.85115090630911,0,0,0,19493369.1258932,49951255.769673,215.365013536358,19512209.2850285,15.29696074773,15.2625343822448,16.2369678677058,3.90312894654659,16.2025414973689,3.86940909807929,16.5408612839395,17.4808685025027,5.13256349458684,18.2168874274972,19.1568946785174,16.7855849721791,17.7265582232963,5.3769668589309,16.7865509960353,"Bonnie Watson Coleman","Democrat"
"New Mexico","NM","3501",30808.2448421441,30383.2784302794,78869.1067958888,0.340044429133444,77781.1927815154,0.335353884064621,13188268.1052355,33761966.3494029,145.564835714656,73327266.213487,187717801.506527,2330.89536007532,5967.09212179282,0.025727138502949,0,0,0,13216745.4547176,33839747.5421844,145.900189598721,13218651.3836658,10.335570081136,10.3216805967239,11.275557560466,0.292702769482904,11.2616677994121,0.289196338420613,16.3948382882761,17.3348455005618,4.98746789515946,18.110443092411,19.0504503425921,16.3969952542857,17.3371466618882,4.98975337384422,16.3971394494963,"Melanie A. Stansbury","Democrat"
"New Mexico","NM","3502",203362.943433193,202763.405362958,520609.135188974,2.24460810282967,519074.317729172,2.23799073199659,4922407.9460705,12601364.3419405,54.3308263278195,31151537.0345635,79747934.8084824,59228.3933329048,151624.686932236,0.65373036674351,0,0,0,5066542.49617079,13120438.6596696,56.5688170598161,5125171.35143346,12.2227524776259,12.2198000193327,13.1627567396377,1.17699457331881,13.1598042724845,1.17495299298964,15.4093085918272,16.3493157265226,4.01333019133346,17.2543741770852,18.194381416015,15.4381693868866,16.3896818515643,4.05298105061863,15.4496747119713,"Gabe Vasquez","Democrat"
"New Mexico","NM","3503",52336.0063488699,51575.6999891377,133980.176253107,0.577655997386809,132033.791972192,0.569264154768499,1732421.5340575,4434999.1271872,19.1215142110663,10111898.5172098,25886460.204057,4372.92087618243,11194.677443027,0.0482658908550692,0,0,0,1780384.61953019,4567032.91915939,19.6907783658348,1783997.23404664,10.8654589782097,10.8508252988919,11.8054545933423,0.45594019953726,11.7908207423855,0.450606818259895,14.3650312956598,15.3050382024039,3.00178960139904,16.1292234583346,17.0692306565629,14.3923405389907,15.3343745191506,3.02968811143817,14.3943676022374,"Teresa Leger Fernandez","Democrat"
"New York","NY","3601",12025856.2200895,11679974.4366347,30786191.9234291,132.734773894267,29900734.5577849,128.917121372834,24970810.1536872,63925273.9934392,275.61404186501,117181164.786816,299983781.854249,437076.016743745,1118914.60286399,4.82420421426393,0,0,0,36559590.3570329,93826008.5512241,404.531163237844,36650784.5903219,16.3025696579093,16.2733864323343,17.2425768657287,4.89585853925298,17.2133936386531,4.86689671924698,17.033218146858,17.9732253809459,5.62262318390382,18.5792317207156,19.5192389740068,17.4144541271637,18.3569526628659,6.00519772199057,17.416945421001,"Nick LaLota","Republican"
"New York","NY","3602",12196197.2453989,11840666.2359865,31222264.9482212,134.614904262165,30312105.5641255,130.69074890199,18285632.1205416,46811218.2285865,201.826730722029,86116503.6314062,220458249.2964,441903.596349856,1131273.20665563,4.87748837763213,0,0,0,30039925.7695906,77123323.7927121,332.517479624019,30126298.3565281,16.3166348419105,16.287050540223,17.2566420504377,4.90981928290405,17.2270577472499,4.88045636256138,16.7216262340983,17.6616334592645,5.3123520713251,18.2712116424492,19.2112188938645,17.2180379470939,18.160916319276,5.80969527664791,17.2209090810118,"Andrew R. Garbarino","Republican"
"New York","NY","3603",27822744.742796,26995808.2712619,71226226.5415576,307.092124250047,69109269.1744304,297.964855175381,25598493.0318552,65532142.1615493,282.542059578356,120228660.227651,307785370.182787,1005567.85187143,2574253.70079086,11.0989038128135,0,0,0,52415669.9227797,134641411.33598,580.506914753737,52594301.3031171,17.141364436311,17.1111921997465,18.0813716729004,5.73039884295862,18.051199435665,5.70032602526272,17.0580440808388,17.9980513155251,5.64736047046488,18.6049059977951,19.5449132512181,17.7747161679926,18.7181255975124,6.36562286312402,17.7781183506073,"Thomas R. Suozzi","Democrat"
"New York","NY","3604",23384484.8052936,22689691.5519164,59864281.1015515,258.105056842386,58085610.3729059,250.436311789853,19576489.4115784,50115812.8936407,216.074502150503,94360415.618039,241562663.98218,847418.261537114,2169390.74953501,9.35333578586262,0,0,0,42113555.9553348,108201423.266547,466.510813940356,42266180.9634948,16.9675833606726,16.9374213067266,17.9075905931051,5.55723360433009,17.8774285383612,5.52718972403084,16.7898399354653,17.7298471628288,5.38024062249943,18.3626322276915,19.3026394797251,17.5558802647574,18.4995050875668,6.14742247988444,17.5594978434929,"Laura Gillen","Democrat"
"New York","NY","3605",33607197.021854,32619435.0091916,86034424.3759463,370.937720880441,83505753.6235306,360.035348108591,22524272.4859371,57662137.563999,248.610507296708,114494482.142988,293105874.286049,1232042.05398743,3154027.65820783,13.5986012531117,0,0,0,54899427.4538037,141167891.18753,608.645855405299,55143707.4951287,17.330250828831,17.3004188652833,18.2702580691902,5.9187264232693,18.2404261050934,5.88897587073762,16.930104107262,17.8701113386993,5.51990173215053,18.5560371976405,19.4960444508096,17.821013495748,18.7654604647262,6.41287822366495,17.8254532172854,"Gregory W. Meeks","Democrat"
"New York","NY","3606",45510436.2950328,44125274.670965,116506716.915284,502.319116484969,112960703.15767,487.030465796586,29337962.6735503,75105184.4442887,323.816264781782,148800766.626068,380929962.562733,1655245.17474662,4237427.64735134,18.2696840864054,0,0,0,73193153.7938365,188065887.601959,810.846730578369,73463237.3445153,17.6334522487147,17.6025433206988,18.5734594938164,6.22122439534785,18.5425505653802,6.19037783381552,17.1943929238244,18.134400161545,5.78325968333234,18.8181188391273,19.7581260935235,18.1086124608135,19.0523029306805,6.69931156689977,18.112295680484,"Grace Meng","Democrat"
"New York","NY","3607",41976424.2411336,40625485.8232898,107459646.057302,463.312638914556,104001243.707622,448.401725117165,30876964.9826061,79045030.3554717,340.802924174402,159261099.735858,407708415.323797,1538362.65552199,3938208.3981363,16.979599249406,0,0,0,71315026.5682177,183046274.063093,789.204649291567,71502450.8058959,17.5526187148752,17.5199061818849,18.4926259588496,6.1405581160953,18.4599134253765,6.10791719845584,17.2455210264352,18.1855282651911,5.8342343258655,18.8860555563348,19.826062811,18.0826176285093,19.0252495480369,6.67229196164964,18.0852422980679,"Nydia M. Velázquez","Democrat"
"New York","NY","3608",34656958.7681926,33610002.278279,88721814.4465731,382.524412546548,86041605.8323941,370.968683754973,24987960.9529694,63969180.0396017,275.803342936233,132711346.881878,339741048.017608,1279389.1138901,3275236.13155865,14.1211920088734,0,0,0,58365530.607272,150010785.871996,646.772026691206,58597963.2312484,17.3610091225416,17.3303342972401,18.30101636345,5.94940327600826,18.2703415376008,5.91880966727515,17.0339047449824,17.9739119790871,5.62330730075235,18.703687010958,19.6436942648578,17.8822360613504,18.8262177619549,6.47353882379067,17.8862105138627,"Hakeem S. Jeffries","Democrat"
"New York","NY","3609",36506075.3710913,35390692.345734,93455552.9499938,402.933942620579,90600172.4050792,390.622959438444,27340921.8675769,69992759.9809969,301.774028870489,146579801.103281,375244290.824399,1347094.82604102,3448562.75466501,14.8684903491521,0,0,0,62499902.4126272,160592932.386076,692.396988308933,62731614.2133109,17.4129892806175,17.3819594437018,18.3529965224165,6.0012513562273,18.3219666849747,5.97029953876007,17.1238951439053,18.0639023801088,5.71298674797232,18.8030805623675,19.7430878167016,17.9506755693075,18.8943833571768,6.54160268987393,17.9543761083993,"Yvette D. Clarke","Democrat"
"New York","NY","3610",41123222.4022734,39756428.4492608,105275449.34982,453.895467189345,101776456.830108,438.809548732237,35801076.7272928,91650756.4218695,395.152556092438,189067940.912506,484013928.736015,1509984.21631288,3865559.59376097,16.6663736758621,0,0,0,75414314.9132533,193427213.251977,833.962104824675,75557505.1765536,17.5320835661719,17.4982821331362,18.4720908098451,6.12006765011511,18.4382893762999,6.08634178941802,17.3934885550321,18.3334957965025,5.98179937972525,19.0576169894446,19.9976242447131,18.1385076811794,19.080411845934,6.72738634037749,18.1404045955076,"Daniel S. Goldman","Democrat"
"New York","NY","3611",25032685.9082532,24257511.5850754,64083675.9251282,276.296992346169,62099229.657793,267.741045340602,22111733.2556696,56606037.1345143,244.057126610134,118897202.306542,304376837.904747,932005.773741461,2385934.78077814,10.2869661321133,0,0,0,46212413.3901814,118705266.792307,511.798171950736,46369244.840745,17.0356930051597,17.0042369246932,17.975700239308,5.62508910635364,17.9442441580636,5.59374825922388,16.9116189873726,17.8516262183052,5.50149135320215,18.5937698399928,19.533777093359,17.6487590297002,18.5921542376374,6.23988234076145,17.6521469922877,"Nicole Malliotakis","Republican"
"New York","NY","3612",82393665.5637554,79738898.5934696,210927783.843214,909.415875990203,204131580.399282,880.114021128992,47734068.7831341,122199216.084823,526.862346516191,240289655.868389,615141519.023076,2934838.9266224,7513187.65215333,32.3931347765954,0,0,0,127192895.420267,326330796.484105,1406.97636764518,127472967.376604,18.2270191298353,18.1942680998909,19.1670263809309,6.81390150169783,19.1342753507402,6.78118703995569,17.6811559521213,18.6211631978467,6.26883554236049,19.2973556572019,20.2373629131573,18.6612153615582,19.6034221410634,7.24990875223422,18.6634148873524,"Jerrold Nadler","Democrat"
"New York","NY","3613",219485346.732136,213601724.395139,561882487.634268,2422.55830590481,546820414.451556,2357.61812482432,75320542.3451413,192820588.403562,831.346639674151,383571717.867013,981943597.739552,7888169.09620149,20193712.8862758,87.0652635672587,0,0,0,286917719.981076,739641002.855118,3188.96476449847,288922266.74028,19.2067960353227,19.1796237427103,20.1468032910377,7.79299211354969,20.1196309983489,7.76583118619529,18.1372634755501,19.0772707259512,6.72424898827701,19.7650371726744,20.7050444295772,19.4747060461444,20.4216754965234,8.06776515010612,19.481668240141,"Adriano Espaillat","Democrat"
"New York","NY","3614",82138614.7988243,79822433.2428974,210274853.88499,906.600766197178,204345429.101817,881.036030556114,40943839.4144742,104816228.901054,451.91553662222,208326999.463666,533317118.626985,2983766.00705921,7638440.97807157,32.9331649283144,0,0,0,120098688.206239,309161658.002871,1332.95156717833,120766272.657372,18.2239188146198,18.1953151537735,19.1639260656924,6.81080459710672,19.1353224046309,6.78223290614306,17.5277119397206,18.4677191833289,6.11570565472586,19.1546195207961,20.0946267763625,18.6038243728045,19.5493748663513,7.19590091935346,18.6093676129057,"Alexandria Ocasio-Cortez","Democrat"
"New York","NY","3615",121098879.881249,117847732.077085,310013132.495997,1336.62270242634,301690194.117337,1300.7383245671,46672435.2375299,119481434.208076,515.144620471959,238436705.540117,610397966.182699,4361876.4056491,11166403.5984617,48.1439880755752,0,0,0,163409438.71313,421171628.325414,1815.88294503905,164520167.314615,18.6121179672027,18.5849039514981,19.5521252206622,7.19864921469413,19.5249112048187,7.17145582297425,17.6586643179248,18.5986715633599,6.24638699844512,19.2896144516896,20.2296217076254,18.9117695093037,19.8585509791783,7.50487764421809,18.9185437243907,"Ritchie Torres","Democrat"
"New York","NY","3616",58830079.0510192,57218025.9970189,150605002.370609,649.333993198263,146478146.552368,631.541039938865,26501954.8385543,67845004.3866991,292.513973131919,135366726.776094,346538820.546801,2100803.05907989,5378055.83124453,23.1875064810378,0,0,0,83231230.8304936,214323150.939067,924.055013070785,83719980.8355732,17.8901638475574,17.8623795639889,18.8301710956906,6.47748606661096,18.8023868118304,6.44974510377556,17.0927290934614,18.0327363289593,5.68192524676154,18.7234981554246,19.6635054094144,18.2371332179311,19.1829954897884,6.82985320933398,18.2429882385757,"George Latimer","Democrat"
"New York","NY","3617",28314604.5481861,27540116.0956735,72485387.6433563,312.521001733803,70502697.2049243,303.972624990679,17613938.5188144,45091682.6081649,194.412946894932,90267622.2118872,231085112.862431,1013907.74727887,2595603.83303392,11.1909549824724,0,0,0,44914635.3197216,115594379.813089,498.385571885612,45154054.614488,17.1588883265902,17.1311543030957,18.0988955635601,5.74786634900557,18.0711615394604,5.72022201845035,16.684201164642,17.6242083885373,5.27511499583197,18.3182894071602,19.2582966589009,17.6202742755342,18.5655979041378,6.21337848653047,17.6255906591418,"Michael Lawler","Republican"
"New York","NY","3618",18331691.5858099,17966414.7202961,46929130.4596734,202.335109717769,45994021.6839581,198.303384968575,9697424.45823851,24825406.6130906,107.034827230908,49794074.2694209,127472830.129717,673091.082243004,1723113.17054209,7.42920844692318,0,0,0,27356024.9618054,70819428.2970487,305.338212199483,27663839.1785346,16.7241419552042,16.7040147797831,17.6641491804541,5.31485540477798,17.6440220043571,5.2948282113624,16.0873709915679,17.0273781872206,4.6824536495008,17.7234065644238,18.6634138106773,17.1244473902348,18.0756439461158,5.72468976021847,17.1356367096522,"Patrick Ryan","Democrat"
"New York","NY","3619",92106407.1489637,92008818.8434555,235792402.301347,1016.61976522783,235542576.239246,1015.54263928941,20517406.5200889,52524560.6914275,226.459826685046,104824269.918052,268350130.990213,3569258.5405143,9137301.86371661,39.3955088664631,0,0,0,109054555.128538,288067136.930673,1242.00246597445,112526225.363544,18.3384550769697,18.3373949982819,19.2784623288452,6.92522161577363,19.2774022501504,6.92416257934989,16.8367842311084,17.7767914598995,5.42697363679807,18.4677958957673,19.4078031484454,18.5073588299183,19.4787041287473,7.12528507539809,18.5386968756713,"Josh Riley","Democrat"
"New York","NY","3620",10824909.5422492,10756564.0632767,27711768.4281581,119.479386267405,27536804.0019882,118.725026533504,11743898.8946868,30064381.1703981,129.622684314097,61287741.0553401,156896617.101671,407986.249726586,1044444.79930006,4.50312739636474,0,0,0,22160822.1872094,57601185.1723863,248.3477108476,22500462.9579634,16.1973605678232,16.191026829695,17.1373677700209,4.79147866997656,17.1310340315351,4.78519766784906,16.2788445058463,17.2188517124492,4.87231289482297,17.9310904144397,18.8710976629883,16.9138365665907,17.8690537187247,5.51884835147115,16.929046487316,"Paul Tonko","Democrat"
"New York","NY","3621",5378887.30695411,5353851.42086193,13769951.5058025,59.3691939621397,13705859.6374065,59.0928616479267,4568003.51868187,11694089.0078256,50.4191055591999,24752399.4126402,63366142.4963588,202016.754839608,517162.892389396,2.22974961497497,0,0,0,9744874.07079637,25399948.6452321,109.511967207127,9921854.93954379,15.497992276391,15.4933269384057,16.4379994215923,4.10047894108991,16.4333340830773,4.09589105990998,15.3345870195211,16.2745941446118,3.94000980688287,17.0244330286454,17.964440262518,16.0922520710157,17.0502577495156,4.70512381561071,16.1102505524416,"Elise M. Stefanik","Republican"
"New York","NY","3622",8231255.52278225,8193217.41732941,21072014.1383226,90.8520624799477,20974636.5883633,90.4322188335373,9333924.89034084,23894847.7192726,103.02271931339,47506381.4444565,121616336.497809,311156.996964298,796561.912228604,3.43437946386556,0,0,0,17254023.4161588,44869484.3076358,193.454938146927,17527142.3076702,15.9234492369147,15.918817347786,16.8634564213743,4.52017926628053,16.8588245319019,4.51559791999449,16.0491662657069,16.9891734589123,4.64460933022001,17.6763746272301,18.6163818728944,16.663555973719,17.6192685071406,5.27020045573791,16.6792612834166,"John W. Mannion","Democrat"
"New York","NY","3623",7868767.13497705,7854444.53843663,20144043.8655413,86.851115411061,20107378.0183978,86.6930304831706,12276521.9286794,31427896.1374192,135.501483851862,67193225.1542705,172014656.394933,299666.101159653,767145.218968711,3.30754928823746,0,0,0,19845622.9624968,51535274.155817,222.194514335033,20130966.467116,15.8784120814555,15.8765902400941,16.8184192625047,4.47564351132041,16.8165974210021,4.47384242624498,16.3231992914586,17.2632065003127,4.91633548527554,18.0230829991369,18.9630902485593,16.8034940855038,17.7577770856416,5.40804365285312,16.8177698574206,"Nicholas A. Langworthy","Republican"
"New York","NY","3624",4904450.54155311,4885085.23022474,12555393.386376,54.1326223925054,12505818.1893753,53.9188787576639,10473281.5365407,26811600.7335441,115.598310111293,57692191.948831,147692011.389007,166267.538997583,425644.899833813,1.83516947075526,0,0,0,15211464.5390962,39317418.9229194,169.517188868957,15358366.7667654,15.4056538285326,15.4016974953451,16.3456609627747,4.00974159890192,16.3417046290947,4.00585716477119,16.1643380520044,17.1043452523121,4.75873478076928,17.8706324181442,18.8106396660731,16.537560013249,17.4871782336671,5.13883610612282,16.5471710148527,"Claudia Tenney","Republican"
"New York","NY","3625",6767297.44633498,6751140.36386478,17324281.4626175,74.6936999723949,17282919.3314938,74.515366999738,28674630.6976728,73407054.5860423,316.494771972991,161913350.712852,414498177.824901,154328.417886633,395080.749789782,1.70339203119874,0,0,0,35287599.7261211,90689973.9175362,391.010138972729,35425771.0615376,15.727612517439,15.7252221394974,16.6676196858834,4.32669493336579,16.6652293077263,4.32433617196462,17.1715233768753,18.1115306141155,5.76046135197038,18.9025718841348,19.8425791388627,17.3790422059818,18.3229573788501,5.97128770418233,17.3829501375601,"Joseph D. Morelle","Democrat"
"New York","NY","3626",2414943.5114774,2403006.3321206,6182255.38938213,26.6548156818886,6151696.21022873,26.5230596743444,29029153.6513205,74314633.3473804,320.407800969142,157237453.593781,402527881.200078,79568.5590605877,203695.511195104,0.878233907233687,0,0,0,31364528.6037373,80466329.5576092,346.930860643487,31432159.9834411,14.6971868681909,14.6922315659502,15.6371938743474,3.31979987851351,15.6322385708531,3.31502418691215,17.1838112157463,18.123818453246,5.77271072484813,18.8732676703545,19.8132749249704,17.2611881819109,18.2033494009535,5.8520037837239,17.263342161849,"Timothy M. Kennedy","Democrat"
"North Carolina","NC","3701",872382.155586114,759783.350784136,2233298.31830045,9.62887349157533,1945045.37800739,8.38606993375565,6813041.60508699,17441386.5090227,75.198598788563,54435923.3792087,139355963.850774,45814.0978949103,117284.09061097,0.505670765886263,0,0,0,7639609.66277819,19386431.8870301,83.5846687223187,7572824.95587112,13.6789840049917,13.5407899230299,14.6189905649654,2.36357421228618,14.4807963794843,2.23922666820273,15.734349363235,16.6743565322841,4.33334307392199,17.8125348684926,18.7525421157897,15.8488571994748,16.7800840436642,4.43775302941333,15.8400768656413,"Donald G. Davis","Democrat"
"North Carolina","NC","3702",5989227.99039209,5032698.0751714,15332423.6554037,66.1057980867821,12883707.0724388,55.5481479954878,51255460.2840627,131213978.327201,565.729525377696,422375503.962364,1081281290.14365,336356.910568633,861073.6910557,3.71252222336726,0,0,0,56908331.3638862,144097685.399639,621.277673373184,56288158.3592341,15.6054732456788,15.4314669936216,16.5454804024251,4.20627044988362,16.3714741310299,4.03509245216709,17.7523327319458,18.6923399785482,6.33988216236135,19.8614052985289,20.8014125555777,17.8569523271081,18.7860020053214,6.43338641333744,17.8459947576559,"Deborah K. Ross","Democrat"
"North Carolina","NC","3703",588960.259523219,525042.229806961,1507738.26437944,6.50061878753624,1344108.10830582,5.79512679870125,4815282.1887754,12327122.403265,53.1484312523601,36124319.2101575,92478257.1780032,28457.2272223196,72850.5016891381,0.314095192216114,0,0,0,5375785.2210763,13671230.5115709,58.9435580510614,5340324.41858236,13.2861156871653,13.1712358806733,14.2261219109957,2.01498552214375,14.1112419785453,1.91620570801785,15.3873054153531,16.3273125472944,3.99172900261849,17.4024768865079,18.3424841281306,15.4974153949697,16.4308042932723,4.093403420338,15.4907971488891,"Gregory F. Murphy","Republican"
"North Carolina","NC","3704",13770305.3482672,11462197.1930185,35251981.6915641,151.989042061212,29343224.8141274,126.513416167842,116250184.044835,297600471.154779,1283.10546974453,968773311.016118,2480059676.20126,772944.062331676,1978736.79956909,8.53133061537199,0,0,0,129247545.330771,326943695.968906,1409.61888591237,127712381.237854,16.4380251179713,16.2545650652564,17.37803233221,5.03036629831261,17.1945722705839,4.84822158390855,18.571255194214,19.5112624474635,7.15781762242206,20.6915412023589,21.6315484602214,18.6772400872714,19.6052985335135,7.25178381325129,18.6652912797935,"Valerie P. Foushee","Democrat"
"North Carolina","NC","3705",1224288.12472416,1155803.13214336,3134177.59929386,13.5130176548451,2958856.018287,12.7571180466178,8006711.96953786,20497182.6420169,88.3736744779757,58417859.1417499,149549719.40288,60632.8771555644,155220.165518245,0.669232285212105,0,0,0,9170367.21710646,23456038.6603039,101.130792524594,9162515.10168122,14.0178709271704,13.9603068779964,14.957877687924,2.67504601597237,14.9003136092574,2.62155636628218,15.895790868971,16.8357980513544,4.49282616988854,17.8831322253888,18.8231394734489,16.0314879979637,16.9706385745054,4.62625427151871,16.0306313825213,"Virginia Foxx","Republican"
"North Carolina","NC","3706",1185522.43427303,1116037.20559984,3034937.43173897,13.0851433261723,2857055.24633559,12.3182036631552,7774989.73841792,19903973.7303499,85.8160521855523,56879770.3320394,145612212.050021,70709.6342199539,181016.663603082,0.780453976711694,0,0,0,8889802.538471,22761028.9766855,98.1342558487074,8891026.94401776,13.9856949517094,13.9252956557459,14.9257016961873,2.64512057707865,14.8653023682209,2.58913179589431,15.8664228248286,16.8064300049438,4.46379153758158,17.856450323269,18.7964575710471,16.0004155080863,16.9405604200072,4.59647505111869,16.0005532300539,"Addison P. McDowell","Republican"
"North Carolina","NC","3707",582145.414889793,516577.122247563,1490292.26211787,6.42540028791445,1322437.43295376,5.70169360630948,5626607.32729722,14404114.7578809,62.1033910361407,38661242.1365403,98972779.8695432,29022.5487047773,74297.7246842298,0.320334899208972,0,0,0,6179730.19348224,15726552.1908347,67.8050846424502,6143184.44954479,13.2744772670502,13.1549818092457,14.2144834787684,2.00490659406586,14.0949878880988,1.9023602715153,15.5430173900389,16.483024540228,4.14477450877103,17.4703481868545,18.4103554295841,15.6367853322876,16.5708611277453,4.23127764689526,15.6308539684491,"David Rouzer","Republican"
"North Carolina","NC","3708",581585.323212684,531189.736809055,1488858.42742447,6.41921830463106,1359845.72623118,5.86297959329671,4197991.91300062,10746859.2972816,46.335121357201,31516359.9388377,80681881.4434246,62226.589167622,159300.068269112,0.686822800157698,0,0,0,4717350.64704568,12106705.0235128,52.1981009504978,4729181.64980967,13.2735146891283,13.1828764387563,14.2135208998384,2.00407370184943,14.1228825500604,1.92614169048433,15.2501170911766,16.1901242045094,3.85725254337182,17.2660173638408,18.206024602997,15.3667581083633,16.3092700738648,3.97402269929125,15.3692629442275,"Mark Harris","Republican"
"North Carolina","NC","3709",1819087.77577496,1550305.32019776,4656864.70598389,20.0780884281616,3968781.61970627,17.1114158008782,14780715.0711987,37838630.5822686,163.141387778586,120663673.126718,308899003.204399,100543.963869416,257392.547505704,1.10974886664169,0,0,0,16499258.8831042,41807412.2019749,180.252803579464,16331020.3913964,14.4138462610235,14.253963095304,15.3538531845257,3.0482340377853,15.1939699607279,2.89654244669041,16.508833920971,17.4488411382348,5.10072817701282,18.6085176807596,19.5485249342009,16.6188260822953,17.5485842311,5.19989276163979,16.6085770099225,"Richard Hudson","Republican"
"North Carolina","NC","3710",2678735.75273792,2622158.479117,6857563.52700906,29.5664090734913,6712725.70653951,28.9419403051818,15577605.6780325,39878670.5357632,171.937027156001,105797597.814455,270841850.405005,144709.07245339,370455.225480679,1.59721899721889,0,0,0,18111632.358317,46591396.2423027,200.878967461183,18199764.1571495,14.8008558804429,14.779508764918,15.7408629114484,3.41990166330116,15.7195157910151,3.39926018334393,16.5613449715897,17.5013521909625,5.15292752335332,18.4770383816154,19.417045634347,16.7120650167544,17.6569264735193,5.30766834684229,16.7169192485105,"Pat Harrigan","Republican"
"North Carolina","NC","3711",285172.941399988,262735.997434356,730042.729983969,3.14758177752509,672604.153431951,2.89993515431157,2015069.33929139,5158577.50858596,22.2412249271114,15176791.0132457,38852584.9939089,18443.9360866154,47216.4763817354,0.20357400266332,0,0,0,2281798.34460476,5831181.66201791,25.141160081423,2277805.33672574,12.5608545937826,12.4789088010613,13.500859715418,1.42252546019371,13.4189137402155,1.36095992589777,14.5161646605906,15.4561716166732,3.14592763830174,16.5352779777728,17.4752851961125,14.6404748759171,15.5787303957328,3.2635110867608,14.6387234047685,"Chuck Edwards","Republican"
"North Carolina","NC","3712",810027.11301483,752435.5706432,2073669.40931797,8.94063289353456,1926235.06084659,8.30496918568561,5493455.80929308,14063246.8717903,60.6337379559356,38914116.4486002,99620138.1084165,116146.379456617,297334.731408939,1.28195973190315,0,0,0,6187336.5428513,15989481.9326369,68.9387071416212,6245891.37993628,13.604824233472,13.5310719805484,14.5448307396745,2.29663069002329,14.4710784291706,2.23054857850202,15.5190682709447,16.4590754185088,4.12120941469967,17.4768676591669,18.4168749019989,15.6380154298136,16.5874417473665,4.24761924621446,15.6474345864392,"Alma S. Adams","Democrat"
"North Carolina","NC","3713",3756728.69240296,3195912.13882185,9617225.45255157,41.4647010942312,8181535.07538394,35.2747170237917,30168991.3561752,77232617.8718086,332.988701427383,248573426.30612,636347971.343667,199562.820183168,510880.819668911,2.20266443652176,0,0,0,33726157.228395,85414152.9471925,368.263418451174,33364903.4949971,15.1390593742443,14.9773834074082,16.0790664705268,3.74867316833357,15.9173904752264,3.5911209978795,17.2223252117102,18.162332450003,5.81110716434279,19.3312488419719,20.2712560980119,17.3337843027862,18.2630223821125,5.91151026049712,17.323015141885,"Brad Knott","Republican"
"North Carolina","NC","3714",749954.681529826,707715.042482994,1919883.98471636,8.27758649879049,1811750.50875646,7.81136863989986,4920607.76529963,12596755.8791671,54.3109569244925,35323380.8436642,90427854.9597803,69168.9046461943,177072.395894258,0.763448252723114,0,0,0,5601393.54218326,14408506.3879235,62.1223255643923,5628322.80778262,13.527769392473,13.4697982222865,14.4677758384161,2.22760143741123,14.4098046197331,2.17604277860884,15.4089428135987,16.3489499482488,4.0129710249687,17.3800556778045,18.3200629190447,15.5385261500936,16.4833293809261,4.14507451940125,15.5433222307039,"Tim Moore","Republican"
"North Dakota","ND","3800",168328.276397505,168218.945368143,430920.387577612,1.8579147545694,430640.500142447,1.85670801891613,3188761.23375092,8163228.75840235,35.1957892742528,25048807.3432865,64124946.7988135,746.76661456174,1911.72253327805,0.00824239837243806,0,0,0,3356342.74353386,8593869.25854479,37.0524972931689,3356980.17911906,12.0336773186901,12.033027600752,12.9736809570382,1.05009225211022,12.9730312367474,1.04966991953674,14.9751433849658,15.9151504523564,3.58894279367541,17.0363368132373,17.9763440474013,15.0263627678835,15.9665597464548,3.63896671403756,15.026552669488,"Julie Fedorchak","Republican"
"Ohio","OH","3901",1629236.82003522,1628745.89910093,4170846.25929018,17.9826181994699,4169589.50169839,17.977199684728,21472574.1813963,54969789.9043746,237.002440968341,124803923.547061,319498044.280477,104866.912013276,268459.294753986,1.15746318601575,0,0,0,22996944.0894183,59139379.406073,254.979640653069,23101320.0804972,14.3036228683559,14.3033215035673,15.2436297528227,2.94352372884577,15.2433283879214,2.94323824197672,16.8822871059039,17.8222943360162,5.47228092978838,18.6422544600964,19.5822617137052,16.9508719428726,17.8954075956018,5.54509791261804,16.9554003634887,"Greg Landsman","Democrat"
"Ohio","OH","3902",756841.976071244,756280.299129975,1937515.45874239,8.35360466057187,1936077.56577274,8.34740518001626,7842396.1019749,20076534.0210557,86.5600464810124,45339059.0058088,116067991.054871,33449.6704597245,85631.1563768948,0.369199029495484,0,0,0,8565788.40758642,22012611.5868285,94.9074516610286,8598676.40110487,13.536911081671,13.5361686747501,14.4769175350083,2.2357617941997,14.4761751274894,2.23509878393068,15.8750550983966,16.8150622791855,4.47232480350208,17.6296794707116,18.5696867157627,15.96328685217,16.9071261464506,4.56338368127977,15.9671189588276,"David J. Taylor","Republican"
"Ohio","OH","3903",4382822.07732875,4380219.54922357,11220024.5179616,48.3751748570884,11213362.0460123,48.3464495860331,28870712.3073136,73909023.5067228,318.65901272593,155284091.238828,397527273.5714,56365.4643742781,144295.588798152,0.622130934566378,0,0,0,33197168.9202681,85122385.5527351,367.005462311963,33250931.8565372,15.29320361293,15.2926096347889,16.2332107323844,3.8994477646244,16.2326167541607,3.898865819746,17.1783382588958,18.1183454962803,5.76725484242272,18.8607668504115,19.8007741049787,17.3179751868879,18.2596006206732,5.9080977812978,17.3195933805083,"Joyce Beatty","Democrat"
"Ohio","OH","3904",980714.273927865,979687.904120529,2510628.54125533,10.8245837154809,2508001.03454855,10.813255211147,6623238.19134944,16955489.7698546,73.1036533022926,36430076.8068158,93260996.6254485,16643.9392082531,42608.484373128,0.183706629040419,0,0,0,7587308.52606905,19463490.8044031,83.9169085134396,7602926.09546997,13.7960374557752,13.7949903554755,14.7360440929087,2.4701807299935,14.7349969919581,2.46922222399501,15.7060951120723,16.6461022785582,4.30546483341186,17.4109053047721,18.3509125465363,15.8419876103866,16.7840510535898,4.44167323147903,15.8440438752484,"Jim Jordan","Republican"
"Ohio","OH","3905",461970.136056329,461348.713246953,1182643.5483042,5.0989717848867,1181052.7059122,5.09211286236295,5570578.12432646,14260679.9982757,61.4849715696434,28524717.4802741,73023276.7495017,20975.5475878013,53697.4018247714,0.23151653532363,0,0,0,6011572.71279499,15441732.7041879,66.5770844320064,6031926.83757341,13.0432576920436,13.0419116314544,13.9832636314583,1.80812019711682,13.9819175690924,1.80699496118484,15.5330095785502,16.47301672765,4.13492607294274,17.1662815844358,18.1062888215642,15.6091971212857,16.5525843827979,4.21326893788739,15.6125772253314,"Robert E. Latta","Republican"
"Ohio","OH","3906",342571.550639621,340391.689523476,876983.16963743,3.78111599578231,871402.725180099,3.75705589003374,3063090.35205238,7841511.30125409,33.8087033352505,17758689.6231476,45462245.4352578,13625.7285332105,34881.8650450188,0.150393282848254,0,0,0,3392036.17415879,8712914.02643419,37.5657592252843,3403482.04157585,12.7442387409373,12.7378551993152,13.6842442206069,1.56467399117402,13.6778606675933,1.55962896638969,14.9349352097425,15.8749422692928,3.54986745135221,16.6923855666363,17.6323927908136,15.0369412351967,15.980316968662,3.65236481609181,15.0403098892151,"Michael A. Rulli","Republican"
"Ohio","OH","3907",999807.769556551,997090.464643815,2559507.89006477,11.0353271984182,2552551.58948817,11.0053350842109,16862936.0963004,43169116.406529,186.123796008535,83502178.5066695,213765576.977074,67115.3651772728,171815.334853818,0.740782415704797,0,0,0,17795628.5006797,45721667.9960172,197.129131092746,17860026.5609442,13.815319309234,13.8125977845995,14.7553259582337,2.4878462581042,14.7526044319383,2.4853511413379,16.6406287003661,17.5806359227206,5.23177040856297,18.2403832913567,19.1803905425505,16.6944634514443,17.6380829009494,5.28891899535547,16.6980756765774,"Max L. Miller","Republican"
"Ohio","OH","3908",1042768.94494287,1042353.03756657,2669488.49905374,11.5095089778085,2668423.77617043,11.5049184213822,13490158.2822929,34534805.2026699,148.896933127037,78273077.8685167,200379079.343403,63420.6353666109,162356.826538524,0.700002024101632,0,0,0,14469506.5918692,37203228.9788403,160.401851548419,14532511.3198595,13.8573911391291,13.856992210926,14.7973978132393,2.52648907333349,14.796998884803,2.52612204062835,16.4174710355488,17.3574782488685,5.00994794543986,18.1757142815158,19.115721532222,16.4875540684412,17.4319061428623,5.08389722756942,16.4918989263026,"Warren Davidson","Republican"
"Ohio","OH","3909",597723.949725288,597151.589258768,1530173.31129674,6.5973475705985,1528708.06850245,6.59103017117852,4437718.48140869,11360559.3124063,48.9810911136778,24552926.0399738,62855490.662333,10323.333036919,26427.7325745126,0.11394326120427,0,0,0,5025119.09809706,12889267.3809087,55.5721212848563,5034870.07066746,13.300885976831,13.2999279531146,14.2408922158313,2.02779918250764,14.2399341911377,2.0269673096254,15.3056511721418,16.2456582933161,3.91164475617447,17.0163416327953,17.9563488664679,15.4299599117426,16.3719056146473,4.03551630705853,15.4318984771868,"Marcy Kaptur","Democrat"
"Ohio","OH","3910",404345.41052856,403897.577353632,1035124.25095311,4.46294181964646,1033977.7980253,4.45799888384809,4718435.22568392,12079194.1777508,52.0794878430069,27734494.3896741,71000305.6375656,15699.0475836036,40189.5618140251,0.173277435986961,0,0,0,5107081.58862887,13113171.9757761,56.5374867268549,5122332.80303755,12.9100272413449,12.9089190792716,13.8500329927735,1.69798743946605,13.8489248290292,1.69708221778779,15.3669879945493,16.3069951238931,3.97179056064215,17.1381875173155,18.0781947538352,15.4461388771514,16.3891278535938,4.05243667845648,15.4491207140667,"Michael R. Turner","Republican"
"Ohio","OH","3911",1672881.31152247,1671178.56408696,4282576.15749753,18.4643420454288,4278217.12406262,18.4455480575651,31857370.1052454,81554867.4694281,351.624095648323,155384934.537143,397785432.415087,124682.682880607,319187.668174354,1.37617874501453,0,0,0,33405568.7338872,85833084.5934907,370.069643705888,33528548.6693323,14.330058631722,14.3290402608628,15.2700655259469,2.96858417856093,15.2690471547166,2.96761815222287,17.2767793450821,18.2167865844453,5.86540260469164,18.8614160512834,19.8014233058532,17.3242332025439,18.2679151031064,5.91638976387424,17.3279078627897,"Shontel M. Brown","Democrat"
"Ohio","OH","3912",1348549.9585482,1347699.15828654,3452287.89388339,14.8845512998896,3450109.84521354,14.8751606354501,9663441.64989989,24738410.6237437,106.659743719301,58969590.1013258,150962150.659394,19575.0680778972,50112.1742794168,0.216058814252581,0,0,0,10992416.5403702,28188520.4689572,121.534904354751,11011140.8081864,14.1145412099085,14.1139101112066,15.054548016526,2.7653470205419,15.0539169175388,2.76475566349607,16.0838605246769,17.0238677201086,4.67897573266649,17.8925324639409,18.8325397120986,16.2127162785644,17.1544254129371,4.80839592290711,16.2144182097873,"Troy Balderson","Republican"
"Ohio","OH","3913",443152.218835161,441864.721829344,1134469.68021801,4.89126998454918,1131173.68788312,4.87705930209722,5890522.02820266,15079736.3921988,65.0163360698204,31496618.9024516,80631344.3902762,23538.0728170082,60257.4664115411,0.259800276678273,0,0,0,6310136.17422081,16210910.0800819,69.8933953719176,6332386.750032,13.0016708556743,12.9987613181381,13.9416767390761,1.77347159149264,13.9387671975331,1.77105651811852,15.5888553510406,16.528862506082,4.18990222760874,17.2653907933542,18.2053980324984,15.6576679734603,16.6011950969493,4.26117727506522,15.6611879346893,"Emilia Strong Sykes","Democrat"
"Ohio","OH","3914",847290.078512578,846218.859650222,2169062.6009922,9.35192097227533,2166320.28070457,9.34009744878695,11652581.767059,29830609.3236711,128.614776181278,56751048.1294873,145282683.211487,45798.6729887075,117244.602851091,0.505500514271767,0,0,0,12454073.1725829,31996929.6043756,137.954873630065,12498800.6267092,13.6497995728175,13.6485344862083,14.5898061121049,2.33717210367563,14.5885410245852,2.33602929348335,16.2710384101482,17.2110456163444,4.86456679116353,17.8541847010181,18.7941919487719,16.3375583701205,17.2811505375503,4.93414923027701,16.3411433278135,"David P. Joyce","Republican"
"Ohio","OH","3915",2280191.93227629,2278309.92913159,5837291.34662729,25.1675020079337,5832473.41857688,25.1467294943341,15300214.5735759,39168549.3083543,168.875337006337,83191800.8346332,212971010.136661,33676.750578461,86212.4814808601,0.371705414709538,0,0,0,17546729.7552737,45001022.7269312,194.022066500671,17578524.5027075,14.63977061677,14.6389449058312,15.5797776080143,3.26451825948078,15.5789518968547,3.26372411555111,16.5433774760396,17.4833846947032,5.13506485631827,18.2366593652951,19.1766666164616,16.6803782087728,17.6221957969632,5.27311271370336,16.6821885731376,"Mike Carey","Republican"
"Oklahoma","OK","4001",225014.193204379,224540.097559313,576036.33460321,2.48358266649573,574822.649751841,2.47834986002437,3348939.03363948,8573283.92611707,36.9637435605823,16707397.0598037,42770936.4730975,14800.422496255,37889.0815904127,0.163358907476228,0,0,0,3559152.8043476,9148106.57586891,39.4420934206066,3573479.13119879,12.3239232042596,12.3218140320355,13.263927754597,1.24806126607936,13.2618185766549,1.24655800317446,15.0241544458649,15.9641615223958,3.63663158744041,16.6313621768856,17.5713693989037,15.0850333791662,16.0290575935516,3.69987115890065,15.0890505055872,"Kevin Hern","Republican"
"Oklahoma","OK","4002",1034608.19652517,1034405.83971846,2648596.98310443,11.4194351339003,2648078.94967925,11.4172016309802,1499724.73212454,3839295.31423883,16.5531351430634,9673329.25197802,24763722.8850637,13823.9205591152,35389.2366313349,0.152580817212931,0,0,0,2520509.0080906,6487374.26391808,27.9703367740436,2534130.571843,13.849534325479,13.8493387186747,14.7895409949797,2.51926259510878,14.7893453880603,2.51908273960359,14.2207928041039,15.160799656271,2.86523257458793,16.0848831982109,17.024890393707,14.7399718231736,15.6853685791297,3.36627243663753,14.7453615611053,"Josh Brecheen","Republican"
"Oklahoma","OK","4003",455071.265454622,454742.617756135,1164982.43956383,5.02282585293104,1164141.10145571,5.01919842074234,4546410.5617018,11638811.0379566,50.180774399239,27905271.9543466,71437496.2031274,56208.4757462469,143893.697910392,0.620398180601559,0,0,0,4945273.35141018,12802952.1394123,55.1999728199813,5001153.17945794,13.0282115104967,13.027489061661,13.9682174299142,1.79555655996784,13.9674949801107,1.79495409775451,15.3298488120073,16.2698559364644,3.93536396151281,17.1443262237138,18.084333460368,15.4139430020682,16.365186416296,4.0289162732693,15.4251792796515,"Frank D. Lucas","Republican"
"Oklahoma","OK","4004",1016038.69243596,1015810.25351248,2601059.05263607,11.2144751808209,2600474.24899194,11.2119537978688,5118166.26495283,13102505.6382792,56.4914987755211,32082773.6697676,82131900.5946052,65154.4936395195,166795.50371717,0.719139396244396,0,0,0,6069050.46374927,15702979.8872712,67.7034525733899,6133976.51846531,13.8314229737157,13.8311981157605,14.7714296324519,2.50262173864717,14.7712047743618,2.50241529152686,15.4483069768702,16.3883141163005,4.05163708949056,17.2838298294221,18.2238370689197,15.6187128845562,16.5693611177277,4.2297994537645,15.6293539585804,"Tom Cole","Republican"
"Oklahoma","OK","4005",687665.761056906,687404.227907854,1760424.34830568,7.59007572003369,1759754.82344411,7.58718906125697,12154340.1112094,31115110.6846962,134.152908281104,72039225.7324253,184420417.875009,206848.760134298,529532.825943803,2.28308262665485,0,0,0,12635157.112132,32874865.5081403,141.740097342361,12841744.3391173,13.4410596406469,13.4406792487048,14.3810660129893,2.15060755086228,14.38068562071,2.1502714485968,16.3131969570405,17.2532041653956,4.90640679140401,18.0927213443503,19.0327285943828,16.3519938125474,17.3082189878651,4.96102547549842,16.3682117768263,"Stephanie I. Bice","Republican"
"Oregon","OR","4101",269931.594604299,269582.195126104,691024.882187005,2.97935619061092,690130.419522827,2.97549971171344,22325554.2238679,57153418.8131018,246.417164627239,149600601.024456,382977538.622608,1768.27404519615,4526.78155570215,0.0195172344718475,0,0,0,22593717.544427,57843549.2326247,249.392664338953,22595136.418994,12.5059275571992,12.5046323234592,13.44593255818,1.38112004505857,13.4446373215142,1.3801504538436,16.9212425544677,17.8612497856642,5.5110758376133,18.8234796477242,19.7634869021423,16.9331824850978,17.8732525141632,5.52303034302586,16.933245282641,"Suzanne Bonamici","Democrat"
"Oregon","OR","4102",29495.6035790182,29168.1263421119,75508.7451622866,0.325556218225498,74670.4034358065,0.321941704946712,1419845.04079982,3634803.30444753,15.6714671293532,9437132.71462783,24159059.7494472,1441.6595744975,3690.64851071359,0.0159122439310194,0,0,0,1447898.98480434,3709473.70788334,15.9934088342999,1449013.16714193,10.292030402785,10.2808661118514,11.2320170019048,0.281832158692129,11.2208524790293,0.279101644350358,14.1660590017274,15.1060658310349,2.81369870304919,16.0601628600912,17.0001700540106,14.1856247782745,15.1264008363875,2.83282555324566,14.1863939984406,"Cliff Bentz","Republican"
"Oregon","OR","4103",158747.368761486,158198.920013937,406393.264029404,1.75216597581348,404989.235235678,1.74611250077052,11642254.4523103,29804171.3979145,128.500788972133,77563023.176631,198561339.332175,1869.50292446189,4785.92748662243,0.0206345430571989,0,0,0,11799132.3181474,30209160.6331501,130.246901472904,11800453.3723243,11.9750756411839,11.9716148287147,12.9150790610459,1.0123882292312,12.9116182352688,1.01018627546889,16.2701517488777,17.2101589550275,4.86368697356994,18.1666013790256,19.1066086296606,16.2835366391239,17.2236558016752,4.87708029336757,16.2836485948237,"Maxine Dexter","Democrat"
"Oregon","OR","4104",107188.361379265,106891.020520835,274402.205130918,1.18308606484136,273641.012533338,1.17980418030101,10305021.0799356,26380853.9646351,113.741143914219,69963707.5174865,179107091.244765,11840.0841602437,30310.615450224,0.130684324270705,0,0,0,10400369.3571546,26654494.9771684,114.92094809452,10411912.1004564,11.5823522818291,11.5795744498944,12.5223538552719,0.78073950182106,12.5195760075232,0.779235047216447,16.1481419149473,17.088149114305,4.7426786687442,18.0634872158219,19.0034944656035,16.1573519747424,17.0984683989313,4.7529084768482,16.1584611989665,"Val T. Hoyle","Democrat"
"Oregon","OR","4105",83503.7261211154,83158.7092045952,213769.538870056,0.921668112703626,212886.295563764,0.917860006106817,6345553.46747718,16244616.8767416,70.0387223433224,42997554.8952689,110073740.531888,1888.33700286094,4834.14272732401,0.020842423235712,0,0,0,6427168.85659544,16457503.1723053,70.9565823494293,6428712.17668178,11.3326585094901,11.3285182451476,12.2726584704638,0.653193617543675,12.2685181758449,0.651209984280603,15.6632650418339,16.6032722042935,4.26322511349012,17.5766538323975,18.5166610767166,15.6760448526016,16.6162921118441,4.27606291420001,15.6762849481422,"Janelle S. Bynum","Democrat"
"Oregon","OR","4106",92488.4152184586,92269.6246861083,236770.342959254,1.02083615978654,236210.239196437,1.01842127045889,6377306.12221065,16325903.6728593,70.3891906484023,42943591.8276203,109935595.078708,1758.81461631656,4502.5654177704,0.019412826508662,0,0,0,6468035.72281279,16562113.9120557,71.4076119188612,6469575.74689675,11.4348494868822,11.432481110747,12.3748501567602,0.703511366251769,12.3724817650022,0.702315656566476,15.6682564850614,16.6082636479993,4.26814646640573,17.5753980177955,18.5154052620968,15.6823831772779,16.6226284108476,4.28231143086601,15.6826212465469,"Andrea Salinas","Democrat"
"Maryland","MD","2401",1461308.91999858,1455272.53838334,3740950.83519636,16.1291225785371,3725497.69826136,16.0624963247242,18404268.98255,47114928.5953279,203.136179027913,114254850.619964,292492417.587109,38478.0584317226,98503.8295852099,0.424699604947305,0,0,0,19827099.8441168,50840426.2935893,219.198675352637,19859541.5209333,14.1948437969147,14.190704439807,15.1348506384001,2.8407800896895,15.1307112795627,2.83688285754437,16.7280932599255,17.6681004853064,5.31878731539013,18.553942051782,19.49394930494,16.8025602893092,17.7442024089235,5.39453020861489,16.8041951811163,"Andy Harris","Republican"
"Maryland","MD","2402",3874238.08826726,3865197.67174371,9918049.50596418,42.7617050501278,9894906.0396639,42.661921914424,51820107.0177171,132659473.965356,571.961784865096,313056134.411894,801423704.094448,94620.4764373951,242228.419679732,1.0443686766107,0,0,0,55599724.629547,142554380.00502,614.62370677952,55685304.6894609,15.1698598371695,15.1675236414623,16.109866938372,3.77875912102303,16.1075307422969,3.77647637018098,17.7632888175754,18.7032960643074,6.35081902141054,19.5618930787877,20.5019003353326,17.8336888244883,18.775234105962,6.42263591126144,17.8352268584138,"Johnny Olszewski, Jr.","Democrat"
"Maryland","MD","2403",2308070.48745337,2300207.21349995,5908660.44788062,25.4752101370021,5888530.46655987,25.3884196523019,28144703.5468364,72050441.0799011,310.64572810789,179782561.475282,460243357.376721,56333.4955563072,144213.748624146,0.621778080370604,0,0,0,30396440.5387334,77938971.5464609,336.034147760192,30444910.7603363,14.6519228798971,14.6485102044107,15.5919298743694,3.27620882864207,15.5885171979804,3.2729252643834,17.1528697792887,18.0928770161287,5.7418670558222,19.0072586924026,19.9472659475045,17.2298361048781,18.1714366751662,5.82018425388422,17.2314294366904,"Sarah Elfreth","Democrat"
"Maryland","MD","2404",2282788.63468999,2280523.81686251,5843938.90480638,25.1961629782169,5838140.97116803,25.1711651671055,15731121.9144456,40271672.1009806,173.631454775662,120791480.850643,309226190.977646,47875.956000958,122562.447362452,0.528428419437044,0,0,0,17966034.5931346,46109813.0721487,198.802619942767,18011645.7313081,14.640908777022,14.6399161572771,15.5809157685703,3.26561294882893,15.5799231485603,3.26465823855841,16.5711516592917,17.5111588790463,5.16267778053414,18.6095763264973,19.5495835799439,16.7039936219078,17.6465363719073,5.29732997895514,16.7065291472481,"Glenn Ivey","Democrat"
"Maryland","MD","2405",1536732.988513,1532728.11583498,3934036.45059327,16.9616118830178,3923783.97653755,16.9174083053546,11881938.6400982,30417762.9186513,131.146290954678,84414279.3715753,216100555.191233,34666.9916241054,88747.4985577099,0.382635149681329,0,0,0,13384004.636987,34341546.8951888,148.063699260033,13414666.7559331,14.2451699356572,14.242560440241,15.1851767976096,2.88823680734455,15.1825673011572,2.8857727712702,16.2905301279403,17.230537335146,4.88390957372246,18.251247143969,19.1912543952417,16.4095709428223,17.3518664879911,5.00437372640062,16.4118592749256,"Steny H. Hoyer","Democrat"
"Maryland","MD","2406",958445.39942745,953642.365335855,2453620.22253427,10.5787921504068,2441324.45525979,10.5257789069015,8239374.84126274,21092799.5936326,90.9416790430398,85251387.1169773,218243551.019462,21828.478087331,55880.9039035674,0.240930712154837,0,0,0,9175991.76260286,23534124.0488924,101.467457949941,9193017.2065986,13.7730689185974,13.7680450496534,14.7130755412941,2.44917516190393,14.7080516691479,2.44458617071194,15.9244351515971,16.8644423361297,4.5211544525894,18.2611149568924,19.2011222082359,16.0321011490599,16.9739620555337,4.62954526475473,16.0339548633289,"April McClain Delaney","Democrat"
"Maryland","MD","2407",5750518.36125387,5741629.01002602,14721327.0048099,63.4710527455634,14698570.2656666,63.3729369853464,79815717.7651837,204328237.47887,880.961908813795,474127463.047749,1213766305.40224,137933.571188571,353109.942242741,1.52243474801892,0,0,0,85428302.555249,219026807.744537,944.334845799141,85557346.7752098,15.5648007323909,15.5632537018549,16.5048078849137,4.16621632842084,16.5032608542136,4.16469331164082,18.1952310200299,19.1352382708866,6.78214886778825,19.9769867550023,20.9169940122085,18.2631880272138,19.2047046946474,6.8515391989112,18.2646974432783,"Kweisi Mfume","Democrat"
"Maryland","MD","2408",2628765.56415988,2612701.59928022,6729639.84424929,29.0148656689328,6688516.09415737,28.8375604769262,14402110.696218,36869403.3823181,158.962561324259,156990460.231714,401895578.193189,59866.2108808283,153257.49985492,0.660770245356726,0,0,0,16971010.0494971,43557919.4764755,187.800121801186,17014812.2954982,14.7820253071337,14.7758957222121,15.7220323338149,3.40169278122928,15.715902747468,3.39576801853935,16.4828853993655,17.4228926155455,5.07493979613011,18.8716956049809,19.8117028595908,16.6470172140743,17.5896021155983,5.24068889884459,16.6495948929212,"Jamie Raskin","Democrat"
"Massachusetts","MA","2501",18682629.8788575,18383526.5090346,47827532.4898751,206.208573205606,47061827.8631287,202.907235035762,17416785.0842533,44586969.8156884,192.236875929172,93553979.6289857,239498187.850203,496267.891004976,1270445.80097274,5.47753150361879,0,0,0,35603147.0721058,91648797.6788171,395.144110964933,35800311.5932879,16.7431048201873,16.7269655775347,17.6831120460616,5.33372588600428,17.6669728028783,5.31766516020622,16.6729450166297,17.6129522401334,5.26391677276382,18.3540491605967,19.2940564125746,17.3879446209044,18.3334744244589,5.98177806163102,17.3934671829889,"Richard E. Neal","Democrat"
"Massachusetts","MA","2502",44616100.2616452,43734511.2967868,114217216.669812,492.447928188297,111960348.919774,482.717435009551,45431203.1633871,116303880.098271,501.444584840697,238896908.383812,611576085.46256,1168920.54709202,2992436.60055558,12.9019008442351,0,0,0,88878382.8779403,228264229.018045,984.162019850248,89165714.4601739,17.6136053666752,17.5936481034486,18.5536126115085,6.2014173379838,18.5336553480066,6.18150092426833,17.631709743292,18.5717169883704,6.21948535492808,19.291542675351,20.2315499312916,18.3027795199388,19.2460144194962,6.89280611480317,18.306007167839,"James P. McGovern","Democrat"
"Massachusetts","MA","2503",69145180.5839666,68439232.4792176,177011662.294954,763.186399597812,175204435.146797,755.394533442919,34718950.8442451,88880514.1612676,383.208646920174,195441311.264768,500329756.837807,1743314.08636938,4462884.06110561,19.2417402009491,0,0,0,102120817.341842,264084949.308065,1138.60318036309,103158183.323463,18.0517189330105,18.041456807031,18.9917261826889,6.63881173793977,18.9814640566186,6.62856310968642,17.3627962584829,18.3028034994227,5.95118575638045,19.0907706993037,20.0307779546772,18.441667163837,19.39178139082,7.03843539339126,18.4517741382357,"Lori Trahan","Democrat"
"Massachusetts","MA","2504",134840608.199194,133767270.406471,345191956.989935,1488.29632697473,342444212.240566,1476.44941590064,60895198.4126561,155891707.9364,672.127642691065,347740058.999071,890214551.037622,3535370.39447472,9050548.20985528,39.021470185147,0,0,0,192200436.217375,498335920.176966,2148.5770585917,194662468.819127,18.7196039662611,18.7116120674146,19.6596112202334,7.3060590236125,19.6516193213506,7.29807251241712,17.9246649021947,18.8646721506792,6.51193497390639,19.6669658046039,20.606973061343,19.0740493293021,20.0267849481047,7.6730263848363,19.0867776927437,"Jake Auchincloss","Democrat"
"Massachusetts","MA","2505",241696305.739082,239478330.562542,618742542.69205,2667.71063167741,613064526.240107,2643.22984393364,93545729.7887809,239477068.259279,1032.50621536165,530259749.638075,1357464959.07347,6013824.9212393,15395391.7983726,66.3772854548951,0,0,0,329228210.606624,852541594.499386,3675.73605929529,333024060.351323,19.3031925652056,19.2939734970794,20.2431998211759,7.88935072527184,20.2339807530263,7.88013512757672,18.3539609740341,19.2939682260113,6.94071239299987,20.0888775399964,21.0288847973387,19.6122617205639,20.5637325583063,8.20978069718971,19.6237253016446,"Katherine M. Clark","Democrat"
"Massachusetts","MA","2506",117509387.750013,116421700.81401,300824032.640034,1297.00386633557,298039554.083866,1284.9985773253,49727606.6996845,127302673.151192,548.865919464363,281635615.306324,720987175.18419,2918331.21053223,7470927.8989625,32.2109317032642,0,0,0,164318663.239165,425342227.235059,1833.86449678967,166149307.513695,18.5820287926117,18.5727295175846,19.5220360459175,7.16858287594648,19.5127367708419,7.15929079851803,17.7220708237563,18.6620780699935,6.30967446571459,19.456124652611,20.3961319089387,18.9173181750899,19.8684046457606,7.51472591405074,18.9283973909367,"Seth Moulton","Democrat"
"Massachusetts","MA","2507",342945903.706356,339767481.445768,877941513.488271,3785.24789863897,869804752.501167,3750.16622525302,141501339.670324,362243429.556031,1561.81381043791,792031073.435029,2027599547.99367,8372180.62102352,21432782.3898202,92.4075160550399,0,0,0,476075062.755657,1232048182.0572,5311.98003569093,481268821.116093,19.653083280466,19.6437720664657,20.5930905371806,8.23913080734333,20.5837793231637,8.22982206401684,18.7678197497046,19.7078270038896,7.35424320012543,20.4901111844068,21.4301184421289,19.9810860967285,20.9319438109173,8.57790816880995,19.991936553692,"Ayanna Pressley","Democrat"
"Massachusetts","MA","2508",204124332.679957,202250054.123986,522558291.66069,2253.01189775829,517760138.557405,2232.3246439122,111926310.7453,286531355.507968,1235.38093901195,630292580.548046,1613549006.203,5117862.21703974,13101727.2756217,56.4881428622075,0,0,0,310932781.208217,804291494.065373,3467.70558292415,314176364.869286,19.134239844975,19.1250153864565,20.0742471004812,7.72046697309435,20.065022641935,7.7112466259178,18.5333512818824,19.4733585349294,7.11994379361693,20.2616946846981,21.2017019422228,19.5550873124044,20.5054723174871,8.15153677248999,19.5654650609353,"Stephen F. Lynch","Democrat"
"Massachusetts","MA","2509",53604752.1374305,53139908.8420424,137228165.471822,591.65971423589,136038166.635629,586.529030101606,32943555.0147368,84335500.8377261,363.612806117674,187087725.29215,478944576.747905,1397597.18247103,3577848.78712585,15.4259075292002,0,0,0,85150709.9696962,220373667.473355,950.141836219281,86083463.8567792,17.7971483000465,17.7884388016826,18.7371555471701,6.38462039657634,18.7284460487067,6.37592565773644,17.31030623119,18.2503134711839,5.89883598537342,19.0470881893713,19.9870954446056,18.2599333146529,19.2108351565692,6.85766319571395,18.2708279051567,"William R. Keating","Democrat"
"Michigan","MI","2601",460234.6040202,459875.884776175,1178200.58629171,5.07981593866787,1177282.26502701,5.07585659333097,2413878.40306717,6179528.71185195,26.6430596022036,13717493.124484,35116782.3986791,23114.6159637004,59173.4168670731,0.255126393284931,0,0,0,2850998.39112367,7356810.97687896,31.7189161955345,2873754.28784334,13.0394938199971,13.0387140908519,13.9794997544376,1.80497442227442,13.9787200242596,1.80432298230406,14.6967457220873,15.6367527281324,3.31937468749843,16.4341825195925,17.3741897336608,14.8631801543289,15.8111372415508,3.48795338757759,14.8711301951077,"Jack Bergman","Republican"
"Michigan","MI","2602",833640.393001224,833025.355515755,2134119.40608313,9.20126326550425,2132544.91012033,9.19447482066705,5714159.15369047,14628247.4334476,63.0697398488701,25458387.561979,65173472.1586662,105002.837548649,268807.264124542,1.15896345717101,0,0,0,6442796.70914305,16760792.3435679,72.2642146695371,6547184.50920623,13.6335586044601,13.6328205599231,14.5735651319715,2.32251156218074,14.5728270868948,2.32184588927798,15.5584578896773,16.4984650415258,4.15997217522237,17.0525558561595,17.9925630907149,15.6784734306301,16.634552987433,4.29407228599258,15.6945458220159,"John R. Moolenaar","Republican"
"Michigan","MI","2603",778913.929635073,778134.236001271,1994019.65986579,8.59722272086477,1992023.64416325,8.58861689219899,11792841.5376662,30189674.3364255,130.162886236585,43572018.4583912,111544367.253481,260221.201710193,666166.276378093,2.8721782249314,0,0,0,12311534.2655911,32181697.9805887,138.751503128784,12570975.7736675,13.5656571143133,13.5646556132491,14.5056635904662,2.26147375670858,14.5046620886181,2.2605766545315,16.2830033407966,17.2230105476148,4.87643995719778,17.5899257467645,18.5299329912705,16.326047207329,17.2869084942998,4.9398658678184,16.3469012842831,"Hillary J. Scholten","Democrat"
"Michigan","MI","2604",843801.062860337,843447.521116986,2160130.72092246,9.31341114019035,2159225.65405948,9.30950894125274,5020198.99865441,12851709.4365553,55.4101900767328,24186554.6886317,61917580.0028973,82070.7327369431,210101.075806574,0.905851521405757,0,0,0,5781929.3287778,15010935.0906148,64.7196990179855,5863646.51977139,13.645673223396,13.6452541490133,14.5856797597096,2.33344510074606,14.5852606850241,2.33306666753013,15.4289803312437,16.3689874683506,4.03264981730361,17.0013074866953,17.941314719992,15.5702481518106,16.5242895661297,4.18539871339573,15.5842824115625,"Bill Huizenga","Republican"
"Michigan","MI","2605",2048445.44127548,2048106.37563597,5244020.32966522,22.6096119483141,5243152.32162807,22.6058695286333,12561474.46087,32157374.6198271,138.646632873994,71879220.2618067,184010803.870225,72694.573084399,186098.107096061,0.802362638061388,0,0,0,14537225.329061,37400526.9414552,161.252502402627,14609580.8365059,14.5325922302894,14.5324266932769,15.4725991912993,3.16165391505867,15.4724336542375,3.16149538994904,16.3461451851041,17.2861523950842,4.93911518092252,18.0904977859563,19.03050503597,16.4922232504598,17.4371953783668,5.08915377859394,16.497188161586,"Tim Walberg","Republican"
"Michigan","MI","2606",9625796.9105532,9624948.51653505,24642040.0910162,106.244241831199,24639868.2023297,106.234877725549,62591475.2107269,160234176.539461,690.850211224513,359953816.915376,921481771.303363,187179.011862821,479178.270368823,2.06597878460075,0,0,0,72030093.1094173,184874044.741791,797.085088950062,72216423.7272619,16.0799573344999,16.079869193089,17.0199645296849,4.67510886714722,17.0198763882685,4.67502154763868,17.9521396640314,18.8921469127871,6.53936947441926,19.701486297617,20.6414935544155,18.0925945633955,19.0351853173418,6.68221521952244,18.0951780672885,"Debbie Dingell","Democrat"
"Michigan","MI","2607",2896437.79380954,2896160.87953845,7414880.75215242,31.9692842342379,7414171.85161843,31.9662278071122,24586580.2050707,62941645.324981,271.373123428964,141351491.965443,361859819.431534,252048.822706693,645244.986129134,2.78197600902633,0,0,0,27230969.1761735,70355817.1765994,303.339351236076,27482741.0846091,14.8789925382096,14.8788969285562,15.8189995863134,3.4955763472404,15.8189039766399,3.49548363765088,17.0177113726059,17.9577186063125,5.60717290358144,18.7667602042373,19.7067674584177,17.1198654929603,18.069076041397,5.71814336578199,17.1290688050786,"Tom Barrett","Republican"
"Michigan","MI","2608",822108.519185,821313.459608198,2104597.8091136,9.07398079716602,2102562.45659699,9.06520536768908,5271421.5098514,13494839.0652196,58.1830457146687,29698761.995696,76028830.7089817,43085.7832861113,110299.605212445,0.475557132720884,0,0,0,6050444.24575029,15597401.5218166,67.2482510823578,6092734.9694596,13.6196289001816,13.6186613353303,14.5596354174394,2.30995594114396,14.5586678518706,2.30908446302558,15.4778108100621,16.4178179529538,4.0806351109176,17.206615952929,18.1466231909019,15.615642421638,16.5626149533445,4.22315180856982,15.6226077948697,"Kristen McDonald Rivet","Democrat"
"Michigan","MI","2609",863627.783690335,863171.739032555,2210887.12624726,9.53224755884287,2209719.65192334,9.52721398922186,5875793.24647997,15042030.7109887,64.8537678937239,33425146.7093359,85568375.5759,31818.5313623772,81455.4402876856,0.351195415007327,0,0,0,6707602.49880793,17251750.3629121,74.3809818829457,6738964.98551252,13.6688983069543,13.6683701111398,14.6089048598472,2.35444174675497,14.6083766636599,2.35396371271736,15.5863517997472,16.5263589545293,4.18743664589513,17.32481910007,18.2648263403304,15.7187522914734,16.6634242245728,4.3225550135295,15.7234170565069,"Lisa C. McClain","Republican"
"Michigan","MI","2610",988319.295294769,986908.194855664,2530097.39595461,10.9085237504458,2526484.9788305,10.8929488014111,7017662.82206279,17965216.8244807,77.4570950213619,40185348.5724703,102874492.345524,31290.1418581388,80102.7631568353,0.345363342838027,0,0,0,7974691.97549942,20491701.8033112,88.3500438227729,8004571.01691846,13.8037621097143,13.8023333130238,14.7437687516291,2.47725442526035,14.7423399540571,2.4759456868011,15.7639409317355,16.7039481033926,4.36255191513244,17.5090130486696,18.449020291997,15.8917837075241,16.8355306208769,4.49256173206724,15.8955234385138,"John James","Republican"
"Michigan","MI","2611",1934840.19720176,1933235.17179406,4953190.90483651,21.3556998684293,4949082.03979278,21.337984482457,12654130.6985887,32394574.5883871,139.669321366057,72381107.2116475,185295634.461818,54450.4057499271,139393.038719813,0.600993572798086,0,0,0,14534520.4900406,37343656.6281799,161.007305848514,14587365.8703828,14.4755358124486,14.4747059296171,15.4155427559917,3.10708131621576,15.4147128728987,3.10628856944819,16.3534943362995,17.2935015466347,4.94641189746037,18.0974558870029,19.0374631370754,16.4920371702114,17.4356736459721,5.08764143204584,16.4956664292548,"Haley M. Stevens","Democrat"
"Michigan","MI","2612",2578107.00550221,2576291.3999109,6599953.93408565,28.4557244147739,6595305.98377191,28.435684760779,17825873.1278513,45634235.2072993,196.752164319126,102110028.195563,261401672.180642,59806.741191521,153105.257450294,0.660113851697988,0,0,0,20344173.392162,52229541.1910712,225.187849079905,20402164.5277622,14.7625663566783,14.7618618690469,15.7025733788045,3.38288826862043,15.7018688910065,3.38220770569796,16.6961615624929,17.6361687867995,5.28701455131164,18.4415615074543,19.381568759978,16.8283051582142,17.7711588351256,5.42136584464371,16.8311516065023,"Rashida Tlaib","Democrat"
"Michigan","MI","2613",1963632.86555458,1962064.40411678,5026900.13581972,21.673497474993,5022884.87453895,21.6561856619713,14944738.4813415,38258530.5122343,164.95178779171,85625475.8453369,219201218.164062,47259.5551594415,120984.46120817,0.521624926627089,0,0,0,16861111.7917366,43281415.3867732,186.607973453681,16906802.8854583,14.4903073276839,14.4895082539834,15.4303142758451,3.1211967302993,15.4295152018965,3.12043291230344,16.519869921721,17.4598771394372,5.11169731118243,18.2654934235278,19.2055006749025,16.6405205102423,17.5832339180939,5.23435453808726,16.6432266956456,"Shri Thanedar","Democrat"
"Minnesota","MN","2701",76192.8683203513,75759.9747984479,195053.742900099,0.840974893077694,193945.535484027,0.836196852936639,48344969.0829749,123763120.852416,533.605127378302,240816562.276212,616490399.427103,26028.5202703969,66633.0118922161,0.287288463263181,0,0,0,48395133.4310249,123957066.3879,534.441324231239,48420729.0577734,11.2410362702001,11.235338594705,12.1810355309688,0.610295264503245,12.175337809775,0.607696504825895,17.693872743076,18.6338799889628,6.28152839471438,19.2995460534031,20.2395533093641,17.6949098383489,18.6354458328749,6.2830913119539,17.6954385869684,"Brad Finstad","Republican"
"Minnesota","MN","2702",289217.434814155,288816.051784626,740396.633124238,3.19222266704026,739369.092568642,3.18779242234961,10944681.295337,28018384.1160627,120.801360875621,63183620.6848123,161750068.953119,8269.22196365521,21169.2082269573,0.0912711151322174,0,0,0,11225629.5081875,28757753.2086313,123.989153297971,11233497.3471216,12.5749375114058,12.5735487278334,13.5149426629236,1.43323106274554,13.513553876423,1.43217372691592,16.2083642611388,17.1483714639526,4.80239152824804,17.961555674975,18.901562923822,16.2337101600095,17.1744180004466,4.82822695992102,16.2344107962013,"Angie Craig","Democrat"
"Minnesota","MN","2703",431807.532474857,431174.867508869,1105427.28313563,4.7660535881964,1103807.6608227,4.75907058094316,16500790.1369774,42242022.7506621,182.126628476533,97674764.158175,250047396.244928,10499.3840418212,26878.4231470622,0.115886415180327,0,0,0,16922098.2854104,43345830.4114848,186.885699057476,16931965.0044862,12.9757375571151,12.9742713311223,13.9157434043898,1.75198789299827,13.9142771763263,1.75077610421314,16.618918885417,17.5589261069784,5.21017787243641,18.3971537945839,19.3371610468365,16.6441309756879,17.5847210953556,5.23583379419606,16.6447138728538,"Kelly Morrison","Democrat"
"Minnesota","MN","2704",444761.771279213,444027.148041289,1138590.13447478,4.90903533745397,1136709.4989857,4.90092697098104,12143146.947183,31086456.1847885,134.029364304773,74388629.521966,190434891.576233,8770.82134512839,22453.3026435287,0.096807492689611,0,0,0,12579137.8971171,32223165.6837742,138.930291275754,12587174.0952243,13.005296320752,13.0036432358943,13.9453022091301,1.77648259262218,13.9436491220056,1.7751094522962,16.3122756137041,17.2522828220129,4.90549226815451,18.1248136725609,19.0648209228606,16.3475503567441,17.2881962140548,4.94114437914735,16.3481890039757,"Betty McCollum","Democrat"
"Minnesota","MN","2705",412286.250304397,411324.656514595,1055452.80077926,4.55058843315042,1052991.12067736,4.53997489080204,24960692.4543171,63899372.6830517,275.502368274902,149154343.57492,381835119.551794,15772.9807395095,40378.8306931444,0.174093469419664,0,0,0,25357205.723882,64952363.8037291,280.042343165704,25372017.1108317,12.9294755948707,12.9271405313506,13.8694813753261,1.71390394612926,13.8671463083506,1.71198996840272,17.0328128837045,17.9728201177825,5.62221938611523,18.8204921973973,19.7604994518033,17.0485735365096,17.9891647100213,5.63850534540397,17.0491574755474,"Ilhan Omar","Democrat"
"Minnesota","MN","2706",268001.741227232,267359.221090256,686084.457541714,2.95805553251507,684439.605991056,2.95096374931534,9013293.92358836,23074032.4443862,99.4837713918027,53381777.4583092,136657350.293272,6426.57545001191,16452.0331520305,0.0709329983379287,0,0,0,9274869.08936558,23758472.0503773,102.434735141118,9280653.14467862,12.4987524879005,12.4963521707673,13.4387574726253,1.37575287753042,13.4363571500278,1.37395953632144,16.0142112590256,16.9542184499087,4.60999623577151,17.7929800183266,18.7329872654027,16.0428191598223,16.9834497848371,4.63894083546059,16.0434425920064,"Tom Emmer","Republican"
"Minnesota","MN","2707",69137.9522410257,68984.658632952,176993.157737026,0.763106617131738,176600.726100357,0.761414646761005,2809506.30729135,7192336.14666587,31.0097823912001,15649695.6983092,40063220.9876717,2419.11500146293,6192.93440374511,0.0267008582895748,0,0,0,2876225.14453092,7368936.87276623,31.7711970379611,2878490.96592431,11.1438735591957,11.1416539160772,12.0838720038758,0.567077376420862,12.0816523411719,0.566117262763418,14.8485196904534,15.7885267320473,3.46604155580809,16.5659620944629,17.5059693140159,14.8719896263489,15.8127841388229,3.48954999051355,14.8727770920308,"Michelle Fischbach","Republican"
"Minnesota","MN","2708",95139.5605529461,95013.5086530724,243557.275015542,1.05009804102757,243234.582151865,1.04870674961992,3008880.44230221,7702733.93229365,33.2103642247681,18601437.4539339,47619679.8820707,2373.19864991515,6075.38854378277,0.0261940589042168,0,0,0,3101646.80420524,7945968.51444552,34.259070974388,3103893.95095528,11.4631106618435,11.4617848815857,12.4031115153175,0.717887616898242,12.4017857265624,0.717208740234361,14.9170789538064,15.8570860097725,3.53252864566678,16.7387494719261,17.678756697658,14.9474440779765,15.888175378758,3.56272282876067,14.9481683165925,"Pete Stauber","Republican"
"Mississippi","MS","2801",594137.559030845,593614.626467061,1520992.15111896,6.55776296645795,1519653.44375568,6.55199112499024,5855778.48890174,14990792.9315884,64.6328560290653,33936654.0775991,86877834.4386537,104018.211437281,266286.621279439,1.14809569674955,0,0,0,6345897.8364953,16510446.3753441,71.1848471540556,6449393.1153688,13.2948678355046,13.2939872953996,14.2348740683509,2.02257524249556,14.2339935273425,2.02181125365584,15.5829396783306,16.5229468327582,4.1840764246661,17.3400062589242,18.2800134994594,15.6633193096959,16.6195039127638,4.27923015065979,15.679496748758,"Trent Kelly","Republican"
"Mississippi","MS","2802",463426.185235571,463006.337758717,1186371.03420306,5.11504285334524,1185296.22466232,5.11040880826019,2679848.06727028,6860411.05221191,29.5786861883387,21993825.1198261,56304192.3067549,46056.8274792604,117905.478346907,0.508349881277842,0,0,0,3097217.42502659,8045707.27687423,34.6890949965989,3142854.405029,13.046404553989,13.0454981812338,13.9864104975481,1.81075177702059,13.9855041236005,1.80999367900748,14.8012710327184,15.7412780638183,3.42030323647591,16.9062723410214,17.8462795718062,14.9460149844072,15.9006493739211,3.57484517984235,14.9606423093218,"Bennie G. Thompson","Democrat"
"Mississippi","MS","2803",907520.353601643,907393.665052322,2323252.10522021,10.0167095577385,2322927.78253395,10.0153112393451,4864140.22700006,12452198.9811202,53.6876993541884,30234394.559634,77400050.0726631,102484.396226185,262360.054339034,1.13116628968577,0,0,0,5669176.18437552,14775126.7636541,63.7030105935335,5771533.89205239,13.7184723749839,13.7183327668166,14.6584789620033,2.39941317091143,14.6583393537423,2.39928623581018,15.3974007373629,16.3374078705753,4.00163880944492,17.2244907600768,18.1644979984133,15.5505545477793,16.5084557685053,4.16980773200905,15.5684486155966,"Michael Guest","Republican"
"Mississippi","MS","2804",308959.89711811,308742.451644236,790937.336622361,3.41012908651448,790380.676209245,3.40772904320108,1381875.9071117,3537602.32220594,15.2523847552737,11030531.1493297,28238159.7422839,18676.6916416642,47812.3306026604,0.206143030215839,0,0,0,1672159.11258814,4327982.99841519,18.6601137984748,1690618.35875593,12.6409700013289,12.64026595745,13.5809752874814,1.48390396034883,13.5802712422134,1.48335960063305,14.1389532106828,15.0789600281978,2.78823965217909,16.2161776356987,17.1561848389458,14.3296268291593,15.2806124022778,2.97859190302754,14.3406055042312,"Mike Ezell","Republican"
"Missouri","MO","2901",6813146.72144771,6356034.30843896,17441655.6069061,75.1997590050264,16271447.8296037,70.1544040902038,54194358.6081089,138737558.036759,598.167465546052,339536729.918515,869214028.591398,221732.1044787,567634.187465473,2.44735677979536,0,0,0,60785773.2250779,155009005.866363,668.321869636256,60550392.9165479,15.7343647918116,15.6649153617585,16.6743719608621,4.3333583000239,16.6049225243765,4.26485222128787,17.8080873947236,18.7480946419708,6.39554113424368,19.6430926903288,20.5830999470255,17.9228663429984,18.8589937820105,6.50626506495937,17.918986533583,"Wesley Bell","Democrat"
"Missouri","MO","2902",4354890.75501308,4099348.04648716,11148520.3328335,48.0668843134226,10494330.9990071,45.2463447180918,31540487.6332424,80743648.3411005,348.126521546105,196392732.68812,502765395.681587,134178.351298274,343496.579323583,1.48098670025089,0,0,0,35761200.0369572,91237979.3401077,393.372866264197,35639835.6797296,15.2868103126242,15.2263387499199,16.2268174311868,3.89318435335234,16.1663458597597,3.83398242771281,17.2667826318726,18.2067898710436,5.85543438242586,19.0956269556855,20.0356342110742,17.3923740937503,18.3289818194505,5.97729682285725,17.3889745780572,"Ann Wagner","Republican"
"Missouri","MO","2903",5059211.02220552,4933466.59640785,12951580.2168461,55.8407832944169,12629674.4868041,54.4528856161762,22331986.147208,57169884.5368525,246.488156652641,131335642.945789,336219245.94122,113350.549078174,290177.405640126,1.25110089687822,0,0,0,27277846.6203354,69799559.0236566,300.941042268817,27265452.7436159,15.4367213023001,15.411552665184,16.376728440343,4.0402540838239,16.3515598001568,4.01553375240945,16.9215306098797,17.8615378410841,5.51136272895529,18.6932667719352,19.6332740257868,17.121585488279,18.0611382643267,5.71023177404069,17.121131028185,"Robert F. Onder, Jr.","Republican"
"Missouri","MO","2904",865394.853259215,851696.291355615,2215410.82434359,9.55175149896889,2180342.50587037,9.40055432151441,4372896.75667443,11194615.6970865,48.2656246372314,25117331.0022964,64300367.3658788,20015.0005121108,51238.4013110038,0.220914546028798,0,0,0,5218276.60942154,13374958.2029569,57.6661789587458,5224593.04803005,13.6709423150573,13.6549864508442,14.610948869391,2.35629186500208,14.5949929938524,2.34185910487254,15.2909364495305,16.2309435686693,3.89722656882187,17.0390686838239,17.9790759180542,15.4676779455292,16.4088948004955,4.07186339313229,15.4688876586399,"Mark Alford","Republican"
"Missouri","MO","2905",359214.493390741,345719.809788784,919589.103080298,3.96481162647801,885042.713059287,3.81586474536627,6867404.14462665,17580554.6102442,75.7986225425525,40032327.7688485,102482759.088252,15130.3333090097,38733.6532710648,0.167000281224163,0,0,0,7211488.30470839,18465597.3233035,79.6144872879188,7213123.95441544,12.7916777475277,12.7533868201894,13.7316833096126,1.60237535649098,13.6933923160576,1.57191562317823,15.7422968846431,16.6823040544002,4.34118670434893,17.5051979048661,18.4452051481355,15.7911860489163,16.7314200088472,4.38967837638703,15.7914128348371,"Emanuel Cleaver","Democrat"
"Missouri","MO","2906",730850.372953432,708906.850613122,1870976.95476079,8.06672366849506,1814801.53756959,7.82452316127303,5068545.25175908,12975475.8445033,55.943809376435,29786520.6918452,76253492.9711238,20856.9243463099,53393.7263265534,0.230207237353506,0,0,0,5778538.7003662,14790277.3820728,63.7683325377081,5777452.1023722,13.5019653978864,13.4714808261408,14.4419718225897,2.20461097158045,14.411487225035,2.1775345686426,15.4385645990977,16.3785717373624,4.04206498120033,17.2095665569407,18.1495737949741,15.5696615617325,16.5094806568271,4.17081678850197,15.5694735038104,"Sam Graves","Republican"
"Missouri","MO","2907",206781.595638172,201159.039875511,529360.884833722,2.28234130195881,514967.142081309,2.22028262986044,1146758.10781429,2935700.75600458,12.6572840524959,7894139.63438348,20208997.4640217,5465.82188761062,13992.5040322832,0.0603287299565712,0,0,0,1348073.88156485,3450667.89808589,14.8775666823563,1347917.1476898,12.2394232577177,12.2118560885137,13.1794275692692,1.18855697932655,13.1518603176962,1.16946912895305,13.952450354712,14.8924570818145,2.61427300952047,15.8816313503976,16.8216385316957,14.1141881190338,15.0540786537177,2.76490721248818,14.1140718473124,"Eric Burlison","Republican"
"Missouri","MO","2908",1262036.36801557,1198082.25122736,3230813.10211985,13.9296619624512,3067090.56314205,13.2237716644025,8488515.86743394,21730600.6206309,93.6915603963006,52686777.2646161,134878149.797417,37087.401892999,94943.7488460776,0.409350304419023,0,0,0,9713464.83355651,24797691.1837729,106.915332060703,9686598.11866131,14.0482379317999,13.9962335470856,14.988244707441,2.70334996979787,14.936240296952,2.65491462580261,15.9542248513233,16.8942320380266,4.55062487685742,17.7798750952148,18.7198823421403,16.0890237110364,17.0262611496992,4.6813469572641,16.0862539541168,"Jason Smith","Republican"
"Pennsylvania","PA","4201",2033560.06375205,2010258.05336421,5205913.76320525,22.4453153540639,5146260.61661237,22.1881206043923,15807269.7826731,40466610.6436432,174.471932982513,87681213.7896216,224463907.301431,141289.890488195,361702.119649779,1.55947995088841,0,0,0,17699539.955937,45612871.2602556,196.660053586906,17817527.8360373,14.5252990327706,14.5137741540014,15.465305991603,3.15467070325356,15.4537811093603,3.1436401046194,16.5759805682672,17.5159877882084,5.16747910409083,18.2892182358766,19.2292254874182,16.6890492625149,17.6357005210584,5.28654865405448,16.6956932967678,"Brian K. Fitzpatrick","Republican"
"Pennsylvania","PA","4202",4350832.12871992,4338893.91759241,11138130.249523,48.0220874329772,11107568.4290366,47.8903200373165,44929530.4086803,115019597.846222,495.907397429984,237860264.510105,608922277.145869,396611.263987777,1015324.83580871,4.37757657216903,0,0,0,48883751.2734124,126127166.275258,543.797717467301,49268424.3262727,15.2858779085702,15.2831302463707,16.2258850270023,3.89227096048539,16.2231373644174,3.88957942263819,17.6206058516281,18.5606130965566,6.20840368565783,19.287193939508,20.2272011954376,17.7049556348857,18.6528012200405,6.30041456515564,17.7127939739175,"Brendan F. Boyle","Democrat"
"Pennsylvania","PA","4203",7286142.22407372,7267688.5119709,18652524.0936287,80.4204227103839,18605282.5906455,80.2167408054409,71141326.0632115,182121794.721822,785.218753386063,384839699.966679,985189631.914699,678390.904014541,1736680.71427723,7.48770495907587,0,0,0,77749077.3832707,200727077.312467,865.435494191503,78409014.5751824,15.8014849137928,15.7989489877138,16.7414920886494,4.39962613478801,16.7389561623581,4.39712139347271,18.0801789785587,19.0201862284845,6.66723506590356,19.7683374444242,20.7083447013322,18.168997255362,19.1174567240104,6.76438766228936,18.1774494732907,"Dwight Evans","Democrat"
"Pennsylvania","PA","4204",2562573.81521879,2546789.98798424,6560188.9669601,28.2842776202677,6519782.36923966,28.110064433213,21491576.5404698,55018435.9436027,237.212178536204,117351646.956881,300420216.209614,206440.316673385,528487.210683864,2.27857445281336,0,0,0,23847710.0390152,61538218.3128424,265.322242969417,24038366.5284541,14.7565230981855,14.7503446885544,15.696530118879,3.37705077201086,15.6903517077741,3.37108397119421,16.8831716740431,17.8231789041804,5.47316178297026,18.580685523255,19.5206927765537,16.987198797486,17.9351689919966,5.58470701531533,16.9951617588552,"Madeleine Dean","Democrat"
"Pennsylvania","PA","4205",4053209.72869974,4034122.53922303,10376216.9054713,44.7370953916992,10327353.700411,44.5264215125923,36341321.9219177,93033784.1201092,401.115484838934,198550352.260502,508288901.786884,351441.782724378,899690.963774407,3.87902072943387,0,0,0,40043089.867893,103361137.82052,445.641906351526,40375444.4611407,15.215019897523,15.2102996215249,16.1550270056707,3.82290968399188,16.1503067289612,3.81829285000466,17.408466024285,18.3484732660084,5.99673932308199,19.1065532947417,20.046560550164,17.5054667039348,18.4537396159383,6.10175716919899,17.5137323725395,"Mary Gay Scanlon","Democrat"
"Pennsylvania","PA","4206",1350712.01060102,1339742.57574166,3457822.7471386,14.9084148390111,3429740.99389866,14.7873402619368,10413243.0918097,26657902.3150328,114.935638843611,58560902.9377593,149915911.520664,94887.2545108268,242911.371547717,1.04731322597242,0,0,0,11669067.8478999,30087643.3089315,129.722979105548,11752985.6675514,14.1161431669901,14.1079887922284,15.0561499743308,2.76684820438858,15.0479955958752,2.75920836961667,16.1585890243023,17.0985962242745,4.75303519957197,17.8855778635938,18.8255851116794,16.2724522108394,17.2196251573704,4.87308042082713,16.2796179507275,"Chrissy Houlahan","Democrat"
"Pennsylvania","PA","4207",1275413.76082296,1249036.71851674,3265059.22770677,14.0773142524077,3197533.99940285,13.7861789949724,5425826.20460439,13890115.0837872,59.8872796478847,29297963.4284235,75002786.3767642,62328.1356633539,159560.027298186,0.687943614418576,0,0,0,6638911.829764,17087649.0831901,73.6734586428571,6674862.92312113,14.0587819862815,14.0378839876243,14.9987887669871,2.71319124674516,14.9778907582401,2.69369289276787,15.5066809258783,16.4466880720597,4.10902428012196,17.1930285981413,18.1330358358335,15.7084587775901,16.653866543191,4.3131247230168,15.7138593759935,"Ryan Mackenzie","Republican"
"Pennsylvania","PA","4208",2673123.90433071,2634446.06991635,6843197.19508661,29.504468583282,6744181.93898587,29.0775639611285,3514024.53029834,8995902.79756376,38.7858662993883,18739293.1389472,47972590.4357049,109318.659215694,279855.767592176,1.20659911842115,0,0,0,6077829.77541336,15740084.7365496,67.8634302605168,6148470.6002147,14.798758722174,14.784183877299,15.7387657527019,3.41787318380897,15.7241909044801,3.40377951046733,15.0722728130125,16.0122798980917,3.6835117311152,16.7461331680538,17.6861403940267,15.6201584099214,16.5717212479876,4.23212527166409,15.6317140886061,"Robert P. Bresnahan, Jr.","Republican"
"Pennsylvania","PA","4209",3104638.9729991,3083817.85280501,7947875.77087769,34.26729411715,7894573.70318084,34.0374820662983,6555351.0856152,16781698.7791749,72.3543528396015,34279663.8068501,87755939.3455363,137607.926129658,352276.290891925,1.51884045731118,0,0,0,9522382.13248464,24676272.4823558,106.3918349059,9639168.93842022,14.948408315902,14.9416792741987,15.8884153781146,3.56295602219943,15.8816863350861,3.5564184046477,15.6957923862646,16.6357995517977,4.29530184624476,17.3500628735495,18.2900701142644,16.069155704483,17.0213527521792,4.67648415409998,16.0813455569064,"Daniel Meuser","Republican"
"Pennsylvania","PA","4210",3232285.16951263,3226529.52097606,8274650.03395234,35.6761824925476,8259915.57369871,35.6126548157539,13505117.66899,34573101.2326145,149.062046593762,64672816.3266606,165562409.796251,103105.966819118,263951.275056942,1.13802684336297,0,0,0,16634296.8716835,42833016.8063132,184.674701409516,16731647.1899661,14.9887002372507,14.9869179757821,15.9287073072146,3.60212756597819,15.9269250454097,3.60039394063939,16.4185793322113,17.358586545581,5.01104885252759,17.9848515371354,18.9248587862044,16.6269772586499,17.5728198072147,5.22399622541897,16.6328125851438,"Scott Perry","Republican"
"Pennsylvania","PA","4211",1128175.19260774,1123925.69205921,2888128.4930758,12.4521760748936,2877249.77167157,12.4052724296022,6886085.99855282,17628380.1562952,76.0048225512198,38229119.3314847,97866545.4886009,44518.0634982859,113966.242555612,0.491365852419249,0,0,0,7969743.12766227,20505629.9279668,88.410094980822,8010011.69061202,13.9361128979627,13.9323390867209,14.8761196163123,2.59914088291618,14.8723458030283,2.59564809446554,15.7450135569212,16.685020726919,4.3438680504278,17.4591080955069,18.3991153380583,15.8911629458172,16.8362100858042,4.49323359505314,15.8962029033894,"Lloyd Smucker","Republican"
"Pennsylvania","PA","4212",6730907.28153652,6637716.46178255,17231122.6407335,74.2920453868005,16992554.1421633,73.2634564728235,63451089.375441,162434788.801129,700.338158668872,377436471.208707,966237366.29429,409529.147823075,1048394.61842707,4.52015705531221,0,0,0,69772467.5091544,179427342.943292,773.601615141696,70088805.8372235,15.7222206526241,15.7082787065994,16.6622278205817,4.32137449027215,16.648285873286,4.3076189932195,17.9657799367751,18.9057871856628,6.5529901653971,19.7489128269519,20.6889200838289,18.0607500559568,19.0052809148333,6.65234885220848,18.0652736650362,"Summer L. Lee","Democrat"
"Pennsylvania","PA","4213",1012555.58090345,1007578.64865243,2592142.28711283,11.1760305151559,2579401.34055021,11.1210978795966,5788689.74372934,14819045.7439471,63.8923674303049,32664664.1265926,83621540.1640772,51633.2160036576,132181.032969364,0.569898984841542,0,0,0,6749612.10862913,17398447.0844973,75.0134653099015,6796268.39238176,13.8279889587752,13.8230616254127,14.7679956154483,2.49946930728865,14.763068279113,2.49494756066381,15.5714167002711,16.5114238534927,4.17273001171398,17.3018044744546,18.2418117142906,15.7249957439659,16.6718915696609,4.33091049972295,15.7318844008326,"John Joyce","Republican"
"Pennsylvania","PA","4214",1861275.94676734,1837389.62621522,4764866.42372438,20.5437382110296,4703717.44311096,20.2800941677593,16846257.6785004,43126419.656961,185.939708823798,99814653.1967785,255525512.183753,114493.137514701,293102.432037635,1.26371215839682,0,0,0,18593040.487753,47830137.1000719,206.219802991558,18683647.3047156,14.4367733406552,14.4238569851494,15.3767802717504,3.07008520407219,15.3638639119884,3.05777208964031,16.6396391532246,17.5796463755433,5.23078615216148,18.4188255661415,19.3588328185279,16.7382979551238,17.683166502963,5.33378008010198,16.743159277087,"Guy Reschenthaler","Republican"
"Pennsylvania","PA","4215",2912229.66224749,2900561.90289,7455307.93535356,32.1435861756645,7425438.47139839,32.0148038776039,16850700.244201,43137792.6251545,185.988743415847,90755106.5333583,232333072.725397,263780.742670317,675278.701236011,2.91146647650056,0,0,0,19499149.1637782,50563231.0965529,218.003547293451,19751262.147091,14.8844298960983,14.8804153805657,15.824436945343,3.50084921904861,15.8204224289686,3.49695606322616,16.6399028307632,17.5799100530915,5.23104841940557,18.3236753108848,19.2636825626618,16.7858814412396,17.73873523172,5.38908792737231,16.798728004081,"Glenn Thompson","Republican"
"Pennsylvania","PA","4216",878396.315544834,868751.621581377,2248694.56779477,9.69525447498931,2224004.15124832,9.58880165790171,6732685.45594698,17235674.7672243,74.3116718960483,39225460.9433183,100417180.014895,55417.5553664263,141868.941738051,0.611668437299915,0,0,0,7555664.21612539,19459678.9184726,83.90047355395,7601437.07752836,13.685854293659,13.6748136935042,14.6258608584152,2.36980013607919,14.6148202505587,2.3597969953164,15.7224847981893,16.6624919661708,4.32163512805338,17.4848366332717,18.4248438762279,15.8378081995978,16.7838551864097,4.44147967108679,15.843848008084,"Mike Kelly","Republican"
"Pennsylvania","PA","4217",3969340.10987634,3914499.48434768,10161510.6812834,43.8113887569795,10021118.67993,43.2060881533013,36354617.3119657,93067820.3186322,401.262232027622,216670196.021807,554675701.815825,238849.934586578,611455.832541639,2.63629395543978,0,0,0,40085107.4872555,103088938.998562,444.468320180923,40269116.7963134,15.1941106716037,15.1801982890618,16.1341177765747,3.80246232043964,16.120205391882,3.78886252062314,17.4088318050967,18.3488390468262,5.99710419442847,19.1938869259999,20.1338941816789,17.5065154638857,18.4511026687281,6.09912613367738,17.5110954253692,"Christopher R. Deluzio","Democrat"
"Rhode Island","RI","4401",136280492.00506,136186117.117714,348878059.532954,1504.18897095017,348636459.821347,1503.14731295061,23139272.8952851,59236538.6119297,255.398542908119,146740864.060809,375656611.995671,4258524.70548195,10901823.2460338,47.0032489629324,0,0,0,155161240.194863,407872998.433277,1758.54585585873,159325390.012999,18.7302257683397,18.7295330237078,19.6702330223597,7.31667373139385,19.6695402777247,7.31598144715381,16.9570419004685,17.8970491326248,5.54673304214472,18.804178766427,19.7441860207658,18.8599753999553,19.8264664080132,7.47281101829116,18.8864591533465,"Gabe Amo","Democrat"
"Rhode Island","RI","4402",80746689.4736342,80679938.4353817,206711525.052504,891.237461503066,206540642.394577,890.500700327189,19124368.1454735,48958382.4524121,211.084236764744,126026577.298838,322628037.885026,2576197.88673894,6595066.59005168,28.434652613919,0,0,0,97294859.7323688,255499024.846989,1101.58493709193,99804306.5808552,18.2068275343805,18.206000520373,19.1468347853252,6.79373230959915,19.1460077713115,6.79290622286339,16.7664739512752,17.7064811779029,5.35698353898202,18.6520033815509,19.5920106352071,18.3932567269778,19.3587291548688,7.00541264479974,18.4187219024831,"Seth Magaziner","Democrat"
"South Carolina","SC","4501",2534068.64073806,2532859.44954872,6487215.72028944,27.9696532126355,6484120.19084472,27.956306826634,8466429.83566044,21674060.3792907,93.4477869484873,55472809.3843804,142010392.024014,297198.886589018,760829.149667886,3.28031753340949,0,0,0,10703299.5898095,28158180.5701354,121.404093775121,10999289.2852092,14.7453371220184,14.7448598345126,15.6853441400369,3.36624884114128,15.6848668524164,3.36578803268067,15.9516195888769,16.8916267753929,4.54804716274116,17.8314035556909,18.7714108031972,16.1860627182035,17.1533485122449,4.8073278153941,16.2133413091547,"Nancy Mace","Republican"
"South Carolina","SC","4502",2181151.22471965,2179399.89656682,5583747.13528232,24.0743452560763,5579263.73521107,24.055015061026,7625116.00772881,19520296.9797858,84.1618285368048,50556249.2178942,129423997.997809,232021.433845912,593974.870645534,2.56092472723173,0,0,0,9574245.79860255,25099560.7149968,108.216843597831,9804515.90429563,14.5953638385848,14.5945605789072,15.535370817694,3.22184522208441,15.534567557792,3.22107400953009,15.8469582256159,16.7869654041906,4.444553311575,17.7385971400583,18.6786043864964,16.0745874266055,17.0383609423956,4.69333529681759,16.0983537460567,"Joe Wilson","Republican"
"South Carolina","SC","4503",626560.541435989,623943.116489003,1603994.98607613,6.91562997898178,1597294.37821185,6.88674028479577,4718038.71608292,12078179.1131723,52.0751113885347,31194917.6063789,79858989.0723301,48571.0534185218,124341.896751416,0.536100521686253,0,0,0,5296028.20410038,13675473.4913841,58.9618516733305,5341981.83257192,13.3480022790382,13.3438160864325,14.2880085649592,2.06883928321448,14.2838223682735,2.06518290434352,15.3669039569056,16.3069110862386,3.97170810628772,17.2557657743356,18.1957730132926,15.4824678909532,16.431114603395,4.09370855456761,15.4911074589763,"Sheri Biggs","Republican"
"South Carolina","SC","4504",323949.785050379,319146.584289023,829311.449728969,3.57557920906512,817015.255779898,3.52256412595092,2161335.46710308,5533018.79578389,23.8556298433321,15956009.060404,40847383.1946343,30795.9237926107,78837.5649090834,0.339908436178429,0,0,0,2454489.32836085,6350034.05156379,27.378193969283,2480482.0513921,12.6883468852441,12.6734089214531,13.6283522626611,1.52073329378833,13.6134142705596,1.50907911750153,14.5862373230929,15.5262442996407,3.21308427993496,16.5853461225164,17.5253533428169,14.7134296921021,15.6639708907849,3.34562103226096,14.7239638779614,"William R. Timmons IV","Republican"
"South Carolina","SC","4505",744212.544963481,736455.722935294,1905184.11510651,8.21420795967819,1885326.65071435,8.12859243266653,3143040.93355663,8046184.78990498,34.6911537956971,21221665.5554485,54327463.8219482,91710.3509932226,234778.49854265,1.01224831563458,0,0,0,3795543.12752689,9931511.44061933,42.8197462283636,3879496.65649193,13.5200832954324,13.5096057527175,14.4600897351062,2.22074663622627,14.4496121837669,2.21141151324362,14.9607016575795,15.9007087221904,3.57490286524226,16.8705332250808,17.8105404548575,15.1493383386464,16.1112233346569,3.78008454292197,15.1712162332412,"Ralph Norman","Republican"
"South Carolina","SC","4506",3965023.69860118,3963498.37757153,10150460.668419,43.7637465879599,10146555.8465831,43.74691093499,13147640.4285089,33657959.4969829,145.116409807556,85801152.125223,219650949.440571,467311.747123613,1196318.07263645,5.1579295442571,0,0,0,16645352.3799865,43804515.343566,188.863320742546,17111138.8060805,15.1930226421871,15.1926378742192,16.133029746991,3.80139858387193,16.132644978964,3.80102241295253,16.3917529414525,17.3317601535954,4.98440363146068,18.2675430040558,19.2075502554451,16.6276416591646,17.5952474828977,5.24630444878077,16.655240260019,"James E. Clyburn","Democrat"
"South Carolina","SC","4507",524627.171031523,520758.942727819,1343045.5578407,5.79054560866352,1333142.89338322,5.74785023630361,1960249.95707682,5018239.89011667,21.6361587954277,13111794.7699482,33566194.6110674,57706.9401216306,147729.766711374,0.636937404621459,0,0,0,2427170.18798672,6351382.78349988,27.3840090317313,2481008.89980464,13.1704450449951,13.1630444520333,14.1104511419489,1.91553129307923,14.1030505403592,1.90922397064722,14.4885830623353,15.4285900099609,3.11954857442742,16.3890228234721,17.3290300354883,14.7022370170324,15.6641832657895,3.34582592432509,14.7241762529137,"Russell Fry","Republican"
"South Dakota","SD","4600",121661.216198955,120511.384299415,311452.713469325,1.34282946081569,308509.143806502,1.33013824994399,6925175.47506759,17728449.216173,76.436270652035,33840726.552576,86632259.9745945,3016.53826954334,7722.33797003095,0.0332948871018732,0,0,0,7043820.152997,18036958.3599795,77.766408901979,7045686.85936701,11.7090037640408,11.6995078009009,12.6490060137749,0.851359370199539,12.6395100028454,0.845927600557285,15.7506740934772,16.6906812639746,4.34945528390625,17.3371755922518,18.2771828327361,15.7676613582982,16.7079335085024,4.36648662300961,15.7679263365,"Dusty Johnson","Republican"
"Tennessee","TN","4701",813204.061287653,812252.083446504,2081802.39689639,8.97569829785584,2079365.33362305,8.96519089104964,2514866.0127599,6438056.99266535,27.7577051869641,14082472.6566851,36051130.0011138,86857.24088912,222354.536676147,0.95868236069859,0,0,0,3241212.83315844,8517422.3262884,36.7228960780137,3327118.09620641,13.6087385846319,13.6075672497033,14.5487450937734,2.30015196512328,14.5475737579665,2.29909810963278,14.7377304824876,15.6777374986701,3.35890573783913,16.4604415791073,17.4004487943269,14.9914584574722,15.9576244265734,3.63026723313221,15.0176173512359,"Diana Harshbarger","Republican"
"Tennessee","TN","4702",200564.441867948,199942.593717089,513444.971181946,2.21371978471681,511853.039915749,2.20685616750818,3057061.96366364,7826078.62697892,33.7421653062668,18970597.8070942,48564730.3861611,41324.9856566851,105791.963281114,0.456122418806293,0,0,0,3216301.4198749,8337931.66689467,35.949021473775,3257004.55738073,12.2088958658304,12.2057905743373,13.1489000860321,1.16742907767646,13.1457947850896,1.16529107015993,14.9329651972142,15.8729722563722,3.54795408777868,16.7584009074169,17.6984081337863,14.9837429408906,15.9363258619399,3.60953916460173,14.9963187905451,"Tim Burchett","Republican"
"Tennessee","TN","4703",182331.762363843,181843.762145053,466769.311651439,2.01247751579454,465520.031091335,2.00709123830077,2412709.83876255,6176537.18723213,26.6301616333674,13897959.4261971,35578776.1310646,20913.8774728559,53539.526330511,0.230835854579282,0,0,0,2574127.72365354,6642057.21832346,28.6372528716682,2594553.6009076,12.1135886612714,12.1109086468387,13.0535925776536,1.10276283515225,13.0509125542519,1.10097324551508,14.6962615026823,15.6362685086052,3.31890798884103,16.4472526554065,17.3872598700516,14.7610216750772,15.7089324460601,3.38903211299044,14.7689254224356,"Charles J. “Chuck” Fleischmann","Republican"
"Tennessee","TN","4704",684472.920312315,683910.024920176,1752250.67599953,7.55483490336687,1750809.66379565,7.54862197422202,9356590.13703958,23952870.7508213,103.272885816361,54354856.7245767,139148433.214916,72548.7997614824,185724.927389395,0.800753672454031,0,0,0,9968514.25759041,25703680.414617,110.821507790583,10040500.1619598,13.4364058226376,13.4355831076174,14.3764121908464,2.14649660889574,14.3755894750935,2.14577009735336,16.051591587358,16.9915987807216,4.64701136480061,17.8110445460945,18.751051793375,16.1149422098442,17.0621447853117,4.71690391959436,16.1221375875119,"Scott DesJarlais","Republican"
"Tennessee","TN","4705",2074674.76859626,2074063.90812559,5311167.40760642,22.8991168091411,5309603.60480152,22.8923744678914,29424705.5031489,75327246.088061,324.773684333704,171450954.718185,438914444.078554,228134.455424037,584024.205885534,2.51802240140003,0,0,0,31271245.8163211,80636849.6928626,347.666058801595,31498769.4112744,14.5453154433395,14.5450209633887,15.4853224081103,3.17384150466224,15.4850279280731,3.17355934810616,17.1973452366564,18.1373524744382,5.78620292044927,18.9598078111836,19.8998150661209,17.2582096012429,18.2054663076168,5.85411461255637,17.2654590684713,"Andrew Ogles","Republican"
"Tennessee","TN","4706",1373764.76902829,1373370.17992811,3516837.80871243,15.1628584828967,3515827.66061597,15.1585032258543,19023578.410089,48700360.7298277,209.971775207556,110757519.157468,283539249.043119,149327.629806047,382278.73230348,1.64819608813891,0,0,0,20248015.5493112,52216188.3904437,225.13027843341,20396948.5900171,14.1330662634536,14.132778990478,15.073073078365,2.78271592376827,15.0727858052619,2.78244642664077,16.7611897892836,17.7011970157424,5.35172435773966,18.5228538666833,19.4628611196729,16.8235673985374,17.7709031463483,5.42111128643212,16.8308959177326,"John W. Rose","Republican"
"Tennessee","TN","4707",3069048.70352698,3068536.35160339,7856764.68102907,33.8744683353711,7855453.06010468,33.8688132771792,43322115.4766489,110904615.620221,478.165637204959,252552327.907186,646533959.442395,337714.45635475,864549.008268161,3.72750606565455,0,0,0,46053449.7238212,118760068.680326,512.034450482139,46390651.8282523,14.93687852882,14.9367115733308,15.8768855887565,3.55175499516141,15.8767186332341,3.55159282733468,17.5841738357053,18.5241810801306,6.17204633555926,19.3471290284046,20.2871362844832,17.6453132521431,18.5926157945919,6.24034299785192,17.6526085492362,"Mark E. Green","Republican"
"Tennessee","TN","4708",395458.179409838,394508.252090437,1012372.93928919,4.36484946002562,1009941.12535152,4.35436468574849,9563787.6955543,24483296.500619,105.559818287327,48215680.382737,123432141.779807,46266.9492381612,118443.390049693,0.510669089461237,0,0,0,9912978.92572598,25493237.6259705,109.914182973076,9958295.94764474,12.8878028482457,12.8853978716938,13.8278085658058,1.6798683160479,13.8254035855435,1.6779120574121,16.073494513585,17.0135017083596,4.66870650152906,17.6911948660001,18.631202111853,16.1093555599677,17.0539238230469,4.70875677592733,16.1139166257482,"David Kustoff","Republican"
"Tennessee","TN","4709",566453.116258844,565806.242662231,1450119.97762264,6.25219734314776,1448463.98121531,6.24505750885961,23129584.8094857,59211737.1122834,255.291611155859,107778062.323209,275911839.547416,80585.2845726681,206298.32850603,0.889455963151258,0,0,0,23615452.6411719,60660201.0934988,261.536668664719,23695391.0521479,13.2471513610399,13.2460087385139,14.1871575437596,1.98130450476005,14.1860149200038,1.98031951347194,16.9566231269779,17.8966303591233,5.54631590226808,18.4955847015126,19.4355919543501,16.9774118710017,17.9207983917968,5.57039076242723,16.9807911590223,"Steve Cohen","Democrat"
"Texas","TX","4801",636430.217445028,634950.09481934,1629261.35665927,7.02456602390813,1625472.24273751,7.00822924601382,3229770.3903949,8268212.19941094,35.64842574646,18413941.3647478,47139689.8937544,17290.8830520974,44264.6606133693,0.190847238678801,0,0,0,3848909.72478783,9893684.44214845,42.6566549924739,3864720.48521424,13.3636316274247,13.3613032588764,14.3036379284281,2.08250758953613,14.3013095576478,2.08046966872777,14.9879219157265,15.9279289855436,3.60137047369826,16.7286186728559,17.6686258982542,15.1633007376056,16.1074072774757,3.776355733264,15.1674001766605,"Nathaniel Moran","Republican"
"Texas","TX","4802",2092134.83234621,2087994.9040993,5355865.17080629,23.0918313711327,5345266.95449422,23.0461371245249,9091720.63150203,23274804.8166452,100.349402175314,49768205.1621667,127406605.215147,50792.2731912911,130028.219369705,0.560617121495212,0,0,0,11133063.1906569,28620071.7711394,123.395539299839,11179715.5356013,14.5536960314789,14.5517152663445,15.493702998701,3.1818728357851,15.4917222329891,3.17997436512836,16.0228748466251,16.9628820380913,4.61857397426506,17.7228869076328,18.66289415388,16.2254299944947,17.1696188747567,4.82346632194384,16.2296116707724,"Daniel Crenshaw","Republican"
"Texas","TX","4803",799140.604003491,796030.08606886,2045799.94624894,8.82047360627283,2037837.02033628,8.78614142341689,4782519.63014782,12243250.2531784,52.7868161846226,25531606.4052817,65360912.3975213,49481.4316965285,126672.465143113,0.546148775438664,0,0,0,5532178.80245478,14281087.2735147,61.5729576080394,5578549.71621668,13.5912934355832,13.5873935169143,14.5312999315374,2.28446934994809,14.5274000098889,2.28096724436857,15.3804782939616,16.320485425036,3.98502838480707,17.0554277486647,17.9954349832886,15.52609247349,16.4744467216018,4.13633319768073,15.5344395723457,"Keith Self","Republican"
"Texas","TX","4804",754278.631274414,752152.390627166,1930953.2960625,8.32531187328144,1925510.12000555,8.30184360072004,4359320.28669749,11159859.9339456,48.1157750431824,23086142.7023123,59100525.3179194,43827.9881838326,112199.649750612,0.483749181376653,0,0,0,5069770.92978807,13085370.0539511,56.4176186439025,5111472.67732466,13.5335184419963,13.5306955590293,14.4735248925974,2.23273240982653,14.4707020073466,2.23021261714949,15.287826935019,16.2278340537238,3.89418026717503,16.9547431557895,17.8947503878852,15.4388063902928,16.3870054507435,4.05035120124326,15.4469983114691,"Pat Fallon","Republican"
"Texas","TX","4805",1056555.38603663,1054074.52842113,2704781.78825377,11.6616761173366,2698430.7927581,11.6342937780977,6992369.10646284,17900464.9125449,77.1779169271239,35505288.2131626,90893537.8256962,71807.2064813296,183826.448592204,0.792568374495941,0,0,0,7977117.28601814,20598895.705303,88.8122107052216,8046443.63488398,13.8705254852119,13.8681746643596,14.8105321669475,2.53857980268695,14.8081813447377,2.53641484518208,15.7603301277631,16.700337299106,4.3589872154348,17.3851922352675,18.3251994765961,15.8920877871672,16.8407480743305,4.49772094273701,15.9007408915713,"Lance Gooden","Republican"
"Texas","TX","4806",1567131.51018042,1563888.27424108,4011856.66606188,17.297134013534,4003553.98205716,17.2613369624787,6869382.37906122,17585618.8903967,75.8204572040998,37283303.2657289,95445256.3602659,77656.6011948781,198800.899058888,0.85713076993055,0,0,0,8358857.28804676,21589172.8724539,93.0817941665784,8433270.6533023,14.264758080737,14.2626864010602,15.2047649503813,2.90674443630025,15.202693269898,2.90478609058501,15.7425849045751,16.6825920743577,4.34147097452853,17.4340561775913,18.3740634197383,15.9388324073191,16.8877025373983,4.54416455461663,15.9476953511652,"Jake Ellzey","Republican"
"Texas","TX","4807",3019847.41955708,3014787.39125252,7730809.39406613,33.3314116761586,7717855.72160645,33.2755618721518,24665741.0714192,63144297.1428331,272.246857448707,131187590.569336,335840231.857499,100886.600527611,258269.697350685,1.1135307012588,0,0,0,27584701.8904486,70862152.8644395,305.522419320859,27680528.4626717,14.9207171958917,14.9190402003578,15.8607242525933,3.53606072739779,15.8590472567206,3.53443261837461,17.0209258782067,17.9609331119928,5.61037562634535,18.6921388535484,19.6321461073948,17.1327719339382,18.0762470529944,5.72529089893566,17.1362398165175,"Lizzie Fletcher","Democrat"
"Texas","TX","4808",1539433.89976959,1535955.21212188,3940950.78341014,16.9914230530826,3932045.34303201,16.9530272158202,7796477.28469892,19958981.8488292,86.0532198803054,42874129.3742294,109757771.198027,42489.375028276,108772.800072387,0.468974307032332,0,0,0,9293421.80944023,23891027.1918612,103.006247096126,9332432.4968208,14.2469259588463,14.2446636845502,15.1869328214944,2.8898951472844,15.1846705463018,2.88775874783587,15.8691826877404,16.8091898680716,4.46651965439061,17.5737791804279,18.5137864247062,16.0448174831307,16.9890135569636,4.64445096556933,16.0490063637686,"Morgan Luttrell","Republican"
"Texas","TX","4809",4208241.69512155,4202597.64202516,10773098.7395112,46.4482528039262,10758649.9635844,46.3859568561047,36867514.9594166,94380838.2961064,406.923313618766,193878110.793723,496327963.631931,138096.162858824,353526.176918589,1.52422934527613,0,0,0,40937660.4916793,105139488.259691,453.30927047487,41070112.6014417,15.2525557064327,15.2512136162143,16.1925628201191,3.85963970254293,16.1912207297062,3.85832591594619,17.4228413949929,18.3628486369556,6.01107919992131,19.0827402298478,20.0227474851962,17.5275610161869,18.4707984956273,6.11877817862115,17.5307912519733,"Al Green","Democrat"
"Texas","TX","4810",2333450.97602964,2306471.92907545,5973634.49863589,25.755345983535,5904568.13843316,25.4575661305408,12378694.9901997,31689459.1749112,136.629213800631,73089474.0280201,187109053.511731,124335.73463805,318299.480673407,1.37234932150521,0,0,0,14587810.2315913,37594027.3133444,162.086779931171,14685166.9192751,14.6628592639287,14.6512300451132,15.6028662612727,3.28673430322647,15.5912370394025,3.27554217148336,16.331487487702,17.2714946969657,4.92456321256236,18.107194933889,19.0472021840431,16.4956968908483,17.4423557742931,5.09428245135208,16.5023485572975,"Michael T. McCaul","Republican"
"Texas","TX","4811",389270.591177772,382314.984603915,996532.713415097,4.2965542709012,978726.360586023,4.21978211855032,1477231.77225202,3781713.33696518,16.3048702471382,8696626.38325959,22263363.5411445,17650.3765655859,45184.9640078999,0.194815129975359,0,0,0,1848851.98686421,4760439.6975512,20.5246523656886,1859546.75685594,12.8720325568227,12.8540027304869,13.8120382498892,1.66705647156119,13.794008395073,1.6524556612821,14.2056811471003,15.1456879930806,2.85098797906083,15.9784458513698,16.918453039791,14.4300759976702,15.3758508054412,3.06919889992501,14.4358438746504,"August Pfluger","Republican"
"Texas","TX","4812",4444332.08237118,4441561.77416696,11377490.1308702,49.0540883965586,11370398.1418674,49.0235112612283,4794356.04173752,12273551.4668481,52.9174599730835,48596124.0558796,124406077.583052,36869.6532053125,94386.3122056,0.406946914398646,0,0,0,9201818.47090338,23643949.6087155,101.940971234312,9235917.81590448,15.3071403779616,15.3065168486431,16.2471474993402,3.91310418867002,16.2465239699362,3.91249312013148,15.3829501679945,16.3229572993834,3.98745435817035,17.6990543543315,18.6390616002834,16.0349117910421,16.9786178519678,4.63415572913553,16.0386106594552,"Craig A. Goldman","Republican"
"Texas","TX","4813",611788.103918492,609833.551617189,1566177.54603134,6.75257995427946,1561173.89214,6.73100668306867,1707012.0307852,4369950.79881011,18.8410581163077,10750405.7178827,27521038.6377797,15652.2379940573,40069.7292647868,0.172760777532811,0,0,0,2303147.89670963,5931124.69095011,25.5720647993764,2316845.58240239,13.3241429006654,13.3209429725038,14.2641491631023,2.04802568529362,14.2609492317483,2.0452390847887,14.3502556354822,15.2902625369904,2.98775343290979,16.1904541460439,17.1304613478515,14.6497878300822,15.5957245827983,3.27986046843379,14.655717587326,"Ronny Jackson","Republican"
"Texas","TX","4814",26683365.8961786,26679999.8332537,68309416.6942173,294.516288416169,68300799.5731294,294.479135668533,16305640.6860816,41742440.1563689,179.972676378139,113905720.683121,291598644.948791,297663.202902146,762017.799429495,3.285442401004,0,0,0,42691343.3793581,110043239.729498,474.451812046672,42985640.5193353,17.0995509665587,17.0994248102431,18.0395582022129,5.68872395687074,18.0394320458944,5.68859822747869,16.6070217216033,17.5470289427227,5.19834606063353,18.5508816614237,19.4908889145653,17.5695067499075,18.516383944055,6.16426553520266,17.5763766997398,"Randy K. Weber Sr.","Republican"
"Texas","TX","4815",467371.673839536,444634.42333645,1196471.48502921,5.15859098232377,1138264.12374131,4.90762974103912,3106385.34155562,7952346.47438239,34.2865695709093,17759307.1951304,45463826.4195339,11370.6817637942,29108.9453153132,0.125503319291278,0,0,0,3562386.33363136,9090610.5981237,39.1941993119484,3551019.76489207,13.054882235192,13.0050099519593,13.9948881898515,1.81784801474546,13.945015839945,1.77624469192648,14.9489706605175,15.8889777228405,3.56350242613059,16.6924203417927,17.6324275659712,15.0859414774116,16.0227527464122,3.69372268949067,15.0827456595263,"Monica De La Cruz","Republican"
"Texas","TX","4816",3086087.25503674,3084698.21473891,7900383.37289406,34.0625304775374,7896827.4297316,34.0471990161853,3148488.72147321,8060131.12697143,34.7512834766194,17849757.1412979,45695378.2817225,1021682.18774104,2615506.40061707,11.2767649720494,0,0,0,5212893.78876892,15956958.556703,68.7984824928048,6233186.93621212,14.9424149100176,14.941964711294,15.8824219710504,3.55713305251711,15.8819717722378,3.5566956963411,14.9624334423267,15.9024405072729,3.57658616993947,16.697500516591,17.6375077409434,15.4666458810737,16.5854056278718,4.24561226874123,15.6453984671433,"Veronica Escobar","Democrat"
"Texas","TX","4817",2217716.32865095,2198075.21152784,5677353.80134643,24.4779307234156,5627072.54151128,24.2611428961995,4498351.61705068,11515780.1396497,49.6503262519206,32999978.4949227,84479944.9470021,63465.9554488206,162472.845948981,0.700502242194621,0,0,0,6652601.99025281,17142852.681161,73.9114691481201,6696426.82857852,14.6119889945196,14.6030930864692,15.5519959782352,3.23781261560923,15.5431000677296,3.2292673611957,15.3192218026152,16.2592289256404,3.92494567197544,17.3120174980646,18.2520247380901,15.7105187631501,16.6570919497587,4.31630700494369,15.7170847822673,"Pete Sessions","Republican"
"Texas","TX","4818",2372195.19636048,2367659.31594697,6072819.70268284,26.1829833368515,6061207.84882426,26.1329187884252,14667687.4815437,37549279.9527518,161.893851529848,78568882.4467275,201136339.063622,69096.082456533,176885.971088724,0.762644481523601,0,0,0,16970786.5954476,43610487.8015761,188.026770318273,17035346.7974907,14.6793267491532,14.6774128170389,15.6193337507625,3.30259116490897,15.617419818156,3.30074770615581,16.5011575699838,17.4411647869299,5.09309877106418,18.1794862941146,19.1194935448502,16.6470040471793,17.5908082482307,5.241888646925,16.6508010255104,"Sylvester Turner","Democrat"
"Texas","TX","4819",459275.290006056,456965.705209668,1175744.7424155,5.06922755922688,1169832.20533675,5.04373563498235,3849777.49279808,9855430.38156308,42.4917224767875,19303328.7730743,49416521.6590701,12399.3550122478,31742.3488313545,0.136857247738923,0,0,0,4296653.42779189,11025262.5868998,47.5354581117698,4306743.19800775,13.0374072469611,13.0323658121012,13.977413178636,1.80323134149217,13.9723717370701,1.79902230337815,15.1635261702706,16.1035332704738,3.77257063209766,16.7757881660963,17.7157953930194,15.2733472377851,16.2156998871202,3.88229462591165,15.275692770122,"Jodey C. Arrington","Republican"
"Texas","TX","4820",3177161.05065311,3056214.8267459,8133532.28967195,35.0677528457074,7823909.9564695,33.7328150757987,14709395.6268722,37656052.8047928,162.354203053965,82373194.1091994,210875376.919551,63678.1456613108,163016.052892956,0.702844280828877,0,0,0,17822878.531864,45479962.7612623,196.087018129764,17765610.4536181,14.9714989193959,14.93268805071,15.9115059860889,3.58539919316069,15.8726951098127,3.54768491949757,16.5039970738487,17.4440042909126,5.09592086807397,18.2267706398847,19.1667778909784,16.6959935568441,17.6327824300403,5.28364534760476,16.6927752058496,"Joaquin Castro","Democrat"
"Texas","TX","4821",1640818.30884228,1521800.14161392,4200494.87063623,18.1104482907357,3895808.36253162,16.796791347958,7227418.9614571,18502192.5413302,79.7722676981254,41927838.5316562,107335266.64104,47904.374766853,122635.199403144,0.528742090114324,0,0,0,8820332.89553252,22398000.9038618,96.5690590460834,8749219.10307101,14.3107062536149,14.2354051528977,15.2507131407217,2.95023521641428,15.175412010959,2.87901817969834,15.7933926786442,16.7333998528213,4.3916336850552,17.551460592221,18.4914678361786,15.9925702839028,16.9244823121262,4.58056042518777,15.9844751232838,"Chip Roy","Republican"
"Texas","TX","4822",3516591.85890436,3511873.35053884,9002475.15879517,38.8142030577692,8990395.77737943,38.7621227626489,17271932.0937655,44216146.1600397,190.638068443998,93510190.9256705,239386088.769716,83986.0733893977,215004.347876858,0.926991996044839,0,0,0,20704537.8792805,53206541.9374192,229.400191206647,20783805.4443044,15.0730031410087,15.0716604559157,16.0130102262145,3.68422370937871,16.0116675408887,3.68291476976585,16.6645933774873,17.6046006006976,5.25560853287833,18.353580992871,19.2935882448458,16.84586350373,17.789691934295,5.43981775871135,16.8496847051232,"Troy Nehls","Republican"
"Texas","TX","4823",1590671.32994185,1546943.93484762,4072118.60465113,17.5569535720221,3960176.4732099,17.0743146817348,6079438.21811891,15563361.8383844,67.1014888684719,34390585.4098675,88039898.6492608,144161.15600395,369052.559370111,1.59117139738912,0,0,0,7525948.39205681,19523538.3115943,84.1758035502067,7626382.15296653,14.279667333841,14.2517925341238,15.2196742092397,2.92084457444724,15.1917993986936,2.89449185206931,15.6204230158265,16.5604301740826,4.22099907588963,17.3532934340184,18.2933006747907,15.8338675256985,16.7871314397056,4.44471739761121,15.8471242611176,"Tony Gonzales","Republican"
"Texas","TX","4824",2054743.50217799,2051705.18962613,5260143.36557564,22.6791264738969,5252365.28544288,22.6455912542659,7243236.77382936,18542686.1410032,79.9468559944021,42913984.5644739,109859800.485053,75319.5714096725,192818.102808762,0.831335923023498,0,0,0,9222660.70459768,23795051.4264461,102.592447248668,9294941.96345549,14.5356620683425,14.5341822925778,15.4756690302642,3.16459392056415,15.4741892540603,3.16317668125015,15.795578870725,16.7355860450862,4.39379284051087,17.5747083346044,18.514715578896,16.0371742420046,16.9849882357896,4.64046442416269,16.044981042858,"Beth Van Duyne","Republican"
"Texas","TX","4825",2562890.98235998,2559779.96994791,6561000.91484155,28.2877783363916,6553036.72306664,28.2534406957661,5114300.15223444,13092608.3897202,56.4488267538261,36131684.0106462,92497111.0672542,67089.4922866568,171749.100253841,0.740496844995897,0,0,0,7610101.64230777,19645645.1127868,84.7022674495922,7674080.12218235,14.7566468594561,14.7554322541813,15.6966538801791,3.37717030737874,15.6954392746153,3.37599719738441,15.4475513209044,16.3875584602447,4.05089458204665,17.4026807394746,18.3426879811007,15.8449872175666,16.7933662998605,4.45087928324197,15.8533591207759,"Roger Williams","Republican"
"Texas","TX","4826",1055326.00060709,1051919.32941595,2701634.56155414,11.6481068384402,2692913.48330483,11.6105058791395,4621126.83266597,11830084.6916249,51.0054514244045,25585369.2143048,65498545.1886202,49364.539376027,126373.220802629,0.544858582420572,0,0,0,5627088.29389703,14522998.1749297,62.615957303544,5673046.16208192,13.8693612300488,13.8661279369176,14.8093679111125,2.53750754693349,14.8061346161112,2.53453026647108,15.3461493528902,16.2861564795145,3.95134854817132,17.0575312700914,17.9975385047656,15.5431028671178,16.4912441007787,4.1528643398748,15.551236949703,"Brandon Gill","Republican"
"Texas","TX","4827",904222.820116219,879305.332110557,2314810.41949752,9.98031320029116,2251021.65020303,9.70528769891193,2936364.51174008,7517093.1500546,32.4099733444234,17131294.9787018,43856115.1454766,26133.3470088719,66901.3683427121,0.28844548303582,0,0,0,3814453.98484742,9768114.80025763,42.1152610433353,3815669.84385063,13.7148321973534,13.6868886166497,14.6548387819242,2.39610396029125,14.626895182123,2.37073779687079,14.8926831540674,15.8326902050319,3.50885445853606,16.6564175229378,17.5964247458584,15.1543083513804,16.0946341497656,3.76387701896871,15.1546270509774,"Michael Cloud","Republican"
"Texas","TX","4828",1052828.5963235,974571.805712784,2695241.20658817,11.6205418661973,2494903.82262473,10.7567865362398,4373772.14931359,11196856.7022428,48.2752867387817,24842129.3007154,63595851.0098315,24947.0674617344,63864.4927020401,0.27535198311507,0,0,0,5401653.67817536,13691760.5248675,59.0320732750214,5348343.95502638,13.8669919511675,13.7897545059782,14.8069986308614,2.53532579329092,14.7297611391955,2.46443065140877,15.2911366154339,16.2311437346006,3.89742267217521,17.0280515722507,17.9680588062122,15.5022158864812,16.432304861366,4.09487897398239,15.4922977168116,"Henry Cuellar","Democrat"
"Texas","TX","4829",2812323.00104986,2807829.8679572,7199546.88268764,31.040871504717,7188044.46197042,30.9912787776615,15126543.028409,38723950.152727,166.958446195594,81122347.068524,207673208.495421,72526.4798221824,185667.788344787,0.800507317263839,0,0,0,17866339.5496367,45911994.6146974,197.949724973256,17934372.8963662,14.8495217461323,14.8479228101048,15.7895287879435,3.46701232235198,15.7879298515693,3.46546332745636,16.5319616411938,17.4719688594001,5.12371660473482,18.2114690430061,19.1514762939858,16.6984290843875,17.6422369832549,5.29305215448071,16.7022297587415,"Sylvia R. Garcia","Democrat"
"Texas","TX","4830",2260143.5968019,2257251.16960579,5785967.60781285,24.9462195289611,5778562.99419083,24.9142945114943,15339720.5177675,39269684.5254847,169.311381847866,75307273.340166,192786619.750825,174325.803339536,446274.056549213,1.92411215191109,0,0,0,17425538.3112298,45048247.5196755,194.225676359361,17596971.6873733,14.6309393500876,14.6296587773414,15.5709463389613,3.25602591610744,15.5696657658696,3.25479472809898,16.5459561997469,17.4859634185131,5.13762841953908,18.1370872928873,19.0770945432869,16.6734474645612,17.6232446626763,5.27415620405476,16.6832374388143,"Jasmine Crockett","Democrat"
"Texas","TX","4831",986533.234132989,957239.735065153,2525525.07938045,10.888810191583,2450533.72176679,10.5654846915786,4361135.41774586,11164506.6694294,48.1358094594339,27438380.8834133,70242255.061538,60053.6826665037,153737.427626249,0.662839455617332,0,0,0,5287614.96921235,13615040.3911962,58.7012941510126,5318375.15281101,13.801953306461,13.7718101905935,14.7419599472596,2.47559763770422,14.7118168124894,2.44802520501519,15.2882432276349,16.2282503463978,3.8945880858709,17.1274533898198,18.0674606261025,15.4808780348077,16.4266857242026,4.089353697735,15.4866785802903,"John R. Carter","Republican"
"Texas","TX","4832",1431499.60890157,1428751.00736332,3664638.99878801,15.8001038296021,3657602.5788501,15.769766280489,10213779.3013443,26147275.0114415,112.734067442542,50987840.1295818,130528870.731729,107339.691725801,274789.610818052,1.18475636581314,0,0,0,11537939.2185201,29804877.5902916,128.503833723031,11642530.3087076,14.1742338288793,14.1723118990689,15.1142406616811,2.82138506672358,15.1123187310517,2.81957763897527,16.1392483763974,17.0792555752269,4.73386298158165,17.7470977530407,18.6871049995808,16.2611513125167,17.21018264916,4.86371048474025,16.270175443009,"Julie Johnson","Democrat"
"Texas","TX","4833",2243806.02710898,2240113.07757742,5744143.42939898,24.7658944378005,5734689.47859821,24.7251336959371,7494214.81121027,19185189.9166983,82.7170132650778,44615213.692691,114214947.053289,80734.7330038786,206680.916489929,0.891105492578731,0,0,0,9657286.10531537,24919879.3952965,107.442146961015,9734327.88878769,14.6236845468775,14.6220373500244,15.5636915337881,3.24905169640373,15.5620443364873,3.24746847882759,15.8296420557874,16.7696492329662,4.42744222165568,17.6135854954239,18.5535927402569,16.0832233287873,17.0311764523253,4.68621682304214,16.0911692564345,"Marc A. Veasey","Democrat"
"Texas","TX","4834",260010.997577085,255800.436138744,665628.153797337,2.8698581075469,654849.116515185,2.82338425069566,1613523.18639436,4130619.35716955,17.8091797706208,9282060.49644095,23762074.8708888,8221.48632086838,21047.0049814231,0.0907442354127158,0,0,0,1865312.69765057,4785468.47368474,20.6325640213164,1869323.6225331,12.4684830534603,12.4521567824143,13.4084879683072,1.35321784165296,13.3921616586841,1.34113595991605,14.29393128038,15.2339381612043,2.93434503633457,16.0435942241051,16.9836014169457,14.4389397994092,15.3810946916791,3.07419977299127,14.4410877591744,"Vicente Gonzalez","Democrat"
"Texas","TX","4835",1592584.87746418,1425864.6033913,4077017.28630831,17.578074255079,3650213.38468172,15.7379077440503,7462956.02533702,19105167.4248628,82.3719960123217,44368317.5723542,113582892.985227,76131.2198701281,194895.922867528,0.840294451456612,0,0,0,8979409.68293107,22755380.8095445,98.1099037563721,8888820.62872832,14.2808695911686,14.1702896282436,15.2208764670276,2.92198208189345,15.110296459363,2.81767607182887,15.825462277734,16.7654694545721,4.42331247374948,17.6080362270399,18.5480434717969,16.0104448126161,16.9403122384415,4.59622937333926,16.0003050485052,"Greg Casar","Democrat"
"Texas","TX","4836",7671018.11217209,7666747.1298134,19637806.3671606,84.6684706704743,19626872.6523223,84.6213299208003,12319297.6416868,31537401.9627181,135.973618599716,72177858.1404785,184775316.839625,109945.069820389,281459.378740195,1.21351309348101,0,0,0,19880370.6840385,51164274.6150404,220.594948520516,19986044.7715002,15.8529600344221,15.8524031107967,16.792967213475,4.45048485441559,16.7924102898053,4.44993443342495,16.3266775860146,17.266684795041,4.91978834231953,18.0946438967291,19.0346511467778,16.8052434553981,17.7505521045808,5.40085115912827,16.8105448765794,"Brian Babin","Republican"
"Texas","TX","4837",1844685.77886353,1759775.82010623,4722395.59389064,20.360625080016,4505026.09947195,19.4234357464038,10977744.0321396,28103024.7222775,121.166289144637,68228271.5314413,174664375.12049,168733.542287281,431957.868255439,1.86238785613173,0,0,0,12653696.2687159,32608050.8217494,140.589724891041,12737519.8522459,14.427820053491,14.3806975522159,15.3678269816418,3.0615492777095,15.3207044644276,3.01668305256988,16.2113806024752,17.1513878054566,4.80538314243257,18.0383695901572,18.9783768397172,16.3534600046408,17.3000698042375,4.95293361429789,16.360062593587,"Lloyd Doggett","Democrat"
"Texas","TX","4838",2031648.85564394,2026886.01561531,5201021.07044849,22.424220492172,5188828.19997519,22.3716508885841,11330189.7036439,29005285.6413284,125.056390245212,61450711.1533476,157313820.55257,59517.7201286785,152365.363529417,0.656923796476557,0,0,0,13302320.8391592,34194113.8413036,147.428041133797,13357075.7192592,14.5243587576967,14.5220116841743,15.4643657162472,3.15377055082254,15.46201864202,3.15152378741582,16.2429814646052,17.1829886693133,4.83672934846326,17.9337459830605,18.8737532316355,16.4034491523285,17.3475641065616,5.00010026931046,16.407556893692,"Wesley Hunt","Republican"
"Utah","UT","4901",1235947.39206353,1235694.47358684,3164025.32368264,13.6417062226893,3163377.8523823,13.6389146479188,31507053.5462582,80658057.078421,347.757494518426,184413123.026308,472097594.947348,25462.9321819006,65185.1063856654,0.281045813619787,0,0,0,32717538.0061399,83821434.9308033,361.396409166344,32742748.0198451,14.0273491621341,14.0271445060499,14.9673559275831,2.68387404700796,14.9671512713979,2.68368336971383,17.2657220325714,18.205729271722,5.85437682256324,19.0326890380635,19.9726962932505,17.3034218531213,18.2441993314383,5.89273866563835,17.3041920915579,"Blake Moore","Republican"
"Utah","UT","4902",283484.123128442,283174.308129147,725719.355208813,3.12894153209727,724926.228810617,3.12552196486415,6905805.20890159,17678861.3347881,76.2224723284261,42260347.335794,108186489.179633,6381.19679947102,16335.8638066458,0.070432133799975,0,0,0,7182908.13523056,18403787.5635987,79.3479942932903,7188979.51703073,12.5549149250356,12.553821448191,13.4949200339411,1.41802108649788,13.4938265547447,1.41719254871828,15.747873095273,16.6878802655235,4.3466905070087,17.5593598128015,18.4993670568734,15.7872150310021,16.7280671015803,4.38636712974739,15.7880599278539,"Celeste Maloy","Republican"
"Utah","UT","4903",246706.894850797,245984.511804578,631569.650818039,2.7230147531178,629720.350219719,2.71504148713573,5938646.35484107,15202934.6683931,65.5475058674845,35853215.4873092,91784231.6475115,6083.23020468409,15573.0693239913,0.0671433427265363,0,0,0,6179270.01948718,15832655.0186129,68.2625473546203,6184630.86664564,12.4159603038327,12.4130279180768,13.3559650922948,1.31453375757889,13.3530326992851,1.31238984557324,15.5969919473669,16.5369991032466,4.19791606656533,17.3949438416912,18.3349510831863,15.6367108644645,16.5775852016499,4.23790431789105,15.637578041689,"Mike Kennedy","Republican"
"Utah","UT","4904",246291.345054695,245084.684006861,630505.843340019,2.71842814346458,627416.791057564,2.70510968377073,5135671.37858069,13147318.7291666,56.6847105732396,31122739.5596118,79674213.2726063,6166.58986751006,15786.4700608257,0.0680634207479768,0,0,0,5375796.13376787,13774735.5202241,59.3898202570103,5380756.06258755,12.414274503864,12.4093631590256,13.3542792881585,1.31330103690958,13.3493679311386,1.30971286256646,15.4517213331002,16.3917284729363,4.05499215700062,17.2534493176519,18.1934565565637,15.4974174249389,16.4383467854319,4.10082055194529,15.4983396401912,"Burgess Owens","Republican"
"Vermont","VT","5000",1429828.65435004,1413355.16217039,3660361.35513609,15.7816607540717,3618189.2151562,15.5998354254052,11467428.0531681,29356615.8161104,126.571151519614,65898902.6106026,168701190.683143,36605.9650627973,93711.270560761,0.404036469991629,0,0,0,12860650.7424554,32974805.0312666,142.17098694502,12880783.2153385,14.1730658723083,14.1614776908886,15.1130727046125,2.82028666837475,15.1014845182254,2.80939278118114,16.2550213186602,17.1950285240121,4.84867426008008,18.0036323621659,18.9436396114103,16.3696829553072,17.3112543742537,4.96403962886681,16.371247163071,"Becca Balint","Democrat"
"Virginia","VA","5101",2176480.93547382,2172124.42936007,5571791.19481298,24.0227971770271,5560638.53916178,23.9747124632742,7889370.70933928,20196789.0159086,87.0785263109032,46474826.414449,118975555.620989,68137.076507211,174430.91585846,0.752059502332359,0,0,0,9997714.56830589,25757427.5550703,111.053238774177,10061495.1386993,14.5932203401348,14.5912167066928,15.5332273186446,3.21978729643285,15.531223684641,3.21786381148633,15.8810270583889,16.8210342396403,4.47822876101768,17.6544213780511,18.5944286234307,16.1178671816918,17.064233631045,4.71897410455189,16.1242264331186,"Robert J. Wittman","Republican"
"Virginia","VA","5102",441651.020609401,438505.444064283,1130626.61276007,4.87470058579536,1122573.93680456,4.83998144531655,1841100.88961158,4713218.27740565,20.3210570479703,13375968.173707,34242478.5246899,13233.9848226551,33879.0011459969,0.146069431648519,0,0,0,2269517.92539833,5835792.21421022,25.1610384932869,2279606.33367587,12.9982775673001,12.991129786386,13.9382834460279,1.77065509461157,13.9311356552162,1.76472761966326,14.425874803394,15.3658817309016,3.05969517817977,16.4089703097067,17.3489775226407,14.6350784398606,15.5795207552024,3.26427122355668,14.6395137640267,"Jennifer A. Kiggans","Republican"
"Virginia","VA","5103",535972.953862963,531828.641310218,1372090.76188918,5.91577410726047,1361481.32175416,5.87003146910081,2139805.42222941,5477901.88090728,23.6179930725326,14581164.5398722,37327781.2220728,15120.511159609,38708.508568599,0.166891869751749,0,0,0,2660657.86493276,6839383.20266144,29.4880245416334,2671634.06353962,13.191840845333,13.1840784939403,14.1318469668749,1.93380490494818,14.1240846066225,1.92716868687891,14.5762259260044,15.5162328997154,3.2034776012896,16.495241222356,17.4352484390555,14.7940843436706,15.7382082566952,3.41733396853166,14.7982012262944,"Robert C. “Bobby” Scott","Democrat"
"Virginia","VA","5104",4206457.38142199,4201034.30485285,10768530.8964403,46.4285585325884,10754647.8204233,46.3687016019016,13542734.4939135,34669400.3044185,149.477240377843,79127372.1307277,202566072.654663,120803.573621712,309257.148471582,1.33336327466736,0,0,0,17628388.3017138,45424048.1248418,195.845941979745,17743768.7987663,15.2521316120508,15.2508415540326,16.1921387256757,3.85922454795788,16.1908486674706,3.85796170684714,16.4213608356127,17.3613680491077,5.01381184602772,18.1865694301523,19.1265766809426,16.6850211889816,17.6315522391676,5.28242140239313,16.6915450150191,"Jennifer McClellan","Democrat"
"Virginia","VA","5105",1428887.8528988,1418465.40865652,3657952.90342093,15.7712767060985,3631271.4461607,15.6562395100264,31179089.6763893,79818469.5715566,344.137610053166,156276882.371916,400068818.872106,215200.846065121,550914.16592671,2.375268348593,0,0,0,32392776.683223,83449741.0177173,359.793849563193,32597555.0850458,14.1724076742501,14.1650868520599,15.1124145062737,2.81966770329504,15.10509368095,2.81278489157389,17.2552582574864,18.1952654964336,5.8439432072233,18.8671398853615,19.8071471399537,17.2934460449026,18.239755116608,5.88830674137796,17.2997478768104,"John J. McGuire III","Republican"
"Virginia","VA","5106",847028.687576169,842684.637360726,2168393.44019499,9.34903588316341,2157272.67164346,9.30108865075188,4519758.052421,11570580.6141978,49.8865986891392,27350846.4732146,70018166.9714294,38663.0560723598,98977.4235452412,0.426741506958401,0,0,0,5328123.68392481,13727853.2858412,59.1876873398911,5362442.68978172,13.649491023287,13.6443492580181,14.5894975623524,2.33689336398734,14.5843557933749,2.3322495838981,15.323969243401,16.2639763670678,3.92959960184005,17.1242580725758,18.0642653087873,15.4885098925661,16.4349374862772,4.09746780215813,15.4949303414233,"Ben Cline","Republican"
"Virginia","VA","5107",807122.744270138,804138.56548854,2066234.22533155,8.90857607183497,2058594.72765066,8.87563835092877,4531978.88426086,11601865.9437078,50.0214854964798,34796755.553819,89079694.2177765,28767.2742360191,73644.2220442089,0.31751732029638,0,0,0,5310334.35429498,13660460.6713585,58.8971238474085,5336117.4497494,13.6012322741216,13.5975281220124,14.5412387776171,2.29340065202766,14.537534622706,2.29007095182994,15.3266694625193,16.2666765865497,3.93224682825374,17.3650347379246,18.3050419789037,15.4851655464584,16.4300162088534,4.09262848806557,15.4900090645601,"Eugene Simon Vindman","Democrat"
"Virginia","VA","5108",2516387.07310958,2507575.81908927,6441950.90716054,27.7744938128964,6419394.09686853,27.6772400466192,8118461.45150808,20783261.3158607,89.6071036784131,70847927.0001231,181370693.120315,51081.9127387811,130769.69661128,0.563814003209355,0,0,0,10583766.6118789,27202655.4127292,117.284343725032,10626037.2705974,14.7383351270028,14.7348274340775,15.6783421433317,3.35948936324197,15.6748344495554,3.35610377841663,15.9096513409457,16.8496585243768,4.50653261702176,18.0760462787915,19.0160535286818,16.1748320279863,17.1188251887303,4.77309141839715,16.1788179875861,"Donald S. Beyer, Jr.","Democrat"
"Virginia","VA","5109",5959083.82537072,5955369.01014726,15255254.592949,65.7730834047573,15245744.665977,65.7320813214361,11231520.4693337,28752692.4014943,123.967333610342,61359307.5952477,157079827.443834,173211.457717083,443421.331755733,1.91181261901053,0,0,0,17017392.8369873,43998437.0674713,189.699414931778,17186889.479481,15.6004274744609,15.5998038932069,16.5404346306926,4.20130005629668,16.5398110493747,4.20068581661997,16.2342348001142,17.1742420043498,4.82805237203211,17.9322574469554,18.8722646955156,16.6497465458236,17.5996646927859,5.25069844459841,16.6596574697502,"H. Morgan Griffith","Republican"
"Virginia","VA","5110",760394.457670828,757829.867575931,1946609.81163732,8.39281499480957,1940044.46099438,8.36450846260533,3872344.77245362,9913202.61748127,42.7408076735224,44449516.6011738,113790762.499005,18270.7166261847,46773.0345630327,0.201662101714766,0,0,0,4614468.51349826,11853247.0784757,51.1053161361277,4630174.64002955,13.5415939159737,13.5382155098803,14.4816003730726,2.23994503474789,14.4782219642672,2.2369268478774,15.1693710241285,16.1093781252541,3.77828148040787,17.6098646672483,18.5498719120304,15.344707470991,16.2881124874364,3.95326698071564,15.3481053605545,"Suhas Subramanyam","Democrat"
"Virginia","VA","5111",1372701.74482376,1369069.98087182,3514116.46674882,15.1511254075256,3504819.15103186,15.1110399983725,5792777.25613674,14829509.7757101,63.9374831397611,66091509.2550459,169194263.692918,26897.7770172081,68858.3091640527,0.296882840215011,0,0,0,7138581.22394329,18334328.9267419,79.0485231381336,7161847.23700856,14.132292160818,14.1296429516276,15.0722989753858,2.78198973191731,15.0696497650179,2.7795047511805,15.5721225714481,16.5121297247439,4.17342500922147,18.0065508586766,18.9465581079479,15.7810247465233,16.7242858126917,4.38263299002998,15.7842786392865,"Gerald E. Connolly","Democrat"
"Washington","WA","5301",555750.501721248,536632.823680185,1422721.28440639,6.13406778174887,1373780.02862127,5.92305738666991,25341521.7485546,64874295.6762998,279.705752161904,152926908.373397,391492885.435896,42940.0964627509,109926.646944642,0.473949121847961,0,0,0,25854332.1538131,66248075.704921,285.628809548574,25878154.5722348,13.2280765339753,13.1930712483084,14.1680826959779,1.96488158811793,14.1330773712484,1.93485749093929,17.0479548237335,17.9879620581785,5.63730697536273,18.8454706487001,19.7854779032068,17.0679887717109,18.0089169915401,5.65818803214451,17.0689097565965,"Suzan K. DelBene","Democrat"
"Washington","WA","5302",320092.77554213,309348.0212572,819437.505387852,3.53300766358711,791930.934418433,3.41441298687902,15313900.1700371,39203584.4352949,169.026391078383,92802429.0980365,237574218.490973,25462.7252180461,65184.576558198,0.281043529266812,0,0,0,15608530.2203612,39995515.3697134,172.440804065262,15623248.1912943,12.6763692804147,12.6422254370854,13.6163746351654,1.51138566257875,13.5822307257125,1.48487486641182,16.5442715470649,17.4842787657641,5.13595366663907,18.3459833838148,19.2859906357399,16.5633281958392,17.5042779150384,5.15583635422567,16.5642706955513,"Rick Larsen","Democrat"
"Washington","WA","5303",108325.926652122,105855.438830333,277314.372229433,1.19564188344748,270989.923405653,1.16837400027706,6292422.59231891,16108601.8363364,69.4522930220441,39767494.54126,101804786.025626,5724.4471331293,14654.584660811,0.0631832928965408,0,0,0,6395024.0718379,16379591.7597421,70.6206670223212,6398278.03114924,11.5929090322992,11.5698391044752,12.5329106654422,0.78647443359449,12.5098406063329,0.773977578052258,15.654856863259,16.5948640249078,4.25493578603423,17.4985604416344,18.4385676848025,15.671030913525,16.6115467740375,4.27138367787963,15.6715396107865,"Marie Gluesenkamp Perez","Democrat"
"Washington","WA","5304",59823.3453863362,58252.4855619864,153147.764189021,0.66029711965032,149126.363038685,0.642958834559539,5338160.67200164,13665691.3203242,58.9196758086746,27243234.8164358,69742681.1300757,4183.98001411081,10710.9888361237,0.0461804657387628,0,0,0,5393800.03737387,13814817.6833629,59.5626346432341,5396413.15756363,10.9991679705744,10.9725592076117,11.9391650429435,0.506996574093214,11.9125560053011,0.496498783695319,15.4903918954871,16.4303990398241,4.0930049287917,17.1203158213403,18.0603230574639,15.5007608960864,16.4412523916327,4.10367811285981,15.5012452460634,"Dan Newhouse","Republican"
"Washington","WA","5305",79680.0565831897,78032.7578606528,203980.944852966,0.879464555445465,199763.860123271,0.861282579919516,7021329.2204189,17974602.8042724,77.4975627059822,51532850.9293792,131924098.379211,4213.76273124595,10787.2325919896,0.0465091909582017,0,0,0,7096795.51427084,18174366.6643957,78.3588452859018,7099361.97827955,11.2857871525018,11.2648968051291,12.2257867632868,0.630986925342258,12.2048962544698,0.621265809184987,15.7644632481392,16.7044704198415,4.36306757597492,17.7577300638026,18.6977373104691,15.7751540450193,16.7155227892736,4.3739799125419,15.7755156166173,"Michael Baumgartner","Republican"
"Washington","WA","5306",247014.96138663,239050.345430531,632358.301149772,2.72641502177475,611968.88430216,2.63850597989536,11271331.6736498,28854609.0845435,124.406747744907,67612176.0413475,173087170.66585,19021.2144190156,48694.3089126799,0.209945682776808,0,0,0,11499325.4206174,29466577.9688457,127.045253724803,11510382.0190804,12.4172082345208,12.3844336422774,13.3572130260633,1.31544665131595,13.3244383516271,1.29157315230932,16.2377731286834,17.1777803331107,4.83156243651913,18.0292986585388,18.9693059080175,16.2577990194978,17.1987672627649,4.85238374616243,16.2587600572148,"Emily Randall","Democrat"
"Washington","WA","5307",1609457.66732492,1552622.29634406,4120211.6283518,17.7643068115094,3974713.07864079,17.1369893067699,76822462.9621067,196665505.182993,847.924011784007,457408226.38428,1170965059.54376,128405.23490806,328717.401364633,1.4172662229147,0,0,0,78303515.3945236,200640218.261634,865.061001090777,78375085.2584508,14.291408448947,14.2554565075713,15.2314153288173,2.93195649140423,15.1954633735818,2.89795346105414,18.1570076548549,19.0970149054141,6.74396967910665,19.9410868266765,20.8810940838357,18.1761030692058,19.1170239082194,6.76395534614028,18.177016657503,"Pramila Jayapal","Democrat"
"Washington","WA","5308",368381.910475929,355699.621164445,943057.690818377,4.06599652439522,910591.030180978,3.92601640377733,18004520.5381927,46091572.5777734,198.723975987625,108310116.199549,277273897.470845,29156.1620436519,74639.7748317488,0.321809649613451,0,0,0,18343746.286625,47002163.6079543,202.649992391402,18360220.1593572,12.8168781937855,12.7818447042506,13.7568837980865,1.62255086551435,13.7218502495724,1.59453062973286,16.7061334808821,17.6461407055279,5.29693629324331,18.5005091258864,19.4405163787516,16.7247993270744,17.6657042141022,5.31640279673327,16.7256969888007,"Kim Schrier ","Democrat"
"Washington","WA","5309",753770.119625668,727433.298741656,1929651.50624171,8.31969920192701,1862229.24477864,8.02900788638531,36715264.9605424,93991078.2989886,405.242862031277,219815906.468222,562728720.558648,60135.2717012973,153946.295555321,0.663739990422287,0,0,0,37408899.8084668,95853307.5437672,413.271869917662,37442698.2592841,13.5328440460349,13.4972789629415,14.472850496091,2.23213035370532,14.4372853837281,2.20044249277554,17.4187031927621,18.3587104346563,6.00695116310504,19.2083009697819,20.1483082255012,17.4374192236009,18.378329544792,6.02652244892075,17.4383223025754,"Adam Smith","Democrat"
"Washington","WA","5310",163068.905564991,157526.503187265,417456.398246378,1.79986471759045,403267.848159398,1.73869073438503,8211733.60268813,21022038.0228816,90.6365902838518,49411265.298568,126492839.164334,13176.8293581358,33732.6831568277,0.145438581127696,0,0,0,8361625.67889498,21425305.871041,92.3752810182369,8369260.10587539,12.001934256348,11.9673553454141,12.9419377779382,1.02957110086768,12.907358735526,1.0074799720348,15.9210747383678,16.8610819226515,4.51783064916557,17.7156890188798,18.6556962650386,15.9391635449481,16.8800833453813,4.53662665301458,15.9400761597009,"Marilyn Strickland","Democrat"
"West Virginia","WV","5401",239386.43687569,238647.750270639,612829.278401765,2.64221557205782,610938.240692835,2.63406235637773,1464088.3609545,3748066.20404352,16.159800516148,12461778.5271183,31902153.0294228,7682.61067808114,19667.4833358877,0.0847964230246877,0,0,0,1695792.18715211,4359004.44473636,18.7938628725257,1702736.11122514,12.3858385931839,12.3827480857584,13.3258433061124,1.29259217012424,13.3227527908078,1.29035112898409,14.1967440105439,15.136750852821,2.84256946905914,16.3381768803168,17.2781840899087,14.3436611463608,15.287754480299,2.98537193372118,14.3477475796872,"Carol D. Miller","Republican"
"West Virginia","WV","5402",221486.895464478,219046.978190698,567006.452389063,2.44465029782319,560760.264168187,2.41771983551524,7357836.66851272,18836061.8713926,81.2117464795961,48935999.1722246,125276157.880895,9657.40215807358,24722.9495246684,0.106593083136692,0,0,0,7569666.16181912,19396822.1355607,83.6294663151113,7576883.64670341,12.3081232189582,12.2970460633008,13.2481277261668,1.23682238924729,13.2370505398636,1.22897361395977,15.8112766524998,16.7512838281714,4.40929819306436,17.7060238834239,18.6460311294629,15.8396596563914,16.7806198547252,4.43828250756632,15.8406126766592,"Riley M. Moore","Republican"
"Wisconsin","WI","5501",4310789.79139595,4308067.12713821,11035621.8659736,47.5801221796411,11028651.8454738,47.550070911937,8082554.86320806,20691340.4498126,89.2107865437249,49708944.8535523,127254898.825094,148658.967378981,380566.95649019,1.64081576074733,0,0,0,12244685.687225,31719992.2952865,136.760857455662,12390621.9903463,15.276631923532,15.2760001312323,16.2166390406631,3.88321443859024,16.2160072482741,3.88259565533229,15.9052187001827,16.8452258832803,4.50214900466085,17.7216954719227,18.6617027181553,16.3206026610443,17.2724577433591,4.9255192649317,16.332450534048,"Bryan Steil","Republican"
"Wisconsin","WI","5502",514143.405214172,494636.505436549,1316207.11734828,5.67483157883819,1266269.45391757,5.45952516871868,53077317.75042,135877933.441075,585.838184124218,315620442.14989,807988331.903719,17289.7540837403,44261.7704543752,0.190834777748214,0,0,0,53574171.4015505,137144202.894993,591.297709292937,53571954.2558566,13.1502594489764,13.1115804610298,14.0902655222456,1.89834397233326,14.0515864875578,1.86555581179869,17.7872602527843,18.7272674997949,6.37474911593808,19.5700509203448,20.5100581769055,17.79657765173,18.7365435133903,6.3840093957977,17.7965362662737,"Mark Pocan","Democrat"
"Wisconsin","WI","5503",230490.617240669,228910.994636361,590055.980136112,2.54402841712692,586012.146269084,2.52659341329985,5466316.66494183,13993770.6622511,60.3341910360972,31976969.1470099,81861041.0163454,8680.00163065314,22220.804174472,0.0958050747290606,0,0,0,5688127.28055185,14579782.8085202,62.8607844493971,5695227.65957819,12.3479697730381,12.3410929057751,13.2879743877206,1.26526405108736,13.2810975022138,1.26033236627028,15.5141157603094,16.4541229073227,4.11633745312729,17.280526518762,18.2205337581968,15.5538918030505,16.495146456487,4.15670547110403,15.555139304993,"Derrick Van Orden","Republican"
"Wisconsin","WI","5504",1433287.83227487,1431881.63200171,3669216.85062368,15.8198412537643,3665616.97792439,15.8043203900609,13376150.5070947,34242945.2981625,147.638578130422,84973579.2153367,217532362.791262,28413.2436307294,72737.9036946672,0.313609725570087,0,0,0,14781025.0957389,37908562.2760869,163.442898520483,14808032.1390965,14.1754822442636,14.1745006622511,15.1154890775965,2.82255921655522,15.1145074951664,2.82163601942274,16.4089839410289,17.3489911539635,5.00151770915878,18.2578509451437,19.1978581964638,16.5088548956848,17.4506875884912,5.1025633884888,16.5106803711514,"Gwen Moore","Democrat"
"Wisconsin","WI","5505",1204389.76215728,1202001.96424436,3083237.79112264,13.2933904941803,3077125.02846555,13.2670352966562,8318416.19680296,21295145.4638156,91.8140939683405,52950657.1124084,135553682.207765,33612.5024701573,86048.0063236027,0.370996279495151,0,0,0,9489193.45649008,24372270.4922811,105.081129264997,9520418.16104731,14.0014844054817,13.9994998601677,14.9414911580118,2.65979722721286,14.9395066116928,2.6579516521365,15.9339825539304,16.8739897391658,4.53059850291921,17.7848710588751,18.7248783058582,16.0656642835787,17.0089566298044,4.66420417178998,16.0689494353201,"Scott Fitzgerald","Republican"
"Wisconsin","WI","5506",545692.51376225,543339.471002428,1396972.83523136,6.02305325329155,1390949.04576622,5.99708166399491,5849646.56803302,14975095.2141645,64.5651752656211,35742134.4682771,91499864.2387894,17097.2100594814,43768.8577522723,0.18870958291327,0,0,0,6378241.87173579,16366044.2599308,70.562256929616,6392986.03903545,13.2098127670165,13.2054914208428,14.1498189088091,1.94919805984663,14.1454975577993,1.94549315698262,15.5818919726126,16.5218991269311,4.18304469013807,17.3918408160023,18.3318480574445,15.6684032054345,16.6107193355508,4.27056779712607,15.6707121723787,"Glenn Grothman","Republican"
"Wisconsin","WI","5507",155545.276039567,154862.203179236,398195.906661293,1.71682304091938,396447.240138845,1.70928365910656,3343249.56678023,8558718.89095739,36.9009463606723,23808201.4851468,60948995.8019759,4671.63664864217,11959.3898205239,0.0515629509388126,0,0,0,3494123.20617116,8955166.13109624,38.6102300197789,3498111.76995947,11.9546985614385,11.9502974460819,12.8947019022779,0.999463198002706,12.8903007696412,0.996684267516631,15.0224541152647,15.962461191486,3.63497608171522,16.9855407214993,17.9255479543956,15.0665933174619,16.0077412567418,3.6790874187308,15.0677341724514,"Thomas P. Tiffany","Republican"
"Wisconsin","WI","5508",325037.151608985,324369.841042368,832095.108119001,3.58758096192623,830386.793068463,3.58021555562533,1941919.54061948,4971314.02398588,21.4338377598753,13625653.2381532,34881672.2896721,10964.1026661531,28068.102825352,0.121015723264196,0,0,0,2255992.58956232,5801700.81705434,25.0140533155007,2266289.38166185,12.6916978439884,12.6896427113707,13.6317032276982,1.52335286160125,13.6296480912237,1.52174606156561,14.4791880107345,15.4191949554257,3.11057043331114,16.4274649148399,17.3674721286088,14.62910105009,15.5736618492119,3.25863690413206,14.633654859607,"Tony Wied","Republican"
"Wyoming","WY","5600",15713.8830162502,15686.0890681588,40227.5405216006,0.173441181317185,40156.3880144865,0.173134407034503,2170187.82181821,5555680.82385461,23.9533372564293,14161758.2323026,36254101.0746946,769.795898408955,1970.67749992692,0.00849658291684501,0,0,0,2185131.90893605,5595837.21186909,24.1264716634638,2185873.91088637,9.66236350512189,9.66059330067264,10.6023319859263,0.159940612613217,10.6005617127705,0.159679147109227,14.5903247363939,15.5303317140917,3.21700757102547,16.4660558780821,17.406063093544,14.5971872125502,15.5375337029609,3.22392193833407,14.597526723248,"Harriet M. Hageman","Republican"
NA,NA,"0",0,0,0,0,0,0,0,0,0,0,0,0,0,0,0,0,0,0,0,0,0,0,0,0,0,0,0,0,0,0,0,0,0,0,0,0,NA,NA
