"state","state_code","GEOID","budg_NIA_cuts","budg_NIAID_cuts","budg_NCI_cuts","budg_NIH_cuts","budg_NIA_cuts_econ_loss","budg_NIA_cuts_job_loss","budg_NIAID_cuts_econ_loss","budg_NIAID_cuts_job_loss","budg_NCI_cuts_econ_loss","budg_NCI_cuts_job_loss","budg_NIH_cuts_econ_loss","budg_NIH_cuts_job_loss","budg_NIA_cuts_econ_loss_econ_loss","budg_NIA_cuts_econ_loss_job_loss","budg_NIA_cuts_job_loss_econ_loss","budg_NIA_cuts_job_loss_job_loss","budg_NIAID_cuts_econ_loss_econ_loss","budg_NIAID_cuts_econ_loss_job_loss","budg_NIAID_cuts_job_loss_econ_loss","budg_NIAID_cuts_job_loss_job_loss","budg_NCI_cuts_econ_loss_econ_loss","budg_NCI_cuts_econ_loss_job_loss","budg_NCI_cuts_job_loss_econ_loss","budg_NCI_cuts_job_loss_job_loss","budg_NIH_cuts_econ_loss_econ_loss","budg_NIH_cuts_econ_loss_job_loss","budg_NIH_cuts_job_loss_econ_loss","budg_NIH_cuts_job_loss_job_loss","budg_NIA_cuts_econ_loss_econ_loss_econ_loss","budg_NIA_cuts_econ_loss_econ_loss_job_loss","budg_NIA_cuts_econ_loss_job_loss_econ_loss","budg_NIA_cuts_econ_loss_job_loss_job_loss","budg_NIA_cuts_job_loss_econ_loss_econ_loss","budg_NIA_cuts_job_loss_econ_loss_job_loss","budg_NIA_cuts_job_loss_job_loss_econ_loss","budg_NIA_cuts_job_loss_job_loss_job_loss","budg_NIAID_cuts_econ_loss_econ_loss_econ_loss","budg_NIAID_cuts_econ_loss_econ_loss_job_loss","budg_NIAID_cuts_econ_loss_job_loss_econ_loss","budg_NIAID_cuts_econ_loss_job_loss_job_loss","budg_NIAID_cuts_job_loss_econ_loss_econ_loss","budg_NIAID_cuts_job_loss_econ_loss_job_loss","budg_NIAID_cuts_job_loss_job_loss_econ_loss","budg_NIAID_cuts_job_loss_job_loss_job_loss","budg_NCI_cuts_econ_loss_econ_loss_econ_loss","budg_NCI_cuts_econ_loss_econ_loss_job_loss","budg_NCI_cuts_econ_loss_job_loss_econ_loss","budg_NCI_cuts_econ_loss_job_loss_job_loss","budg_NCI_cuts_job_loss_econ_loss_econ_loss","budg_NCI_cuts_job_loss_econ_loss_job_loss","budg_NCI_cuts_job_loss_job_loss_econ_loss","budg_NCI_cuts_job_loss_job_loss_job_loss","budg_NIH_cuts_econ_loss_econ_loss_econ_loss","budg_NIH_cuts_econ_loss_econ_loss_job_loss","budg_NIH_cuts_econ_loss_job_loss_econ_loss","budg_NIH_cuts_econ_loss_job_loss_job_loss","budg_NIH_cuts_job_loss_econ_loss_econ_loss","budg_NIH_cuts_job_loss_econ_loss_job_loss","budg_NIH_cuts_job_loss_job_loss_econ_loss","budg_NIH_cuts_job_loss_job_loss_job_loss","budg_NIA_cuts_log","budg_NIAID_cuts_log","budg_NCI_cuts_log","budg_NIH_cuts_log","budg_NIA_cuts_econ_loss_log","budg_NIA_cuts_job_loss_log","budg_NIAID_cuts_econ_loss_log","budg_NIAID_cuts_job_loss_log","budg_NCI_cuts_econ_loss_log","budg_NCI_cuts_job_loss_log","budg_NIH_cuts_econ_loss_log","budg_NIH_cuts_job_loss_log","budg_NIA_cuts_econ_loss_econ_loss_log","budg_NIA_cuts_econ_loss_job_loss_log","budg_NIA_cuts_job_loss_econ_loss_log","budg_NIA_cuts_job_loss_job_loss_log","budg_NIAID_cuts_econ_loss_econ_loss_log","budg_NIAID_cuts_econ_loss_job_loss_log","budg_NIAID_cuts_job_loss_econ_loss_log","budg_NIAID_cuts_job_loss_job_loss_log","budg_NCI_cuts_econ_loss_econ_loss_log","budg_NCI_cuts_econ_loss_job_loss_log","budg_NCI_cuts_job_loss_econ_loss_log","budg_NCI_cuts_job_loss_job_loss_log","budg_NIH_cuts_econ_loss_econ_loss_log","budg_NIH_cuts_econ_loss_job_loss_log","budg_NIH_cuts_job_loss_econ_loss_log","budg_NIH_cuts_job_loss_job_loss_log","budg_NIA_cuts_econ_loss_econ_loss_econ_loss_log","budg_NIA_cuts_econ_loss_econ_loss_job_loss_log","budg_NIA_cuts_econ_loss_job_loss_econ_loss_log","budg_NIA_cuts_econ_loss_job_loss_job_loss_log","budg_NIA_cuts_job_loss_econ_loss_econ_loss_log","budg_NIA_cuts_job_loss_econ_loss_job_loss_log","budg_NIA_cuts_job_loss_job_loss_econ_loss_log","budg_NIA_cuts_job_loss_job_loss_job_loss_log","budg_NIAID_cuts_econ_loss_econ_loss_econ_loss_log","budg_NIAID_cuts_econ_loss_econ_loss_job_loss_log","budg_NIAID_cuts_econ_loss_job_loss_econ_loss_log","budg_NIAID_cuts_econ_loss_job_loss_job_loss_log","budg_NIAID_cuts_job_loss_econ_loss_econ_loss_log","budg_NIAID_cuts_job_loss_econ_loss_job_loss_log","budg_NIAID_cuts_job_loss_job_loss_econ_loss_log","budg_NIAID_cuts_job_loss_job_loss_job_loss_log","budg_NCI_cuts_econ_loss_econ_loss_econ_loss_log","budg_NCI_cuts_econ_loss_econ_loss_job_loss_log","budg_NCI_cuts_econ_loss_job_loss_econ_loss_log","budg_NCI_cuts_econ_loss_job_loss_job_loss_log","budg_NCI_cuts_job_loss_econ_loss_econ_loss_log","budg_NCI_cuts_job_loss_econ_loss_job_loss_log","budg_NCI_cuts_job_loss_job_loss_econ_loss_log","budg_NCI_cuts_job_loss_job_loss_job_loss_log","budg_NIH_cuts_econ_loss_econ_loss_econ_loss_log","budg_NIH_cuts_econ_loss_econ_loss_job_loss_log","budg_NIH_cuts_econ_loss_job_loss_econ_loss_log","budg_NIH_cuts_econ_loss_job_loss_job_loss_log","budg_NIH_cuts_job_loss_econ_loss_econ_loss_log","budg_NIH_cuts_job_loss_econ_loss_job_loss_log","budg_NIH_cuts_job_loss_job_loss_econ_loss_log","budg_NIH_cuts_job_loss_job_loss_job_loss_log","rep_name","pol_party"
"Alabama","AL","0101",370519.322106346,703891.801223868,548471.73275642,5360914.84193169,948529.464592245,4.08958809611287,1801963.0111331,7.76916980974707,1404087.63585644,6.05372874101088,13723941.9953452,59.1708237972704,2428235.42935615,10.4693455260489,10.4693455260489,0.0000451386197642556,4613025.30850073,19.8890747129525,19.8890747129525,0.0000857518150200591,3594464.34779248,15.4975455769879,15.4975455769879,0.0000668177218278206,35133291.5080836,151.477308921012,151.477308921012,0.000653094945933899,6216282.69915174,26.8015245466853,26.8015245466853,0.000115554866596494,26.8015245466853,0.000115554866596494,0.000115554866596494,0.000000000498215210514396,11809344.7897619,50.9160312651585,50.9160312651585,0.000219524646451351,50.9160312651585,0.000219524646451351,0.000219524646451351,0.000000000946481279120586,9201828.73034874,39.6737166770889,39.6737166770889,0.00017105336787922,39.6737166770889,0.00017105336787922,0.00017105336787922,0.000000000737497192435233,89941226.2606939,387.781910837792,387.781910837792,0.00167192306159078,387.781910837792,0.00167192306159078,0.00167192306159078,0.00000000720850211357171,12.8226635727035,13.464381352557,13.214892845076,15.4946453844831,13.762669186547,1.62719690314504,14.4043877453267,2.17124213938873,14.1548989925271,1.95355637644034,16.4346525293046,4.09718758030142,14.7026758025971,2.43967786988376,2.43967786988376,0.000045137601047343,15.3443946656455,3.03922628128699,3.03922628128699,0.000085748138543415,15.0949058170181,2.8032116169319,2.8032116169319,0.0000668154896233857,17.3746597433937,5.02701579101597,5.02701579101597,0.000652881772239653,15.6426828101348,3.32509085900177,3.32509085900177,0.000115548190647225,3.32509085900177,0.000115548190647225,0.000115548190647225,0.000000000498215246711689,16.2844017920382,3.94962763005121,3.94962763005121,0.000219500554441959,3.94962763005121,0.000219500554441959,0.000219500554441959,0.000000000946481337301192,16.0349129059781,3.7055821019519,3.7055821019519,0.000171038739919901,3.7055821019519,0.000171038739919901,0.000171038739919901,0.000000000737497174169209,18.3146669845406,5.96301854588097,5.96301854588097,0.00167052695413497,5.96301854588097,0.00167052695413497,0.00167052695413497,0.00000000720850199153818,"Barry Moore","Republican"
"Alabama","AL","0102",637989.011995557,1340473.55660898,1205456.19707551,10368356.2850911,1633251.87070862,7.04177113915526,3431612.30491899,14.7954084259302,3085967.86451331,13.3051612151297,26542992.0898332,114.440203006728,4181124.78901408,18.0269341162374,18.0269341162374,0.0000777231893401094,8784927.50059263,37.8762455703813,37.8762455703813,0.000163303564931076,7900077.73315407,34.061212710732,34.061212710732,0.00014685503744563,67950059.7499731,292.966919697225,292.966919697225,0.00126312789646832,10703679.459876,46.1489513375679,46.1489513375679,0.00019897136471068,46.1489513375679,0.00019897136471068,0.00019897136471068,0.000000000857865733183024,22489414.4015171,96.9631886601759,96.9631886601759,0.000418057126223556,96.9631886601759,0.000418057126223556,0.000418057126223556,0.00000000180245475836005,20224198.9968744,87.1967045394739,87.1967045394739,0.000375948895860814,87.1967045394739,0.000375948895860814,0.000375948895860814,0.00000000162090497623086,173952152.959931,749.995314424895,749.995314424895,0.0032336074149589,749.995314424895,0.0032336074149589,0.0032336074149589,0.0000000139417096520064,13.366077907025,14.1085342559551,14.0023694696068,16.154269157348,14.3060842103678,2.0846493498701,15.04854105985,2.75971929184504,14.9423762225845,2.66062039628336,17.0942763570669,4.74875267301161,15.2460910957541,2.94585556040642,2.94585556040642,0.0000777201690494893,15.9885481407646,3.66038341038178,3.66038341038178,0.000163290232355431,15.8823832836096,3.55709546847652,3.55709546847652,0.000146844255300298,18.0342835926004,5.6834672429714,5.6834672429714,0.00126233082156133,16.1860982085013,3.85331176784736,3.85331176784736,0.000198951572533941,3.85331176784736,0.000198951572533941,0.000198951572533941,0.000000000857865778046213,16.9285553298901,4.58459178218891,4.58459178218891,0.000417969764690392,4.58459178218891,0.000417969764690392,0.000417969764690392,0.00000000180245485041569,16.8223904649658,4.47956959881668,4.47956959881668,0.000375878244781549,4.47956959881668,0.000375878244781549,0.000375878244781549,0.0000000016209049644908,18.9742908421239,6.62139941263002,6.62139941263002,0.00322839054967269,6.62139941263002,0.00322839054967269,0.00322839054967269,0.0000000139417094674054,"Shomari Figures","Democrat"
"Alabama","AL","0103",949618.288014369,1849748.61017616,1499819.77286962,13844149.9093684,2431022.81731679,10.4813633589667,4735356.44205095,20.416505822081,3839538.61854623,16.5541841504337,35441023.7679832,152.804097633281,6223418.41233097,26.8322901989548,26.8322901989548,0.000115687512813599,12122512.4916505,52.2662549045274,52.2662549045274,0.00022534614038357,9829218.86347837,42.3787114251103,42.3787114251103,0.000182715962173338,90729020.8460371,391.1784899412,391.1784899412,0.00168656742424616,15931951.1355673,68.6906629093243,68.6906629093243,0.000296160032802814,68.6906629093243,0.000296160032802814,0.000296160032802814,0.00000000127689501476419,31033631.9786251,133.80161255559,133.80161255559,0.000576886119381938,133.80161255559,0.000576886119381938,0.000576886119381938,0.00000000248724651653421,25162800.2905046,108.489501248282,108.489501248282,0.000467752863163745,108.489501248282,0.000467752863163745,0.000467752863163745,0.00000000201671810157156,232266293.365855,1001.41693424947,1001.41693424947,0.00431761260607018,1001.41693424947,0.00431761260607018,0.00431761260607018,0.0000000186154018156958,13.7638164337966,14.4305608420437,14.22085617418,16.4433733843836,14.7038230505834,2.44072514333195,15.3705677710986,3.06416192482599,15.1608630263728,2.8652923346261,17.3833805988583,5.03567969932574,15.6438300584088,3.32619686460452,3.32619686460452,0.000115680821529406,16.3105749009039,3.97530301443132,3.97530301443132,0.000225320753755897,16.1008701261539,3.76996880060324,3.76996880060324,0.000182699271644867,18.3233878401557,5.97171706764119,5.97171706764119,0.00168514676654022,16.5838372189839,4.24406634766411,4.24406634766411,0.000296116186077231,4.24406634766411,0.000296116186077231,0.000296116186077231,0.00000000127689503333717,17.2505821091274,4.90380416098522,4.90380416098522,0.000576719784552397,4.90380416098522,0.000576719784552397,0.000576719784552397,0.00000000248724640574005,17.040877322649,4.69582866564875,4.69582866564875,0.000467643500894988,4.69582866564875,0.000467643500894988,0.000467643500894988,0.00000000201671812379658,19.2633950919307,6.91016929714374,6.91016929714374,0.00430831845950832,6.91016929714374,0.00430831845950832,0.00430831845950832,0.0000000186154017133681,"Mike Rogers","Republican"
"Alabama","AL","0104",1759029.98097702,3418845.90661833,2313627.46578452,22619568.058558,4503116.75130117,19.4152035851036,8752245.52094292,37.7353371010904,5922886.31240837,25.536545001549,57906094.2299085,249.662327312968,11527978.883331,49.7029211778651,49.7029211778651,0.000214294318077312,22405748.5336138,96.6024629787916,96.6024629787916,0.000416501856189655,15162588.9597654,65.3735552039654,65.3735552039654,0.000281858311357407,148239601.228566,639.135557921198,639.135557921198,0.00275563518799135,29511625.9413274,127.239478215335,127.239478215335,0.000548593454277919,127.239478215335,0.000548593454277919,0.000548593454277919,0.00000000236526259222202,57358716.2460514,247.302305225707,247.302305225707,0.00106624475184552,247.302305225707,0.00106624475184552,0.00106624475184552,0.00000000459711796782691,38816227.7369994,167.356301322152,167.356301322152,0.000721557277074959,167.356301322152,0.000721557277074959,0.000721557277074959,0.00000000311099671770122,379493379.145128,1636.18702827827,1636.18702827827,0.00705442608125786,1636.18702827827,0.00705442608125786,0.00705442608125786,0.0000000304151826630101,14.3802736363997,15.0448138903795,14.6543276145468,16.934325977125,15.3202805484646,3.01627989705116,15.984820970631,3.65675228679778,15.5943346096532,3.27852283962909,17.8743332086763,5.52410672388043,16.2602876716332,3.92598352585776,3.92598352585776,0.000214271360329773,16.9248281594975,4.58090272853908,4.58090272853908,0.000416415143368115,16.5343417652599,4.1952987121533,4.1952987121533,0.000281818596765873,18.8143404566442,6.46167996317718,6.46167996317718,0.00275184538595819,17.2002948772641,4.85389943947935,4.85389943947935,0.000548443031900203,4.85389943947935,0.000548443031900203,0.000548443031900203,0.00000000236526264960677,17.8648353907917,5.51464697650528,5.51464697650528,0.00106567671665056,5.51464697650528,0.00106567671665056,0.00106567671665056,0.00000000459711800902243,17.474348983562,5.12608257479761,5.12608257479761,0.000721297079780164,5.12608257479761,0.000721297079780164,0.000721297079780164,0.00000000311099678867031,19.754347711025,7.40073482147317,7.40073482147317,0.00702966002292713,7.40073482147317,0.00702966002292713,0.00702966002292713,0.0000000304151821321813,"Robert B. Aderholt","Republican"
"Alabama","AL","0105",487594.876248817,830632.496453697,1796192.35078361,8209348.36806339,1248242.88319697,5.38180354616015,2126419.19092147,9.16806376096784,4598252.41800604,19.8253813440404,21015931.8222423,90.6102633784901,3195501.78098425,13.77741707817,13.77741707817,0.0000594013818034501,5443633.12875895,23.4702432280776,23.4702432280776,0.000101192035568111,11771526.1900955,50.7529762407434,50.7529762407434,0.000218821634144669,53800785.4649403,231.962274248935,231.962274248935,0.00100010615476612,8180484.55931966,35.2701877201152,35.2701877201152,0.000152067537416833,35.2701877201152,0.000152067537416833,0.000152067537416833,0.000000000655639718153,13935700.8096229,60.0838226638787,60.0838226638787,0.000259051611054365,60.0838226638787,0.000259051611054365,0.000259051611054365,0.00000000111690192492039,30135107.0466444,129.927619176303,129.927619176303,0.000560183383410353,129.927619176303,0.000560183383410353,0.000560183383410353,0.00000000241523261211504,137730010.790247,593.823422077273,593.823422077273,0.00256027175620125,593.823422077273,0.00256027175620125,0.00256027175620125,0.0000000110386206099309,13.0972422193115,13.629943937386,14.4011801783881,15.9207842295749,14.037248228048,1.85345074489404,14.5699504622504,2.31925180461571,15.3411870976203,3.03617249972392,16.860791413837,4.51754331102015,14.9772549983535,2.69310014234351,2.69310014234351,0.0000593996176111644,15.5099574341686,3.19745781725306,3.19745781725306,0.00010118691599936,16.2811942235887,3.94648194239016,3.94648194239016,0.00021879769618302,17.8007986433326,5.45087652736166,5.45087652736166,0.000999606381795393,15.9172620661473,3.59099612891183,3.59099612891183,0.000152055976320984,3.59099612891183,0.000152055976320984,0.000152055976320984,0.0000000006556397644868,16.4499645807174,4.11224706293497,4.11224706293497,0.000259018062979397,4.11224706293497,0.000259018062979397,0.000259018062979397,0.00000000111690190367296,17.2212014303133,4.87464464513103,4.87464464513103,0.000560026539270414,4.87464464513103,0.000560026539270414,0.000560026539270414,0.00000000241523267760268,18.7408058904976,6.38826459188278,6.38826459188278,0.0025569998439349,6.38826459188278,0.0025569998439349,0.0025569998439349,0.0000000110386206232639,"Dale W. Strong","Republican"
"Alabama","AL","0106",3269829.10144674,6441099.54375388,4240806.98402784,41853725.5804241,8370762.49970366,36.0905717239814,16489214.8320099,71.093307280891,10856465.8791113,46.8076905171892,107145537.485886,461.958358712935,21429151.9992414,92.3918636133923,92.3918636133923,0.000398347842334493,42212389.9699453,181.998866639081,181.998866639081,0.000784688748528417,27792552.6505249,119.827687724004,119.827687724004,0.000516637493713997,274292575.963867,1182.61339830511,1182.61339830511,0.00509884179306044,54858629.1180579,236.523170850284,236.523170850284,0.0010197704763763,236.523170850284,0.0010197704763763,0.0010197704763763,0.00000000439674396698754,108063718.32306,465.917098596047,465.917098596047,0.00200880319623275,465.917098596047,0.00200880319623275,0.00200880319623275,0.0000000086609619894923,71148934.7853436,306.758880573451,306.758880573451,0.00132259198390783,306.758880573451,0.00132259198390783,0.00132259198390783,0.00000000570235995328721,702188994.467501,3027.4902996611,3027.4902996611,0.0130530349902347,3027.49029966109,0.0130530349902347,0.0130530349902347,0.0000000562782059038686,15.0002485847795,15.6782099753674,15.2602643713242,17.5496913970626,15.9402556569081,3.61336280588745,16.6182171392516,4.2779612144746,16.2002714861225,3.86718651603703,18.4896986409944,6.13763711205655,16.8802628426015,4.53680422809323,4.53680422809323,0.000398268522896429,17.5582243607871,5.20947995959318,5.20947995959318,0.000784381041271388,17.1402786884838,4.794365462251,4.794365462251,0.00051650408251222,19.4297058937986,7.07632724042237,7.07632724042237,0.00508588671783688,17.8202700726563,5.47026518019077,5.47026518019077,0.00101925086369123,5.47026518019077,0.00101925086369123,0.00101925086369123,0.00000000439674384821612,18.4982316048427,6.14615172284424,6.14615172284424,0.00200678824906236,6.14615172284424,0.00200678824906236,0.00200678824906236,0.0000000086609619101202,18.0802859250495,5.72931662110135,5.72931662110135,0.00132171812954698,5.72931662110135,0.00132171812954698,0.00132171812954698,0.00000000570235990133359,20.3697131500684,8.01581952339824,8.01581952339824,0.0129685782793558,8.01581952339824,0.0129685782793558,0.0129685782793558,0.0000000562782042896654,"Gary J. Palmer","Republican"
"Alabama","AL","0107",6148277.35938511,11998653.7384095,7467247.9233992,76202968.4634342,15739590.0400259,67.8612973747286,30716553.5703282,132.434527891897,19116154.683902,82.419367618005,195079599.266392,841.086372891178,40293350.5024662,173.724921279305,173.724921279305,0.000749015604241041,78634377.1400402,339.032391403255,339.032391403255,0.00146173933845636,48937355.990789,210.993581102093,210.993581102093,0.000909699561101433,499403774.121962,2153.18111460142,2153.18111460142,0.00928344788828921,103150977.286314,444.735798475021,444.735798475021,0.00191747994685707,444.735798475021,0.00191747994685707,0.00191747994685707,0.00000000826722148117221,201304005.478503,867.922921992334,867.922921992334,0.00374205270644827,867.922921992334,0.00374205270644827,0.00374205270644827,0.0000000161338733002843,125279631.33642,540.143567621358,540.143567621358,0.00232883087641968,540.143567621358,0.00232883087641968,0.00232883087641968,0.0000000100407624492299,1278473661.75222,5512.14365337962,5512.14365337962,0.0237656265940204,5512.14365337962,0.0237656265940204,0.0237656265940204,0.000000102465581980998,15.6316826590283,16.3003050963355,15.8260372059292,18.148910989234,16.5716898184067,4.23209429849282,17.24031230404,4.89361092976521,16.7660443828143,4.42388050804005,19.0889182397287,6.73588258961215,17.5116970381821,5.16321285882256,5.16321285882256,0.000748735232046787,18.1803195426928,5.82904088190552,5.82904088190552,0.00146067203746024,17.7060516094283,5.35655599639331,5.35655599639331,0.000909286035226341,20.0289254950965,7.67516593709773,7.67516593709773,0.0092406215327291,18.4517042815501,6.0997263963928,6.0997263963928,0.00191564392882765,6.0997263963928,0.00191564392882765,0.00191564392882765,0.00000000826722153981415,19.1203267934348,6.76725442396945,6.76725442396945,0.00373506864494776,6.76725442396945,0.00373506864494776,0.00373506864494776,0.0000000161338732182719,18.6460588554676,6.29368461817205,6.29368461817205,0.0023261233525563,6.29368461817205,0.0023261233525563,0.0023261233525563,0.0000000100407623932998,20.9689327523677,8.61489027545673,8.61489027545673,0.0234876201409506,8.61489027545673,0.0234876201409506,0.0234876201409506,0.000000102465576769609,"Terri A. Sewell","Democrat"
"Alaska","AK","0200",239575.614634637,540522.940345484,1242639.30156594,8720797.53794489,613313.573464672,2.6443036119113,1383738.72728444,5.96599435070314,3181156.61200881,13.7155678320805,22325241.6971389,96.2553574724329,1570082.74806956,6.76941724649293,6.76941724649293,0.000029186366077494,3542371.14184817,15.2729455378001,15.2729455378001,0.0000658493579752081,8143760.92674255,35.1118536501261,35.1118536501261,0.00015138487952163,57152618.7446756,246.413715129428,246.413715129428,0.00106241359254502,4019411.83505807,17.3297081510219,17.3297081510219,0.0000747170971583845,17.3297081510219,0.0000747170971583845,0.0000747170971583845,0.000000000322143025094527,9068470.1231313,39.0987405767681,39.0987405767681,0.000168574356416533,39.0987405767681,0.000168574356416533,0.000168574356416533,0.000000000726808925864311,20848027.9724609,89.8863453443228,89.8863453443229,0.000387545291575372,89.8863453443228,0.000387545291575372,0.000387545291575372,0.00000000167090287681527,146310703.986369,630.819110731336,630.819110731336,0.00271977879691527,630.819110731336,0.00271977879691527,0.00271977879691527,0.0000000117263357725069,12.3866285387682,13.2002942080416,14.0327489493434,15.9812213671448,13.3266332537069,1.2931652942341,14.1403003391541,1.94104036096202,14.9727557174475,2.68890596959742,16.9212285557602,4.577340070672,14.2666395186213,2.05019516111552,2.05019516111552,0.0000291859401638208,15.0803071572628,2.78950394588987,2.78950394588987,0.000065847190001467,15.9127627843813,3.58662116740099,3.58662116740099,0.000151373421987042,17.8612357869563,5.51106189548498,5.51106189548498,0.00106184963062938,15.2066463889964,2.90852313979479,2.90852313979479,0.0000747143059751779,2.90852313979479,0.0000747143059751779,0.0000747143059751779,0.000000000322142978907162,16.0203142437297,3.69134492675617,3.69134492675617,0.000168560149356383,3.69134492675617,0.000168560149356383,0.000168560149356383,0.000000000726808835074363,16.8527699680456,4.50960977366577,4.50960977366577,0.000387470215295199,4.50960977366577,0.000387470215295199,0.000387470215295199,0.00000000167090297014409,18.8012430347856,6.44860313598164,6.44860313598164,0.00271608689115956,6.44860313598164,0.00271608689115956,0.00271608689115956,0.0000000117263356114976,"Nicholas J. Begich III","Republican"
"Arizona","AZ","0401",2422422.33905656,1436731.23299057,1815733.17904777,12548707.1142142,6201401.18798479,26.7373628593658,3678031.95645587,15.8578476133166,4648276.93836229,20.0410622380973,32124690.2123883,138.505713937282,15875587.0412411,68.4476489199764,68.4476489199764,0.000295112277139837,9415761.80852702,40.5960898900905,40.5960898900905,0.000175030183205338,11899588.9622074,51.3051193295293,51.3051193295293,0.000221202200998457,82239206.9437142,354.574627679442,354.574627679442,0.0015287497443897,40641502.8255772,175.22598123514,175.22598123514,0.000755487429477984,175.22598123514,0.000755487429477984,0.000755487429477984,0.00000000325728668817288,24104350.2298291,103.925990118632,103.925990118632,0.000448077269005666,103.925990118632,0.000448077269005666,0.000448077269005666,0.00000000193188670870869,30462947.743251,131.341105483595,131.341105483595,0.000566277634556052,131.341105483595,0.000566277634556052,0.000566277634556052,0.00000000244150799719323,210532369.775908,907.711046859371,907.711046859371,0.00391359934563764,907.711046859372,0.00391359934563764,0.00391359934563764,0.0000000168734972336943,14.700278976862,14.1778818101829,14.4120004502529,16.345128279137,15.6402859837975,3.32278034401452,15.1178886445347,2.82481628210607,15.3520073731362,3.04647587319669,17.2851354890677,4.93810556054646,16.5802931440249,4.24057321578322,4.24057321578322,0.00029506874007702,16.0578957373466,3.72800616982293,3.72800616982293,0.000175014867209937,16.2920145005307,3.95709425021037,3.95709425021037,0.000221177739398793,18.2251427285901,5.87373515036144,5.87373515036144,0.00152758239607003,17.520300364132,5.17176715572581,5.17176715572581,0.000755202192502828,5.17176715572581,0.000755202192502828,0.000755202192502828,0.00000000325728665731186,16.9979029311194,4.6532552456167,4.6532552456167,0.000447976912363377,4.6532552456167,0.000447976912363377,0.000447976912363377,0.00000000193188664878627,17.2320217078125,4.88538272190851,4.88538272190851,0.000566117359880168,4.88538272190851,0.000566117359880168,0.000566117359880168,0.00000000244150810381807,19.1651499796718,6.81202716340013,6.81202716340013,0.00390596113782276,6.81202716340013,0.00390596113782276,0.00390596113782276,0.0000000168734971237325,"David Schweikert","Republican"
"Arizona","AZ","0402",1207945.68648059,1382417.74681054,1526625.44284153,9841054.77561453,3092340.95739031,13.3326388273053,3538989.43183497,15.258365283279,3908161.13367431,16.8500503638399,25193100.2255732,108.620139524051,7916392.85091919,34.1315553979015,34.1315553979015,0.000147158320186795,9059812.94549753,39.0614151251943,39.0614151251943,0.000168413427601839,10004892.5022062,43.1361289314302,43.1361289314302,0.000185981570394549,64494336.5774674,278.067557181569,278.067557181569,0.00119888924299656,20265965.6983531,87.3767818186279,87.3767818186279,0.000376725299678196,87.3767818186279,0.000376725299678196,0.000376725299678196,0.00000000162425244399846,23193121.1404737,99.9972227204973,99.9972227204973,0.000431138374660709,99.9972227204973,0.000431138374660709,0.000431138374660709,0.00000000185885460663875,25612524.8056479,110.428490064461,110.428490064461,0.000476112820210045,110.428490064461,0.000476112820210045,0.000476112820210045,0.00000000205276208554549,165105501.638317,711.852946384817,711.852946384817,0.0030691564620712,711.852946384817,0.0030691564620712,0.0030691564620712,0.0000000132326787948437,14.0044325227949,14.1393452380008,14.2385709195914,16.1020735575426,14.9444392768144,2.66253937194259,15.0793520556887,2.78860756298187,15.1785777789184,2.8820063297253,17.0420807541123,4.69702111241456,15.8844463382465,3.55909974078584,3.55909974078584,0.000147147493463406,16.0193591419912,3.6904136547559,3.6904136547559,0.000168399247652619,16.1185848814862,3.78727869719638,3.78727869719638,0.000185964277966374,17.9820879884156,5.63145389294583,5.63145389294583,0.00119817114917412,16.8244535197616,4.48160928603474,4.48160928603474,0.000376654356519369,4.48160928603474,0.000376654356519369,0.000376654356519369,0.00000000162425250894922,16.9593663332214,4.61509301864633,4.61509301864633,0.000431045461216378,4.61509301864633,0.000431045461216378,0.000431045461216378,0.00000000185885462405261,17.0585920790699,4.71338304043732,4.71338304043732,0.000475999514463985,4.71338304043732,0.000475999514463985,0.000475999514463985,0.00000000205276218035151,18.9220952374586,6.569275152838,6.569275152838,0.00306445621611475,6.569275152838,0.00306445621611475,0.00306445621611475,0.000000013232678642994,"Elijah Crane","Republican"
"Arizona","AZ","0403",3264169.25338032,1029432.05088998,1170444.98759472,11364633.7422027,8356273.28865362,36.0281014399847,2635346.05027836,11.3623036907867,2996339.16824249,12.9187267784337,29093462.3800388,125.436564561821,21392059.6189533,92.2319396863608,92.2319396863608,0.000397658329765104,6746485.88871261,29.0874974484141,29.0874974484141,0.000125410846738308,7670628.27070077,33.0719405527903,33.0719405527903,0.000142589787084985,74479263.6928996,321.117605278261,321.117605278261,0.00138449967557179,54763672.6245203,236.113765597084,236.113765597084,0.00101800532419867,236.113765597084,0.00101800532419867,0.00101800532419867,0.00000000438913350721485,17271003.8751043,74.4639934679401,74.4639934679401,0.000321051767650069,74.4639934679401,0.000321051767650069,0.000321051767650069,0.00000000138421581640812,19636808.3729939,84.6641678151431,84.6641678151431,0.000365029854937562,84.6641678151431,0.000365029854937562,0.000365029854937562,0.00000000157382749319252,190666915.053822,822.061069512348,822.061069512348,0.00354431916946377,822.061069512348,0.00354431916946377,0.00354431916946377,0.0000000152813444656616,14.9985161546679,13.8445187726312,13.9728954201194,16.2460168759228,15.9385232264733,3.61167712274925,14.7845254391704,2.51465181741217,14.9129021579759,2.63323518365636,17.186024080794,4.83974071647703,16.8785304120406,4.53509036348058,4.53509036348058,0.000397579284646117,15.7245324664304,3.40410971830367,3.40410971830367,0.000125402983455519,15.8529092130942,3.52847418786682,3.52847418786682,0.000142579622127612,18.12603131834,5.7749167126462,5.7749167126462,0.00138354213959963,17.818537642046,5.46854004957704,5.46854004957704,0.00101748750817507,5.46854004957704,0.00101748750817507,0.00101748750817507,0.00000000438913349146036,16.6645396345971,4.32365563478893,4.32365563478893,0.000321000241559271,4.32365563478893,0.000321000241559271,0.000321000241559271,0.00000000138421585209279,16.7929163921431,4.45043462632863,4.45043462632863,0.000364963247748666,4.45043462632863,0.000364963247748666,0.000364963247748666,0.00000000157382751151901,19.0660385686497,6.71303040146282,6.71303040146282,0.00353805287241572,6.71303040146282,0.00353805287241572,0.00353805287241572,0.0000000152813442953283,"Yassamin Ansari","Democrat"
"Arizona","AZ","0404",3141501.62865892,1279500.27553395,1638484.85722732,15654689.0579052,8042244.16936683,34.6741637964976,3275520.70536691,14.1224189498407,4194521.23450194,18.0846929377,40076003.9882374,172.787831024862,20588145.0735791,88.7658593190337,88.7658593190337,0.00038271431216784,8385333.00573931,36.1533925115921,36.1533925115921,0.000155875477956884,10737974.360325,46.2968139205121,46.2968139205121,0.000199608874752953,102594570.209888,442.336847423646,442.336847423646,0.00190713686102886,52705651.3883625,227.240599856727,227.240599856727,0.000979748639149669,227.240599856727,0.000979748639149669,0.000979748639149669,0.00000000422418967614433,21466452.4946926,92.5526848296759,92.5526848296759,0.000399041223569623,92.5526848296759,0.000399041223569623,0.000399041223569623,0.00000000172046762771905,27489214.3624319,118.519843636511,118.519843636511,0.000510998719367559,118.519843636511,0.000510998719367559,0.000510998719367559,0.00000000220317276148385,262642099.737312,1132.38232940453,1132.38232940453,0.00488227036423387,1132.38232940453,0.00488227036423387,0.00488227036423387,0.0000000210499257101715,14.9602117875776,14.0619809314818,14.3092831155472,16.5662811142653,15.9002188520934,3.5744267236067,15.0019877137134,2.71617834141047,15.2492900021251,2.94888659687206,17.5062883338307,5.15783519326181,16.8402260348131,4.49720471726236,4.49720471726236,0.000382641095725431,15.9419947861658,3.61505508628357,3.61505508628357,0.000155863330636906,16.1892971153378,3.8564429342548,3.8564429342548,0.000199588955552114,18.4462955771167,6.09432985903578,6.09432985903578,0.00190532058441757,17.7802332637062,5.43040033508584,5.43040033508584,0.000979268998710813,5.43040033508584,0.000979268998710813,0.000979268998710813,0.0000000042241896558036,16.8820019719857,4.53852475171689,4.53852475171689,0.000398961627794613,4.53852475171689,0.000398961627794613,0.000398961627794613,0.0000000017204675447268,17.1293043170797,4.78348241312153,4.78348241312153,0.000510868203982301,4.78348241312153,0.000510868203982301,0.000510868203982301,0.000000002203172752917,19.3863028296685,7.0329616528292,7.0329616528292,0.0048703907329695,7.0329616528292,0.0048703907329695,0.0048703907329695,0.0000000210499255808802,"Greg Stanton","Democrat"
"Arizona","AZ","0405",2408710.61194729,992935.649930456,1276870.99825601,12124722.2608935,6166299.16658507,26.5860203716261,2541915.26382197,10.9594765289897,3268789.75553539,14.0933984361571,31039288.9878873,133.826002770762,15785725.8664578,68.0602121513628,68.0602121513628,0.000293441842160151,6507303.07538424,28.0562599142137,28.0562599142137,0.000120964662511502,8368101.77417061,36.079099996562,36.079099996562,0.000155555165519117,79460579.8089915,342.59456709315,342.59456709315,0.00147709767137216,40411458.2181319,174.234143107489,174.234143107489,0.000751211115929984,174.234143107489,0.000751211115929984,0.000751211115929984,0.00000000323884934739016,16658695.8729836,71.8240253803872,71.8240253803872,0.000309669536029446,71.8240253803872,0.000309669536029446,0.000309669536029446,0.00000000133514128506196,21422340.5418768,92.3624959911987,92.3624959911987,0.000398221223728939,92.3624959911987,0.000398221223728939,0.000398221223728939,0.00000000171693219554487,203419084.311018,877.042091758465,877.042091758465,0.00378137003871273,877.042091758465,0.00378137003871273,0.00378137003871273,0.000000016303390115525,14.6946025616651,13.8084221443462,14.0599238936994,16.3107571706835,15.6346095671686,3.31730913613004,14.7484287891276,2.4815239790855,14.9999306749503,2.71425745856714,17.2507643789161,4.9039850787685,16.5746167268366,4.23497876394327,4.23497876394327,0.000293398796523426,15.6884358078885,3.36923394766431,3.36923394766431,0.000120957346876708,15.9399377470196,3.61305346846571,3.61305346846571,0.000155543068068788,18.1907716177752,5.83946237826551,5.83946237826551,0.00147600783567052,17.5146239467252,5.16612304026601,5.16612304026601,0.000750929098087456,5.16612304026601,0.000750929098087456,0.000750929098087456,0.0000000032388494056464,16.6284429727352,4.28804591971972,4.28804591971972,0.000309621598314939,4.28804591971972,0.000309621598314939,0.000309621598314939,0.00000000133514132993583,16.8799449326899,4.53648972274516,4.53648972274516,0.000398141954701206,4.53648972274516,0.000398141954701206,0.000398141954701206,0.00000000171693215053326,19.1307788685978,6.7776945329854,6.7776945329854,0.00377423863103524,6.7776945329854,0.00377423863103524,0.00377423863103524,0.0000000163033900605281,"Andy Biggs","Republican"
"Arizona","AZ","0406",6746664.1131589,2373611.56396343,3852859.63538098,31009877.3334386,17271460.1296868,74.4659606111645,6076445.6037464,26.1986164219382,9863320.66657529,42.5257414681477,79385285.973603,342.269937459164,44214937.9319981,190.632859164581,190.632859164581,0.000821914237427059,15555700.7455908,67.0684580401617,67.0684580401617,0.000289165890849368,25250100.9064327,108.865898158458,108.865898158458,0.000469375699755259,203226332.092424,876.21103989546,876.21103989546,0.00377778695570576,113190241.105915,488.020119461327,488.020119461327,0.00210410044781327,488.020119461328,0.00210410044781327,0.00210410044781327,0.0000000090718364221843,39822593.9087124,171.695252582814,171.695252582814,0.000740264680574382,171.695252582814,0.000740264680574382,0.000740264680574382,0.00000000319165375316116,64640258.3204679,278.696699285652,278.696699285652,0.00120160179137346,278.696699285652,0.00120160179137346,0.00120160179137346,0.00000000518071031602721,520259410.156604,2243.10026213238,2243.10026213238,0.00967113460660674,2243.10026213238,0.00967113460660674,0.00967113460660674,0.000000041697130600035,15.7245588834524,14.6799236411548,15.1643264525365,17.2498163676068,16.6645660516215,4.32368170175802,15.6199306429173,3.30316610516768,16.1043335528663,3.77335252096344,18.1898236064473,5.83851712732881,17.6045732748307,5.25558134960383,5.25558134960383,0.000821576650885674,16.559937801124,4.22051393464212,4.22051393464212,0.00028912409045102,17.0443407495758,4.6992605144258,4.6992605144258,0.00046926557743941,19.1298308572626,6.77674760184468,6.77674760184468,0.00377066903957939,18.5445805195401,6.19240363272117,6.19240363272117,0.00210188992869247,6.19240363272117,0.00210188992869247,0.00210188992869247,0.00000000907183635205497,17.4999450204418,5.1515284953875,5.1515284953875,0.000739990819820285,5.1515284953875,0.000739990819820285,0.000739990819820285,0.00000000319165382502133,17.9843479839337,5.63370579922892,5.63370579922892,0.00120088044572988,5.63370579922892,0.00120088044572988,0.00120088044572988,0.00000000518071029177719,20.0698381127555,7.7160599457391,7.7160599457391,0.00962466853056046,7.7160599457391,0.00962466853056046,0.00962466853056046,0.0000000416971297678496,"Juan Ciscomani","Republican"
"Arizona","AZ","0407",9490730.02361054,3335971.23597206,4696808.74535303,41564481.8270943,24296268.860443,104.753447964148,8540086.36408847,36.820612156066,12023830.3881038,51.8407866707732,106405073.477362,458.765845556623,62198448.282734,268.16882678822,268.16882678822,0.00115621083236788,21862621.0920665,94.260767119529,94.260767119529,0.00040640562632201,30781005.7935456,132.712413877179,132.712413877179,0.000572190035479636,272396988.102046,1174.44056462495,1174.44056462495,0.00506360459213252,159228027.603799,686.512196577843,686.512196577843,0.00295989973086177,686.512196577843,0.00295989973086177,0.00295989973086177,0.0000000127616180170255,55968309.9956902,241.307563825994,241.307563825994,0.00104039840338435,241.307563825994,0.00104039840338435,0.00104039840338435,0.00000000448568134625583,78799374.8314769,339.74377952558,339.74377952558,0.00146480649082787,339.74377952558,0.00146480649082787,0.00146480649082787,0.00000000631551829607497,697336289.541237,3006.56784543989,3006.56784543989,0.0129628277558592,3006.56784543989,0.0129628277558592,0.0129628277558592,0.0000000558892770981159,16.0658261985583,15.0202747198758,15.362394058622,17.5427565823605,17.0058333928424,4.66111042225678,15.9602817956994,3.6328542491402,16.3024011873712,3.96728336733235,18.482763826191,6.13071732848403,17.9458406262529,5.59533879161589,5.59533879161589,0.00115554293539374,16.9002889828362,4.55661804824318,4.55661804824318,0.000406323065923356,17.242408395182,4.89569132854252,4.89569132854252,0.000572026397179735,19.4227710789555,7.06939830491957,7.06939830491957,0.00505082765980426,18.8858478749471,6.53307956986023,6.53307956986023,0.00295552785241007,6.53307956986023,0.00295552785241007,0.00295552785241007,0.0000000127616179031508,17.8402962134547,5.49020784411607,5.49020784411607,0.00103985756405863,5.49020784411607,0.00103985756405863,0.00103985756405863,0.0000000044856813718332,18.1824156338764,5.83113081516593,5.83113081516593,0.00146373470830836,5.83113081516593,0.00146373470830836,0.00146373470830836,0.00000000631551831058124,20.3627783352099,8.00888700634414,8.00888700634414,0.012879529386804,8.00888700634414,0.012879529386804,0.012879529386804,0.000000055889275644428,"Raúl M. Grijalva","Democrat"
"Arizona","AZ","0408",2311736.12614413,1014283.67832295,1250840.62259685,9677091.7361314,5918044.48292896,25.515669436855,2596566.21650676,11.1951043021734,3202151.99384795,13.8060894941352,24773354.8444964,106.810405849,15150193.8762982,65.3201137583486,65.3201137583486,0.000281627898378166,6647209.51425729,28.6594670135639,28.6594670135639,0.000123565392025006,8197509.10425075,35.3435891049861,35.3435891049861,0.000152384007743809,63419788.4019108,273.43463897344,273.43463897344,0.00117891439997745,38784496.3233233,167.219491221373,167.219491221373,0.000720967419848105,167.219491221373,0.000720967419848105,0.000720967419848104,0.00000000310845354620956,17016856.3564987,73.3682355547235,73.3682355547235,0.000316327403584016,73.3682355547235,0.000316327403584016,0.000316327403584017,0.00000000136384670425351,20985623.3068819,90.4795881087641,90.4795881087641,0.00039010305982415,90.4795881087641,0.00039010305982415,0.00039010305982415,0.00000000168193070354421,162354658.308892,699.992675772008,699.992675772008,0.00301802086394228,699.992675772008,0.00301802086394228,0.00301802086394228,0.0000000130122074850931,14.6535098025454,13.829694171584,14.0393271807925,16.085272076966,15.5935167974364,3.27773585774747,14.7697008292824,2.50103458449505,14.9793339521119,2.69503854845321,17.0252792724866,4.68037418302776,16.5335239529589,4.19449322612033,4.19449322612033,0.000281588248685715,15.709707853089,3.38978136667523,3.38978136667523,0.000123557758450842,15.9193410203017,3.59301782267522,3.59301782267522,0.00015237239848021,17.9652865063801,5.61471312321067,5.61471312321067,0.00117822002608085,17.4735311712281,5.12526962204614,5.12526962204614,0.000720707647688498,5.12526962204614,0.000720707647688498,0.000720707647688498,0.0000000031084534897734,16.6497150199067,4.30902890920482,4.30902890920482,0.000316277382619265,4.30902890920482,0.000316277382619265,0.000316277382619265,0.00000000136384681233259,16.8593482044565,4.51611586661672,4.51611586661672,0.00039002698940837,4.51611586661672,0.00039002698940837,0.00039002698940837,0.0000000016819305933846,18.905293755263,6.55249743872324,6.55249743872324,0.00301347578144769,6.55249743872324,0.00301347578144769,0.00301347578144769,0.0000000130122074490326,"Abraham J. Hamadeh","Republican"
"Arizona","AZ","0409",2329702.7552492,867400.54087378,1061281.34145044,9478817.98221707,5964039.05343796,25.7139751880846,2220545.38463688,9.57388917358843,2716880.23411313,11.7138386088721,24265774.0344757,104.621969415591,15267939.9768012,65.8277764814965,65.8277764814966,0.000283816687980309,5684596.18467041,24.5091562843864,24.5091562843864,0.000105671312835268,6955213.39932962,29.9874268387125,29.9874268387125,0.000129290895444532,62120381.5282578,267.832241703912,267.832241703912,0.0011547596446025,39085926.3406111,168.519107792631,168.519107792631,0.000726570721229591,168.519107792631,0.000726570721229591,0.000726570721229591,0.00000000313261219966637,14552566.2327562,62.7434400880291,62.7434400880291,0.000270518560858286,62.7434400880291,0.000270518560858286,0.000270518560858286,0.00000000116634171900945,17805346.3022838,76.767812707104,76.767812707104,0.000330984692338003,76.767812707104,0.000330984692338003,0.000330984692338003,0.00000000142704165585722,159028176.71234,685.650538762015,685.650538762015,0.0029561846901824,685.650538762015,0.0029561846901824,0.0029561846901824,0.0000000127456006061743,14.6612516737886,13.67325728681,13.8749884910083,16.0645702865356,15.6012586707124,3.28518684375627,14.6132638427719,2.3583876767283,14.8149951753122,2.54269105446417,17.004577480739,4.65986639334232,16.541265827029,4.20211880970652,4.20211880970652,0.000283776419643236,15.5532708268376,3.23903745769012,3.23903745769012,0.000105665730015457,15.7550022095115,3.43358153636498,3.43358153636498,0.000129282538096967,17.9445847141179,5.5940875482711,5.5940875482711,0.00115409342251896,17.4812730456084,5.13296565080692,5.13296565080692,0.000726306896506951,5.13296565080692,0.000726306896506951,0.000726306896506951,0.00000000313261216475846,16.4932779781315,4.15486627816397,4.15486627816397,0.000270481977309899,4.15486627816397,0.000270481977309899,0.000270481977309899,0.00000000116634168921531,16.6950093803889,4.35372762716158,4.35372762716158,0.000330929928988327,4.35372762716158,0.000330929928988327,0.000330929928988327,0.00000000142704159498449,18.8845919627998,6.5318254855999,6.5318254855999,0.00295182376856711,6.5318254855999,0.00295182376856711,0.00295182376856711,0.0000000127456004937342,"Paul A. Gosar","Republican"
"Arkansas","AR","0501",327846.339448065,954441.682525581,1106942.68499017,10162870.1062668,839286.628987047,3.61858722924081,2443370.70726548,10.5346013295637,2833773.27357482,12.2178233563638,26016947.4720431,112.172159801699,2148573.77020684,9.26358330685647,9.26358330685647,0.0000399399717491705,6255029.01059965,26.9685794036831,26.9685794036831,0.000116275124195313,7254459.58035155,31.2776277922914,31.2776277922914,0.00013485360135754,66603385.5284304,287.160729092349,287.160729092349,0.00123809448541696,5500348.8517295,23.7147732655526,23.7147732655526,0.000102246327677876,23.7147732655526,0.000102246327677876,0.000102246327677876,0.000000000440835398531823,16012874.2671351,69.0395632734286,69.0395632734286,0.000297664317940001,69.0395632734286,0.000297664317940001,0.000297664317940001,0.00000000128338074538179,18571416.5257,80.0707271482659,80.0707271482659,0.000345225219475303,80.0707271482659,0.000345225219475303,0.000345225219475303,0.00000000148843973829645,170504666.952782,735.131466476415,735.131466476415,0.00316952188266743,735.131466476415,0.00316952188266743,0.00316952188266743,0.0000000136654046559303,12.7003033505088,13.7688828706074,13.9171133386625,16.1342515493933,13.6403087502829,1.53008886379234,14.7088894906371,2.44535132922209,14.8571200466516,2.58156617308877,17.0742587479239,4.7289101973738,14.5803152827119,2.32860202894992,2.32860202894992,0.0000399391741697906,15.6488964997293,3.33108171592341,3.33108171592341,0.000116268364766919,15.7971270901029,3.47437435223453,3.47437435223453,0.000134844509427932,18.0142659829931,5.66351841158946,5.66351841158946,0.00123732867846855,15.5203222575851,3.20740117275579,3.20740117275579,0.000102241100878373,3.20740117275579,0.000102241100878373,0.000102241100878373,0.000000000440835368112323,16.5889036607992,4.24906027201027,4.24906027201027,0.000297620024706354,4.24906027201027,0.000297620024706354,0.000297620024706354,0.00000000128338073419413,16.7371342645944,4.39532194834715,4.39532194834715,0.0003451656429604,4.39532194834715,0.0003451656429604,0.0003451656429604,0.00000000148843981473662,18.9542732323353,6.60140872570761,6.60140872570761,0.00316450953655292,6.60140872570761,0.00316450953655292,0.00316450953655292,0.0000000136654044923227,"Eric A. “Rick” Crawford","Republican"
"Arkansas","AR","0502",1317241.33487046,2760616.78442491,3819707.4381693,49856013.6369336,3372137.81726836,14.5389839649115,7067178.96812776,30.4701667792458,9778451.04171341,42.1598257844362,127631394.91055,550.28320447678,8632672.81220702,37.2197989501733,37.2197989501733,0.000160473293037636,18091978.1584071,78.0036269548693,78.0036269548693,0.000336312909779134,25032834.6667863,107.929154008157,107.929154008157,0.000465336924082831,326736370.971008,1408.72500346056,1408.72500346056,0.00607372276761634,22099642.39925,95.2826853124439,95.2826853124439,0.000410811630176348,95.2826853124439,0.000410811630176348,0.000410811630176348,0.00000000177121577687219,46315464.0855221,199.689285004466,199.689285004466,0.000860961049034583,199.689285004466,0.000860961049034583,0.000860961049034583,0.0000000037120365669002,64084056.746973,276.298634260881,276.298634260881,0.00119126252565205,276.298634260881,0.00119126252565205,0.00119126252565205,0.00000000513613253579449,836445109.685781,3606.33600885903,3606.33600885903,0.0155487302850978,3606.33600885903,0.0155487302850978,0.0155487302850978,0.0000000670384048754256,14.0910509690153,14.8309650475826,15.1556846525833,17.7246497017967,15.0310577648925,2.74335196087868,15.7709720853354,3.44904001068877,16.0956917515403,3.7649101038766,18.6646569480655,6.31224865982552,15.9710648426752,3.64335367846792,3.64335367846792,0.000160460418576019,16.7109792576008,4.36949376223428,4.36949376223428,0.000336256369268962,17.0356989477136,4.69069770768355,4.69069770768355,0.000465228688432397,19.6046642017825,7.25114993134411,7.25114993134411,0.00605535206167574,16.9110720305773,4.56728850318281,4.56728850318281,0.000410727270181932,4.56728850318281,0.000410727270181932,0.000410727270181932,0.00000000177121583909382,17.6509864824102,5.30175786625784,5.30175786625784,0.000860590634663665,5.30175786625784,0.000860590634663665,0.000860590634663665,0.00000000371203644910433,17.9757061818621,5.62509502747755,5.62509502747755,0.00119055353545598,5.62509502747755,0.00119055353545598,0.00119055353545598,0.00000000513613261712239,20.5446714584089,8.19072483122503,8.19072483122503,0.0154290873814214,8.19072483122503,0.0154290873814214,0.0154290873814214,0.0000000670384025802838,"J. French Hill","Republican"
"Arkansas","AR","0503",263694.551056075,733713.55580176,606489.943159163,6936431.77380257,675058.050703552,2.91051514095999,1878306.70285251,8.09832590296681,1552614.25448746,6.6941017754642,17757265.3409346,76.560511474487,1728148.60980109,7.45091876085758,7.45091876085758,0.0000321246622345107,4808465.15930242,20.731714311595,20.731714311595,0.0000893848585896685,3974692.4914879,17.1369005451884,17.1369005451884,0.0000738858064931065,45458599.2727925,195.994909374687,195.994909374687,0.000845032735616711,4424060.4410908,19.0743520277954,19.0743520277954,0.0000822391353203475,19.0743520277954,0.0000822391353203475,0.0000822391353203475,0.000000000354574318875047,12309670.8078142,53.0731886376833,53.0731886376833,0.000228825237989552,53.0731886376833,0.000228825237989552,0.000228825237989552,0.000000000986580811988319,10175212.778209,43.8704653956823,43.8704653956823,0.000189147664622353,43.8704653956823,0.000189147664622353,0.000189147664622353,0.000000000815510815976234,116374014.138349,501.746967999199,501.746967999199,0.00216328380317878,501.746967999199,0.00216328380317878,0.00216328380317878,0.00000000932700566533993,12.4825505009669,13.5058753434064,13.3154450742938,15.7522981907963,13.4225554485521,1.36366911492519,14.4458817713634,2.20809042989191,14.2554513280294,2.04045403214282,16.6923053614364,4.35105842491804,14.3625618043443,2.13427516455407,2.13427516455407,0.0000321241462486559,15.3858887054271,3.07877268262436,3.07877268262436,0.0000893808640012323,15.1954581940379,2.89794856708871,2.89794856708871,0.0000738830770712771,17.6323125856109,5.28317788766648,5.28317788766648,0.00084467589646754,15.3025687102187,2.99944298174255,2.99944298174255,0.0000822357538680514,2.99944298174255,0.0000822357538680514,0.0000822357538680514,0.000000000354574369802329,16.325895837189,3.99033847405539,3.99033847405539,0.000228799061487999,3.99033847405539,0.000228799061487999,0.000228799061487999,0.000000000986580816555056,16.1354652992156,3.80377979202419,3.80377979202419,0.000189129778458168,3.80377979202419,0.000189129778458168,0.000189129778458168,0.000000000815510769692201,18.5723198306973,6.22008699780255,6.22008699780255,0.00216094727388287,6.22008699780255,0.00216094727388287,0.00216094727388287,0.00000000932700556879531,"Steve Womack","Republican"
"Arkansas","AR","0504",257993.897662177,571706.397749408,700182.702735599,9084199.03318681,660464.378015173,2.84759447024511,1463568.37823848,6.31018016932593,1792467.71900314,7.72823082459862,23255549.5249582,100.266382918022,1690788.80771884,7.2898418438275,7.2898418438275,0.0000314301785447205,3746735.04829053,16.1540612334744,16.1540612334744,0.0000696482913714173,4588717.36064803,19.7842709109724,19.7842709109724,0.0000852999530621501,59534206.7838931,256.681940270136,256.681940270136,0.00110668508106615,4328419.34776023,18.6619951201984,18.6619951201984,0.0000804612570744844,18.6619951201984,0.0000804612570744844,0.0000804612570744844,0.000000000346908990614796,9591641.72362375,41.3543967576945,41.3543967576945,0.000178299625910828,41.3543967576945,0.000178299625910828,0.000178299625910828,0.000000000768739459221499,11747116.4432589,50.6477335320895,50.6477335320895,0.000218367879839105,50.6477335320895,0.000218367879839105,0.000218367879839105,0.000000000941493875835798,152407569.366766,657.105767091548,657.105767091548,0.00283311380752935,657.105767091548,0.00283311380752935,0.00283311380752935,0.0000000122149800662078,12.460695087205,13.2563825970833,13.4590980120756,16.0220472023512,13.4006999837284,1.34744814009941,14.1963887896881,1.98926792042457,14.3991044002594,2.16656269462912,16.9620543937619,4.61775449949512,14.3407063195745,2.1150308910192,2.1150308910192,0.0000314296846269656,15.1363956318173,2.84223495219427,2.84223495219427,0.0000696458660417165,15.3391113187867,3.03419649443589,3.03419649443589,0.0000852963152279306,17.9020616260499,5.55172603476072,5.55172603476072,0.00110607315656202,15.2807132176575,2.9786875907603,2.9786875907603,0.0000804580202410737,2.9786875907603,0.0000804580202410737,0.0000804580202410737,0.000000000346908945953796,16.0764027276672,3.74607223525333,3.74607223525333,0.000178283732421635,3.74607223525333,0.000178283732421635,0.000178283732421635,0.000000000768739516192446,16.2791184444796,3.94444631332674,3.94444631332674,0.00021834404104397,3.94444631332674,0.00021834404104397,0.00021834404104397,0.000000000941493771390074,18.8420688743057,6.4893656586687,6.4893656586687,0.00282910810456412,6.4893656586687,0.00282910810456412,0.00282910810456412,0.0000000122149800638779,"Bruce Westerman","Republican"
"California","CA","0601",1186682.35157597,830910.777624981,890996.862947761,8034337.26630941,3037906.82003448,13.097945854169,2127131.59071995,9.17113527518464,2280951.96914627,9.83433237346587,20567903.4017521,88.6785872803263,7777041.45928826,33.5307413866725,33.5307413866725,0.000144567908481076,5445456.87224308,23.4781063044727,23.4781063044727,0.000101225937249424,5839237.04101445,25.1758908760727,25.1758908760727,0.000108545941353634,52653832.7084853,227.017183437635,227.017183437635,0.000978785378479233,19909226.135778,85.8386979498817,85.8386979498817,0.000370093845711553,85.8386979498817,0.000370093845711553,0.000370093845711553,0.0000000015956609070834,13940369.5929423,60.1039521394501,60.1039521394501,0.000259138399358524,60.1039521394501,0.000259138399358524,0.000259138399358524,0.00000000111727611299659,14948446.824997,64.4502806427461,64.4502806427461,0.000277877609865302,64.4502806427461,0.000277877609865302,0.000277877609865302,0.00000000119807028447973,134793811.733722,581.163989600347,581.163989600347,0.00250569056890684,581.163989600347,0.00250569056890684,0.00250569056890684,0.0000000108032936304712,13.9866728743781,13.6302789040922,13.7000973079627,15.8992351973602,14.9266796193584,2.64602910266967,14.5702854292023,2.31955383364199,14.6401038825297,2.38272001550482,16.8392423800054,4.49623202574427,15.8666866772595,3.54184998196991,3.54184998196991,0.000144557459548013,15.5102924012166,3.1977790978085,3.1977790978085,0.000101220814250014,15.5801108738631,3.26483879155746,3.26483879155746,0.000108540050669254,17.7792496088694,5.42942099206911,5.42942099206911,0.000978306680407041,16.8066938573953,4.46405235122981,4.46405235122981,0.000370025377876806,4.46405235122981,0.000370025377876806,0.000370025377876806,0.00000000159566093544208,16.4502995478028,4.11257654721908,4.11257654721908,0.000259104828802904,4.11257654721908,0.000259104828802904,0.000259104828802904,0.00000000111727604883184,16.5201180279959,4.181290780242,4.181290780242,0.00027783900903298,4.181290780242,0.00027783900903298,0.00027783900903298,0.00000000119807030890936,18.7192568557876,6.36675217711475,6.36675217711475,0.00250255656043865,6.36675217711475,0.00250255656043865,0.00250255656043865,0.0000000108032935346869,"Doug LaMalfa","Republican"
"California","CA","0602",11526952.2197948,5664128.8714218,5342313.19230216,54120643.444898,29508997.6826747,127.228146468984,14500169.9108398,62.51753316327,13676321.7722935,58.9655090394312,138548847.218939,597.353838196588,75543034.0676473,325.704054960598,325.704054960598,0.00140427416937981,37120434.9717499,160.044884897971,160.044884897971,0.000690034079651771,35011383.7370714,150.951703140944,150.951703140944,0.000650828794779239,354685048.880483,1529.22582578327,1529.22582578327,0.00659326248350128,193390167.213177,833.802380699132,833.802380699132,0.00359494187361232,833.802380699132,0.00359494187361232,0.00359494187361232,0.0000000154996044312263,95028313.5276799,409.714905338807,409.714905338807,0.00176648724390853,409.714905338807,0.00176648724390853,0.00176648724390853,0.00000000761621591557951,89629142.3669029,386.436360040816,386.436360040816,0.00166612171463485,386.436360040816,0.00166612171463485,0.00166612171463485,0.00000000718348958592967,907993725.134036,3914.81811400516,3914.81811400516,0.0168787519577633,3914.81811400516,0.0168787519577633,0.0168787519577633,0.0000000727727979577145,16.2601986092592,15.5496638433693,15.491169486404,17.8067262688992,17.2002058148854,4.85381107162885,16.4896709942758,4.15131598059392,16.4311766308297,4.09376954759006,18.7467335161311,6.39418228163351,18.1402130527264,5.78905473040817,5.78905473040817,0.00140328909850698,17.4296782107419,5.08168311431641,5.08168311431641,0.000689796115598885,17.3711838447642,5.02356272786164,5.02356272786164,0.000650617097566681,19.6867407702243,7.33317060204604,7.33317060204604,0.00657162199727027,19.0802203031513,6.72719502701873,6.72719502701873,0.00358849551497855,6.72719502701873,0.00358849551497855,0.00358849551497855,0.0000000154996043686479,18.3696854528172,6.01789931282601,6.01789931282601,0.00176492884031385,6.01789931282601,0.00176492884031385,0.00176492884031385,0.00000000761621585118731,18.3111910858507,5.95955160315309,5.95955160315309,0.00166473527362346,5.95955160315309,0.00166473527362346,0.00166473527362346,0.00000000718348955515179,20.6267480269977,8.27277955568845,8.27277955568845,0.0167378886785324,8.27277955568845,0.0167378886785324,0.0167378886785324,0.0000000727727953619392,"Jared Huffman","Democrat"
"California","CA","0603",1774131.23676852,1632168.93044581,1763316.02860757,13711204.3900113,4541775.96612741,19.5818829247131,4178352.46194127,18.0149812183901,4514089.03323539,19.4625106169464,35100683.2384289,151.336718252622,11626946.4732862,50.1296202872656,50.1296202872656,0.000216134032776293,10696582.3025696,46.1183519190787,46.1183519190787,0.000198839435211099,11556067.9250826,49.8240271793829,49.8240271793829,0.000214816467025408,89857749.0903781,387.421998726713,387.421998726713,0.0016703712992681,29764982.9716126,128.3318279354,128.3318279354,0.000553303123907309,128.3318279354,0.000553303123907309,0.000553303123907309,0.00000000238556834926169,27383250.6945783,118.062980912841,118.062980912841,0.000509028954140413,118.062980912841,0.000509028954140413,0.000509028954140413,0.00000000219468011183428,29583533.8882115,127.54950957922,127.54950957922,0.000549930155585045,127.54950957922,0.000549930155585045,0.000549930155585045,0.00000000237102578457159,230035837.671368,991.800316740386,991.800316740386,0.00427615052612632,991.800316740386,0.00427615052612632,0.00427615052612632,0.0000000184366379133522,14.3888219806567,14.3054209331333,14.3827072685873,16.4337239681705,15.3288288956704,3.02441121916107,15.2454278182721,2.94522715365373,15.3227141814942,3.01859446154606,17.3737311822184,5.02609332245596,16.2688360199908,3.93436398264668,3.93436398264668,0.000216110679181087,16.1854349309226,3.8526625624812,3.8526625624812,0.000198819669270665,16.2627213049917,3.92836921873866,3.92836921873866,0.000214793397272011,18.3137384233491,5.96209237417139,5.96209237417139,0.00166897778070914,17.2088432260717,4.86238141121268,4.86238141121268,0.000553150108173991,4.86238141121268,0.000553150108173991,0.000553150108173991,0.00000000238556840663432,17.1254421324449,4.77965260447583,4.77965260447583,0.000508899442850568,4.77965260447583,0.000508899442850568,0.000508899442850568,0.00000000219468021293111,17.2027285107511,4.85631411868494,4.85631411868494,0.000549778999411474,4.85631411868494,0.000549778999411474,0.000549778999411474,0.00000000237102581731395,19.253745675059,6.9005295529278,6.9005295529278,0.00426703377495862,6.9005295529278,0.00426703377495862,0.00426703377495862,0.0000000184366378241022,"Kevin Kiley","Republican"
"California","CA","0604",11911553.7363682,6778396.95931404,7781633.58831465,81546811.610887,30493577.5651027,131.473166067379,17352696.2158439,74.8162102800726,19920981.9860855,85.8893833395002,208759837.723871,900.068768732454,78063558.566663,336.57130513249,336.57130513249,0.00145112835641295,44422902.3125604,191.529498316986,191.529498316986,0.000825780100261126,50997713.8843789,219.876821349121,219.876821349121,0.000947999682421093,534425184.573109,2304.17604795508,2304.17604795508,0.00993446307028143,199842709.930657,861.622541139175,861.622541139175,0.00371488859241716,861.622541139175,0.00371488859241716,0.00371488859241716,0.0000000160167551278606,113722629.920155,490.315515691484,490.315515691484,0.00211399705666848,490.315515691484,0.00211399705666848,0.00211399705666848,0.00000000911450568579389,130554147.54401,562.884662653749,562.884662653749,0.002426879186998,562.884662653749,0.002426879186998,0.002426879186998,0.0000000104634980823897,1368128472.50716,5898.690682765,5898.690682765,0.0254322254599205,5898.690682765,0.0254322254599205,0.0254322254599205,0.000000109651128806273,16.293019473229,15.7292513428092,15.8672769754122,18.2166878011772,17.2330266805621,4.88638010467009,16.6692585114011,4.32831212572204,16.8072841555943,4.46463585380096,19.1566950521959,6.80358157959303,18.1730339190699,5.82177676246391,5.82177676246391,0.00145007648713479,17.6092657347755,5.26024937999841,5.26024937999841,0.000825439331461296,17.7472913834961,5.39760517666866,5.39760517666866,0.000947550614510576,20.0967023077684,7.74291232906739,7.74291232906739,0.00988544069862115,19.1130411697552,6.75997721549668,6.75997721549668,0.00370800543529793,6.75997721549668,0.00370800543529793,0.00370800543529793,0.0000000160167549051085,18.5492729795494,6.1970865195664,6.1970865195664,0.00211176570904541,6.1970865195664,0.00211176570904541,0.00211176570904541,0.00000000911450555317239,18.6872986300385,6.33484973174445,6.33484973174445,0.00242393907161287,6.33484973174445,0.00242393907161287,0.00242393907161287,0.0000000104634980132495,21.0367095651196,8.68265520186949,8.68265520186949,0.0251142070824552,8.68265520186949,0.0251142070824552,0.0251142070824552,0.00000010965112283174,"Mike Thompson","Democrat"
"California","CA","0605",1774830.67986178,1607441.09769348,1637854.67767833,13777515.345672,4543566.54044615,19.5896029921359,4115049.21009531,17.7420490271842,4192907.97485651,18.0777373631099,35270439.2849203,152.068622039367,11631530.3435422,50.1493836598679,50.1493836598679,0.000216219242626224,10534525.977844,45.4196455095917,45.4196455095917,0.000195826960088732,10733844.4156327,46.2790076495616,46.2790076495616,0.000199532102953621,90292324.569396,389.29567242078,389.29567242078,0.00167844964993752,29776717.6794679,128.382422169262,128.382422169262,0.000553521261123133,128.382422169262,0.000553521261123133,0.000553521261123133,0.00000000238650884862882,26968386.5032807,116.274292504555,116.274292504555,0.000501317017827155,116.274292504555,0.000501317017827155,0.000501317017827155,0.00000000216143007151187,27478641.7040197,118.474259582878,118.474259582878,0.000510802183561271,118.474259582878,0.000510802183561271,0.000510802183561271,0.00000000220232539666929,231148350.897654,996.596921397198,996.596921397197,0.00429683110384006,996.596921397198,0.00429683110384006,0.00429683110384006,0.0000000185258022963217,14.3892161481483,14.2901547143478,14.3088984306478,16.4385485711422,15.3292230632973,3.0247862392674,15.2301615937431,2.93076961059749,15.2489053170827,2.94852207214906,17.378555785404,5.03088633090309,16.2692301876706,3.93475044266459,3.93475044266459,0.000216195870614754,16.1701687041501,3.83772276422927,3.83772276422927,0.000195807788492484,16.1889124302395,3.85606638407812,3.85606638407812,0.000199512199071081,18.3185630266182,5.96690458629722,5.96690458629722,0.00167704262751473,17.2092373937721,4.86277253179832,4.86277253179832,0.000553368124736813,4.86277253179832,0.000553368124736813,0.000553368124736813,0.00000000238650876553393,17.1101759047961,4.76451557140634,4.76451557140634,0.000501191400432009,4.76451557140634,0.000501191400432009,0.000501191400432009,0.00000000216143014363903,17.1289196319596,4.78310094718934,4.78310094718934,0.000510671768534963,4.78310094718934,0.000510671768534963,0.000510671768534963,0.00000000220232543070647,19.2585702783608,6.90534930835184,6.90534930835184,0.00428762608392973,6.90534930835184,0.00428762608392973,0.00428762608392973,0.0000000185258020540081,"Tom McClintock","Republican"
"California","CA","0606",2083935.7866835,1712423.75860934,1804121.26235415,15509229.0686828,5334875.61390975,23.0013348233384,4383804.8220399,18.9007897858012,4618550.43162663,19.9128963005875,39703626.4158279,171.182323822152,13657281.571609,58.8834171477464,58.8834171477464,0.000253876058483214,11222540.3444222,48.386021851651,48.386021851651,0.000208616502037534,11823489.1049642,50.9770145295041,50.9770145295041,0.000219787576008355,101641283.624519,438.226748984709,438.226748984709,0.00188941615726879,34962640.823319,150.741547898231,150.741547898231,0.000649922709717026,150.741547898231,0.000649922709717026,0.000649922709717026,0.00000000280214403059662,28729703.2817207,123.868215940227,123.868215940227,0.000534058245216086,123.868215940227,0.000534058245216086,0.000534058245216086,0.00000000230259398763699,30268132.1087083,130.50115719553,130.50115719553,0.000562656194581389,130.50115719553,0.000562656194581389,0.000562656194581389,0.00000000242589414610687,260201686.07877,1121.86047740086,1121.86047740085,0.00483690536260812,1121.86047740086,0.00483690536260812,0.00483690536260812,0.0000000208543343473785,14.5497693487099,14.3534209115748,14.4055847502318,16.5569458929588,15.489776314786,3.17810944644044,15.2934278142111,2.99075941867161,15.3455916709551,3.04036601655,17.4969531121591,5.14855393760843,16.4297834590527,4.09239962451882,4.09239962451882,0.000253843837409938,16.2334349336967,3.89966742568497,3.89966742568497,0.000208594744641083,16.2855987975058,3.95080159257936,3.95080159257936,0.000219763426257574,18.4369603553025,6.08501579222215,6.08501579222215,0.0018876334557181,17.3697906729251,5.02217873084795,5.02217873084795,0.000649711601417107,5.02217873084795,0.000649711601417107,0.000649711601417107,0.00000000280214406840758,17.1734421378889,4.82725890868797,4.82725890868797,0.000533915686865427,4.82725890868797,0.000533915686865427,0.000533915686865427,0.00000000230259389068201,17.225606004458,4.87901565154511,4.87901565154511,0.000562497962935202,4.87901565154511,0.000562497962935202,0.000562497962935202,0.00000000242589414928235,19.3769676077986,7.02363470605895,7.02363470605895,0.00482524512040681,7.02363470605895,0.00482524512040681,0.00482524512040681,0.0000000208543340420164,"Ami Bera","Democrat"
"California","CA","0607",2385207.05833032,1926563.21615001,1985695.97472446,17613121.9714542,6106130.06932562,26.3266010988554,4932001.83334402,21.2643431127584,5083381.69529463,21.9170179157394,45089592.2469227,194.403934295143,15631692.9774736,67.3960988130698,67.3960988130697,0.000290578515184936,12625924.6933607,54.4367183686615,54.4367183686615,0.000234704101182169,13013457.1399542,56.1075658642929,56.1075658642929,0.000241907965989354,115429356.152122,497.674071795567,497.674071795567,0.00214572349698604,40017134.0223324,172.534012961459,172.534012961459,0.000743880998873434,172.534012961459,0.000743880998873434,0.000743880998873435,0.00000000320724552212526,32322367.2150034,139.357999023773,139.357999023773,0.000600842499026353,139.357999023773,0.000600842499026353,0.000600842499026353,0.00000000259053453095754,33314450.2782828,143.63536861259,143.63536861259,0.000619284392932744,143.63536861259,0.000619284392932744,0.000619284392932744,0.00000000267004682088074,295499151.749433,1274.04562379665,1274.04562379665,0.00549305215228428,1274.04562379665,0.00549305215228428,0.00549305215228428,0.0000000236833135204354,14.6847969146969,14.471248775558,14.5014805312429,16.6841548055475,15.6248039177075,3.30786062699762,15.411255717748,3.1029864352061,15.4414874828522,3.13187977499337,17.6241620294411,5.27506887397683,16.5648110764017,4.22531578810531,4.22531578810531,0.000290536305424883,16.3512628526841,4.01524216064524,4.01524216064524,0.000234676562483416,16.3814946214678,4.04493660988598,4.04493660988598,0.000241878710975355,18.5641692744178,6.21195271961348,6.21195271961348,0.00214342472009559,17.5048182959099,5.15637362029724,5.15637362029724,0.000743604456537666,5.15637362029724,0.000743604456537666,0.000743604456537666,0.00000000320724557508468,17.2912700629118,4.94419629458442,4.94419629458442,0.000600662065443096,4.94419629458442,0.000600662065443096,0.000600662065443096,0.00000000259053445026158,17.3215018331327,4.9742158760302,4.9742158760302,0.000619092715484171,4.9742158760302,0.000619092715484171,0.000619092715484171,0.00000000267004684671925,19.5041765276301,7.15073724032224,7.15073724032224,0.00547802036312051,7.15073724032224,0.00547802036312051,0.00547802036312051,0.0000000236833132520802,"Doris O. Matsui","Democrat"
"California","CA","0608",10442587.8403552,7712810.9552562,8653289.48093431,70031391.6546086,26733024.8713092,115.259530007107,19744796.0454559,85.1297570417433,22152421.0711918,95.510240740672,179280362.635798,772.967909033105,68436543.6705516,295.064396818195,295.064396818195,0.00127217117639371,50546677.876367,217.932178026863,217.932178026863,0.000939615345952106,56710197.9422511,244.50621629612,244.50621629612,0.00105418940466975,458957728.347644,1978.79784712475,1978.79784712475,0.00853159382212122,175197551.796612,755.364855854581,755.364855854581,0.0032567582115679,755.364855854581,0.0032567582115679,0.0032567582115679,0.0000000140415243923618,129399495.363499,557.906375748769,557.906375748769,0.00240541528563739,557.906375748769,0.00240541528563739,0.00240541528563739,0.0000000103709563967835,145178106.732163,625.935913718068,625.935913718068,0.00269872487595455,625.935913718068,0.00269872487595455,0.00269872487595455,0.0000000116355617188253,1174931784.56997,5065.72248863936,5065.72248863936,0.0218408801846303,5065.72248863936,0.0218408801846303,0.0218408801846303,0.0000000941670311212615,16.1614030828926,15.8583933943851,15.9734502089936,18.064454165977,17.1014102830293,4.75582501966317,16.7984005738684,4.45585496196514,16.9134573970638,4.56964912437943,19.004461415767,6.65153041153265,18.0414175187259,5.69057698748023,5.69057698748023,0.0012713626522907,17.7384078014973,5.38876199247779,5.38876199247779,0.000939174183779912,17.853464628047,5.5033222678758,5.5033222678758,0.00105363413722315,19.9444686708595,7.59075002106454,7.59075002106454,0.00849540545948025,18.9814247683131,6.62852387332332,6.62852387332332,0.00325146646073283,6.62852387332332,0.00325146646073283,0.00325146646073283,0.0000000140415242890824,18.6784150479331,6.32598197388417,6.32598197388417,0.00240252690519827,6.32598197388417,0.00240252690519827,0.00240252690519827,0.0000000103709562621743,18.7934718757931,6.44084432443305,6.44084432443305,0.00269508985645277,6.44084432443305,0.00269508985645277,0.00269508985645277,0.0000000116355615576185,20.8844759280232,8.53044943560018,8.53044943560018,0.0216057851242736,8.53044943560018,0.0216057851242736,0.0216057851242736,0.0000000941670266279725,"John Garamendi","Democrat"
"California","CA","0609",2283026.39429393,2219840.11462607,2317452.11041721,18579072.888325,5844547.56939245,25.1987872377035,5682790.69344274,24.5013719026588,5932677.40266806,25.5787593213659,47562426.5941119,205.06556821104,14962041.7776447,64.5088953285208,64.5088953285208,0.000278130327287534,14547944.1752134,62.7235120708065,62.7235120708065,0.000270432641142499,15187654.1508302,65.4816238626966,65.4816238626966,0.000282324249756589,121759812.080927,524.967854620262,524.967854620262,0.00226340073686572,38302826.9507704,165.142772041014,165.142772041014,0.000712013637856086,165.142772041014,0.000712013637856086,0.000712013637856086,0.00000000306984928391024,37242737.0885463,160.572190901265,160.572190901265,0.000692307561324798,160.572190901265,0.000692307561324798,0.000692307561324798,0.00000000298488646618893,38880394.6261254,167.632957088503,167.632957088503,0.000722750079376867,167.632957088503,0.000722750079376867,0.000722750079376867,0.00000000311613948898771,311705118.927172,1343.91770782787,1343.91770782787,0.00579430588637623,1343.91770782787,0.00579430588637623,0.00579430588637623,0.0000000249821700460803,14.6410129246926,14.612946181299,14.6559793433878,16.7375464455611,15.5810199162688,3.26571312105843,15.5529531652775,3.23873225082147,15.5959863389289,3.28011237504617,17.6775536712536,5.32819441043194,16.5210270704964,4.18218593996263,4.18218593996263,0.000278091656218382,16.4929603165373,4.15455360076724,4.15455360076724,0.000270396080827015,16.5359934947054,4.19692557658306,4.19692557658306,0.000282284403764977,18.617560916933,6.265240097981,6.265240097981,0.0022608431039897,17.4610342882598,5.11284749124232,5.11284749124232,0.000711760276403162,5.11284749124232,0.000711760276403162,0.000711760276403162,0.0000000030698492589696,17.4329675331414,5.08495204527147,5.08495204527147,0.000692068026992944,5.08495204527147,0.000692068026992944,0.000692068026992944,0.00000000298488655568751,17.4760007130738,5.12772450148578,5.12772450148578,0.00072248902131724,5.12772450148578,0.00072248902131724,0.00072248902131724,0.00000000311613956374896,19.5575681704197,7.20408810639304,7.20408810639304,0.00577758346149216,7.20408810639304,0.00577758346149216,0.00577758346149216,0.0000000249821697983226,"Josh Harder","Democrat"
"California","CA","0610",8842848.22128897,7241327.99892365,7933887.75926701,61724049.9747083,22637691.4464998,97.6024856569737,18537799.6772445,79.9257879888574,20310752.6637235,87.5698809760892,158013567.935253,681.276049479525,57952490.1030395,249.862363281853,249.862363281853,0.00107728245108692,47456767.173746,204.610017251475,204.610017251475,0.000882176803286539,51995526.8191323,224.178895298788,224.178895298788,0.000966548089265495,404514733.914248,1744.06668666758,1744.06668666758,0.00751954960480736,148358374.663781,639.647650001543,639.647650001543,0.0027578430747825,639.647650001543,0.0027578430747825,0.0027578430747825,0.0000000118904500393419,121489323.96479,523.801644163776,523.801644163776,0.00225837261641354,523.801644163776,0.00225837261641354,0.00225837261641354,0.0000000097369814153769,133108548.656979,573.897971964898,573.897971964898,0.00247436310851967,573.897971964898,0.00247436310851967,0.00247436310851967,0.000000010668225175707,1035557718.82048,4464.81071786902,4464.81071786902,0.0192500469883068,4464.81071786902,0.0192500469883068,0.0192500469883068,0.0000000829966447556116,15.9951196927836,15.7953153109034,15.8866538591952,17.938184218022,16.9351268823635,4.59109647079361,16.7353224852425,4.39353253703839,16.8266610408801,4.48379185598057,18.8781914666409,6.52543434058109,17.8751341139364,5.52490443527229,5.52490443527229,0.00107670259875305,17.675329710862,5.32598125443438,5.32598125443438,0.000881787914026294,17.766668269369,5.41689517650447,5.41689517650447,0.000966081282431074,19.8181987212759,7.46454804976167,7.46454804976167,0.00749141872469478,18.8151413619128,6.46247961780173,6.46247961780173,0.0027540472029144,6.46247961780173,0.0027540472029144,0.0027540472029144,0.0000000118904498872828,18.6153369565128,6.263020370559,6.263020370559,0.0022558263259042,6.263020370559,0.0022558263259042,0.0022558263259042,0.00000000973698139594904,18.7066755161407,6.35419258499195,6.35419258499195,0.00247130691251077,6.35419258499195,0.00247130691251077,0.00247130691251077,0.0000000106682251352287,20.7582059782609,8.40420604857962,8.40420604857962,0.0190671088180898,8.40420604857962,0.0190671088180898,0.0190671088180898,0.0000000829966412238217,"Mark DeSaulnier","Democrat"
"California","CA","0611",35099752.2936399,25423521.56829,23435760.0428956,198385370.031833,89855365.871718,387.411723471145,65084215.2148225,280.610820984677,59995545.7098127,258.671004658901,507866547.281494,2189.66839060628,230029736.631598,991.77401208613,991.77401208613,0.00427603711351773,166615590.949945,718.363701720773,718.363701720773,0.00309722760641891,153588597.017121,662.197771926787,662.197771926787,0.00285506800414304,1300138361.04062,5605.55107995208,5605.55107995208,0.0241683530395963,588876125.776891,2538.9414709405,2538.9414709405,0.0109466550106054,2538.9414709405,0.0109466550106054,0.0109466550106054,0.0000000471965412723059,426535912.83186,1839.01107640518,1839.01107640518,0.00792890267243238,1839.01107640518,0.00792890267243238,0.00792890267243238,0.0000000341854915370039,393186808.363829,1695.22629613258,1695.22629613258,0.0073089740906062,1695.22629613257,0.0073089740906062,0.0073089740906062,0.0000000315126672934613,3328354204.26399,14350.2107646773,14350.2107646773,0.0618709837813666,14350.2107646773,0.0618709837813666,0.0618709837813666,0.000000266756962448014,17.3737046597402,17.051185388802,16.9697736634392,19.1057220153779,18.3137119008704,5.96206591997592,17.9911926233246,5.64052605033777,17.9097808959287,5.55941546306657,20.0457292707977,7.69196197743622,19.2537191525801,6.90050305716396,6.90050305716396,0.00426692084524802,18.9311998724532,6.57836707366492,6.57836707366492,0.00309244107776173,18.8497881442632,6.49707324423581,6.49707324423581,0.00285100003852847,20.9857365280893,8.63169102870436,8.63169102870436,0.0238809203691534,20.1937264084225,7.83989631681028,7.83989631681028,0.0108871740672097,7.83989631681028,0.0108871740672097,0.0108871740672097,0.0000000471965402280196,19.8712071272873,7.51752687037034,7.51752687037034,0.00789763409854021,7.51752687037034,0.00789763409854021,0.00789763409854021,0.0000000341854909643311,19.7897953987871,7.4361612367744,7.4361612367744,0.00728239298132135,7.4361612367744,0.00728239298132135,0.00728239298132135,0.0000000315126668679287,21.9257437861121,9.5715895914736,9.5715895914736,0.0600324312416075,9.5715895914736,0.0600324312416075,0.0600324312416075,0.000000266756926939578,"Nancy Pelosi","Democrat"
"California","CA","0612",20206357.673377,16182828.0852653,19535582.4213094,140920012.154429,51728275.6438452,223.026640924069,41428039.8982793,178.617138568409,50011090.9985522,215.622993334443,360755231.115336,1555.39743766837,132424385.648244,570.948200765616,570.948200765616,0.00246164515970189,106055782.139595,457.259874735127,457.259874735127,0.00197147754535039,128028392.956294,551.994862936174,551.994862936174,0.00237992777751997,923533391.655261,3981.81744043103,3981.81744043103,0.0171676197874164,339006427.259504,1461.62739395998,1461.62739395998,0.00630181160883684,1461.62739395998,0.00630181160883684,0.00630181160883684,0.0000000271702827392124,271502802.277363,1170.58527932193,1170.58527932193,0.005046982516097,1170.58527932193,0.005046982516097,0.00504698251609699,0.0000000217600827276281,327752685.968112,1413.10684911661,1413.10684911661,0.00609261511045113,1413.10684911661,0.00609261511045113,0.00609261511045113,0.0000000262683313065128,2364245482.63747,10193.4526475034,10193.4526475034,0.043949106655786,10193.4526475034,0.043949106655786,0.043949106655786,0.000000189486726689678,16.8215078986475,16.5994613050681,16.7877481514622,18.7637030047841,17.7615151269814,5.41176497747985,17.5394685259039,5.19082757764274,17.7277553787606,5.37815848467812,19.7037102589513,7.35012909478957,18.7015223736926,6.3490484291771,6.3490484291771,0.00245862027436836,18.4794757696861,6.12743643528225,6.12743643528225,0.00196953673391987,18.6677626250673,6.31534871203285,6.31534871203285,0.00237710023475005,20.6437175157536,8.28974474744153,8.28974474744153,0.0170219213688464,19.6415296275824,7.2879896822936,7.2879896822936,0.00628203822268385,7.2879896822936,0.00628203822268385,0.00628203822268385,0.0000000271702823212798,19.4194830224318,7.06611305028086,7.06611305028086,0.00503428919058513,7.06611305028086,0.00503428919058513,0.00503428919058513,0.0000000217600823879161,19.6077698787991,7.25425340874773,7.25425340874773,0.00607413017408099,7.25425340874773,0.00607413017408099,0.00607413017408099,0.0000000262683309429249,21.5837247735852,9.22959899324001,9.22959899324001,0.0430107398582063,9.22959899324001,0.0430107398582063,0.0430107398582063,0.000000189486708801177,"Lateefah Simon","Democrat"
"California","CA","0613",1242118.62082599,1338789.52348871,1257619.07062309,10865805.9285934,3179823.66931454,13.7098208450034,3427301.1801311,14.7768209963652,3219504.8207951,13.8809062680637,27816463.177199,119.930778043186,8140348.59344522,35.0971413632087,35.0971413632087,0.000151321447445252,8773891.0211356,37.8286617506948,37.8286617506948,0.000163098407126473,8241932.34123547,35.5351200462432,35.5351200462432,0.000153209794065311,71210145.7336295,307.022791790557,307.022791790557,0.0013237298380412,20839292.3992198,89.8486818898143,89.8486818898143,0.000387382905459847,89.8486818898143,0.000387382905459847,0.000387382905459847,0.0000000016702027485116,22461161.0141071,96.8413740817788,96.8413740817788,0.000417531922243771,96.8413740817788,0.000417531922243771,0.000417531922243771,0.00000000180019033956872,21099346.7935628,90.9699073183825,90.9699073183825,0.000392217072807197,90.9699073183825,0.000392217072807197,0.000392217072807197,0.00000000169104527789664,182297973.078091,785.978346983826,785.978346983826,0.00338874838538547,785.978346983826,0.00338874838538547,0.00338874838538547,0.0000000146106004873045,14.0323298499022,14.1072771699321,14.0447316599947,16.2011314375383,14.9723366178007,2.68851535540957,15.0472839732551,2.75854183735085,14.9847384339398,2.70007893266212,17.1411386399479,4.79521829960752,15.9123436846542,3.58621367558869,3.58621367558869,0.000151309999509976,15.9872910539464,3.65915867883586,3.65915867883586,0.000163085108027401,15.9247455031553,3.5982739910252,3.5982739910252,0.000153198058643441,18.0811458765324,5.73017377955575,5.73017377955575,0.0013228544801057,16.8523508682871,4.50919528609427,4.50919528609427,0.000387307892074177,4.50919528609427,0.000387307892074177,0.000387307892074177,0.00000000167020264146132,16.9272982429847,4.5833475354522,4.5833475354522,0.00041744478004624,4.5833475354522,0.00041744478004624,0.00041744478004624,0.00000000180019043953875,16.8647526877109,4.5214614291766,4.5214614291766,0.000392140175797355,4.5214614291766,0.000392140175797355,0.000392140175797355,0.00000000169104530235679,19.0211531264664,6.66820073467655,6.66820073467655,0.00338301951639106,6.66820073467655,0.00338301951639106,0.00338301951639106,0.0000000146106004004907,"Adam Gray","Democrat"
"California","CA","0614",9260950.53009384,9369160.05949526,10490016.1989576,77537477.240019,23708033.3570402,102.217268538809,23985049.7523079,103.411625693546,26854441.4693315,115.783018093116,198495941.734449,855.815945362201,60692565.394023,261.676207459352,261.676207459352,0.001128217881478,61401727.3659083,264.733761775479,264.733761775479,0.00114140053758013,68747370.1614887,296.404526318378,296.404526318378,0.00127794914940961,508149610.840189,2190.88882012724,2190.88882012724,0.0094460247922301,155372967.408699,669.89109109594,669.89109109594,0.00288823777658368,669.89109109594,0.00288823777658368,0.00288823777658368,0.0000000124526472511191,157188422.056725,677.718430145227,677.718430145227,0.00292198537620513,677.718430145227,0.00292198537620513,0.00292198537620513,0.0000000125981501446361,175993267.613411,758.795587375047,758.795587375047,0.00327154982248859,758.795587375047,0.00327154982248859,0.00327154982248859,0.0000000141052984744559,1300863003.75088,5608.67537952572,5608.67537952572,0.0241818234681091,5608.67537952572,0.0241818234681091,0.0241818234681091,0.000000104260016255788,16.0413173583728,16.0529341154671,16.1659346199286,18.1662719676253,16.9813245510638,4.63683616985164,16.9929413089181,4.64834102646666,17.1059418203291,4.76031766678515,19.1062792182577,6.75322312932708,17.9213317838519,5.5709221233449,5.5709221233449,0.00112758192197292,17.9329485420031,5.58249491197033,5.58249491197033,0.0011407496352329,18.0459490561288,5.69509325354164,5.69509325354163,0.00127713326742529,20.0462864736792,7.69251892603669,7.69251892603669,0.0094016900726127,18.8613390323031,6.50860681544645,6.50860681544645,0.00288407483164696,6.50860681544645,0.00288407483164696,0.00288407483164696,0.0000000124526472801849,18.8729557905702,6.52020635840987,6.52020635840987,0.00291772467472275,6.52020635840987,0.00291772467472275,0.00291772467472275,0.0000000125981499993453,18.9859563057563,6.63304943312288,6.63304943312288,0.00326620994664511,6.63304943312288,0.00326620994664511,0.00326620994664511,0.0000000141052983852992,20.9862937309715,8.63224813223035,8.63224813223035,0.0238940728356286,8.63224813223035,0.0238940728356286,0.0238940728356286,0.000000104260010740953,"Eric Swalwell","Democrat"
"California","CA","0615",19473662.8317218,17259393.6723711,16383039.3271996,137421673.644575,49852576.8492078,214.939559026472,44184047.8012699,190.499676258167,41940580.6776309,180.826959926895,351799484.530113,1516.78470501859,127622596.733972,550.245271107767,550.245271107767,0.00237238440624728,113111162.371251,487.679171220908,487.679171220908,0.00210263044828509,107367886.534735,462.91701741285,462.91701741285,0.00199586833574378,900606680.397089,3882.9688448476,3882.9688448476,0.0167414337226649,326713847.638969,1408.62789403588,1408.62789403588,0.00607330407999302,1408.62789403588,0.00607330407999302,0.00607330407999302,0.0000000261850717313144,289564575.670402,1248.45867832552,1248.45867832552,0.00538273394760985,1248.45867832552,0.00538273394760985,0.00538273394760985,0.0000000232076761960693,274861789.528922,1185.0675645769,1185.0675645769,0.00510942293950408,1185.0675645769,0.00510942293950408,0.00510942293950408,0.0000000220292948310092,2305553101.81655,9940.40024280986,9940.40024280986,0.0428580703300221,9940.40024280986,0.0428580703300221,0.0428580703300221,0.000000184782719764401,16.7845735379564,16.6638671718789,16.6117572313265,18.7385646738165,17.7245807651556,5.37499854920554,17.6038743950635,5.2548861180614,17.5517644526225,5.20305546517621,19.6785719278736,7.32500711984603,18.6645880114235,6.31217984823495,6.31217984823495,0.00236957474521509,18.5438816397632,6.19170618257982,6.19170618257982,0.00210042301462074,18.4917716965845,6.13970569444951,6.13970569444951,0.00199387923675031,20.6185791846329,8.26461280797009,8.26461280797009,0.0166028406137324,19.6045952651402,7.25108104360409,7.25108104360409,0.00605493590160605,7.25108104360409,0.00605493590160605,0.00605493590160605,0.000000026185071323689,19.4838888928673,7.13046567916035,7.13046567916035,0.00536829881239352,7.13046567916035,0.00536829881239352,0.00536829881239352,0.0000000232076759559139,19.4317789494004,7.07839854638098,7.07839854638098,0.00509641413097056,7.07839854638098,0.00509641413097056,0.00509641413097056,0.0000000220292945901034,21.5585864424477,9.20446315922742,9.20446315922742,0.0419650884561921,9.20446315922742,0.0419650884561921,0.0419650884561921,0.000000184782702719729,"Kevin Mullin","Democrat"
"California","CA","0616",10829121.1819395,13538285.1266062,15581014.0911404,123591075.334762,27722550.2257651,119.525872025406,34658009.9241118,149.428130713409,39887396.0733194,171.974647341619,316393152.856991,1364.13018247335,70969728.5779586,305.98623238504,305.98623238504,0.00131926070854765,88724505.4057263,382.536014626326,382.536014626326,0.00164930536177154,102111733.947698,440.255097194545,440.255097194545,0.00189816138765263,809966471.313895,3492.17326713178,3492.17326713178,0.0150565172258144,181682505.159574,783.324754905705,783.324754905705,0.00337730741388198,783.324754905705,0.00337730741388198,0.00337730741388198,0.0000000145612726987484,227134733.838659,979.292197443394,979.292197443394,0.00422222172613514,979.292197443394,0.00422222172613514,0.00422222172613514,0.0000000182041237040267,261406038.906106,1127.05304881803,1127.05304881803,0.00485929315239073,1127.05304881803,0.00485929315239073,0.00485929315239073,0.0000000209508593811398,2073514166.56357,8939.96356385735,8939.96356385735,0.038544684098085,8939.96356385735,0.038544684098085,0.038544684098085,0.000000166185539975526,16.1977495613929,16.4210322388995,16.5615637497595,18.6324889024426,17.1377567636125,4.79186443548979,17.3610394523797,5.01348543334394,17.5015709691409,5.15314503660042,19.5724961560035,7.21900507484681,18.0777640001227,5.72680290093027,5.72680290093027,0.00131839124875124,18.3010466932886,5.94943352676652,5.94943352676652,0.00164794675132045,18.4415782123549,6.08962315989647,6.08962315989647,0.00189636215578759,20.512503412569,8.15856584767959,8.15856584767959,0.0149442929394421,19.0177712500278,6.66482316277765,6.66482316277765,0.0033716171195144,6.66482316277765,0.00337161711951417,0.00337161711951417,0.0000000145612725260923,19.2410539449119,6.88785068788009,6.88785068788009,0.0042133331588673,6.88785068788009,0.0042133331588673,0.0042133331588673,0.0000000182041235982701,19.3815854648787,7.02824846004617,7.02824846004617,0.00484752489562872,7.02824846004617,0.00484752489562872,0.00484752489562872,0.0000000209508592722503,21.4525106703081,9.09839864355168,9.09839864355168,0.0378203909462487,9.09839864355168,0.0378203909462487,0.0378203909462487,0.000000166185526187107,"Sam T. Liccardo","Democrat"
"California","CA","0617",7601723.77198697,9507230.94143013,11452544.092556,86558353.8488105,19460412.8562867,83.9036379293962,24338511.2100612,104.935576001915,29318512.8769434,126.406870564451,221589385.852954,955.383410254699,49818656.9120938,214.793313099254,214.793313099254,0.000926082118864876,62306588.6977565,268.635074564903,268.635074564903,0.00115822106128384,75055392.9649753,323.601588644994,323.601588644994,0.00139520937852435,567268827.783562,2445.78153025202,2445.78153025202,0.0105449956012818,127535761.69496,549.87088153409,549.87088153409,0.00237077022429408,549.87088153409,0.00237077022429408,0.00237077022429408,0.0000000102215840939214,159504867.066257,687.705790886151,687.705790886151,0.00296504591688662,687.705790886151,0.00296504591688662,0.00296504591688662,0.0000000127838058160273,192141805.990336,828.420066931184,828.420066931184,0.00357173600902233,828.420066931184,0.00357173600902233,0.00357173600902233,0.0000000153995522650787,1452208199.12592,6261.20071744518,6261.20071744518,0.0269951887392814,6261.20071744518,0.0269951887392814,0.0269951887392814,0.000000116389850438588,15.8438857231912,16.0675633239543,16.2537225420901,18.2763293669762,16.78389290152,4.44151694197992,17.0075705183498,4.66283113577601,17.1937297473729,4.84738567076126,19.2163366184276,6.86315888940142,17.7239001286979,5.37432106577885,5.37432106577885,0.000925653569380296,17.9475777518038,5.59706946911058,5.59706946911058,0.00115755084072966,18.1337369850797,5.78259854923054,5.78259854923054,0.00139423697828225,20.1563438741691,7.80252877880797,7.80252877880797,0.0104897849268807,18.6639073749575,6.31150044690836,6.31150044690836,0.00236796438236188,6.31150044690836,0.00236796438236188,0.00236796438236188,0.0000000102215839713993,18.887585000515,6.5348141709459,6.5348141709459,0.00296065883802949,6.5348141709459,0.00296065883802949,0.00296065883802949,0.0000000127838057100145,19.0737442354522,6.72072674203513,6.72072674203513,0.00356537250795908,6.72072674203513,0.00356537250795908,0.00356537250795908,0.0000000153995521814375,21.0963511315863,8.74228695462165,8.74228695462165,0.0266372461635697,8.74228695462165,0.0266372461635697,0.0266372461635697,0.000000116389843650872,"Ro Khanna","Democrat"
"California","CA","0618",3572814.48908797,4381800.7558696,5012513.50677828,39780511.8781612,9146405.0920652,39.4347574672503,11217409.9350262,48.3639020736397,12832034.5773524,55.3253618526318,101838110.408093,439.075368348836,23414797.0356869,100.952979116161,100.952979116161,0.00043525912169535,28716569.4336671,123.811589308518,123.811589308518,0.000533814099295897,32850008.5180221,141.632926342738,141.632926342738,0.000610650856099537,260705562.644718,1124.03294297302,1124.03294297302,0.00484627195550248,59941880.4113584,258.439626537371,258.439626537371,0.0011142633515401,258.439626537371,0.0011142633515401,0.0011142633515401,0.00000000480415032795225,73514417.7501875,316.957668629806,316.957668629806,0.0013665640941975,316.957668629806,0.0013665640941975,0.0013665640941975,0.00000000589194586022461,84096021.8061368,362.580291437408,362.580291437408,0.00156326619161481,362.580291437408,0.00156326619161481,0.00156326619161481,0.00000000674002763955458,667406240.370477,2877.52433401093,2877.52433401093,0.0124064562060863,2877.52433401093,0.0124064562060863,0.0124064562060863,0.0000000534904792200286,15.0888644953385,15.292970557555,15.4274482447131,17.4988877241718,16.0288715832712,3.69968974844028,16.2329776769769,3.89921942982833,16.3674553816339,4.03114491066752,18.4388949673448,6.08694600394546,16.9688787751381,4.6245117179389,4.6245117179389,0.000435164423921604,17.1729848811444,4.82680531467284,4.82680531467284,0.000533671671234051,17.3074625926368,4.96027438134609,4.96027438134609,0.000610464484733462,19.3789022198525,7.02556759685248,7.02556759685248,0.00483456658261557,17.9088860076044,5.55852402250285,5.55852402250285,0.00111364302089694,5.55852402250285,0.00111364302089694,0.00111364302089694,0.0000000048041503992799,18.1129921184155,5.76191825640292,5.76191825640292,0.00136563119529982,5.76191825640292,0.00136563119529982,0.00136563119529982,0.00000000589194580276702,18.247469832578,5.89600015686671,5.89600015686671,0.00156204556296789,5.89600015686671,0.00156204556296789,0.00156204556296789,0.00000000674002762439792,20.3189094760066,7.96503305779246,7.96503305779246,0.0123301267981765,7.96503305779246,0.0123301267981765,0.0123301267981765,0.0000000534904777265321,"Zoe Lofgren","Democrat"
"California","CA","0619",4292062.02054201,5420364.0180265,5936493.37792146,48488835.9619237,10987678.7725875,47.3734153652284,13876131.8861478,59.8269910424734,15197423.0474789,65.5237424946824,124131420.062525,535.193050707723,28128457.6578241,121.275943334984,121.275943334984,0.000522881652833861,35522897.6285385,153.157097068732,153.157097068732,0.000660337358393759,38905403.0015461,167.740780786387,167.740780786387,0.000723214961626501,317776435.360062,1370.09420981177,1370.09420981177,0.00590716596601251,72008851.6040297,310.46641493756,310.46641493756,0.00133857703125469,310.46641493756,0.00133857703125469,0.00133857703125469,0.00000000577127954069674,90938617.9290583,392.082168495953,392.082168495953,0.00169046363748802,392.082168495953,0.00169046363748802,0.00169046363748802,0.00000000728843987124276,99597831.6839582,429.41639881315,429.41639881315,0.00185143030176384,429.41639881315,0.00185143030176384,0.00185143030176384,0.00000000798244820589831,813507674.521761,3507.44117711813,3507.44117711813,0.015122344872992,3507.44117711813,0.015122344872992,0.015122344872992,0.000000065200042683426,15.2722780658826,15.5056737176475,15.5966293450516,17.696844163682,16.2122851823969,3.87895039350547,16.4456808637157,4.10803362208326,16.5366365008942,4.19755891393699,18.6368514096061,6.28449426545626,17.1522923854285,4.80628032125957,4.80628032125957,0.000522744997856505,17.3856880782919,5.03797219329007,5.03797219329007,0.000660119431611844,17.4766437192884,5.12836369588327,5.12836369588327,0.000722953567707904,19.5768586631885,7.22336439332967,7.22336439332967,0.00588978706757768,18.092299622256,5.74129151519992,5.74129151519992,0.00133768193570084,5.74129151519992,0.00133768193570084,0.00133768193570084,0.00000000577127943768248,18.3256953196289,5.97401867015743,5.97401867015743,0.00168903641205518,5.97401867015743,0.00168903641205518,0.00168903641205518,0.00000000728843982508861,18.4166509621168,6.06475310945341,6.06475310945341,0.00184971851719024,6.06475310945341,0.00184971851719024,0.00184971851719024,0.00000000798244822608851,20.5168659197623,8.16292710873111,8.16292710873111,0.0150091420504536,8.16292710873111,0.0150091420504536,0.0150091420504536,0.0000000652000405726431,"Jimmy Panetta","Democrat"
"California","CA","0620",748173.046776949,1121976.94866468,770038.160743578,6782740.16044287,1915322.99974899,8.25792179618992,2872260.98858158,12.3837632739033,1971297.69150356,8.4992568749916,17363814.8107337,74.8641481407341,4903226.87935742,21.1402797982462,21.1402797982462,0.0000911463901108948,7352988.13076883,31.7024339811924,31.7024339811924,0.000136685154723183,5046522.09024912,21.7580975999785,21.7580975999785,0.0000938101137186976,44451365.9154784,191.652219240279,191.652219240279,0.00082630921195009,12552260.811155,54.1191162835102,54.1191162835102,0.00023333475868389,54.1191162835103,0.00023333475868389,0.00023333475868389,0.00000000100602362619618,18823649.6147682,81.1582309918525,81.1582309918525,0.000349913996091348,81.1582309918525,0.000349913996091348,0.000349913996091348,0.00000000150865541503618,12919096.5510377,55.7007298559449,55.7007298559449,0.000240153891119866,55.7007298559449,0.000240153891119866,0.000240153891119866,0.00000000103542433948658,113795496.743625,490.629681255115,490.629681255115,0.00211535158259223,490.629681255115,0.00211535158259223,0.00211535158259223,0.00000000912034572904025,13.525390912747,13.9306037112751,13.5541966506452,15.7298918791592,14.4653973567552,2.2254795954131,14.8706104266408,2.59404227628238,14.4942031177805,2.25121357186177,16.6698990478087,4.32894421629404,15.405404297089,3.09739856488113,3.09739856488113,0.0000911422365311576,15.8106174729737,3.48744950880877,3.48744950880877,0.000136675814158467,15.4342100671483,3.12492102052649,3.12492102052649,0.0000938057138251227,17.6099062712057,5.26088659055048,5.26088659055048,0.000825968006441061,16.3454114313001,4.00949659398454,4.00949659398454,0.000233307540362911,4.00949659398454,0.000233307540362911,0.000233307540362911,0.00000000100602370827674,16.7506246485907,4.40864703413062,4.40864703413062,0.000349852790466468,4.40864703413062,0.000349852790466468,0.000349852790466468,0.00000000150865542167251,16.3742172048883,4.03778708288975,4.03778708288975,0.000240125058790194,4.03778708288975,0.000240125058790194,0.000240125058790194,0.00000000103542441234024,18.5499135159883,6.19772575271043,6.19772575271043,0.00211311737663254,6.19772575271043,0.00211311737663254,0.00211311737663254,0.00000000912034577031788,"Vince Fong","Republican"
"California","CA","0621",703834.213968073,755796.934580229,648288.775047917,5566840.70331598,1801815.58775826,7.7685341933521,1934840.15252539,8.34207006848283,1659619.26412267,7.15545424785864,14251112.2004889,61.4437199761024,4612647.90466116,19.8874475349813,19.8874475349813,0.0000857447994365592,4953190.79046499,21.355699375316,21.355699375316,0.0000920751723690541,4248625.31615403,18.3179628745181,18.3179628745181,0.0000789779608468678,36482847.2332516,157.295923138822,157.295923138822,0.00067818192143577,11808378.6359326,50.9118656895523,50.9118656895523,0.000219506686557591,50.9118656895523,0.000219506686557591,0.000219506686557591,0.000000000946403844975977,12680168.4235904,54.6705904008091,54.6705904008091,0.000235712441264779,54.6705904008091,0.000235712441264779,0.000235712441264779,0.00000000101627501293967,10876480.8093543,46.8939849587663,46.8939849587663,0.000202183579767981,46.8939849587663,0.000202183579767981,0.000202183579767981,0.00000000087171520961035,93396088.9171241,402.677563235385,402.677563235385,0.00173614571887557,402.677563235385,0.00173614571887557,0.00173614571887557,0.00000000748539832453498,13.4642995366732,13.5355293371341,13.3820930590935,15.532338431934,14.4043059293721,2.17116965368648,14.4755357893582,2.2345278624246,14.3220993776113,2.09868693628241,16.4723455809603,4.13426567068398,15.3443128496632,3.03914838212812,3.03914838212812,0.0000857411235612683,15.4155427329012,3.10708129415816,3.10708129415816,0.0000920709337104753,15.2621062689254,2.96103538194752,2.96103538194752,0.0000789748422518205,17.412352796692,5.06446621253652,5.06446621253652,0.000677952059995968,16.2843199760451,3.94954739004384,3.94954739004384,0.000219482598489777,3.94954739004384,0.000219482598489777,0.000219482598489777,0.000000000946403843734147,16.355549868366,4.01945200750669,4.01945200750669,0.000235684665452024,4.01945200750669,0.000235684665452024,0.000235684665452024,0.00000000101627506358655,16.2021133839881,3.86898992155811,3.86898992155811,0.000202163143422675,3.86898992155811,0.000202163143422675,0.000202163143422675,0.00000000087171514413262,18.3523600384804,6.00061644849766,6.00061644849766,0.00173464035999341,6.00061644849766,0.00173464035999341,0.00173464035999341,0.0000000074853982731835,"Jim Costa","Democrat"
"California","CA","0622",649394.206244274,991030.319584565,668071.885330882,5883398.46848576,1662449.16798534,7.16765538823641,2537037.61813648,10.9384465425981,1710264.02644706,7.37380931732539,15061500.0793236,64.9377101432303,4255869.87004247,18.3491977938852,18.3491977938852,0.0000791126303107009,6494816.3024294,28.0024231490512,28.0024231490512,0.000120732545110662,4378275.90770449,18.876951852353,18.876951852353,0.0000813880437751767,38557440.2030683,166.240537966669,166.240537966669,0.000716746659474776,10895026.8673087,46.9739463523461,46.9739463523461,0.000202528333595394,46.9739463523461,0.000202528333595394,0.000202528333595394,0.000000000873201616940125,16626729.7342193,71.6862032615711,71.6862032615711,0.000309075315483294,71.6862032615711,0.000309075315483294,0.000309075315483294,0.00000000133257930110392,11208386.3237234,48.3249967420237,48.3249967420237,0.000208353392064452,48.3249967420237,0.000208353392064452,0.000208353392064452,0.000000000898316376853737,98707046.9198549,425.575777194673,425.575777194673,0.00183487144825543,425.575777194673,0.00183487144825543,0.00183487144825543,0.00000000791105465122115,13.3837967568008,13.8065014168335,13.4121525563435,15.5876452937147,14.3238030769188,2.10018188950175,14.746508060435,2.47976399418999,14.3521589026961,2.12510889653824,16.5276524486308,4.18871051067164,15.2638099688578,2.96265096093605,2.96265096093605,0.000079109501071699,15.686515078735,3.36737938335963,3.36737938335963,0.000120725257523527,15.2921658048831,2.98956086212616,2.98956086212616,0.0000813847319479696,17.4676596666632,5.11943312321764,5.11943312321764,0.000716489919259056,16.2038170841647,3.87065807922103,3.87065807922103,0.000202507827501062,3.87065807922103,0.000202507827501062,0.000202507827501062,0.000000000873201510716691,16.6265222434017,4.28615159021015,4.28615159021015,0.000309027561547433,4.28615159021015,0.000309027561547433,0.000309027561547433,0.00000000133257937928762,16.232172924193,3.89843098585746,3.89843098585746,0.000208331689510975,3.89843098585746,0.000208331689510975,0.000208331689510975,0.000000000898316309823701,18.4076669093503,6.05579002335312,6.05579002335312,0.00183319012799649,6.05579002335312,0.00183319012799649,0.00183319012799649,0.00000000791105466892352,"David G. Valadao","Republican"
"California","CA","0623",1682792.13880545,2237909.65088433,1697244.98564213,14646003.0592277,4307947.87534195,18.5737322954397,5729048.70626387,24.7008134863364,4344947.16324386,18.7332548543234,37493767.8316229,161.654510825913,11028346.5608754,47.5487546763257,47.5487546763257,0.000205006621689802,14666364.6880355,63.2340825250211,63.2340825250211,0.000272633967437282,11123064.7379043,47.957132427068,47.957132427068,0.000206767343787002,95984045.6489549,413.835547714337,413.835547714338,0.00178425340788801,28232567.195841,121.724811971394,121.724811971394,0.000524816951525892,121.724811971394,0.000524816951525892,0.000524816951525892,0.00000000226275011764783,37545893.6013708,161.879251264054,161.879251264054,0.000697942956639443,161.879251264054,0.000697942956639443,0.000697942956639443,0.00000000300918349275053,28475045.729035,122.770259013294,122.770259013294,0.000529324400094725,122.770259013294,0.000529324400094725,0.000529324400094725,0.00000000228218399787933,245719156.861324,1059.41900214871,1059.41900214871,0.00456768872419331,1059.41900214871,0.00456768872419331,0.00456768872419331,0.0000000196936058715267,14.3359655534412,14.6210532434129,14.344517486948,16.4996780957592,15.2759724498115,2.97418847837182,15.5610602296079,3.24652264456506,15.2845243864019,2.98230527623709,17.4396853126437,5.0916283858635,16.2159795668493,3.88256854407521,3.88256854407521,0.000204985610703951,16.5010673817336,4.16253395028078,4.16253395028078,0.000272596809550678,16.2245315046443,3.89094506678022,3.89094506678022,0.000206745970366044,18.3796925548825,6.02788217112691,6.02788217112691,0.00178266351867214,17.1559867700854,4.80994454782963,4.80994454782963,0.00052467928327463,4.80994454782963,0.00052467928327463,0.00052467928327463,0.00000000226275020686522,17.4410745986759,5.09300913649534,5.09300913649534,0.000697699507723076,5.09300913649534,0.000697699507723076,0.000697699507723076,0.00000000300918356446401,17.164538708351,4.81842709724825,4.81842709724825,0.000529184357351035,4.81842709724825,0.000529184357351035,0.000529184357351035,0.0000000022821839947333,19.3196998070253,6.96641939404751,6.96641939404751,0.00455728849204246,6.96641939404751,0.00455728849204246,0.00455728849204246,0.000000019693605663266,"Jay Obernolte","Republican"
"California","CA","0624",2212481.81878484,2649200.1216893,1582446.33387561,20419454.0739928,5663953.45608917,24.4201550880837,6781952.3115246,29.2404110541142,4051062.61472155,17.466170597974,52273802.4294216,225.378681563485,14499720.8475883,62.5155970254942,62.5155970254942,0.000269536214699197,17361797.917503,74.8554522985326,74.8554522985326,0.000322739543764011,10370720.2936872,44.7133967308135,44.7133967308135,0.000192781966014851,133820934.219319,576.969424802521,576.969424802521,0.00248760568814572,37119285.369826,160.039928385265,160.039928385265,0.000690012709629945,160.039928385265,0.000690012709629945,0.000690012709629945,0.00000000297499220509958,44446202.6688076,191.629957884243,191.629957884243,0.000826213232035868,191.629957884243,0.000826213232035868,0.000826213232035868,0.00000000356222123267129,26549043.9518391,114.466295630882,114.466295630882,0.000493521832998018,114.466295630882,0.000493521832998018,0.000493521832998018,0.00000000212782110492279,342581591.601457,1477.04172749445,1477.04172749445,0.00636827056165303,1477.04172749445,0.00636827056165303,0.00636827056165303,0.0000000274568207461619,14.6096258903131,14.7897686889997,14.2744831521153,16.8319986844482,15.5496328733787,3.2355423667688,15.7297757174689,3.40917914427828,15.2144900255228,2.91594044179872,17.7720059130968,5.42220917918999,16.4896400242819,4.15128549818712,4.15128549818712,0.000269499896339574,16.669782886108,4.32882958585491,4.32882958585491,0.000322687474560277,16.1544971335908,3.82239140003592,3.82239140003592,0.000192763385959483,18.7120131599309,6.35952096900768,6.35952096900768,0.00248451671881383,17.4296472407467,5.0816523366299,5.0816523366299,0.000689774760312558,5.0816523366299,0.000689774760312558,0.000689774760312558,0.00000000297499224812154,17.6097901095008,5.26077103183854,5.26077103183854,0.000825872105765832,5.26077103183854,0.000825872105765832,0.000825872105765832,0.00000000356222117834947,17.0945043333231,4.7489786746566,4.7489786746566,0.00049340009115137,4.7489786746566,0.00049340009115137,0.00049340009115137,0.00000000212782102822044,19.6520204138687,7.29847333351453,7.29847333351453,0.00634807880571729,7.29847333351453,0.00634807880571729,0.00634807880571729,0.0000000274568204400127,"Salud O. Carbajal","Democrat"
"California","CA","0625",1466249.10229258,2191359.60444582,1256015.53243512,12311656.1267915,3753597.701869,16.1836495883225,5609880.58738128,24.1870197259834,3215399.7630339,13.8632072972033,31517839.6845862,135.889275769295,9609210.11678465,41.4301429461056,41.4301429461056,0.00017862620586645,14361294.3036961,61.9187704985176,61.9187704985176,0.000266962995045745,8231423.3933668,35.4898106808405,35.4898106808405,0.000153014442578288,80685669.5925407,347.876545969396,347.876545969396,0.0014998709417265,24599577.8989687,106.061165942031,106.061165942031,0.000457283087018113,106.061165942031,0.000457283087018113,0.000457283087018113,0.00000000197157762518947,36764913.417462,158.512052476205,158.512052476205,0.000683425267317106,158.512052476205,0.000683425267317106,0.000683425267317106,0.00000000294659042458346,21072443.887019,90.8539153429517,90.8539153429517,0.000391716973000418,90.8539153429517,0.000391716973000418,0.000391716973000418,0.00000000168888909583481,206555314.156904,890.563957681654,890.563957681654,0.00383966961081983,890.563957681654,0.00383966961081983,0.00383966961081983,0.0000000165547489240784,14.1982187487146,14.6000331894467,14.0434557886905,16.3260571054119,15.138225591605,2.84395832637753,15.5400401698574,3.22632877157408,14.983462562017,2.69888885026746,17.2660643144076,4.91917239298999,16.0782326877522,3.74785902819526,3.74785902819526,0.000178610254105368,16.4800473197236,4.14184453728901,4.14184453728901,0.000266927366766257,15.9234696309909,3.59703306218717,3.59703306218717,0.000153002737062556,18.2060715535648,5.85471812314555,5.85471812314555,0.00149874725875149,17.018239882828,4.67340031545358,4.67340031545358,0.00045717856497026,4.67340031545358,0.00045717856497026,0.00045717856497026,0.00000000197157756592836,17.4200545357833,5.07211948348421,5.07211948348421,0.000683191838617117,5.07211948348421,0.000683191838617117,0.000683191838617117,0.00000000294659052278967,16.863476815452,4.52019943832965,4.52019943832965,0.000391640271936284,4.52019943832965,0.000391640271936284,0.000391640271936284,0.00000000168888902720201,19.1460788045038,6.79297717638065,6.79297717638065,0.00383231689478324,6.79297717638065,0.00383231689478324,0.00383231689478324,0.0000000165547487680212,"Raul Ruiz","Democrat"
"California","CA","0626",3030562.15882548,5051929.60729166,2708600.7634946,28328314.1923816,7758239.12659322,33.4496750636545,12932939.7946666,55.7604150491515,6934017.95454617,29.8960426045755,72520484.3324969,312.672321231489,19861092.1640787,85.6311681629553,85.6311681629553,0.000369199080311126,33108325.8743466,142.746662525828,142.746662525828,0.000615452733538879,17751085.9636382,76.5338690677132,76.5338690677132,0.000329976043520514,185652439.891192,800.441142352613,800.441142352613,0.00345110477808029,50844395.9400413,219.215790497166,219.215790497166,0.000945149645596481,219.215790497166,0.000945149645596481,0.000945149645596481,0.00000000407501599472008,84757314.2383274,365.43145606612,365.43145606612,0.00157555899785953,365.43145606612,0.00157555899785953,0.00157555899785953,0.00000000679302811656962,45442780.0669138,195.926704813346,195.926704813346,0.000844738671412517,195.926704813346,0.000844738671412517,0.000844738671412517,0.000000003642093729181,475270246.121452,2049.12932442269,2049.12932442269,0.00883482823188552,2049.12932442269,0.00883482823188552,0.00883482823188552,0.0000000380913927474598,14.924259021214,15.4352810266677,14.8119431052756,17.1593723992434,15.864266078629,3.53949956530066,16.375288164537,4.03883916461802,15.7519501387893,3.43062810465256,18.0993796362237,5.74834887806027,16.804273258575,4.46165966031945,4.46165966031945,0.000369130943101019,17.3152953759104,4.9680524621963,4.9680524621963,0.000615263420176937,16.6919573093988,4.35071486112233,4.35071486112233,0.000329921613399254,19.0393868863124,6.68641153498338,6.68641153498338,0.00344516338164936,17.7442804863846,5.39460793151395,5.39460793151395,0.000944703272907453,5.39460793151395,0.000944703272907453,0.000944703272907453,0.00000000407501609403108,18.2553026159964,5.90381148082377,5.90381148082377,0.00157431910695823,5.90381148082377,0.00157431910695823,0.00157431910695823,0.00000000679302811692266,17.6319645335614,5.28283160272264,5.28283160272264,0.000844382080504348,5.28283160272264,0.000844382080504348,0.000844382080504348,0.00000000364209373107776,19.9793941415215,7.62565815522691,7.62565815522691,0.00879602948963457,7.62565815522691,0.00879602948963457,0.00879602948963457,0.0000000380913919812413,"Julia Brownley","Democrat"
"California","CA","0627",3091170.53505832,5129795.82227127,3098226.70773294,28113937.5774328,7913396.5697493,34.1186369211832,13132277.3050145,56.6198594205266,7931460.37179632,34.1965190667355,71971680.198228,310.30615029175,20258295.2185582,87.3437105182291,87.3437105182291,0.000376582712651137,33618629.900837,144.946840116548,144.946840116548,0.00062493880689793,20304538.5517985,87.543088810843,87.543088810843,0.000377442332855393,184247501.307463,794.383744746881,794.383744746881,0.00342498828716825,51861235.759509,223.599898926666,223.599898926666,0.00096405174438691,223.599898926666,0.00096405174438691,0.00096405174438691,0.0000000041565124596065,86063692.5461428,371.063910698363,371.063910698363,0.0015998433456587,371.063910698363,0.0015998433456587,0.0015998433456587,0.0000000068977301668365,51979618.6926043,224.110307355758,224.110307355758,0.000966252372109808,224.110307355758,0.000966252372109808,0.000966252372109808,0.00000000416600047371201,471673603.347106,2033.62238655202,2033.62238655202,0.00876797001515073,2033.62238655202,0.00876797001515073,0.00876797001515073,0.000000037803133312732,14.9440607145788,15.4505766105675,14.9463407987856,17.1517760461035,15.8840677759362,3.55873195597451,16.3905837502678,4.05386728988469,15.886347860592,3.56094718756454,18.0917832829198,5.74077683405211,16.8240749574222,4.48123500798302,4.48123500798302,0.000376511823178049,17.3305909623564,4.98324244661387,4.98324244661387,0.000624743613959967,16.8263550422534,4.48348931274522,4.48348931274522,0.000377371119416736,19.0317905329444,6.67882469598805,6.67882469598805,0.00341913637280329,17.7640821858334,5.4143205922894,5.4143205922894,0.000963587344950127,5.4143205922894,0.000963587344950127,0.000963587344950127,0.00000000415651245890748,18.2705982027218,5.9190656424693,5.9190656424693,0.00159856495959012,5.9190656424693,0.00159856495959012,0.00159856495959012,0.00000000689773014103386,17.7663622707331,5.41659053698322,5.41659053698322,0.000965785850780637,5.41659053698322,0.000965785850780637,0.000965785850780637,0.00000000416600042483645,19.9717977881285,7.61806552122451,7.61806552122451,0.00872975458476504,7.61806552122451,0.00872975458476504,0.00872975458476504,0.0000000378031325758432,"George Whitesides","Democrat"
"California","CA","0628",4824132.33974764,5905373.05207685,5334883.28858552,36008475.5051558,12349778.789754,53.2461143417578,15117755.0133167,65.1802534874215,13657301.2187789,58.8835018565881,92181697.2931986,397.441709511684,31615433.7017701,136.3100527149,136.3100527149,0.000587701267881024,38701452.8340908,166.861448927799,166.861448927799,0.000719423719250114,34962691.120074,150.741764752866,150.741764752866,0.000649923644686541,235985145.070589,1017.45077634991,1017.45077634991,0.00438674257223007,80935510.2765315,348.953734950144,348.953734950144,0.00150451524577542,348.953734950144,0.00150451524577542,0.00150451524577542,0.00000000648672273157955,99075719.2552725,427.165309255165,427.165309255165,0.00184172472128029,427.165309255165,0.00184172472128029,0.00184172472128029,0.00000000794060256177965,89504489.2673896,385.898917767336,385.898917767336,0.00166380453039755,385.898917767336,0.00166380453039755,0.00166380453039755,0.00000000717349903800562,604121971.380707,2604.67398745577,2604.67398745577,0.011230060984909,2604.67398745577,0.011230060984909,0.011230060984909,0.0000000484184471193503,15.3891416579167,15.5913733505823,15.4897777533704,17.3992649271809,16.3291487900901,3.99353136481865,16.5313805058839,4.19238213275844,16.4297848976373,4.09240103908041,18.3392721687493,5.98756121277997,17.2691559992386,4.92224152724517,4.92224152724517,0.000587528639123638,17.4713877240668,5.1231389303808,5.1231389303808,0.000719165058056699,17.3697921115098,5.02218015995213,5.02218015995213,0.000649712535779501,19.2792794206302,6.9260379049456,6.9260379049456,0.00437714886355361,18.2091632384555,5.85780095988941,5.85780095988941,0.00150338459662347,5.85780095988941,0.00150338459662347,0.00150338459662347,0.00000000648672269348832,18.4113949668127,6.05950935758914,6.05950935758914,0.00184003082577974,6.05950935758914,0.00184003082577974,0.00184003082577974,0.00000000794060258835591,18.3097993525719,5.95816346451294,5.95816346451294,0.00166242194099981,5.95816346451294,0.00166242194099981,0.00166242194099981,0.00000000717349910231411,20.2192866765394,7.86544664911298,7.86544664911298,0.011167471999549,7.86544664911298,0.011167471999549,0.011167471999549,0.0000000484184458573461,"Judy Chu","Democrat"
"California","CA","0629",4717974.95515906,7397271.54474274,4666825.91542089,41849814.5057165,12078015.8852072,52.0744076305937,18937015.1545414,81.6470069121295,11947074.3434775,51.5098527165567,107135525.134634,461.91519042558,30919720.6661304,133.31048353432,133.31048353432,0.000574768614893128,48478758.7956261,209.016337695052,209.016337695052,0.000901174669253157,30584510.3193023,131.865222954385,131.865222954385,0.000568537368860067,274266944.344664,1182.50288748948,1182.50288748948,0.00509836532529327,79154484.9052937,341.274837847859,341.274837847859,0.00147140765412641,341.274837847859,0.00147140765412641,0.00147140765412641,0.00000000634397923466879,124105622.516803,535.081824499333,535.081824499333,0.00230700715328808,535.081824499333,0.00230700715328808,0.00230700715328808,0.00000000994666939080271,78296346.417414,337.574970763226,337.574970763226,0.00145545566428177,337.574970763226,0.00145545566428177,0.00145545566428177,0.0000000062752021747954,702123377.522337,3027.20739197308,3027.20739197308,0.0130518152327508,3027.20739197308,0.0130518152327508,0.0130518152327508,0.0000000562729469152206,15.3668904425313,15.8166219151992,15.3559899373406,17.5495979464245,16.3068975718625,3.97169484653963,16.7566290913123,4.41457860960197,16.2959970652562,3.96100082278118,18.489605190355,6.137543863281,17.2469047799008,4.9001541610509,4.9001541610509,0.000574603498678856,17.6966363176247,5.34718532623918,5.34718532623918,0.00090076885514881,17.2360042727415,4.88933525317888,4.88933525317889,0.000568375812720984,19.4296124431585,7.07623386873939,7.07623386873939,0.00508541266706658,18.1869120186839,5.83561403377158,5.83561403377158,0.00147032619459939,5.83561403377158,0.00147032619459939,0.00147032619459939,0.00000000634397932172657,18.6366435635463,6.28428680706782,6.28428680706782,0.00230435009806429,6.28428680706782,0.00230435009806429,0.00230435009806429,0.00000000994666943859088,18.1760115113086,5.824745547189,5.824745547189,0.00145439751528803,5.824745547189,0.00145439751528803,0.00145439751528803,0.00000000627520211600802,20.3696196994282,8.01572610361649,8.01572610361649,0.0129673742375376,8.01572610361649,0.0129673742375376,0.0129673742375376,0.0000000562729453855383,"Luz M. Rivas","Democrat"
"California","CA","0630",9680111.98859371,13867352.4576906,8739973.68878651,80034149.8713992,24781086.6907999,106.843741731315,35500422.291688,153.060194575483,22374332.6432934,96.4670132580618,204887423.670782,883.372842031284,63439581.9284477,273.519978832166,273.519978832166,0.00117928234307611,90881081.0667215,391.834098113235,391.834098113235,0.00168939408116738,57278291.5668312,246.955553940638,246.955553940638,0.00106474973247009,524511804.597202,2261.43447560009,2261.43447560009,0.00975018263194284,162405329.736826,700.211145810345,700.211145810345,0.00301896279827484,700.211145810345,0.00301896279827484,0.00301896279827484,0.0000000130162686382545,232655567.530807,1003.09529116988,1003.09529116988,0.0043248488477885,1003.09529116988,0.0043248488477885,0.0043248488477885,0.0000000186466008971124,146632426.411088,632.206218088035,632.206218088035,0.00272575931512344,632.206218088035,0.00272575931512344,0.00272575931512344,0.0000000117521207976281,1342750219.76884,5789.27225753622,5789.27225753622,0.0249604675377737,5789.27225753622,0.0249604675377737,0.0249604675377737,0.000000107617142878922,16.08558413156,16.4450479635357,15.9834178516077,18.1979639874408,17.0255913271003,4.68068334362545,17.3850551780841,5.03734339990911,16.9234250403764,4.57951399520046,19.1379712383183,6.78487874072266,17.9655985610014,5.6150240409319,5.6150240409319,0.00117858753584934,18.3250624194103,5.97338738053665,5.97338738053665,0.0016879686601593,17.8634322716324,5.51324951212222,5.51324951212222,0.0010641832885187,20.0779784938356,7.72419671409397,7.72419671409397,0.00970295632984403,18.9056058098873,6.55280904825781,6.55280904825781,0.00301441488111555,6.55280904825781,0.00301441488111555,0.00301441488111555,0.0000000130162686448038,19.2650696711965,6.91184220727165,6.91184220727165,0.00431552356629778,6.91184220727165,0.00431552356629778,0.00431552356629778,0.0000000186466007561356,18.803439519485,6.45079614805977,6.45079614805977,0.00272205117001389,6.45079614805977,0.00272205117001389,0.00272205117001389,0.0000000117521207629864,21.0179857511653,8.66393459148852,8.66393459148852,0.0246540435907667,8.66393459148852,0.0246540435907667,0.0246540435907667,0.000000107617137184079,"Laura Friedman","Democrat"
"California","CA","0631",3119841.18951905,4321899.71927817,8436453.48393166,31462402.7821853,7986793.44516877,34.435087805644,11064063.2813521,47.7027474412808,21597320.918865,93.1169244971096,80543751.1223943,347.26466399019,20446191.219632,88.1538247824487,88.1538247824487,0.000380075523127897,28324002.0002614,122.119033449679,122.119033449679,0.000526516638804999,55289141.5522945,238.379326712601,238.379326712601,0.00102777329885301,206192002.873329,888.997539814888,888.997539814888,0.00383291599472187,52342249.522258,225.673791443069,225.673791443069,0.000972993339207416,225.673791443069,0.000972993339207416,0.000972993339207416,0.00000000419506417687331,72509445.1206694,312.624725631178,312.624725631178,0.0013478825953408,312.624725631178,0.0013478825953408,0.0013478825953408,0.00000000581140051272217,141540202.373874,610.251076384258,610.251076384258,0.00263109964506371,610.251076384258,0.00263109964506371,0.00263109964506371,0.0000000113439952998876,527851527.355723,2275.83370192611,2275.83370192611,0.00981226494648797,2275.83370192611,0.00981226494648797,0.00981226494648797,0.0000000423056145528521,14.9532929782241,15.2792058447713,15.9480726934696,17.2643038602465,15.8933000413932,3.56770251019464,16.2192129622658,3.88573544412929,16.8880798797299,4.54453788692398,18.2043110993697,5.85296271942651,16.8333072235868,4.4903632461645,4.4903632461645,0.000380003312722517,17.1592201656803,4.81315163902611,4.81315163902611,0.00052637807755403,17.828087110006,5.47804943481114,5.47804943481114,0.00102724550148255,19.1443183502954,6.79121869846943,6.79121869846943,0.00382558908852004,17.7733144522744,5.42351194184511,5.42351194184511,0.000972520288013808,5.42351194184511,0.000972520288013808,0.000972520288013808,0.00000000419506406509819,18.0992274026573,5.74819712985536,5.74819712985536,0.00134697501704318,5.74819712985536,0.00134697501704318,0.00134697501704318,0.00000000581140045506942,18.7680943574759,6.41550780174337,6.41550780174337,0.00262764436186193,6.41550780174337,0.00262764436186193,0.00262764436186193,0.0000000113439952343307,20.0843256058315,7.73054102954776,7.73054102954776,0.00976443728542348,7.73054102954776,0.00976443728542348,0.00976443728542348,0.0000000423056136722017,"Gilbert Ray Cisneros, Jr.","Democrat"
"California","CA","0632",7381073.77104173,13146349.0277834,6728521.13027727,66300135.8957149,18895548.8538668,81.4682248120905,33654653.5111254,145.102156037997,17225014.0935098,74.2657083641321,169728347.89303,731.784364141634,48372605.065899,208.558655518952,208.558655518952,0.000899201370953998,86155912.9884809,371.461519457271,371.461519457271,0.00160155763721003,44096036.0793851,190.120213412178,190.120213412178,0.000819703963476896,434504570.606157,1873.36797220258,1873.36797220258,0.00807703254853788,123833868.968702,533.910158128516,533.910158128516,0.00230195550964223,533.910158128516,0.00230195550964223,0.00230195550964223,0.00000000992488921159791,220559137.250511,950.941489810615,950.941489810615,0.00409998755125769,950.941489810615,0.00409998755125769,0.00409998755125769,0.0000000176771106325541,112885852.363226,486.707746335176,486.707746335176,0.00209844214650085,486.707746335176,0.00209844214650085,0.00209844214650085,0.00000000904744063633339,1112331700.75176,4795.8220088386,4795.8220088386,0.020677203324257,4795.8220088386,0.020677203324257,0.020677203324257,0.0000000891498342775655,15.8144298189057,16.3916547136328,15.7218660831941,18.009702519946,16.754436994838,4.41241306535702,17.3316619257711,4.98430607592358,16.6618732511196,4.32102463086895,18.9497097692464,6.59685147598931,17.6944442210799,5.34500367878624,5.34500367878624,0.00089879733159149,18.2716691661559,5.92013372901303,5.92013372901303,0.00160027651145936,17.6018804742338,5.25290261965663,5.25290261965663,0.000819368189660657,19.8897170241475,7.53602680008782,7.53602680008782,0.00804458790833246,18.6344514669738,6.28209880406265,6.28209880406265,0.00229931006907116,6.28209880406265,0.00229931006907116,0.00229931006907116,0.00000000992488908351019,19.2116764175744,6.85850357261964,6.85850357261964,0.00409160550534266,6.85850357261964,0.00409160550534266,0.00409160550534266,0.0000000176771105078981,18.541887718906,6.18971634599191,6.18971634599191,0.00209624349207527,6.18971634599191,0.00209624349207527,0.00209624349207527,0.00000000904744053357748,20.8297242812365,8.47570889613128,8.47570889613128,0.0204663318232976,8.47570889613128,0.0204663318232976,0.0204663318232976,0.000000089149830207666,"Brad Sherman","Democrat"
"California","CA","0633",1475546.81669344,2111162.26543734,1705510.4243144,13485662.5247491,3777399.8507352,16.2862726362075,5404575.39951959,23.3018456921854,4366106.68624486,18.8244842115701,34523296.0633577,148.847311432736,9670143.61788212,41.6928579486911,41.6928579486911,0.000179758902516739,13835713.0227701,59.6527249719947,59.6527249719947,0.000257192931851659,11177233.1167868,48.1906795816195,48.1906795816195,0.000207774283158722,88379637.9221958,381.049117267803,381.049117267803,0.00164289459862232,24755567.6617782,106.733716348649,106.733716348649,0.000460182790442852,106.733716348649,0.000460182790442852,0.000460182790442852,0.00000000198407970662261,35419425.3382915,152.710975928306,152.710975928306,0.000658413905540247,152.710975928306,0.000658413905540247,0.000658413905540247,0.00000000283875385101515,28613716.7789742,123.368139728946,123.368139728946,0.000531902164886328,123.368139728946,0.000531902164886328,0.000531902164886328,0.00000000229329803977244,226251873.080821,975.485740205576,975.485740205576,0.00420581017247314,975.485740205576,0.00420581017247314,0.00420581017247314,0.0000000181333652331512,14.2045398799518,14.5627496641702,14.3493755793317,16.4171377179987,15.144546725461,2.84991269728795,15.5027566340174,3.19055230187303,15.2893824805256,2.9869177501116,17.3571449313033,5.00961685187823,16.0845538226312,3.7540316450901,3.7540316450901,0.000179742747821179,16.4427637797572,4.10516456384481,4.10516456384481,0.000257159863419317,16.2293895994476,3.89570416615438,3.89570416615438,0.000207752701071814,18.2971521721437,5.94554917957606,5.94554917957606,0.00164154652358595,17.0245610181066,4.67966259318893,4.67966259318893,0.000460076938815419,4.67966259318893,0.000460076938815419,0.000460076938815419,0.00000000198407978738394,17.3827709942051,5.03507405936968,5.03507405936968,0.000658197246200628,5.03507405936968,0.000658197246200628,0.000658197246200628,0.00000000283875389458595,17.1693968034198,4.82324603599928,4.82324603599928,0.000531760755071808,4.82324603599928,0.000531760755071808,0.000531760755071808,0.00000000229329799331819,19.2371594237402,6.88396014724603,6.88396014724603,0.00419699047354149,6.88396014724603,0.00419699047354149,0.00419699047354149,0.0000000181333650893935,"Pete Aguilar","Democrat"
"California","CA","0634",7161662.65501217,8068492.41882995,5319600.63701809,48309590.2862279,18333856.3968311,79.0464858237747,20655340.5922047,89.0555730320408,13618177.6307663,58.7148203703652,123672551.132744,533.214635715928,46934672.3758877,202.359003708863,202.359003708863,0.000872471550543536,52877671.916044,227.982266962024,227.982266962024,0.000982946339461918,34862534.7347618,150.309940148135,150.309940148135,0.000648061831396561,316601730.899823,1365.02946743277,1365.02946743277,0.00588532931157402,120152761.282273,518.03904949469,518.03904949469,0.00223352716939145,518.03904949469,0.00223352716939145,0.00223352716939145,0.00000000962986018385267,135366840.105073,583.634603422782,583.634603422782,0.00251634262902251,583.634603422782,0.00251634262902251,0.00251634262902251,0.0000000108492200248261,89248088.9209901,384.793446779226,384.793446779226,0.0016590382883752,384.793446779226,0.0016590382883752,0.0016590382883752,0.00000000715294936889633,810500431.103546,3494.47543662789,3494.47543662789,0.0150664430376295,3494.47543662789,0.0150664430376295,0.0150664430376295,0.0000000649590217252129,15.7842528659988,15.9034773337011,15.4869089782544,17.6931406762635,16.7242600394018,4.38260753871364,16.8434845166673,4.50042695790287,16.4269161221931,4.08958023700007,18.6331479221411,6.28079769774707,17.6642672646556,5.31497290827918,5.31497290827918,0.00087209116847251,17.7834917456567,5.4336445637088,5.4336445637088,0.000982463564044465,17.3669233359374,5.01933031690551,5.01933031690551,0.000647851930009151,19.5731551757052,7.21966361195719,7.21966361195719,0.00586807841274297,18.6042745101636,6.25197912020967,6.25197912020967,0.002231036555463,6.25197912020967,0.002231036555463,0.002231036555463,0.00000000962986019618775,18.7234989926239,6.37098704254835,6.37098704254835,0.0025131819400497,6.37098704254835,0.0025131819400497,0.0025131819400497,0.0000000108492199080047,18.3069305769495,5.95530211427041,5.95530211427041,0.00165766360457942,5.95530211427041,0.00165766360457942,0.00165766360457942,0.00000000715294931836471,20.5131624322719,8.15922467878614,8.15922467878614,0.0149540714720822,8.15922467878614,0.0149540714720822,0.0149540714720822,0.0000000649590196073775,"Jimmy Gomez","Democrat"
"California","CA","0635",1822687.75387948,2747604.52528501,2985640.26897413,17272188.2747285,4666080.64993147,20.117823002647,7033867.58472961,30.3265446334977,7643239.08857378,32.9538519984859,44216801.9833051,190.640896028294,11945166.4638245,51.5016268867763,51.5016268867763,0.000222049444017164,18006701.0169078,77.635954261754,77.635954261754,0.000334727687679917,19566692.0667489,84.3618611161238,84.3618611161238,0.00036372645854996,113195013.077261,488.040693832434,488.040693832434,0.00210418915428608,30579626.1473908,131.844164830147,131.844164830147,0.00056844657668394,131.844164830147,0.00056844657668394,0.00056844657668394,0.0000000024508593987453,46097154.603284,198.74804291009,198.74804291009,0.000856902880460588,198.74804291009,0.000856902880460588,0.000856902880460588,0.00000000369453975893402,50090731.6908771,215.966364457277,215.966364457277,0.000931139733887897,215.966364457277,0.000931139733887897,0.000931139733887897,0.00000000401461221150639,289779233.477787,1249.38417621103,1249.38417621103,0.00538672423497236,1249.38417621103,0.00538672423497236,0.00538672423497236,0.0000000232248803339554,14.4158233061602,14.8262403722694,14.9093251122132,16.6646082095887,15.3558302303241,3.05011737599902,15.7662474089768,3.44446580949454,15.8493321666027,3.52500230849592,17.6046154327995,5.25562328758474,16.2958373582189,3.960844157437,3.960844157437,0.000222024794688321,16.7062545808339,4.36482902820007,4.36482902820007,0.000334671678865617,16.7893393453669,4.44689940989691,4.44689940989691,0.00036366032611714,18.5446226775095,6.19244570448364,6.19244570448364,0.00210197844890596,17.235844565696,4.88917674824643,4.88917674824643,0.000568285072130282,4.88917674824643,0.000568285072130282,0.000568285072130282,0.00000000245085929028701,17.6462618054838,5.29705678690172,5.29705678690172,0.000856535948788891,5.29705678690172,0.000856535948788891,0.000856535948788891,0.00000000369453977839024,17.7293465727149,5.3797423390253,5.3797423390253,0.00093070649220397,5.3797423390253,0.00093070649220397,0.00093070649220397,0.00000000401461219017462,19.4846299306175,7.13120612404561,7.13120612404561,0.00537226772821955,7.13120612404561,0.00537226772821955,0.00537226772821955,0.0000000232248799715041,"Norma J. Torres","Democrat"
"California","CA","0636",13873270.6689601,36960010.3704901,13284312.0858309,151832609.076065,35515572.9125378,153.125516530138,94617626.5484547,407.944226994945,34007838.9397272,146.624916245716,388691479.234725,1675.84466890775,90919866.6560967,392.001322317154,392.001322317154,0.00169011506890604,242221123.964044,1044.33722110706,1044.33722110706,0.00450266357261027,87060067.6857014,375.359785589033,375.359785589033,0.0016183650252386,995050186.840895,4290.16235240383,4290.16235240383,0.0184970499512364,232754858.639608,1003.52338513191,1003.52338513191,0.00432669457639948,1003.52338513191,0.00432669457639948,0.00432669457639948,0.0000000186545587624586,620086077.347953,2673.50328603408,2673.50328603408,0.0115268187458823,2673.50328603408,0.0115268187458823,0.0115268187458823,0.0000000496979192412071,222873773.275396,960.921051107924,960.921051107924,0.00414301446461081,960.921051107924,0.00414301446461082,0.00414301446461082,0.0000000178626213196017,2547328478.31269,10982.8156221538,10982.8156221538,0.0473524478751652,10982.8156221538,0.0473524478751652,0.0473524478751652,0.000000204160244231662,16.4454746454387,17.4253471123808,16.4020944298423,18.8382892224902,17.3854818600058,5.03776731285043,18.3653543543849,6.01357878242881,17.342101642462,4.99467470717251,19.7782964769682,7.42466913314914,18.3254891013393,5.97381297653829,5.97381297653829,0.00168868843166095,19.305361606436,6.95209481196657,6.95209481196657,0.00449255690956563,18.2821088830348,5.93054556244192,5.93054556244192,0.00161705688373793,20.7183037338919,8.36431291983948,8.36431291983948,0.0183280602163524,19.2654963531284,6.91226846435425,6.91226846435425,0.0043173613450973,6.91226846435425,0.0043173613450973,0.0043173613450973,0.0000000186545586125831,20.2453688624117,7.89151895462416,7.89151895462416,0.0114608911109372,7.89151895462416,0.0114608911109372,0.0114608911109372,0.0000000496979181004592,19.2221161345268,6.86893237984261,6.86893237984261,0.00413445581112389,6.86893237984261,0.00413445581112389,0.00413445581112389,0.0000000178626212224999,21.658310991771,9.30417816126848,9.30417816126848,0.0462655016752567,9.30417816126848,0.0462655016752567,0.0462655016752567,0.00000020416022342525,"Ted Lieu","Democrat"
"California","CA","0637",11480135.7602258,14843626.7077007,7804787.7148024,79223129.1067944,29389147.5461782,126.711412187308,37999684.3717138,163.835771753714,19980256.5498941,86.1449458281765,202811210.513394,874.421241759068,75236217.7182161,324.38121519951,324.38121519951,0.00139857074113434,97279191.9915875,419.419575689507,419.419575689507,0.00180832896398624,51149456.7677289,220.531061320131,220.531061320132,0.000950820440338824,519196698.914288,2238.51837890321,2238.51837890321,0.00965137980107752,192604717.358633,830.415910910744,830.415910910744,0.00358034109730392,830.415910910744,0.00358034109730392,0.00358034109730392,0.0000000154366531332289,249034731.498464,1073.71411376514,1073.71411376514,0.00462932214780477,1073.71411376514,0.00462932214780477,0.00462932214780477,0.0000000199593385924733,130942609.325386,564.559516979537,564.559516979537,0.00243410032726739,564.559516979537,0.00243410032726739,0.00243410032726739,0.0000000104946320538565,1329143549.22058,5730.60704999222,5730.60704999222,0.0247075322907585,5730.60704999222,0.0247075322907585,0.0247075322907585,0.000000106526611678897,16.2561288616964,16.5130812205261,15.8702480410723,18.1877788609502,17.196136067107,4.84977312621313,17.4530884379646,5.10494965553325,16.8102552214867,4.46757277634486,19.1277861117498,6.77470518966581,18.1361433048638,5.78499746478273,5.78499746478273,0.00139759365198815,18.3930956804198,6.04125320235616,6.04125320235616,0.00180669590560676,17.7502624494793,5.40056281134724,5.40056281134724,0.000950368696912479,20.0677933672367,7.71401611231304,7.71401611231304,0.00960510275502054,19.0761505552558,6.72313016412729,6.72313016412729,0.00357394693376338,6.72313016412729,0.00357394693376338,0.00357394693376338,0.0000000154366529477685,19.3331029326471,6.97980996450968,6.97980996450968,0.00461863979138989,6.97980996450968,0.00461863979138989,0.00461863979138989,0.0000000199593384271199,18.6902696960572,6.3378155366663,6.3378155366663,0.00243114270352884,6.3378155366663,0.00243114270352884,0.00243114270352884,0.0000000104946319972028,21.0078006245544,8.65375123286336,8.65375123286336,0.0244072375243009,8.65375123286336,0.0244072375243009,0.0244072375243009,0.000000106526606079962,"Sydney Kamlager-Dove","Democrat"
"California","CA","0638",3215548.19376087,4583217.42218088,4139480.58093314,26823273.0461104,8231803.37602783,35.4914489774094,11733036.600783,50.5870282421285,10597070.2871888,45.689305517556,68667578.9980429,296.06050643878,21073416.6426312,90.8581093821681,90.8581093821681,0.000391735055615132,30036573.6980046,129.502792299849,129.502792299849,0.000558351740850255,27128499.9352034,116.964622124943,116.964622124943,0.000504293376394095,175789002.234989,757.914896483278,757.914896483278,0.00326775272063591,53947946.605136,232.59676001835,232.59676001835,0.00100284174237474,232.59676001835,0.00100284174237474,0.00100284174237474,0.00000000432375567127359,76893628.6668918,331.527148287613,331.527148287613,0.00142938045657665,331.527148287613,0.00142938045657665,0.00142938045657665,0.00000000616277882579551,69448959.8341208,299.429432639854,299.429432639854,0.00129099104356889,299.429432639854,0.00129099104356889,0.00129099104356889,0.00000000556611238875668,450019845.721573,1940.26213499719,1940.26213499719,0.00836544696482791,1940.26213499719,0.00836544696482791,0.00836544696482791,0.0000000360676537768181,14.983508723386,15.3379120215703,15.2360811159637,17.1047805031663,15.9235157923686,3.59707795855034,16.2779191471039,3.94327025022716,16.1760882272447,3.84351513454273,18.0447877389397,5.6939358434366,16.8635229768332,4.52024509717233,4.52024509717233,0.000391658347470366,17.2179263536587,4.87139462346754,4.87139462346754,0.000558195920516032,17.1160954282321,4.77038476701243,4.77038476701243,0.000504166263222481,18.9847949885569,6.63188964526357,6.63188964526357,0.0032624252195302,17.8035302064079,5.45359638107343,5.45359638107343,0.00100233923252502,5.45359638107343,0.00100233923252502,0.00100233923252502,0.00000000432375556644946,18.1579335918624,5.80672150574811,5.80672150574811,0.00142835986475868,5.80672150574811,0.00142835986475868,0.00142835986475868,0.00000000616277871278759,18.056102664261,5.7052128932524,5.7052128932524,0.00129015843115123,5.7052128932524,0.00129015843115123,0.00129015843115123,0.00000000556611244434083,19.9248022435818,7.57109362556876,7.57109362556876,0.00833065053713248,7.57109362556876,0.00833065053713248,0.00833065053713248,0.0000000360676531020873,"Linda T. Sánchez","Democrat"
"California","CA","0639",1993216.84619094,3027677.75993191,1710255.51196157,18241673.602176,5102635.12624882,22.0000291504757,7750855.06542567,33.4178386581668,4378254.11062162,18.8768578741542,46698684.4215707,201.341540820437,13062745.923197,56.3200746252178,56.3200746252178,0.000242824198253548,19842188.9674897,85.549666964907,85.549666964907,0.000368847687611373,11208330.5231913,48.3247561578348,48.3247561578348,0.000208352354784883,119548632.119221,515.43434450032,515.434344500319,0.00222229697472012,33440629.5633842,144.179391040558,144.179391040558,0.000621629947529084,144.179391040558,0.000621629947529084,0.000621629947529084,0.00000000268015968770675,50796003.7567738,219.007147430162,219.007147430162,0.000944250080285116,219.007147430162,0.000944250080285115,0.000944250080285115,0.00000000407113751574144,28693326.1393699,123.711375764057,123.711375764057,0.000533382028249299,123.711375764057,0.000533382028249299,0.000533382028249299,0.00000000229967847582529,306044498.225206,1319.51192192082,1319.51192192082,0.00568908025528351,1319.51192192082,0.0056890802552835,0.00568908025528351,0.0000000245284893704802,14.5052608988868,14.9233067980608,14.352153924224,16.7192193477261,15.445267851654,3.13549548334033,15.8633138552842,3.53857499561504,15.2921608264092,2.98955613411647,17.6592265728119,5.30995706575536,16.3852749907219,4.04865090486453,4.04865090486453,0.000242794721229597,16.8033210351553,4.46071843372235,4.46071843372235,0.000368779680025481,16.2321679457185,3.8984261083148,3.8984261083148,0.000208330652447455,18.5992338182543,6.24694816431386,6.24694816431386,0.00221983132505967,17.3252822025635,4.97797015733459,4.97797015733459,0.000621436815666735,4.97797015733459,0.000621436815666735,0.000621436815666735,0.0000000026801596461789,17.7433282629357,5.39366003414355,5.39366003414355,0.000943804556613261,5.39366003414355,0.000943804556613261,0.000943804556613261,0.00000000407113741888805,17.1721751498419,4.82600207357782,4.82600207357782,0.000533239830616872,4.82600207357782,0.000533239830616872,0.000533239830616872,0.00000000229967844502606,19.5392410716485,7.1857747600348,7.1857747600348,0.0056729585544075,7.1857747600348,0.0056729585544075,0.0056729585544075,0.0000000245284891609492,"Mark Takano","Democrat"
"California","CA","0640",3157975.14032367,4541702.78194719,2709927.69030277,24493224.2659026,8084416.3592286,34.85598934023,11626759.1217848,50.1288125206138,6937414.8871751,29.9106884914573,62702654.1207106,270.342712017886,20696105.8796252,89.2313327109889,89.2313327109889,0.000384721202321341,29764503.3517691,128.329760052771,128.329760052771,0.00055329420822414,17759782.1111683,76.5713625381307,76.5713625381307,0.000330137696749038,160518794.54902,692.077342765787,692.077342765788,0.0029838938780685,52982031.0518406,228.432211740132,228.432211740132,0.000984886277942633,228.432211740132,0.000984886277942633,0.000984886277942633,0.00000000424634062372598,76197128.5805288,328.524185735094,328.524185735094,0.0014164331730538,328.524185735094,0.0014164331730538,0.0014164331730538,0.00000000610695656771224,45465042.2045907,196.022688097615,196.022688097615,0.000845152503677538,196.022688097615,0.000845152503677538,0.000845152503677538,0.00000000364387796843554,410928114.045489,1771.71799748042,1771.71799748042,0.00763876832785535,1771.71799748042,0.00763876832785535,0.00763876832785535,0.0000000329345762980494,14.9654419184569,15.3288127819839,14.8124328789683,17.0139071175172,15.9054489839845,3.57951061976463,16.2688199063022,3.93434818411292,15.7524399125922,3.43110202996446,17.9539143511294,5.60338264191355,16.8454561670995,4.50237673605126,4.50237673605126,0.000384647216095039,17.2088271123822,4.86236542211554,4.86236542211554,0.000553141197420996,16.6924470832447,4.35119831962028,4.35119831962028,0.000330083213290681,18.8939215999024,6.54114159868509,6.54114159868509,0.00297945090278092,17.785463396147,5.43560761218786,5.43560761218786,0.000984401595664292,5.43560761218786,0.000984401595664292,0.000984401595664292,0.0000000042463406034525,18.1488343504005,5.79764975256928,5.79764975256928,0.00141543097783695,5.79764975256928,0.00141543097783695,0.00141543097783695,0.00000000610695647740729,17.6324543074241,5.28331889011486,5.28331889011486,0.000844795563398702,5.28331889011486,0.000844795563398702,0.000844795563398702,0.00000000364387785947183,19.8339288545976,7.48026923954925,7.48026923954925,0.00760974066707149,7.48026923954925,0.00760974066707149,0.00760974066707149,0.0000000329345758570695,"Young Kim","Republican"
"California","CA","0641",2086362.58209094,3165397.87588151,1864483.17116421,17857853.3039932,5341088.2101528,23.0281204537167,8103418.56225665,34.9379174048863,4773076.91818038,20.5791377865239,45716104.4582226,197.105143880132,13673185.8179912,58.9519883615148,58.9519883615148,0.000254171703510628,20744751.519377,89.4410685565089,89.4410685565089,0.000385625479151092,12219076.9105418,52.6825927335013,52.6825927335013,0.000227141182385838,117033227.41305,504.589168333139,504.589168333139,0.00217553795983532,35003355.6940574,150.917090205478,150.917090205478,0.000650679560987209,150.917090205478,0.000650679560987209,0.000650679560987209,0.00000000280540719748875,53106563.8896053,228.969135504663,228.969135504663,0.000987201226626797,228.969135504663,0.000987201226626797,0.000987201226626797,0.00000000425632153305485,31280836.8909869,134.867437397763,134.867437397763,0.000581481426907746,134.867437397763,0.000581481426907746,0.000581481426907746,0.00000000250705920096526,299605062.177408,1291.74827093284,1291.74827093284,0.0055693771771784,1291.74827093284,0.0055693771771784,0.0055693771771784,0.0000000240123891315729,14.5509331956594,14.9677896327544,14.4384949889775,16.6979539864412,15.4909401620757,3.17922483003165,15.9077966987346,3.58179293323478,15.3785019206359,3.07172700474653,17.6379612108091,5.2887979194458,16.4309473064752,4.09354404792126,4.09354404792126,0.000254139407355683,16.8478038820263,4.50469846242742,4.50469846242742,0.000385551144755456,16.3185090514582,3.98308879130145,3.98308879130145,0.000227115389733033,18.577968455971,6.22572441921143,6.22572441921143,0.00217317490378617,17.3709545203995,5.02333491285482,5.02333491285482,0.000650467960826047,5.02333491285482,0.000650467960826047,0.000650467960826047,0.00000000280540723591241,17.7878111111429,5.43794510646046,5.43794510646046,0.000986714263956251,5.43794510646046,0.000986714263956251,0.000986714263956251,0.00000000425632150840145,17.2585162600789,4.91167968536626,4.91167968536626,0.000581312432091309,4.91167968536626,0.000581312432091309,0.000581312432091309,0.00000000250705922374343,19.5179757092556,7.16452567376458,7.16452567376458,0.00555392554022252,7.16452567376458,0.00555392554022252,0.00555392554022252,0.0000000240123888998464,"Ken Calvert","Republican"
"California","CA","0642",4135632.20299526,6843358.77346922,3414184.91205263,33833328.1060638,10587218.4396679,45.646829242595,17518998.4600812,75.5332229863485,8740313.37485473,37.6838916115988,86613319.9515235,373.433631174373,27103279.2055497,116.855882861043,116.855882861043,0.000503824546678387,44848636.0578079,193.365050845052,193.365050845052,0.000833694091390326,22375202.2396281,96.4707625256928,96.4707625256929,0.000415934029226603,221730099.0759,955.990095806393,955.990095806393,0.00412175463362362,69384394.7662073,299.151060124271,299.151060124271,0.00128979083949667,299.151060124271,0.00128979083949667,0.00128979083949667,0.0000000055609377047117,114812508.307988,495.014530163333,495.014530163333,0.00213425687395923,495.014530163333,0.00213425687395923,0.00213425687395923,0.00000000920185595873171,57280517.7334479,246.965152065774,246.965152065774,0.0010647911148201,246.965152065774,0.0010647911148201,0.0010647911148201,0.00000000459085060671993,567629053.634304,2447.33464526437,2447.33464526437,0.0105516918620765,2447.33464526437,0.0105516918620765,0.0105516918620765,0.0000000454936562793537,15.2351510072424,15.7387893639536,15.0434496366396,17.3369569428341,16.1751581183864,3.84260495590715,16.6787965333989,4.33772493396026,15.9834567166478,3.6554232759585,18.2769641833145,5.92541456742387,17.1151653193203,4.76946254634622,4.76946254634622,0.000503697669705526,17.6188037571067,5.26973809626041,5.26973809626041,0.000833346761502393,16.9234639054193,4.57955246150199,4.57955246150199,0.000415847552646553,19.2169714347704,6.86379304218978,6.86379304218978,0.00411328347238136,18.0551725553283,5.70428588167319,5.70428588167319,0.00128895977381567,5.70428588167319,0.00128895977381567,0.00128895977381567,0.00000000556093769485184,18.5588110020108,6.20660522097999,6.20660522097999,0.00213198258312962,6.20660522097999,0.00213198258312962,0.00213198258312962,0.00000000920185590154849,17.8634711366764,5.51328822042789,5.51328822042789,0.00106422462685286,5.51328822042789,0.00106422462685286,0.00106422462685286,0.00000000459085057803261,20.1569786905135,7.8031633357863,7.8031633357863,0.0104964112905142,7.8031633357863,0.0104964112905142,0.0104964112905142,0.0000000454936551407295,"Robert Garcia","Democrat"
"California","CA","0643",7825588.95133384,16625988.84327,6647846.96164146,73490916.0379426,20033507.7154146,86.3745384141173,42562531.4387713,183.508502803606,17018488.2218021,73.3752713476731,188136745.057133,811.152232743583,51285779.7514614,221.11881834014,221.11881834014,0.00095335455678134,108960080.483255,469.781767177231,469.781767177231,0.00202546572830478,43567329.8478135,187.840694650043,187.840694650043,0.000809875810380461,481630067.346262,2076.54971582357,2076.54971582357,0.00895305134508318,131291596.163741,566.06417495076,566.06417495076,0.00244058766536023,566.06417495076,0.00244058766536023,0.00244058766536023,0.0000000105226022346788,278937806.037132,1202.64132397371,1202.64132397371,0.00518519226446022,1202.64132397371,0.00518519226446022,0.00518519226446022,0.0000000223559745399251,111532364.410403,480.87217830411,480.87217830411,0.00207328207457398,480.87217830411,0.00207328207457398,0.00207328207457398,0.0000000089389628984344,1232972972.40643,5315.96727250833,5315.96727250833,0.0229198114434129,5315.96727250833,0.0229198114434129,0.0229198114434129,0.0000000988188470080126,15.8729096846903,16.6264776821786,15.7098037454667,18.1126723788316,16.8129168653122,4.47020391772591,17.5664849040181,5.21769554807507,16.6498109122932,4.30912351223121,19.0526796290313,6.69968780133799,17.7529240933859,5.40321245644273,5.40321245644273,0.000952900402949278,18.5064921481924,6.15439464731511,6.15439464731511,0.00202341723822773,17.589818134978,5.24090377418246,5.24090377418246,0.000809548037924431,19.9926868842837,7.63894445704427,7.63894445704427,0.00891321040297995,18.6929313399954,6.34047248065767,6.34047248065767,0.0024376142681923,6.34047248065767,0.0024376142681923,0.0024376142681923,0.0000000105226022896574,19.4464994010912,7.09310667781033,7.09310667781033,0.00517179544515093,7.09310667781033,0.00517179544515093,0.00517179544515093,0.0000000223559743771804,18.5298253794825,6.17767888864102,6.17767888864102,0.00207113579134858,6.17767888864102,0.00207113579134858,0.00207113579134858,0.00000000893896286326297,20.93269414151,8.57865835823024,8.57865835823024,0.0226610982113575,8.57865835823024,0.0226610982113575,0.0226610982113575,0.0000000988188422225824,"Maxine Waters","Democrat"
"California","CA","0644",4777627.38052724,11912918.6011007,4511769.85732483,50574132.8523551,12230726.0941497,52.7328182292721,30497071.6188179,131.488230692163,11550130.8347516,49.7984293937056,129469780.102029,558.20940864417,31310658.8010233,134.996014666937,134.996014666937,0.000582035788252408,78072503.3441738,336.609870571938,336.609870571938,0.00145129463143969,29568334.9369641,127.483979247886,127.483979247886,0.000549647621332857,331442637.061194,1429.01608612908,1429.01608612908,0.00616120784133946,80155286.5306196,345.589797547358,345.589797547358,0.00149001161792617,345.589797547358,0.00149001161792617,0.00149001161792617,0.00000000642419028950273,199865608.561085,861.721268664161,861.721268664161,0.0037153142564856,861.721268664161,0.0037153142564856,0.0037153142564856,0.0000000160185903799769,75694937.4386281,326.358986874589,326.358986874589,0.00140709791061211,326.358986874589,0.00140709791061211,0.00140709791061211,0.00000000606670755112316,848493150.876657,3658.28118049043,3658.28118049043,0.015772692073829,3658.28118049043,0.015772692073829,0.015772692073829,0.0000000680040169089675,15.3794548266408,16.2931340499214,15.3222002857031,17.7389508148676,16.3194619575846,3.9840239550546,17.2331412572604,4.8864938165163,16.2622074091311,3.92786543665974,18.6789580613099,6.32652401596434,17.2594691662528,4.9126255813871,4.9126255813871,0.000581866471118943,18.1731484957704,5.82189099977051,5.82189099977051,0.00145024252121109,17.2022146148635,4.85580422144896,4.85580422144896,0.000549496620408097,19.6189653150947,7.26544097223199,7.26544097223199,0.00614230520263109,18.1994764052821,5.84814194103568,5.84814194103568,0.00148890265206007,5.84814194103568,0.00148890265206007,0.00148890265206007,0.0000000064241902702084,19.1131557464567,6.76009165938263,6.76009165938263,0.00370842952383444,6.76009165938263,0.00370842952383444,0.00370842952383444,0.0000000160185903257834,18.1422218527459,5.79105738792278,5.79105738792278,0.0014061088760175,5.79105738792278,0.0014061088760175,0.0014061088760175,0.00000000606670756234054,20.5589725717476,8.20502200833354,8.20502200833354,0.0156495958515961,8.20502200833354,0.0156495958515961,0.0156495958515961,0.0000000680040145498601,"Nanette Diaz Barragan","Democrat"
"California","CA","0645",2960524.42827968,4946747.46445406,2731389.25267236,25286526.0683119,7578942.53639597,32.6766371894335,12663673.5090024,54.5994725190105,6992356.48684125,30.1475693901152,64733506.7348783,279.098740149737,19402092.8931737,83.6521912049498,83.6521912049498,0.000360666714251817,32419004.1830461,139.774649648667,139.774649648667,0.00060263888964932,17900432.6063136,77.177777638695,77.177777638695,0.00033275225757097,165717777.241289,714.492774783327,714.492774783327,0.00308053809142202,49669357.8065247,214.149609484672,214.149609484672,0.000923306788484652,214.149609484672,0.000923306788484652,0.000923306788484652,0.00000000398084044007029,82992650.708598,357.823103100587,357.823103100587,0.00154275555750226,357.823103100587,0.00154275555750226,0.00154275555750226,0.00000000665159596901444,45825107.4721627,197.575110755059,197.575110755059,0.000851845779381681,197.575110755059,0.00085184577938168,0.00085184577938168,0.00000000367273604998753,424237509.737699,1829.10150344532,1829.10150344532,0.00788617751404039,1829.10150344532,0.00788617751404039,0.00788617751404039,0.0000000340012818675239,14.9008773201012,15.4142410428395,14.8203212876005,17.0457822849107,15.8408843727593,3.51680433846976,16.354248178144,4.01817371414338,15.7603283229912,3.43873621297924,17.9857895193034,5.6351421843971,16.7808915508471,4.43855099371311,4.43855099371311,0.000360601689646676,17.2942553885156,4.94716038240498,4.94716038240498,0.000602457375754966,16.700335494334,4.35898543374813,4.35898543374813,0.000332696907816605,18.9257967683813,6.57297150080901,6.57297150080901,0.00307580295597349,17.7208987779308,5.37133364419893,5.37133364419893,0.000922880802961844,5.37133364419893,0.000922880802961844,0.000922880802961844,0.00000000398084053816817,18.2342626282102,5.88282951802415,5.88282951802415,0.00154156673270082,5.88282951802415,0.00154156673270082,0.00154156673270082,0.00000000665159591858799,17.640342718783,5.2911674202683,5.2911674202683,0.00085148316467891,5.2911674202683,0.00085148316467891,0.00085148316467891,0.00000000367273610848995,19.8658040231956,7.51212671066083,7.51212671066083,0.0078552441404352,7.51212671066083,0.0078552441404352,0.0078552441404352,0.0000000340012812120534,"Derek Tran","Democrat"
"California","CA","0646",2450802.83671904,3594784.73442566,2146306.6096752,19701414.91445,6274055.26200073,27.0506111529835,9202648.92012969,39.6772529281913,5494544.92076852,23.6897495969637,50435622.180992,217.453361008768,16061581.4707219,69.2495645516378,69.2495645516378,0.000298569739183717,23558781.235532,101.57376749617,101.57376749617,0.000437935652961757,14066034.9971674,60.6457589682271,60.6457589682271,0.00026147440139122,129115192.78334,556.680604182447,556.680604182447,0.00240013036725234,41117648.565048,177.278885252193,177.278885252193,0.000764338532310316,177.278885252193,0.000764338532310316,0.000764338532310316,0.00000000329544824891696,60310479.962962,260.028844790195,260.028844790195,0.0011211152715821,260.028844790195,0.0011211152715821,0.0011211152715821,0.00000000483369240512044,36009049.5927485,155.253142958661,155.253142958661,0.000669374467561523,155.253142958661,0.000669374467561523,0.000669374467561523,0.00000000288601035241249,330534893.525349,1425.10234670706,1425.10234670706,0.00614433374016598,1425.10234670706,0.00614433374016598,0.00614433374016598,0.0000000264913163589804,14.711926625329,15.0949949463668,14.5792595328488,16.7962010649554,15.6519336351775,3.3340104197165,16.0350020353419,3.70566904009466,15.5192665074224,3.20638816142488,17.7362082925163,5.386572540991,16.5919407965428,4.25205410964145,4.25205410964145,0.000298525176109065,16.975009227616,4.63058222262038,4.63058222262038,0.000437839787131417,16.4592736550084,4.12140443516341,4.12140443516341,0.000261440222917569,18.6762155389256,6.32378640456309,6.32378640456309,0.00239725465483303,17.5319480170944,5.18334909526653,5.18334909526653,0.000764046574374734,5.18334909526653,0.000764046574374734,0.000764046574374734,0.00000000329544835321227,17.9150164602414,5.56463091765373,5.56463091765373,0.00112048729117125,5.56463091765373,0.00112048729117125,0.00112048729117125,0.00000000483369232359979,17.3992808701775,5.05147740334964,5.05147740334964,0.000669150536396154,5.05147740334964,0.000669150536396154,0.000669150536396154,0.00000000288601031544925,19.6162227926974,7.2627003702831,7.2627003702831,0.00612553428904426,7.2627003702831,0.00612553428904426,0.00612553428904426,0.0000000264913159008695,"J. Luis Correa","Democrat"
"California","CA","0647",2752540.97613931,4248612.86803889,2239085.25631744,21666455.1543511,7046504.89891663,30.381030457708,10876448.9421795,46.8938475633311,5732058.25617264,24.7137891712687,55466125.1951389,239.142392306239,18039052.5412266,77.7754379717325,77.7754379717325,0.000335329072182163,27843709.2919796,120.048249762128,120.048249762128,0.000517588447710933,14674069.1358019,63.2673002784478,63.2673002784478,0.000272777185897081,141993280.499555,612.204524303973,612.204524303973,0.00263952194258535,46179974.50554,199.105121207635,199.105121207635,0.000858442424786337,199.105121207635,0.000858442424786337,0.000858442424786337,0.00000000370117750966613,71279895.7874678,307.323519391047,307.323519391047,0.00132502642613998,307.323519391047,0.00132502642613998,0.00132502642613998,0.00000000571285605946517,37565616.987653,161.964288712826,161.964288712826,0.00069830959589653,161.964288712826,0.00069830959589653,0.00069830959589653,0.0000000030107642591867,363502798.078862,1567.24358221817,1567.24358221817,0.00675717617301849,1567.24358221817,0.00675717617301849,0.00675717617301849,0.0000000291335886464985,14.8280353976495,15.2621033390058,14.6215784193218,16.8912758231916,15.7680424347547,3.44620358480614,16.2021104540681,3.86898705281306,15.5615854056598,3.24702739164224,17.8312830535578,5.48123204868437,16.7080496067672,4.36660124740868,4.36660124740868,0.000335272861954417,17.1421176565326,4.79618922447844,4.79618922447844,0.000517454545012614,16.5015925578414,4.16305095256421,4.16305095256421,0.000272739988964612,18.7712903010628,6.41869852515696,6.41869852515696,0.00263604452235,17.6480568314777,5.29884283450374,5.29884283450374,0.000858074173821149,5.29884283450374,0.000858074173821149,0.000858074173821149,0.00000000370117757978533,18.0821248931385,5.73114961933575,5.73114961933575,0.00132414935330262,5.73114961933575,0.00132414935330262,0.00132414935330262,0.00000000571285594974849,17.4415997748055,5.09353108915218,5.09353108915218,0.000698065891198322,5.09353108915218,0.000698065891198322,0.000698065891198322,0.00000000301076430000171,19.7112975552627,7.35771153464785,7.35771153464785,0.00673444878264482,7.35771153464785,0.00673444878264482,0.00673444878264482,0.0000000291335882282582,"Dave Min","Democrat"
"California","CA","0648",7240755.46914799,12913424.4197829,6591701.77577554,67077675.076203,18536334.0010189,79.9194687206965,33058366.5146443,142.531262572158,16874756.5459854,72.7555717258936,171718848.19508,740.366413138994,47453015.0426082,204.593839924983,204.593839924983,0.000882107054686925,84629418.2774894,364.880032184724,364.880032184724,0.00157318153187091,43199376.7577226,186.254263618288,186.254263618288,0.000803035907451813,439600251.379405,1895.33801763582,1895.33801763582,0.00817175647607923,121479718.509077,523.760230207957,523.760230207957,0.00225819405999853,523.760230207957,0.00225819405999853,0.00225819405999853,0.00000000973621156877057,216651310.790373,934.092882392892,934.092882392892,0.00402734472158953,934.092882392892,0.00402734472158953,0.00402734472158953,0.000000017363910818981,110590404.49977,476.810914862816,476.810914862816,0.00205577192307664,476.810914862816,0.00205577192307664,0.00205577192307664,0.0000000088634678191588,1125376643.53127,4852.06532514771,4852.06532514771,0.0209196965787627,4852.06532514771,0.0209196965787627,0.0209196965787627,0.0000000901953447904528,15.7952362435927,16.3737780583634,15.7013222609286,18.0213618502554,16.7352434179251,4.39345444678981,17.3137852696656,4.96655286911784,16.6413294269743,4.30075654119194,18.9613690996623,6.60849498774684,17.675250643542,5.3259025716778,5.3259025716778,0.000881718226900667,18.2537925097238,5.90230549875341,5.90230549875341,0.00157194537809784,17.5813366493542,5.23246739179518,5.23246739179518,0.000802713646630593,19.9013763546051,7.54767994626888,7.54767994626888,0.00813854846332608,18.6152578891918,6.26294145390462,6.26294145390462,0.00225564817181163,6.26294145390462,0.00225564817181163,0.00225564817181163,0.00000000973621156731126,19.1937997610147,6.84064586381249,6.84064586381249,0.00401925667712597,6.84064586381249,0.00401925667712597,0.00401925667712597,0.0000000173639106029345,18.5213438937395,6.16921507862998,6.16921507862998,0.0020536617155522,6.16921507862998,0.0020536617155522,0.0020536617155522,0.00000000886346769826046,20.8413836117103,8.48736581009099,8.48736581009099,0.0207038843545124,8.48736581009099,0.0207038843545124,0.0207038843545124,0.0000000901953406809228,"Darrell Issa","Republican"
"California","CA","0649",7229851.05706666,11984053.0489668,5944676.02645163,62338235.7023386,18508418.7060906,79.7991118292139,30679175.8053551,132.2733735278,15218370.6277162,65.6140580599636,159585883.397987,688.055093083083,47381551.887592,204.285726282788,204.285726282788,0.000880778621643558,78538690.061709,338.619836231167,338.619836231167,0.00145996060539245,38959028.8069534,167.971988633506,167.971988633506,0.000724211815066067,408539861.498846,1761.42103829269,1761.42103829269,0.00759437295239025,121296772.832236,522.971459283937,522.971459283937,0.00225479327140751,522.971459283937,0.00225479327140751,0.00225479327140751,0.00000000972154905689467,201059046.557975,866.866780751789,866.866780751789,0.00373749914980467,866.866780751789,0.00373749914980467,0.00373749914980467,0.0000000161142406249276,99735113.7458006,430.008290901777,430.008290901777,0.00185398224656913,430.008290901777,0.00185398224656913,0.00185398224656913,0.00000000799345092483033,1045862045.43705,4509.23785802929,4509.23785802929,0.019441594758119,4509.23785802929,0.019441594758119,0.019441594758119,0.000000083822503633488,15.7937291315558,16.299087494823,15.5980067597098,17.9480855467308,16.7337363057613,4.39196597325394,17.2390947024656,4.89240245875366,16.5380139156935,4.19891563725311,18.888092795447,6.53532122875031,17.6737435313286,5.32440279546457,5.32440279546457,0.000880390963763907,18.1791019410943,5.82782686330606,5.82782686330606,0.001458895899068,17.478021134143,5.12973295345467,5.12973295345467,0.000723949700233031,19.82810005012,7.47444373271414,7.47444373271414,0.00756568087610937,18.6137507769591,6.26143721582227,6.26143721582227,0.00225225503980134,6.26143721582227,0.00225225503980134,0.00225225503980134,0.00000000972154907401229,19.1191091918269,6.76603822448478,6.76603822448478,0.00373053205413733,6.76603822448478,0.00373053205413733,0.00373053205413733,0.0000000161142404787102,18.418028376993,6.06612732634977,6.06612732634977,0.00185226574273474,6.06612732634977,0.00185226574273474,0.00185226574273474,0.00000000799345098026386,20.7681073071199,8.41410517124554,8.41410517124554,0.0192550212678723,8.41410517124554,0.0192550212678723,0.0192550212678723,0.0000000838225000917298,"Mike Levin","Democrat"
"California","CA","0650",16016137.2606477,29104113.6961774,14226992.6806063,148954802.760445,41001311.3872582,176.777297104239,74506531.0622143,321.2351686362,36421101.2623522,157.029705169851,381324295.066738,1644.08102866256,104963357.151381,452.549880586852,452.549880586851,0.00195117038914641,190736719.519268,822.362031708674,822.362031708674,0.00354561676902332,93238019.2316215,401.996045234818,401.996045234818,0.00173320735163824,976190195.370851,4208.84743337615,4208.84743337615,0.0181464603941319,268706194.307535,1158.52769430234,1158.52769430234,0.00499499619621482,1158.52769430234,0.00499499619621482,0.00499499619621482,0.0000000215359435280701,488286001.969327,2105.2468011742,2105.2468011742,0.00907677892869972,2105.2468011742,0.00907677892869972,0.00907677892869972,0.0000000391345640209667,238689329.232951,1029.10987580114,1029.10987580114,0.00443701082019388,1029.10987580114,0.00443701082019388,0.00443701082019388,0.0000000191301876324836,2499046900.14938,10774.649429443,10774.649429443,0.0464549386089775,10774.649429443,0.0464549386089775,0.0464549386089775,0.000000200290629898986,16.5891074131577,17.18639012064,16.4706516814501,18.8191534874289,17.5291146336016,5.18053162709934,18.1263973581937,5.77528161635735,17.4106588971092,5.06278302275991,19.7591607418294,7.40554491953199,18.4691218772308,6.1171052537754,6.1171052537754,0.00194926932866293,19.0664046085063,6.71339599667277,6.71339599667277,0.0035393458882755,18.3506661388693,5.99892674858543,5.99892674858543,0.00173170708104627,20.6991679987228,8.34518168691672,8.34518168691672,0.0179837785010825,19.4091291299166,7.05576804110405,7.05576804110405,0.00498256258940525,7.05576804110405,0.00498256258940525,0.00498256258940525,0.000000021535943241085,20.006411863803,7.65266287536917,7.65266287536917,0.00903583255842608,7.65266287536917,0.00903583255842608,0.00903583255842608,0.0000000391345632680588,19.2906733908251,6.93742075106934,6.93742075106934,0.00442719630837233,6.93742075106934,0.00442719630837233,0.00442719630837233,0.0000000191301874732202,21.63917525659,9.28504418502973,9.28504418502973,0.0454082028358784,9.28504418502973,0.0454082028358784,0.0454082028358784,0.000000200290609801102,"Scott H. Peters","Democrat"
"California","CA","0651",12383092.1820293,22640572.3418443,11316645.6327836,116280487.319783,31700715.9859949,136.677747580894,57959865.1951214,249.894161017097,28970612.819926,124.906898254759,297678047.538646,1283.43994059425,81153832.9241469,349.89503380709,349.89503380709,0.00150857365908144,148377254.899511,639.729052203767,639.729052203767,0.00275819404066141,74164768.8190108,319.761659532183,319.761659532183,0.00137865351075653,762055801.698932,3285.60624792127,3285.60624792127,0.0141659028017534,207753812.285816,895.731286546148,895.731286546148,0.00386194856724849,895.731286546148,0.00386194856724849,0.00386194856724849,0.0000000166508047224542,379845772.542747,1637.70637364164,1637.70637364164,0.00706097674409322,1637.70637364164,0.00706097674409322,0.00706097674409322,0.0000000304434258686807,189861808.176667,818.589848402388,818.589848402388,0.00352935298753671,818.589848402388,0.00352935298753671,0.00352935298753671,0.0000000152168177200644,1950862852.34927,8411.15199467847,8411.15199467847,0.0362647111724885,8411.15199467847,0.0362647111724885,0.0362647111724885,0.000000156355428751742,16.3318426471652,16.935254135265,16.2417853530004,18.5715158331627,17.2718498564465,4.92491579195609,17.8752613668413,5.52503118094971,17.1817925576442,4.83554273108829,19.5115230864136,7.15807805842624,18.2118570957152,5.86048712975915,5.86048712975915,0.00150743690494693,18.815268614819,6.46260667208981,6.46260667208981,0.00275439720348514,18.1217997951014,5.77069835367586,5.77069835367586,0.00137770404056523,20.451530342858,8.09761077577419,8.09761077577419,0.0140665040164961,19.1518643466978,6.79875624811118,6.79875624811118,0.00385451038830617,6.79875624811118,0.00385451038830617,0.00385451038830617,0.0000000166508045963831,19.7552758692036,7.40166241299457,7.40166241299457,0.00703616477714937,7.40166241299457,0.00703616477714937,0.00703616477714937,0.0000000304434253168899,19.0618070453764,6.70880403024898,6.70880403024898,0.00352313943686527,6.70880403024898,0.00352313943686527,0.00352313943686527,0.0000000152168176900319,21.3915376005498,9.03743260545137,9.03743260545137,0.0356226239142343,9.03743260545137,0.0356226239142343,0.0356226239142343,0.000000156355416602907,"Sara Jacobs","Democrat"
"California","CA","0652",9835340.59541726,17938379.5739282,8935278.12122213,92052048.7963341,25178471.9242681,108.557069551934,45922251.7092562,197.993948472234,22874311.9903286,98.6226759572868,235653244.918615,1016.01978768664,64456888.1261265,277.906098052952,277.906098052952,0.00119819311140018,117560964.375696,506.86450808892,506.86450808892,0.00218534809513127,58558238.6952413,252.474050450655,252.474050450655,0.00108854274942767,603272306.991655,2601.01065647781,2601.01065647781,0.0112142665206157,165009633.602884,711.439611015555,711.439611015555,0.00306737436518445,711.439611015555,0.00306737436518445,0.00306737436518445,0.0000000132249952778985,300956068.801781,1297.57314070763,1297.57314070763,0.00559449112353606,1297.57314070763,0.00559449112353606,0.00559449112353606,0.0000000241206679989192,149909091.059818,646.333569153676,646.333569153676,0.00278666943853483,646.333569153676,0.00278666943853483,0.00278666943853483,0.0000000120147350072384,1544377105.89864,6658.58728058318,6658.58728058318,0.0287085222927762,6658.58728058318,0.0287085222927762,0.0287085222927762,0.00000012377689403249,16.1014927418323,16.7024531415086,16.0055179451725,18.337864733688,17.041499938366,4.69644559661049,17.6424603660296,5.29327441457484,16.9455251354652,4.6013898089315,19.2778719855596,6.9246318527783,17.9815071726553,5.63087515905183,5.63087515905183,0.00119747585092134,18.5824676112514,6.23021469564295,6.23021469564295,0.00218296369518019,17.8855323673165,5.5352614527054,5.5352614527054,0.00108795071636552,20.2178792414652,7.864039754559,7.864039754559,0.0111518528162875,18.9215144216928,6.56869515208138,6.56869515208138,0.00306267957044825,6.56869515208138,0.00306267957044825,0.00306267957044825,0.0000000132249952336314,19.5224748645594,7.16902135659207,7.16902135659207,0.00557890008034328,7.16902135659207,0.00557890008034328,0.00557890008034328,0.0000000241206676165646,18.8255396154017,6.47286172447817,6.47286172447817,0.00278279387353114,6.47286172447817,0.00278279387353114,0.00278279387353114,0.0000000120147349125119,21.1578864989465,8.80381279173182,8.80381279173182,0.0283041536473861,8.80381279173182,0.0283041536473861,0.0283041536473861,0.000000123776886407258,"Juan Vargas","Democrat"
"Colorado","CO","0801",2227633.14304076,3768522.04826585,3700793.62410692,37859507.2237298,5702740.84618436,24.5873870558125,9647416.44356057,41.5948696573062,9474031.67771372,40.847320634399,96920338.4927484,417.872377577182,14599016.5662319,62.94371086288,62.94371086288,0.000271382029002822,24697386.0955151,106.482866322704,106.482866322704,0.000459101249680745,24253521.0949471,104.569140824061,104.569140824061,0.000450850215516149,248116066.541436,1069.75328659759,1069.75328659759,0.00461224502765212,37373482.4095537,161.135899808973,161.135899808973,0.000694737994247224,161.135899808973,0.000694737994247224,0.000694737994247224,0.00000000299536528621402,63225308.4045186,272.596137786122,272.596137786122,0.00117529919918271,272.596137786122,0.00117529919918271,0.00117529919918271,0.00000000506730659802413,62089014.0030646,267.697000509597,267.697000509596,0.00115417655172134,267.697000509596,0.00115417655172134,0.00115417655172134,0.00000000497623622979522,635177130.346075,2738.56841368982,2738.56841368982,0.0118073472707894,2738.56841368982,0.0118073472707894,0.0118073472707894,0.000000050907418955139,14.6164506578565,15.1421937182788,15.1240581178283,17.4493927143248,15.5564576427954,3.24209953694005,16.0822008150689,3.75173381544331,16.0640652116591,3.73402777181302,18.3893999567206,6.03756628540447,16.4964647944304,4.15800317858949,4.15800317858949,0.000271345211560865,17.0222080103958,4.67733145182028,4.67733145182028,0.000458995894946546,17.0040724058301,4.65936610152064,4.65936610152064,0.000450748613094805,19.3294072089247,6.97611768592583,6.97611768592583,0.00460164121796592,17.436472011181,5.08843487127246,5.08843487127246,0.000694496775522992,5.08843487127246,0.000694496775522992,0.000694496775522992,0.0000000029953652846518,17.9622152442136,5.61165306936997,5.61165306936997,0.0011746090757603,5.61165306936997,0.0011746090757603,0.0011746090757603,0.00000000506730656150793,17.9440796391963,5.59358435258778,5.59358435258778,0.00115351100202375,5.59358435258778,0.00115351100202375,0.00115351100202375,0.0000000049762362995229,20.2694144649602,7.91555567372371,7.91555567372371,0.0117381844334305,7.91555567372371,0.0117381844334305,0.0117381844334305,0.0000000509074176511945,"Diana DeGette","Democrat"
"Colorado","CO","0802",2568141.00837461,8140880.60143916,1751688.21368444,42157321.714982,6574440.981439,28.3457252304204,20840654.3396843,89.8545539008787,4484321.82703217,19.3341692035402,107922743.590354,465.309285544108,16830568.9124839,72.5650565898762,72.5650565898762,0.000312864494674698,53352075.1095916,230.02765798625,230.02765798625,0.000991765049999458,11479863.8772024,49.495473161063,49.495473161063,0.000213399905229061,276282223.591306,1191.19177099292,1191.19177099292,0.00513582747683478,43086256.4159587,185.766544870083,185.766544870083,0.000800933106367225,185.766544870083,0.000800933106367225,0.000800933106367225,0.0000000034532258826458,136581312.280554,588.870804444799,588.870804444799,0.00253891852799862,588.870804444799,0.00253891852799862,0.00253891852799862,0.0000000109465560920314,29388451.525638,126.708411292321,126.708411292321,0.000546303757386395,126.708411292321,0.000546303757386395,0.000546303757386395,0.00000000235539055608521,707282492.393744,3049.45093374187,3049.45093374187,0.013147718340697,3049.45093374187,0.013147718340697,0.013147718340697,0.0000000566864334997475,14.7586932414743,15.9124090369593,14.3760911452936,17.5569189572157,15.6987002626833,3.37914688763984,16.8524162205971,4.50925991907718,15.3160980559065,3.01230268303111,18.4969262012523,6.14484911685664,16.6387074284863,4.29817013839961,4.29817013839961,0.000312815562784357,17.7924234498488,5.44253743489675,5.44253743489675,0.000991273575966675,16.2561051785079,3.92188369188839,3.92188369188839,0.000213377138708033,19.4369334540974,7.08354871639069,7.08354871639069,0.00512268409711191,17.5787146507714,5.22985941377058,5.22985941377058,0.000800612530608498,5.22985941377058,0.000800612530608498,0.000800612530608498,0.00000000345322592146764,18.7324306969185,6.37990353740384,6.37990353740384,0.00253570091936619,6.37990353740384,0.00253570091936619,0.00253570091936619,0.0000000109465560460927,17.1961123839173,4.84974962846776,4.84974962846776,0.000546154587814083,4.84974962846776,0.000546154587814083,0.000546154587814083,0.0000000023553905464951,20.3769407103833,8.02304470580163,8.02304470580163,0.0130620372817528,8.02304470580163,0.0130620372817528,0.0130620372817528,0.0000000566864319404948,"Joe Neguse","Democrat"
"Colorado","CO","0803",315432.502630247,689075.750216504,375047.136390705,5030423.56836227,807507.206733431,3.48157013931245,1764033.92055425,7.6056384033776,960120.669160203,4.1395636150506,12877884.3350074,55.5230432427362,2067218.44923758,8.91281955663989,8.91281955663989,0.0000384276526162585,4515926.83661888,19.4704343126467,19.4704343126467,0.0000839468454734582,2457908.91305012,10.5972828545295,10.5972828545295,0.000045690222002387,32967383.897619,142.138990701405,142.138990701405,0.000612832754347645,5292079.23004821,22.8168180649981,22.8168180649981,0.0000983747906976217,22.8168180649981,0.0000983747906976217,0.0000983747906976216,0.000000000424143253333237,11560772.7017443,49.8443118403754,49.8443118403754,0.000214903924412053,49.8443118403754,0.000214903924412053,0.000214903924412053,0.000000000926559019925945,6292246.81740831,27.1290441075956,27.1290441075956,0.000116966968326111,27.1290441075956,0.000116966968326111,0.000116966968326111,0.000000000504303492048616,84396502.7779045,363.875816195596,363.875816195596,0.00156885185112997,363.875816195596,0.00156885185112997,0.00156885185112997,0.00000000676411023004315,12.6617031705403,13.4431079374299,12.8348096604232,15.4310149457429,13.6017084971647,1.49997346254909,14.3831143115855,2.15241761672884,13.7748152941219,1.63696817606728,16.3710220830965,4.03464840001041,14.5417150010196,2.29382882418559,2.29382882418559,0.0000384269142928627,15.3231212246331,3.0189816164802,3.0189816164802,0.0000839433221341632,14.714821917928,2.45077083399614,2.45077083399614,0.0000456891782358924,17.3110292942685,4.96381612115666,4.96381612115666,0.000612645049039195,15.481721964731,3.17039197251044,3.17039197251044,0.0000983699522151178,3.17039197251044,0.0000983699522151178,0.0000983699522151178,0.000000000424143164944303,16.2631283481855,3.92876825469139,3.92876825469139,0.000214880835871602,3.92876825469139,0.000214880835871602,0.000214880835871602,0.000000000926559051276766,15.6548289284954,3.33680264068001,3.33680264068001,0.000116960128223615,3.33680264068001,0.000116960128223615,0.000116960128223615,0.000000000504303487731077,18.2510365342758,5.89955706609016,5.89955706609016,0.00156762248868821,5.89955706609016,0.00156762248868821,0.00156762248868821,0.00000000676411013799627,"Jeff Hurd","Republican"
"Colorado","CO","0804",2407926.35281808,4152287.60150504,3180110.96262133,35195062.242443,6164291.4632143,26.5773641515379,10629856.2598529,45.830662353091,8141084.0643106,35.1003123484109,90099359.3406539,388.463702163782,15780586.1458286,68.038052227937,68.038052227937,0.000293346299572982,27212432.0252234,117.326495623913,117.326495623913,0.00050585359524752,20841175.2046351,89.856799611932,89.856799611932,0.000387417905047081,230654359.912074,994.467077539283,994.467077539283,0.00428764827461539,40398300.5333212,174.177413703519,174.177413703519,0.000750966526906833,174.177413703519,0.000750966526906833,0.000750966526906833,0.00000000323779480096344,69663825.984572,300.355828797217,300.355828797216,0.00129498520383365,300.355828797216,0.00129498520383365,0.00129498520383365,0.00000000558333322467428,53353408.5238659,230.033407006546,230.033407006546,0.000991789836920524,230.033407006546,0.000991789836920524,0.000991789836920524,0.00000000427610534234643,590475161.374911,2545.83571850056,2545.83571850056,0.0109763795830154,2545.83571850056,0.0109763795830154,0.0109763795830154,0.0000000473246988699639,14.6942769158603,15.2391702104452,14.972426962508,17.3764163819383,15.6342839212814,3.31699529678773,16.1791773221803,3.84653816687273,15.9124340293789,3.58630151761196,18.3164236231156,5.9647706701179,16.5742910809172,4.23465783415149,4.23465783415149,0.000293303281959657,17.119184523345,4.77344771567788,4.77344771567788,0.000505725694448563,16.8524412130185,4.50928463642158,4.50928463642158,0.000387342878107801,19.2564308748437,6.9032120516759,6.9032120516759,0.00427848250115399,17.5142983007932,5.16579925297439,5.16579925297439,0.000750684692634403,5.16579925297439,0.000750684692634403,0.000750684692634403,0.00000000323779469377642,18.0591917594432,5.70829172202577,5.70829172202577,0.00129414743368331,5.70829172202577,0.00129414743368331,0.00129414743368331,0.00000000558333311357979,17.792448442271,5.44256231914142,5.44256231914142,0.000991298338328883,5.44256231914142,0.000991298338328883,0.000991298338328883,0.00000000427610523852666,20.1964381306932,7.84260697289946,7.84260697289946,0.0109165763460339,7.84260697289946,0.0109165763460339,0.0109165763460339,0.0000000473246977065874,"Lauren Boebert","Republican"
"Colorado","CO","0805",493289.214629083,816338.126146032,685240.972768217,8300617.14054717,1262820.38945045,5.44465451523456,2089825.60293385,9.01029037868015,1754216.89028663,7.56331224312608,21249579.8798007,91.6176377938773,3232820.19699316,13.9383155590005,13.9383155590005,0.0000600950961649432,5349953.54351065,23.0663433694212,23.0663433694212,0.000099450619918263,4490795.23913379,19.3620793424027,19.3620793424027,0.0000834796726411893,54398924.4922899,234.541152752326,234.541152752326,0.00101122499843147,8276019.70430249,35.6820878310412,35.6820878310412,0.000153843446182255,35.6820878310412,0.000153843446182255,0.000153843446182255,0.000000000663296554991459,13695881.0713872,59.0498390257183,59.0498390257182,0.000254593586990753,59.0498390257183,0.000254593586990753,0.000254593586990753,0.0000000010976811386156,11496435.8121825,49.5669231165511,49.5669231165511,0.000213707961961445,49.5669231165511,0.000213707961961445,0.000213707961961445,0.000000000921402623647302,139261246.700262,600.425351045954,600.425351045954,0.00258873599598457,600.425351045954,0.00258873599598457,0.00258873599598457,0.0000000111613442790715,13.1088529504735,13.6125851433774,13.4375272997852,15.9318405447584,14.0488589736366,1.86325102987049,14.5525916553958,2.30361360176554,14.3775336689918,2.14748705960044,16.8718477298367,4.52847959645051,14.9888657495775,2.70392942629339,2.70392942629339,0.0000600932905269397,15.492598622296,3.18081432373689,3.18081432373689,0.0000994456750332839,15.3175405801062,3.01367431526924,3.01367431526924,0.0000834761884072529,17.8118549596511,5.4618856444845,5.4618856444845,0.00101071405485641,15.9288728195726,3.60228856591672,3.60228856591672,0.000153831613492906,3.60228856591672,0.000153831613492906,0.000153831613492906,0.000000000663296528593381,16.4326057668847,4.0951748678516,4.0951748678516,0.00025456118354307,4.0951748678516,0.00025456118354307,0.00025456118354307,0.00000000109768105655812,16.2575477029035,3.92329766919397,3.92329766919397,0.000213685129667919,3.92329766919397,0.000213685129667919,0.000213685129667919,0.000000000921402731465961,18.7518622069406,6.39930242305136,6.39930242305136,0.00258539099060308,6.39930242305136,0.00258539099060308,0.00258539099060308,0.0000000111613442309545,"Jeff Crank","Republican"
"Colorado","CO","0806",3769271.04088201,6020909.88019682,6075391.97570558,60485199.949477,9649333.86465794,41.6031366250575,15413529.2933039,66.4554853275748,15553003.4578063,67.0568286744679,154842111.870661,667.602305591478,24702294.6935243,106.504029760147,106.504029760147,0.000459192495915124,39458634.9908578,170.126042438592,170.126042438592,0.000733499025562421,39815688.8519841,171.665481406638,171.665481406638,0.000740136322044423,396395806.388892,1709.06190231418,1709.06190231418,0.00736862635493214,63237874.4154223,272.650316185977,272.650316185977,0.00117553278954272,272.650316185977,0.00117553278954272,0.00117553278954272,0.00000000506831372367633,101014105.576596,435.522668642795,435.522668642794,0.0018777575054398,435.522668642795,0.0018777575054398,0.0018777575054398,0.0000000080959580364057,101928163.461079,439.463632400993,439.463632400993,0.00189474898443372,439.463632400993,0.00189474898443372,0.00189474898443372,0.00000000816921685737315,1014773264.35556,4375.1984699243,4375.1984699243,0.0188636834686263,4375.1984699243,0.0188636834686263,0.0188636834686263,0.0000000813308370924441,15.1423924481752,15.6107491148417,15.6197572324577,17.9179092806732,16.0823995449975,3.75192788026098,16.5507562721234,4.2114679036996,16.559764390647,4.22034307196109,18.8579165290899,6.50518942236695,17.0224067403369,4.67752833300603,4.67752833300603,0.000459087099304697,17.4907634910798,5.14240037526919,5.14240037526919,0.000733230146625864,17.4997716099579,5.15135608912749,5.15135608912749,0.000739862556231253,19.7979237836459,7.44428484902523,7.44428484902523,0.00734161065895886,17.9624139741596,5.61185107302861,5.61185107302861,0.00117484239187675,5.61185107302861,0.00117484239187675,0.00117484239187675,0.00000000506831375583077,18.4307707341279,6.07884030667529,6.07884030667529,0.001875996722686,6.07884030667529,0.001875996722686,0.001875996722686,0.00000000809595809334747,18.4397788531445,6.08782788215185,6.08782788215185,0.00189295621178887,6.08782788215185,0.00189295621178887,0.00189295621178887,0.00000000816921682516539,20.7379310406001,8.3839356972608,8.3839356972608,0.0186879704819557,8.3839356972608,0.0186879704819557,0.0186879704819557,0.0000000813308338687444,"Jason A. Crow","Democrat"
"Colorado","CO","0807",1734708.88064743,3283379.40149296,2617969.07683923,27418462.3376152,4440854.73445742,19.1467606822427,8405451.26782199,36.2401324687565,6702000.83670844,28.8956999914849,70191263.584295,302.62987784871,11368588.120211,49.0157073465414,49.0157073465414,0.000211331393245796,21517955.2456243,92.7747391200165,92.7747391200165,0.000399998611417198,17157122.1419736,73.9729919782013,73.9729919782013,0.000318934813013903,179689634.775795,774.732487292698,774.732487292698,0.00334026182208914,29103585.5877402,125.480210807146,125.480210807146,0.000541008366709236,125.480210807146,0.000541008366709236,0.000541008366709236,0.00000000233255946070444,55085965.4287982,237.503332147243,237.503332147243,0.00102399644522803,237.503332147243,0.00102399644522803,0.00102399644522803,0.00000000441496424643662,43922232.6834524,189.370859464195,189.370859464195,0.00081647312131559,189.370859464195,0.00081647312131559,0.00081647312131559,0.00000000352022671131649,460005465.026036,1983.31516746931,1983.31516746931,0.00855107026454819,1983.31516746931,0.00855107026454819,0.00855107026454819,0.0000000368679692812222,14.3663507416158,15.0043840598575,14.7779097956079,17.1267271888656,15.3063576488237,3.00304351528292,15.9443911327552,3.61738700956571,15.7179168213331,3.39771465706074,18.0667344251321,5.71580945256574,16.246364770095,3.91233710302516,3.91233710302516,0.000211309065912398,16.884398318749,4.54089551398612,4.54089551398612,0.000399918633299297,16.6579239889003,4.31712794172492,4.31712794172491,0.000318883964117819,19.0067416749419,6.65380772787895,6.65380772787895,0.00333469553935286,17.1863719749848,4.84008585962299,4.84008585962299,0.000540862074443985,4.84008585962299,0.000540862074443985,0.000540862074443985,0.00000000233255947618101,17.8244055489211,5.47438328149806,5.47438328149806,0.00102347251850375,5.47438328149806,0.00102347251850375,0.00102347251850375,0.00000000441496416228218,17.5979312118744,5.24897406161148,5.24897406161148,0.000816139988453713,5.24897406161148,0.000816139988453713,0.000816139988453713,0.00000000352022677054713,19.9467489300421,7.59302912979999,7.59302912979999,0.00851471695600363,7.59302912979999,0.00851471695600363,0.00851471695600363,0.0000000368679686644774,"Brittany Pettersen","Democrat"
"Colorado","CO","0808",1435229.1240874,3019876.64111392,2008814.82950993,23340004.2800094,3674186.55766376,15.8412681630074,7730884.20125164,33.3317342075998,5142565.96354543,22.1721910948031,59750410.9568242,257.614105316089,9405917.58761922,40.5536464972989,40.5536464972989,0.000174847188369228,19791063.5552042,85.3292395714558,85.3292395714558,0.000367897314135413,13164968.8666763,56.7608092026961,56.7608092026961,0.000244724426922117,152961052.04947,659.492109609188,659.492109609188,0.00284340253162036,24079149.0243052,103.817335033085,103.817335033085,0.000447608802225224,103.817335033085,0.000447608802225224,0.000447608802225224,0.00000000192986691255029,50665122.7013227,218.442853302926,218.442853302926,0.000941817124186656,218.442853302926,0.000941817124186656,0.000941817124186656,0.00000000406064781703408,33702320.2986913,145.307671558902,145.307671558902,0.000626494532920618,145.307671558902,0.000626494532920618,0.000626494532920618,0.00000000270113336459543,391580293.246643,1688.29980059952,1688.29980059952,0.00727911048094813,1688.29980059952,0.00727911048094813,0.00727911048094813,0.0000000313839102362232,14.1768357595364,14.9207268723428,14.5130559668771,16.9656794110441,15.1168425934443,2.82383231257067,15.8607339290463,3.53607012199913,15.4530629220181,3.14295289999837,17.905686643427,5.55533700976937,16.0568496860828,3.72698527911847,3.72698527911847,0.00017483190438104,16.8007411087143,4.45816835381591,4.45816835381591,0.000367829656512102,16.3930700620133,4.0563105042284,4.0563105042284,0.000244694486784195,18.8456938917198,6.4929851778035,6.4929851778035,0.00283936770924854,16.9968568797879,4.65221916882916,4.65221916882916,0.000447508655288568,4.65221916882916,0.000447508655288568,0.000447508655288568,0.00000000192986693106377,17.7407483364154,5.39109184920124,5.39109184920124,0.000941373892712409,5.39109184920124,0.000941373892712409,0.000941373892712409,0.00000000406064780974944,17.3330772742172,4.98571174382766,4.98571174382766,0.000626298367147653,4.98571174382766,0.000626298367147653,0.000626298367147653,0.00000000270113331336987,19.7857011462274,7.43206940289133,7.43206940289133,0.00725274562076268,7.43206940289133,0.00725274562076268,0.00725274562076268,0.0000000313839096448754,"Gabe Evans","Republican"
"Connecticut","CT","0901",2948232.69401194,2883633.75855817,3634512.60398742,34976265.6053005,7547475.69667056,32.5409678001661,7382102.42190892,31.8279603490258,9304352.2662078,40.1157472596611,89539239.9495694,386.048745454803,19321537.7834767,83.3048775684254,83.3048775684254,0.000359169270296127,18898182.2000868,81.4795784935061,81.4795784935061,0.000351299486965944,23819141.801492,102.696312984732,102.696312984732,0.000442775511752381,229220454.270898,988.284788364296,988.284788364296,0.00426099331326676,49463136.7257002,213.260486575169,213.260486575169,0.000919473331958084,213.260486575169,0.000919473331958084,0.000919473331958084,0.00000000396431247888064,48379346.4322223,208.587720943376,208.587720943376,0.000899326686632815,208.587720943376,0.000899326686632815,0.000899326686632815,0.00000000387745014726689,60977003.0118195,262.902561240915,262.902561240915,0.0011335053100861,262.902561240915,0.0011335053100861,0.0011335053100861,0.00000000488711209936063,586804362.933497,2530.0090582126,2530.0090582126,0.0109081428819629,2530.0090582126,0.0109081428819629,0.0109081428819629,0.0000000470304960952906,14.8967168012024,14.8745621253164,15.1059858509147,17.3701802924505,15.8367238530023,3.51276761108211,15.814569172486,3.49128060192665,16.0459929417427,3.71639119312481,18.3101875335195,5.95855064234539,16.7767310307549,4.43443972298318,4.43443972298318,0.000359104784454286,16.7545763484298,4.41255072928714,4.41255072928714,0.000351237795748751,16.9860001347406,4.64146655997208,4.64146655997208,0.000442677515601318,19.2501947852053,6.89698224605034,6.89698224605034,0.00425194098675055,17.7167382577077,5.36719250178847,5.36719250178847,0.000919050875292689,5.36719250178847,0.000919050875292689,0.000919050875292689,0.00000000396431242602163,17.6945835746762,5.3451423674454,5.3451423674454,0.000898922534679802,5.3451423674454,0.000898922534679802,0.000898922534679802,0.00000000387745013122777,17.9260073676487,5.57557994880858,5.57557994880858,0.00113286337798522,5.57557994880858,0.00113286337798522,0.00113286337798522,0.00000000488711203643762,20.1902020410383,7.83637333944532,7.83637333944532,0.0108490782270066,7.83637333944532,0.0108490782270066,0.0108490782270066,0.000000047030495058235,"John B. Larson","Democrat"
"Connecticut","CT","0902",3153264.18025973,3156971.48202405,3717260.83881764,42678297.7869359,8072356.30146491,34.803992359103,8081846.99398154,34.8449115130026,9516187.74737316,41.0290766758228,109256442.334556,471.059532333156,20665232.1317502,89.0982204393037,89.0982204393037,0.000384147288297527,20689528.3045928,89.2029734732866,89.2029734732866,0.00038459893136904,24361440.6332753,105.034436290106,105.034436290106,0.00045285633854147,279696492.376463,1205.91240277288,1205.91240277288,0.00519929553211599,52902994.2572804,228.091444324617,228.091444324617,0.00098341705804167,228.091444324617,0.00098341705804167,0.00098341705804167,0.0000000042400060769967,52965192.4597575,228.359612091614,228.359612091614,0.000984573264304741,228.359612091614,0.000984573264304741,0.000984573264304741,0.00000000424499106433407,62365288.0211847,268.888156902673,268.888156902673,0.00115931222666616,268.888156902673,0.00115931222666616,0.00115931222666616,0.00000000499837871023875,716023020.483744,3087.13575109857,3087.13575109857,0.0133101965622169,3087.13575109857,0.0133101965622169,0.0133101965622169,0.0000000573869589187348,14.9639490391009,14.9651240510067,15.1284978903866,17.5692011238784,15.9039561043403,3.57805940559964,15.9051311164731,3.57920161870094,16.0685049849469,3.73836168055832,18.5092083680915,6.15710510545659,16.8439632873427,4.50090041346812,4.50090041346812,0.000384073522618598,16.8451382995641,4.50206239186101,4.50206239186101,0.000384524992157455,17.0085121794028,4.6637639120144,4.6637639120144,0.000452753830056428,19.4492156210055,7.09582064412493,7.09582064412493,0.00518582586345328,17.7839705163462,5.43412124404198,5.43412124404198,0.000982933820276814,5.43412124404198,0.000982933820276814,0.000982933820276814,0.00000000424000611499007,17.7851455286023,5.43529113030936,5.43529113030936,0.000984088889957013,5.43529113030936,0.000984088889957013,0.000984088889957013,0.00000000424499101634949,17.9485194128804,5.59800763948609,5.59800763948609,0.00115864074316934,5.59800763948609,0.00115864074316934,0.00115864074316934,0.00000000499837858741559,20.3892228773183,8.0353228710264,8.0353228710264,0.0132223941494412,8.0353228710264,0.0132223941494412,0.0132223941494412,0.0000000573869573159927,"Joe Courtney","Democrat"
"Connecticut","CT","0903",13008409.6971012,14350963.6363973,15231127.7041458,170266283.129023,33301528.8245792,143.579657719862,36738466.9091771,158.39802826346,38991686.9226132,168.112794213122,435881684.810298,1879.30540489864,85251913.7909227,367.563923762847,367.563923762847,0.00158475313977438,94050475.2874935,405.498952354458,405.498952354458,0.0017483101479066,99818718.5218899,430.368753185592,430.368753185592,0.00185553638096349,1115857113.11436,4811.0218365405,4811.0218365405,0.0207427374344276,218244899.304762,940.963644832887,940.963644832887,0.00405696803782242,940.963644832887,0.00405696803782242,0.00405696803782242,0.0000000174916318502781,240769216.735983,1038.07731802741,1038.07731802741,0.00447567397864088,1038.07731802741,0.00447567397864088,0.00447567397864088,0.0000000192968839750279,255535919.416038,1101.74400815511,1101.74400815511,0.00475017313526655,1101.74400815511,0.00475017313526655,0.00475017313526655,0.0000000204803880465771,2856594209.57276,12316.2159015437,12316.2159015437,0.0531014078321346,12316.2159015437,0.0531014078321346,0.0531014078321346,0.000000228946905144888,16.3811066829267,16.4793277199592,16.5388518327061,18.9528741467548,17.3211138945735,4.97383062015935,17.4193349359884,5.07140439653971,17.478859051189,5.13056591367589,19.8928814016673,7.53918949204469,18.2611211347662,5.9096141667693,5.9096141667693,0.00158349874361464,18.359342177893,6.00758135175074,6.00758135175074,0.00174678363267565,18.4188662940522,6.06696330014401,6.06696330014401,0.00185381699992054,20.8328886587608,8.47887261501871,8.47887261501871,0.0205305362614777,19.2011283861098,6.84796668023595,6.84796668023595,0.00404876073335192,6.84796668023595,0.00404876073335192,0.00404876073335192,0.0000000174916317676845,19.2993494299052,6.9460884041413,6.9460884041413,0.00446568793495656,6.9460884041413,0.00446568793495656,0.00446568793495656,0.0000000192968836824065,19.3588735464388,7.00555690542244,7.00555690542244,0.00473892666392057,7.00555690542244,0.00473892666392057,0.00473892666392057,0.0000000204803878424122,21.7728959167061,9.41875322953217,9.41875322953217,0.0517395322491524,9.41875322953217,0.0517395322491524,0.0517395322491524,0.000000228946879003574,"Rosa L. DeLauro","Democrat"
"Connecticut","CT","0904",4294544.0157873,4409632.02011619,5426436.2861083,47336258.7942299,10994032.6804155,47.400810260998,11288657.9714974,48.6710882314778,13891676.8924372,59.8940133913285,121180822.513228,522.471539078974,28144723.6618637,121.346074268155,121.346074268155,0.000523184022596922,28898964.4070335,124.597985872583,124.597985872583,0.000537204650825689,35562692.8446394,153.328674281801,153.328674281801,0.000661077114146557,310222905.633865,1337.52714004217,1337.52714004217,0.00576675293107081,72050492.5743711,310.645950126477,310.645950126477,0.00133935109784812,310.645950126477,0.00133935109784812,0.00133935109784812,0.00000000577461693151513,73981348.8820057,318.970843833813,318.970843833813,0.00137524390611376,318.970843833813,0.00137524390611376,0.00137524390611376,0.00000000592936889958641,91040493.6822768,392.52140616141,392.52140616141,0.00169235741221519,392.52140616141,0.00169235741221519,0.00169235741221519,0.00000000729660488758652,794170638.422695,3424.06947850796,3424.06947850796,0.0147628875035413,3424.06947850796,0.0147628875035413,0.0147628875035413,0.0000000636502409808529,15.2728561743287,15.2993020285673,15.5067933598325,17.6727871516249,16.212863290925,3.87951655451217,16.239309148867,3.90542303810973,16.4468005060266,4.10913486760683,18.612794397243,6.26048266222135,17.1528704939887,4.80685370329426,4.80685370329426,0.000523047209553092,17.1793163533773,4.83308621785921,4.83308621785921,0.000537060408063471,17.3868077206518,5.03908457672358,5.03908457672358,0.000660858698925457,19.5528016507059,7.19932513921519,7.19932513921519,0.00575018886147593,18.0928777308287,5.74186776822891,5.74186776822891,0.00133845496723289,5.74186776822891,0.00133845496723289,0.00133845496723289,0.00000000577461699011984,18.1193235907823,5.76822987862339,5.76822987862339,0.00137429912431741,5.76822987862339,0.00137429912431741,0.00137429912431741,0.00000000592936897821529,18.3268149620081,5.97513546577154,5.97513546577154,0.00169092698904062,5.97513546577154,0.00169092698904062,0.00169092698904062,0.00000000729660484924137,20.492808907233,8.13887703618633,8.13887703618633,0.0146549768321696,8.13887703618633,0.0146549768321696,0.0146549768321696,0.0000000636502390521185,"James A. Himes","Democrat"
"Connecticut","CT","0905",5432936.17297958,5074632.57027771,5219973.6739367,58092554.1880215,13908316.6028277,59.9657555607348,12991059.3799109,56.010997843718,13363132.605278,57.6151928530922,148716938.721335,641.193600186757,35605290.503239,153.512334235481,153.512334235481,0.000661868964677658,33257112.0125721,143.388154479918,143.388154479918,0.000618218528337175,34209619.4695116,147.494893703916,147.494893703916,0.000635924748830306,380715363.126617,1641.4556164781,1641.4556164781,0.0070771416176641,91149543.6882919,392.991575642832,392.991575642832,0.00169438454957481,392.991575642832,0.00169438454957481,0.00169438454957481,0.00000000730534489738543,85138206.7521845,367.07367546859,367.07367546859,0.00158263943254317,367.07367546859,0.00158263943254317,0.00158263943254317,0.00000000682355543541253,87576625.8419497,377.586927882025,377.586927882025,0.00162796735700558,377.586927882025,0.00162796735700558,0.00162796735700558,0.00000000701898693988634,974631329.604141,4202.12637818392,4202.12637818392,0.0181174825412201,4202.12637818392,0.0181174825412201,0.0181174825412201,0.0000000781135891903554,15.5079904615021,15.4397648773844,15.4680031081108,17.877548075712,16.4479976078304,4.11031232228793,16.3797720157933,4.04324419384976,16.4080102498632,4.07099392668459,18.8175553237137,6.46488981615381,17.3880048225082,5.04027392639066,5.04027392639066,0.000661650026014846,17.3197792273775,4.97250519040631,4.97250519040631,0.000618027509986156,17.3480174627534,5.00055057181934,5.00055057181934,0.000635722634369106,19.7575625781076,7.40394772806252,7.40394772806252,0.00705221618238697,18.3280120638849,5.97632952745217,5.97632952745217,0.00169295069950757,5.97632952745217,0.00169295069950757,0.00169295069950757,0.00000000730534496891662,18.2597864675459,5.90828312320826,5.90828312320826,0.00158138837856069,5.90828312320826,0.00158138837856069,0.00158138837856069,0.00000000682355547513373,18.2880247034319,5.93644571066203,5.93644571066203,0.00162664365458274,5.93644571066203,0.00162664365458274,0.00162664365458274,0.00000000701898692258283,20.6975698349985,8.34358390311931,8.34358390311931,0.0179553167164358,8.34358390311931,0.0179553167164358,0.0179553167164358,0.0000000781135861016846,"Jahana Hayes","Democrat"
"Delaware","DE","1000",2947248.92634924,2666326.22092717,6042803.5957138,50543482.8376499,7544957.25145405,32.530109514828,6825795.12557356,29.4294394998587,15469577.2050273,66.6971360945279,129391316.064384,557.871110672093,19315090.5637224,83.2770803579599,83.2770803579599,0.000359049422526217,17474035.5214683,75.3393651196382,75.3393651196382,0.000324825935580633,39602117.6448699,170.744668401991,170.744668401991,0.000736166233562074,331241769.124822,1428.15004332056,1428.15004332056,0.00615747389474883,49446631.8431293,213.189325716377,213.189325716377,0.000919166521667115,213.189325716377,0.000919166521667115,0.000919166521667115,0.00000000396298966524063,44733530.9349589,192.868774706274,192.868774706274,0.000831554395086421,192.868774706274,0.000831554395086421,0.000831554395086421,0.00000000358524967579966,101381421.170867,437.106351109098,437.106351109098,0.00188458555791891,437.106351109098,0.00188458555791891,0.00188458555791891,0.00000000812539720849321,847978928.959545,3656.06411090063,3656.06411090063,0.015763133170557,3656.06411090063,0.015763133170557,0.015763133170557,0.0000000679628036641579,14.8963830651647,14.7962125107214,15.6143787991786,17.7383445898329,15.8363901168956,3.51244382664721,15.7362195406681,3.41541054441156,16.554385956827,4.21504387613611,18.678351836268,6.32591887532097,16.7763972946212,4.4341099461665,4.4341099461665,0.00035898497970736,16.6762267098843,4.33518873079885,4.33518873079885,0.000324773191057923,17.4943931759267,5.14600888783746,5.14600888783746,0.00073589539611315,19.6183590900499,7.26483517124262,7.26483517124262,0.00613859411390075,17.7164045215635,5.36686032351505,5.36686032351505,0.000918744346799268,5.36686032351505,0.000918744346799268,0.000918744346799268,0.00000000396298970631533,17.6162339335026,5.26718151114893,5.26718151114893,0.000831208845279576,5.26718151114893,0.000831208845279576,0.000831208845279576,0.00000000358524964628855,18.4344004190307,6.08246169165405,6.08246169165405,0.00188281195454485,6.08246169165405,0.00188281195454485,0.00188281195454485,0.00000000812539721091887,20.5583663467017,8.20441594900491,8.20441594900491,0.0156401853325658,8.20441594900491,0.0156401853325658,0.0156401853325658,0.000000067962801297631,"Sarah McBride","Democrat"
"District of Columbia","DC","1198",3627347.88854868,9979727.9788484,11105999.2725225,68226985.5788551,9286010.59468462,40.0366670788928,25548103.6258519,110.150737922998,28431358.1376576,122.58189981064,174661083.081869,753.051869119167,23772187.1223926,102.493867721966,102.493867721966,0.000441902668295608,65403145.2821808,281.985889082875,281.985889082874,0.00121578314466053,72784276.8324036,313.809663515238,313.809663515238,0.0013529914591623,447132372.689585,1927.81278494507,1927.81278494507,0.00831177154864103,60856799.0333251,262.384301368232,262.384301368232,0.00113127083083676,262.384301368232,0.00113127083083676,0.00113127083083676,0.00000000487747813428075,167432051.922383,721.883876052159,721.883876052159,0.00311240485033095,721.883876052159,0.00311240485033095,0.00311240485033095,0.000000013419144371724,186327748.690953,803.352738599008,803.352738599008,0.0034636581354555,803.352738599008,0.0034636581354555,0.0034636581354555,0.0000000149335741360997,1144658874.08534,4935.20072945936,4935.20072945936,0.0212781351645211,4935.20072945936,0.0212781351645211,0.0212781351645211,0.0000000917407540035812,15.1040126056843,16.1160664914909,16.222996085322,18.0383507421832,16.0440196961811,3.71446598603673,17.0560736889211,4.7108872793715,17.1630032889445,4.81690409263847,18.9783579917431,6.62546115757713,16.9840268890497,4.63951236188699,4.63951236188699,0.000441805058066545,17.9960809235605,5.64539703450212,5.64539703450212,0.00121504467881528,18.1030105260028,5.75196821338861,5.75196821338861,0.00135207699097023,19.9183652467457,7.56465995529017,7.56465995529017,0.00827741899793822,17.9240341219072,5.57361418756428,5.57361418756428,0.00113063142617164,5.57361418756428,0.00113063142617164,0.00113063142617164,0.00000000487747818721077,18.9360881727347,6.58324859522321,6.58324859522321,0.00310757134497493,6.58324859522321,0.00310757134497493,0.00310757134497493,0.0000000134191443722533,19.0430177761219,6.69003790256603,6.69003790256603,0.00345767348681904,6.69003790256603,0.00345767348681904,0.00345767348681904,0.0000000149335740435458,20.8583725038743,8.50435123118044,8.50435123118044,0.0210549165452898,8.50435123118044,0.0210549165452898,0.0210549165452898,0.0000000917407498963807,"Eleanor Holmes Norton","Democrat"
"Florida","FL","1201",1028297.39196893,237816.538666578,224394.282676002,3607947.47381808,2632441.32344047,11.3497799508902,608810.338986438,2.62488790074612,574449.363650565,2.47674043569629,9236345.53297428,39.8225359920419,6739049.78800759,29.0554366742791,29.055436674279,0.000125272616598761,1558554.46780528,6.71971302591007,6.71971302591007,0.0000289720661570275,1470590.37094545,6.3404555153825,6.3404555153825,0.0000273368960771168,23645044.5644141,101.945692139627,101.945692139627,0.000439539207359711,17251967.4572994,74.3819178861544,74.3819178861544,0.000320697898492829,74.3819178861544,0.000320697898492829,0.000320697898492829,0.000000001382690108302,3989899.43758153,17.2024653463298,17.2024653463298,0.0000741684893619904,17.2024653463298,0.0000741684893619904,0.0000741684893619904,0.000000000319777700666221,3764711.34962034,16.2315661193792,16.2315661193792,0.000069982453957419,16.2315661193792,0.000069982453957419,0.000069982453957419,0.000000000301729594413874,60531314.0849003,260.980971877446,260.980971877446,0.00112522037084086,260.980971877446,0.00112522037084086,0.00112522037084086,0.00000000485139155489773,13.8434159474399,12.3792590143735,12.3211644304668,15.0986498789701,14.7834226133259,2.51363824517357,13.3192637104981,1.28782336389638,13.2611689733226,1.24609519844055,16.0386569685637,3.70923428166561,15.7234296403308,3.40304356555806,3.40304356555806,0.000125264770639796,14.2592699680633,2.04377719053618,2.04377719053618,0.0000289716464748376,14.2011751710169,1.99340090001724,1.99340090001724,0.0000273365224309008,16.9786641610794,4.63420158839847,4.63420158839847,0.000439442638298549,16.6634368083978,4.32256743042,4.32256743042,0.000320646485913467,4.32256743042,0.000320646485913467,0.000320646485913467,0.00000000138269018361446,15.1992768355676,2.90155704349861,2.90155704349861,0.0000741657390155102,2.90155704349861,0.0000741657390155102,0.0000741657390155102,0.00000000031977775977626,15.1411820151342,2.84674294132378,2.84674294132378,0.0000699800052997061,2.84674294132378,0.0000699800052997061,0.0000699800052997061,0.000000000301729530204352,17.9186713937991,5.56827187470171,5.56827187470171,0.00112458778488741,5.56827187470171,0.00112458778488741,0.00112458778488741,0.00000000485139149897265,"Matt Gaetz","Republican"
"Florida","FL","1202",2400201.52742266,1050948.73443519,913592.186190431,21974488.9382421,6144515.91020202,26.4921017857264,2690428.76015408,11.5997929866056,2338795.99664751,10.0837270998616,56254691.6818998,242.542299465304,15729960.7301172,67.8197805714596,67.8197805714596,0.000292405220564506,6887497.62599447,29.6954700457102,29.6954700457102,0.000128032122712834,5987317.75141762,25.8143413756458,25.8143413756458,0.000111298622910167,144012010.705663,620.908286631179,620.908286631179,0.00267704824422748,40268699.4691,173.618638262936,173.618638262936,0.000748557364645134,173.618638262936,0.000748557364645134,0.000748557364645134,0.00000000322740768946629,17631993.9225458,76.0204033170181,76.0204033170181,0.000327762234144854,76.0204033170181,0.000327762234144854,0.000327762234144854,0.00000000141314801611394,15327533.4436291,66.0847139216532,66.0847139216532,0.000284924474650028,66.0847139216532,0.000284924474650028,0.000284924474650028,0.00000000122845286658636,368670747.406498,1589.52521377582,1589.52521377582,0.00685324350522235,1589.52521377582,0.00685324350522235,0.00685324350522235,0.0000000295477832844848,14.691063678184,13.8652048222979,13.7251406596582,16.9053927902646,15.6310706827906,3.3138987556287,14.8052115009565,2.53368038418798,14.6651472511403,2.40547800560972,17.8454000210251,5.49529064187261,16.5710778421082,4.2314912119228,4.2314912119228,0.00029236247848969,15.7452185329507,3.42411508819144,3.42411508819144,0.000128023927300127,15.6051542490811,3.28893687034491,3.28893687034491,0.000111292429677947,18.7854072686841,6.43279263272147,6.43279263272147,0.00267347133286401,17.51108506186,5.16260438606418,5.16260438606418,0.000748277335317623,5.16260438606418,0.000748277335317623,0.000748277335317623,0.00000000322740766923621,16.6852257029666,4.34407036489627,4.34407036489627,0.000327708531837885,4.34407036489627,0.000327708531837885,0.000327708531837885,0.00000000141314804202945,16.545161405795,4.20595620761735,4.20595620761735,0.000284883891380584,4.20595620761735,0.000284883891380584,0.000284883891380584,0.00000000122845289420899,19.7254145229442,7.37181956379905,7.37181956379905,0.0068298667754581,7.37181956379905,0.0068298667754581,0.0068298667754581,0.0000000295477828946606,"Neal P. Dunn","Republican"
"Florida","FL","1203",11802740.4182691,7810033.83338322,6282687.53509933,78306510.9188148,30215015.4707689,130.272144625725,19993686.6134611,86.202849594104,16083680.0898543,69.3448428251316,200464667.952166,864.304115318992,77350439.6051682,333.496690241856,333.496690241856,0.00143787214358432,51183837.7304602,220.679294960907,220.679294960907,0.000951459550198228,41174221.030027,177.522797632337,177.522797632337,0.000765390161388346,513189549.957545,2212.61853521662,2212.61853521662,0.00953971253465535,198017125.389231,853.751527019151,853.751527019151,0.00368095268757585,853.751527019151,0.00368095268757585,0.00368095268757585,0.0000000158704403557312,131030624.589978,564.938995099921,564.938995099921,0.00243573644850746,564.938995099921,0.00243573644850746,0.00243573644850746,0.0000000105016861962917,105406005.836869,454.458361938783,454.458361938783,0.00195939881315416,454.458361938783,0.00195939881315416,0.00195939881315416,0.00000000844795481947168,1313765247.89132,5664.30345015453,5664.30345015453,0.0244216640887177,5664.30345015453,0.0244216640887177,0.0244216640887177,0.000000105294089928373,16.2838423860351,15.8709199819062,15.6533085575158,18.1761413237713,17.2238495928966,4.87727260819786,16.8109271623731,4.46823700921246,16.5933157190145,4.25340947348354,19.1161485744808,6.76308102354613,18.1638568312201,5.81262698487615,5.81262698487615,0.00143683939528853,17.7509343903862,5.40123172011348,5.40123172011348,0.000951007199466642,17.5333229396182,5.18471631089269,5.18471631089269,0.000765097399713939,20.0561558299325,7.70238380177368,7.70238380177368,0.00949449681290858,19.1038640818335,6.7508108150275,6.7508108150275,0.00367419456038554,6.7508108150275,0.00367419456038554,0.00367419456038554,0.0000000158704401693382,18.690941636972,6.33848628988526,6.33848628988526,0.00243277485062391,6.33848628988526,0.00243277485062391,0.00243277485062391,0.0000000105016861321826,18.4733301833098,6.12130430075174,6.12130430075174,0.00195748169515695,6.12130430075174,0.00195748169515695,0.00195748169515695,0.00000000844795474448239,20.9961630872366,8.64211573780942,8.64211573780942,0.0241282231952869,8.64211573780942,0.0241282231952869,0.0241282231952869,0.00000010529408434815,"Kat Cammack","Republican"
"Florida","FL","1204",4339999.40842495,659760.237485269,1294397.8543373,12162827.4879859,11110398.4855679,47.9025218359256,1688986.20796229,7.28206992868764,3313658.50710348,14.2868502150949,31136838.369244,134.246587268842,28442620.1230538,122.630455899969,122.630455899969,0.000528721638483837,4323804.69238346,18.6420990174404,18.6420990174404,0.0000803754749580235,8482965.77818491,36.5743365506429,36.5743365506429,0.000157690379649971,79710306.2252646,343.671263408234,343.671263408234,0.00148173985129136,72813107.5150176,313.933967103921,313.933967103921,0.00135352739451862,313.933967103921,0.00135352739451862,0.00135352739451862,0.00000000583573808407268,11068940.0125017,47.7237734846474,47.7237734846474,0.00020576121589254,47.7237734846474,0.00020576121589254,0.00020576121589254,0.000000000887140200244152,21716392.3921534,93.6303015696457,93.6303015696457,0.000403687371903925,93.6303015696457,0.000403687371903925,0.000403687371903925,0.00000000174049951247332,204058383.936677,879.798434325081,879.798434325081,0.00379325401930587,879.798434325081,0.00379325401930587,0.00379325401930587,0.0000000163546279393169,15.2833850001837,13.3996332871652,14.0735569401943,16.3138950133736,16.2233921182662,3.8898289664379,14.3396396220267,2.11409292854192,15.0135637279072,2.72699299578256,17.2539022217637,4.90709968464552,17.1633993219104,4.81729692162806,4.81729692162806,0.000528581914446354,15.2796465197249,2.97767517183073,2.97767517183073,0.0000803722450226775,15.9535708025008,3.62632127881364,3.62632127881364,0.000157677947829062,18.1939094606843,5.8425911030857,5.8425911030857,0.00148064315800705,18.1034065589772,5.75236298860904,5.75236298860904,0.00135261220204711,5.75236298860904,0.00135261220204711,0.00135261220204711,0.00000000583573809793971,16.2196536372815,3.8861670728787,3.8861670728787,0.000205740049956939,3.8861670728787,0.000205740049956939,0.000205740049956939,0.000000000887140138733987,16.8935779891571,4.54997773734425,4.54997773734425,0.000403605912079007,4.54997773734425,0.000403605912079007,0.000403605912079007,0.00000000174049952077005,19.1339167115309,6.78082880784681,6.78082880784681,0.00378607777310337,6.78082880784681,0.00378607777310337,0.00378607777310337,0.0000000163546277404564,"Aaron Bean","Republican"
"Florida","FL","1205",7588911.94839543,537985.239702861,1824242.60363617,16451407.4630271,19427614.5878923,83.762228080777,1377242.21363932,5.93798460945517,4670061.0653086,20.1349845774336,42115603.1053494,181.581569734676,49734693.3450043,214.431303886789,214.431303886789,0.000924521314882244,3525740.06691667,15.2012406002052,15.2012406002052,0.0000655402018865817,11955356.32719,51.5455605182301,51.5455605182301,0.000222238864022467,107815943.949695,464.848818520769,464.84881852077,0.00200419730296084,127320814.963211,548.944137950181,548.944137950181,0.00236677456609854,548.944137950181,0.00236677456609854,0.00236677456609854,0.0000000102043567996701,9025894.57130667,38.9151759365254,38.9151759365254,0.000167782916829649,38.9151759365254,0.000167782916829649,0.000167782916829649,0.000000000723396631324043,30605712.1976064,131.956634926669,131.956634926669,0.000568931491897515,131.956634926669,0.000568931491897515,0.000568931491897515,0.00000000245295011238055,276008816.511219,1190.01297541317,1190.01297541317,0.00513074509557976,1190.01297541317,0.00513074509557976,0.00513074509557976,0.0000000221212253813249,15.8421989175593,13.1955882620563,14.4166759953239,16.6159216523631,16.7822060957528,4.43985001999157,14.1355943878509,1.93701133024806,15.3566829197727,3.0509297043016,17.5559288738137,5.2071970306171,17.7222133228778,5.37264208325677,5.37264208325677,0.000924094208277298,15.0756012038823,2.7850878195658,2.7850878195658,0.0000655380542213448,16.2966900477788,3.9616806126549,3.9616806126549,0.000222214172624356,18.495936117836,6.1438611577137,6.1438611577137,0.00200219157901007,18.6622205691167,6.3098167057049,6.3098167057049,0.00236397816660408,6.3098167057049,0.00236397816660408,0.00236397816660408,0.0000000102043566409022,16.0156082895378,3.68675660086772,3.68675660086772,0.000167768842850254,3.68675660086772,0.000167768842850254,0.000167768842850254,0.000000000723396675632954,17.2366972552994,4.89002302187192,4.89002302187192,0.000568769711734592,4.89002302187192,0.000568769711734592,0.000568769711734592,0.00000000245295006228186,19.4359433706755,7.08255946384941,7.08255946384941,0.00511762767193496,7.08255946384941,0.00511762767193496,0.00511762767193496,0.0000000221212250513158,"John H. Rutherford","Republican"
"Florida","FL","1206",2920354.8654435,1530030.58962094,1556798.49667692,16485908.353828,7476108.45553536,32.2332676910036,3916878.30942961,16.8876344975241,3985404.15149291,17.1830839046742,42203925.3857997,181.962371555003,19138837.6461705,82.5171652889692,82.5171652889692,0.000355773046054837,10027208.4721398,43.2323443136616,43.2323443136616,0.000186396403350746,10202634.6278219,43.9886947959659,43.9886947959659,0.000189657411094191,108042048.987647,465.823671180808,465.823671180808,0.00200840038360597,48995424.3741966,211.243943139761,211.243943139761,0.000910778997900382,211.243943139761,0.000910778997900382,0.000910778997900382,0.00000000392682682725537,25669653.6886779,110.674801442974,110.674801442974,0.00047717479257791,110.674801442974,0.00047717479257791,0.00047717479257791,0.00000000205734078311488,26118744.647224,112.611058677673,112.611058677673,0.000485522972401128,112.611058677673,0.000485522972401128,0.000485522972401128,0.0000000020933339895504,276587645.408377,1192.50859822287,1192.50859822287,0.00514150498203127,1192.50859822287,0.00514150498203127,0.00514150498203127,0.000000022167616669303,14.8872160385459,14.2407989399666,14.2581426671076,16.6180165954675,15.8272230883727,3.50355141310225,15.1808058001819,2.88410966393321,15.198149534171,2.90049170608375,17.5580238169956,5.20928051178073,16.7672302653546,4.4250521830527,4.4250521830527,0.00035570977383127,16.1208129030966,3.78945629327151,3.78945629327151,0.000186379033699633,16.1381566397608,3.80641123145128,3.80641123145128,0.000189639428401097,18.4980310610483,6.14595160859717,6.14595160859717,0.00200638624390405,17.7072374920063,5.35773628834028,5.35773628834028,0.00091036449037294,5.35773628834028,0.00091036449037294,0.00091036449037294,0.00000000392682685596609,17.060820100816,4.71559108924667,4.71559108924667,0.00047706098089041,4.71559108924667,0.00047706098089041,0.00047706098089041,0.00000000205734074009565,17.078163838525,4.73278084906381,4.73278084906381,0.00048540514426017,4.73278084906381,0.00048540514426017,0.00048540514426017,0.0000000020933339484347,19.4380383138996,7.08465264996146,7.08465264996146,0.00512833257665748,7.08465264996146,0.00512833257665748,0.00512833257665748,0.0000000221676163855063,"Michael Waltz","Republican"
"Florida","FL","1207",1160297.60458465,628606.958317969,891331.05014006,6240815.4134505,2970361.86773669,12.8067255566653,1609233.813294,6.93821720081047,2281807.48835855,9.83802094753465,15976487.4584333,68.8826814207533,7604126.38140592,32.7852174250631,32.7852174250631,0.000141353579319381,4119638.56203264,17.7618360340748,17.7618360340748,0.0000765802180339088,5841427.1701979,25.1853336256887,25.1853336256887,0.00010858665380155,40899807.8935892,176.339664437128,176.339664437128,0.00076028907848912,19466563.5363992,83.9301566081616,83.9301566081616,0.000361865163057616,83.9301566081616,0.000361865163057616,0.000361865163057616,0.00000000156018291311018,10546274.7188036,45.4703002472315,45.4703002472315,0.000196045358166806,45.4703002472315,0.000196045358166806,0.000196045358166806,0.000000000845250245759956,14954053.5557066,64.4744540817631,64.4744540817631,0.000277981833731968,64.4744540817631,0.000277981833731968,0.000277981833731968,0.00000000119851964604451,104703508.207588,451.429540959048,451.429540959048,0.00194634004093215,451.429540959048,0.00194634004093215,0.00194634004093215,0.00000000839165187747297,13.9641879477017,13.3512630636504,13.7004723083414,15.6466215672763,14.9041946810049,2.62515583262089,14.2912693527375,2.07168871614457,14.6404788831649,2.38306040992805,16.5866287281242,4.24681785632065,15.8442017343447,3.52002335253362,3.52002335253362,0.000141343589843487,15.2312762325551,2.93182480840935,2.93182480840935,0.0000765772859186027,15.5804858745984,3.26519946874972,3.26519946874972,0.000108580758697592,17.5266359484737,5.17806690174937,5.17806690174937,0.00076000020515647,16.7842089126987,4.44182923175774,4.44182923175774,0.000361799705650272,4.44182923175774,0.000361799705650272,0.000361799705650272,0.00000000156018287056775,16.1712833431271,3.83881340417417,3.83881340417417,0.000196026143786853,3.83881340417417,0.000196026143786853,0.000196026143786853,0.00000000084525031382814,16.5204930287704,4.18166005254707,4.18166005254707,0.000277943203940767,4.18166005254707,0.000277943203940767,0.000277943203940767,0.00000000119851972718919,18.466643192066,6.11463204042809,6.11463204042809,0.00194444837530661,6.11463204042809,0.00194444837530661,0.00194444837530661,0.00000000839165178266402,"Cory Mills","Republican"
"Florida","FL","1208",615061.842282253,622397.247804084,609411.116448242,5334345.98721134,1574558.31624257,6.78871367428661,1593336.95437846,6.86967783813022,1560092.4581075,6.7263440764643,13655925.727261,58.8775714201096,4030869.28958097,17.3791070061737,17.3791070061737,0.0000749300804947296,4078942.60320885,17.5863752656134,17.5863752656134,0.0000758237183184854,3993836.69275521,17.2194408357486,17.2194408357486,0.000074241679243849,34959169.8617883,150.72658283548,150.72658283548,0.000649858187796763,10319025.3813273,44.4905139358047,44.4905139358047,0.000191821006066508,44.4905139358047,0.000191821006066508,0.000191821006066508,0.00000000082703693694029,10442093.0642147,45.0211206799701,45.0211206799701,0.000194108718895322,45.0211206799702,0.000194108718895322,0.000194108718895323,0.000000000836900418783806,10224221.9334533,44.0817685395165,44.0817685395165,0.000190058698864253,44.0817685395165,0.000190058698864253,0.000190058698864253,0.000000000819438743288888,89495474.8461779,385.86005205883,385.86005205883,0.00166363696075971,385.86005205883,0.00166363696075971,0.00166363696075971,0.00000000717277656092744,13.3294797241411,13.3413354366176,13.3202500279226,15.4896770335789,14.2694859918797,2.05267572099594,14.2813417160328,2.0630171261569,14.2602562864745,2.04463579813004,16.4296841778343,4.09230200128255,15.209492863358,2.91121453066421,2.91121453066421,0.0000749272733764933,15.2213485920724,2.92242879969928,2.92242879969928,0.0000758208438456621,15.2002631543643,2.90248920177518,2.90248920177518,0.0000742389234667846,17.3696913917023,5.02208010393299,5.02208010393299,0.000649647121401802,16.1494999706725,3.81750381929353,3.81750381929353,0.000191802610769698,3.81750381929353,0.000191802610769698,0.000191802610769698,0.000000000827036883079788,16.1613557011686,3.82910043633093,3.82910043633093,0.000194089882235406,3.82910043633093,0.000194089882235406,0.000194089882235406,0.000000000836900326466957,16.140270260277,3.80847791953596,3.80847791953596,0.000190040639997968,3.80847791953596,0.000190040639997968,0.000190040639997968,0.000000000819438738750114,18.3096986327627,5.95806300504156,5.95806300504156,0.0016622546496879,5.95806300504156,0.0016622546496879,0.0016622546496879,0.00000000717277656917487,"Mike Haridopolos","Republican"
"Florida","FL","1209",1030023.91506323,562957.407857134,625968.295825731,5296205.73409762,2636861.22256186,11.3688363613737,1441170.96411426,6.21361364018231,1602478.83731387,6.90909309830329,13558286.6792899,58.4566003241086,6750364.72975836,29.1042210851166,29.1042210851166,0.000125482950756302,3689397.66813252,15.9068509188667,15.9068509188667,0.0000685824432374425,4102345.82352351,17.6872783316564,17.6872783316564,0.0000762587622397919,34709213.8989822,149.648896829718,149.648896829718,0.000645211740822755,17280933.7081814,74.5068059778983,74.5068059778983,0.000321236353936132,74.5068059778983,0.000321236353936132,0.000321236353936132,0.00000000138501166082453,9444858.03041925,40.7215383522988,40.7215383522988,0.000175571054687853,40.7215383522988,0.000175571054687853,0.000175571054687853,0.000000000756975214873356,10502005.3082202,45.2794325290404,45.2794325290404,0.000195222431333867,45.2794325290404,0.000195222431333867,0.000195222431333867,0.000000000841702193848458,88855587.5813942,383.101175884079,383.101175884079,0.00165174205650625,383.101175884079,0.00165174205650625,0.00165174205650625,0.00000000712149163973601,13.845093549295,13.240961028473,13.3470566006776,15.4825014117317,14.7851002161744,2.5151801125676,14.1809672045127,1.97597002409984,14.2870628856784,2.06801312265314,16.4225085551644,4.08524664008787,15.7251072435673,3.4046653973087,3.4046653973087,0.000125475078429296,15.1209740401712,2.82771891959943,2.82771891959943,0.0000685800915691362,15.2270697638998,2.92784298922939,2.92784298922939,0.00007625585468823,17.362515768711,5.01495194281281,5.01495194281281,0.000645003681217602,16.6651144117859,4.32422279759475,4.32422279759475,0.000321184768585769,4.32422279759475,0.000321184768585769,0.000321184768585769,0.00000000138501165995574,16.0609811334934,3.73101750271017,3.73101750271017,0.00017555564389394,3.73101750271017,0.00017555564389394,0.00017555564389394,0.000000000756975148943283,16.1670768738482,3.83469764056146,3.83469764056146,0.000195203377914845,3.83469764056146,0.000195203377914845,0.000195203377914845,0.000000000841702263089036,18.3025230096459,5.95090599674805,5.95090599674805,0.00165037943086007,5.95090599674805,0.00165037943086007,0.00165037943086007,0.00000000712149159327569,"Darren Soto","Democrat"
"Florida","FL","1210",1576962.00711684,849987.890872296,718364.374372814,7345890.1519165,4037022.73821911,17.4056376214471,2175969.00063307,9.38169793842417,1839012.7983944,7.92891009679496,18805478.7889062,81.0798874127487,10334778.2098409,44.5584323109046,44.5584323109046,0.000192113836377726,5570480.64162068,24.0171467223659,24.0171467223659,0.000103550011891941,4707872.76388968,20.2980098477951,20.2980098477951,0.0000875149402807526,48142025.6996,207.564511776637,207.564511776637,0.000894915116740331,26457032.2171928,114.069586715916,114.069586715916,0.000491811421126978,114.069586715916,0.000491811421126978,0.000491811421126978,0.00000000212044665817299,14260430.442549,61.4838956092566,61.4838956092566,0.00026508803044337,61.4838956092566,0.00026508803044337,0.00026508803044337,0.00000000114292796817782,12052154.2755576,51.9629052103555,51.9629052103555,0.000224038247118726,51.9629052103555,0.000224038247118726,0.000224038247118726,0.000000000965941684146422,123243585.790976,531.36515014819,531.36515014819,0.00229098269885525,531.36515014819,0.00229098269885525,0.00229098269885525,0.00000000987757989960446,14.2710114079128,13.6529785588191,13.4847335965524,15.8096516879251,15.2110182799811,2.9126570101563,14.5929851003892,2.34004444224321,14.4247400067635,2.18929433780872,16.749658863462,4.40769300974448,16.1510253875259,3.81899572865651,3.81899572865651,0.000192095384877718,15.5329920788331,3.21956145866226,3.21956145866226,0.000103544650959594,15.3647469338953,3.0586136339743,3.0586136339743,0.0000875111110718293,17.6896660895493,5.34024840238242,5.34024840238242,0.000894514918951487,17.0910325870539,4.74553704724046,4.74553704724046,0.000491690521528245,4.74553704724046,0.000491690521528245,0.000491690521528245,0.00000000212044670486194,16.472999227931,4.13490885328778,4.13490885328778,0.000265052900819555,4.13490885328778,0.000265052900819555,0.000265052900819555,0.00000000114292797383142,16.3047540629493,3.96959176681518,3.96959176681518,0.000224013154298486,3.96959176681518,0.000224013154298486,0.000224013154298486,0.000000000965941770547423,18.629673335383,6.2773296263548,6.2773296263548,0.00228836239926964,6.2773296263548,0.00228836239926964,0.00228836239926964,0.00000000987757981636408,"Maxwell Frost","Democrat"
"Florida","FL","1211",1015779.9771999,578492.054812823,740254.666989637,5847233.65802054,2600396.74163174,11.2116196246149,1480939.66032083,6.38507651263425,1895051.94749347,8.17052308366234,14968918.1645326,64.5385428945806,6657015.65857725,28.701746239014,28.701746239014,0.000123747679053052,3791205.53042132,16.3457958723437,16.3457958723437,0.0000704749559358856,4851332.98558329,20.9165390941756,20.9165390941756,0.0000901817312846384,38320430.5012035,165.218669810126,165.218669810126,0.000712340871352431,17041960.0859578,73.476470371876,73.476470371876,0.000316794058375812,73.476470371876,0.000316794058375812,0.000316794058375812,0.00000000136585868801655,9705486.15787856,41.8452374331998,41.8452374331998,0.000180415887195867,41.8452374331998,0.000180415887195867,0.000180415887195867,0.000000000777863727135811,12419412.4430932,53.5463400810894,53.5463400810894,0.000230865232088674,53.5463400810894,0.000230865232088674,0.000230865232088674,0.000000000995376253664452,98100302.0830808,422.959794713923,422.959794713923,0.00182359263066222,422.959794713923,0.00182359263066222,0.00182359263066222,0.000000007862425989815,13.8311683102591,13.2681818200344,13.5147509014423,15.5814793994157,14.7711749688425,2.50238792671433,14.2081880251419,1.99946127647595,14.4547573367381,2.21599432757086,16.5214865536912,4.18263841071624,15.7111819929948,3.39120584000664,3.39120584000664,0.000123740022940563,15.148194872155,2.85335016419715,2.85335016419715,0.0000704724726928918,15.3947642736686,3.08724156157475,3.08724156157475,0.0000901776651567407,17.4614937714734,5.11330420950669,5.11330420950669,0.000712087277017284,16.6511891599475,4.31048324156492,4.31048324156492,0.00031674388973313,4.31048324156492,0.00031674388973313,0.00031674388973313,0.00000000136585875849507,16.0882019699126,3.75759449378387,3.75759449378387,0.000180399614206926,3.75759449378387,0.000180399614206926,0.000180399614206926,0.00000000077786377309097,16.3347714065503,3.99905061710597,3.99905061710597,0.000230838586811801,3.99905061710597,0.000230838586811801,0.000230838586811801,0.000000000995376225392025,18.4015010140627,6.04963862694798,6.04963862694798,0.00182193190430664,6.04963862694798,0.00182193190430664,0.00182193190430664,0.00000000786242601265004,"Daniel Webster","Republican"
"Florida","FL","1212",1415367.36907419,819002.786038606,2156629.43109595,11316609.5530272,3623340.46482994,15.6220450563468,2096647.13225883,9.03970142616589,5520971.34360564,23.8036872112307,28970520.4557496,124.90650002629,9275751.58996464,39.9924353442479,39.9924353442479,0.000172427524524721,5367416.65858261,23.1416356509847,23.1416356509847,0.0000997752428529271,14133686.6396304,60.9374392607505,60.9374392607505,0.000262731981990139,74164532.3667191,319.760640067301,319.760640067301,0.00137864911533014,23745924.0703095,102.380634481275,102.380634481275,0.000441414462783285,102.380634481275,0.000441414462783285,0.000441414462783285,0.00000000190315999643364,13740586.6459715,59.2425872665209,59.2425872665209,0.000255424621703493,59.2425872665209,0.000255424621703493,0.000255424621703493,0.00000000110126414767915,36182237.797454,155.999844507521,155.999844507521,0.000672593873894756,155.999844507521,0.000672593873894756,0.000672593873894756,0.00000000289989083405108,189861202.8588,818.587238572293,818.587238572293,0.00352934173524515,818.587238572293,0.00352934173524515,0.00352934173524515,0.0000000152167692057701,14.1629003866803,13.6158439855823,14.5840575760122,16.2417821647932,15.1029072146301,2.8107298297725,14.5558505000293,2.3065473753917,15.5240645519447,3.21099231999168,17.1817893694368,4.83553956820282,16.0429143049411,3.71338754588256,3.71338754588256,0.000172412660607733,15.4958574678783,3.18393797024991,3.18393797024991,0.000099770265634396,16.4640717000616,4.12612483143585,4.12612483143585,0.000262697473987041,18.121796606894,5.77069517540791,5.77069517540791,0.00137769965119018,16.9829214977371,4.63841765711871,4.63841765711871,0.000441317068079263,4.63841765711871,0.000441317068079263,0.000441317068079263,0.00000000190316007216838,16.4358646128375,4.09837953188078,4.09837953188078,0.000255392006388503,4.09837953188078,0.000255392006388503,0.000255392006388503,0.00000000110126419034385,17.404078915438,5.05624481494986,5.05624481494986,0.000672367784007235,5.05624481494986,0.000672367784007235,0.000672367784007235,0.00000000289989076775216,19.0618038571689,6.70880084593154,6.70880084593154,0.0035231282241473,6.70880084593154,0.0035231282241473,0.0035231282241473,0.0000000152167690622641,"Gus M. Bilirakis","Republican"
"Florida","FL","1213",727504.557791331,408917.349436835,1115991.02173976,5689278.01753597,1862411.66794581,8.02979440450705,1046828.4145583,4.51340436186732,2856937.01565379,12.3176939111581,14564551.7248921,62.7951155791917,4767773.86994127,20.5562736755381,20.5562736755381,0.0000886284456751772,2679880.74126924,11.5543151663803,11.5543151663803,0.0000498164701541225,7313758.76007371,31.5332964125648,31.5332964125648,0.000135955917505905,37285252.4157237,160.75549588273,160.75549588273,0.000693097881391961,12205501.1070496,52.6240606093774,52.6240606093774,0.000226888820928454,52.6240606093774,0.000226888820928454,0.000226888820928454,0.000000000978231943073024,6860494.69764926,29.5790468259337,29.5790468259337,0.000127530163594554,29.5790468259337,0.000127530163594554,0.000127530163594554,0.000000000549846745304655,18723222.4257887,80.7252388161658,80.7252388161658,0.000348047148815117,80.7252388161658,0.000348047148815117,0.000348047148815117,0.00000000150060649649108,95450246.1842529,411.534069459791,411.534069459791,0.00177433057636342,411.534069459791,0.00177433057636342,0.00177433057636342,0.00000000765003247082499,13.4973769175743,12.9212707804665,13.9252542729191,15.5540940876234,14.437383338443,2.20052959911954,13.861276548745,1.70718228389173,14.8652609853716,2.58909352033062,16.4941012390056,4.15567662910013,15.3773902697378,3.07066689601673,3.07066689601673,0.000088624518406495,14.8012832251214,2.53006444443766,2.53006444443766,0.0000498152293549768,15.8052680305665,3.4822640698906,3.4822640698906,0.000135946676337647,17.4341084556574,5.08608591044045,5.08608591044045,0.000692857799982213,16.3173974004181,3.9819978593209,3.9819978593209,0.00022686308555258,3.9819978593209,0.00022686308555258,0.00022686308555258,0.000000000978231939418077,15.741290256224,3.42031503016338,3.42031503016338,0.000127522032314571,3.42031503016338,0.000127522032314571,0.000127522032314571,0.00000000054984683457864,16.745275205739,4.40336287479831,4.40336287479831,0.000347986594456297,4.40336287479831,0.000347986594456297,0.000347986594456297,0.0000000015006065268007,18.3741156978053,6.02231879499395,6.02231879499395,0.00177275831140336,6.02231879499395,0.00177275831140336,0.00177275831140336,0.00000000765003235608084,"Anna Paulina Luna","Republican"
"Florida","FL","1214",1556251.0495121,836206.685234685,3160351.84828821,13507506.8355125,3984002.68675097,17.1770414845494,2140689.11420079,9.22958858497596,8090500.73161783,34.8822221330152,34579217.498912,149.088416897244,10199046.8780825,43.9732262004465,43.9732262004465,0.000189590718190637,5480164.13235404,23.6277467775385,23.6277467775385,0.000101871112671159,20711681.8729416,89.298488660519,89.298488660519,0.000385010745432055,88522796.797215,381.666347256945,381.666347256945,0.00164555578787409,26109560.0078911,112.571459073143,112.571459073143,0.000485352238568031,112.571459073143,0.000485352238568032,0.000485352238568032,0.00000000209259787003329,14029220.1788263,60.4870317504986,60.4870317504986,0.000260790048438167,60.4870317504986,0.000260790048438167,0.000260790048438167,0.00000000112439720376626,53021905.5947305,228.604130970929,228.604130970929,0.00098562750830606,228.604130970929,0.00098562750830606,0.00098562750830606,0.00000000424953644102413,226618359.80087,977.065848977779,977.065848977779,0.00421262281695767,977.065848977779,0.00421262281695767,0.00421262281695767,0.0000000181627379736163,14.2577909561499,13.6366322885281,14.9661942401802,16.4187562247863,15.1977978230755,2.90015934088337,14.5766388182829,2.32528436263244,15.906201305853,3.58024196763115,17.3587634381639,5.01122456642284,16.1378049286115,3.80606733938005,3.80606733938005,0.000189572748141635,15.5166457921114,3.20387372510308,3.20387372510308,0.000101865924161808,16.8462084890246,4.50312072341155,4.50312072341155,0.000384936647813218,18.2987706790328,5.94716345351666,5.94716345351666,0.00164420334442605,17.0778121273548,4.73243223416754,4.73243223416754,0.000485234493267286,4.73243223416754,0.000485234493267286,0.000485234493267286,0.00000000209259787057091,16.4566529394064,4.11882628673159,4.11882628673159,0.000260756048624551,4.11882628673159,0.000260756048624551,0.000260756048624551,0.00000000112439724134841,17.7862157180943,5.43635665631722,5.43635665631722,0.000985142096444104,5.43635665631722,0.000985142096444104,0.000985142096444104,0.00000000424953649143761,19.2387779306405,6.88557699801137,6.88557699801137,0.00420377456232764,6.88557699801137,0.00420377456232764,0.00420377456232764,0.0000000181627378153337,"Kathy Castor","Democrat"
"Florida","FL","1215",3033657.64757654,1640669.04360279,6872087.81724535,28260507.3235787,7766163.57779593,33.4838413626642,4200112.75162316,18.1088007832776,17592544.8121481,75.8503183398961,72346898.7483615,311.92390637983,19881378.7591576,85.7186338884205,85.7186338884205,0.000369576189091646,10752288.6441553,46.3585300051906,46.3585300051906,0.000199874963867378,45036914.7190992,194.176814950134,194.176814950134,0.000837194015161722,185208060.795805,798.525200332365,798.525200332365,0.00344284418737505,50896329.6234434,219.439702754356,219.439702754356,0.000946115044074614,219.439702754356,0.000946115044074614,0.000946115044074614,0.00000000407917831362692,27525858.9290375,118.677836813288,118.677836813288,0.000511679907500488,118.677836813288,0.000511679907500488,0.000511679907500488,0.00000000220610970649571,115294501.680894,497.092646272344,497.092646272344,0.00214321667881401,497.092646272344,0.00214321667881401,0.00214321667881401,0.0000000092404861886248,474132635.637262,2044.22451285086,2044.22451285086,0.00881368111968014,2044.22451285086,0.00881368111968013,0.00881368111968014,0.0000000380002168994016,14.9252799235223,14.3106152795336,15.7429786670745,17.1569759224467,15.8652869811424,3.54049084801997,15.2506221666066,2.95014900292244,16.6829858368921,4.34185961232991,18.0969831593754,5.74596005037641,16.8052941611685,4.46266878443557,4.46266878443557,0.00036950791263356,16.1906292800127,3.85774695135229,3.85774695135229,0.000199854991528098,17.6229930607453,5.27390589105437,5.27390589105437,0.000836843763724152,19.0369904094439,6.68401805189279,6.68401805189279,0.00343693116717729,17.7453013890094,5.3956242005944,5.3956242005944,0.000945667759335938,5.3956242005944,0.000945667759335938,0.000945667759335938,0.00000000407917832013343,17.1306364818302,4.78480343930754,4.78480343930754,0.000511549043974836,4.78480343930754,0.000511549043974836,0.000511549043974836,0.00000000220610973689987,18.5630003057062,6.21078609641343,6.21078609641343,0.00214092326621667,6.21078609641343,0.00214092326621667,0.00214092326621667,0.0000000092404861113341,19.9769976646451,7.62326284868597,7.62326284868597,0.00877506735266362,7.62326284868597,0.00877506735266362,0.00877506735266362,0.0000000380002162510804,"Laurel M. Lee","Republican"
"Florida","FL","1216",1705739.31441489,692317.488805217,2159372.10841342,10332671.4179545,4366692.64490213,18.8270105743654,1772332.77134136,7.6414189275018,5527992.59753835,23.8339593720595,26451638.8299635,114.046333108059,11178733.1709494,48.1971470703754,48.1971470703754,0.000207802167759059,4537171.89463387,19.5620324544046,19.5620324544046,0.0000843417711812437,14151661.0496982,61.0149359924723,61.0149359924723,0.000263066109419352,67716195.4047066,291.95861275663,291.95861275663,0.00125878057757585,28617556.9176306,123.384696500161,123.384696500161,0.000531973549463192,123.384696500161,0.000531973549463192,0.000531973549463192,0.00000000229360581462465,11615160.0502627,50.0788030832759,50.0788030832759,0.000215914934223984,50.0788030832759,0.000215914934223984,0.000215914934223984,0.000000000930917992257608,36228252.2872274,156.198236140729,156.198236140729,0.000673449240113542,156.198236140729,0.000673449240113542,0.000673449240113542,0.00000000290357874848784,173353460.236049,747.414048656973,747.414048656973,0.00322247827859418,747.414048656973,0.00322247827859418,0.00322247827859418,0.0000000138937263417392,14.3495097764642,13.4478013726582,14.5853285099498,16.150821512183,15.289516677706,2.98704517848787,14.3878077509547,2.15656679705218,15.5253354862413,3.21221204601278,17.0908287116989,4.74533494381402,16.2295237966468,3.8958356354425,3.8958356354425,0.00020778057987911,15.3278146656198,3.02344629048737,3.02344629048737,0.0000843382146141225,16.4653426344983,4.12737525913699,4.12737525913699,0.000263031513597626,18.0308359471531,5.68003134564952,5.68003134564952,0.00125798897753552,17.1695310006263,4.82337915425023,4.82337915425023,0.000531832101696531,4.82337915425023,0.000531832101696531,0.000531832101696531,0.00000000229360574713991,16.2678217898041,3.93336959869082,3.93336959869082,0.000215891627949326,3.93336959869082,0.000215891627949326,0.000215891627949326,0.000000000930918008912001,17.4053498499295,5.05750765945333,5.05750765945333,0.000673222574933259,5.05750765945333,0.000673222574933259,0.000673222574933259,0.00000000290357870658466,18.9708431966456,6.61795636581244,6.61795636581244,0.00321729722304156,6.61795636581244,0.00321729722304156,0.00321729722304156,0.0000000138937262950828,"Vern Buchanan","Republican"
"Florida","FL","1217",577432.529574887,332642.257371374,568798.510532148,3651100.34765506,1478227.27571171,6.37338205692824,851564.178870718,3.67152192840198,1456124.1869623,6.27808451266504,9346816.88999696,40.2988336332918,3784261.82582198,16.3158580657363,16.3158580657363,0.0000703458789782415,2180004.29790904,9.39909613670906,9.39909613670906,0.000040524235787899,3727677.91862348,16.0718963524225,16.0718963524225,0.00006929403720008,23927851.2383922,103.165014101227,103.165014101227,0.000444796318251497,9687710.27410427,41.7685966482849,41.7685966482849,0.000180085450184298,41.7685966482849,0.000180085450184298,0.000180085450184298,0.000000000776439046807501,5580811.00264713,24.0616861099752,24.0616861099752,0.000103742043617022,24.0616861099752,0.000103742043617022,0.000103742043617022,0.000000000447284183022164,9542855.47167612,41.1440546622016,41.1440546622016,0.000177392735232205,41.1440546622016,0.000177392735232205,0.000177392735232205,0.000000000764829396896372,61255299.1702841,264.102436099141,264.102436099141,0.00113867857472383,264.102436099141,0.00113867857472383,0.00113867857472383,0.00000000490941664789632,13.2663486144503,12.7148258955264,13.2512832969436,15.1105394191282,14.206354817625,1.99787649604668,13.6548313220987,1.54148491332141,14.1912894840992,1.98486771119524,16.0505465107179,3.72083425824354,15.146361663883,2.85162273283421,2.85162273283421,0.0000703434048228255,14.5948378649958,2.34171889243862,2.34171889243862,0.0000405234147032703,15.1312963240998,2.83743362333797,2.83743362333797,0.0000692916364791257,16.9905537040134,4.64597631575428,4.64597631575428,0.000444697425692696,16.0863687613457,3.75580411011025,3.75580411011025,0.000180069236746154,3.75580411011025,0.000180069236746154,0.000180069236746154,0.000000000776439134906878,15.5348448439581,3.22134023012453,3.22134023012453,0.000103736662783297,3.22134023012453,0.000103736662783297,0.000103736662783297,0.000000000447284209570297,16.0713034191182,3.74109362259405,3.74109362259405,0.000177377003001445,3.74109362259405,0.000177377003001445,0.000177377003001445,0.000000000764829310702714,17.9305609370377,5.58011630261202,5.58011630261202,0.00113803077198832,5.58011630261202,0.00113803077198832,0.00113803077198832,0.00000000490941663893769,"W. Gregory Steube","Republican"
"Florida","FL","1218",1104275.055977,721938.119696806,1922534.72146821,9431291.71371428,2826944.14330112,12.1883795373612,1848161.58642382,7.96835512830492,4921688.88695861,21.2198788084347,24144106.7871086,104.097400654057,7236977.00685086,31.2022516156446,31.2022516156446,0.000134528616708932,4731293.66124499,20.3989891284606,20.3989891284606,0.0000879503128016697,12599523.5506141,54.3228897495929,54.3228897495929,0.000234213328693894,61808913.374998,266.489345674387,266.489345674387,0.00114896974368569,18526661.1375382,79.87776413605,79.87776413605,0.000344393258774865,79.87776413605,0.000344393258774865,0.000344393258774865,0.00000000148485273683371,12112111.7727872,52.2214121688591,52.2214121688591,0.000225152800772274,52.2214121688591,0.000225152800772274,0.000225152800772274,0.000000000970747086112493,32254780.289572,139.066597758958,139.066597758958,0.000599586121456369,139.066597758958,0.000599586121456369,0.000599586121456369,0.00000000258511765468092,158230818.239995,682.212724926428,682.212724926429,0.00294136254383536,682.212724926428,0.00294136254383536,0.00294136254383536,0.0000000126816948704829,13.9147005252655,13.4896960925701,14.469155560927,16.0595437304438,14.8547072319247,2.57933610378849,14.4297025069804,2.19370228448458,15.4091625024542,3.10098733003076,16.9995509243233,4.65488754545582,15.7947142748566,3.47203637605735,3.47203637605735,0.000134519568546054,15.3697094357524,3.06334368392428,3.06334368392428,0.0000879464453997291,16.3491696371315,4.01318674240971,4.01318674240971,0.000234185905034127,17.9395581575757,5.58907973628823,5.58907973628823,0.00114831018311152,16.7347214491451,4.39293893011708,4.39293893011708,0.000344333969028702,4.39293893011708,0.000344333969028702,0.000344333969028702,0.00000000148485268414939,16.3097165654472,3.97446079974954,3.97446079974954,0.000225127457684303,3.97446079974954,0.000225127457684303,0.000225127457684303,0.000000000970747037837953,17.2891768472581,4.94211800777902,4.94211800777902,0.000599406441516565,4.94211800777902,0.000599406441516565,0.000599406441516565,0.00000000258511767213845,18.8795654062081,6.5268062677787,6.5268062677787,0.00293704520087018,6.5268062677787,0.00293704520087018,0.00293704520087018,0.0000000126816947249816,"C. Scott Franklin","Republican"
"Florida","FL","1219",513161.136333297,373139.79071433,477246.63492348,3585425.12251697,1313692.50901324,5.66398983622793,955237.864228684,4.11851138455172,1221751.38540411,5.26758536099448,9178688.31364346,39.5739466897246,3363052.8230739,14.4998139807435,14.4998139807435,0.0000625159985694179,2445408.93242543,10.5433891444524,10.5433891444524,0.0000454578590833483,3127683.54663452,13.4850185241459,13.4850185241459,0.0000581407044175646,23497442.0829272,101.309303525695,101.309303525695,0.000436795415630313,8609415.22706918,37.1195237907033,37.1195237907033,0.00016004095633771,37.1195237907033,0.00016004095633771,0.00016004095633771,0.000000000690017141650497,6260246.86700911,26.9910762097981,26.9910762097981,0.000116372119253372,26.9910762097981,0.000116372119253372,0.000116372119253372,0.000000000501738798196008,8006869.87938437,34.5216474218135,34.5216474218135,0.000148840203308965,34.5216474218135,0.000148840203308965,0.000148840203308965,0.000000000641725055886408,60153451.7322937,259.351817025779,259.351817025779,0.0011181962640136,259.351817025779,0.0011181962640136,0.0011181962640136,0.00000000482110709380412,13.1483471294486,12.8297110824059,13.0757907859413,15.092387887579,14.0883532004492,1.8967183796875,13.7697167077994,1.63286365157209,14.0157967675791,1.83539117058173,16.0323949761116,3.70312615347589,15.0283599950766,2.74082802261083,2.74082802261083,0.0000625140445258349,14.7097233283612,2.44611290465677,2.44611290465677,0.0000454568259062208,14.9558035272992,2.67311491007075,2.67311491007075,0.000058139014312318,16.9724021682129,4.62800061237765,4.62800061237765,0.000436700048282465,15.9683670723711,3.64072658633398,3.64072658633398,0.00016002815115018,3.64072658633398,0.00016002815115018,0.00016002815115018,0.000000000690017154287373,15.6497303376613,3.33188575258448,3.33188575258448,0.000116365348543623,3.33188575258448,0.000116365348543623,0.000116365348543623,0.000000000501738872545482,15.895810590958,3.57014229716707,3.57014229716707,0.000148829127704887,3.57014229716707,0.000148829127704887,0.000148829127704887,0.000000000641725117283594,17.9124094007707,5.56203385875021,5.56203385875021,0.0011175715482311,5.56203385875021,0.0011175715482311,0.0011175715482311,0.000000004821107057498,"Byron Donalds","Republican"
"Florida","FL","1220",1197324.573989,1040529.91421043,935473.446393473,8229849.13663104,3065150.90941184,13.2154088405771,2663756.5803787,11.4847957904418,2394812.02276729,10.3252403919232,21068413.7897754,90.8365395646248,7846786.32809431,33.8314466318773,33.8314466318773,0.000145864400194969,6819216.84576947,29.401077223531,29.401077223531,0.000126762847032839,6130718.77828427,26.4326154033233,26.4326154033233,0.000113964313537724,53935139.3018253,232.54154128544,232.54154128544,0.00100260366661513,20087772.9999214,86.6085033776059,86.6085033776059,0.000373412864499122,86.6085033776059,0.000373412864499122,0.000373412864499122,0.00000000160997086816643,17457195.1251699,75.2667576922395,75.2667576922395,0.000324512888404069,75.2667576922395,0.000324512888404069,0.000324512888404069,0.00000000139913845061522,15694640.0724077,67.6674954325076,67.6674954325076,0.000291748642656574,67.6674954325076,0.000291748642656574,0.000291748642656574,0.00000000125787529075685,138073956.612672,595.306345690725,595.306345690725,0.00256666538653474,595.306345690725,0.00256666538653474,0.00256666538653474,0.0000000110661867694217,13.9956009391937,13.8552416352927,13.7488091088699,15.9232783630866,14.9356076887382,2.65432650589774,14.7952483081455,2.52451156720564,14.6888157159538,2.4270338978037,16.8632855475336,4.52001025290478,15.8756147484223,3.55052061759169,3.55052061759169,0.000145853763017795,15.7352553378717,3.41447804276895,3.41447804276895,0.000126754813302164,15.628822719989,3.31173264868426,3.31173264868426,0.00011395782009868,17.8032927771014,5.4533599682894,5.4533599682894,0.00100210139525031,16.8156219292546,4.47287806375192,4.47287806375192,0.000373343163266543,4.47287806375192,0.000373343163266543,0.000373343163266543,0.00000000160997082202814,16.6752625070018,4.33423716435395,4.33423716435395,0.000324460245485153,4.33423716435395,0.000324460245485153,0.000324460245485153,0.00000000139913835974601,16.5688298790835,4.22927594945409,4.22927594945409,0.000291706092297134,4.22927594945409,0.000291706092297134,0.000291706092297134,0.00000000125787535863721,18.7433000242946,6.39075453784793,6.39075453784793,0.0025633771263056,6.39075453784793,0.0025633771263056,0.0025633771263056,0.0000000110661867945269,"Sheila Cherfilus-McCormick","Democrat"
"Florida","FL","1221",1247707.07259775,5102736.59481075,2906677.20219605,22189125.8409191,3194130.10585024,13.7715030960438,13063005.6827155,56.3211945792885,7441093.63762189,32.0823011813991,56804162.152753,244.911343317551,8176973.07097661,35.2550479258722,35.2550479258722,0.000152002262141129,33441294.5477517,144.182258122978,144.182258122978,0.000621642308964944,19049199.712312,82.1306910243818,82.1306910243818,0.000354106760914617,145418655.111048,626.97303889293,626.97303889293,0.00270319644476461,20933051.0617001,90.2529226902327,90.2529226902327,0.00038912579108129,90.2529226902327,0.00038912579108129,0.00038912579108129,0.00000000167771720594957,85609714.0422445,369.106580794825,369.106580794825,0.00159140431095026,369.106580794825,0.00159140431095026,0.00159140431095026,0.00000000686134523924632,48765951.2635188,210.254569022418,210.254569022418,0.000906513307941419,210.254569022418,0.000906513307941419,0.000906513307941419,0.00000000390843529011384,372271757.084282,1605.0509795659,1605.0509795659,0.00692018289859739,1605.0509795659,0.0069201828985974,0.0069201828985974,0.0000000298363927125803,14.0368188843612,15.4452877369742,14.8825214758546,16.9151129449196,14.976825654457,2.69269985819301,16.3852948760444,4.04867044327471,15.8225285246995,3.49899843186537,17.8551201759483,5.5049710779571,15.9168327221689,3.59057862473338,3.59057862473338,0.000151990710967745,17.325302087887,4.9779899056893,4.9779899056893,0.000621449169423068,16.7625357012978,4.42041396008371,4.42041396008371,0.000354044079912197,18.7951274237121,6.44249723384745,6.44249723384745,0.00269954938026451,16.8568399061371,4.51363502143167,4.51363502143167,0.00038905010127526,4.51363502143167,0.00038905010127526,0.00038905010127526,0.00000000167771729701322,18.2653093281562,5.91379102036028,5.91379102036028,0.00159013936895466,5.91379102036028,0.00159013936895466,0.00159013936895466,0.00000000686134524618734,17.7025429277997,5.35306389451188,5.35306389451188,0.000906102672897949,5.35306389451188,0.000906102672897949,0.000906102672897949,0.00000000390843534550141,19.7351346780131,7.38153363719462,7.38153363719462,0.0068963483294621,7.38153363719462,0.0068963483294621,0.0068963483294621,0.0000000298363922447253,"Brian J. Mast","Republican"
"Florida","FL","1222",758071.532485686,1187840.98347754,780555.164507726,6695755.00074181,1940663.12316336,8.36717582670543,3040872.9177025,13.1107341946137,1998221.22113978,8.61533776695729,17141132.801899,73.9040538826813,4968097.59529819,21.4199701163659,21.4199701163659,0.0000923522758933381,7784634.66931839,33.563479538211,33.563479538211,0.00014470905913566,5115446.32611784,22.0552646834107,22.0552646834107,0.000095091350635764,43881299.9728616,189.194377939664,189.194377939664,0.000815712220606809,12718329.8439634,54.8351234978968,54.8351234978968,0.000236421826286946,54.8351234978968,0.000236421826286946,0.000236421826286946,0.00000000101933352893786,19928664.7534551,85.9225076178201,85.9225076178201,0.00037045519138729,85.9225076178201,0.00037045519138729,0.00037045519138729,0.00000000159721885022512,13095542.5948616,56.4614775895313,56.4614775895313,0.000243433857627556,56.4614775895313,0.000243433857627556,0.000243433857627556,0.00000000104956592652865,112336127.930526,484.33760752554,484.33760752554,0.00208822328475343,484.33760752554,0.00208822328475343,0.00208822328475343,0.00000000900338197825464,13.5385343493417,13.9876487595172,13.5677619759998,15.7169844509328,14.4785408039849,2.23721164491721,14.9276555049984,2.64693579814771,14.5077684537976,2.26335950759245,16.6569916184151,4.31620801299286,15.418547748473,3.10995208474241,3.10995208474241,0.0000923480116844322,15.8676625630952,3.54279761995035,3.54279761995035,0.000144698589789646,15.4477754073305,3.13789414611372,3.13789414611372,0.0000950868297397924,17.5969988413562,5.24804659099758,5.24804659099758,0.000815379708203967,16.3585548843069,4.02240312473191,4.02240312473191,0.000236393883051116,4.02240312473191,0.000236393883051116,0.000236393883051116,0.00000000101933350597167,16.8076697433075,4.4650170046939,4.4650170046939,0.000370386589804837,4.4650170046939,0.000370386589804837,0.000370386589804837,0.00000000159721880038775,16.3877825466975,4.05111476831852,4.05111476831852,0.000243404232413831,4.05111476831852,0.000243404232413831,0.000243404232413831,0.00000000104956598912397,18.5370060859607,6.18484474676445,6.18484474676445,0.0020860459771194,6.18484474676445,0.0020860459771194,0.0020860459771194,0.00000000900338199937669,"Lois Frankel","Democrat"
"Florida","FL","1223",1171995.50430442,566506.405881175,644602.740261141,6537635.76176466,3000308.49101932,12.9358405274354,1450256.39905581,6.25278552463285,1650183.01506852,7.11476982713759,16736347.5501175,72.1588208572852,7680789.73700946,33.1157517502346,33.1157517502346,0.000142778679215629,3712656.38158286,16.0071309430601,16.0071309430601,0.0000690148009116402,4224468.51857543,18.2138107574723,18.2138107574723,0.0000785289086308261,42845049.7283009,184.72658139465,184.72658139465,0.000796449300214349,19662821.7267442,84.7763244806007,84.7763244806007,0.00036551341879201,84.7763244806007,0.00036551341879201,0.00036551341879201,0.00000000157591238043818,9504400.33685212,40.9782552142339,40.9782552142339,0.000176677890333799,40.9782552142339,0.000176677890333799,0.000176677890333799,0.000000000761747340622723,10814639.4075531,46.6273555391289,46.6273555391289,0.000201034006094915,46.6273555391289,0.000201034006094915,0.000201034006094915,0.000000000866758818707937,109683327.30445,472.900048370304,472.900048370304,0.00203891020854873,472.900048370304,0.00203891020854873,0.00203891020854873,0.00000000879076847813936,13.9742192664392,13.2472454324118,13.3763910507995,15.6930863067181,14.9142260049845,2.63446397683539,14.1872516152328,1.98138560537089,14.3163973639423,2.09368583668722,16.6330934719993,4.29263270607847,15.8542330603719,3.52975920579288,3.52975920579288,0.000142768487310132,15.1272584535401,2.83363272334326,2.83363272334326,0.0000690124194998996,15.2564042531568,2.9556293307391,2.9556293307391,0.0000785258253975837,17.5731006940805,5.22427559971235,5.22427559971235,0.00079613230277424,16.7942402395258,4.45174302996136,4.45174302996136,0.000365446635035515,4.45174302996136,0.000365446635035515,0.000365446635035515,0.00000000157591228831137,16.0672655478971,3.73715175121893,3.73715175121893,0.000176662284633449,3.73715175121893,0.000176662284633449,0.000176662284633449,0.000000000761747331588708,16.1964113673993,3.86340729236294,3.86340729236294,0.000201013801466976,3.86340729236294,0.000201013801466976,0.000201013801466976,0.000000000866758886510397,18.5131079383492,6.16099643104213,6.16099643104213,0.00203683445217117,6.16099643104213,0.00203683445217117,0.00203683445217117,0.00000000879076851889289,"Jared Moskowitz","Democrat"
"Florida","FL","1224",3486926.14666963,990483.995050278,2040395.47430035,17216624.9572991,8926530.93547426,38.4867692739434,2535639.02732872,10.9324165134506,5223412.41420891,22.5207608489208,44074559.8906857,190.027618749668,22851919.1948141,98.526129341295,98.526129341295,0.000424795750423472,6491235.90996152,27.9869862744335,27.9869862744335,0.000120665988971887,13371935.7803748,57.6531477732374,57.6531477732374,0.000248571747782473,112830873.320155,486.47070399915,486.47070399915,0.00209742013764201,58500913.1387241,252.226891113715,252.226891113715,0.00108747712108409,252.226891113715,0.00108747712108409,0.00108747712108409,0.00000000468866140188107,16617563.9295015,71.6466848625498,71.6466848625498,0.00030890493176803,71.6466848625498,0.00030890493176803,0.00030890493176803,0.00000000133184469112107,34232155.5977595,147.592058299488,147.592058299488,0.000636343674323131,147.592058299488,0.000636343674323131,0.000636343674323131,0.0000000027435979721171,288847035.699598,1245.36500223782,1245.36500223782,0.00536939555236354,1245.36500223782,0.00536939555236354,0.00536939555236354,0.0000000231501676584258,15.0645314326003,13.8059499961421,14.5286546970841,16.6613861003265,16.0045385163319,3.67596566070705,14.7459566394044,2.47925877330529,15.4686616569203,3.15788347152595,17.6013933234234,5.25241801837655,16.9445457065578,4.60042021613469,4.60042021613469,0.000424705550252274,15.6859636575719,3.36684698011097,3.36684698011097,0.000120658709417012,16.4086687987496,4.07164124413221,4.07164124413221,0.000248540858944202,18.5414005680889,6.18923019427144,6.18923019427144,0.00209522362283184,17.884552938383,5.53428588966114,5.53428588966114,0.00108688624617609,5.53428588966114,0.00108688624617609,0.00108688624617609,0.00000000468866144809287,16.6259708221869,4.2856077573516,4.2856077573516,0.000308857230462697,4.2856077573516,0.000308857230462697,0.000308857230462697,0.0000000013318446336909,17.3486760116699,5.00120468737965,5.00120468737965,0.000636141293538426,5.00120468737965,0.000636141293538426,0.000636141293538426,0.00000000274359801167855,19.4814078211796,7.12798659564477,7.12798659564477,0.00535503174177769,7.12798659564477,0.00535503174177769,0.00535503174177769,0.0000000231501672927497,"Frederica S. Wilson","Democrat"
"Florida","FL","1225",2196973.08030228,708760.13225283,1239366.89955872,10948888.8001796,5624251.08557383,24.2489781790808,1814425.93856725,7.82290376486391,3172779.26287033,13.6794488620405,28029155.3284597,120.847800995453,14398082.779069,62.0773841384469,62.0773841384469,0.00026764685830772,4644930.40273215,20.0266336380516,20.0266336380516,0.0000863449008055821,8122314.91294805,35.0193890868237,35.0193890868237,0.000150986218234332,71754637.640857,309.37037054836,309.37037054836,0.00133385143204643,36859091.9144166,158.918103394424,158.918103394424,0.000685175957267764,158.918103394424,0.000685175957267764,0.000685175957267764,0.00000000295413853041408,11891021.8309943,51.2681821134121,51.2681821134121,0.00022104294606229,51.2681821134121,0.00022104294606229,0.00022104294606229,0.000000000953027433190662,20793126.177147,89.6496360622685,89.6496360622685,0.00038652471867989,89.6496360622685,0.00038652471867989,0.00038652471867989,0.00000000166650267321551,183691872.360594,791.988148603803,791.988148603803,0.00341465966603886,791.988148603803,0.00341465966603886,0.00341465966603886,0.0000000147223170642489,14.6025915535285,13.471273840783,14.0301120491898,16.2087486209752,15.5425985346498,3.2287856867473,14.4112802394993,2.17735104087729,14.9701188159991,2.68644847902386,17.1487558238104,4.80277273309223,16.4826056847935,4.14436229228201,4.14436229228201,0.000267611047277107,15.3512871621409,3.04578990262896,3.04578990262896,0.0000863411732991201,15.9101258824271,3.58405737921596,3.58405737921596,0.000150974820962441,18.0887630605611,5.73776632804527,5.73776632804527,0.00133296264247944,17.4226129009617,5.07466183040711,5.07466183040711,0.000684941331388707,5.07466183040711,0.000684941331388707,0.000684941331388707,0.00000000295413848502262,16.2912942894409,3.95638781334468,3.95638781334468,0.000221018519669742,3.95638781334468,0.000221018519669742,0.000221018519669742,0.00000000095302743429277,16.8501330658938,4.5070019224357,4.5070019224357,0.000386450037244289,4.5070019224357,0.000386450037244289,0.000386450037244289,0.00000000166650271221563,19.0287703105601,6.67580827650905,6.67580827650905,0.00340884295335656,6.67580827650905,0.00340884295335656,0.00340884295335656,0.0000000147223170347943,"Debbie Wasserman Schultz","Democrat"
"Florida","FL","1226",3272275.8784134,939222.817236522,1866179.35105232,14619479.1687363,8377026.24873829,36.1175778997991,2404410.4121255,10.3666238811309,4777419.13869395,20.5978592854186,37425866.671965,161.361754739133,21445187.1967701,92.4609994234858,92.4609994234858,0.000398645921620934,6155290.65504127,26.5385571356951,26.5385571356951,0.000114421081686488,12230192.9950565,52.7305197706717,52.7305197706717,0.000227347819973822,95810218.6802304,413.086092132182,413.086092132182,0.00178102212753061,54899679.2237313,236.700158524124,236.700158524124,0.00102053355934959,236.700158524124,0.00102053355934959,0.00102053355934959,0.00000000440003400188934,15757544.0769057,67.9387062673793,67.9387062673793,0.000292917969117409,67.9387062673793,0.000292917969117409,0.000292917969117409,0.00000000126291684587265,31309294.0673446,134.99013061292,134.99013061292,0.000582010419132984,134.99013061292,0.000582010419132984,0.000582010419132984,0.00000000250933995279008,245274159.82139,1057.50039585838,1057.50039585838,0.00455941664647835,1057.50039585838,0.00455941664647835,0.00455941664647835,0.0000000196579407795965,15.0009965936667,13.7528090868023,14.4394043068724,16.4978654554798,15.9410036659346,3.61409065524488,14.6928156964865,2.43068133149089,15.3794112388279,3.07259420262214,17.4378726722889,5.08982689961821,16.8810108516824,4.53754423081114,4.53754423081114,0.000398566483446666,15.6328227015376,3.31558710034106,3.31558710034106,0.000114414536093908,16.3194183697662,3.98398117844551,3.98398117844551,0.000227321980374598,18.3778799144981,6.02607390421639,6.02607390421639,0.00177943798826695,17.8210180817584,5.47101004127431,5.47101004127431,0.00102001316899718,5.47101004127431,0.00102001316899718,0.00102001316899718,0.00000000440003388311283,16.5728298610288,4.23321779484619,4.23321779484619,0.000292875077024735,4.23321779484619,0.000292875077024735,0.000292875077024735,0.00000000126291688138568,17.2594255784322,4.91258231408014,4.91258231408014,0.000581841116756296,4.91258231408014,0.000581841116756296,0.000581841116756296,0.00000000250933984387489,19.3178871666294,6.96460846455537,6.96460846455537,0.00454905399289828,6.96460846455537,0.00454905399289828,0.00454905399289828,0.0000000196579406374801,"Mario Diaz-Balart","Republican"
"Florida","FL","1227",7478995.40809503,1833521.60559016,3810118.61348571,34912264.2254672,19146228.2447232,82.549029880416,4693815.3103108,20.2374010876418,9753903.65052341,42.053989621672,89375396.4171963,385.342333493308,49014344.3064915,211.325516493865,211.325516493865,0.000911130701701217,12016167.1943957,51.807746784363,51.807746784363,0.000223369281023695,24969993.3453399,107.65821343148,107.65821343148,0.00046416876284115,228801014.828022,986.47637374287,986.476373742871,0.00425319632731672,125476721.424618,540.993322224294,540.993322224294,0.00233249459635512,540.993322224294,0.00233249459635512,0.00233249459635512,0.0000000100565585905147,30761388.0176529,132.627831767969,132.627831767969,0.00057182535942066,132.627831767969,0.00057182535942066,0.00057182535942066,0.00000000246542703230361,63923182.9640703,275.60502638459,275.60502638459,0.00118827203287334,275.60502638459,0.00118827203287334,0.00118827203287334,0.00000000512323901574495,585730597.959737,2525.37951678174,2525.37951678174,0.0108881825979308,2525.37951678174,0.0108881825979308,0.0108881825979308,0.0000000469444372610426,15.8276091709083,14.4217495956186,15.1531711412258,17.3683487645575,16.7676163479216,4.42543364372822,15.3617565217579,3.05576382954832,16.0931782397813,3.76245490071848,18.3083560055945,5.95672385075915,17.7076235745856,5.35812055222577,5.35812055222577,0.000910715874078998,16.3017636504243,3.96665789935079,3.96665789935079,0.000223344337820064,17.0331854357978,4.68820729916491,4.68820729916491,0.000464061069844718,19.2483632572679,6.89515257116539,6.89515257116539,0.00424417705260435,18.6476308206445,6.29525368074436,6.29525368074436,0.00232977855345122,6.29525368074436,0.00232977855345122,0.00232977855345122,0.0000000100565586463354,17.2417708582029,4.89505856102315,4.89505856102315,0.00057166192959909,4.89505856102315,0.00057166192959909,0.00057166192959909,0.00000000246542697064652,17.973192669885,5.6225905910995,5.6225905910995,0.00118756659643954,5.6225905910995,0.00118756659643954,0.00118756659643954,0.00000000512323893106974,20.188370513096,7.83454253579821,7.83454253579821,0.0108293331282732,7.83454253579821,0.0108293331282732,0.0108293331282732,0.0000000469444361245249,"Maria Elvira Salazar","Republican"
"Florida","FL","1228",5551248.39798366,1463747.33563857,2909643.84019639,31774896.7581545,14211195.8988382,61.2716207022629,3747193.17923472,16.1560364666388,7448688.23090278,32.115045296828,81343735.7008756,350.713800291546,36380661.5010258,156.855348997793,156.855348997793,0.000676282384489512,9592814.5388409,41.3594533545953,41.3594533545952,0.000178321427446009,19068641.8711111,82.2145159598797,82.2145159598797,0.00035446817241649,208239963.394242,897.827328746358,897.827328746359,0.00387098566050801,93134493.4426258,401.54969343435,401.54969343435,0.00173128290429315,401.54969343435,0.00173128290429315,0.00173128290429315,0.00000000746443228249598,24557605.2194327,105.880200587764,105.880200587764,0.000456502854261784,105.880200587764,0.000456502854261784,0.000456502854261784,0.00000000196821364893824,48815723.1900444,210.469160857292,210.469160857292,0.000907438521386216,210.469160857292,0.000907438521386216,0.000907438521386216,0.00000000391242435110926,533094306.289258,2298.43796159068,2298.43796159068,0.0099097232909005,2298.43796159068,0.0099097232909005,0.0099097232909005,0.0000000427258065448297,15.5295335771415,14.1965110568403,14.8835415836567,17.2741871573526,16.4695407258603,4.13150579556129,15.1365178990204,2.84235009224335,15.8235486327154,3.49998771980036,18.2141943966662,5.862817777526,17.4095479414719,5.06167910101709,5.06167910101709,0.000676053808606439,16.0765249948902,3.74619161589534,3.74619161589534,0.000178305530070128,16.7635558093972,4.42142180328056,4.42142180328056,0.000354405363416039,19.1542016476663,6.80109094566374,6.80109094566374,0.00386351267452213,18.3495551832134,5.99781855118652,5.99781855118652,0.00172978596155112,5.99781855118652,0.00172978596155112,0.00172978596155112,0.00000000746443215560939,17.0165321898576,4.67170858654335,4.67170858654335,0.000456398688533919,4.67170858654335,0.000456398688533919,0.000456398688533919,0.00000000196821359017037,17.7035630359317,5.35407917630535,5.35407917630535,0.000907027047957003,5.35407917630535,0.000907027047957003,0.000907027047957003,0.00000000391242437681328,20.0942089032315,7.74042000752957,7.74042000752957,0.0098609439779838,7.74042000752957,0.0098609439779838,0.0098609439779838,0.0000000427258055356265,"Carlos A. Gimenez","Republican"
"Georgia","GA","1301",594031.157945518,958604.635084946,528368.289210241,5878321.29543061,1520719.76434053,6.55658856991235,2454027.86581746,10.5805497058445,1352622.82037822,5.83183800951015,15048502.5163023,64.8816711049144,3893042.59671175,16.7848667389756,16.7848667389756,0.0000723680115093355,6282311.3364927,27.086207246962,27.086207246962,0.000116782277052027,3462714.42016823,14.929505304346,14.929505304346,0.0000643686142103702,38524166.441734,166.097078028581,166.097078028581,0.000716128131451161,9966189.04758209,42.9692588517775,42.9692588517775,0.000185262109463899,42.9692588517775,0.000185262109463899,0.000185262109463899,0.000000000798758231353432,16082717.0214213,69.3406905522228,69.3406905522228,0.000298962629253188,69.3406905522228,0.000298962629253188,0.000298962629253188,0.00000000128897841913854,8864548.91563068,38.2195335791257,38.2195335791257,0.000164783652378548,38.2195335791257,0.000164783652378548,0.000164783652378548,0.000000000710465292178356,98621866.0908391,425.208519753167,425.208519753167,0.00183328801651497,425.208519753167,0.00183328801651497,0.00183328801651497,0.00000000790422767974738,13.2946887348348,13.7732350441433,13.1775507295973,15.5867819552558,14.2346949674974,2.02241984098262,14.7132416669456,2.44932694129835,14.1175568347754,1.92159374565338,16.5267891100825,4.18786027087896,15.1747018252742,2.87834791248371,2.87834791248371,0.0000723653930711201,15.6532486771209,3.33527861053187,3.33527861053187,0.000116775458532763,15.0575636427535,2.76817306909864,2.76817306909864,0.0000643665426399785,17.4667963280799,5.11857494908449,5.11857494908449,0.000715871834054722,16.1147089272365,3.7834907272803,3.7834907272803,0.00018524495055842,3.7834907272803,0.00018524495055842,0.00018524495055842,0.000000000798758170397944,16.5932558386139,4.25335044434514,4.25335044434514,0.000298917948831225,4.25335044434514,0.000298917948831225,0.000298917948831225,0.00000000128897847867709,15.9975707252631,3.66917492827336,3.66917492827336,0.00016477007704386,3.66917492827336,0.00016477007704386,0.00016477007704386,0.000000000710465241940601,18.4068035707534,6.0549287095003,6.0549287095003,0.00183160959507949,6.0549287095003,0.00183160959507949,0.00183160959507949,0.00000000790422768555448,"Earl L. “Buddy” Carter","Republican"
"Georgia","GA","1302",501958.966068192,1208005.93679861,572054.464327622,5813930.25426904,1285014.95313457,5.5403464539979,3092495.19820444,13.3333038371136,1464459.42867871,6.31402193640793,14883661.4509288,64.1709582764074,3289638.2800245,14.1832869222346,14.1832869222346,0.0000611512910522593,7916787.70740337,34.1332578230108,34.1332578230108,0.000147165660198594,3749016.13741751,16.1638961572043,16.1638961572043,0.0000696906946793942,38102173.3143776,164.277653187603,164.277653187603,0.000708283674901114,8421473.99686273,36.3092145209207,36.3092145209207,0.000156547305093784,36.3092145209207,0.000156547305093784,0.000156547305093784,0.000000000674954252122577,20266976.5309526,87.3811400269076,87.3811400269076,0.0003767440901084,87.3811400269076,0.0003767440901084,0.0003767440901084,0.00000000162433345900384,9597481.3117888,41.379574162443,41.379574162443,0.000178408178379249,41.379574162443,0.000178408178379249,0.000178408178379249,0.000000000769207483567846,97541563.6848068,420.550792160265,420.550792160265,0.00181320620774685,420.550792160265,0.00181320620774685,0.00181320620774685,0.000000007817644891176,13.1262756466256,14.0044823998434,13.2569912312688,15.5757675358599,14.0662816911251,1.87799013868342,14.9444891538881,2.66258576914754,14.1969974245221,1.98979331895812,16.5157746895385,4.17701394449286,15.0062884754006,2.72019527831977,2.72019527831977,0.0000611494213882419,15.88449621533,3.55914819818668,3.55914819818668,0.000147154832395104,15.1370042669046,2.84280811707627,2.84280811707627,0.0000696882663956813,17.4557819070874,5.10762680626038,5.10762680626038,0.000708032960396666,15.9462955486513,3.61924033423527,3.61924033423527,0.000156535052843057,3.61924033423527,0.000156535052843057,0.000156535052843057,0.000000000674954314433354,16.824503396849,4.48165859876975,4.48165859876975,0.000376673139873129,4.48165859876975,0.000376673139873129,0.000376673139873129,0.00000000162433355522989,16.0770113628534,3.7466665047114,3.7466665047114,0.0001783922655329,3.7466665047114,0.0001783922655329,0.0001783922655329,0.000000000769207586219268,18.3957891495857,6.04394027352779,6.04394027352779,0.00181156433377549,6.04394027352779,0.00181156433377549,0.00181156433377549,0.00000000781764494525827,"Sanford D. Bishop Jr.","Democrat"
"Georgia","GA","1303",2152505.00104192,5698816.19624124,1986980.98910641,23833282.9500322,5510412.80266733,23.7581640251352,14588969.4623776,62.9003927395564,5086671.33211241,21.9312011963572,61013204.3520826,263.05864344577,14106656.7748284,60.8208999043461,60.8208999043461,0.000262229522148383,37347761.8236866,161.025005413265,161.025005413265,0.000694259872673206,13021878.6102078,56.1438750626744,56.1438750626744,0.000242064513224862,156193803.141331,673.43012722117,673.43012722117,0.0029034963431857,36113041.3435606,155.701503755126,155.701503755126,0.00067130757669986,155.701503755126,0.00067130757669986,0.00067130757669986,0.00000000289434495920726,95610270.2686376,412.224013857958,412.224013857958,0.00177730527404341,412.224013857958,0.00177730527404341,0.00177730527404341,0.00000000766285789025131,33336009.2421319,143.728320160446,143.728320160446,0.000619685153855648,143.728320160446,0.000619685153855648,0.000619685153855648,0.00000000267177470299814,399856136.041808,1723.9811256862,1723.9811256862,0.00743295063855539,1723.9811256862,0.00743295063855539,0.00743295063855539,0.0000000320471926125121,14.5821433032206,15.5557692018404,14.5021274571277,16.9865936469674,15.5221502786118,3.2091552942244,16.4957763534017,4.15732550752354,15.4421344089354,3.13249848086003,17.9266008798906,5.57617121274243,16.4621574265172,4.12424149344606,4.12424149344606,0.000262195145996736,17.4357835701236,5.08775067772384,5.08775067772384,0.000694018985773353,16.3821415476285,4.04557221149081,4.04557221149081,0.00024203522033764,18.8666081283945,6.51386807831911,6.51386807831911,0.00289928933905841,17.402164641811,5.05434274571112,5.05434274571112,0.000671082350560192,5.05434274571112,0.000671082350560192,0.000671082350560192,0.00000000289434498171562,18.3757908122989,6.02398985234757,6.02398985234757,0.00177572773592624,6.02398985234757,0.00177572773592624,0.00177572773592624,0.00000000766285787440772,17.3221487593238,4.97485833086929,4.97485833086929,0.000619493228295475,4.97485833086929,0.000619493228295475,0.000619493228295475,0.00000000267177479783016,19.8066153829845,7.45297138777441,7.45297138777441,0.00740546238945132,7.45297138777441,0.00740546238945132,0.00740546238945132,0.0000000320471921638423,"Brian Jack","Republican"
"Georgia","GA","1304",3859161.1038338,9923180.45166737,3736815.52973213,41759230.1688861,9879452.42581454,42.5952936043931,25403341.9562685,109.5265974795,9566247.75611424,41.2449105781749,106903629.232349,460.915370433765,25291398.2100852,109.043951627246,109.043951627246,0.000470143377907188,65032555.4080473,280.388089547519,280.388089547519,0.00120889422638894,24489594.2556525,105.586971080128,105.586971080128,0.000455238594216501,273673290.834813,1179.94334831044,1179.94334831044,0.0050873298631923,64745979.4178182,279.15251616575,279.15251616575,0.0012035670474424,279.15251616575,0.0012035670474424,0.0012035670474424,0.00000000518918352442542,166483341.844601,717.79350924165,717.79350924165,0.0030947692195557,717.79350924165,0.0030947692195557,0.0030947692195557,0.0000000133431082881038,62693361.2944704,270.302645965127,270.302645965127,0.00116541080119424,270.302645965127,0.00116541080119424,0.00116541080119424,0.00000000502467273559517,700603624.53712,3020.65497167473,3020.65497167473,0.0130235644497723,3020.65497167473,0.0130235644497723,0.0130235644497723,0.0000000561511435658389,15.1659606463319,16.1103841386979,15.1337446116595,17.5474310906624,16.1059677469199,3.77494919967515,17.0503913357801,4.70525619316587,16.0737517070777,3.74348388685916,18.4874383345613,6.13538169342278,17.0459749437304,4.70087984623717,4.70087984623717,0.000470032895136539,17.9903985702836,5.63973481808275,5.63973481808275,0.00120816410213316,17.0137589018686,4.66896128174909,4.66896128174909,0.000455135004565125,19.4274455873526,7.0740688457923,7.0740688457923,0.00507443312211477,17.9859821781277,5.6353341554657,5.6353341554657,0.0012028433412513,5.6353341554657,0.0012028433412513,0.0012028433412513,0.00000000518918351385719,18.9304058194048,6.57757412487649,6.57757412487649,0.00308999027856895,6.57757412487649,0.00308999027856895,0.00308999027856895,0.0000000133431083069386,17.9537661354771,5.6032349725297,5.6032349725297,0.0011647322371792,5.6032349725297,0.0011647322371792,0.0011647322371792,0.00000000502467266530983,20.3674528436174,8.01355996413544,8.01355996413544,0.0129394870391997,8.01355996413544,0.0129394870391997,0.0129394870391997,0.0000000561511419361751,"Henry C. “Hank” Johnson Jr.","Democrat"
"Georgia","GA","1305",6881605.47660209,17135657.2445617,6142986.66801749,73383254.024553,17616910.0201014,75.9553690189994,43867282.546078,189.133941755179,15726045.8701248,67.8029016389429,187861130.302856,809.963918768863,45099289.6514594,194.445744688638,194.445744688638,0.000838353506667608,112300243.31796,484.182890893257,484.182890893257,0.00208755622345352,40258677.4275194,173.575428195694,173.575428195694,0.000748371064289453,480924493.57531,2073.50763204829,2073.50763204829,0.00893993539027189,115454181.507736,497.781106402914,497.781106402914,0.00214618497706908,497.781106402914,0.00214618497706908,0.00214618497706908,0.00000000925328401690824,287488622.893977,1239.50820068674,1239.50820068674,0.00534414393204101,1239.50820068674,0.00534414393204101,0.00534414393204101,0.0000000230412952092995,103062214.21445,444.353096180976,444.353096180976,0.001915829924581,444.353096180976,0.001915829924581,0.001915829924581,0.00000000826010740437185,1231166703.55279,5308.17953804362,5308.17953804362,0.022886234599096,5308.17953804362,0.022886234599096,0.022886234599096,0.0000000986740803265868,15.7443626821589,16.6566721277594,15.6308217726587,18.1112063343779,16.6843698520991,4.34322563067738,17.5966793506891,5.2477287804015,16.5708289319517,4.23124591903459,19.0512135845654,6.6982235633216,17.6243770760002,5.27528282013518,5.27528282013518,0.000838002284651638,18.5366865952892,6.18452591448045,6.18452591448045,0.00208538030566802,17.5108361516938,5.1623569015184,5.1623569015184,0.000748091174296898,19.9912208398131,7.63747911874822,7.63747911874822,0.00890021074948222,18.5643843209798,6.21216733498687,6.21216733498687,0.0021438852119841,6.21216733498687,0.0021438852119841,0.0021438852119841,0.00000000925328387406522,19.4766938483544,7.12327641390141,7.12327641390141,0.00532991466783555,7.12327641390141,0.00532991466783555,0.00532991466783555,0.0000000230412950507112,18.4508433950487,6.09886744209571,6.09886744209571,0.00191399706302497,6.09886744209571,0.00191399706302497,0.00191399706302497,0.00000000826010745277575,20.9312280970375,8.57719258968819,8.57719258968819,0.022628273159946,8.57719258968819,0.022628273159946,0.022628273159946,0.0000000986740753717154,"Nikema Williams","Democrat"
"Georgia","GA","1306",4077868.04731091,10093491.4858152,3905592.62476548,43736444.9889022,10439342.2011159,45.0092603241219,25839338.203687,111.406396821483,9998317.11939963,43.1077791455171,111965299.17159,482.738778037525,26724716.0348567,115.223706429752,115.223706429752,0.000496787412300034,66148705.8014387,285.200375862997,285.200375862997,0.00122964241562872,25595691.825663,110.355914612524,110.355914612524,0.000475799910895795,286631165.879269,1235.81127177606,1235.81127177606,0.00532820461014365,68415273.0492334,294.972688460166,294.972688460166,0.00127177577548809,294.972688460166,0.00127177577548809,0.00127177577548809,0.00000000548326569338214,169340686.851683,730.112962209274,730.112962209274,0.00314788458400953,730.112962209274,0.00314788458400954,0.00314788458400953,0.0000000135721153672719,65524971.0736974,282.511141408062,282.511141408062,0.00121804777189324,282.511141408062,0.00121804777189323,0.00121804777189324,0.00000000525161721842004,733775784.650929,3163.67685574672,3163.67685574672,0.0136402038019678,3163.67685574672,0.0136402038019678,0.0136402038019678,0.0000000588097862843521,15.2210851176124,16.1274014658205,15.1779203462878,17.5936923168002,16.1610922266692,3.82884268762263,17.067408663939,4.72212084706337,16.1179274487531,3.78663616475406,18.5336995613587,6.18154504621967,17.1010994267878,4.75551683763519,4.75551683763519,0.000496664054287019,18.0074158988472,5.65669218040939,5.65669218040939,0.00122888702457064,17.0579346462968,4.7127315096032,4.7127315096032,0.000475686754010077,19.4737068144077,7.12029179145274,7.12029179145274,0.00531405994947814,18.0411066624773,5.69026718135138,5.69026718135138,0.00127096775368568,5.69026718135138,0.00127096775368568,0.00127096775368568,0.00000000548326560429955,18.9474231481265,6.59456797887712,6.59456797887712,0.00314294036849507,6.59456797887712,0.00314294036849507,0.00314294036849507,0.0000000135721153394138,17.9979418809806,5.64725142189494,5.64725142189494,0.00121730655353782,5.64725142189494,0.00121730655353782,0.00121730655353782,0.00000000525161712736567,20.4137140707732,8.05980623007565,8.05980623007565,0.0135480136047644,8.05980623007565,0.0135480136047644,0.0135480136047644,0.0000000588097846447746,"Lucy McBath","Democrat"
"Georgia","GA","1307",1654235.30733257,4166517.62447157,1927134.99095244,18105697.4327607,4234842.38677138,18.2585377263947,10666285.1186472,45.9877255048868,4933465.57683825,21.270654047941,46350585.4278676,199.84071079453,10841196.5101347,46.7418565795703,46.7418565795703,0.000201527677730285,27305689.9037369,117.72857729251,117.72857729251,0.000507587171764586,12629671.8767059,54.4528743627289,54.4528743627289,0.00023477375780696,118657498.695341,511.592219633998,511.592219633998,0.00220573163995339,27753463.0659449,119.6591528437,119.6591528437,0.000515910854989528,119.6591528437,0.000515910854989528,0.000515910854989528,0.00000000222435145135695,69902566.1535664,301.385157868826,301.385157868826,0.00129942315971734,301.385157868826,0.00129942315971734,0.00129942315971734,0.00000000560246748695132,32331960.0043672,139.399358368586,139.399358368586,0.000601020819985818,139.399358368586,0.000601020819985818,0.000601020819985818,0.00000000259130336239646,303763196.660073,1309.67608226303,1309.67608226303,0.00564667299828066,1309.67608226303,0.00564667299828066,0.00564667299828066,0.0000000243456503339489,14.318850014574,15.2425913828464,14.4715455162362,16.7117372772266,15.258856904693,2.95795448066291,16.1825984950827,3.84988640813149,15.4115524585201,3.10326984985198,17.6517445020615,5.30251211026864,16.1988640192889,3.86580850954643,3.86580850954643,0.000201507373755679,17.1226056964432,4.77684002489312,4.77684002489312,0.000507458392971908,16.3515595934929,4.01553354947234,4.01553354947234,0.000234746202761045,18.5917517474059,6.23948063557443,6.23948063557443,0.00220330258515912,17.1388712215712,4.79296965196775,4.79296965196775,0.000515777818738926,4.79296965196775,0.000515777818738926,0.000515777818738926,0.00000000222435136728787,18.0626129326179,5.71170156197925,5.71170156197925,0.00129857964009031,5.71170156197925,0.00129857964009031,0.00129857964009031,0.00000000560246736321297,17.2915668037349,4.94449092155695,4.94449092155695,0.000600840279308296,4.94449092155695,0.000600840279308296,0.000600840279308296,0.00000000259130339072644,19.5317590007618,7.1782983763954,7.1782983763954,0.00563079030185138,7.1782983763954,0.00563079030185138,0.00563079030185138,0.0000000243456500882054,"Richard McCormick","Republican"
"Georgia","GA","1308",582522.715455728,1221116.00735972,533815.848083722,6186385.65954402,1491258.15156666,6.42956472364302,3126056.97884089,13.4780055714284,1366568.57109433,5.89196516238091,15837147.2884327,68.2819157916225,3817620.86801065,16.4596856925261,16.4596856925261,0.0000709659922929762,8002705.86583266,34.5036942628566,34.5036942628566,0.000148762798201482,3498415.54200148,15.0834308156951,15.0834308156951,0.0000650322645896151,40543097.0583877,174.801704426554,174.801704426554,0.000753658158537417,9773109.42210728,42.1367953728669,42.1367953728669,0.000181672940270019,42.1367953728669,0.000181672940270019,0.000181672940270019,0.000000000783283515851015,20486927.0165316,88.3294573129129,88.3294573129129,0.000380832763395795,88.3294573129129,0.000380832763395795,0.000380832763395795,0.00000000164196178814827,8955943.78752378,38.6135828881796,38.6135828881796,0.000166482597349415,38.6135828881796,0.000166482597349415,0.000166482597349415,0.000000000717790299348054,103790328.469472,447.492363331978,447.492363331978,0.00192936488585579,447.492363331978,0.00192936488585579,0.00192936488585579,0.00000000831846343713306,13.275125176822,14.015276577625,13.1878080779942,15.637861735858,14.2151313892181,2.00546727338545,14.9552833370855,2.67263064069118,14.1278141949418,1.93035626386198,16.5778688958469,4.23818391675323,15.1551382390783,2.85989454867589,2.85989454867589,0.0000709634743261544,15.895290400643,3.56963675480955,3.56963675480955,0.000148751734113735,15.0678210075174,2.77778960017801,2.77778960017801,0.0000650301500836031,17.5178761158608,5.1693566804632,5.1693566804632,0.000753374300839646,16.0951453379482,3.76437635384544,3.76437635384544,0.000181656439739762,3.76437635384544,0.000181656439739762,0.000181656439739762,0.000000000783283437803749,16.8352975829883,4.49233130261316,4.49233130261316,0.000380760265004931,4.49233130261316,0.000380760265004931,0.000380760265004931,0.0000000016419616763861,16.0078280918229,3.67917206167538,3.67917206167538,0.000166468740659605,3.67917206167538,0.000166468740659605,0.000166468740659605,0.000000000717790271407242,18.4578833593219,6.1058916542234,6.1058916542234,0.00192750605195299,6.1058916542234,0.00192750605195299,0.00192750605195299,0.00000000831846343900157,"Austin Scott","Republican"
"Georgia","GA","1309",1026073.68235803,3348743.57403693,1073267.38139963,12609680.8170941,2626748.62683655,11.32523586962,8572783.54953455,36.9615861852009,2747564.49638306,11.8461339127096,32280782.891761,139.178708069022,6724476.48470157,28.9926038262272,28.9926038262273,0.000125001712555155,21946325.8868085,94.6216606341142,94.6216606341142,0.000407961619969342,7033765.11074062,30.3261028165366,30.3261028165366,0.000130751098104598,82638804.2029082,356.297492656696,356.297492656696,0.0015361778827504,17214659.800836,74.2210657951418,74.2210657951418,0.000320004384141198,74.2210657951418,0.000320004384141198,0.000320004384141198,0.00000000137970001875519,56182594.2702296,242.231451223332,242.231451223332,0.00104438174712152,242.231451223332,0.00104438174712152,0.00104438174712152,0.00000000450285554667695,18006438.683496,77.6348232103337,77.6348232103337,0.000334722811147772,77.6348232103337,0.000334722811147772,0.000334722811147772,0.00000000144315856814824,211555338.759444,912.121581201141,912.121581201141,0.00393261537984102,912.121581201141,0.00393261537984102,0.00393261537984102,0.0000000169554849315112,13.8412510918864,15.0240960795446,13.8862191127975,16.349975475037,14.7812577564882,2.51164885724016,15.9641031560649,3.63657475856949,14.8262258035137,2.55304290324877,17.2899826852025,4.94291809480073,15.7212647829914,3.40095081214063,3.40095081214063,0.000124993900492076,16.9041103434738,4.56039937006362,4.56039937006362,0.000407878426253364,15.7662328402179,3.44445170579807,3.44445170579807,0.000130742550924764,18.2299899248167,5.87856874753118,5.87856874753118,0.00153499916849534,16.6612719508625,4.32043132198119,4.32043132198119,0.000319953193658708,4.32043132198119,0.000319953193658708,0.000319953193658708,0.00000000137969990892407,17.8441175741987,5.49401346419494,5.49401346419494,0.00104383675992144,5.49401346419494,0.00104383675992144,0.00104383675992144,0.00000000450285563376855,16.7062400120737,4.36481464470889,4.36481464470889,0.000334666803965302,4.36481464470889,0.000334666803965302,0.000334666803965302,0.00000000144315848056523,19.1699971759342,6.8168690384335,6.8168690384335,0.00392490286161078,6.8168690384335,0.00392490286161078,0.00392490286161078,0.0000000169554848722683,"Andrew S. Clyde","Republican"
"Georgia","GA","1310",2360480.5603181,11843531.2835056,1728802.67086584,36603599.701331,6042830.23441436,26.0536836397754,30319440.0857745,130.722371717671,4425734.83741656,19.081571193396,93705215.2354074,404.010362435239,15469645.4001007,66.6974301178251,66.6974301178251,0.000287566202667656,77617766.6195826,334.649271597237,334.649271597237,0.00144284150211952,11329881.1837864,48.8488222550939,48.8488222550939,0.000210611867591739,239885351.002643,1034.26652783421,1034.26652783421,0.00445924374342662,39602292.2242579,170.745421101632,170.745421101632,0.000736169478829199,170.745421101632,0.000736169478829199,0.000736169478829199,0.0000000031739972765482,198701482.546132,856.702135288926,856.702135288926,0.00369367424542598,856.702135288926,0.00369367424542598,0.00369367424542598,0.0000000159252893967889,29004495.8304931,125.05298497304,125.05298497304,0.000539166381034852,125.05298497304,0.000539166381034852,0.000539166381034852,0.00000000232461773304244,614106498.566766,2647.72231125558,2647.72231125558,0.0114156639831722,2647.72231125558,0.0114156639831722,0.0114156639831722,0.0000000492186750939512,14.6743762071685,16.2872924776827,14.3629402075332,17.4156571733504,15.6143832075028,3.29782317494059,17.2272996847221,4.88069646309819,15.302947113541,2.99980253844548,18.3556644151939,6.00391265303907,16.5543903651517,4.21504821934286,4.21504821934286,0.000287524863432096,18.167306923115,5.81606678025649,5.81606678025649,0.00144180160646892,16.2429542343435,3.9089948703533,3.9089948703533,0.000210589692025933,19.2956716671823,6.94241418736388,6.94241418736388,0.00444933077468244,17.4943975842515,5.14601327049456,5.14601327049456,0.000735898638993012,5.14601327049456,0.000735898638993012,0.000735898638993012,0.0000000031739972821831,19.1073141737555,6.75425687754548,6.75425687754548,0.0036868693821946,6.75425687754548,0.0036868693821946,0.0036868693821946,0.0000000159252891826856,17.1829614390502,4.8367023342186,4.8367023342186,0.00053902108306575,4.8367023342186,0.00053902108306575,0.00053902108306575,0.00000000232461782885976,20.2356789231335,7.88183265601417,7.88183265601417,0.0113509969703266,7.88183265601417,0.0113509969703266,0.0113509969703266,0.0000000492186739242816,"Mike Collins","Republican"
"Georgia","GA","1311",1699763.1946405,4252356.85397484,2185549.69478817,18960837.2217291,4351393.77827969,18.7610494575433,10886033.5461756,46.9351716169018,5595007.21865771,24.122893144837,48539743.2876265,209.279272545093,11139568.072396,48.0282866113109,48.0282866113109,0.00020707412530063,27868245.8782095,120.154039339269,120.154039339269,0.000518044559841887,14323218.4797637,61.7546064507826,61.7546064507826,0.000266255201181149,124261742.816324,535.754937715439,535.754937715439,0.00230990928326789,28517294.2653338,122.952413724956,122.952413724956,0.000530109760769614,122.952413724956,0.000530109760769614,0.000530109760769614,0.00000000228557008316932,71342709.4482164,307.594340708528,307.594340708528,0.00132619407319523,307.594340708528,0.00132619407319523,0.00132619407319523,0.00000000571789037381791,36667439.3081952,158.091792514004,158.091792514004,0.000681613315023741,158.091792514004,0.000681613315023741,0.000681613315023741,0.00000000293877818594852,318110061.609789,1371.53264055152,1371.53264055152,0.00591336776516581,1371.53264055152,0.00591336776516581,0.00591336776516581,0.0000000254955057519015,14.3460000903705,15.2629841762325,14.5973783889845,16.7578862638207,15.2860069903563,2.98371280110899,16.2029912914211,3.86984950672286,15.5373853686561,3.22377950793136,17.6978934901736,5.34843651648689,16.2260141088064,3.89239740933176,3.89239740933176,0.000207052688413247,17.1429984939349,4.79706278834327,4.79706278834327,0.000517910421083414,16.4773925182335,4.13923198489177,4.13923198489177,0.000266219761555615,18.6379007361109,6.28554163600011,6.28554163600011,0.00230724554402814,17.1660213125942,4.8198977316676,4.8198977316676,0.000529969302227043,4.8198977316676,0.000529969302227043,0.000529969302227043,0.00000000228557017495067,18.0830057305601,5.73202760116249,5.73202760116249,0.0013253154545621,5.73202760116249,0.0013253154545621,0.0013253154545621,0.00000000571789036704718,17.4173997341804,5.06948134704894,5.06948134704894,0.000681381122172703,5.06948134704894,0.000681381122172703,0.000681381122172703,0.00000000293877810543298,19.5779079896984,7.22441295492351,7.22441295492351,0.00589595242780654,7.22441295492351,0.00589595242780654,0.00589595242780654,0.0000000254955053816193,"Barry Loudermilk","Republican"
"Georgia","GA","1312",3095102.84752088,1707769.67588664,2736456.36453481,25284137.9305357,7923463.28965346,34.1620396191739,4371890.37026979,18.8494205854235,7005328.29320911,30.2034973785303,64727393.1021714,279.072381200991,20284066.0215129,87.4548214250852,87.4548214250852,0.000377061767713725,11192039.3478907,48.2545166986841,48.2545166986842,0.000208049517111681,17933640.4306153,77.3209532890376,77.3209532890376,0.000333369559886978,165702126.341559,714.425295874536,714.425295874536,0.00308024715587132,51927209.0150729,223.884342848218,223.884342848218,0.000965278125347135,223.884342848218,0.000965278125347135,0.000965278125347135,0.00000000416180000539549,28651620.7306001,123.531562748631,123.531562748631,0.000532606763805905,123.531562748631,0.000532606763805905,0.000532606763805905,0.00000000229633592047261,45910119.5023752,197.941640419936,197.941640419936,0.000853426073310663,197.941640419936,0.000853426073310663,0.000853426073310663,0.00000000367954949277615,424197443.434391,1828.92875743881,1828.92875743881,0.00788543271903059,1828.92875743881,0.00788543271903059,0.00788543271903059,0.0000000339980706812406,14.9453320168565,14.350699379613,14.8221747091541,17.0456878373597,15.8853390784644,3.55996708078106,15.2907062812795,2.98817481705596,15.762181744958,3.44053018399892,17.9856950717501,5.63504807405203,16.8253462600482,4.48249192929637,4.48249192929637,0.000376990697789953,16.2307134003862,3.89700107303098,3.89700107303098,0.000208027877812257,16.7021889164622,4.36081516986725,4.36081516986725,0.000333314004601941,18.9257023208271,6.57287718526401,6.57287718526401,0.00307551291386629,17.7653534884976,5.41558623825909,5.41558623825909,0.000964812544003679,5.41558623825909,0.000964812544003679,0.000964812544003679,0.00000000416180000706257,17.1707206044305,4.82455919982826,4.82455919982826,0.000532464979164822,4.82455919982826,0.000532464979164822,0.000532464979164822,0.0000000022963360075958,17.6421961409742,5.29301151749271,5.29301151749271,0.000853062112340457,5.29301151749271,0.000853062112340457,0.000853062112340457,0.00000000367954954716703,19.865709575641,7.51203231471636,7.51203231471636,0.00785450517278023,7.51203231471636,0.00785450517278023,0.00785450517278023,0.0000000339980700030862,"Rick W. Allen","Republican"
"Georgia","GA","1313",3491525.9491948,9495992.12610157,3221387.66572719,38754654.3985616,8938306.4299387,38.5375393594127,24309739.84282,104.811528151669,8246752.4242616,35.5559018510282,99211915.2603177,427.75251880612,22882064.460643,98.6561007600966,98.6561007600966,0.000425356122649119,62232933.9976193,268.317512068272,268.317512068272,0.0011568518894716,21111686.2061097,91.0231087386321,91.0231087386321,0.000392446450916228,253982503.066413,1095.04644814367,1095.04644814367,0.00472129658190866,58578085.0192462,252.559617945847,252.559617945847,0.00108891167398175,252.559617945847,0.00108891167398175,0.00108891167398175,0.00000000469484648170463,159316311.033905,686.892830894776,686.892830894776,0.0029615408370473,686.892830894776,0.0029615408370473,0.0029615408370473,0.0000000127686936520704,54045916.6876408,233.019158370898,233.019158370898,0.00100466291434555,233.019158370898,0.00100466291434555,0.00100466291434555,0.00000000433160766057999,650195207.850018,2803.31890724779,2803.31890724779,0.0120865192496862,2803.31890724779,0.0120865192496862,0.0120865192496862,0.0000000521110699162141,15.0658497197533,16.0663804913983,14.9853230872018,17.4727614458652,16.0058568037151,3.67725058412701,17.006387685718,4.6616594752243,15.9253301565279,3.59884264651271,18.4127686886328,6.06087987322935,16.945863994031,4.60172526666236,4.60172526666236,0.000425265684378247,17.9463949191424,5.59589102580682,5.59589102580682,0.00115618325195118,16.8653373411267,4.52203972744979,4.52203972744979,0.000392369463949282,19.3527759409821,6.99946484630309,6.99946484630309,0.0047101862176936,17.8858712258913,5.53559897465449,5.53559897465449,0.00108831923969838,5.53559897465449,0.00108831923969838,0.00108831923969838,0.00000000469484650053404,18.886402167842,6.5336330567518,6.5336330567518,0.00295716411408256,6.5336330567518,0.00295716411408256,0.00295716411408256,0.000000012768693576441,17.8053445707538,5.45540298538617,5.45540298538617,0.00100415857832345,5.45540298538617,0.00100415857832345,0.00100415857832345,0.00000000433160772977945,20.2927831970743,7.93891597465734,7.93891597465734,0.0120140605406568,7.93891597465734,0.0120140605406568,0.0120140605406568,0.000000052111068545878,"David Scott","Democrat"
"Georgia","GA","1314",997928.694090296,2490253.91299992,1220720.44765581,11270062.2580186,2554697.45687116,11.0145869989198,6375050.0172798,27.486050392751,3125044.34599888,13.4736396013968,28851359.3805275,124.392736634704,6540025.48959016,28.1973427172347,28.1973427172347,0.000121572941508981,16320128.0442363,70.3642890054425,70.3642890054425,0.000303375877555692,8000113.52575712,34.492517379576,34.492517379576,0.00014871460903022,73859480.0141506,318.445405784841,318.445405784841,0.00137297847813231,16742465.2533508,72.1851973561208,72.1851973561208,0.000311226730262991,72.1851973561208,0.000311226730262991,0.000311226730262991,0.0000000013418551334331,41779527.7932448,180.132579853933,180.132579853933,0.000776642246542573,180.132579853933,0.000776642246542573,0.000776642246542573,0.00000000334849575575834,20480290.6259382,88.3008444917144,88.3008444917144,0.000380709399117364,88.3008444917144,0.000380709399117364,0.000380709399117364,0.00000000164142990263139,189080268.836225,815.220238809194,815.220238809194,0.00351482490401872,815.220238809194,0.00351482490401872,0.00351482490401872,0.0000000151541798372865,13.8134381060088,14.7278956378997,14.0149525924682,16.2376604989566,14.7534447538609,2.48612149480819,15.6679026516873,3.34941450754653,14.954959351767,2.67232903641007,17.1776677033778,4.83145070494796,15.6934517738212,3.3740777022988,3.3740777022988,0.000121565552117781,16.6079098145913,4.26779759024141,4.26779759024141,0.000303329868399292,15.8949664152613,3.56932189622444,3.56932189622444,0.000148703552108943,18.1176749407481,5.76658638530412,5.76658638530412,0.00137203680501426,16.6334589391365,4.29299317860674,4.29299317860674,0.000311178309270488,4.29299317860674,0.000311178309270488,0.000311178309270488,0.00000000134185507060135,17.5479170357439,5.19922924851018,5.19922924851018,0.000776340816011972,5.19922924851018,0.000776340816011972,0.000776340816011972,0.00000000334849569733106,16.834973597582,4.49201094463185,4.49201094463185,0.000380636947682031,4.49201094463185,0.000380636947682031,0.000380636947682031,0.00000000164142987955817,19.0576821909891,6.70468421904898,6.70468421904898,0.00350866234295944,6.70468421904898,0.00350866234295944,0.00350866234295944,0.0000000151541797961121,"Marjorie Taylor Greene","Republican"
"Hawaii","HI","1501",828108.82702498,1882882.06435034,5587438.68932748,22657589.0894531,2119958.59718395,9.14020888852682,4820178.08473686,20.7822146304733,14303843.0446784,61.6710691948089,58003428.069,250.08198249982,5427094.00879092,23.3989347546286,23.3989347546286,0.000100884588836033,12339655.8969264,53.2024694540117,53.2024694540117,0.000229382632680226,36617838.1943766,157.877937138711,157.877937138711,0.000680691276827001,148488775.85664,640.209875199538,640.209875199538,0.00276026711068533,13893360.6625047,59.9012729718494,59.9012729718494,0.000258264547420244,59.9012729718494,0.000258264547420244,0.000258264547420244,0.00000000111350849731573,31589519.0961315,136.19832180227,136.19832180227,0.000587219539661379,136.19832180227,0.000587219539661379,0.000587219539661379,0.00000000253179909412345,93741665.7776041,404.1675190751,404.1675190751,0.00174256966867712,404.1675190751,0.00174256966867712,0.00174256966867712,0.00000000751309520651823,380131266.192998,1638.93728051082,1638.93728051082,0.00706628380335443,1638.93728051082,0.00706628380335443,0.00706628380335443,0.0000000304663072732023,13.6269010659058,14.4483147049942,15.5360317239893,16.9360054570459,14.5669075885345,2.31650859839728,15.3883216398463,3.08109379417548,16.4760388734192,4.13789992480286,17.8760126886424,5.5257795093072,15.5069145595794,3.19453947374895,3.19453947374895,0.000100879500328047,16.3283287719161,3.99272646928982,3.99272646928982,0.000229356328506558,17.4160460893085,5.06813621644313,5.06813621644313,0.000680459711596728,18.816019936628,6.46335682173898,6.46335682173898,0.0027564645691704,16.446921705787,4.10925407715502,4.10925407715502,0.000258231202873076,4.10925407715502,0.000258231202873076,0.000258231202873076,0.00000000111350839597968,17.2683359810241,4.9214274834551,4.9214274834551,0.000587047193734204,4.9214274834551,0.000587047193734204,0.000587047193734204,0.00000000253179898947263,18.3560533311585,6.00430060893225,6.00430060893225,0.00174105315564941,6.00430060893225,0.00174105315564941,0.00174105315564941,0.00000000751309522881573,19.7560271910156,7.40241327649597,7.40241327649597,0.00704143461224384,7.40241327649597,0.00704143461224384,0.00704143461224384,0.000000030466306790686,"Ed Case","Democrat"
"Hawaii","HI","1502",422419.790204204,638388.748097355,1793991.02501206,7440202.52398839,1081394.66292276,4.66243686229615,1634275.19512923,7.04618320596519,4592617.02403089,19.801084323254,19046918.4614103,82.1208554031592,2768370.33708227,11.9358383674781,11.9358383674781,0.000051461408766832,4183744.49953083,18.0382290072709,18.0382290072709,0.0000777718873022092,11757099.5815191,50.6907758675302,50.6907758675302,0.000218553457018537,48760111.2612103,210.229389832087,210.229389832087,0.00090640474777446,7087028.06293061,30.555746220744,30.555746220744,0.00013174120644309,30.555746220744,0.00013174120644309,0.00013174120644309,0.000000000568002671238911,10710385.9187989,46.1778662586135,46.1778662586135,0.000199096031493655,46.1778662586135,0.000199096031493655,0.000199096031493655,0.000000000858403234452799,30098174.9286888,129.768386220877,129.768386220877,0.000559496849967454,129.768386220877,0.000559496849967454,0.000559496849967454,0.00000000241227262078059,124825884.828698,538.187237970144,538.187237970144,0.00232039615430262,538.187237970144,0.00232039615430262,0.00232039615430262,0.0000000100043961153926,12.9537572293964,13.366704266244,14.3999538762243,15.8224087618099,13.8937630453087,1.73385434060061,14.306710570185,2.08519784308756,15.3399607950402,3.03500511627417,16.7624159383984,4.42029563792136,14.8337697402921,2.56000162741305,2.56000162741305,0.0000514600846739032,15.2467174558049,2.94644901071311,2.94644901071311,0.0000777688632257442,16.279967920846,3.94527934910749,3.94527934910749,0.000218529577690911,17.7024231648965,5.35294469855268,5.35294469855268,0.000905994211047317,15.7737767786631,3.45175570301341,3.45175570301341,0.000131732529332335,3.45175570301341,0.000131732529332335,0.000131732529332335,0.000000000568002755779397,16.1867245686434,3.85392484740815,3.85392484740815,0.000199076214509106,3.85392484740815,0.000199076214509106,0.000199076214509106,0.00000000085840312598967,17.219975127507,4.87342771425098,4.87342771425098,0.000559340389961339,4.87342771425098,0.000559340389961339,0.000559340389961339,0.00000000241227260098157,18.6424304108905,6.290062890865,6.290062890865,0.002317708192434,6.290062890865,0.002317708192434,0.002317708192434,0.0000000100043961503142,"Jill N. Tokuda","Democrat"
"Idaho","ID","1601",531097.115905476,899597.41808808,264778.023465076,7353143.71780552,1359608.61671802,5.86195729480341,2302969.39030548,9.92926056161504,677831.740070596,2.9224739123437,18824047.9175821,81.1599482758244,3480598.05879813,15.0066106746967,15.0066106746967,0.0000647010542836666,5895601.63918204,25.4189070377345,25.4189070377345,0.000109593706382549,1735249.25458072,7.48153321559988,7.48153321559988,0.0000322566565629494,48189562.6690102,207.76946758611,207.76946758611,0.00089579878442799,8910331.0305232,38.4169233272236,38.4169233272236,0.000165634698966186,38.4169233272236,0.000165634698966186,0.000165634698966186,0.000000000714134582510356,15092740.196306,65.0724020166003,65.0724020166003,0.000280559888339325,65.0724020166003,0.000280559888339325,0.000280559888339325,0.00000000120963493747924,4442238.09172666,19.1527250319357,19.1527250319357,0.0000825770408011504,19.1527250319357,0.0000825770408011504,0.0000825770408011504,0.000000000356031199534518,123365280.432666,531.889837020442,531.889837020442,0.00229324488813565,531.889837020442,0.00229324488813565,0.00229324488813565,0.00000000988733333657997,13.1827020588717,13.7097037406043,12.4866508833856,15.8106386324488,14.1227081699756,1.92599272098399,14.64971032171,2.39144364771467,13.426655840427,1.36672255483014,16.7506458080675,4.40866793606587,15.0627149802685,2.77300180407828,2.77300180407828,0.0000646989612606453,15.5897173155975,3.27407992949261,3.27407992949261,0.000109587701431131,14.3666621999131,2.13789123718719,2.13789123718719,0.0000322561363281644,17.6906530341869,5.34123061728025,5.34123061728025,0.000895397796148942,16.0027220636823,3.67419525015564,3.67419525015564,0.000165620983054026,3.67419525015564,0.000165620983054026,0.000165620983054026,0.000000000714134529034373,16.529724470728,4.19075114101285,4.19075114101285,0.0002805205387736,4.19075114101285,0.0002805205387736,0.0002805205387736,0.00000000120963483600914,15.3066691072304,3.00333951656586,3.00333951656586,0.0000825736315049087,3.00333951656586,0.0000825736315049087,0.0000825736315049087,0.000000000356031204454724,18.630660280033,6.27831471803896,6.27831471803896,0.00229061941521261,6.27831471803896,0.00229061941521261,0.00229061941521261,0.00000000988733334758362,"Russ Fulcher","Republican"
"Idaho","ID","1602",283751.911673629,665257.40089877,536840.569206647,6300403.06059206,726404.893884491,3.13189723448938,1703058.94630085,7.34274458913568,1374311.85716902,5.92535036730912,16129031.8351157,69.5403770330635,1859596.5283443,8.01765692029282,8.01765692029282,0.0000345681557863274,4359830.90253017,18.7974261481874,18.7974261481874,0.0000810451684241926,3518238.35435268,15.1688969403113,15.1688969403113,0.0000654007520840985,41290321.4978962,178.023365204642,178.023365204642,0.000767548360222874,4760567.1125614,20.5252017159496,20.5252017159496,0.0000884944788129981,20.5252017159496,0.0000884944788129981,0.0000884944788129981,0.00000000038154425416919,11161167.1104773,48.1214109393596,48.1214109393597,0.000207475631165933,48.1214109393597,0.000207475631165933,0.000207475631165933,0.000000000894531907677168,9006690.18714287,38.832376167197,38.8323761671971,0.000167425925335292,38.8323761671971,0.000167425925335292,0.000167425925335292,0.000000000721857461250541,105703223.034614,455.739814923885,455.739814923885,0.00196492380217056,455.739814923885,0.00196492380217056,0.00196492380217056,0.00000000847177582889316,12.55585910913,13.4079308169432,13.1934583005509,15.656124325907,13.4958642200641,1.41873668030179,14.3479371594368,2.12139224965961,14.1334644239303,1.93518864535081,16.5961314876785,4.25618526974774,14.4358706396647,2.1991845353955,2.1991845353955,0.0000345675583213569,15.2879440601164,2.98555193673494,2.98555193673494,0.0000810418844418801,15.0734712390183,2.78308945483121,2.78308945483121,0.0000653986135482201,17.5361387083887,5.18751632919172,5.18751632919172,0.000767253945622326,15.3758775704642,3.06922442151028,3.06922442151028,0.0000884905634076974,3.06922442151028,0.0000884905634076974,0.0000884905634076974,0.000000000381544351595807,16.2279511788376,3.89429500776185,3.89429500776185,0.000207454111073636,3.89429500776185,0.000207454111073636,0.000207454111073636,0.000000000894532003625356,16.0134783243052,3.68468005313936,3.68468005313936,0.000167411911179215,3.68468005313936,0.000167411911179215,0.000167411911179215,0.000000000721857462432726,18.4761459521219,6.12411389599227,6.12411389599227,0.00196299586448378,6.12411389599227,0.00196299586448378,0.00196299586448378,0.00000000847177568949722,"Michael K. Simpson","Republican"
"Illinois","IL","1701",5785846.43749479,6600407.65657082,7937677.48000558,60381238.247287,14811766.8799867,63.8609845829427,16897043.6008213,72.8516624405807,20320454.3488143,87.6117098252081,154575969.913055,666.454833612659,37918123.2127659,163.484120532333,163.484120532333,0.000704862356089194,43256431.6181026,186.500255847886,186.500255847886,0.000804096503808024,52020363.1329645,224.285977152533,224.285977152533,0.000967009773051535,395714482.97742,1706.12437404841,1706.12437404841,0.00735596119156489,97070395.4246807,418.519348562774,418.519348562774,0.00180444763158834,418.519348562774,0.00180444763158834,0.00180444763158834,0.00000000777988225950894,110736464.942343,477.440654970589,477.440654970589,0.00205848704974854,477.440654970589,0.00205848704974854,0.00205848704974854,0.00000000887517409727806,133172129.620389,574.172101510485,574.172101510485,0.00247554501901193,574.172101510485,0.00247554501901193,0.00247554501901193,0.0000000106733209869182,1013029076.42219,4367.67839756391,4367.67839756391,0.0188312606504061,4367.67839756391,0.0188312606504061,0.0188312606504061,0.0000000811910459985611,15.5709253966446,15.7026421227421,15.8871314076003,17.9161890061676,16.5109325498144,4.1722462808895,16.6426492889097,4.30205851976777,16.8271385893218,4.48426401394807,18.856196254567,6.50347172298526,17.4509397671646,5.1028140338276,5.1028140338276,0.000704614057289527,17.5826565113372,5.2337802099316,5.2337802099316,0.000803773391411795,17.767145817825,5.41737060472235,5.41737060472235,0.000966542520302108,19.7962035091162,7.44256558132848,7.44256558132848,0.0073290380587674,18.3909470095853,6.03910964775847,6.03910964775847,0.00180282157176015,6.03910964775847,0.00180282157176015,0.00180282157176015,0.00000000777988226368238,18.5226637557412,6.17053218015154,6.17053218015154,0.00205637126832324,6.17053218015154,0.00205637126832324,0.00205637126832324,0.00000000887517411177288,18.7071530646023,6.35466930298871,6.35466930298871,0.00247248590505076,6.35466930298871,0.00247248590505076,0.00247248590505076,0.0000000106733208368127,20.7362107660677,8.38221581616287,8.38221581616287,0.018656147447486,8.38221581616287,0.018656147447486,0.018656147447486,0.0000000811910428124936,"Jonathan L. Jackson","Democrat"
"Illinois","IL","1702",3640293.3785444,3932448.10491875,4930188.63829085,37464915.4951806,9319151.04907367,40.1795522636219,10067067.148592,43.4041951362564,12621282.9140246,54.4167053208582,95910183.6676622,413.517091524283,23857026.6856286,102.859653794872,102.859653794872,0.000443479756225212,25771691.9003955,111.114739548817,111.114739548817,0.000479071587256244,32310484.2599029,139.306765621397,139.306765621397,0.000600621606033247,245530070.189216,1058.60375430216,1058.60375430216,0.00456417378025846,61073988.3152091,263.320713714873,263.320713714873,0.00113530817593654,263.320713714873,0.00113530817593654,0.00113530817593654,0.00000000489488516176522,65975531.2650124,284.453733244971,284.453733244971,0.00122642326337598,284.453733244971,0.00122642326337598,0.00122642326337598,0.00000000528772817917092,82714839.7053514,356.625319990776,356.625319990776,0.00153759131144511,356.625319990776,0.00153759131144511,0.00153759131144511,0.00000000662933030412044,628556979.684392,2710.02561101354,2710.02561101354,0.0116842848774617,2710.02561101354,0.0116842848774617,0.0116842848774616,0.0000000503768350169282,15.1075751095693,15.1847729716614,15.4108880114638,17.4389154929026,16.0475822006636,3.71794182887472,16.1247800751922,3.79333395002557,16.3508951463546,4.01488108838686,18.3789227351288,6.02711420780072,16.9875893937656,4.64304050502791,4.64304050502791,0.000443381448142094,17.0647872731521,4.7195228071511,4.7195228071511,0.000478956869100727,17.2909023565645,4.94383120847887,4.94383120847887,0.000600441305067921,19.3189299872667,6.96565030052316,6.96565030052316,0.00455378952415448,17.9275966267142,5.57716319052143,5.57716319052143,0.00113466420096987,5.57716319052143,0.00113466420096987,0.00113466420096987,0.00000000489488515188421,18.0047945079985,5.65407996077971,5.65407996077971,0.00122567182069404,5.65407996077971,0.00122567182069404,0.00122567182069404,0.00000000528772824127433,18.230909596196,5.87948584613611,5.87948584613611,0.00153641042824671,5.87948584613611,0.00153641042824671,0.00153641042824671,0.00000000662933017393238,20.2589372432763,7.90508229652654,7.90508229652654,0.0116165507270941,7.90508229652654,0.0116165507270941,0.0116165507270941,0.0000000503768336569011,"Robin L. Kelly","Democrat"
"Illinois","IL","1703",4585643.05745952,3170463.0605893,4126483.76024294,36509699.6883723,11739246.2270964,50.6138010676445,8116385.4351086,34.9938241224303,10563798.4262219,45.5458537729079,93464831.2022331,402.973945837481,30052470.3413667,129.57133073317,129.57133073317,0.000558647244544654,20777946.713878,89.5841897534214,89.5841897534214,0.000386242546690946,27043323.9711281,116.597385658644,116.597385658644,0.00050271003508832,239269967.877717,1031.61330134395,1031.61330134395,0.00444780434815648,76934324.0738989,331.702606676915,331.702606676915,0.00143013694603432,331.702606676915,0.00143013694603432,0.00143013694603432,0.00000000616604043273172,53191543.5875277,229.335525768759,229.335525768759,0.000988780919528823,229.335525768759,0.000988780919528823,0.000988780919528823,0.00000000426313238451367,69230909.3660881,298.489307286129,298.489307286129,0.0012869376898261,298.489307286129,0.0012869376898261,0.0012869376898261,0.00000000554863633995206,612531117.766955,2640.93005144052,2640.93005144052,0.0113863791312806,2640.93005144052,0.0113863791312806,0.0113863791312806,0.0000000490924133528426,15.338441124355,14.9693885264924,15.2329364548645,17.4130885555257,16.2784482499589,3.94378909927704,15.9093955927801,3.58334737158464,16.1729435656818,3.84043792935667,18.3530957973264,6.00135038538026,17.2184554565412,4.87191967309023,4.87191967309023,0.000558491259263895,16.849402776192,4.50627969178811,4.50627969178811,0.000386167974239932,17.1129507664881,4.76726680442358,4.76726680442358,0.000502583718730488,19.293103049298,6.93984805377257,6.93984805377257,0.00443794209915249,18.1584626947556,5.80724901791083,5.80724901791083,0.00142911527416325,5.80724901791083,0.00142911527416325,0.00142911527416325,0.00000000616604032596922,17.7894100053555,5.43953705358722,5.43953705358722,0.000988292397676267,5.43953705358722,0.000988292397676267,0.000988292397676267,0.0000000042631322825393,18.0529580024462,5.70207871503547,5.70207871503547,0.00128611029531143,5.70207871503547,0.00128611029531143,0.00128611029531143,0.00000000554863642380732,20.2331103052427,7.8792650091226,7.8792650091226,0.0113220422320284,7.8792650091226,0.0113220422320284,0.0113220422320284,0.0000000490924120406558,"Delia C. Ramirez","Democrat"
"Illinois","IL","1704",3491190.7325162,2558451.71604,3261757.83177709,28076301.9808834,8937448.27524149,38.5338394224416,6549636.39306239,28.2387801610887,8350100.04934935,36.0014854971852,71875333.0710615,309.890749316807,22879867.5846182,98.6466289214504,98.6466289214504,0.000425315284783748,16767069.1662397,72.2912772123871,72.2912772123871,0.000311684093933406,21376256.1263343,92.163802872794,92.163802872794,0.000397364557655675,184000852.661917,793.320318251026,793.320318251026,0.00342040332012095,58572461.0166226,252.535370038913,252.535370038913,0.0010888071290464,252.535370038913,0.0010888071290464,0.0010888071290464,0.0000000046943957358511,42923697.0655737,185.065669663711,185.065669663711,0.000797911280469522,185.065669663711,0.000797911280469522,0.000797911280469522,0.00000000344019726974437,54723215.6834159,235.939335354353,235.939335354353,0.00101725326759853,235.939335354353,0.00101725326759853,0.00101725326759853,0.00000000438589101255935,471042182.814508,2030.90001472262,2030.90001472262,0.00875623249950963,2030.90001472262,0.00875623249950963,0.00875623249950963,0.0000000377525269730919,15.0657537065258,14.7549132259308,14.9977771268049,17.150436468229,16.0057607904708,3.67715699939304,15.6949202462412,3.37549591585433,15.9377841984723,3.61095806041087,18.0904437050162,5.73944156209262,16.9457679807801,4.60163021689893,4.60163021689893,0.000425224863875353,16.6349274116932,4.29444160061614,4.29444160061614,0.000311635530536942,16.8777913839856,4.53435926505884,4.53435926505884,0.000397285629267963,19.0304509550294,6.67748680338372,6.67748680338372,0.00341456704517464,17.8857752126379,5.535503340079,5.535503340079,0.00108821480847392,5.535503340079,0.00108821480847392,0.00108821480847392,0.00000000469439574998815,17.5749346338411,5.22609967410935,5.22609967410935,0.000797593118495818,5.22609967410935,0.000797593118495818,0.000797593118495818,0.00000000344019723227397,17.81779861397,5.46780413940051,5.46780413940051,0.00101673621611178,5.46780413940051,0.00101673621611178,0.00101673621611178,0.00000000438589097410886,19.9704582102091,7.61672660213471,7.61672660213471,0.00871811902111063,7.61672660213471,0.00871811902111063,0.00871811902111063,0.000000037752526169802,"Jesús G. “Chuy” García","Democrat"
"Illinois","IL","1705",7420245.29249441,5018855.30049557,6408936.61518188,58007523.7682652,18995827.9487857,81.9005784797178,12848269.5692687,55.3953590769244,16406877.7348656,70.7383105992702,148499260.846759,640.255081271019,48629319.5488913,209.665480908078,209.665480908078,0.000903973452481051,32891570.0973277,141.812119236926,141.812119236926,0.000611423446888056,42001607.0012559,181.090075134132,181.090075134132,0.000780770490783956,380158107.767702,1639.05300805381,1639.05300805381,0.00706678276305983,124491058.045162,536.74363112468,536.74363112468,0.00231417203835149,536.74363112468,0.00231417203835149,0.00231417203835149,0.00000000997756081775267,84202419.4491589,363.039025246532,363.039025246532,0.00156524402403342,363.039025246532,0.00156524402403342,0.00156524402403342,0.00000000674855507092829,107524113.923215,463.590592343377,463.590592343377,0.00199877245640692,463.590592343377,0.00199877245640692,0.00199877245640692,0.00000000861771441973492,973204755.885319,4195.97570061775,4195.97570061775,0.0180909638734331,4195.97570061775,0.0180909638734331,0.0180909638734331,0.0000000779992538616655,15.8197228076512,15.4287126371245,15.6732040764995,17.8760832974794,16.7597299840194,4.41764204015934,16.3687197741989,4.03238686924821,16.6132112399089,4.27302492289,18.8160905454658,6.46342732046297,17.6997372104315,5.35027147686201,5.35027147686201,0.000903565114545455,17.3087269852618,4.96152991491028,4.96152991491028,0.000611236603728748,17.553218461259,5.20450148296452,5.20450148296452,0.000780465848064811,19.7560977998537,7.40248384227993,7.40248384227993,0.00704193007077497,18.6397444563919,6.28738192451597,6.28738192451597,0.00231149846618279,6.28738192451597,0.00231149846618279,0.00231149846618279,0.00000000997756072780952,18.2487342252264,5.89726107410567,5.89726107410567,0.00156402030638415,5.89726107410567,0.00156402030638415,0.00156402030638415,0.00000000674855502534795,18.493225705242,6.14115657119323,6.14115657119323,0.00199677756851645,6.14115657119323,0.00199677756851645,0.00199677756851645,0.00000000861771428279258,20.6961050567422,8.34211947361413,8.34211947361413,0.0179292696112534,8.34211947361413,0.0179292696112534,0.0179292696112534,0.0000000779992509026412,"Mike Quigley","Democrat"
"Illinois","IL","1706",3906863.30327592,3508309.21003354,4421031.78551912,35267004.6981994,10001570.0563864,43.1218041946854,8981271.57768586,38.7227837438349,11317841.370929,48.7969125599509,90283532.0273906,389.257763345247,25604019.3443491,110.391818738395,110.391818738395,0.000475954711659759,22992055.2388758,99.130326384217,99.130326384217,0.000427400748082139,28973673.9095781,124.920096153474,124.920096153474,0.000538593430425629,231125841.99012,996.49987416383,996.49987416383,0.00429641268435478,65546289.5215336,282.60305597029,282.60305597029,0.00121844406184898,282.60305597029,0.00121844406184898,0.00121844406184898,0.00000000525332582394694,58859661.411522,253.773635543596,253.773635543596,0.00109414591509028,253.773635543596,0.00109414591509028,0.00109414591509028,0.00000000471741393050691,74172605.2085201,319.795446152894,319.795446152894,0.00137879918188961,319.795446152894,0.00137879918188961,0.00137879918188961,0.00000000594469748349872,591682155.494707,2551.0396778594,2551.0396778594,0.0109988164719482,2551.0396778594,0.0109988164719482,0.0109988164719482,0.0000000474214355948826,15.1782456417412,15.0706450578786,15.3018838886413,17.3784584020447,16.1182527442572,3.78695408644779,16.0106521426753,3.68192492090636,16.2418910092974,3.90795298532059,18.3184656432572,5.96680745245903,17.0582599418207,4.71305388438692,4.71305388438692,0.00047584148114293,16.9506593333173,4.60647260131908,4.60647260131908,0.00042730943839879,17.1818982139469,4.83564754827644,4.83564754827644,0.000538448441041851,19.2584728949991,6.90525202261246,6.90525202261246,0.0042872094545434,17.9982671765122,5.64757557023564,5.64757557023564,0.00121770236130237,5.64757557023564,0.00121770236130237,0.00121770236130237,0.00000000525332576059159,17.890666565305,5.54037544716552,5.54037544716552,0.0010935477737115,5.54037544716552,0.0010935477737115,0.0010935477737115,0.00000000471741400384939,18.1219054514063,5.77080368060761,5.77080368060761,0.00137784951113428,5.77080368060761,0.00137784951113428,0.00137784951113428,0.00000000594469738333607,20.198480150854,7.84464819209437,7.84464819209437,0.0109387693867573,7.84464819209437,0.0109387693867573,0.0109387693867573,0.0000000474214345427647,"Sean Casten","Democrat"
"Illinois","IL","1707",5664316.41552993,3902968.03418873,4956668.89815852,43561487.7469355,14500650.0237566,62.5196031717859,9991598.16752314,43.0788103610587,12689072.3792858,54.708979836857,111517408.632155,480.807696414014,37121664.0608169,160.050184119772,160.050184119772,0.000690056927265055,25578491.3088592,110.28175452431,110.28175452431,0.000475480169416708,32484025.2909717,140.054988382354,140.054988382354,0.000603847571077744,285484566.098317,1230.86770281988,1230.86770281988,0.0053068903953404,95031459.9956913,409.728471346616,409.728471346616,0.00176654573379854,409.728471346616,0.00176654573379854,0.00176654573379854,0.00000000761646809494434,65480937.7506798,282.321291582234,282.321291582234,0.00121722923370677,282.321291582234,0.00121722923370677,0.00121722923370677,0.00000000524808808817313,83159104.7448875,358.540770258826,358.540770258826,0.00154584978195902,358.540770258826,0.00154584978195902,0.00154584978195902,0.00000000666493672855587,730840489.211692,3151.02131921888,3151.02131921888,0.0135856394120714,3151.02131921888,0.0135856394120714,0.0135856394120714,0.0000000585745317269328,15.5496969536629,15.1772481122826,15.4162446817166,17.5896840323719,16.489704104573,4.1513485696238,16.117255214643,3.78597917630122,16.3562518172677,4.02014135183592,18.5296912768745,6.17754506434545,17.4297113210405,5.08171601902258,5.08171601902258,0.000689818947456998,17.0572624121457,4.71206531424422,4.71206531424422,0.000475367164540554,17.2962590277355,4.94914980287974,4.94914980287974,0.000603665328493931,19.4696985299016,7.11628675425261,7.11628675425261,0.0052928584745242,18.3697185631164,6.01793234251057,6.01793234251057,0.00176498722706273,6.01793234251057,0.00176498722706273,0.00176498722706273,0.00000000761646809385658,17.9972696468134,5.64658155961509,5.64658155961509,0.00121648901082274,5.64658155961509,0.00121648901082274,0.00121648901082274,0.00000000524808817247812,18.2362662674678,5.88482757896127,5.88482757896127,0.00154465618610634,5.88482757896127,0.00154465618610634,0.00154465618610634,0.00000000666493680245227,20.4097057862586,8.05579921466647,8.05579921466647,0.0134941820199982,8.05579921466647,0.0134941820199982,0.0134941820199982,0.0000000585745299539763,"Danny K. Davis","Democrat"
"Illinois","IL","1708",3255038.8730902,2438989.55964787,3234101.55011689,27896244.8558472,8332899.51511091,35.9273253338016,6243813.27269854,26.9202227105895,8279299.96829923,35.6962307007084,71414386.830969,307.903377994355,21332222.7586839,91.9739528545321,91.9739528545321,0.000396546018639531,15984161.9781083,68.9157701391092,68.9157701391092,0.000297130583409454,21195007.918846,91.3823505938134,91.3823505938134,0.000393995323428277,182820830.28728,788.23264766555,788.23264766555,0.00339846781064023,54610490.2622309,235.453319307602,235.453319307602,0.0010151578077172,235.453319307602,0.0010151578077172,0.0010151578077172,0.00000000437685642996971,40919454.6639571,176.42437155612,176.42437155612,0.000760654293528204,176.42437155612,0.000760654293528204,0.000760654293528204,0.00000000327956364055316,54259220.2722459,233.938817520162,233.938817520162,0.00100862802797639,233.938817520162,0.00100862802797639,0.00100862802797639,0.00000000434870326183409,468021325.535437,2017.87557802381,2017.87557802381,0.00870007759523898,2017.87557802381,0.00870007759523898,0.00870007759523898,0.0000000375104149073984,14.9957150833471,14.7070948066075,14.9892620286093,17.1440026805999,15.9357221546288,3.60895180094517,15.6471018152517,3.32935125460267,15.9292690986791,3.60267404408316,18.084009917247,5.73302853542433,16.8757293399915,4.53231937709143,4.53231937709143,0.000396467415046302,16.5871089761466,4.24729123379522,4.24729123379522,0.000297086448859879,16.8692762835683,4.52593594951327,4.52593594951327,0.00039391772765168,19.0240171672055,6.67106114134345,6.67106114134345,0.00339270606928165,17.815736569917,5.46575080708652,5.46575080708652,0.00101464288348659,5.46575080708652,0.00101464288348659,0.00101464288348659,0.00000000437685642326326,17.5271161965144,5.17854444237924,5.17854444237924,0.000760365142670923,5.17854444237924,0.000760365142670923,0.000760365142670923,0.00000000327956372631737,17.8092835133089,5.45932512926893,5.45932512926893,0.00100811970450449,5.45932512926893,0.00100811970450449,0.00100811970450449,0.00000000434870316588303,19.9640244223638,7.61029599086849,7.61029599086849,0.0086624500046327,7.61029599086849,0.0086624500046327,0.0086624500046327,0.0000000375104142928178,"Raja Krishnamoorthi","Democrat"
"Illinois","IL","1709",10076467.3603517,7264477.16479966,9163366.18407228,82379904.4156235,25795756.4425004,111.218493906066,18597061.5418871,80.1812957250351,23458217.431225,101.140186303022,210892555.303996,909.26398802045,66037136.4928009,284.719344399528,284.719344399528,0.00122756844679561,47608477.5472311,205.26411705609,205.26411705609,0.000884996956876363,60053036.6239361,258.918876935736,258.918876935736,0.0011163296413048,539884941.57823,2327.71580933235,2327.71580933235,0.0100359548335924,169055069.421571,728.881521662792,728.881521662792,0.00314257522379675,728.881521662792,0.00314257522379675,0.00314257522379675,0.0000000135492240421895,121877702.520911,525.47613966359,525.47613966359,0.00226559220960349,525.47613966359,0.00226559220960349,0.00226559220960349,0.0000000097681087166053,153735773.757276,662.832324955483,662.832324955483,0.00285780388174029,662.832324955483,0.00285780388174029,0.00285780388174029,0.0000000123214314073147,1382105450.44027,5958.95247189082,5958.95247189082,0.0256920443739964,5958.95247189082,0.0256920443739964,0.0256920443739964,0.000000110771338960848,16.1257133981405,15.7985070237487,16.0307242656177,18.2268520988242,17.0657205961569,4.72044780932798,16.738514198356,4.39668487241955,16.970731457608,4.62634624521452,19.1668593499186,6.81373465416675,18.0057278310253,5.65501001572838,5.65501001572838,0.00122681560070014,17.6785214240802,5.329157469205,5.329157469205,0.000884605577965173,17.9107386901224,5.56036957054409,5.56036957054409,0.00111570700870319,20.1068666055205,7.75307223982513,7.75307223982513,0.00998592906468525,18.945735080289,6.59288222187845,6.59288222187845,0.00313764765508274,6.59288222187845,0.00313764765508274,0.00313764765508274,0.0000000135492238732241,18.6185286697719,6.2662060117695,6.2662060117695,0.0022630296253575,6.2662060117695,0.0022630296253575,0.0022630296253575,0.00000000976810871858688,18.8507459384666,6.49802959492981,6.49802959492981,0.00285372812352579,6.49802959492981,0.00285372812352579,0.00285372812352579,0.0000000123214313547975,21.0468738628833,8.69281778551264,8.69281778551264,0.0253675500117811,8.69281778551264,0.0253675500117811,0.0253675500117811,0.000000110771332855145,"Janice D. Schakowsky","Democrat"
"Illinois","IL","1710",4215031.57120514,3003987.6002545,3937587.14590571,35163876.3594552,10790480.8222851,46.5231957144542,7690208.25665152,33.1563597305336,10080223.0935186,43.4609170387102,90019523.4802054,388.119489572903,27623630.90505,119.099381029003,119.099381029003,0.000513497396857357,19686933.1370279,84.880280910166,84.880280910166,0.000365961627300797,25805371.1194076,111.259947619098,111.259947619098,0.000479697652357909,230449980.109326,993.58589330663,993.58589330663,0.00428384904572176,70716495.116928,304.894415434248,304.894415434248,0.00131455333595483,304.894415434248,0.00131455333595483,0.00131455333595483,0.00000000566770129459013,50398548.8307914,217.293519130025,217.293519130025,0.00093686176589004,217.293519130025,0.00093686176589004,0.00093686176589004,0.00000000403928277244843,66061750.0656836,284.825465904891,284.825465904891,0.00122802599003625,284.825465904891,0.00122802599003625,0.00122802599003625,0.00000000529463834075874,589951949.079873,2543.57988686497,2543.57988686497,0.0109666535570477,2543.57988686497,0.0109666535570477,0.0109666535570477,0.000000047282765075069,15.254167876839,14.9154514970036,15.1860789481272,17.3755299022738,16.1941749907587,3.86121792267651,15.8554585526398,3.53094879797648,16.1260860518602,3.79461053447516,18.3155371434357,5.96388646758962,17.1341821927768,4.78831957527584,4.78831957527584,0.000513365602184726,16.7954657318909,4.45295424396664,4.45295424396664,0.000365894679677529,17.0660932498992,4.72081714291051,4.72081714291051,0.000479582634220314,19.2555443951578,6.90232646289696,6.90232646289696,0.00427469948531534,18.0741894292083,5.72323999480926,5.72323999480926,0.00131369006717742,5.72323999480926,0.00131369006717742,0.00131369006717742,0.00000000566770118119249,17.7354729594291,5.38584057520877,5.38584057520877,0.000936423184811023,5.38584057520877,0.000936423184811023,0.000936423184811023,0.00000000403928267795008,18.0061004847764,5.65538136546218,5.65538136546218,0.00122727258285957,5.65538136546218,0.00122727258285957,0.00122727258285957,0.00000000529463826934303,20.195551651005,7.84172084143503,7.84172084143503,0.0109069558712644,7.84172084143503,0.0109069558712644,0.0109069558712644,0.0000000472827639187971,"Bradley Scott Schneider","Democrat"
"Illinois","IL","1711",2894063.94071335,2229704.62048958,3450624.01234245,25757195.4087897,7408803.68822617,31.9430829519163,5708043.82845332,24.6102508823679,8833597.47159667,38.0860863201801,65938420.2465016,284.293728959176,18966537.441859,81.7742923569057,81.7742923569057,0.00035257014681628,14612592.2008405,63.0022422588617,63.0022422588617,0.00027163438732082,22614009.5272875,97.5003809796611,97.5003809796611,0.000420373232783339,168802355.831044,727.79194613549,727.79194613549,0.00313787751510915,48554335.851159,209.342188433679,209.342188433679,0.000902579575849676,209.342188433679,0.000902579575849676,0.000902579575849676,0.00000000389147499047507,37408236.0341517,161.285740182686,161.285740182686,0.0006953840315413,161.285740182686,0.0006953840315413,0.0006953840315413,0.00000000299815067826152,57891864.389856,249.600975307932,249.600975307932,0.00107615547592535,249.600975307932,0.00107615547592535,0.00107615547592535,0.0000000046398480892767,432134030.927472,1863.14738210686,1863.14738210686,0.00803296643867941,1863.14738210686,0.00803296643867941,0.00803296643867941,0.0000000346341628282678,14.8781726256984,14.6173801259733,15.0540659355973,17.064224618215,15.8181796736296,3.4947813133243,15.5573871111663,3.24299269642928,15.9940730174903,3.66576655507344,18.004231853048,5.65351927746325,16.7581868498709,4.41611753440137,4.41611753440137,0.000352508008567086,16.4973942629006,4.15891811804067,4.15891811804067,0.000271597501380128,16.934080206998,4.59006041598438,4.59006041598438,0.000420284900710105,18.9442391022979,6.59138829502779,6.59138829502779,0.00313296465208463,17.6981940762334,5.34873567330551,5.34873567330551,0.000902172495834002,5.34873567330551,0.000902172495834002,0.000902172495834002,0.00000000389147491250956,17.43740147969,5.08935860980218,5.08935860980218,0.000695142364093651,5.08935860980218,0.000695142364093651,0.000695142364093651,0.00000000299815061216763,17.8740874385427,5.52386193434559,5.52386193434559,0.00107557683572181,5.52386193434559,0.00107557683572181,0.00107557683572181,0.00000000463984805055225,19.8842463571794,7.53055905977375,7.53055905977375,0.00800087391466368,7.53055905977375,0.00800087391466368,0.00800087391466368,0.0000000346341622712097,"Bill Foster","Democrat"
"Illinois","IL","1712",514550.100036619,942830.421191975,1129571.16599322,8141204.34384991,1317248.25609374,5.67932045217191,2413645.87825146,10.4064426255565,2891702.18494264,12.4675840598465,20841483.1202558,89.8581271912046,3372155.53559999,14.5390603575601,14.5390603575601,0.0000626852094599975,6178933.44832373,26.6404931214247,26.6404931214247,0.000114860579044627,7402757.59345318,31.917015193207,31.917015193207,0.000137610322367481,53354196.7878549,230.036805609484,230.036805609484,0.00099180449000895,8632718.17113595,37.2199945153538,37.2199945153538,0.000160474136217594,37.2199945153538,0.000160474136217594,0.000160474136217594,0.000000000691884798214029,15818069.6277088,68.1996623908473,68.1996623908473,0.000294043082354245,68.1996623908473,0.000294043082354245,0.000294043082354245,0.00000000126776777551891,18951059.4392401,81.70755889461,81.70755889461,0.000352282425260751,81.70755889461,0.000352282425260751,0.000352282425260751,0.00000000151886690566377,136586743.776908,588.894222360279,588.894222360279,0.00253901949442292,588.894222360279,0.00253901949442292,0.00253901949442291,0.0000000109469914091221,13.1510501491234,13.7566427770153,13.9373495048308,15.9124488036565,14.0910562233295,1.89901625365706,14.6966493891821,2.43417833836019,14.877356223848,2.60028561723464,16.8524559872973,4.50929924809158,15.0310630192091,2.74335687705988,2.74335687705988,0.0000626832448244266,15.6366563952029,3.31928183960229,3.31928183960229,0.000114853983073404,15.8173632716072,3.49398970320513,3.49398970320513,0.000137600854935711,17.7924632165502,5.44257702947264,5.44257702947264,0.000991312976898911,15.9710700969927,3.64335879531012,3.64335879531012,0.000160461261620703,3.64335879531012,0.000160461261620703,0.000160461261620703,0.000000000691884771458107,16.5766635550729,4.23699598386674,4.23699598386674,0.000293999860159589,4.23699598386674,0.000293999860159589,0.000293999860159589,0.00000000126776766781874,16.7573704477814,4.41531099923865,4.41531099923865,0.00035222038837631,4.41531099923865,0.00035222038837631,0.00035222038837631,0.00000000151886680894835,18.7324704636203,6.37994323669132,6.37994323669132,0.00253580163008889,6.37994323669132,0.00253580163008889,0.00253580163008889,0.0000000109469912535136,"Mike Bost","Republican"
"Illinois","IL","1713",1789947.16560388,2945363.08053305,4358322.60114941,29518876.3678948,4582264.74394595,19.7564504315475,7540129.48616461,32.509294587938,11157305.8589425,48.1047631398952,75568323.5018108,325.813090444231,11730597.7445016,50.5765131047617,50.5765131047617,0.000218060812718185,19302731.4845814,83.2237941451213,83.2237941451213,0.000358819678833642,28562702.9988928,123.148193638132,123.148193638132,0.000530953866548369,193454908.164636,834.081511537231,834.081511537231,0.0035961453471947,30030330.2259242,129.47587354819,129.47587354819,0.000558235680558554,129.47587354819,0.000558235680558554,0.000558235680558554,0.00000000240683508447376,49414992.6005284,213.052913011511,213.052913011511,0.000918578377814124,213.052913011511,0.000918578377814124,0.000918578377814124,0.00000000396045388096637,73120519.6771656,315.259375713617,315.259375713617,0.00135924189836382,315.259375713617,0.00135924189836382,0.00135924189836382,0.00000000586037618733978,495244564.901467,2135.24866953531,2135.24866953531,0.00920613208881845,2135.24866953531,0.00920613208881845,0.00920613208881844,0.000000039692270622146,14.3976972196345,14.8957429940932,15.2875980462388,17.2005405274305,15.3377041376831,3.03285706253942,15.8357500456918,3.51182285073499,16.2276051649116,3.89395603905458,18.1405477652784,5.7893884186225,16.277711263189,3.94306639647678,3.94306639647678,0.000218037040914961,16.7757572233657,4.43347747212419,4.43347747212419,0.000358755318447984,17.1676123687864,4.82147596201451,4.82147596201451,0.000530812960418363,19.080555015706,6.72752933869393,6.72752933869393,0.00358969467692183,17.217718469733,4.87118833264552,4.87118833264552,0.000558079924983787,4.87118833264552,0.000558079924983787,0.000558079924983787,0.00000000240683517270926,17.7157644502878,5.366223241522,5.366223241522,0.000918156742879368,5.366223241522,0.000918156742879368,0.000918156742879368,0.00000000396045395693713,18.1076196059432,5.75656268612755,5.75656268612755,0.00135831896532627,5.75656268612755,0.00135831896532627,0.00135831896532627,0.0000000058603761671581,20.0205622710475,7.66680661162577,7.66680661162577,0.00916401395419546,7.66680661162577,0.00916401395419546,0.00916401395419546,0.0000000396922697936881,"Nikki Budzinski","Democrat"
"Illinois","IL","1714",2069936.15753848,2122354.18971192,3078530.07638056,21511362.5755505,5299036.56329849,22.8468146315816,5433226.72566252,23.4253759848182,7881036.99553425,33.9791185040489,55069088.1934092,237.430565887976,13565533.6020442,58.4878454568489,58.4878454568489,0.000252170549757716,13909060.4176961,59.9689625211348,59.9689625211348,0.000258556391148164,20175454.7085677,86.9865433703651,86.9865433703651,0.000375042785246926,140976865.775128,607.82224867322,607.82224867322,0.00262062774591312,34727766.0212331,149.728884369533,149.728884369533,0.000645556607379752,149.728884369533,0.000645556607379752,0.000645556607379752,0.00000000278331956513565,35607194.6693019,153.520544054105,153.520544054105,0.000661904361339302,153.520544054105,0.000661904361339302,0.000661904361339302,0.00000000285380296337136,51649164.0539332,222.685551028135,222.685551028135,0.00096010953023213,222.685551028135,0.00096010953023213,0.00096010953023213,0.00000000413951558952335,360900776.384326,1556.02495660344,1556.02495660344,0.00670880702953758,1556.02495660344,0.00670880702953758,0.00670880702953758,0.0000000289250449156153,14.5430288061037,14.568036968556,14.9399631179326,16.8840918918684,15.4830357702021,3.17165064999038,15.5080439399254,3.19562259125226,15.8799701784806,3.55475126927433,17.8240991220318,5.47407813959001,16.4230429136963,4.08577201364783,4.08577201364783,0.000252138760108871,16.4480510862597,4.11036492355607,4.11036492355607,0.000258522971204936,16.8199773596504,4.47718388653947,4.47718388653947,0.00037497247428073,18.7641063694576,6.41152635100656,6.41152635100656,0.00261719988847461,17.3630501272669,5.01548275527931,5.01548275527931,0.000645348325346824,5.01548275527931,0.000645348325346824,0.000645348325346824,0.00000000278331957094382,17.3880583009398,5.04032705872189,5.04032705872189,0.000661685399263588,5.04032705872189,0.000661685399263588,0.000661685399263588,0.00000000285380296764191,17.7599845879381,5.41024127556573,5.41024127556573,0.00095964891987773,5.41024127556573,0.00095964891987773,0.00095964891987773,0.00000000413951561060479,19.7041136236266,7.35053220035258,7.35053220035258,0.00668640313012944,7.35053220035258,0.00668640313012944,0.00668640313012944,0.0000000289250446075003,"Lauren Underwood","Democrat"
"Illinois","IL","1715",1084055.02817972,1670774.61411188,2427896.8833289,17456997.1246914,2775180.87214009,11.9652020131427,4277183.01212641,18.4410894803439,6215416.02132198,26.7977878621984,44689912.63921,192.680714271964,7104463.03267864,30.6309171536452,30.6309171536452,0.000132065306182573,10949588.5110436,47.2091890696806,47.2091890696806,0.000203542583391969,15911465.0145843,68.6023369272278,68.6023369272278,0.000295779215022826,114406176.356378,493.262628536228,493.262628536228,0.00212670354398139,18187425.3636573,78.4151479133317,78.4151479133317,0.000338087183827387,78.4151479133317,0.000338087183827387,0.000338087183827387,0.00000000145766407269507,28030946.5882717,120.855524018382,120.855524018382,0.000521069013483442,120.855524018382,0.000521069013483442,0.000521069013483442,0.00000000224659086970083,40733350.4373357,175.621982533703,175.621982533703,0.000757194790458433,175.621982533703,0.000757194790458433,0.000757194790458433,0.00000000326464798099726,292879811.472326,1262.75232905274,1262.75232905274,0.00544436107259235,1262.75232905274,0.00544436107259235,0.00544436107259235,0.0000000234733817604552,13.8962201461587,14.3287985161622,14.70253637234,16.6752511648825,14.836226842525,2.56226900029173,15.2688054099278,2.9673888406895,15.6425433798428,3.32495644422825,17.6152583884667,5.26621100052038,15.7762338814362,3.45413503321855,3.45413503321855,0.000132056586327653,16.2088125259482,3.87554964748537,3.87554964748537,0.000203521871410786,16.5825505402917,4.24279814331732,4.24279814331732,0.0002957354809744,18.5552656333226,6.2030670126322,6.2030670126322,0.00212444531116042,16.7162410541542,4.37468912982183,4.37468912982183,0.000338030045233694,4.37468912982183,0.000338030045233694,0.000338030045233694,0.00000000145766398845013,17.1488197287869,4.80283611362207,4.80283611362207,0.000520933304165527,4.80283611362207,0.000520933304165527,0.000520933304165527,0.00000000224659091077823,17.5225577604853,5.1740117568316,5.1740117568316,0.000756908263111864,5.1740117568316,0.000756908263111864,0.000756908263111864,0.00000000326464788003033,19.4952728864876,7.14184061330251,7.14184061330251,0.00542959411237669,7.14184061330251,0.00542959411237669,0.00542959411237669,0.0000000234733814073483,"Mary E. Miller","Republican"
"Illinois","IL","1716",1166114.04157073,1238336.36982247,1547911.73354503,12366156.8011174,2985251.94642106,12.8709241828661,3170141.10674552,13.6680744427036,3962654.03787528,17.0849967104341,31657361.4108605,136.490824178933,7642244.98283792,32.9495659081371,32.9495659081371,0.000142062168377585,8115561.23326854,34.9902705733211,34.9902705733211,0.000150860673661768,10144394.3369607,43.7375915787113,43.7375915787113,0.000188574778696871,81042845.211803,349.41650989807,349.41650989807,0.00150651050157808,19564147.1560651,84.350888724831,84.350888724831,0.000363679151046617,84.350888724831,0.000363679151046617,0.000363679151046617,0.00000000156800392865396,20775836.7571675,89.5750926677021,89.5750926677021,0.000386203324574127,89.5750926677021,0.000386203324574127,0.000386203324574127,0.00000000166511698140713,25969649.5026194,111.968234441501,111.968234441501,0.000482751433463989,111.968234441501,0.000482751433463989,0.000482751433463989,0.00000000208138448975272,207469683.742216,894.506265339058,894.506265339058,0.00385666688403988,894.506265339058,0.00385666688403988,0.00385666688403988,0.000000016628032726872,13.9691883044654,14.029280207075,14.2524179578638,16.3304740899053,14.9091950403882,2.62979486389253,14.969286973475,2.6856733253737,15.1924248226799,2.89508268350933,17.2704812991192,4.92355718163574,15.8492020947512,3.52487606771198,3.52487606771198,0.000142052078503383,15.9092940397432,3.5832486400766,3.5832486400766,0.000150849295334686,16.1324319273919,3.80081412311349,3.80081412311349,0.000188557000708309,18.2104885383616,5.85912247524127,5.85912247524127,0.00150537685305856,16.789209273505,4.44677086189662,4.44677086189662,0.000363613035813508,4.44677086189662,0.000363613035813508,0.000363613035813508,0.00000000156800394767479,16.8493012231475,4.50617925988525,4.50617925988525,0.000386128767265677,4.50617925988525,0.000386128767265677,0.000386128767265677,0.0000000016651169318386,17.0724391258133,4.72710666805604,4.72710666805604,0.000482634946478733,4.72710666805604,0.000482634946478733,0.000482634946478733,0.00000000208138439600099,19.1504957893339,6.79738921794648,6.79738921794648,0.00384924901037409,6.79738921794648,0.00384924901037409,0.00384924901037409,0.0000000166280325902594,"Darin LaHood","Republican"
"Illinois","IL","1717",1241961.60624268,1779155.57346228,2030196.42128781,18014932.1182477,3179421.71198128,13.7080878045585,4554638.26806344,19.6373387843883,5197302.83849679,22.4081893221389,46118226.222714,198.838893270784,8139319.58267206,35.0927047796699,35.0927047796699,0.000151302319099845,11659873.9662424,50.2715872880341,50.2715872880341,0.000216746123995444,13305095.2665518,57.3649646646755,57.3649646646755,0.000247329245304406,118062659.130148,509.027566773208,509.027566773208,0.00219467413019573,20836658.1316405,89.8373242359549,89.8373242359549,0.000387333936895603,89.8373242359549,0.000387333936895603,0.000387333936895603,0.00000000166999162037601,29849277.3535805,128.695263457367,128.695263457367,0.000554870077428337,128.695263457367,0.000554870077428337,0.000554870077428337,0.00000000239232427483487,34061043.8823725,146.854309541569,146.854309541569,0.00063316286797928,146.854309541569,0.00063316286797928,0.00063316286797928,0.0000000027298839144674,302240407.373179,1303.11057093941,1303.11057093941,0.00561836577330107,1303.11057093941,0.00561836577330107,0.00561836577330107,0.0000000242236036346823,14.0322034333272,14.3916499748394,14.5236435981552,16.7067115895983,14.9722102011637,2.68839753327153,15.331656890823,3.02710199743564,15.4636505564911,3.15308593216965,17.6467188142637,5.29751150828539,15.912217267993,3.58609076125153,3.58609076125153,0.00015129087405831,16.2716640155223,3.9371367447085,3.9371367447085,0.000216722637947949,16.4036576977343,4.06671578968468,4.06671578968468,0.000247298664468923,18.5867260595418,6.23446477675407,6.23446477675407,0.00219226935075556,16.8522244516164,4.50907026101263,4.50907026101263,0.000387258942470903,4.50907026101263,0.000387258942470903,0.000387258942470903,0.000000001669991699087,17.2116712217512,4.86518757143711,4.86518757143711,0.000554716193947786,4.86518757143711,0.000554716193947786,0.000554716193947786,0.00000000239232433576763,17.3436649104256,4.99622739393977,4.99622739393977,0.000632962504941011,4.99622739393977,0.000632962504941011,0.000632962504941011,0.0000000027298838707821,19.5267333128719,7.17327653255701,7.17327653255701,0.00560264162483888,7.17327653255701,0.00560264162483888,0.00560264162483888,0.0000000242236032740722,"Eric Sorensen","Democrat"
"Indiana","IN","1801",1583321.55490404,1052172.35682679,1263257.65397946,10703740.0850326,4053303.18055433,17.4758308053796,2693561.23347659,11.6132986562651,3233939.59418741,13.9431418439092,27401574.6176834,118.141984571243,10376456.1422191,44.7381268617719,44.7381268617719,0.000192888590060764,6895516.75770006,29.7300445600386,29.7300445600386,0.000128181190851994,8278885.36111976,35.6944431204075,35.6944431204075,0.000153896716055466,70148031.0212693,302.443480502382,302.443480502382,0.00130398612144451,26563727.7240809,114.529604766136,114.529604766136,0.000493794790555556,114.529604766136,0.000493794790555556,0.000493794790555556,0.0000000021289979623845,17652522.8997122,76.1089140736987,76.1089140736988,0.000328143848581106,76.1089140736988,0.000328143848581106,0.000328143848581106,0.00000000141479334808734,21193946.5244666,91.3777743882431,91.3777743882431,0.000393975593101994,91.3777743882431,0.000393975593101994,0.000393975593101994,0.00000000169862714428333,179578959.41445,774.255310086098,774.255310086098,0.00333820447089796,774.255310086098,0.00333820447089796,0.00333820447089796,0.0000000143926802236383,14.2750360798905,13.8663684465619,14.0492051736982,16.1861038724396,15.2150429535109,2.91646343499123,14.8063751258949,2.53475170627276,14.9892119498062,2.70425245504568,17.126111074,4.78031592953405,16.155050061662,3.82293223589277,3.82293223589277,0.000192869989448607,15.7463821581524,3.42524082619141,3.42524082619141,0.000128172976345118,15.9292190198665,3.60262532998345,3.60262532998345,0.000153884875170706,18.0661183102528,5.71519536746508,5.71519536746508,0.00130313666991058,17.0950572614268,4.74952681543944,4.74952681543944,0.000493672914027536,4.74952681543944,0.000493672914027536,0.000493672914027536,0.00000000212899786462404,16.6863893282713,4.34521889092504,4.34521889092504,0.000328090021163574,4.34521889092504,0.000328090021163574,0.000328090021163574,0.00000000141479339254962,16.8692262047521,4.52588641279022,4.52588641279022,0.000393898005095819,4.52588641279022,0.000393898005095819,0.000393898005095819,0.00000000169862723742371,19.0061255600573,6.65319240747158,6.65319240747158,0.00333264503527286,6.65319240747158,0.00333264503527286,0.00333264503527286,0.0000000143926800552177,"Frank J. Mrvan","Democrat"
"Indiana","IN","1802",1299437.99178075,2846754.34083607,1521819.90467871,13639931.4582671,3326561.25895871,14.3424804747378,7287691.11254033,31.4209056592718,3895858.95597749,16.7970094817764,34918224.5331637,150.550046908253,8515996.8229343,36.7167500153288,36.7167500153288,0.00015830439579986,18656489.2481032,80.4375184877357,80.4375184877357,0.000346806641615202,9973398.9273024,43.0003442733477,43.0003442733477,0.000185396134367459,89390654.8048991,385.408120085127,385.408120085127,0.00166168845447825,21800951.8667118,93.9948800392416,93.9948800392416,0.000405259253247642,93.9948800392416,0.000405259253247642,0.000405259253247642,0.00000000174727668437122,47760612.4751443,205.920047328604,205.920047328604,0.000887825002534918,205.920047328604,0.000887825002534918,0.000887825002534918,0.00000000382786059614817,25531901.2538941,110.08088133977,110.08088133977,0.000474614103980695,110.08088133977,0.000474614103980695,0.000474614103980695,0.00000000204630036529346,228840076.300542,986.644787417926,986.644787417926,0.00425392244346433,986.644787417926,0.00425392244346433,0.00425392244346433,0.0000000183408014573987,14.0774431845055,14.8616904267881,14.235418139441,16.4285122586274,15.0174499740445,2.73062548265445,15.80169747122,3.47880345112006,15.1754249975075,2.87903043654157,17.368519472443,5.02091591302704,15.9574570493513,3.63010429327189,3.63010429327189,0.000158291866981142,16.7417046460945,4.39983608190251,4.39983608190251,0.000346746518092327,16.1154320995829,3.78419745828192,3.78419745828192,0.000185378950627924,18.308526713483,5.95689411683062,5.95689411683062,0.00166030937773759,16.8974642362863,4.55382299582442,4.55382299582442,0.000405177157895761,4.55382299582442,0.000405177157895761,0.000405177157895761,0.00000000174727676618976,17.6817118719231,5.33233247386428,5.33233247386428,0.000887431119033092,5.33233247386428,0.000887431119033092,0.000887431119033092,0.0000000038278606877563,17.0554392969744,4.71025859668665,4.71025859668665,0.000474501510331074,4.71025859668665,0.000474501510331074,0.000474501510331074,0.00000000204630046031683,19.2485339651575,6.89532310619764,6.89532310619764,0.00424490009325566,6.89532310619764,0.00424490009325566,0.00424490009325566,0.0000000183408013759774,"Rudy Yakym III","Republican"
"Indiana","IN","1803",757730.827995674,534943.15245985,499848.138854697,4871427.02509505,1939790.91966892,8.36341531829597,1369454.47029721,5.90440772686338,1279611.23546802,5.51704830642442,12470853.1842433,53.7681270160404,4965864.75435245,21.4103432148377,21.4103432148377,0.00009231076947381,3505803.44396087,15.1152837807703,15.1152837807703,0.000065169598759675,3275804.76279814,14.1236436644465,14.1236436644465,0.0000608941389382039,31925384.1516629,137.646405161064,137.646405161064,0.000593462956115341,12712613.7711423,54.8104786299845,54.8104786299845,0.000236315569852954,54.8104786299845,0.000236315569852954,0.000236315569852954,0.00000000101887540395197,8974856.81653983,38.6951264787719,38.6951264787719,0.000166834172824768,38.6951264787719,0.000166834172824768,0.000166834172824768,0.000000000719306118236725,8386060.19276324,36.1565277809831,36.1565277809831,0.000155888995681802,36.1565277809831,0.000155888995681802,0.000155888995681802,0.000000000672115948795904,81728983.428257,352.374797212323,352.374797212323,0.00151926516765527,352.374797212323,0.00151926516765527,0.00151926516765527,0.00000000655031707122861,13.5380848131025,13.1899176325038,13.1220616095864,15.3988976810478,14.4780912673844,2.2368101083687,14.129923751857,1.9321600086514,14.0620676489593,1.87442155969417,16.3389048144477,4.00310840095035,15.4180982117313,3.10952260294936,3.10952260294936,0.0000923065090970167,15.0699305653723,2.77976812484057,2.77976812484057,0.0000651674753136389,15.0020744312322,2.71625932481794,2.71625932481794,0.0000608922849653575,17.2789120240752,4.93192684429013,4.93192684429013,0.000593286926616361,16.35810534751,4.02196164082493,4.02196164082493,0.000236287651727002,4.02196164082493,0.000236287651727002,0.000236287651727002,0.00000000101887542795218,16.0099376500449,3.68122842143656,3.68122842143656,0.000166820257551766,3.68122842143656,0.000166820257551766,0.000166820257551766,0.000000000719306169923976,15.9420815037007,3.6151394698862,3.6151394698862,0.000155876846255001,3.6151394698862,0.000155876846255001,0.000155876846255001,0.000000000672115918250509,18.2189192634792,5.86752924215387,5.86752924215387,0.00151811225190583,5.86752924215387,0.00151811225190583,0.00151811225190583,0.00000000655031715610273,"Marlin A. Stutzman","Republican"
"Indiana","IN","1804",5577417.98569462,3146502.09890371,4561723.77933633,36043126.4686083,14278190.0433782,61.5604661901973,8055045.37319349,34.7293562314611,11678012.875101,50.3497932568666,92270403.7596371,397.824167751241,36552166.5110482,157.594793446905,157.594793446905,0.00067947050181186,20620916.1553754,88.9071519525404,88.9071519525404,0.000383323495850189,29895712.9602586,128.895470737579,128.895470737579,0.000555733271815513,236212233.624671,1018.42986944318,1018.42986944318,0.00439096393551784,93573546.2682834,403.442671224077,403.442671224077,0.00173944448463836,403.442671224077,0.00173944448463836,0.00173944448463836,0.00000000749962096463101,52789545.3577609,227.602308998504,227.602308998504,0.000981308149376482,227.602308998504,0.000981308149376483,0.000981308149376483,0.00000000423091350992853,76533025.178262,329.9724050882,329.9724050882,0.00142267717584771,329.9724050882,0.00142267717584771,0.00142267717584771,0.00000000613387760754422,604703318.079158,2607.18046577453,2607.18046577453,0.0112408676749257,2607.18046577453,0.0112408676749257,0.0112408676749257,0.000000048465040201063,15.5342366799829,14.9618022668219,15.333211351058,17.4002267646478,16.4742438292168,4.13613354809863,15.901809331646,3.57597265428165,16.2732184759651,3.93866091021002,18.3402340062324,5.98852063743315,17.4142510450296,5.06635248045827,5.06635248045827,0.000679239766243173,16.8418165144861,4.49877749284654,4.49877749284654,0.000383250046168287,17.2132256822752,4.86673005576751,4.86673005576751,0.000555578909267826,19.2802412581197,6.92699879848038,6.92699879848038,0.00438135178085394,18.3542582868497,6.00250999894888,6.00250999894888,0.00173793340312197,6.00250999894888,0.00173793340312197,0.00173793340312197,0.0000000074996208961562,17.7818237434263,5.43198385191558,5.43198385191558,0.000980826981291612,5.43198385191558,0.000980826981291612,0.000980826981291612,0.00000000423091361050151,18.1532329203833,5.80203500358814,5.80203500358814,0.0014216661294891,5.80203500358814,0.0014216661294891,0.0014216661294891,0.00000000613387760923284,20.2202485140314,7.86640811765198,7.86640811765198,0.0111781586204181,7.86640811765198,0.0111781586204181,0.0111781586204181,0.0000000484650390288527,"James R. Baird","Republican"
"Indiana","IN","1805",5182960.38838863,1514098.55628694,2389174.42503738,22040718.8310315,13268378.5942749,57.2066606040454,3876092.30409456,16.7117854932151,6116286.5280957,26.3703907062795,56424240.2074408,243.273308524747,33967049.2013437,146.449051146356,146.449051146356,0.000631415594994326,9922796.29848207,42.7821708626307,42.7821708626307,0.000184455478945922,15657693.511925,67.5082002080756,67.5082002080756,0.000291061840740638,144446054.931048,622.779669823354,622.779669823353,0.00268511671939,86955645.9554399,374.909570934671,374.909570934671,0.00161642392318547,374.909570934671,0.00161642392318547,0.00161642392318547,0.00000000696921738469465,25402358.5241141,109.522357408335,109.522357408335,0.00047220602610156,109.522357408335,0.00047220602610156,0.00047220602610156,0.00000000203591792911552,40083695.390528,172.820992532674,172.820992532674,0.000745118312296033,172.820992532674,0.000745118312296033,0.000745118312296033,0.00000000321258020326391,369781900.623484,1594.31595474779,1594.31595474779,0.00687389880163841,1594.31595474779,0.00687389880163841,0.00687389880163841,0.0000000296368386670514,15.4608871474795,14.2303314679424,14.6864588539333,16.9084022019258,16.4008942883983,4.06399979155773,15.1703383239669,2.87423026507627,15.6264658573681,3.30946179793351,17.8484094327696,5.49828771533503,17.3409015009629,4.99348270015313,4.99348270015313,0.000631216336039839,16.1103454252446,3.77922667658103,3.77922667658103,0.00018443846912567,16.5664730162281,4.22695344917018,4.22695344917018,0.000291019490460503,18.7884166804612,6.43579721278553,6.43579721278553,0.00268151823362184,18.2809087415142,5.92934861163113,5.92934861163113,0.00161511891614292,5.92934861163113,0.00161511891614292,0.00161511891614292,0.00000000696921740109382,17.0503526223245,4.70521782997915,4.70521782997915,0.000472094571920841,4.70521782997915,0.000472094571920841,0.000472094571920841,0.00000000203591787665633,17.506480235801,5.1580259911108,5.1580259911108,0.000744840849466165,5.1580259911108,0.000744840849466165,0.000744840849466165,0.00000000321258019670088,19.7284239347339,7.37482708635253,7.37482708635253,0.00685038126918736,7.37482708635253,0.00685038126918736,0.00685038126918736,0.0000000296368383217225,"Victoria Spartz","Republican"
"Indiana","IN","1806",6102926.0635255,1878556.1840078,2424164.72642275,25590440.2366319,15623490.7226253,67.3607347626726,4809103.83105996,20.7344679471061,6205861.69964224,26.7565943709401,65511527.0057777,282.453177262318,39996136.2499207,172.443480992442,172.443480992442,0.000743490669973143,12311305.8075135,53.0802379445916,53.0802379445916,0.000228855631100882,15887005.9510841,68.4968815896066,68.4968815896066,0.000295324543966727,167709509.134791,723.080133791535,723.080133791534,0.00311756251974814,102390108.799797,441.455311340651,441.455311340651,0.00190333611513125,441.455311340651,0.00190333611513125,0.00190333611513125,0.00000000820624030133696,31516942.8672346,135.885409138155,135.885409138155,0.00058587041561826,135.885409138155,0.00058587041561826,0.00058587041561826,0.0000000025259823411043,40670735.2347754,175.352016869393,175.352016869393,0.000756030832554819,175.352016869393,0.000756030832554819,0.000756030832554819,0.00000000325962957243465,429336343.385065,1851.08514250633,1851.08514250633,0.00798096005055524,1851.08514250633,0.00798096005055524,0.00798096005055524,0.0000000344099371044144,15.6242790605336,14.4460145848465,14.7009979928206,17.0577294505286,16.5642862191755,4.22479860661959,15.3860215189534,3.07889938505699,15.6410049999369,3.32347344695055,17.9977366852075,5.64704694995892,17.5042934386632,5.15585178834763,5.15585178834763,0.000743214417703709,16.3260286507321,3.99046883158804,3.99046883158804,0.000228829447645778,16.5810121602349,4.2412818823498,4.2412818823498,0.000295280944257443,18.9377439343972,6.58490206829342,6.58490206829342,0.00311271299822606,18.4443006819188,6.09233946802745,6.09233946802745,0.00190152706606958,6.09233946802745,0.00190152706606958,0.00190152706606958,0.00000000820624032024285,17.2660358597264,4.91914414617716,4.91914414617716,0.000585698860549114,4.91914414617716,0.000585698860549114,0.000585698860549114,0.00000000252598230901673,17.5210193803696,5.17248209335833,5.17248209335833,0.000755745185207891,5.17248209335833,0.000755745185207891,0.000755745185207891,0.0000000032596296719754,19.8777511892551,7.52406738742494,7.52406738742494,0.00794928063204555,7.52406738742494,0.00794928063204555,0.00794928063204555,0.0000000344099365298712,"Jefferson Shreve","Republican"
"Indiana","IN","1807",12848318.6693846,3210961.58529369,4882526.4559799,50148015.1348587,32891695.7936246,141.812661176949,8220061.65835184,35.4408245206812,12499267.7273085,53.8906364176077,128378918.745238,553.506156098232,84202741.2316791,363.040412612989,363.040412612989,0.00156525000566875,21043357.8453807,90.7285107729439,90.7285107729439,0.000391176290759279,31998125.3819099,137.960029229076,137.960029229076,0.000594815147378843,328650031.98781,1416.97575961147,1416.97575961147,0.0061092959315488,215559017.553098,929.383456289254,929.383456289254,0.004007040014512,929.383456289254,0.004007040014512,0.004007040014512,0.0000000172763670035708,53870996.0841747,232.264987578737,232.264987578737,0.00100141130434376,232.264987578737,0.00100141130434376,0.00100141130434376,0.00000000431758833271205,81915200.9776894,353.177674826433,353.177674826433,0.00152272677728983,353.177674826433,0.00152272677728983,0.00152272677728983,0.00000000656524181324597,841344081.888794,3627.45794460537,3627.45794460537,0.0156397975847649,3627.45794460537,0.0156397975847649,0.0156397975847649,0.0000000674310418556842,16.3687235957266,14.9820813209619,15.4011735650617,17.7304895129628,17.3087308067897,4.96153370967922,15.9220883896739,3.59568969893822,16.3411806987459,4.00534277691265,18.6704967593028,6.31807790879955,18.2487380467544,5.89726488513613,5.89726488513613,0.00156402627867123,16.8620955740327,4.51883324449328,4.51883324449328,0.00039109980126073,17.2811879084845,4.93418633227448,4.93418633227448,0.000594638314967394,19.6105040130475,7.25698561217266,7.25698561217266,0.00609070984335409,19.1887452980089,6.83559681975795,6.83559681975795,0.00399903321159917,6.83559681975795,0.00399903321159917,0.00399903321159917,0.0000000172763668544238,17.8021028035661,5.45217509309183,5.45217509309183,0.00100091022653891,5.45217509309183,0.00100091022653891,0.00100091022653891,0.00000000431758827757432,18.2211951479319,5.8697986935103,5.8697986935103,0.00152156860444226,5.8697986935103,0.00152156860444226,0.00152156860444226,0.00000000656524188412489,20.5505112696848,8.19656302835348,8.19656302835348,0.0155187563594395,8.19656302835348,0.0155187563594395,0.0155187563594395,0.0000000674310395878818,"André Carson","Democrat"
"Indiana","IN","1808",1086298.28712903,494589.674585287,580036.284289102,6355896.45390197,2780923.61505031,11.9899618692371,1266149.56693833,5.45900827558942,1484892.8877801,6.40212086661815,16271094.921989,70.1528825277916,7119164.45452881,30.6943023852471,30.6943023852471,0.000132338591829782,3241342.89136213,13.9750611855089,13.9750611855089,0.0000602535250618439,3801325.79271706,16.3894294185425,16.3894294185425,0.0000706630821225638,41654003.000292,179.591379271147,179.591379271147,0.000774308858341582,18225061.0035937,78.5774141062324,78.5774141062324,0.000338786795084243,78.5774141062324,0.000338786795084243,0.000338786795084243,0.00000000146068044907002,8297837.80188707,35.7761566349029,35.7761566349029,0.000154249024158321,35.7761566349029,0.000154249024158321,0.000154249024158321,0.000000000665045205850373,9731394.02935568,41.9569393114688,41.9569393114688,0.000180897490233763,41.9569393114688,0.000180897490233763,0.000180897490233763,0.000000000779940160314068,106634247.680747,459.753930934135,459.753930934135,0.00198223067735445,459.753930934135,0.00198223067735445,0.00198223067735445,0.00000000854639448163407,13.898287328184,13.1114857794341,13.2708476637136,15.6648936727613,14.8382940257111,2.5641768952846,14.0514918058454,1.86547578829884,14.2108538716255,2.00176656274421,16.6049008353772,4.26483083710653,15.7783010650758,3.45613692924771,3.45613692924771,0.000132329835850756,14.9914985830551,2.70638622983683,2.70638622983683,0.000060251709891054,15.150860719734,2.85586251693328,2.85586251693328,0.0000706605856045769,17.5449080564173,5.19623690601827,5.19623690601827,0.000774009235894469,16.7183082379708,4.37673031020384,4.37673031020384,0.000338729419796177,4.37673031020384,0.000338729419796177,0.000338729419796177,0.00000000146068046440364,15.9315056535459,3.6048497176558,3.6048497176558,0.000154237129000861,3.6048497176558,0.000154237129000861,0.000154237129000861,0.000000000665045129856004,16.0908678179196,3.76019820258501,3.76019820258501,0.000180881130255725,3.76019820258501,0.000180881130255725,0.000180881130255725,0.000000000779940112190006,18.4849153002793,6.13286412811231,6.13286412811231,0.00198026865049074,6.13286412811231,0.00198026865049074,0.00198026865049074,0.00000000854639444448116,"Mark B. Messmer","Republican"
"Indiana","IN","1809",2710009.63375893,1894456.14104328,885006.635398748,24337758.7509571,6937624.66242286,29.91159293817,4849807.72107079,20.9099629109081,2265616.9866208,9.76821554280188,62304662.4024504,268.62676933597,17760319.1358025,76.5736779217152,76.5736779217152,0.000330147679533442,12415507.7659412,53.5295050519248,53.5295050519248,0.000230792647801692,5799979.48574924,25.0066317895728,25.0066317895728,0.000107816180211626,159499935.750273,687.684529500082,687.684529500082,0.0029649542483464,45466416.9876545,196.028615479591,196.028615479591,0.00084517805960561,196.028615479591,0.00084517805960561,0.00084517805960561,0.0000000036439881529086,31783699.8808096,137.035532932927,137.035532932927,0.00059082917837233,137.035532932927,0.00059082917837233,0.00059082917837233,0.00000000254736206402015,14847947.4835181,64.0169773813064,64.0169773813064,0.000276009421341762,64.0169773813064,0.000276009421341762,0.000276009421341762,0.00000000119001558314217,408319835.520698,1760.47239552021,1760.47239552021,0.00759028287576679,1760.47239552021,0.00759028287576679,0.00759028287576679,0.0000000327255311021985,14.8124631167445,14.4544428863521,13.6933515515221,17.007539601475,15.7524701503752,3.43113128953534,15.3944498231815,3.08694146081307,14.6333581214599,2.37659878967844,17.9475468349282,5.59703866689815,16.6924773210304,4.3512281676074,4.3512281676074,0.000330093192780402,16.3344569560236,3.99874193227702,3.99874193227702,0.000230766019275685,15.573365110985,3.25835157432668,3.25835157432668,0.000107810368465089,18.8875540836391,6.53478329896175,6.53478329896175,0.00296056744048291,17.6324845452108,5.2833489744309,5.2833489744309,0.00084482109774622,5.2833489744309,0.00084482109774622,0.00084482109774622,0.00000000364398821564008,17.2744641654333,4.92751113703484,4.92751113703484,0.000590654707531528,4.92751113703484,0.000590654707531528,0.000590654707531528,0.0000000025473620957923,16.5133722644115,4.17464842627298,4.17464842627298,0.000275971337748996,4.17464842627298,0.000275971337748996,0.000275971337748996,0.00000000119001564087532,19.82756133831,7.47390532665096,7.47390532665096,0.00756162161869932,7.47390532665096,0.00756162161869932,0.00756162161869932,0.0000000327255306383582,"Erin Houchin","Republican"
"Iowa","IA","1901",6253751.47254269,12903447.5972997,14306830.0644147,124859320.170618,16009603.7697093,69.0254625123662,33032825.8490873,142.421143903494,36625484.9649016,157.91090621651,319639859.636781,1378.12837008253,40984585.6504558,176.705184031657,176.705184031657,0.000761865017496271,84564034.1736633,364.598128392946,364.598128392946,0.00157196610268907,93761241.5101483,404.251919914266,404.251919914266,0.00174293356318967,818278040.670159,3528.00862741128,3528.00862741128,0.015211021506693,104920539.265167,452.365271121043,452.365271121043,0.00195037444479045,452.365271121043,0.00195037444479045,0.00195037444479045,0.00000000840904622378452,216483927.484578,933.37120868594,933.37120868594,0.00402423322288401,933.37120868594,0.00402423322288401,0.00402423322288401,0.0000000173504955814558,240028778.265979,1034.88491498052,1034.88491498052,0.00446190992176556,1034.88491498052,0.00446190992176556,0.00446190992176556,0.0000000192375401957856,2094791784.11561,9031.70208617288,9031.70208617288,0.0389402150571341,9031.70208617288,0.0389402150571341,0.0389402150571341,0.000000167890873085518,15.6486922371541,16.3730051667288,16.4762476779816,18.6426982308589,16.5886993982041,4.24885892608496,17.3130123779945,4.96578536432204,17.4162548938797,5.06834370691114,19.5827054844699,7.22920696271568,17.5287066186324,5.18012590767632,5.18012590767632,0.000761574945664905,18.2530196180384,5.90153472029158,5.90153472029158,0.00157073185726718,18.3562621357332,6.00450889820917,6.00450889820917,0.0017414164170877,20.5227127410549,8.1687722683907,8.1687722683907,0.0150964938471838,18.4687138622555,6.11669813858273,6.11669813858273,0.00194847493399016,6.11669813858273,0.00194847493399016,0.00194847493399016,0.00000000840904609073392,19.1930268693238,6.83987379897718,6.83987379897718,0.00401615765443178,6.83987379897718,0.00401615765443178,0.00401615765443178,0.0000000173504953342715,19.2962693877255,6.94301133072279,6.94301133072279,0.0044519851131408,6.94301133072279,0.0044519851131408,0.0044519851131408,0.0000000192375400424377,21.4627199988017,9.10860683599852,9.10860683599852,0.0382011696118255,9.10860683599852,0.0382011696118255,0.0382011696118255,0.000000167890858888186,"Mariannette Miller-Meeks","Republican"
"Iowa","IA","1902",1077926.13452269,1858489.21005142,2085867.12207578,17724166.6915304,2759490.90437808,11.8975546623927,4757732.37773163,20.5129797468403,5339819.83251399,23.0226518391015,45373866.7303179,195.629584722167,7064296.71520788,30.4577399357253,30.4577399357253,0.000131318652003277,12179794.886993,52.5132281519113,52.5132281519113,0.000226410966401382,13669938.7712358,58.9379887081,58.9379887081,0.000254111343956084,116157098.829614,500.811736888747,500.811736888747,0.00215925155098294,18084599.5909322,77.9718142354567,77.9718142354567,0.000336175749128389,77.9718142354567,0.000336175749128389,0.000336175749128389,0.00000000144942291532113,31180274.910702,134.433864068893,134.433864068893,0.000579612073987537,134.433864068893,0.000579612073987537,0.000579612073987537,0.0000000024989994793274,34995043.2543638,150.881251092736,150.881251092736,0.000650525040527575,150.881251092736,0.000650525040527575,0.000650525040527575,0.0000000028047409819879,297362173.003812,1282.07804643519,1282.07804643519,0.00552768397051633,1282.07804643519,0.00552768397051633,0.00552768397051633,0.0000000238326287255772,13.8905504349594,14.4352750010442,14.5506956920629,16.6904396725257,14.8305571281296,2.55703773234383,15.3752819316485,3.06865646212992,15.4907026584098,3.17899721185288,17.6304468966361,5.28132167819327,15.7705641657923,3.44864505575285,3.44864505575285,0.000131310030463921,16.3152890620591,3.97992887851535,3.97992887851535,0.000226385339306657,16.4307098027823,4.09331050623878,4.09331050623878,0.000254079063136967,18.5704541416975,6.21822502323381,6.21822502323381,0.00215692371766894,16.7105713380226,4.36909100697558,4.36909100697558,0.000336119254722336,4.36909100697558,0.000336119254722336,0.000336119254722336,0.00000000144942302499492,17.2552962705189,4.90848343311356,4.90848343311356,0.000579444163788165,4.90848343311356,0.000579444163788165,0.000579444163788165,0.00000000249899944869403,17.370717016696,5.02309897270613,5.02309897270613,0.00065031354083229,5.02309897270613,0.00065031354083229,0.00065031354083229,0.0000000028047408800549,19.5104613949429,7.15701719396985,7.15701719396985,0.00551246239309405,7.15701719396985,0.00551246239309405,0.00551246239309405,0.0000000238326284753822,"Ashley Hinson","Republican"
"Iowa","IA","1903",616562.439059988,1342926.00279987,1819312.58840585,12489238.6495183,1578399.84399357,6.80527643458856,3437890.56716767,14.8224771755209,4657440.22631897,20.0805697860944,31972450.9427668,137.84933379513,4040703.60062354,17.4215076725467,17.4215076725467,0.0000751128911157373,8800999.85194925,37.9455415693335,37.9455415693335,0.00016360233487234,11923046.9793766,51.4062586524016,51.4062586524016,0.000221638263541908,81849474.4134831,352.894294515531,352.894294515531,0.00152150498209064,10344201.2175963,44.5990596417196,44.5990596417196,0.000192289001256288,44.5990596417196,0.000192289001256288,0.000192289001256288,0.000000000829054699833914,22530559.6209901,97.1405864174938,97.1405864174938,0.000418821977273192,97.1405864174938,0.000418821977273192,0.000418821977273192,0.00000000180575241632921,30523000.267204,131.600022150148,131.600022150148,0.000567393954667284,131.600022150148,0.000567393954667284,0.000567393954667284,0.00000000244632101524777,209534654.498517,903.409393959761,903.409393959761,0.00389505275415203,903.409393959761,0.00389505275415203,0.00389505275415203,0.000000016793533539793,13.3319164982552,14.1103621201934,14.4139698386868,16.3403780035088,14.271922768405,2.05479997096846,15.0503689249184,2.76143153513324,15.3539767622304,3.04835175300874,17.2803852132082,4.93338941572279,15.2119296408253,2.91351887723589,2.91351887723589,0.0000751100702838832,15.9903760061574,3.66216430027942,3.66216430027942,0.000163588953469815,16.2939838898829,3.95902602412594,3.95902602412594,0.000221613705410505,18.2203924526403,5.86899826547953,5.86899826547953,0.0015203486661305,16.1519367485077,3.81988709441559,3.81988709441559,0.000192270516095851,3.81988709441559,0.000192270516095851,0.000192270516095851,0.000000000829054602403071,16.9303831954095,4.58640100595972,4.58640100595972,0.000418734295829931,4.58640100595972,0.000418734295829931,0.000418734295829931,0.00000000180575243483748,17.2339910972654,4.88733724479661,4.88733724479661,0.000567233047579682,4.88733724479661,0.000567233047579682,0.000567233047579682,0.00000000244632092061806,19.1603997036867,6.80728212730228,6.80728212730228,0.00388748667665674,6.80728212730228,0.00388748667665674,0.00388748667665674,0.00000001679353331173,"Zachary Nunn","Republican"
"Iowa","IA","1904",1425130.11817622,4018091.786295,1994263.27144793,23609079.4114293,3648333.10253111,15.7298009009975,10286314.9729152,44.3494828958057,5105313.97490669,22.011579015811,60439243.293259,260.584008338039,9339732.74247964,40.2682903065536,40.2682903065536,0.00017361687415719,26332966.3306629,113.534676213263,113.534676213263,0.000489505152628428,13069603.7757611,56.349642280476,56.349642280476,0.000242951679302359,154724462.830743,667.095061345381,667.095061345381,0.00287618268455849,23909715.8207479,103.086823184777,103.086823184777,0.000444459197842407,103.086823184777,0.000444459197842407,0.000444459197842407,0.00000000191628738226445,67412393.806497,290.648771105953,290.648771105953,0.00125313319072878,290.648771105953,0.00125313319072878,0.00125313319072878,0.00000000540288812414635,33458185.6659485,144.255084238019,144.255084238019,0.000621956299014038,144.255084238019,0.000621956299014038,0.000621956299014038,0.00000000268156675327282,396094624.846702,1707.76335704417,1707.76335704417,0.00736302767246972,1707.76335704417,0.00736302767246972,0.00736302767246972,0.0000000317457195002648,14.1697743802072,15.2063179167472,14.5057857540461,16.9771419591896,15.1097812111064,2.8171916142105,16.1463250235809,3.81439877397807,15.4457927069737,3.13599752471807,17.91714919187,5.56675548750825,16.0497883025695,3.72009441587835,3.72009441587835,0.000173601804492,17.086332222831,4.74087762616892,4.74087762616892,0.000489385384064423,16.3857998461043,4.04916660607513,4.04916660607513,0.000242922171322335,18.8571564402791,6.50443047081517,6.50443047081517,0.00287205438507561,16.9897954958156,4.64522538917286,4.64522538917286,0.000444360455110027,4.64522538917286,0.000444360455110027,0.000444360455110027,0.00000000191628734918648,18.0263394581813,5.67555023959897,5.67555023959897,0.00125234867466567,5.67555023959897,0.00125234867466567,0.00125234867466567,0.00000000540288812228945,17.3258070579704,4.97849139847927,4.97849139847927,0.00062176296435467,4.97849139847927,0.00062176296435467,0.00062176296435467,0.00000000268156674283654,19.7971636948321,7.44352520485862,7.44352520485862,0.00733605291388512,7.44352520485862,0.00733605291388512,0.00733605291388512,0.000000031745719104727,"Randy Feenstra","Republican"
"Kansas","KS","2001",1551583.59866583,3852133.24520213,792762.693405965,16314139.192998,3972054.01258453,17.1255247341906,9861461.10771744,42.5177239736438,2029472.49511927,8.75007774375901,41764196.3340749,180.066478214229,10168458.2722164,43.8413433195279,43.8413433195279,0.000189022104689403,25245340.4357566,108.845373372528,108.845373372528,0.000469287207069109,5195449.58750534,22.4001990240231,22.4001990240231,0.0000965785362488282,106916342.615232,460.970184228425,460.970184228425,0.00198747455767642,26031253.176874,112.233838897991,112.233838897991,0.000483896588004871,112.233838897991,0.000483896588004871,0.000483896588004871,0.0000000020863218275513,64628071.515537,278.644155833672,278.644155833672,0.00120137525009692,278.644155833672,0.00120137525009692,0.00120137525009692,0.00000000517973358252296,13300350.9440136,57.3445095014991,57.3445095014991,0.000247241052797,57.3445095014991,0.000247241052797,0.000247241052797,0.00000000106598066178543,273705837.094993,1180.08367162477,1180.08367162477,0.00508793486765163,1180.08367162477,0.00508793486765163,0.00508793486765163,0.0000000219366489342432,14.2547872884004,15.1641379020722,13.5832804655481,16.6075427862223,15.1947941541481,2.89732115117356,16.1041450023722,3.77316830278035,14.5232869553676,2.27727525869684,17.5475500073612,5.19886424678549,16.134801259224,3.80313055581784,3.80313055581784,0.00018900424226227,17.0441521990701,4.6990736802607,4.6990736802607,0.000469177126266038,15.4632939135964,3.15274452762762,3.15274452762762,0.0000965738728422037,18.4875572512618,6.13550035269707,6.13550035269707,0.00198550214310122,17.0748084577875,4.72945505129262,4.72945505129262,0.0004837795478064,4.72945505129262,0.0004837795478064,0.0004837795478064,0.00000000208632177982582,17.9841594334234,5.63351792290395,5.63351792290395,0.00120065417631358,5.63351792290395,0.00120065417631358,0.00120065417631358,0.00000000517973351756518,16.4033010547978,4.06636525835838,4.06636525835838,0.00024721049376471,4.06636525835838,0.00024721049376471,0.00024721049376471,0.00000000106598063652569,19.4275645040538,7.07418766180356,7.07418766180356,0.00507503506411437,7.07418766180356,0.00507503506411437,0.00507503506411437,0.0000000219366487011811,"Tracey Mann","Republican"
"Kansas","KS","2002",910232.484112463,667129.561304776,701081.583783459,5997165.64042421,2330195.1593279,10.0466445597489,1707851.67694023,7.36340846400972,1794768.85448565,7.7381521782604,15352744.039486,66.1934094936529,5965299.60787944,25.7194100729572,25.7194100729572,0.0001108893262674,4372100.29296698,18.8503256678649,18.8503256678649,0.0000812732448878546,4594608.26748327,19.8096695763466,19.8096695763466,0.0000854094594965297,39303024.7410842,169.455128303751,169.455128303751,0.000730606376929162,15271166.9961714,65.8416897867705,65.8416897867705,0.000283876675244542,65.8416897867705,0.000283876675244543,0.000283876675244542,0.00000000122393527579372,11192576.7499955,48.2568337097342,48.2568337097342,0.000208059506912908,48.2568337097342,0.000208059506912908,0.000208059506912908,0.000000000897049289997455,11762197.1647572,50.7127541154474,50.7127541154474,0.000218648216311116,50.7127541154474,0.000218648216311116,0.000218648216311116,0.000000000942702547513,100615743.337175,433.805128457603,433.805128457603,0.00187035232493866,433.805128457603,0.00187035232493866,0.00187035232493866,0.00000000806403057483755,13.7214564215308,13.4107410498275,13.4603809676135,15.6067976890623,14.661463010551,2.40212672209857,14.3507473948917,2.12386605501101,14.4003873569131,2.16769874606315,16.5468048459433,4.20757516970851,15.6014700075301,3.28539027031683,3.28539027031683,0.000110883178500486,15.2907542965754,2.98822041344017,2.98822041344017,0.0000812699423965927,15.3403942758763,3.03541776216063,3.03541776216063,0.0000854058123162036,17.4868120647431,5.1384720849823,5.1384720849823,0.000730339614014778,16.5414771638683,4.2023269844784,4.2023269844784,0.000283836389884927,4.2023269844784,0.000283836389884927,0.000283836389884927,0.00000000122393517468273,16.2307614156888,3.89704811352004,3.89704811352004,0.000208037865535474,3.89704811352004,0.000208037865535474,0.000208037865535474,0.000000000897049323309136,16.2804014017395,3.94570444577976,3.94570444577976,0.000218624316273613,3.94570444577976,0.000218624316273613,0.000218624316273613,0.000000000942702582218147,18.4268193077301,6.07489795015818,6.07489795015818,0.00186860539394069,6.07489795015818,0.00186860539394069,0.00186860539394069,0.00000000806403052190788,"Derek Schmidt","Republican"
"Kansas","KS","2003",3900828.73137448,1040442.58914159,2615435.56056347,21577062.632862,9986121.55231867,43.055197915496,2663533.02820248,11.483831944454,6695515.03504248,28.8677364349724,55237280.3401267,238.15572691539,25564471.1739358,110.22130666367,110.22130666367,0.000475219548254647,6818644.55219835,29.3986097778024,29.3986097778024,0.000126752208631971,17140518.4897087,73.9014052735294,73.9014052735294,0.000318626166686936,141407437.670725,609.678660903397,609.678660903398,0.00262863167372076,65445046.2052756,282.166545058994,282.166545058994,0.0012165620435319,282.166545058994,0.0012165620435319,0.0012165620435319,0.00000000524521149540626,17455730.0536278,75.260441031174,75.260441031174,0.000324485654097846,75.260441031174,0.000324485654097846,0.000324485654097846,0.00000000139902102980892,43879727.3336544,189.187597500235,189.187597500235,0.000815682986718554,189.187597500235,0.000815682986718555,0.000815682986718555,0.00000000351682004324451,362003040.437054,1560.7773719127,1560.7773719127,0.00672929708472515,1560.7773719127,0.00672929708472515,0.00672929708472515,0.0000000290133878600485,15.1766998401059,13.8551577082011,14.7769415863136,16.8871414396233,16.1167069423806,3.78544334577248,14.7951643810047,2.5244343626433,15.7169486118133,3.39677884880656,17.8271486698729,5.47711491679919,17.0567141398499,4.71152197014994,4.71152197014994,0.00047510666720594,15.7351714107118,3.41439687637314,3.41439687637314,0.000126744176249442,16.6569557792924,4.31617265234356,4.31617265234356,0.00031857541614995,18.7671559173325,6.41457089759043,6.41457089759043,0.00262518286392775,17.9967213745046,5.64603522298761,5.64603522298761,0.00121582263156187,5.64603522298761,0.00121582263156187,0.00121582263156187,0.00000000524521158463641,16.6751785798343,4.33415433766963,4.33415433766963,0.000324433020013655,4.33415433766963,0.000324433020013655,0.000324433020013655,0.00000000139902112019477,17.5969630022321,5.24801094031028,5.24801094031028,0.000815350498142345,5.24801094031028,0.000815350498142345,0.000815350498142345,0.00000000351681994018575,19.7071631715146,7.35357979265691,7.35357979265691,0.00670675643043354,7.35357979265691,0.00670675643043354,0.00670675643043354,0.0000000290133874935011,"Sharice Davids","Democrat"
"Kansas","KS","2004",956250.63338517,321183.616040453,324963.336977064,2924373.71054718,2448001.62146604,10.5545675322971,822230.057063561,3.54504775988045,831906.142661283,3.58676623669596,7486396.69900077,32.2776254886015,6266884.15095305,27.0196928826807,27.0196928826807,0.000116495500138351,2104908.94608271,9.07532226529395,9.07532226529395,0.0000391282836116103,2129679.72521289,9.18212156594164,9.18212156594164,0.0000395887491689873,19165175.549442,82.63072125082,82.63072125082,0.000356262642980566,16043223.4264398,69.1704137796625,69.1704137796625,0.00029822848035418,69.1704137796625,0.00029822848035418,0.00029822848035418,0.00000000128581313359895,5388566.90197175,23.2328249991525,23.2328249991525,0.000100168406045722,23.2328249991525,0.000100168406045722,0.000100168406045722,0.000000000431876432164694,5451980.09654498,23.5062312088106,23.5062312088106,0.000101347197872607,23.5062312088106,0.000101347197872607,0.000101347197872607,0.000000000436958797239243,49062849.4065715,211.534646402099,211.534646402099,0.000912032366030248,211.534646402099,0.000912032366030248,0.000912032366030248,0.00000000393223072832043,13.7707763722366,12.6797713646414,12.6914707229126,14.8885912416232,14.7107829934741,2.4470808161369,13.6197767258578,1.51403823579875,13.6314761061965,1.52317525218343,15.8285982917368,3.50488526390636,15.6507900030381,3.33290758020214,3.33290758020214,0.000116488715064431,14.5597832432252,2.31008909395086,2.31008909395086,0.0000391275181203125,14.5714826321841,2.3206333947078,2.3206333947078,0.000039587965555246,16.7686054688306,4.42641093166355,4.42641093166355,0.00035619919651373,16.5907971642923,4.250926766064,4.250926766064,0.00029818401908038,4.250926766064,0.00029818401908038,0.00029818401908038,0.00000000128581323283795,15.4997902122149,3.18770811900015,3.18770811900015,0.000100163389525974,3.18770811900015,0.000100163389525974,0.000100163389525974,0.000000000431876534441322,15.5114896045411,3.1989274202665,3.1989274202665,0.000101342062592284,3.1989274202665,0.000101342062592284,0.000101342062592284,0.000000000436958691356639,17.7086126955262,5.35910501696682,5.35910501696682,0.00091161671721623,5.35910501696682,0.00091161671721623,0.00091161671721623,0.00000000393223075549491,"Ron Estes","Republican"
"Kentucky","KY","2101",782665.773756381,607240.785360617,817423.212197509,7210272.71182957,2003624.38081633,8.63863350875498,1554536.41052318,6.70238915791883,2092603.42322562,9.02226696056028,18458298.1422837,79.5830168434841,5129278.41488981,22.1149017824128,22.1149017824128,0.000095348476196192,3979613.21093933,17.1581162442722,17.1581162442722,0.0000739772780537302,5357064.76345759,23.0970034190343,23.0970034190343,0.0000995828108291462,47253243.2442463,203.732523119319,203.732523119319,0.000878393484274077,13130952.7421179,56.6141485629766,56.6141485629766,0.000244092099062251,56.6141485629766,0.000244092099062251,0.000244092099062251,0.00000000105240393677102,10187809.8200047,43.9247775853368,43.9247775853368,0.000189381831817549,43.9247775853368,0.000189381831817549,0.000189381831817549,0.00000000081652042865536,13714085.7944515,59.1283287527279,59.1283287527279,0.000254931995722614,59.1283287527279,0.000254931995722614,0.000254931995722614,0.00000000109914018904376,120968302.70527,521.555259185458,521.555259185458,0.00224868731974164,521.555259185458,0.00224868731974164,0.00224868731974164,0.00000000969522322498292,13.5704623080887,13.3166823191659,13.613913470664,15.7910174713463,14.5104687879918,2.26577934637082,14.2566885741439,2.04153056098188,14.5539199836732,2.30480931363639,16.731024645323,4.38928791817238,15.4504757423471,3.1404775083467,3.1404775083467,0.0000953439308192708,15.1966954406376,2.89911763675043,2.89911763675043,0.0000739745418699137,15.4939269509605,3.18208749330666,3.18208749330666,0.000099577852790272,17.6710318708008,5.32170436191945,5.32170436191945,0.00087800792248417,16.3904828820353,4.05376817231246,4.05376817231246,0.000244062313432734,4.05376817231246,0.000244062313432734,0.000244062313432734,0.00000000105240394121653,16.1367025460049,3.80498948185796,3.80498948185796,0.000189363901342149,3.80498948185796,0.000189363901342149,0.000189363901342149,0.000000000816520406509971,16.4339340957004,4.09648109076414,4.09648109076414,0.000254899506083001,4.09648109076414,0.000254899506083001,0.000254899506083001,0.00000000109914011165548,18.6110391163964,6.25873073745347,6.25873073745347,0.00224616280626323,6.25873073745347,0.00224616280626323,0.00224616280626323,0.00000000969522324386335,"James Comer","Republican"
"Kentucky","KY","2102",658438.765148181,693614.028317501,644724.530256502,8212369.88261693,1685603.23877934,7.26748424525184,1775651.9124928,7.65572941615712,1650494.79745665,7.11611407799181,21023666.8994994,90.6436131910727,4315144.29127512,18.6047596678447,18.6047596678447,0.0000802144862219608,4545668.89598158,19.5986673053622,19.5986673053622,0.0000844997224689704,4225266.68148901,18.217252039659,18.217252039659,0.0000785437457309816,53820587.2627184,232.047649769146,232.047649769146,0.00100047425161939,11046769.3856643,47.6281847496824,47.6281847496824,0.000205349084728219,47.6281847496825,0.000205349084728219,0.00020534908472822,0.000000000885363295291213,11636912.3737128,50.1725883017273,50.1725883017273,0.000216319289520564,50.1725883017273,0.000216319289520564,0.000216319289520564,0.000000000932661371529654,10816682.7046119,46.6361652215271,46.6361652215271,0.000201071989071313,46.6361652215271,0.000201071989071313,0.000201071989071313,0.000000000866922582443203,137780703.392559,594.041983409014,594.041983409014,0.00256121408414564,594.041983409014,0.00256121408414564,0.00256121408414564,0.0000000110426834601509,13.3976283231618,13.4496723713382,13.3765799707264,15.9211522195956,14.3376346561696,2.11233026024778,14.3896787512799,2.15822146192943,14.3165862840478,2.09385147780266,16.861159403885,4.5179072849079,15.2776415531437,2.97577237695172,2.97577237695172,0.0000802112692121073,15.3296856665877,3.02522637978834,3.02522637978834,0.0000844961525684873,15.2565931733319,2.95580841931722,2.95580841931722,0.000078540661332417,17.8011666333913,5.45124293810429,5.45124293810429,0.00099997411081288,16.2176486704175,3.88420329593126,3.88420329593126,0.000205328003490906,3.88420329593126,0.000205328003490906,0.000205328003490906,0.000000000885363337806952,16.269692791023,3.93520400394399,3.93520400394399,0.000216295895876689,3.93520400394399,0.000216295895876689,0.000216295895876689,0.000000000932661281103643,16.1966002876017,3.86359224631705,3.86359224631705,0.00020105177680824,3.86359224631705,0.00020105177680824,0.00020105177680824,0.000000000866922533384085,18.7411738805604,6.38863196340765,6.38863196340765,0.00255793976498307,6.38863196340765,0.00255793976498307,0.00255793976498307,0.0000000110426833733554,"Brett Guthrie","Republican"
"Kentucky","KY","2103",1535539.72135554,2082686.35658001,991584.10152751,24370905.6529407,3930981.68667018,16.948441257705,5331677.07284482,22.9875443023769,2538455.29991043,10.9445588825129,62389518.4715282,268.992626573871,10063313.1178756,43.3880096197248,43.3880096197248,0.000187067554860971,13649093.3064827,58.8481134140848,58.8481134140848,0.000253723846312353,6498445.5677707,28.0180707392331,28.0180707392331,0.000120800009750327,159717167.287112,688.621124029109,688.621124029109,0.00296899237892618,25762081.5817617,111.073304626496,111.073304626496,0.000478892940444085,111.073304626496,0.000478892940444085,0.000478892940444085,0.0000000020647485836347,34941678.8645958,150.651170340057,150.651170340057,0.000649533046559624,150.651170340057,0.000649533046559624,0.000649533046559624,0.0000000028004639965339,16636020.653493,71.7262610924367,71.7262610924367,0.000309248024960838,71.7262610924367,0.000309248024960838,0.000309248024960838,0.00000000133332393861895,408875948.255007,1762.87007751452,1762.87007751452,0.00760062049005103,1762.87007751452,0.00760062049005103,0.00760062049005103,0.000000032770101762254,14.2443931384433,14.5491696161216,13.8070600543505,17.0089006285589,15.1844000000876,2.88750327315279,15.4891765820223,3.17753470822641,14.7470666982954,2.48027585104715,17.9489078620462,5.59839464963982,16.1244071035605,3.79296937935733,3.79296937935733,0.000187050059907726,16.4291837262205,4.09180990960381,4.09180990960381,0.00025369166386071,15.6870737167296,3.36791876486132,3.36791876486132,0.00012079271401671,18.8889151107704,6.53614235117312,6.53614235117312,0.0029645936254794,17.0644143014979,4.71915316279343,4.71915316279343,0.000478778307816183,4.71915316279343,0.000478778307816183,0.000478778307816183,0.00000000206474859218989,17.3691909400661,5.02158295148072,5.02158295148072,0.000649322191270439,5.02158295148072,0.000649322191270439,0.000649322191270439,0.00000000280046407893143,16.6270808814486,4.28670254479382,4.28670254479382,0.000309200217646393,4.28670254479382,0.000309200217646393,0.000309200217646393,0.00000000133332389484694,19.8289223654466,7.47526558165163,7.47526558165163,0.0075718813060242,7.47526558165163,0.0075718813060242,0.0075718813060242,0.000000032770101206356,"Morgan McGarvey","Democrat"
"Kentucky","KY","2104",1326628.11144741,1794059.75713081,1532679.98913715,19466028.8122751,3396167.96530536,14.6425900320168,4592792.97825488,19.8018429505047,3923660.77219111,16.916877109385,49833033.7594242,214.855298926682,8694189.99118173,37.4850304819631,37.4850304819631,0.000161616839712369,11757550.0243325,50.692717953292,50.692717953292,0.000218561830328075,10044571.5768092,43.3072054000256,43.3072054000256,0.000186719167185803,127572566.424126,550.029565252305,550.029565252305,0.00237145438969883,22257126.3774253,95.9616780338255,95.9616780338255,0.000413739109663665,95.9616780338255,0.000413739109663665,0.000413739109663665,0.00000000178383761489605,30099328.0622912,129.773357960427,129.773357960427,0.000559518285639871,129.773357960427,0.000559518285639871,0.000559518285639871,0.00000000241236504075701,25714103.2366316,110.866445824066,110.866445824066,0.000478001067995656,110.866445824066,0.000478001067995656,0.000478001067995656,0.00000000206090327246146,326585770.045762,1408.0756870459,1408.0756870459,0.006070923237629,1408.0756870459,0.006070923237629,0.006070923237629,0.0000000261748067211549,14.0981517802376,14.3999921878785,14.2425290403981,16.7841814434723,15.0381585793881,2.74999732447662,15.3399991067075,3.03504158617187,15.1825359013018,2.88574312391078,17.7241886706593,5.37460827081613,15.9781656584494,3.65026934703386,3.65026934703386,0.00016160378111781,16.2800062325183,3.94531691962654,3.94531691962654,0.000218537949170861,16.1225430044856,3.79114731393844,3.79114731393844,0.00018670173733175,18.6641959169224,6.3117884651586,6.3117884651586,0.00236864692937104,16.918172846851,4.57431582862572,4.57431582862572,0.000413653543238896,4.57431582862572,0.000413653543238896,0.000413653543238896,0.00000000178383752054914,17.2200134391813,4.87346573295859,4.87346573295859,0.000559361813647195,4.87346573295859,0.000559361813647195,0.000559361813647195,0.00000000241236497153699,17.0625502023099,4.71730571176386,4.71730571176386,0.000477886861877483,4.71730571176386,0.000477886861877483,0.000477886861877483,0.00000000206090322372973,19.6042031706372,7.250689227309,7.250689227309,0.00605256942873437,7.250689227309,0.00605256942873437,0.00605256942873437,0.0000000261748064239166,"Thomas Massie","Republican"
"Kentucky","KY","2105",967197.601927655,436886.444566354,750454.012596263,6476422.94853169,2476025.8609348,10.6753941385463,1118429.29808987,4.82211182103703,1921162.27224644,8.28309783993651,16579642.7482411,71.4831875572347,6338626.20399308,27.3290089946786,27.3290089946786,0.000117829117634469,2863179.00311006,12.3446062618548,12.3446062618548,0.000053223812969673,4918175.41695088,21.2047304702375,21.2047304702375,0.0000914242694080608,42443885.4354973,182.996960146521,182.996960146521,0.000788992032168202,16226883.0822223,69.9622630263773,69.9622630263773,0.00030164254114424,69.9622630263773,0.00030164254114424,0.00030164254114424,0.00000000130053286860732,7329738.24796176,31.6021920303483,31.6021920303483,0.000136252961202363,31.6021920303483,0.000136252961202363,0.000136252961202363,0.000000000587455117625523,12590529.0673942,54.2841100038081,54.2841100038081,0.000234046129684636,54.284110003808,0.000234046129684636,0.000234046129684636,0.00000000100909070474794,108656346.714873,468.472217975094,468.472217975094,0.0020198196023506,468.472217975094,0.0020198196023506,0.0020198196023506,0.00000000870845926290687,13.7821591327974,12.9874308769811,13.5284349850162,15.6836790562033,14.7221657612475,2.4574835621754,13.9274367406615,1.76166305177537,14.4684414314999,2.22819531005163,16.6236862206035,4.28335463920637,15.6621727736289,3.3438863324568,3.3438863324568,0.000117822176329243,14.8674434543044,2.59111227787681,2.59111227787681,0.0000532223966326932,15.4084483728007,3.10030535042394,3.10030535042394,0.0000914200904642978,17.5636934423406,5.21491923652969,5.21491923652969,0.000788680941576033,16.6021799359836,4.26214822907083,4.26214822907083,0.000301597056179432,4.26214822907083,0.000301597056179432,0.000301597056179432,0.000000001300532791724,15.8074504999643,3.48437952630687,3.48437952630687,0.000136243679610712,3.48437952630687,0.000136243679610712,0.000136243679610712,0.000000000587455195427221,16.3484555073896,4.01248552553446,4.01248552553446,0.000234018745161918,4.01248552553446,0.000234018745161918,0.000234018745161918,0.00000000100909081040147,18.5037006864748,6.15160912325552,6.15160912325552,0.00201778250931672,6.15160912325552,0.00201778250931672,0.00201778250931672,0.00000000870845924910261,"Harold Rogers","Republican"
"Kentucky","KY","2106",7862333.11343324,3175632.49822856,6794295.34402036,52085784.803468,20127572.7703891,86.7801002268429,8129619.19546511,35.0508815263814,17393396.0806921,74.9916878893718,133339609.096878,574.89418985772,51526586.292196,222.157056580718,222.157056580718,0.000957830924578117,20811825.1403907,89.7302567075364,89.7302567075364,0.000386872314873256,44527093.9665719,191.978720996792,191.978720996792,0.000827716925412495,341349399.288008,1471.72912603576,1471.72912603576,0.00634536526192762,131908060.908022,568.722064846638,568.722064846638,0.00245204716691998,568.722064846638,0.00245204716691998,0.00245204716691998,0.0000000105720099156372,53278272.3594001,229.709457171293,229.709457171293,0.000990393126075537,229.709457171293,0.000990393126075537,0.000990393126075537,0.00000000427008341866499,113989360.554424,491.465525751788,491.465525751788,0.00211895532905599,491.465525751788,0.00211895532905599,0.00211895532905599,0.0000000091358832944926,873854462.177299,3767.62656265155,3767.62656265155,0.0162441350705347,3767.62656265155,0.0162441350705347,0.0162441350705347,0.0000000700366450341806,15.8775940813178,14.9710176974072,15.7315940452413,17.7684026442307,16.8176012623037,4.47483482605532,15.9110247640078,3.58493131631358,16.6716012140436,4.33062396442832,18.7084098910227,6.35592394565764,17.7576084905195,5.40787581316422,5.40787581316422,0.00095737249724532,16.8510319475419,4.50789089253427,4.50789089253427,0.000386797499074699,17.6116084375002,5.26257992892385,5.26257992892385,0.000827374556668106,19.6484171449441,7.29487250684066,7.29487250684066,0.00632531819107378,18.6976157371845,6.34514863637815,6.34514863637815,0.00244904580458575,6.34514863637815,0.00244904580458575,0.00244904580458575,0.0000000105720098782674,17.7910391767531,5.44115915771312,5.44115915771312,0.000989903010381544,5.44115915771312,0.000989903010381544,0.000989903010381544,0.00000000427008338886682,18.5516156823062,6.19942445968861,6.19942445968861,0.00211671350953104,6.19942445968861,0.00211671350953104,0.00211671350953104,0.00000000913588334140568,20.5884244016504,8.23446590707717,8.23446590707717,0.0161136107149248,8.23446590707717,0.0161136107149248,0.0161136107149248,0.0000000700366424754297,"Andy Barr","Republican"
"Louisiana","LA","2201",2767417.09063826,5185328.91856011,2233791.74621075,27963343.0230386,7084587.75203393,30.5452248117985,13274442.0315139,57.2328031348571,5718506.87029952,24.6553623237944,71586158.1389789,308.643970588169,18136544.6452069,78.1957755182041,78.1957755182041,0.00033714135898038,33982571.6006755,146.515976025234,146.515976025234,0.000631704141843118,14639377.5879668,63.1177275489138,63.1177275489138,0.000272132302551821,183260564.835786,790.128564705713,790.128564705713,0.00340664206357396,46429554.2917296,200.181185326603,200.181185326603,0.000863081878989772,200.181185326603,0.000863081878989772,0.000863081878989772,0.0000000037211805326518,86995383.2977293,375.0808986246,375.0808986246,0.00161716260311838,375.0808986246,0.00161716260311838,0.00161716260311838,0.00000000697240220580271,37476806.6251949,161.581382525219,161.581382525219,0.000696658694532661,161.581382525219,0.000696658694532661,0.000696658694532661,0.00000000300364639219621,469147045.97961,2022.72912564662,2022.72912564662,0.00872100368274934,2022.72912564662,0.00872100368274934,0.00872100368274934,0.0000000376006378067128,14.8334253462483,15.4613440270449,14.6192114817968,17.1464050684301,15.7734323845435,3.45142222449887,16.4013511680173,4.06444882370562,15.5592184674899,3.24475260722519,18.0864123051296,5.73542315549473,16.7134395570208,4.37192295798117,4.37192295798117,0.000337084539602779,17.3413583806029,4.99393648195004,4.99393648195004,0.000631504700769108,16.4992256194194,4.16072088651622,4.16072088651622,0.000272095281273112,19.0264195551086,6.67346048895445,6.67346048895445,0.00340085260318619,17.653446781913,5.30420592155981,5.30420592155981,0.000862709637992524,5.30420592155981,0.000862709637992524,0.000862709637992524,0.00000000372118046794576,18.2813656211624,5.92980427616367,5.92980427616367,0.00161585640371076,5.92980427616367,0.00161585640371076,0.00161585640371076,0.00000000697240218684006,17.4392328362852,5.09117869194336,5.09117869194336,0.000696416140509434,5.09117869194336,0.000696416140509434,0.000696416140509434,0.00000000300364643816764,19.9664268102749,7.6126971902489,7.6126971902489,0.0086831953886334,7.6126971902489,0.0086831953886334,0.0086831953886334,0.0000000376006370076149,"Steve Scalise","Republican"
"Louisiana","LA","2202",1728097.86918349,3004168.96028698,2139292.4973783,21323290.9402751,4423930.54510973,19.0737919808198,7690672.53833466,33.1583614826304,5476588.79328845,23.6123316906825,54587624.8071042,235.354734818043,11325262.1954809,48.8289074708986,48.8289074708986,0.000210526004930197,19688121.6981367,84.885405395534,84.885405395534,0.00036598372153734,14020067.3108184,60.4475691281473,60.4475691281473,0.00026061990520421,139744319.506187,602.508121134192,602.508121134192,0.00259771586648703,28992671.2204311,125.002003125501,125.002003125501,0.000538946572621304,125.002003125501,0.000538946572621303,0.000538946572621303,0.00000000232367002830049,50401591.5472301,217.306637812567,217.306637812567,0.000936918327135591,217.306637812567,0.000936918327135591,0.000936918327135591,0.00000000403952663645597,35891372.3156952,154.745776968057,154.745776968057,0.000667186957322777,154.745776968057,0.000667186957322777,0.000667186957322777,0.00000000287657889438567,357745457.935838,1542.42079010353,1542.42079010353,0.00665015261820678,1542.42079010353,0.00665015261820678,0.00665015261820678,0.0000000286721562165109,14.362532442672,14.9155118682574,14.5759861910774,16.8753105515468,15.302539348536,2.99941508272059,15.8555189239058,3.53100740180481,15.5159931647201,3.20324760557447,17.8153177814603,5.46533379011683,16.2425464692824,3.90859528692549,3.90859528692549,0.000210503847440489,16.7955261031616,4.45301391229132,4.45301391229132,0.000365916765831041,16.4560003119425,4.11818427669659,4.11818427669659,0.000260585949736232,18.7553250287886,6.40275949717313,6.40275949717313,0.00259434763450422,17.1825536739672,4.83629780464654,4.83629780464654,0.00053880139307759,4.83629780464654,0.00053880139307759,0.00053880139307759,0.00000000232366992044354,17.7355333307017,5.38590066993085,5.38590066993085,0.000936479693114421,5.38590066993085,0.000936479693114421,0.000936479693114421,0.00000000403952670496991,17.3960075269695,5.04822504313019,5.04822504313019,0.000666964487052039,5.04822504313019,0.000666964487052039,0.000666964487052039,0.00000000287657897088223,19.6953322829194,7.34175652426032,7.34175652426032,0.00662813790020973,7.34175652426032,0.00662813790020973,0.00662813790020973,0.0000000286721557937879,"Troy A. Carter","Democrat"
"Louisiana","LA","2203",387612.009259053,2120312.03939516,371183.927238864,7408879.71898306,992286.743703177,4.2782477576736,5427998.8208516,23.4028358549853,950230.853731491,4.09692364132306,18966732.0805966,81.7751315425023,2540254.06388013,10.9523142596444,10.9523142596444,0.0000472209411442834,13895676.9813801,59.9112597887623,59.9112597887623,0.000258307605616209,2432590.98555262,10.488124521787,10.488124521787,0.0000452195854699023,48554834.1263274,209.344336748806,209.344336748806,0.000902588838317842,6503050.40353314,28.0379245046897,28.0379245046897,0.000120885609329365,28.0379245046897,0.000120885609329365,0.000120885609329365,0.000000000521198726406717,35572933.072333,153.372825059232,153.372825059232,0.000661267470377496,153.372825059232,0.000661267470377496,0.000661267470377496,0.00000000285105700576735,6227432.92301471,26.8495987757748,26.8495987757748,0.00011576213880295,26.8495987757748,0.00011576213880295,0.00011576213880295,0.000000000499108865355725,124300375.363398,535.921502076942,535.921502076942,0.00231062742609368,535.921502076942,0.00231062742609368,0.00231062742609368,0.00000000996227820963555,12.8677627220554,14.5670742958396,12.824455673571,15.8181899357933,13.8077684084234,1.66359417856213,15.5070812669324,3.19469934911069,13.7644612903592,1.62863715014368,16.7581971120355,4.41612767258943,14.7477750528035,2.48092492152241,2.48092492152241,0.0000472198262706326,16.4470884131588,4.10941804742489,4.10941804742489,0.000258274249950513,14.7044679075596,2.44131385153917,2.44131385153917,0.0000452185630952458,17.6982043383983,5.34874588668292,5.34874588668292,0.00090218174994951,15.6877820714076,3.36860271717829,3.36860271717829,0.000120878303252847,3.36860271717829,0.000120878303252847,0.000120878303252847,0.000000000521198639666554,17.3870956277967,5.03937061859786,5.03937061859786,0.000661048929381129,5.03937061859786,0.000661048929381129,0.000661048929381129,0.00000000285105694202063,15.6444749155467,3.32681855965461,3.32681855965461,0.000115755438883713,3.32681855965461,0.000115755438883713,0.000115755438883713,0.000000000499108976246066,18.6382115843396,6.28585190519606,6.28585190519606,0.00230796203157551,6.28585190519606,0.00230796203157551,0.00230796203157551,0.00000000996227806393871,"Clay Higgins","Republican"
"Louisiana","LA","2204",312753.727302251,789720.302141604,303573.951687042,4349451.29177493,800649.541893764,3.45200329342908,2021683.97348251,8.71649750554709,777149.316318829,3.35068198886789,11134595.3069438,48.0068465157133,2049662.82724803,8.83712843117844,8.83712843117844,0.0000381013100647368,5175510.97211522,22.3142336142006,22.3142336142005,0.0000962078960844358,1989502.2497762,8.57774589150178,8.57774589150178,0.0000369829813399067,28504563.9857762,122.897527080226,122.897527080226,0.000529873116809355,5247136.83775497,22.6230487838168,22.6230487838168,0.0000975393537657263,22.6230487838168,0.0000975393537657263,0.0000975393537657263,0.000000000420541264086439,13249308.088615,57.1244380523534,57.1244380523534,0.000246292213976155,57.1244380523534,0.000246292213976155,0.000246292213976155,0.00000000106188973989876,5093125.75942707,21.9590294822446,21.9590294822446,0.0000946764322301612,21.9590294822446,0.0000946764322301612,0.0000946764322301612,0.000000000408197767896803,72971683.803587,314.617669325378,314.617669325378,0.00135647517903195,314.617669325378,0.00135647517903195,0.00135647517903195,0.00000000584844746728701,12.6531745434899,13.5794353801017,12.6233838167753,15.2855604852007,13.5931798535677,1.49335417317697,14.5194418669599,2.27382521459919,13.5633890679351,1.47033261186213,16.2255676035884,3.8919600131605,14.533186350959,2.28616384237489,2.28616384237489,0.0000381005842282867,15.459448824032,3.14906405878717,3.14906405878717,0.0000962032684016199,14.5033955423116,2.25944227113434,2.25944227113434,0.0000369822974862121,17.1655748073518,4.81945482943854,4.81945482943854,0.000529732783619675,15.4731933121456,3.16222287880778,3.16222287880778,0.0000975345971122015,3.16222287880778,0.0000975345971122015,0.0000975345971122015,0.000000000420541157364731,16.3994559647815,4.06258619594429,4.06258619594429,0.00024626188902786,4.06258619594429,0.00024626188902786,0.00024626188902786,0.0000000010618896867289,15.4434024945079,3.13371130062088,3.13371130062088,0.0000946719506997187,3.13371130062088,0.0000946719506997187,0.0000946719506997187,0.000000000408197697782063,18.1055820444651,5.75453157386011,5.75453157386011,0.00135555599771357,5.75453157386011,0.00135555599771357,0.00135555599771357,0.00000000584844748696216,"Mike Johnson","Republican"
"Louisiana","LA","2205",647299.840063503,1493092.78249793,660541.045279258,9847753.50279262,1657087.59056257,7.14453892847097,3822317.52319471,16.4799353377393,1690985.0759149,7.29068805483961,25210248.9671491,108.694076383189,4242144.23184017,18.2900196568857,18.2900196568857,0.0000788574835665485,9785132.85937847,42.1886344646127,42.1886344646127,0.000181896444694953,4328921.79434215,18.6641614203894,18.6641614203894,0.0000804705970853165,64538237.3559017,278.256835540963,278.256835540963,0.0011997053173035,10859889.2335108,46.8224503216273,46.8224503216273,0.000201875157930364,46.8224503216273,0.000201875157930364,0.000201875157930364,0.000000000870385447781346,25049940.1200089,108.002904229409,108.002904229409,0.000465654898419081,108.002904229409,0.000465654898419081,0.000465654898419081,0.00000000200767271925491,11082039.7935159,47.780253236197,47.780253236197,0.00020600472853841,47.780253236197,0.00020600472853841,0.00020600472853841,0.000000000888190105866463,165217887.631108,712.337498984867,712.337498984867,0.00307124561229696,712.337498984867,0.00307124561229696,0.00307124561229696,0.0000000132416861733314,13.380566442329,14.2163608893496,13.4008160576623,16.1027540178997,14.3205727594108,2.09734763252919,15.1563677397119,2.86105367100655,14.3408223936155,2.11513296387429,17.0427612145116,4.69769536749313,15.2605796501638,2.95958784593659,2.95958784593659,0.0000788543744787105,16.0963748387779,3.7655773695386,3.7655773695386,0.000181879903542431,15.2808292917403,2.97879776171947,2.97879776171947,0.0000804673595005684,17.9827684488313,5.63213191586266,5.63213191586266,0.00119898624593758,16.2005867650075,3.86749520123661,3.86749520123661,0.000201854783882733,3.86749520123661,0.000201854783882733,0.000201854783882733,0.000000000870385541039487,17.0363820349937,4.69137452618069,4.69137452618069,0.000465546514821707,4.69137452618069,0.000465546514821707,0.000465546514821707,0.00000000200767269274395,16.2208364094635,3.88732558416825,3.88732558416825,0.000205983512477977,3.88732558416825,0.000205983512477977,0.000205983512477977,0.000000000888190187669745,18.9227756978807,6.56995465902915,6.56995465902915,0.0030665389718616,6.56995465902915,0.0030665389718616,0.0030665389718616,0.0000000132416861043182,"Julia Letlow","Republican"
"Louisiana","LA","2206",623166.807933569,995472.092694037,607644.383990341,7183184.7163094,1595307.02830994,6.8781718187596,2548408.55729674,10.987472386462,1555569.62301527,6.70684385718349,18388952.8737521,79.2840344762567,4083985.99247344,17.6081198560246,17.6081198560246,0.0000759174701959126,6523925.90667965,28.1279293093428,28.1279293093428,0.000121273665358664,3982258.2349191,17.1695202743897,17.1695202743897,0.0000740264465693719,47075719.3568053,202.967128259217,202.967128259217,0.000875093481664201,10455004.140732,45.0767868314229,45.0767868314229,0.000194348723701536,45.0767868314229,0.000194348723701536,0.000194348723701536,0.0000000008379352003432,16701250.3210999,72.0074990319175,72.0074990319175,0.00031046058331818,72.0074990319175,0.000310460583318179,0.000310460583318179,0.00000000133855188820738,10194581.0813929,43.9539719024377,43.9539719024377,0.000189507703217592,43.9539719024377,0.000189507703217592,0.000189507703217592,0.000000000817063123635822,120513841.553421,519.595848343596,519.595848343596,0.00224023931306035,519.595848343596,0.00224023931306035,0.00224023931306035,0.00000000965879961470054,13.3425711161287,13.8109733731849,13.317346740776,15.787253535701,14.282577396753,2.06409587425752,14.7509800195301,2.48386213667923,14.2573529964205,2.04210874672083,16.727260709359,4.38557077772589,15.2225842732649,2.92359803685749,2.92359803685749,0.0000759145886105635,15.6909870389018,3.37169748397314,3.37169748397314,0.000121266312302162,15.1973598631746,2.89974547998963,2.89974547998963,0.0000740237067471026,17.6672679347123,5.31795884487619,5.31795884487619,0.000874710810595687,16.1625913825456,3.83030928373551,3.83030928373551,0.000194329840434882,3.83030928373551,0.000194329840434882,0.000194329840434882,0.000000000837935276369646,16.6309942039871,4.29056216233701,4.29056216233701,0.000310412400403626,4.29056216233701,0.000310412400403626,0.000310412400403626,0.00000000133855193506292,16.1373669686437,3.80563911969325,3.80563911969325,0.00018948974890118,3.80563911969325,0.00018948974890118,0.00018948974890118,0.000000000817063083523965,18.6072751802593,6.25497401777568,6.25497401777568,0.00223773371836046,6.25497401777568,0.00223773371836046,0.00223773371836046,0.00000000965879949131314,"Cleo Fields","Democrat"
"Maine","ME","2301",1174731.68353171,725481.029492633,1438555.34179867,15773804.5163276,3007313.10984117,12.9660409659257,1857231.43550114,8.00745981424747,3682701.67500459,15.8779811211326,40380939.5617987,174.102561814225,7698721.5611934,33.1930648727698,33.1930648727698,0.000143112015013193,4754512.47488292,20.4990971244735,20.4990971244735,0.0000883819287757672,9427716.28801176,40.6476316700995,40.6476316700995,0.000175252405769682,103375205.278205,445.702558244417,445.702558244417,0.00192164813497594,19708727.1966551,84.9742460742906,84.9742460742906,0.000366366758433774,84.9742460742906,0.000366366758433774,0.000366366758433774,0.00000000157959155728105,12171551.9357003,52.4776886386523,52.4776886386523,0.000226257737665964,52.4776886386522,0.000226257737665964,0.000226257737665964,0.000000000975511025384882,24134953.6973101,104.057937075455,104.057937075455,0.000448646158770386,104.057937075455,0.000448646158770386,0.000448646158770386,0.00000000193433947891421,264640525.512204,1140.9985491057,1140.9985491057,0.00491941922553842,1140.9985491057,0.00491941922553842,0.00491941922553842,0.0000000212100931553025,13.9765511763003,13.4945915811755,14.1791506282548,16.573861243482,14.9165579160566,2.63662873768073,14.4345979997079,2.19805310226435,15.1191574631444,2.8260098801863,17.5138684633414,5.16537186976288,15.8565649719171,3.53202284200765,3.53202284200765,0.000143101775465772,15.3746049300901,3.0680109400413,3.0680109400413,0.0000883780233232503,16.0591645561664,3.72924450433343,3.72924450433343,0.000175237050860754,18.4538757067422,6.10189295532716,6.10189295532716,0.00191980413117171,16.7965721512558,4.4540477871527,4.4540477871527,0.000366299662520177,4.4540477871527,0.000366299662520177,0.000366299662520177,0.00000000157959156740917,16.3146120604139,3.97926453212722,3.97926453212722,0.000226232145244258,3.97926453212722,0.000226232145244258,0.000226232145244258,0.000000000975511004831983,16.9991717500213,4.65451197965299,4.65451197965299,0.00044854554717415,4.65451197965299,0.00044854554717415,0.00044854554717415,0.00000000193433957553213,19.3938829593389,7.04053511972978,7.04053511972978,0.00490735842137489,7.04053511972978,0.00490735842137489,0.00490735842137489,0.0000000212100930123665,"Chellie Pingree","Democrat"
"Maine","ME","2302",3958609.05529832,2138545.26849399,3302675.33215768,31950308.692515,10134039.1815637,43.6929452900868,5474675.88734462,23.6040841900313,8454848.85032365,36.453110318066,81792790.2528384,352.649900559135,25943140.3048031,111.853939942622,111.853939942622,0.000482258652333288,14015170.2716022,60.4264555264802,60.4264555264802,0.000260528873836954,21644413.0568285,93.3199624142489,93.3199624142489,0.000402349343552625,209389543.047266,902.783745431385,902.783745431385,0.00389235526833898,66414439.1802959,286.346086253113,286.346086253113,0.00123458214997322,286.346086253113,0.00123458214997322,0.00123458214997322,0.00000000532290524720214,35878835.8953017,154.691726147789,154.691726147789,0.000666953917022604,154.691726147789,0.000666953917022604,0.000666953917022604,0.00000000287557414031837,55409697.4254811,238.899103780477,238.899103780477,0.00103001431949472,238.899103780477,0.00103001431949472,0.00103001431949472,0.00000000444091033233449,536037230.201002,2311.12638830434,2311.12638830434,0.00996442948694779,2311.12638830434,0.00996442948694779,0.00996442948694778,0.0000000429616724999635,15.1914035254803,14.575636842372,15.0102437074908,17.2796924317773,16.1314106300352,3.79981566567609,15.5156438159152,3.20291245314287,15.9502507814728,3.62308975906638,18.2196996711962,5.86830744229755,17.0714178283951,4.72609441574778,4.72609441574778,0.000482142403002654,16.4556509630987,4.11784061412129,4.11784061412129,0.000260494942083162,16.8902579678902,4.54669285773719,4.54669285773719,0.000402268422760306,19.1597069222374,6.80659011211904,6.80659011211904,0.00388479965331713,18.0114250633977,5.66068736472219,5.66068736472219,0.00123382068009775,5.66068736472219,0.00123382068009775,0.00123382068009775,0.00000000532290521353374,17.3956581781105,5.04787793772208,5.04787793772208,0.000666731602102536,5.04787793772208,0.000666731602102536,0.000666731602102536,0.00000000287557421904783,17.8302651982278,5.48021843403407,5.48021843403407,0.00102948421872197,5.48021843403407,0.00102948421872197,0.00102948421872197,0.00000000444091029629739,20.0997141778187,7.74592289451973,7.74592289451973,0.00991511190323356,7.74592289451973,0.00991511190323356,0.00991511190323356,0.0000000429616715189243,"Jared F. Golden","Democrat"
"Montana","MT","3001",264879.886716697,5801541.830865,454120.945260276,19909896.0293851,678092.509994744,2.92359822278153,14851947.0870144,64.0342216857359,1162549.61986631,5.0123367423168,50969333.8352259,219.754460668176,1735916.82558654,7.48441145032071,7.48441145032071,0.0000322690660819907,38020984.5427569,163.927607515484,163.927607515484,0.000706774451764422,2976127.02685775,12.831582060331,12.831582060331,0.000055323410823915,130481494.618178,562.57141931053,562.57141931053,0.00242552863723078,4443947.07350156,19.160093312821,19.160093312821,0.0000826088091698961,19.160093312821,0.0000826088091698961,0.0000826088091698961,0.000000000356168168967209,97333720.4294575,419.654675239639,419.654675239639,0.00180934259651692,419.654675239639,0.00180934259651692,0.00180934259651692,0.00000000780098691787761,7618885.18875582,32.8488500744473,32.8488500744473,0.000141627931709223,32.8488500744473,0.000141627931709223,0.000141627931709223,0.000000000610629321719711,334032626.222536,1440.18283343496,1440.18283343496,0.00620935331131078,1440.18283343496,0.00620935331131078,0.00620935331131078,0.0000000267716484668316,12.4870355198322,15.5736344454651,13.0261210428513,16.8067275042231,13.4270404777586,1.36700914675184,16.5136415989198,4.17491361882259,13.9661269594667,1.79381348201821,17.746734732108,5.39705104615727,14.3670468375905,2.13823053273543,2.13823053273543,0.0000322685454467787,17.4536488163813,5.1055066352946,5.1055066352946,0.000706524804324232,14.9061336937873,2.62695453250597,2.62695453250597,0.0000553218805403629,18.6867419786437,6.33429406779214,6.33429406779214,0.00242259179062415,15.3070537450428,3.00370507180461,3.00370507180461,0.0000826053972501073,3.00370507180461,0.0000826053972501073,0.0000826053972501073,0.000000000356168205975914,18.3936560588454,6.04181224825727,6.04181224825727,0.00180770770795305,6.04181224825727,0.00180770770795305,0.00180770770795305,0.00000000780098693708227,15.8461407475244,3.52190502756847,3.52190502756847,0.000141617903420569,3.52190502756847,0.000141617903420569,0.000141617903420569,0.00000000061062932469555,19.626749232465,7.27321946750336,7.27321946750336,0.00619015470998309,7.27321946750336,0.00619015470998309,0.00619015470998309,0.0000000267716480953001,"Ryan K. Zinke","Republican"
"Montana","MT","3002",236595.813058979,589777.265032068,64945.901832304,2978912.22432633,605685.281430986,2.61141420419212,1509829.79848209,6.50963644411741,166261.508690698,0.716837074824596,7626015.2942754,32.8795915492727,1550554.32046333,6.68522036273183,6.68522036273183,0.0000288233509193858,3865164.28411416,16.6646692969406,16.6646692969406,0.0000718497798186194,425629.462248187,1.83510291155097,1.83510291155097,0.00000791205260602744,19522599.153345,84.1717543661382,84.1717543661382,0.000362906812634093,3969419.06038612,17.1141641285935,17.1141641285935,0.0000737877783536276,17.1141641285935,0.0000737877783536276,0.0000737877783536276,0.000000000318136263825323,9894820.56733223,42.6615534001679,42.6615534001679,0.000183935436335666,42.6615534001679,0.000183935436335666,0.000183935436335666,0.000000000793038275532146,1089611.42335536,4.69786345357047,4.69786345357047,0.0000202548546714303,4.69786345357047,0.0000202548546714303,0.0000202548546714303,0.0000000000873288765872824,49977853.8325633,215.479691177314,215.479691177313,0.000929041440343278,215.479691177314,0.000929041440343278,0.000929041440343278,0.00000000400556541156759,12.3741127606934,13.2875019232636,11.0813253201497,14.9070691021427,13.3141174435974,1.28409944194584,14.2275081485272,2.01618705503268,12.0213231959325,0.540483687969018,15.8470761560713,3.52281281390459,14.2541236959983,2.03929905097527,2.03929905097527,0.000028822935534563,15.1675150034138,2.87156655982866,2.87156655982866,0.000071847198746869,12.9613267892795,1.04207823689158,1.04207823689158,0.00000791202130585082,16.7870833346554,4.44466985734566,4.44466985734566,0.000362840977884177,15.1941305614853,2.89669418078139,2.89669418078139,0.0000737850561694424,2.89669418078139,0.0000737850561694424,0.0000737850561694424,0.000000000318136184012573,16.107522104247,3.77646792997049,3.77646792997049,0.000183918522287429,3.77646792997049,0.000183918522287429,0.000183918522287429,0.000000000793038301379627,13.9013326160702,1.74009127186623,1.74009127186623,0.0000202546495446986,1.74009127186623,0.0000202546495446986,0.0000202546495446986,0.0000000000873288108455721,17.727090561933,5.37749673785694,5.37749673785694,0.00092861014844909,5.37749673785694,0.00092861014844909,0.00092861014844909,0.00000000400556542687244,"Troy Downing","Republican"
"Nebraska","NE","3101",626456.435826213,1663050.15454723,1918166.41340488,20443285.4609072,1603728.47571511,6.91448091863034,4257408.39564092,18.355831152371,4910506.01831649,21.1716638312659,52334810.7799224,225.641719279534,4105544.89783067,17.7010711516937,17.7010711516937,0.0000763182300315072,10898965.4928407,46.9909277500696,46.9909277500696,0.000202601548950929,12570895.4068902,54.1994594080408,54.1994594080408,0.00023368115834563,133977115.596601,577.642801355607,577.642801355607,0.00249050895350383,10510194.9384465,45.3147421483358,45.3147421483358,0.000195374668880658,45.3147421483358,0.000195374668880658,0.000195374668880658,0.00000000084235856656262,27901351.6616723,120.296775040178,120.296775040178,0.000518659965314379,120.296775040178,0.000518659965314379,0.000518659965314379,0.00000000223620425011449,32181492.2416389,138.750616084584,138.750616084584,0.000598223765364813,138.750616084584,0.000598223765364813,0.000598223765364813,0.00000000257924385163876,342981415.9273,1478.76557147035,1478.76557147035,0.0063757029209698,1478.76557147035,0.0063757029209698,0.0063757029209698,0.0000000274888653892885,13.3478361113873,14.3241645181032,14.4668808160204,16.8331650961338,14.2878423971466,2.06869410920264,15.2641714101747,2.96299372562225,15.4068877568258,3.09881506958378,17.7731723248172,5.42337044144272,15.2278492756643,2.92858080305929,2.92858080305929,0.0000763153179434476,16.2041785255334,3.87101198783727,3.87101198783727,0.000202581028028758,16.3468948912211,4.0109531599025,4.0109531599025,0.000233653859156561,18.7131795716649,6.36068536380472,6.36068536380472,0.00248741277572031,16.1678563857285,3.83546031534375,3.83546031534375,0.000195355585735669,3.83546031534375,0.000195355585735669,0.000195355585735669,0.000000000842358626940641,17.1441857281136,4.79824022895336,4.79824022895336,0.000518525507724443,4.79824022895336,0.000518525507724443,0.000518525507724443,0.00000000223620433031693,17.2869021012375,4.93985952050194,4.93985952050194,0.000598044900858501,4.93985952050194,0.000598044900858501,0.000598044900858501,0.00000000257924392621953,19.653186825608,7.29963895655676,7.29963895655676,0.00635546410599873,7.29963895655676,0.00635546410599873,0.00635546410599873,0.0000000274888650283367,"Mike Flood","Republican"
"Nebraska","NE","3102",1653697.98311213,4140565.80730545,5774990.38691492,41220920.5316057,4233466.83676706,18.2526070377516,10599848.466702,45.7012836482201,14783975.3905022,63.7411614790629,105525556.560911,454.973805302614,10837675.1021237,46.7266740166441,46.7266740166441,0.000201462218057255,27135612.074757,116.995286139444,116.995286139444,0.000504425584399604,37846976.9996856,163.177373386401,163.177373386401,0.000703539814699233,270145424.795931,1164.73294157469,1164.73294157469,0.00502175014148035,27744448.2614366,119.620285482609,119.620285482609,0.000515743278226573,119.620285482609,0.000515743278226573,0.000515743278226573,0.00000000222362894355877,69467166.9113779,299.507932516976,299.507932516976,0.00129132949606299,299.507932516976,0.00129132949606299,0.00129132949606299,0.0000000055675716278659,96888261.1191953,417.734075869187,417.734075869187,0.00180106192563003,417.734075869187,0.00180106192563003,0.00180106192563003,0.00000000776528477645662,691572287.477584,2981.71633043121,2981.71633043121,0.0128556803621897,2981.71633043121,0.0128556803621897,0.0128556803621897,0.0000000554273107364605,14.3185251447213,15.2363432464073,15.5690473229277,17.534456489596,15.2585320347206,2.95764648209646,16.1763503577269,3.84377165141101,16.5090544758995,4.17039718900851,18.4744637333044,6.12243536335258,16.1985391492698,3.8654904453014,3.8654904453014,0.0002014419272698,17.1163575587294,4.77064467569691,4.77064467569691,0.000504298404581166,17.4490616931724,5.10094738841476,5.10094738841476,0.000703292446579264,19.4144709860212,7.0611053025766,7.0611053025766,0.00500918320867717,17.1385463515338,4.79264747481335,4.79264747481335,0.00051561032837208,4.79264747481335,0.00051561032837208,0.00051561032837208,0.00000000222362883414505,18.0563647947642,5.70547415135389,5.70547415135389,0.00129049644721258,5.70547415135389,0.00129049644721258,0.00129049644721258,0.00000000556757172147627,18.3890689355629,6.03723605464113,6.03723605464113,0.001799441958416,6.03723605464113,0.001799441958416,0.001799441958416,0.00000000776528482942346,20.3544782422569,8.00058968459605,8.00058968459605,0.0127737475575433,8.00058968459605,0.0127737475575433,0.0127737475575433,0.0000000554273092050585,"Don Bacon","Republican"
"Nebraska","NE","3103",181469.84551714,451167.95190299,460185.469916626,4683101.27596993,464562.804523878,2.00296415261531,1154989.95687165,4.97974322893885,1178074.80298656,5.07927362350885,11988739.266483,51.6894911774685,1189280.77958113,5.12758823069519,5.12758823069519,0.0000221076145473604,2956774.28959144,12.7481426660835,12.7481426660835,0.0000549636615844877,3015871.49564561,13.0029404761827,13.0029404761827,0.0000560622232317479,30691172.5221965,132.32509741432,132.32509741432,0.000570520119198626,3044558.79572768,13.1266258705797,13.1266258705797,0.0000565954932412426,13.1266258705797,0.0000565954932412426,0.0000565954932412426,0.000000000244011666577505,7569342.18135407,32.6352452251737,32.6352452251737,0.000140706973656288,32.6352452251737,0.000140706973656288,0.000140706973656288,0.000000000606658607861161,7720631.02885274,33.2875276190276,33.2875276190276,0.000143519291473275,33.2875276190276,0.000143519291473275,0.000143519291473275,0.000000000618783925941582,78569401.6568231,338.752249380658,338.752249380658,0.00146053150514848,338.752249380658,0.00146053150514848,0.00146053150514848,0.00000000629708668040239,12.108850289025,13.0195971645266,13.0393870557093,15.359471327767,13.0488541895334,1.0995998517389,13.959603072359,1.78837762873613,13.9793929900084,1.80488521902337,16.2994784561364,3.96441602726564,13.9888601363097,1.81280123545073,1.81280123545073,0.000022107370177753,14.8996098032488,2.62090373615832,2.62090373615832,0.0000549621511378272,14.9193997312368,2.63926734157425,2.63926734157425,0.000056060651804029,17.2394856637989,4.89279048713946,4.89279048713946,0.00057035743446902,14.9288668824119,2.64806137629008,2.64806137629008,0.0000565938917767142,2.64806137629008,0.0000565938917767142,0.0000565938917767142,0.000000000244011699705099,15.8396168556458,3.5155744822247,3.5155744822247,0.00014069707535859,3.5155744822247,0.00014069707535859,0.00014069707535859,0.000000000606658501028092,15.8594067876722,3.53478166177642,3.53478166177642,0.000143508993565157,3.53478166177642,0.000143508993565157,0.000143508993565157,0.000000000618783912806409,18.1794929024353,5.82821667370296,5.82821667370296,0.00145946596638559,5.82821667370296,0.00145946596638559,0.00145946596638559,0.00000000629708661008726,"Adrian Smith","Republican"
"Nevada","NV","3201",407901.291925754,351591.072824409,495650.586613599,3096166.4798169,1044227.30732993,4.50218967897668,900073.146430485,3.88066851128903,1268865.50173081,5.4707180379234,7926186.18833126,34.1737794063237,2673221.90676462,11.5256055781803,11.5256055781803,0.0000496926886644271,2304187.25486204,9.9345113888999,9.9345113888999,0.0000428326805158425,3248295.68443089,14.0050381770839,14.0050381770839,0.0000603827709656124,20291036.642128,87.4848752801887,87.4848752801887,0.000377191345014865,6843448.08131743,29.5055502801415,29.5055502801415,0.000127213282980933,29.5055502801415,0.000127213282980933,0.000127213282980933,0.0000000005484805134334,5898719.37244683,25.4323491555837,25.4323491555837,0.000109651662120557,25.4323491555837,0.000109651662120557,0.000109651662120557,0.000000000472763523819464,8315636.95214306,35.8528977333347,35.8528977333347,0.000154579893671968,35.8528977333347,0.000154579893671968,0.000154579893671968,0.000000000666471750912903,51945053.8038477,223.961280717283,223.961280717283,0.000965609843238054,223.961280717283,0.000965609843238053,0.000965609843238054,0.00000000416323020823959,12.9187829441321,12.7702268985333,13.1136285125325,14.9456756077767,13.8587887086985,1.70514613645862,13.7102324238358,1.58528220050102,14.053634541581,1.86728708194134,15.8856826694523,3.56030090179635,14.7987953836249,2.52777499535744,2.52777499535744,0.0000496914540236416,14.6502390052994,2.39192396990223,2.39192396990223,0.0000428317632226808,14.9936413198208,2.70838602317992,2.70838602317992,0.0000603809479994078,16.8256898510625,4.48283163661985,4.48283163661985,0.000377120226242445,15.7388024141612,3.41790864345575,3.41790864345575,0.000127205192057534,3.41790864345575,0.000127205192057534,0.000127205192057534,0.000000000548480594125287,15.5902459993268,3.27458860683,3.27458860683,0.000109645650816551,3.27458860683,0.000109645650816551,0.000109645650816551,0.000000000472763605929119,15.933648390714,3.6069342514551,3.6069342514551,0.000154567947431277,3.6069342514551,0.000154567947431277,0.000154567947431277,0.000000000666471766441698,17.7656970795223,5.41592830169501,5.41592830169501,0.00096514394194846,5.41592830169501,0.00096514394194846,0.00096514394194846,0.00000000416323019635694,"Dina Titus","Democrat"
"Nevada","NV","3202",899138.235174244,1182394.30920895,320977.539786414,13843215.0342481,2301793.88204607,9.92419235365308,3026929.4315749,13.0506168055242,821702.501853221,3.54277320375037,35438630.4876752,152.793778996883,5892592.33803792,25.4059324253519,25.4059324253519,0.000109537766295991,7748939.34483176,33.4095790221419,33.4095790221419,0.000144045516523653,2103558.40474424,9.06949940160096,9.06949940160096,0.0000391031783144813,90722894.0484485,391.152074232019,391.152074232019,0.00168645353282387,15085036.3853771,65.0391870089008,65.0391870089008,0.000280416681717737,65.0391870089008,0.000280416681717737,0.000280416681717737,0.0000000012090175016306,19837284.7227693,85.5285222966833,85.5285222966833,0.000368756522300551,85.5285222966833,0.000368756522300551,0.000368756522300551,0.0000000015898950325308,5385109.51614526,23.2179184680984,23.2179184680984,0.000100104136485072,23.2179184680984,0.000100104136485072,0.000100104136485072,0.000000000431599333729707,232250608.764028,1001.34931003397,1001.34931003397,0.0043173210440291,1001.34931003397,0.0043173210440291,0.0043173210440291,0.0000000186141447449384,13.7091931792971,13.9830528619904,12.6791295456294,16.4433058535763,14.6491997600568,2.39097981180988,14.9230596051084,2.6426662955652,13.6191349056276,1.51353766339825,17.383313068048,5.03561260759861,15.5892067538092,3.27358869798958,3.27358869798958,0.000109531767473014,15.863066662282,3.53833498556256,3.53833498556256,0.000144035142964332,14.5591414225192,2.30951099363789,2.30951099363789,0.0000391024138051117,18.3233203093442,5.9716497090289,5.9716497090289,0.0016850330668736,16.5292139088869,4.19024830839016,4.19024830839016,0.000280377372308444,4.19024830839016,0.000280377372308444,0.000280377372308444,0.00000000120901755200819,16.8030738421337,4.46047409712027,4.46047409712027,0.000368688548324188,4.46047409712027,0.000368688548324188,0.000368688548324188,0.00000000158989510319518,15.4991483913231,3.18709279174374,3.18709279174374,0.00010009912640026,3.18709279174374,0.00010009912640026,0.00010009912640026,0.000000000431599422774495,19.2633275611188,6.91010183370184,6.91010183370184,0.00430802815086508,6.91010183370184,0.00430802815086508,0.00430802815086508,0.0000000186141444968384,"Mark E. Amodei","Republican"
"Nevada","NV","3203",377784.591700855,331183.268691188,479768.540185424,2924236.25665457,967128.554754191,4.16977813824036,847829.167849442,3.65541841535189,1228207.46287468,5.29542076153484,7486044.81703571,32.2761083482814,2475849.10017073,10.6746320338953,10.6746320338953,0.0000460237132591024,2170442.66969457,9.35787114330082,9.35787114330082,0.0000403464940849809,3144211.10495919,13.5562771495292,13.5562771495292,0.0000584479362295338,19164274.7316114,82.6268373716004,82.6268373716004,0.000356245897621759,6338173.69643706,27.327058006772,27.327058006772,0.000117820705943302,27.327058006772,0.000117820705943302,0.000117820705943302,0.000000000507984384763921,5556333.2344181,23.9561501268501,23.9561501268501,0.000103287024857551,23.9561501268501,0.000103287024857551,0.000103287024857551,0.000000000445322368053098,8049180.42869554,34.7040695027947,34.7040695027947,0.000149626716747607,34.7040695027947,0.000149626716747607,0.000149626716747607,0.000000000645116111321341,49060543.3129252,211.524703671297,211.524703671297,0.000911989497911703,211.524703671297,0.000911989497911703,0.000911989497911703,0.00000000393204590227775,12.8420820959503,12.7104302024521,13.0810611429736,14.8885442376868,13.7820877414224,1.6428297742998,13.6504356209541,1.53803179183501,14.0210671313232,1.83982250585588,15.8285512877906,3.50483967246519,14.7220943698274,2.4574182856189,2.4574182856189,0.0000460226542005279,14.5904421606988,2.33774672761739,2.33774672761739,0.000040345680187119,14.9610738936651,2.67802231979462,2.67802231979462,0.0000584462282154835,16.7685584648806,4.42636448976577,4.42636448976577,0.000356182457118556,15.6621013821913,3.34381746117749,3.34381746117749,0.000117813765629112,3.34381746117749,0.000117813765629112,0.000117813765629112,0.000000000507984321145056,15.5304491384297,3.21712028989201,3.21712028989201,0.000103281691120139,3.21712028989201,0.000103281691120139,0.000103281691120139,0.00000000044532244548666,15.9010809583481,3.57526467396396,3.57526467396396,0.000149615523786878,3.57526467396396,0.000149615523786878,0.000149615523786878,0.000000000645116182487828,17.7085656915746,5.35905823417847,5.35905823417847,0.000911573888158189,5.35905823417847,0.000911573888158189,0.000911573888158189,0.00000000393204579233974,"Susie Lee","Democrat"
"Nevada","NV","3204",273659.358434311,265948.68810487,514453.874374758,2400208.30304519,700567.957591838,3.0205011935157,680828.641548468,2.93539506352207,1317001.91839938,5.67825836634316,6144533.25579569,26.492176571314,1793453.97143511,7.73248305540019,7.73248305540019,0.0000333386276728399,1742921.32236408,7.5146113626165,7.5146113626165,0.0000323992731092248,3371524.91110242,14.5363414178385,14.5363414178385,0.0000626734867419012,15730005.134837,67.8199720225638,67.8199720225638,0.000292406046006609,4591242.16687387,19.7951566218245,19.7951566218245,0.0000853468868424701,19.7951566218245,0.0000853468868424701,0.0000853468868424701,0.000000000367973400405965,4461878.58525204,19.2374050882983,19.2374050882983,0.0000829421391596155,19.2374050882983,0.0000829421391596155,0.0000829421391596155,0.000000000357605322380909,8631103.77242219,37.2130340296666,37.2130340296666,0.000160444126059267,37.2130340296666,0.000160444126059267,0.000160444126059267,0.000000000691755409311694,40268813.1451826,173.619128377763,173.619128377763,0.00074855947777692,173.619128377763,0.00074855947777692,0.00074855947777692,0.00000000322741680024136,12.5196430487126,12.4910624274113,13.1508631226833,14.6910665011178,13.4596480804451,1.39140656986355,13.4310673945833,1.37001127416714,14.0908691966678,1.89885722995292,15.6310735057251,3.31390147588219,14.3996544691074,2.16704975729046,2.16704975729046,0.0000333380719530447,14.3710737580266,2.14178367157176,2.14178367157176,0.0000323987482641611,15.0308759924609,2.74318188722399,2.74318188722399,0.0000626715228410233,16.5710806650431,4.23149399383865,4.23149399383865,0.000292363303690556,15.3396613878217,3.03472010487243,3.03472010487243,0.0000853432450041392,3.03472010487243,0.0000853432450041392,0.0000853432450041392,0.000000000367973429437084,15.3110806668897,3.00753262910014,3.00753262910014,0.0000829386996506754,3.00753262910014,0.0000829386996506754,0.0000829386996506754,0.000000000357605278658476,15.9708830702107,3.64317666238045,3.64317666238045,0.000160431256276976,3.64317666238045,0.000160431256276976,0.000160431256276976,0.000000000691755319453526,17.5110878847949,5.16260719283294,5.16260719283294,0.000748279446868895,5.16260719283294,0.000748279446868895,0.000748279446868895,0.00000000322741677306499,"Steven Horsford","Democrat"
"New Hampshire","NH","3301",3250110.6126709,3995534.10384406,5401718.63988811,38619964.8534297,8320283.1684375,35.8729299110994,10228567.3058408,44.1005036277264,13828399.7181136,59.6211936334509,98867110.0247801,426.265889830036,21299924.9112,91.8347005724145,91.8347005724145,0.000395945631939314,26185132.3029524,112.89728928698,112.89728928698,0.000486757056671845,35400703.2783707,152.630255701634,152.630255701634,0.000658065880001309,253099801.663437,1091.24067796489,1091.24067796489,0.00470488799050412,54527807.772672,235.096833465381,235.096833465381,0.00101362081776464,235.096833465381,0.00101362081776464,0.00101362081776464,0.00000000437022969242654,67033938.6955582,289.017060574668,289.017060574668,0.00124609806507992,289.017060574668,0.00124609806507992,0.00124609806507992,0.000000005372556155365,90625800.392629,390.733454596183,390.733454596183,0.00168464865280335,390.733454596183,0.00168464865280335,0.00168464865280335,0.00000000726336854448569,647935492.258399,2793.57613559013,2793.57613559013,0.0120445132556906,2793.57613559013,0.0120445132556906,0.0120445132556906,0.0000000519299609265384,14.9941998960765,15.2006880716031,15.5022279126706,17.4692799507962,15.9342069670744,3.6074776750801,16.1406951775806,3.80889341335818,16.4422350583508,4.10464456185894,18.4092871935089,6.05740651224629,16.8742141523262,4.53082049848034,4.53082049848034,0.000395867266152662,17.0807023764963,4.73529707110918,4.73529707110918,0.000486638628884488,17.3822422727753,5.03454877854029,5.03454877854029,0.000657849449595174,19.3492944458368,6.99598653308685,6.99598653308685,0.00469385459871615,17.8142213822084,5.46424203216494,5.46424203216494,0.00101310745106041,5.46424203216494,0.00101310745106041,0.00101310745106041,0.00000000437022972410286,18.020709611716,5.66993975081795,5.66993975081795,0.00124532232924776,5.66993975081795,0.00124532232924776,0.00124532232924776,0.0000000053725561632863,18.3222495140532,5.9705816457461,5.9705816457461,0.00168323122395136,5.9705816457461,0.00168323122395136,0.00168323122395136,0.00000000726336854688434,20.2893017019206,7.93543572313738,7.93543572313738,0.0119725553284674,7.93543572313738,0.0119725553284674,0.0119725553284674,0.0000000519299596496491,"Chris Pappas","Democrat"
"New Hampshire","NH","3302",5598919.90694162,8579736.54844269,12103838.3563788,80786895.3699379,14333234.9617706,61.7977925479036,21964125.5640133,94.6984040044879,30985826.1923298,133.595497741178,206814452.147041,891.68123203029,36693081.5021326,158.202348922633,158.202348922633,0.000682089979365291,56228161.443874,242.427914251489,242.427914251489,0.00104522879815289,79323715.0523644,342.004474217416,342.004474217416,0.00147455348387953,529444997.496425,2282.70395399754,2282.70395399754,0.009841886062265,93934288.6454597,404.998013241941,404.998013241941,0.00174615034717514,404.998013241941,0.00174615034717514,0.00174615034717514,0.00000000752853331435583,143944093.296318,620.615460483812,620.615460483812,0.00267578572327141,620.615460483812,0.00267578572327141,0.00267578572327141,0.0000000115366594819947,203068710.534053,875.531453996586,875.531453996586,0.00377485691873161,875.531453996586,0.00377485691873161,0.00377485691873161,0.0000000162753087760014,1355379193.59085,5843.7221222337,5843.7221222337,0.0251952283193985,5843.7221222337,0.0251952283193985,0.0251952283193985,0.000000108629314808003,15.5380844419483,15.9649138822367,16.3090332624173,18.2073253367004,16.4780915916018,4.13991992234527,16.9049210697033,4.56120162125075,17.2490404705632,4.90227396747718,19.1473325876489,6.79422955413804,17.4180988075785,5.07017602784059,5.07017602784059,0.00068185746172135,17.8449283004506,5.49482085865919,5.49482085865919,0.00104468292687306,18.1890477093884,5.83774349144651,5.83774349144651,0.0014734673974218,20.0873398431938,7.73355394503577,7.73355394503577,0.0097937701449771,18.3581060494626,6.006348266097,6.006348266097,0.00174462759903148,6.006348266097,0.00174462759903148,0.00174462759903148,0.00000000752853332394624,18.7849355481046,6.43232167082234,6.43232167082234,0.00267221218192076,6.43232167082234,0.00267221218192076,0.00267221218192076,0.0000000115366593390171,19.1290549601978,6.77597258962338,6.77597258962338,0.00376775002574122,6.77597258962338,0.00376775002574122,0.00376775002574122,0.0000000162753087459345,21.0273471005343,8.67329433166976,8.67329433166976,0.024883061106973,8.67329433166976,0.024883061106973,0.024883061106973,0.000000108629308976488,"Maggie Goodlander","Democrat"
"New Jersey","NJ","3401",4087921.29053,4893883.09158079,8407386.69668527,46628224.388959,10465078.5037568,45.1202224827549,12528340.7144468,54.0159847030932,21522909.9435143,92.7961013172568,119368254.435735,514.656645488613,26790600.9696174,115.507769555853,115.507769555853,0.000498012151459343,32072552.2289839,138.280920839919,138.280920839919,0.000596198672678618,55098649.4553966,237.558019372177,237.558019372177,0.00102423222938914,305582731.355482,1317.52101245085,1317.52101245085,0.00568049644215723,68583938.4822206,295.699890062982,295.699890062982,0.00127491110773592,295.699890062982,0.00127491110773592,0.00127491110773592,0.00000000549678368930818,82105733.7061987,353.999157350192,353.999157350192,0.00152626860205726,353.999157350192,0.00152626860205726,0.00152626860205726,0.00000000658051240308855,141052542.605815,608.148529592775,608.148529592775,0.00262203450723621,608.148529592775,0.00262203450723621,0.00262203450723621,0.0000000113049109265151,782291792.270034,3372.85379187416,3372.85379187416,0.0145420708919225,3372.85379187416,0.0145420708919225,0.0145420708919225,0.0000000626981893894052,15.2235474015192,15.4034968389243,15.9446213649915,17.6577166107787,16.1635545109434,3.83125151938651,16.3435039728981,4.0076237739728,16.884628551002,4.54112329136647,18.5977238562014,6.24544112827452,17.1035617112055,4.75795796224852,4.75795796224852,0.000497888184564087,17.2835111827499,4.93649290686771,4.93649290686771,0.000596021016858522,17.8246357811807,5.47461254855145,5.47461254855145,0.00102370806144193,19.5377311095878,7.18426594229953,7.18426594229953,0.00566442326260852,18.0435689469512,5.69272115676412,5.69272115676412,0.00127409909865593,5.69272115676412,0.00127409909865593,0.00127409909865593,0.00000000549678367977318,18.2235184222414,5.87211541581117,5.87211541581117,0.00152510503792484,5.87211541581117,0.00152510503792484,0.00152510503792484,0.00000000658051233559442,18.7646430286124,6.41206212893027,6.41206212893027,0.00261860297185169,6.41206212893027,0.00261860297185169,0.00261860297185169,0.0000000113049109434144,20.4777383660852,8.12381092840117,8.12381092840117,0.0144373490068623,8.12381092840117,0.0144373490068623,0.0144373490068623,0.0000000626981873415108,"Donald Norcross","Democrat"
"New Jersey","NJ","3402",1190885.4255419,1579127.15217158,2263224.3205478,14088207.5707351,3048666.68938727,13.1443370684259,4042565.50955925,17.4295352994194,5793854.26060236,24.9802228599805,36065811.3810819,155.497871607109,7804586.72483143,33.6495028951703,33.6495028951703,0.000145079949139335,10348967.7044717,44.6196103665137,44.6196103665137,0.000192377605777942,14832266.907142,63.94937052155,63.94937052155,0.000275717934130035,92328477.1355698,398.074551314199,398.074551314199,0.00171629981691697,19979742.0155684,86.1427274116359,86.1427274116359,0.000371404669796699,86.1427274116359,0.000371404669796699,0.000371404669796699,0.00000000160131252970012,26493357.3234475,114.226202538275,114.226202538275,0.000492486670791531,114.226202538275,0.000492486670791531,0.000492486670791531,0.00000000212335799945773,37970603.2822836,163.710388535168,163.710388535168,0.000705837911372889,163.710388535168,0.000705837911372889,0.000705837911372889,0.00000000304322261763015,236360901.467059,1019.07085136435,1019.07085136435,0.00439372753130743,1019.07085136435,0.00439372753130743,0.00439372753130743,0.0000000189435715814296,13.9902084832042,14.2723834502811,14.6323014868478,16.4608487338992,14.9302152299969,2.6493143368066,15.2123903228792,2.91395455700787,15.5723084760885,3.25733558934194,17.4008559491364,5.05304240993315,15.8702222886059,3.54528337907327,3.54528337907327,0.000145069426061329,16.152397430631,3.82033767597176,3.82033767597176,0.000192359103579248,16.5123156294039,4.17360805133061,4.17360805133061,0.000275679930925631,18.3408631907317,5.98914824483543,5.98914824483543,0.00171482865744608,16.8102294690183,4.467547319392,4.467547319392,0.000371335716154917,4.467547319392,0.000371335716154917,0.000371335716154917,0.0000000016013126367622,17.0924046302398,4.74689717498757,4.74689717498757,0.000492365439032867,4.74689717498757,0.000492365439032867,0.000492365439032867,0.00000000212335793167094,17.452322846811,5.10418871069635,5.10418871069635,0.000705588924950158,5.10418871069635,0.000705588924950158,0.000705588924950158,0.0000000030432225582068,19.2808704426231,6.92762736598785,6.92762736598785,0.0043841032910596,6.92762736598785,0.0043841032910596,0.0043841032910596,0.0000000189435714208312,"Jeff Van Drew","Republican"
"New Jersey","NJ","3403",2565461.90744729,4268579.83080135,5718794.17546686,34681157.4867156,6567582.48306508,28.3161547907511,10927564.3668515,47.1142318951514,14640113.0891951,63.1208986650262,88783763.1659919,382.791504666468,16813011.1566466,72.4893562643229,72.4893562643229,0.000312538112456948,27974564.7791397,120.612433651588,120.612433651588,0.000520020928518839,37478689.5083396,161.589500582467,161.589500582467,0.000696693695564809,227286433.704939,979.946251946159,979.946251946159,0.00422504168440588,43041308.5610153,185.572752036667,185.572752036667,0.000800097567889787,185.572752036667,0.000800097567889787,0.000800097567889787,0.00000000344962345558504,71614885.8345977,308.767830148065,308.767830148065,0.00133125357700823,308.767830148065,0.00133125357700823,0.00133125357700823,0.0000000057397044421608,95945445.1413494,413.669121491116,413.669121491116,0.00178353586064591,413.669121491116,0.00178353586064591,0.00178353586064591,0.0000000076897210861272,581853270.284646,2508.66240498217,2508.66240498217,0.0108161067120791,2508.66240498217,0.0108161067120791,0.0108161067120791,0.0000000466336818277122,14.7576494910438,15.2667919718355,15.55926870751,17.3617071143566,15.697656512005,3.37813872212714,16.2067990875687,3.87357801474353,16.4992758594449,4.16077034300537,18.3017143552773,5.95009944853568,16.6376636777112,4.29714058300211,4.29714058300211,0.000312489282594901,17.1468062902952,4.80083921472909,4.80083921472909,0.000519885764492441,17.4392830763127,5.0912286229653,5.0912286229653,0.000696451117174097,19.2417216069052,6.88851766901868,6.88851766901868,0.00421614125676665,17.5776708999584,5.22882125436744,5.22882125436744,0.000799777660457341,5.22882125436744,0.000799777660457341,0.000799777660457341,0.00000000344962346980977,18.0868135270035,5.73582308188102,5.73582308188102,0.00133036824461261,5.73582308188102,0.00133036824461261,0.00133036824461261,0.00000000573970447299926,18.3792903185449,6.02748090460814,6.02748090460814,0.00178194724917938,6.02748090460814,0.00178194724917938,0.00178194724917938,0.00000000768972105254995,20.1817288627156,7.82790352307279,7.82790352307279,0.01075803102315,7.82790352307279,0.01075803102315,0.01075803102315,0.0000000466336807176694,"Herbert C. Conaway, Jr.","Democrat"
"New Jersey","NJ","3404",1490668.32136707,2409171.18083605,2927770.60682475,19241148.0913123,3816110.90269969,16.4531754718195,6167478.22294028,26.5911038772154,7495092.75347136,32.315118557793,49257339.1137595,212.373189453236,9769243.91091122,42.1201292078579,42.1201292078579,0.000181601084041433,15788744.2507271,68.0732259256715,68.0732259256715,0.000293497951093489,19187437.4488867,82.72670350795,82.72670350795,0.000356676470817074,126098788.131224,543.675365000285,543.675365000285,0.00234405823314174,25009264.4119327,107.827530772116,107.827530772116,0.000464898775146067,107.827530772116,0.000464898775146067,0.000464898775146067,0.00000000200441269112512,40419185.2818614,174.267458369719,174.267458369719,0.000751354754799332,174.267458369719,0.000751354754799332,0.000751354754799332,0.00000000323946864687652,49119839.8691499,211.780360980352,211.780360980352,0.00091309176529171,211.780360980352,0.00091309176529171,0.00091309176529171,0.00000000393679833193258,322812897.615934,1391.80893440073,1391.80893440073,0.00600078907684286,1391.80893440073,0.00600078907684286,0.00600078907684286,0.0000000258724230422197,14.2147357860287,14.6947937530304,14.8897521478873,16.7725617254991,15.1547426357272,2.85952160755534,15.6348007585823,3.31749339747649,15.8297591982426,3.50601130469924,17.7125689523202,5.36304269579793,16.0947497345339,3.76398992306791,3.76398992306791,0.00018158459656062,16.5748079182692,4.23516718717414,4.23516718717414,0.000293454888995473,16.7697663754309,4.42755796494029,4.42755796494029,0.000356612876885936,18.6525761984404,6.30018995663708,6.30018995663708,0.00234131521433585,17.0347569306485,4.68976434259747,4.68976434259747,0.000464790743191858,4.68976434259747,0.000464790743191858,0.000464790743191858,0.00000000200441263386098,17.5148151381651,5.16631314075166,5.16631314075166,0.000751072629124281,5.16631314075166,0.000751072629124281,0.000751072629124281,0.00000000323946868804753,17.7097736021633,5.36026046458247,5.36026046458247,0.00091267515059151,5.36026046458247,0.00091267515059151,0.00091267515059151,0.00000000393679843504485,19.5925834520993,7.23907780313812,7.23907780313812,0.00598285604785889,7.23907780313812,0.00598285604785889,0.00598285604785889,0.0000000258724227581298,"Christopher H. Smith","Republican"
"New Jersey","NJ","3405",4774470.83866816,9879614.76157761,6045356.17170494,47697970.379267,12222645.3469905,52.6979780597004,25291813.7896387,109.045743399941,15476111.7995646,66.7253100216756,122106804.170923,526.463912226978,31289972.0882956,134.906823832833,134.906823832833,0.000581651241659973,64747043.301475,279.157103103849,279.157103103849,0.00120358682404202,39618846.2068855,170.816793655489,170.816793655489,0.000736477201844183,312593418.677564,1347.74761530106,1347.74761530106,0.00581081854580988,80102328.5460366,345.361469012053,345.361469012053,0.00148902717864953,345.361469012053,0.00148902717864953,0.00148902717864953,0.00000000641994587612671,165752430.851776,714.642183945855,714.642183945855,0.00308118226954756,714.642183945855,0.00308118226954756,0.00308118226954756,0.0000000132845281057374,101424246.289627,437.290991758053,437.290991758053,0.00188538163672111,437.290991758053,0.00188538163672111,0.00188538163672111,0.0000000081288295050265,800239151.814565,3450.23389517072,3450.23389517072,0.0148756954772733,3450.23389517072,0.0148756954772733,0.0148756954772733,0.0000000641366129531978,15.3787939160763,16.1059841784392,15.614801125762,17.6803994262177,16.3188010469358,3.9833753482864,17.0459913752507,4.70089612844152,16.5548082834529,4.21545996561554,18.6204066719334,6.2680804501701,17.258808255571,4.91196953205864,4.91196953205864,0.000581482148142205,17.9859986096484,5.63535052833506,5.63535052833506,0.00120286309407695,17.4948155025692,5.14642875596892,5.14642875596892,0.000736206135590938,19.5604139254344,7.20693174849001,7.20693174849001,0.00579400085796168,18.1988154945874,5.84748293785728,5.84748293785728,0.00148791967694403,5.84748293785728,0.00148791967694403,0.00148791967694403,0.00000000641994588761252,18.9260058587282,6.57318029895507,6.57318029895507,0.00307644515557182,6.57318029895507,0.00307644515557182,0.00307644515557182,0.000000013284528055958,18.4348227456797,6.0828830545283,6.0828830545283,0.00188360653557486,6.0828830545283,0.00188360653557486,0.00188360653557486,0.00000000812882957639391,20.5004211819764,8.14648709685773,8.14648709685773,0.0147661374839173,8.14648709685773,0.0147661374839173,0.0147661374839173,0.0000000641366108527409,"Josh S. Gottheimer","Democrat"
"New Jersey","NJ","3406",3905645.46521448,5817700.58425697,7725961.79498793,50214457.4027646,9998452.39094906,43.1083623692746,14893313.4956978,64.2125731011066,19778462.1951691,85.2749087636968,128549010.951077,554.239509237177,25596038.1208296,110.357407665343,110.357407665343,0.000475806348198233,38126882.5489865,164.384187138833,164.384187138833,0.000708742996403548,50632863.2196329,218.303766435064,218.303766435064,0.000941217450670578,329085468.034758,1418.85314364717,1418.85314364717,0.00611739027936912,65525857.5893238,282.514963623278,282.514963623278,0.00121806425138748,282.514963623278,0.00121806425138748,0.00121806425138748,0.00000000525168826981696,97604819.3254054,420.823519075412,420.823519075412,0.00181438207079308,420.823519075412,0.00181438207079308,0.00181438207079308,0.00000000782271462880253,129620129.84226,558.857642073763,558.857642073763,0.00240951667371668,558.857642073763,0.00240951667371668,0.00240951667371668,0.0000000103886395457976,842458798.168981,3632.26404773676,3632.26404773676,0.0156605191151849,3632.26404773676,0.0156605191151849,0.0156605191151849,0.0000000675203828063899,15.1779338756246,15.5764158249131,15.8600970066373,17.7318135591846,16.117940978092,3.7866493873627,16.5164229786596,4.17765228931559,16.8001041862552,4.45753881147782,18.6718208055407,6.31939956883139,17.0579481756365,4.7127449174479,4.7127449174479,0.000475693188251114,17.4564301962351,5.10827117426372,5.10827117426372,0.000708491956694056,17.7401114139366,5.39045783008285,5.39045783008285,0.000940774783268352,19.6118280592917,7.25830872528031,7.25830872528031,0.00609875500832081,17.9979554103206,5.64726490351486,5.64726490351486,0.00121732301298351,5.64726490351486,0.00121732301298351,0.00121732301298351,0.00000000525168818163887,18.3964374387437,6.04458702532238,6.04458702532238,0.00181273806790944,6.04458702532238,0.00181273806790944,0.00181273806790944,0.00000000782271466763827,18.6801186603929,6.32768254082964,6.32768254082964,0.00240661844303928,6.32768254082964,0.00240661844303928,0.00240661844303928,0.0000000103886394502377,20.5518353159315,8.19788670993705,8.19788670993705,0.0155391585916947,8.19788670993705,0.0155391585916947,0.0155391585916947,0.0000000675203805609127,"Frank Pallone Jr.","Democrat"
"New Jersey","NJ","3407",1922414.40852412,3703470.79459424,3564589.76282459,24445447.8851358,4921380.88582173,21.2185508604584,9480885.23416126,40.8768697669354,9125349.79283095,39.3439774711376,62580346.5859477,269.815382655011,12598735.0677036,54.3194902027736,54.3194902027736,0.000234198671535921,24271066.1994528,104.644786603355,104.644786603355,0.000451176362557508,23360895.4696472,100.720582326112,100.720582326112,0.000434257142124198,160205687.260026,690.727379596827,690.727379596827,0.00297807350715536,32252761.7733214,139.0578949191,139.0578949191,0.000599548599131958,139.0578949191,0.000599548599131958,0.000599548599131958,0.0000000025849558770483,62133929.4705992,267.890653704588,267.890653704588,0.00115501148814722,267.890653704588,0.00115501148814722,0.00115501148814722,0.00000000497983606110859,59803892.402297,257.844690754847,257.844690754847,0.00111169828383795,257.844690754847,0.00111169828383795,0.00111169828383795,0.00000000479309102960463,410126559.385667,1768.26209176788,1768.26209176788,0.00762386817831771,1768.26209176788,0.00762386817831771,0.00762386817831771,0.0000000328703342513296,14.4690929786262,15.124781260528,15.0865598122047,17.0119546168918,15.4090999201336,3.10092756428356,16.064788354478,3.73473364029909,16.0265668997439,3.69744212635511,17.9519618504553,5.60143734391155,16.3491070548031,4.01312529133063,4.01312529133063,0.000234171251308186,17.0047955486954,4.66008239692265,4.66008239692265,0.000451074613105842,16.9665740914571,4.62222966533219,4.62222966533219,0.000434162879779973,18.8919690992093,6.5391919178748,6.5391919178748,0.00297364783073104,17.2891142649266,4.94205587226365,4.94205587226365,0.000599368941675886,4.94205587226365,0.000599368941675886,0.000599368941675886,0.00000000258495580162188,17.9448027820798,5.59430480515714,5.59430480515714,0.00115434497554868,5.59430480515714,0.00115434497554868,0.00115434497554868,0.00000000497983608664002,17.9065813238633,5.55622823224263,5.55622823224263,0.00111108080489196,5.55622823224263,0.00111108080489196,0.00111108080489196,0.00000000479309102369547,19.831976353897,7.47831784133575,7.47831784133575,0.00759495336414817,7.47831784133575,0.00759495336414817,0.00759495336414817,0.0000000328703336920417,"Thomas H. Kean, Jr.","Republican"
"New Jersey","NJ","3408",3718552.44902001,6003564.87811685,5674714.7329751,39607301.2372095,9519494.26949122,41.0433327574717,15369126.0879791,66.2640407528896,14527269.7164162,62.634374069567,101394691.167256,437.163564744831,24369905.3298975,105.070931859127,105.070931859127,0.00045301368931464,39344962.7852266,169.635944327398,169.635944327398,0.000731385965846002,37189810.4740256,160.343997618092,160.343997618092,0.000691323705188207,259570409.388176,1119.13872574677,1119.13872574677,0.00482517052085502,62386957.6445376,268.981585559366,268.981585559366,0.00115971504464548,268.981585559366,0.00115971504464548,0.00115971504464548,0.00000000500011546136205,100723104.73018,434.268017478138,434.268017478138,0.00187234807256577,434.268017478138,0.00187234807256577,0.00187234807256577,0.00000000807263524769521,95205914.8135055,410.480633902314,410.480633902314,0.00176978868528181,410.480633902314,0.00176978868528181,0.00176978868528181,0.00000000763045009157948,664500248.033731,2864.99513791173,2864.99513791173,0.0123524365333889,2864.99513791173,0.0123524365333889,0.0123524365333889,0.0000000532575732127128,15.1288452928342,15.6078641636778,15.5515310289714,17.4945240591547,16.0688523874515,3.73870081873413,16.5478713206671,4.2086257811191,16.4915381800787,4.1531537971352,18.4345313022607,6.08259227615725,17.0088595819296,4.664108038801,4.664108038801,0.000452911109592097,17.4878785395092,5.13953230646033,5.13953230646033,0.000731118633471293,17.4315453966232,5.08353871680254,5.08353871680254,0.000691084851032883,19.3745385547423,7.02120781889274,7.02120781889274,0.00481356669755757,17.9488668154158,5.59835375504056,5.59835375504056,0.00115904309461654,5.59835375504056,0.00115904309461654,0.00115904309461654,0.00000000500011542030663,18.4278857825127,6.07596197349086,6.07596197349086,0.00187059741380109,6.07596197349086,0.00187059741380109,0.00187059741380109,0.00000000807263519436851,18.3715526387291,6.01976195680387,6.01976195680387,0.00176822445458653,6.01976195680387,0.00176822445458653,0.00176822445458653,0.00000000763045002047752,20.3145458108861,7.96067091191484,7.96067091191484,0.0122767676817859,7.96067091191484,0.0122767676817859,0.0122767676817859,0.0000000532575718221883,"Robert Menendez","Democrat"
"New Jersey","NJ","3409",2505715.53344686,5435035.65302966,3489175.16992086,26590732.0223975,6414631.76562395,27.6567072388419,13913691.2717559,59.9889284645715,8932288.4349974,38.5115927532259,68072273.9773377,293.493846764926,16421457.3199973,70.8011705314353,70.8011705314353,0.000305259493779337,35619049.6556951,153.571656869303,153.571656869303,0.000662124734420365,22866658.3935933,98.5896774482584,98.5896774482584,0.000425069738308371,174265021.381984,751.344247718211,751.344247718211,0.0032394233455596,42038930.7391932,181.250996560474,181.250996560474,0.000781464304075104,181.250996560474,0.000781464304075104,0.000781464304075104,0.00000000336928607363453,91184767.1185796,393.143441585416,393.143441585416,0.00169503932011613,393.143441585416,0.00169503932011613,0.00169503932011613,0.00000000730816794285892,58538645.4875989,252.389574267541,252.389574267541,0.00108817853006943,252.389574267541,0.00108817853006943,0.00108817853006943,0.00000000469168552916866,446118454.73788,1923.44127415862,1923.44127415862,0.00829292376463259,1923.44127415862,0.00829292376463259,0.00829292376463259,0.0000000357549697461346,14.7340852928952,15.5083768224024,15.0651762118494,17.096073330436,15.6740923081928,3.35538752531956,16.4483839687741,4.11069234711929,16.0051832956936,3.67659411627151,18.0360805660106,5.6852581090361,16.6140994716866,4.27390077858752,4.27390077858752,0.000305212911579613,17.3883911834688,5.04065778732333,5.04065778732333,0.000661905626550815,16.9451904859635,4.60105851914182,4.60105851914182,0.000424979421760128,18.9760878155502,6.6231939954233,6.6231939954233,0.00323418771765028,17.5541066930696,5.2053848389697,5.2053848389697,0.000781159119829216,5.2053848389697,0.000781159119829216,0.000781159119829216,0.00000000336928617770957,18.3283984248521,5.97671490797998,5.97671490797998,0.00169360436227881,5.97671490797998,0.00169360436227881,0.00169360436227881,0.0000000073081678219584,17.8851977178059,5.53492812366076,5.53492812366076,0.00108758689297834,5.53492812366076,0.00108758689297834,0.00108758689297834,0.00000000469168547355316,19.9160950705449,7.56239095740169,7.56239095740169,0.00825872640632346,7.56239095740169,0.00825872640632346,0.00825872640632346,0.0000000357549690124823,"Nellie Pou","Democrat"
"New Jersey","NJ","3410",3165136.49388438,6413679.57422159,3615717.01316269,31703861.9301501,8102749.42434401,34.9350324144412,16419019.7100073,70.790660767458,9256235.55369647,39.9082918857841,81161886.5411843,349.929757005045,20743038.5263207,89.4336829809695,89.4336829809695,0.000385593636216385,42032690.4576186,181.224091564693,181.224091564693,0.000781348303091917,23695963.017463,102.165227227607,102.165227227607,0.000440485733657519,207774429.545432,895.820177932916,895.820177932916,0.00386233182277268,53102178.6273809,228.950228431282,228.950228431282,0.000987119708713947,228.950228431282,0.000987119708713947,0.000987119708713947,0.00000000425597006828917,107603687.571504,463.933674405613,463.933674405613,0.00200025165591531,463.933674405613,0.00200025165591531,0.00200025165591531,0.0000000086240919935764,60661665.3247052,261.542981702675,261.542981702675,0.00112764347816325,261.542981702675,0.00112764347816325,0.00112764347816325,0.0000000048618387905727,531902539.636305,2293.29965550827,2293.29965550827,0.00988756946629807,2293.29965550827,0.00988756946629807,0.00988756946629807,0.0000000426302902527591,14.9677070546024,15.6739438566577,15.1008010143678,17.2719490904186,15.9077141205667,3.58171265294981,16.6139510201374,4.27375439471734,16.0408081043243,3.71133277809442,18.2119563296892,5.86058608094594,16.8477213038522,4.50461679734724,4.50461679734724,0.000385519314095151,17.5539582415149,5.20523720201613,5.20523720201613,0.000781043209419078,16.9808152969818,4.63633185079966,4.63633185079966,0.000440388748296136,19.1519635806725,6.79885537143003,6.79885537143003,0.00385489216933851,17.7877285329664,5.43786288738088,5.43786288738088,0.000986632826435289,5.43786288738088,0.000986632826435289,0.000986632826435289,0.00000000425597001179335,18.4939654855087,6.14189475972707,6.14189475972707,0.00199825381624952,6.14189475972707,0.00199825381624952,0.00199825381624952,0.00000000862409184788026,17.9208225297568,5.57041480844749,5.57041480844749,0.00112700816581541,5.57041480844749,0.00112700816581541,0.00112700816581541,0.00000000486183869758364,20.0919708362311,7.73818291492498,7.73818291492498,0.00983900729683002,7.73818291492498,0.00983900729683002,0.00983900729683002,0.0000000426302892781362,"LaMonica McIver","Democrat"
"New Jersey","NJ","3411",2278334.15674687,4563128.93173039,3419330.22747782,25124651.0283688,5832535.44127198,25.1469969054004,11681610.0652298,50.3653025546579,8753485.38234323,37.740682767844,64319106.632624,277.31205266298,14931290.7296563,64.3763120778252,64.3763120778252,0.000277558694139561,29904921.7669883,128.935174539924,128.935174539924,0.000555904454897858,22408922.5787986,96.6161478856806,96.6161478856806,0.000416560858713456,164656912.979518,709.91885481723,709.91885481723,0.00306081761952929,38224104.2679201,164.803358919232,164.803358919232,0.000710550256997276,164.803358919232,0.000710550256997276,0.000710550256997276,0.00000000306353991223159,76556599.72349,330.074046822206,330.074046822206,0.00142311540453851,330.074046822206,0.00142311540453851,0.00142311540453851,0.00000000613576703207363,57366841.8017246,247.337338587343,247.337338587343,0.00106639579830645,247.337338587343,0.00106639579830645,0.00106639579830645,0.00000000459776920517021,421521697.227565,1817.39226833211,1817.39226833211,0.00783569310599496,1817.39226833211,0.00783569310599496,0.00783569310599496,0.0000000337836181660905,14.6389555397996,15.3335193345711,15.0449555423958,17.0393600746304,15.578962530826,3.26373434282251,16.2735264595193,3.93896289693917,15.9849626226726,3.6568902821871,17.9793673088678,5.62874297576145,16.5189696848389,4.18015999220778,4.18015999220778,0.000277520181851248,17.2135336658455,4.86703566869944,4.86703566869944,0.000555749997256271,16.9249698115489,4.58104292938213,4.58104292938213,0.000416474121325702,18.9193745578851,6.56655829504431,6.56655829504431,0.00305614285392006,17.4589769025184,5.11080250135746,5.11080250135746,0.000710297935681005,5.11080250135746,0.000710297935681005,0.000710297935681005,0.00000000306353986154001,18.1535409039599,5.80234205677001,5.80234205677001,0.001422103735512,5.80234205677001,0.001422103735512,0.001422103735512,0.00000000613576698676456,17.864977042847,5.51478805812102,5.51478805812102,0.00106582760221911,5.51478805812102,0.00106582760221911,0.00106582760221911,0.00000000459776926584568,19.8593818126757,7.50570802062218,7.50570802062218,0.00780515349172821,7.50570802062218,0.00780515349172821,0.00780515349172821,0.0000000337836175545607,"Mikie Sherrill","Democrat"
"New Jersey","NJ","3412",2582992.80255854,4453770.82385228,6112234.43218615,39099086.5670721,6612461.57454985,28.5096511502758,11401653.3090618,49.1582680236397,15647320.1463966,67.463475406406,100093661.611705,431.554171276636,16927901.6308476,72.9847069447061,72.9847069447061,0.000314673818643753,29188232.4711982,125.845166140518,125.845166140518,0.000542581872902439,40057139.5747752,172.706497040399,172.706497040399,0.000744624664581605,256239773.725964,1104.77867846819,1104.77867846819,0.00476325712690964,43335428.1749699,186.840849778448,186.840849778448,0.000805564975728007,186.840849778448,0.000805564975728007,0.000805564975728007,0.00000000347319620355592,74721875.1262676,322.163625319726,322.163625319726,0.00138900959463024,322.163625319726,0.00138900959463024,0.00138900959463024,0.0000000059887197136552,102546277.311425,442.128632423423,442.128632423423,0.00190623914132891,442.128632423423,0.00190623914132891,0.00190623914132891,0.00000000821875670891715,655973820.738468,2828.23341687856,2828.23341687856,0.0121939382448887,2828.23341687856,0.0121939382448887,0.0121939382448887,0.0000000525742072888264,14.7644596727559,15.3092618959973,15.6258031287506,17.4816096888028,15.7044666953293,3.38471736747785,16.2492690176666,3.91518336669423,16.5658102875445,4.22630039731755,18.4216169317089,6.06970757003529,16.6444738616652,4.30385840893707,4.30385840893707,0.000314624319221469,17.1892762227118,4.84296717842538,4.84296717842538,0.000542434728580769,17.5058175070916,5.15736707634951,5.15736707634951,0.000744347569182323,19.3616241841123,7.00830505217353,7.00830505217353,0.00475194871338405,17.5844810841584,5.23559506057779,5.23559506057779,0.000805240682410736,5.23559506057779,0.000805240682410736,0.000805240682410736,0.00000000347319616907623,18.1292834603259,5.77815877489159,5.77815877489159,0.00138804581316787,5.77815877489159,0.00138804581316787,0.00138804581316787,0.00000000598871972440123,18.4458247503704,6.0938600945412,6.0938600945412,0.00190442457313163,6.0938600945412,0.00190442457313163,0.00190442457313163,0.00000000821875675247508,20.3016314402256,7.9477610765153,7.9477610765153,0.0121201910868523,7.9477610765153,0.0121201910868523,0.0121201910868523,0.0000000525742058279197,"Bonnie Watson Coleman","Democrat"
"New Mexico","NM","3501",2075477.23381067,2367845.84819822,5249208.99834688,34845183.0194656,5313221.71855531,22.9079739779649,6061685.37138743,26.1349776286224,13437975.035768,57.9378762532835,89203668.5298321,384.601928107761,13601847.5995016,58.6444133835902,58.6444133835902,0.000252845592920143,15517914.5507518,66.9055427292735,66.9055427292735,0.000288463480918044,34401216.0915662,148.320963208406,148.320963208406,0.000639486350381161,228361391.43637,984.580935955867,984.580935955867,0.00424502414068467,34820729.8547241,150.129698261991,150.129698261991,0.000647284717875568,150.129698261991,0.000647284717875568,0.000647284717875567,0.00000000279077031956793,39725861.2499247,171.27818938694,171.27818938694,0.000738466511150192,171.27818938694,0.000738466511150192,0.000738466511150192,0.00000000318390093941476,88067113.1944093,379.701665813519,379.701665813519,0.00163708505697577,379.701665813519,0.00163708505697577,0.00163708505697577,0.00000000705829793512047,584605162.077108,2520.52719604702,2520.52719604702,0.0108672618001527,2520.52719604702,0.0108672618001527,0.0108672618001527,0.0000000468542371684276,14.5457021592175,14.6774915973025,15.4735881467397,17.3664254939275,15.4857091241019,3.17421204253766,15.6174985984399,3.30082358306773,16.4135952891423,4.07648394431024,18.3064327349309,5.95480556300335,16.4257162679031,4.08840048755419,4.08840048755419,0.000252813632860312,16.5575057564024,4.2181176620029,4.2181176620029,0.00028842188332742,17.3536025022865,5.00609810465782,5.00609810465782,0.000639281966114298,19.2464399865911,6.89323125001494,6.89323125001494,0.00423603944357006,17.3657234815936,5.01813839703396,5.01813839703396,0.000647075319477948,5.01813839703396,0.000647075319477948,0.000647075319477948,0.00000000279077027764132,17.4975129756247,5.1491105504194,5.1491105504194,0.000738193978918601,5.1491105504194,0.000738193978918601,0.000738193978918601,0.00000000318390091562049,18.2936097430642,5.94201603903824,5.94201603903824,0.00163574649392916,5.94201603903824,0.00163574649392916,0.00163574649392916,0.00000000705829792120667,20.1864472424141,7.83262002712073,7.83262002712073,0.0108086374523081,7.83262002712073,0.0108086374523081,0.0108086374523081,0.0000000468542360591195,"Melanie A. Stansbury","Democrat"
"New Mexico","NM","3502",692693.165354563,1007591.63298159,2012694.00495543,14942233.5189947,1773294.50330768,7.64556543823021,2579434.58043287,11.1212411934667,5152496.6526859,22.2150072956815,38252117.8086265,164.92413939773,4539633.92846766,19.5726475218693,19.5726475218693,0.0000843875380816548,6603352.52590816,28.4703774552747,28.4703774552747,0.000122750131734688,13190391.4308759,56.8704186769447,56.8704186769447,0.00024519700855278,97925421.5900839,422.20579685819,422.20579685819,0.00182034176627645,11621462.8568772,50.1059776559855,50.1059776559855,0.000216032097489036,50.1059776559855,0.000216032097489036,0.000216032097489036,0.000000000931423142083678,16904582.4663249,72.8841662855032,72.8841662855032,0.000314240337240802,72.8841662855032,0.000314240337240802,0.000314240337240802,0.00000000135484831043274,33767402.0630423,145.588271812979,145.588271812979,0.000627704341895115,145.588271812979,0.000627704341895115,0.000627704341895115,0.00000000270634946021013,250689079.270615,1080.84683995697,1080.84683995697,0.0046600749216677,1080.84683995697,0.0046600749216677,0.0046600749216677,0.0000000200919292842832,13.4483438609271,13.8230745119825,14.5149851804529,16.5197022926828,14.3883502397009,2.15704652338504,14.7630811656907,2.49495938409963,15.4549921361787,3.14479893573768,17.4597095103922,5.11153069232413,15.3283571545525,3.02396240330052,3.02396240330052,0.0000843839776536091,15.7030881879386,3.38338560478684,3.38338560478684,0.000122742598553723,16.3949992764022,4.05820635034348,4.05820635034348,0.000245166952679327,18.3997167529532,6.04785857813031,6.04785857813031,0.0018186869521174,16.2683642788096,3.93390146993727,3.93390146993727,0.000216008765915718,3.93390146993727,0.000216008765915718,0.000216008765915718,0.000000000931423160387735,16.6430953541474,4.30249854634395,4.30249854634395,0.000314190974086918,4.30249854634395,0.000314190974086918,0.000314190974086918,0.00000000135484823268563,17.3350064886953,4.98762778497655,4.98762778497655,0.000627507417927146,4.98762778497655,0.000627507417927146,0.000627507417927146,0.00000000270634936317006,19.3397240052218,6.9864248966669,6.9864248966669,0.00464925038826063,6.9864248966669,0.00464925038826063,0.00464925038826063,0.0000000200919290296266,"Gabe Vasquez","Democrat"
"New Mexico","NM","3503",371859.992468891,425480.010938356,685117.082024654,5224524.40129126,951961.58072036,4.10438567677427,1089228.82800219,4.69621389237037,1753899.72998312,7.56194480537085,13374782.4673056,57.6654212738721,2437021.64664412,10.5072273325421,10.5072273325421,0.0000453019473051246,2788425.79968562,12.0223075644682,12.0223075644682,0.000051834221011355,4489983.30875678,19.3585787017494,19.3585787017494,0.0000834645796167981,34239443.1163024,147.623478461113,147.623478461113,0.000636479142459605,6238775.41540895,26.8985019713078,26.8985019713078,0.000115972985101119,26.8985019713078,0.000115972985101119,0.000115972985101119,0.000000000500017929905948,7138370.04719517,30.7771073650385,30.7771073650385,0.000132695605789069,30.7771073650385,0.000132695605789069,0.000132695605789069,0.000000000572117567349102,11494357.2704174,49.5579614764784,49.5579614764784,0.000213669323819003,49.5579614764784,0.000213669323819003,0.000213669323819003,0.000000000921236035161352,87652974.3777342,377.916104860448,377.916104860448,0.00162938660469659,377.916104860448,0.00162938660469659,0.00162938660469659,0.00000000702510603125802,12.8262753872621,12.9609755983578,13.4373464849059,15.4688745194009,13.766281007035,1.63010010681902,13.9009814246457,1.73980172473371,14.3773528539518,2.14732736123746,16.408881661255,4.07185047785845,14.7062876254013,2.44297530166791,2.44297530166791,0.0000453009212030065,14.840988123682,2.56666385337066,2.56666385337066,0.000051832877664591,15.3173597650034,3.01350238088359,3.01350238088359,0.0000834610966426087,17.348888874185,5.0014161175228,5.0014161175228,0.000636276675516277,15.6462946338438,3.32857299460115,3.32857299460115,0.000115966260754274,3.32857299460115,0.000115966260754274,0.000115966260754274,0.000000000500018026858175,15.7809951636363,3.45874613635671,3.45874613635671,0.000132686802505855,3.45874613635671,0.000132686802505855,0.000132686802505855,0.000000000572117464350917,16.2573668877761,3.92312043012701,3.92312043012701,0.000213646499780224,3.92312043012701,0.000213646499780224,0.000213646499780224,0.000000000921235975967816,18.288896114879,5.9373148213716,5.9373148213716,0.00162806059453618,5.9373148213716,0.00162806059453618,0.00162806059453618,0.00000000702510602776239,"Teresa Leger Fernandez","Democrat"
"New York","NY","3601",6257765.63430184,6358748.65963374,7254461.99988833,58894724.8534702,16019880.0238127,69.0697686177881,16278396.5686624,70.1843636029,18571422.7197141,80.0707538537795,150770495.624884,650.047517941493,41010892.8609606,176.818607661538,176.818607661538,0.000762354043872247,41672695.2157757,179.671970823424,179.671970823424,0.000774656329100417,47542842.1624682,204.981129865676,204.981129865676,0.000883776856617519,385972468.799702,1664.12164593022,1664.12164593022,0.0071748662827312,104987885.724059,452.655635613536,452.655635613536,0.00195162635231295,452.655635613536,0.00195162635231295,0.00195162635231295,0.00000000841444382743582,106682099.752386,459.960245307966,459.960245307966,0.00198312020249707,459.960245307966,0.00198312020249707,0.00198312020249707,0.00000000855022967239015,121709675.935919,524.75169245613,524.75169245613,0.00226246875294085,524.75169245613,0.00226246875294085,0.00226246875294085,0.00000000975464192230626,988089520.127239,4260.15141358136,4260.15141358136,0.0183676576837919,4260.15141358136,0.0183676576837919,0.0183676576837919,0.0000000791922201904421,15.6493339117361,15.6653423215919,15.7971274236269,17.8912621005288,16.5893410728486,4.24949144021898,16.6053494842508,4.26527318198079,16.7371345981183,4.39532227775717,18.8312693486734,6.4785826317744,17.5293482933014,5.18076397261812,5.18076397261812,0.000762063599632897,17.5453567053077,5.19668307114182,5.19668307114182,0.000774356437751507,17.6771418237973,5.327784562,5.327784562,0.000883386555793596,19.7712766031232,7.4176534603645,7.4176534603645,0.00714924938852052,18.469355536934,6.11733839836122,6.11733839836122,0.00194972440379661,6.11733839836122,0.00194972440379661,0.00194972440379661,0.00000000841444377298964,18.4853639491763,6.13331180350365,6.13331180350365,0.00198115641548355,6.13331180350365,0.00198115641548355,0.00198115641548355,0.00000000855022959886464,18.6171490694714,6.26482903370484,6.26482903370484,0.00225991322432179,6.26482903370484,0.00225991322432179,0.00225991322432179,0.00000000975464193547424,20.7112838600358,8.35729468762129,8.35729468762129,0.0182010097871967,8.35729468762129,0.0182010097871967,0.0182010097871967,0.0000000791922169791728,"Nick LaLota","Republican"
"New York","NY","3602",4364674.99729926,4683640.14965078,5641934.1502178,42612611.02025,11173567.9930861,48.1748773879957,11990118.783106,51.6954389682018,14443351.4245576,62.2725600614183,109088284.21184,470.334518000345,28604334.0623004,123.327686113269,123.327686113269,0.000531727748981191,30694704.0847513,132.340323758597,132.340323758597,0.000570585767635103,36974979.6468674,159.417753757231,159.417753757231,0.000687330201550339,279266007.582311,1204.05636608088,1204.05636608088,0.00519129322344253,73227095.1994891,315.718876449969,315.718876449969,0.00136122303739185,315.718876449969,0.00136122303739185,0.00136122303739185,0.00000000586891787517153,78578442.4569634,338.791228822007,338.791228822007,0.00146069956514586,338.791228822007,0.00146069956514586,0.00146069956514586,0.00000000629781127166749,94655947.8959806,408.109449618511,408.109449618511,0.00175956531596887,408.109449618511,0.00175956531596887,0.00175956531596887,0.00000000758637199911627,714920979.410716,3082.38429716706,3082.38429716706,0.0132897106520129,3082.38429716706,0.0132897106520129,0.0132897106520129,0.0000000572986338454125,15.289054517078,15.3595863888201,15.5457376763656,17.5676608242368,16.2290616359543,3.89538287089114,16.2995935172045,3.96452890470896,16.4857448268489,4.14745174482509,18.5076680684279,6.15556807122304,17.1690688399086,4.82292070994367,4.82292070994367,0.000531586431874218,17.2396007248729,4.89290468525504,4.89290468525504,0.000570423045470935,17.4257520431497,5.07778137357937,5.07778137357937,0.000687094098328503,19.4476753213333,7.09428162166136,7.09428162166136,0.00517786491425437,18.1090760770965,5.75801455533632,5.75801455533632,0.00136029741320517,5.75801455533632,0.00136029741320517,0.00136029741320517,0.00000000586891777897027,18.1796079635116,5.82833139613837,5.82833139613837,0.00145963378126981,5.82833139613837,0.00145963378126981,0.00145963378126981,0.00000000629781114162856,18.3657592851604,6.01398272322275,6.01398272322275,0.00175801909443767,6.01398272322275,0.00175801909443767,0.00175801909443767,0.00000000758637194628921,20.3876825776427,8.0337830705127,8.0337830705127,0.0132021771247273,8.0337830705127,0.0132021771247273,0.0132021771247273,0.0000000572986321960658,"Andrew R. Garbarino","Republican"
"New York","NY","3603",5475593.28634342,6165666.41234235,8738185.13776309,56823528.4582516,14017518.8130391,60.4365812710797,15784106.0155964,68.053228158722,22369753.9526735,96.4472722174784,145468232.853124,627.186793500875,35884848.1613802,154.717648053964,154.717648053964,0.00066706567941152,40407311.3999268,174.216264086328,174.216264086328,0.000751134030467871,57266570.1188442,246.905016876745,246.905016876745,0.00106453184174279,372398676.103998,1605.59819136224,1605.59819136224,0.00692254220416658,91865211.2931333,396.077179018148,396.077179018148,0.00170768813929349,396.077179018148,0.00170768813929349,0.00170768813929349,0.00000000736270337087523,103442717.183813,445.993636061001,445.993636061001,0.00192290311799775,445.993636061001,0.00192290311799775,0.00192290311799775,0.00000000829060350246731,146602419.504241,632.076843204467,632.076843204467,0.00272520151486153,632.076843204467,0.00272520151486153,0.00272520151486153,0.0000000117497158398527,953340610.826234,4110.33136988733,4110.33136988733,0.0177217080426665,4110.33136988733,0.0177217080426665,0.0177217080426665,0.0000000764072060589407,15.5158113732271,15.6345069470086,15.9832131903682,17.8554610489387,16.4558185204292,4.11800544391691,16.5745141066664,4.23487762979396,16.9232203791226,4.57931143395049,18.7954682967061,6.44283756412151,17.3958257354483,5.04804441894186,5.04804441894186,0.000666843289994517,17.514521326551,5.16602100573668,5.16602100573668,0.000750852070486242,17.8632276103731,5.51304567633837,5.51304567633837,0.00106396562952011,19.7354755510086,7.38187429798422,7.38187429798422,0.00689869141766827,18.3358329769584,5.98413066738015,5.98413066738015,0.00170623169776578,5.98413066738015,0.00170623169776578,0.00170623169776578,0.00000000736270330879558,18.4545285699617,6.10254435751222,6.10254435751222,0.00192105670639861,6.10254435751222,0.00192105670639861,0.00192105670639861,0.00000000829060350265299,18.8032348582235,6.45059181004409,6.45059181004409,0.00272149488589338,6.45059181004409,0.00272149488589338,0.00272149488589338,0.0000000117497157978987,20.6754828078637,8.32150218931405,8.32150218931405,0.0175665094811984,8.32150218931405,0.0175665094811984,0.0175665094811984,0.0000000764072031986486,"Thomas R. Suozzi","Democrat"
"New York","NY","3604",4356140.45810671,4811693.73608042,6653433.53624241,44442052.9162139,11151719.5727532,48.0806778474988,12317935.9643659,53.108823888994,17032789.8527806,73.4369328795365,113771655.465507,490.526889501328,28548402.1062482,123.086535289597,123.086535289597,0.000530688026363527,31533916.0687766,135.958589155824,135.958589155824,0.000586185931519777,43603942.0231182,187.998548171613,187.998548171613,0.000810556396389478,291255437.991699,1255.7488371234,1255.7488371234,0.00541416549270304,73083909.3919953,315.101530341368,315.101530341368,0.00135856134749063,315.101530341368,0.00135856134749063,0.00135856134749063,0.0000000058574419898755,80726825.1360682,348.053988238911,348.053988238911,0.00150063598469063,348.053988238911,0.00150063598469063,0.00150063598469063,0.00000000646999728387728,111626091.579183,481.27628331933,481.27628331933,0.00207502437475706,481.27628331933,0.00207502437475706,0.00207502437475706,0.00000000894647483175286,745613921.25875,3214.7170230359,3214.7170230359,0.0138602636613198,3214.7170230359,0.0138602636613198,0.0138602636613198,0.0000000597585751357614,15.2870972368205,15.3865599160097,15.7106437509219,17.6096967394043,16.2271043554233,3.89346543082107,16.3265670478565,3.99099727586111,16.6506509178253,4.30995222833972,18.5497039841841,6.19751664714735,17.1671115592707,4.82097918744901,4.82097918744901,0.00053054726127228,17.2665742568775,4.91967861120007,4.91967861120007,0.000586014191657606,17.5906581405402,5.24173933339846,5.24173933339846,0.000810228072957979,19.4897112373194,7.13628337726762,7.13628337726762,0.00539956158697274,18.1071187964169,5.75606346053022,5.75606346053022,0.00135763933799973,5.75606346053022,0.00135763933799973,0.00135763933799973,0.00000000585744206976581,18.2065814960445,5.85522660433283,5.85522660433283,0.00149951115567657,5.85522660433283,0.00149951115567657,0.00149951115567657,0.0000000064699971837307,18.5306653850564,6.17851715174046,6.17851715174046,0.00207287448521434,6.17851715174046,0.00207287448521434,0.00207287448521434,0.00000000894647485422501,20.4297184937187,8.07580563607795,8.07580563607795,0.0137650886326104,8.07580563607795,0.0137650886326104,0.0137650886326104,0.0000000597585734138099,"Laura Gillen","Democrat"
"New York","NY","3605",5453099.0402915,5696731.16752423,7327351.30065736,52607443.937057,13959933.5431463,60.1883021790153,14583631.788862,62.8773793415705,18758019.3296828,80.8752657887157,134675056.478866,580.651975904683,35737429.8704544,154.082053578279,154.082053578279,0.000664325311611945,37334097.3794868,160.96609111442,160.96609111442,0.000694005863468182,48020529.4839881,207.040680419112,207.040680419112,0.000892656616014659,344768144.585897,1486.46905831599,1486.46905831599,0.00640891653138307,91487820.4683633,394.450057160394,394.450057160394,0.00170067279772658,394.450057160394,0.00170067279772658,0.00170067279772658,0.00000000733245670123219,95575289.2914862,412.073193252916,412.073193252916,0.00177665501047855,412.073193252916,0.00177665501047855,0.00177665501047855,0.00000000766005427662256,122932555.47901,530.024141872927,530.024141872927,0.00228520093699753,530.024141872927,0.00228520093699753,0.00228520093699753,0.0000000098526518131817,882606450.139895,3805.36078928893,3805.36078928893,0.0164068263203406,3805.36078928893,0.0164068263203406,0.0164068263203406,0.0000000707380889253663,15.511694819658,15.5554032644601,15.8071247945107,17.7783682064196,16.4517019664011,4.11395603038277,16.4954104159824,4.15696529779598,16.7471319698378,4.40519694022454,18.7183754533276,6.36587228932514,17.3917091812409,5.04395435477257,5.04395435477257,0.000664104745231858,17.435417632689,5.08738699921461,5.08738699921461,0.000693765152762186,17.6871391958431,5.33773363951629,5.33773363951629,0.000892258435039143,19.6583827072943,7.30483133607133,7.30483133607133,0.00638846675327168,18.3317164226809,5.9800245015106,5.9800245015106,0.00169922829126754,5.9800245015106,0.00169922829126754,0.00169922829126754,0.00000000733245661497954,18.3754248748582,6.0236248006315,6.0236248006315,0.00177507862581702,6.0236248006315,0.00177507862581702,0.00177507862581702,0.00000000766005433924742,18.6271464416447,6.27480748512921,6.27480748512921,0.00228259383641337,6.27480748512921,0.00228259383641337,0.00228259383641337,0.00000000985265175699348,20.5983899640183,8.24442883823695,8.24442883823695,0.0162736886163882,8.24442883823695,0.0162736886163882,0.0162736886163882,0.000000070738086440041,"Gregory W. Meeks","Democrat"
"New York","NY","3606",7139015.43963097,7742513.71005178,9951679.34706021,68199406.2677902,18275879.5254553,78.7965183405498,19820835.0977326,85.4575996809428,25476299.1284741,109.84115258202,174590480.045543,752.747463881704,46786251.5851655,201.719086951807,201.719086951807,0.00086971254721275,50741337.8501953,218.771455183214,218.771455183214,0.000943233892340043,65219325.7688938,281.193350609971,281.193350609971,0.00121236611226935,446951628.91659,1927.03350753716,1927.03350753716,0.00830841169137786,119772804.058024,516.400862596627,516.400862596627,0.00222646412086464,516.400862596627,0.00222646412086464,0.00222646412086464,0.00000000959940782548557,129897824.8965,560.054925269027,560.054925269027,0.00241467876439051,560.054925269027,0.00241467876439051,0.00241467876439051,0.0000000104108959177489,166961473.968368,719.854977561525,719.854977561525,0.00310365724740954,719.854977561525,0.00310365724740954,0.00310365724740954,0.000000013381429051207,1144196170.02647,4933.20577929513,4933.20577929513,0.0212695339299273,4933.20577929513,0.0212695339299273,0.0212695339299273,0.0000000917036697506199,15.7810855712738,15.8622370907375,16.1132519739778,18.0379464316878,16.7210927444069,4.37947987368628,16.8022442705239,4.45965411666284,17.0532591712359,4.7080981185515,18.9779536812441,6.62505738336801,17.6610999695552,5.31182121257594,5.31182121257594,0.000869334566395971,17.7422514982712,5.39258816630772,5.39258816630772,0.000942789326783153,17.9932664058081,5.64259247645497,5.64259247645497,0.00121163178992605,19.9179609362452,7.56425585444746,7.56425585444746,0.00827408683128532,18.601107215022,6.24881793692608,6.24881793692608,0.00222398922245817,6.24881793692608,0.00222398922245817,0.00222398922245817,0.0000000095994078891381,18.6822587447533,6.32981880673561,6.32981880673561,0.00241176811220806,6.32981880673561,0.00241176811220806,0.00241176811220806,0.0000000104108958689363,18.9332736549561,6.58043797636208,6.58043797636208,0.003098850845636,6.58043797636208,0.003098850845636,0.003098850845636,0.0000000133814289863891,20.8579681933733,8.5039470026029,8.5039470026029,0.0210464944803129,8.5039470026029,0.0210464944803129,0.0210464944803129,0.0000000917036655641798,"Grace Meng","Democrat"
"New York","NY","3607",7140203.62459825,8249484.30859462,10780789.5922957,72866704.9163267,18278921.2789715,78.8096328714481,21118679.8300022,91.0532617724463,27598821.3562769,118.992414572905,186538764.585797,804.262534365884,46794038.4741671,201.752660150907,201.752660150907,0.00086985729817781,54063820.3648057,233.096350137462,233.096350137462,0.00100499572691642,70652982.672069,304.620581306636,304.620581306636,0.0013133726991582,477539237.339639,2058.91208797666,2058.91208797666,0.00887700665108161,119792738.493868,516.486809986322,516.486809986322,0.00222683468333519,516.486809986322,0.00222683468333519,0.00222683468333519,0.00000000960100550687028,138403380.133903,596.726656351904,596.726656351904,0.00257278906090603,596.726656351904,0.00257278906090603,0.00257278906090603,0.0000000110925890128397,180871635.640497,779.828688144988,779.828688144988,0.00336223410984499,779.828688144988,0.00336223410984499,0.00336223410984499,0.0000000144962840958005,1222500447.58948,5270.81494522026,5270.81494522026,0.0227251370267689,5270.81494522026,0.0227251370267689,0.0227251370267689,0.0000000979795075814114,15.7812519928124,15.9256613695277,16.1932764595589,18.1041423836889,16.7212591659597,4.37964420984536,16.8656685541509,4.52236734184158,17.1332836615262,4.78742852889163,19.0441496338175,6.69116835389691,17.6612663911136,5.31198681325918,5.31198681325918,0.000869479191568169,17.8056757837876,5.45573278333501,5.45573278333501,0.00100449105681015,18.073290897938,5.72234440223222,5.72234440223222,0.00131251097965804,19.9841568890422,7.63041858513351,7.63041858513351,0.00883783765913938,18.6012736365826,6.24898403686556,6.24898403686556,0.00222435896164911,6.24898403686556,0.00222435896164911,0.00222435896164911,0.00000000960100550005519,18.7456830310077,6.39313355304873,6.39313355304873,0.00256948510483804,6.39313355304873,0.00256948510483804,0.00256948510483804,0.000000011092589007983,19.0132981478045,6.66035577641288,6.66035577641288,0.00335659443846831,6.66035577641288,0.00335659443846831,0.00335659443846831,0.0000000144962840679778,20.9241641462576,8.57012997412854,8.57012997412854,0.0224707676093856,8.57012997412854,0.0224707676093856,0.0224707676093856,0.0000000979795028183704,"Nydia M. Velázquez","Democrat"
"New York","NY","3608",5904790.78828968,6294474.5393817,8086793.10120334,60966054.0312906,15116264.4180216,65.1738267806055,16113854.8208172,69.4749412829611,20702190.3390805,89.2575658791599,156073098.320104,672.909707963298,38697636.9101352,166.84499655835,166.84499655835,0.000719352784801831,41251468.3412919,177.85584968438,177.85584968438,0.000766826116472786,52997607.2680462,228.499368650649,228.499368650649,0.000985175825196649,399547131.699467,1722.64885238604,1722.64885238604,0.00742720653757332,99065950.4899463,427.123191189377,427.123191189377,0.00184154312909269,427.123191189377,0.00184154312909269,0.00184154312909269,0.0000000079398196264292,105603758.953707,455.310975192014,455.310975192014,0.00196307485817033,455.310975192014,0.00196307485817033,0.00196307485817033,0.000000008463804100385,135673874.606198,584.958383745663,584.958383745663,0.00252205011250342,584.958383745663,0.00252205011250342,0.00252205011250342,0.0000000108738278597681,1022840657.15063,4409.98106210826,4409.98106210826,0.0190136487361877,4409.98106210826,0.0190136487361877,0.0190136487361877,0.0000000819774128667805,15.5912747467531,15.6551829081505,15.9057429312868,17.9258277923511,16.5312819020445,4.1922850189134,16.5951900698309,4.25525720383858,16.845750114424,4.50266742615531,18.8658350408472,6.51309613749212,17.4712891202234,5.12304091397579,5.12304091397579,0.000719094174601109,17.5351972905055,5.18658017237944,5.18658017237944,0.000766532255543605,17.7857573434801,5.43590027851925,5.43590027851925,0.000984690857985874,19.8058422954343,7.45219874856701,7.45219874856701,0.00739976065282058,18.4112963629678,6.05941098404844,6.05941098404844,0.0018398495674038,6.05941098404844,0.0018398495674038,0.0018398495674038,0.00000000793981965908516,18.4752045342248,6.12317454022357,6.12317454022357,0.00196115054469027,6.12317454022357,0.00196115054469027,0.00196115054469027,0.00000000846380406620331,18.7257645904735,6.37324876955628,6.37324876955628,0.00251887508138965,6.37324876955628,0.00251887508138965,0.00251887508138965,0.0000000108738277790336,20.7458495524006,8.39185240676275,8.39185240676275,0.0188351483964083,8.39185240676275,0.0188351483964083,0.0188351483964083,0.000000081977409497833,"Hakeem S. Jeffries","Democrat"
"New York","NY","3609",6331871.92831072,6815623.73135681,8890755.75302442,67530557.606343,16209592.1364754,69.8877130534598,17447996.7522735,75.2270988754025,22760334.7277425,98.1312625919677,172878227.472238,745.365080937665,41496555.8693771,178.912545416857,178.912545416857,0.000771382063810286,44666871.68582,192.581373121031,192.581373121031,0.000830315262148869,58266456.9030209,251.216032235437,251.216032235437,0.00108311879950339,442568262.32893,1908.13460720042,1908.13460720042,0.00822692901663567,106231183.025605,458.016116267154,458.016116267154,0.00197473808335433,458.016116267154,0.00197473808335433,0.00197473808335433,0.00000000851409013646011,114347191.515699,493.008315189838,493.008315189838,0.0021256070711011,493.008315189838,0.0021256070711011,0.0021256070711011,0.00000000916456230352876,149162129.671733,643.113042522719,643.113042522719,0.00277278412672869,643.113042522719,0.00277278412672869,0.00277278412672869,0.0000000119548684369389,1132974751.56206,4884.82459443307,4884.82459443307,0.0210609382825873,4884.82459443307,0.0210609382825873,0.0210609382825873,0.0000000908043088893003,15.6611066316059,15.7347282889563,16.000522727942,18.0280907734899,16.601113793858,4.26109711885085,16.6747354580393,4.33371702775797,16.9405299178932,4.59644485669292,18.9680980229577,6.61521486512909,17.541121014756,5.19247087402734,5.19247087402734,0.000771084701576141,17.6147426816055,5.26569795699587,5.26569795699587,0.000829970741125847,17.8805371496111,5.53028599104025,5.53028599104025,0.00108253264954488,19.9081052779243,7.55440533313116,7.55440533313116,0.00819327230436718,18.4811282585625,6.12908532113729,6.12908532113729,0.00197279085119968,6.12908532113729,0.00197279085119968,0.00197279085119968,0.0000000085140900633646,18.5547499264544,6.20255234941435,6.20255234941435,0.00212335116460566,6.20255234941435,0.00212335116460566,0.00212335116460566,0.00000000916456217822617,18.8205443976441,6.46787424256801,6.46787424256801,0.00276894705210517,6.46787424256801,0.00276894705210517,0.00276894705210517,0.0000000119548683570726,20.8481125350388,8.49409335154845,8.49409335154845,0.0208422223011494,8.49409335154845,0.0208422223011494,0.0208422223011494,0.0000000908043048382013,"Yvette D. Clarke","Democrat"
"New York","NY","3610",7918076.46411192,9305794.51027906,12487127.5795849,86200714.1060241,20270275.7481265,87.3953646132641,23822833.9463144,102.712231680017,31967046.6037374,137.826032968548,220673828.111421,951.435979857598,51891905.9152039,223.732133409956,223.732133409956,0.000964621873822994,60986454.9025648,262.943313100843,262.943313100843,0.00113368101187236,81835639.3055678,352.834644399482,352.834644399482,0.00152124780040717,564924999.965238,2435.67610843545,2435.67610843545,0.0105014260398607,132843279.142922,572.754261529489,572.754261529488,0.00246943199698687,572.754261529489,0.00246943199698687,0.00246943199698687,0.0000000106469646711281,156125324.550566,673.134881538157,673.134881538157,0.00290222339039324,673.134881538157,0.00290222339039324,0.00290222339039324,0.0000000125129462738564,209499236.622254,903.256689662675,903.256689662675,0.00389439436904235,903.256689662675,0.00389439436904235,0.00389439436904235,0.0000000167906949100954,1446207999.91101,6235.33083759476,6235.33083759476,0.0268836506620434,6235.33083759476,0.0268836506620434,0.0268836506620434,0.000000115908953629408,15.8846589898931,16.04614793718,16.34020895812,18.2721890314931,16.8246661714246,4.48181953176722,16.9861551301881,4.64162006083523,17.2802161678112,4.9332215878963,19.2121962829153,6.85902289199405,17.7646733998536,5.41490917479673,5.41490917479673,0.00096415692511911,17.9261623631001,5.57573435698714,5.57573435698714,0.00113303888082264,18.2202234072401,5.86882969778953,5.86882969778953,0.00152009187512277,20.1522035386453,7.79839013893912,7.79839013893912,0.0104466690825722,18.7046806466019,6.35220118884955,6.35220118884955,0.00246638796012447,6.35220118884955,0.00246638796012447,0.00246638796012447,0.0000000106469645865783,18.8661696115996,6.51343021186727,6.51343021186727,0.00289802007077387,6.51343021186727,0.00289802007077387,0.00289802007077387,0.0000000125129461564349,19.1602306582853,6.80711326882826,6.80711326882826,0.00388683084582676,6.80711326882826,0.00388683084582676,0.00388683084582676,0.0000000167906946935483,21.0922107960581,8.73814728162397,8.73814728162397,0.026528634033966,8.73814728162397,0.026528634033966,0.026528634033966,0.000000115908946828853,"Daniel S. Goldman","Democrat"
"New York","NY","3611",5053260.27425656,5640699.6621187,7278594.13022738,55021059.9603657,12936346.3020968,55.7751022178223,14440191.1350239,62.2589344620671,18633200.9733821,80.3371110100199,140853913.498536,607.292139503701,33117046.5333678,142.784261677625,142.784261677625,0.00061561484241304,36966889.3056611,159.382872222892,159.382872222892,0.000687179809693331,47700994.4918581,205.663004185651,205.663004185651,0.000886716760127228,360586018.556252,1554.66787712948,1554.66787712948,0.00670295597665059,84779639.1254216,365.527709894721,365.527709894721,0.00157597399657738,365.527709894721,0.00157597399657738,0.00157597399657738,0.00000000679481738498962,94635236.6224924,408.020152890603,408.020152890603,0.00175918031281493,408.020152890603,0.00175918031281493,0.00175918031281493,0.00000000758471205667473,122114545.899157,526.497290715267,526.497290715267,0.0022699949059257,526.497290715267,0.0022699949059257,0.0022699949059257,0.00000000978709095716003,923100207.504007,3979.94976545146,3979.94976545146,0.0171595673002255,3979.94976545146,0.0171595673002255,0.0171595673002255,0.0000000739835342865358,15.435544389697,15.5455188466303,15.8004484249334,17.8232265964512,16.375551527598,4.03909788839198,16.48552599709,4.14723637394916,16.7404555997033,4.39860238239098,18.7632338438674,6.41065525917133,17.3155587389838,4.96831399338371,4.96831399338371,0.000615425429328932,17.4255332133816,5.07756390807805,5.07756390807805,0.000686943809757885,17.6804628254911,5.33108946753166,5.33108946753166,0.000886323859064998,19.7032410980325,7.34966023538049,7.34966023538049,0.00668059105234723,18.2555659790746,5.90407412527553,5.90407412527553,0.00157473345276383,5.90407412527553,0.00157473345276383,0.00157473345276383,0.00000000679481735233699,18.3655404553887,6.01376442840006,6.01376442840006,0.0017576347674583,6.01376442840006,0.0017576347674583,0.0017576347674583,0.00000000758471194083538,18.6204700712077,6.26814372925223,6.26814372925223,0.00226742235986467,6.26814372925223,0.00226742235986467,0.00226742235986467,0.00000000978709086758712,20.643248354834,8.28927570434533,8.28927570434533,0.0170140047591268,8.28927570434533,0.0170140047591268,0.0170140047591268,0.0000000739835314510788,"Nicole Malliotakis","Republican"
"New York","NY","3612",11113686.6742185,13043742.1106557,17858597.6723078,109447867.113293,28451037.8859994,122.66674911428,33391979.8032786,143.969637430118,45718010.041108,197.113359807392,280186539.81003,1208.02524399253,72834656.9881584,314.026877732557,314.026877732557,0.00135392797901816,85483468.2963933,368.562271821102,368.562271821102,0.0015890575209109,117038105.705236,504.610201106922,504.610201106922,0.00217562864271287,717277541.913677,3092.54462462088,3092.54462462088,0.0133335169392805,186456721.889685,803.908806995345,803.908806995345,0.00346605562628648,803.908806995345,0.00346605562628648,0.00346605562628648,0.0000000149439109261826,218837678.838767,943.519415862022,943.519415862022,0.0040679872535319,943.519415862022,0.0040679872535319,0.0040679872535319,0.0000000175391412372568,299617550.605405,1291.80211483372,1291.80211483372,0.00556960932534494,1291.80211483372,0.00556960932534494,0.00556960932534494,0.0000000240133900392029,1836230507.29901,7916.91423902945,7916.91423902945,0.0341338033645582,7916.91423902945,0.0341338033645582,0.0341338033645582,0.000000147168012302878,16.2236880304133,16.3838191216355,16.6979956685375,18.5109589035643,17.1636952340738,4.81759044063139,17.3238263334091,4.97652432346028,17.6380028929067,5.28883939114479,19.4509661564881,7.0975697304568,18.1037024711469,5.75265796132067,5.75265796132067,0.00135301224499747,18.2638335736514,5.91231925615107,5.91231925615107,0.00158779630492832,18.5780101380692,6.22576601886907,6.22576601886907,0.00217326538980373,20.3909734128046,8.03707284015256,8.03707284015256,0.0132454079400837,19.0437097212718,6.69072898776594,6.69072898776594,0.00346006269937047,6.69072898776594,0.00346006269937047,0.00346006269937047,0.0000000149439108858844,19.2038408250143,6.85067624349261,6.85067624349261,0.00405973536486629,6.85067624349261,0.00405973536486629,0.00405973536486629,0.0000000175391410966559,19.518017391354,7.16456732362079,7.16456732362079,0.00555415640260274,7.16456732362079,0.00555415640260274,0.00555415640260274,0.0000000240133896548568,21.3309806704465,8.97688309646691,8.97688309646691,0.0335641713550804,8.97688309646691,0.0335641713550804,0.0335641713550804,0.000000147168001391933,"Jerrold Nadler","Democrat"
"New York","NY","3613",21972435.1357314,18285136.817523,21892280.0151455,176598185.702889,56249433.9474724,242.519630724976,46809950.2528589,201.821263840255,56044236.8387725,241.63492267486,452091355.399395,1949.19345620085,143998550.90553,620.850254655938,620.850254655938,0.00267679803916375,119833472.647319,516.662435431053,516.662435431053,0.00222759189305292,143473246.307257,618.585402047642,618.585402047642,0.00266703311924077,1157353869.82245,4989.93524787417,4989.93524787417,0.0215141232316412,368636290.318155,1589.3766519192,1589.3766519192,0.0068526029802592,1589.3766519192,0.0068526029802592,0.0068526029802592,0.0000000295450216588714,306773689.977136,1322.65583470349,1322.65583470349,0.00570263524621548,1322.65583470349,0.00570263524621548,0.00570263524621548,0.0000000245869317611783,367291510.546579,1583.57862924197,1583.57862924197,0.00682760478525637,1583.57862924197,0.00682760478525637,0.00682760478525637,0.0000000294372418538953,2962825906.74548,12774.2342345579,12774.2342345579,0.0550761554730015,12774.2342345579,0.0550761554730015,0.0550761554730015,0.000000237461036488597,16.9052993228622,16.7215991467274,16.9016446675945,18.9893875782609,17.8453065536201,5.49519755826685,17.6616063718926,5.31232511750382,17.8416518982508,5.49155793781874,19.9293948333017,7.5756838549451,18.7853138012781,6.43269931561311,6.43269931561311,0.00267322179579179,18.6016136173661,6.24932336077889,6.24932336077889,0.00222511448864716,18.7816591458691,6.42905054798053,6.42905054798053,0.00266348289738299,20.8694020904453,8.51537859560748,8.51537859560748,0.0212859611531788,19.7253210555378,7.37172615516024,7.37172615516024,0.00682923061008726,7.37172615516024,0.00682923061008726,0.00682923061008726,0.0000000295450213259907,19.5416208707723,7.18815275912834,7.18815275912834,0.00568643677531063,7.18815275912834,0.00568643677531063,0.00568643677531063,0.0000000245869315215748,19.7216664001133,7.36807380190856,7.36807380190856,0.0068044022436887,7.36807380190856,0.0068044022436887,0.0068044022436887,0.0000000294372413220279,21.8094093484102,9.45526375028995,9.45526375028995,0.0536129496052636,9.45526375028995,0.0536129496052636,0.0536129496052636,0.000000237461008195907,"Adriano Espaillat","Democrat"
"New York","NY","3614",11302319.5916505,10816247.0108454,13009895.4302256,96150860.5438225,28933938.1546252,124.748775307352,27689592.3477642,119.383774019412,33305332.3013775,143.596056423349,246146202.992186,1061.26021303193,74070881.6758405,319.356864786822,319.356864786822,0.00137690823679953,70885356.4102763,305.622461489694,305.622461489694,0.00131769230906313,85261650.6915263,367.605904443772,367.605904443772,0.00158493413962667,630134279.659995,2716.82614536173,2716.82614536173,0.0117136054050317,189621457.090152,817.553573854264,817.553573854264,0.0035248850862068,817.553573854264,0.0035248850862068,0.0035248850862068,0.0000000151975543478915,181466512.410307,782.393501413617,782.393501413617,0.0033732923112016,782.393501413617,0.0033732923112016,0.0033732923112016,0.0000000145439615695328,218269825.770307,941.071115376057,941.071115376057,0.00405743139744427,941.071115376057,0.00405743139744427,0.00405743139744427,0.0000000174936296269044,1613143755.92959,6955.07493212603,6955.07493212603,0.0299868298368811,6955.07493212603,0.0299868298368811,0.0299868298368811,0.000000129288321469053,16.2405186246916,16.1965600069988,16.381220889675,18.3814289903731,17.1805258292672,4.83428606982588,17.1365672091514,4.79068475651216,17.3212281013271,4.97394403703844,19.3214362425269,6.96815419347628,18.1205330666977,5.76943557687626,5.76943557687626,0.00137596116790494,18.0765744456355,5.72561722366854,5.72561722366854,0.00131682491444172,18.2612353415219,5.90972806367436,5.90972806367436,0.00158367945706429,20.2614434985427,7.90758762848639,7.90758762848639,0.0116455322019814,19.0605403169623,6.70753884837018,6.70753884837018,0.00351868723896742,6.70753884837018,0.00351868723896742,0.00351868723896742,0.0000000151975542106245,19.0165816955304,6.66363512583559,6.66363512583559,0.00336761552342058,6.66363512583559,0.00336761552342058,0.00336761552342058,0.000000014543961484855,19.2012425928663,6.84808076575662,6.84808076575662,0.00404922222062766,6.84808076575662,0.00404922222062766,0.00404922222062766,0.00000001749362950296,21.2014507560671,8.84737064771719,8.84737064771719,0.0295460155936607,8.84737064771719,0.0295460155936607,0.0295460155936607,0.000000129288313024414,"Alexandria Ocasio-Cortez","Democrat"
"New York","NY","3615",13833899.5454553,11769145.245915,14170370.3876988,111164457.441863,35414782.8363657,152.690959765055,30129011.8295424,129.901339626501,36276148.1925088,156.404739503464,284581011.05117,1226.9720220815,90661844.0610962,390.88885699854,390.88885699854,0.00168531867080333,77130270.2836285,332.547429443842,332.547429443842,0.0014337794023416,92866939.3728226,400.396133128868,400.396133128868,0.00172630932501117,728527388.290997,3141.04837652864,3141.04837652864,0.0135426410348658,232094320.796406,1000.67547391626,1000.67547391626,0.00431441579725652,1000.67547391626,0.00431441579725652,0.00431441579725652,0.0000000186016187633417,197453491.926089,851.321419376236,851.321419376236,0.00367047526999451,851.321419376236,0.00367047526999451,0.00367047526999451,0.0000000158252669332724,237739364.794426,1025.0141008099,1025.0141008099,0.00441935187202859,1025.0141008099,0.00441935187202859,0.00441935187202859,0.000000019054051015855,1865030114.02495,8041.08384391333,8041.08384391333,0.0346691610492563,8041.08384391333,0.0346691610492563,0.0346691610492563,0.000000149476208828376,16.4426326989781,16.2809919401497,16.4666638207587,18.5265212703634,17.3826399134202,5.03494383141106,17.2209991468639,4.87444390683217,17.4066710362468,5.05882044673368,19.4665285233731,7.11311932512629,18.3226471547049,5.97097827152383,5.97097827152383,0.00168390011488104,18.1610063851298,5.80978507246668,5.80978507246668,0.0014327525220836,18.34667827794,5.99494880285512,5.99494880285512,0.00172482096573461,20.4065357797233,8.05263021542799,8.05263021542799,0.01345175907358,19.2626544064749,6.90942935085781,6.90942935085781,0.00430513538887272,6.90942935085781,0.00430513538887272,0.00430513538887272,0.0000000186016185168185,19.1010136357207,6.74796370847638,6.74796370847638,0.00366375551375376,6.74796370847638,0.00366375551375376,0.00366375551375376,0.0000000158252667494943,19.2866855298697,6.93343676911571,6.93343676911571,0.00440961521248741,6.93343676911571,0.00440961521248741,0.00440961521248741,0.0000000190540508221357,21.3465430373783,8.99244351315683,8.99244351315683,0.034081724457872,8.99244351315683,0.034081724457872,0.034081724457872,0.000000149476197572381,"Ritchie Torres","Democrat"
"New York","NY","3616",8899591.75166111,7711563.14093402,8440007.05475205,68030784.483001,22782954.8842524,98.2287894756843,19741601.6407911,85.1159843548856,21606418.0601652,93.1561468535663,174158808.276483,750.88630954325,58324364.5036862,251.465701057752,251.465701057752,0.00108419524750193,50538500.2004252,217.896919948507,217.896919948507,0.000939463330624256,55312430.234023,238.47973594513,238.47973594513,0.0010282062136094,445846549.187795,1922.26895243072,1922.26895243072,0.00828786929541238,149310373.129437,643.752194707845,643.752194707845,0.00277553983360493,643.752194707845,0.00277553983360493,0.00277553983360493,0.0000000119667496767508,129378560.513089,557.816115068178,557.816115068178,0.0024050261263981,557.816115068178,0.0024050261263981,0.0024050261263981,0.0000000103692785353655,141599821.399099,610.508124019532,610.508124019532,0.00263220790684006,610.508124019532,0.00263220790684006,0.00263220790684006,0.0000000113487735744032,1141367165.92076,4921.00851822264,4921.00851822264,0.0212169453962557,4921.00851822264,0.0212169453962557,0.0212169453962557,0.0000000914769341042075,16.0015160754151,15.8582315966803,15.9484938209262,18.0354708883813,16.9415232654343,4.59742818867492,16.7982387761508,4.45569504292418,16.8885010072169,4.54495454084844,18.9754781379154,6.62258512840235,17.8815304971788,5.53127540209364,5.53127540209364,0.00108360793230591,17.7382460037748,5.38860093384283,5.38860093384283,0.000939022311142348,17.8285082375049,5.47846880343891,5.47846880343891,0.0010276779716639,19.915485392908,7.56178159666757,7.56178159666757,0.00825371349611678,18.8215377452223,6.46886604872285,6.46886604872285,0.00277169513535335,6.46886604872285,0.00277169513535335,0.00277169513535335,0.0000000119667495196508,18.6782532502086,6.32582046567166,6.32582046567166,0.00240213867972694,6.32582046567166,0.00240213867972694,0.00240213867972694,0.0000000103692784931569,18.7685154849795,6.41592824043478,6.41592824043478,0.00262874971473223,6.41592824043478,0.00262874971473223,0.00262874971473223,0.0000000113487734121299,20.8554926500326,8.50147196159206,8.50147196159206,0.0209949998592071,8.50147196159206,0.0209949998592071,0.0209949998592071,0.0000000914769298436533,"George Latimer","Democrat"
"New York","NY","3617",6196561.69411024,4776165.49391454,5122917.84974231,42349152.2286147,15863197.9369222,68.3942332534787,12226983.6644212,52.71668273044,13114669.6953403,56.5439441499816,108413829.705254,467.426605041951,40609786.7185209,175.089237128906,175.089237128906,0.00075489785678684,31301078.1809183,134.954707789926,134.954707789926,0.000581857693508054,33573554.4200712,144.752497023953,144.752497023953,0.000624100895976122,277539404.045449,1196.6121089074,1196.6121089074,0.00515919728266521,103961053.999413,448.228447049998,448.228447049998,0.00193253851337431,448.228447049998,0.00193253851337431,0.00193253851337431,0.0000000083321465432523,80130760.1431509,345.484051942211,345.484051942211,0.00148955569538062,345.484051942211,0.00148955569538062,0.00148955569538062,0.00000000642222457785682,85948299.3153823,370.56639238132,370.56639238132,0.00159769829369887,370.56639238132,0.00159769829369887,0.00159769829369887,0.00000000688848176782738,710500874.356349,3063.32699880293,3063.32699880293,0.0132075450436229,3063.32699880293,0.0132075450436229,0.0132075450436229,0.0000000569443765381544,15.6395052921007,15.3791487939818,15.4492349224176,17.5614589842607,16.5795124522514,4.23980376972996,16.3191559248867,3.98372361863965,16.3892420619584,4.05254890200261,18.5014662283628,6.14937942994388,17.5195196723285,5.17099089568382,5.17099089568382,0.000754613064716686,17.2591631335396,4.9123217993125,4.9123217993125,0.000581688479956034,17.3292492739847,4.98190995732366,4.98190995732366,0.000623906226003611,19.4414734812335,7.08808494403242,7.08808494403242,0.00514593422263452,18.4595269158143,6.10753154910936,6.10753154910936,0.00193067356316041,6.10753154910936,0.00193067356316041,0.00193067356316041,0.00000000833214649357695,18.1991703725629,5.84783679142992,5.84783679142992,0.00148844740773014,5.84783679142992,0.00148844740773014,0.00148844740773014,0.00000000642222450933363,18.2692565143257,5.9177275625411,5.9177275625411,0.00159642333160261,5.9177275625411,0.00159642333160261,0.00159642333160261,0.00000000688848176125788,20.3814807375293,8.02758324801291,8.02758324801291,0.0131210858642244,8.02758324801291,0.0131210858642244,0.0131210858642244,0.0000000569443749261321,"Michael Lawler","Republican"
"New York","NY","3618",2805480.30431199,2846230.48314229,2806619.55852343,23411797.0168889,7182029.57903868,30.9653455889147,7286350.03684425,31.4151236067289,7184946.06981998,30.9779200490942,59934200.3632355,258.406513983093,18385995.722339,79.2712847076216,79.2712847076216,0.000341778420603123,18653056.0943213,80.422716433226,80.422716433226,0.000346742822505538,18393461.9387391,79.3034753256811,79.3034753256811,0.000341917210565203,153431552.929883,661.520675796718,661.520675796718,0.00285214870181579,47068149.0491879,202.934488851511,202.934488851511,0.000874952756743994,202.934488851511,0.000874952756743994,0.000874952756743994,0.00000000377236186350792,47751823.6014625,205.882154069059,205.882154069059,0.000887661625614178,205.882154069059,0.000887661625614178,0.000887661625614178,0.00000000382715619598435,47087262.5631722,203.016896833744,203.016896833744,0.000875308059046921,203.016896833744,0.000875308059046921,0.000875308059046921,0.00000000377389375062668,392784775.500501,1693.4929300396,1693.4929300396,0.00730150067664842,1693.4929300396,0.00730150067664841,0.00730150067664842,0.0000000314804456431068,14.8470856702094,14.8615063906357,14.8474916693359,16.9687506420234,15.7870927114921,3.46465236563889,15.8015134350283,3.47862509187679,15.7874987107068,3.46504566617542,17.9087578744863,5.55839638329832,16.7270998851364,4.38541195684438,4.38541195684438,0.000341720027663424,16.7415206098874,4.3996543057365,4.3996543057365,0.000346682721105735,16.7275058843856,4.38581289928993,4.38581289928993,0.00034185877019656,18.8487651228104,6.49605176612316,6.49605176612316,0.00284808904304229,17.6671071104845,5.31779880918912,5.31779880918912,0.00087457020870543,5.31779880918912,0.00087457020870543,0.00087457020870543,0.00000000377236174918922,17.6815278357099,5.3321493271361,5.3321493271361,0.000887267887020561,5.3321493271361,0.000887267887020561,0.000887267887020561,0.00000000382715614022757,17.667513109747,5.31820281803059,5.31820281803059,0.000874925200344365,5.31820281803059,0.000874925200344365,0.000874925200344365,0.00000000377389363491282,19.7887723773303,7.43513881873955,7.43513881873955,0.00727497376648897,7.43513881873955,0.00727497376648897,0.00727497376648897,0.0000000314804450881445,"Patrick Ryan","Democrat"
"New York","NY","3619",2974830.3115778,7465527.7302994,3033596.77221615,48085912.6072475,7615565.59763917,32.8345376457654,19111750.9895665,82.4003810745124,7766007.73687335,33.4831694539828,123099936.274553,530.745804756925,19495847.9299563,84.0564163731595,84.0564163731595,0.000362409532474939,48926082.5332901,210.944975550752,210.944975550752,0.000909489998097238,19880979.8063958,85.7169138021959,85.7169138021959,0.000369568772933887,315135836.862857,1358.70926017773,1358.70926017773,0.005858079715942,49909370.7006881,215.184425915289,215.184425915289,0.000927768403135845,215.184425915289,0.000927768403135845,0.000927768403135845,0.00000000400007670720597,125250771.285223,540.019137409926,540.019137409926,0.00232829439512893,540.019137409926,0.00232829439512893,0.00232829439512893,0.000000010038449408273,50895308.3043732,219.435299333621,219.435299333621,0.000946096058710751,219.435299333621,0.000946096058710751,0.000946096058710751,0.00000000407909645816438,806747742.368914,3478.29570605498,3478.29570605498,0.0149966840728115,3478.29570605498,0.0149966840728115,0.0149966840728115,0.0000000646582557050033,14.9056978933636,15.8258068143507,14.9252598566729,17.688499835787,15.8457049470115,3.52148210462157,16.765813991217,4.42365287859302,15.865266914289,3.54047136309019,18.6285070816058,6.2761655645465,16.7857121254859,4.44331475836143,4.44331475836143,0.000362343878002461,17.7058212178237,5.35632669169436,5.35632669169436,0.000909076662666246,16.8052740943135,4.46264894898376,4.46264894898376,0.000369500499215667,19.5685143351471,7.21502617659497,7.21502617659497,0.00584098788468524,17.7257193527208,5.37613186706597,5.37613186706597,0.000927338292039413,5.37613186706597,0.000927338292039413,0.000927338292039413,0.00000000400007670630527,18.6458284638601,6.29345465236118,6.29345465236118,0.00232558811759349,6.29345465236118,0.00232558811759349,0.00232558811759349,0.0000000100384493546735,17.7452813221538,5.39560422477035,5.39560422477035,0.000945648791917171,5.39560422477035,0.000945648791917171,0.000945648791917171,0.00000000407909638567455,20.5085215917048,8.15458516896872,8.15458516896872,0.0148853455650758,8.15458516896872,0.0148853455650758,0.0148853455650758,0.0000000646582535481607,"Josh Riley","Democrat"
"New York","NY","3620",3569740.06535753,4803075.90807442,4661747.78990344,36479573.5502876,9138534.56731527,39.4008236723298,12295874.3246705,53.0137050524719,11934074.3421528,51.453803165487,93387708.2887363,402.64143012685,23394648.4923271,100.866108601164,100.866108601164,0.000434884579166843,31477438.2711565,135.715084934328,135.715084934328,0.000585136062219181,30551230.3159112,131.721736103647,131.721736103647,0.000567918724802465,239072533.219165,1030.76206112474,1030.76206112474,0.00444413422298125,59890300.1403574,258.217238018981,258.217238018981,0.00111330452266712,258.217238018981,0.00111330452266712,0.00111330452266712,0.00000000480001633392095,80582241.9741607,347.43061743188,347.43061743188,0.0014979483192811,347.43061743188,0.0014979483192811,0.0014979483192811,0.00000000645840940508656,78211149.6087326,337.207644425335,337.207644425335,0.00145387193549431,337.207644425335,0.00145387193549431,0.00145387193549431,0.00000000626837392260247,612025685.041063,2638.75087647932,2638.75087647932,0.011376983610832,2638.75087647932,0.011376983610832,0.011376983610832,0.0000000490519045336466,15.0880036204132,15.3847672930264,15.3549012125064,17.4122630605555,16.028010708199,3.69885017268823,16.3247744246461,3.98923781163119,16.2949083402798,3.95993284251836,18.3522703023424,6.00052693466519,16.9680179000085,4.62365929021754,4.62365929021754,0.000434790044275103,17.2647816335783,4.91789908829518,4.91789908829518,0.000584964936864607,17.2349155477095,4.88825472674635,4.88825472674635,0.000567757519994715,19.2922775543086,6.93902335853261,6.93902335853261,0.00443428821901624,17.9080251324524,5.55766646696964,5.55766646696964,0.00111268525876405,5.55766646696964,0.00111268525876405,0.00111268525876405,0.00000000480001637284526,18.2047888727107,5.85343912123158,5.85343912123158,0.00149682751383039,5.85343912123158,0.00149682751383039,0.00149682751383039,0.00000000645840934200838,18.1749227862549,5.82366003947732,5.82366003947732,0.00145281608694715,5.82366003947732,0.00145281608694715,0.00145281608694715,0.00000000626837380036019,20.2322848102512,7.87843982671775,7.87843982671775,0.011312752444976,7.87843982671775,0.011312752444976,0.011312752444976,0.0000000490519033351441,"Paul Tonko","Democrat"
"New York","NY","3621",1217236.21732912,1510995.78067759,1421367.35007634,12624052.1304929,3116124.71636256,13.4351825870983,3868149.19853462,16.6775387658791,3638700.41619543,15.6882695402517,32317573.4540618,139.337330706748,7977279.27388814,34.3940674229716,34.3940674229716,0.000148290141698818,9902461.94824863,42.6944992406506,42.6944992406506,0.000184077482441858,9315073.06546032,40.1619700230444,40.1619700230444,0.000173158473883877,82732988.0423984,356.703566609275,356.703566609275,0.00153792867201378,20421834.9411536,88.0488126028073,88.0488126028073,0.000379622762748974,88.0488126028073,0.000379622762748974,0.000379622762748974,0.00000000163674486613768,25350302.5875165,109.297918056065,109.297918056065,0.000471238355051158,109.297918056065,0.000471238355051158,0.000471238355051158,0.0000000020317458120054,23846587.0475784,102.814643258994,102.814643258994,0.000443285693142725,102.814643258994,0.000443285693142725,0.000443285693142725,0.00000000191122781265729,211796449.38854,913.161130519745,913.161130519745,0.00393709740035528,913.161130519745,0.00393709740035528,0.00393709740035528,0.0000000169748091785967,14.0120942727198,14.228280110662,14.1671305924015,16.3511145307482,14.9521010305898,2.66966846195061,15.16828696586,2.87229483744417,15.1071374221687,2.81470604986885,17.2911217409687,4.94404902945477,15.8921080935259,3.56654421917377,3.56654421917377,0.000148279147802707,16.1082940668149,3.77722221867857,3.77722221867857,0.000184060542260826,16.0471445131897,3.71751477238229,3.71751477238229,0.000173143483685662,18.2311289806043,5.87970461716655,5.87970461716655,0.00153674727083248,16.8321152756285,4.48918467559632,4.48918467559632,0.000379550724259113,4.48918467559632,0.000379550724259113,0.000379550724259113,0.00000000163674496044654,17.0483012637687,4.70318505079632,4.70318505079632,0.000471127357127121,4.70318505079632,0.000471127357127121,0.000471127357127121,0.00000000203174588058288,16.987151706263,4.64260703264137,4.64260703264137,0.000443187471065686,4.64260703264137,0.000443187471065686,0.000443187471065686,0.00000000191122784082834,19.1711362317302,6.81800684751371,6.81800684751371,0.00392936731514135,6.81800684751371,0.00392936731514135,0.00392936731514135,0.0000000169748089698179,"Elise M. Stefanik","Republican"
"New York","NY","3622",2373012.72460344,2019741.8287988,1356949.11735713,21702707.108354,6074912.5749848,26.1920067630836,5170539.08172492,22.2927972914353,3473789.74043426,14.977256586316,55558930.1973863,239.542521397236,15551776.1919611,67.0515373134941,67.0515373134941,0.000289092937077303,13236580.0492158,57.0695610660744,57.0695610660744,0.000246055611658342,8892901.73551173,38.341776860969,38.341776860969,0.000165310704714735,142230861.305309,613.228854776924,613.228854776924,0.00264393834699348,39812547.0514204,171.651935522545,171.651935522545,0.000740077918917894,171.651935522545,0.000740077918917894,0.000740077918917894,0.00000000319084852962758,33885644.9259925,146.09807632915,146.09807632915,0.000629902365845354,146.09807632915,0.000629902365845354,0.000629902365845354,0.00000000271582624814073,22765828.44291,98.1549487640805,98.1549487640805,0.000423195404069722,98.1549487640805,0.000423195404069722,0.000423195404069722,0.00000000182460846122181,364111004.941591,1569.86586822893,1569.86586822893,0.00676848216830332,1569.86586822893,0.00676848216830332,0.00676848216830332,0.0000000291823344846169,14.679671319052,14.5184807487966,14.1207501786404,16.8929476083441,15.6196783207497,3.30292306110972,15.4584877055788,3.14814418365845,15.0607569880548,2.77116624764709,17.8329548387573,5.48289687806432,16.5596854789311,4.2202653197827,4.2202653197827,0.000289051157766092,16.3984948462151,4.06164162065166,4.06164162065166,0.000246025344941106,16.0007640711255,3.67228697871695,3.67228697871695,0.000165297042405933,18.7729620862807,6.42036758635116,6.42036758635116,0.00264044929054904,17.499692698239,5.1512776344453,5.1512776344453,0.000739804196297298,5.1512776344453,0.000739804196297298,0.000739804196297298,0.00000000319084846924184,17.3385020586694,4.99109955022175,4.99109955022175,0.000629704060621038,4.99109955022175,0.000629704060621038,0.000629704060621038,0.00000000271582622688257,16.9407712610932,4.59668376561213,4.59668376561213,0.000423105882150594,4.59668376561213,0.000423105882150594,0.000423105882150594,0.00000000182460846265349,19.7129693404877,7.35938225474354,7.35938225474354,0.006745678831031,7.35938225474354,0.006745678831031,0.006745678831031,0.0000000291823341230452,"John W. Mannion","Democrat"
"New York","NY","3623",1823012.11074791,3057095.82680465,4844317.02469962,28271149.8697776,4666911.00351465,20.1214030750181,7826165.31661992,33.7425390689565,12401451.583231,53.4689017711261,72374143.6666306,312.041372940008,11947292.1689975,51.5107918720463,51.5107918720463,0.000222088958883134,20034983.210547,86.3809000165286,86.3809000165286,0.000372431551813703,31747716.0530714,136.880388534083,136.880388534083,0.000590160272755397,185277807.786574,798.825914726421,798.825914726421,0.00344414071853425,30585067.9526336,131.867627192439,131.867627192439,0.000568547734740823,131.867627192439,0.000568547734740823,0.000568547734740823,0.0000000024512955420605,51289557.0190003,221.135104042313,221.135104042313,0.00095342477264308,221.135104042313,0.00095342477264308,0.00095342477264308,0.00000000411069423385431,81274153.0958628,350.413794647253,350.413794647253,0.00151081029825382,350.413794647253,0.00151081029825382,0.00151081029825382,0.00000000651386387230426,474311187.93363,2044.99434169964,2044.99434169964,0.00881700023944768,2044.99434169964,0.00881700023944768,0.00881700023944768,0.0000000380145272958601,14.4160012454879,14.9329762741707,15.3933170348237,17.1573524387731,15.3560081697113,3.05028689010769,15.8729833333309,3.54796484590719,16.3333241675234,3.99762992910542,18.09735967571,5.74633536372185,16.2960152976292,3.96101870794067,3.96101870794067,0.000222064300781058,16.8129905139586,4.47027672349918,4.47027672349918,0.00037236221639786,17.2733313768775,4.92638655955942,4.92638655955942,0.000589986196666771,19.0373669257816,6.6843940973962,6.6843940973962,0.00343822324906217,17.2360225051154,4.8893533483301,4.8893533483301,0.000568386172711709,4.8893533483301,0.000568386172711709,0.000568386172711709,0.00000000245129560793462,17.7529977420345,5.40328577353171,5.40328577353171,0.000952970551931755,5.40328577353171,0.000952970551931755,0.000952970551931755,0.00000000411069422100441,18.2133386161747,5.86196443123534,5.86196443123534,0.00150967017257303,5.86196443123534,0.00150967017257303,0.00150967017257303,0.0000000065138638715057,19.9773741809841,7.62363918096505,7.62363918096505,0.00877835746893529,7.62363918096505,0.00877835746893529,0.00877835746893529,0.0000000380145265812347,"Nicholas A. Langworthy","Republican"
"New York","NY","3624",2084419.68114909,2678438.44302295,2897345.5320258,24882641.0511717,5336114.38374168,23.006675783791,6856802.41413875,29.5631275326953,7417204.56198604,31.9793033484435,63699561.0909997,274.640879898604,13660452.8223787,58.8970900065049,58.8970900065049,0.000253935009061457,17553414.1801952,75.6816064837001,75.6816064837001,0.000326301510415904,18988043.6786843,81.8670165720155,81.8670165720155,0.00035296992759325,163070876.392959,703.080652540427,703.080652540427,0.00303133468655361,34970759.2252895,150.776550416653,150.776550416653,0.00065007362319733,150.776550416653,0.00065007362319733,0.00065007362319733,0.0000000028027946945935,44936740.3012997,193.744912598272,193.744912598272,0.000835331866664714,193.744912598272,0.000835331866664714,0.000835331866664714,0.00000000360153625768947,48609391.8174317,209.57956242436,209.57956242436,0.000903603014638721,209.57956242436,0.000903603014638721,0.000903603014638721,0.00000000389588755038493,417461443.565975,1799.8864705035,1799.8864705035,0.00776021679757725,1799.8864705035,0.00776021679757725,0.00776021679757725,0.0000000334582017990024,14.5500015238395,14.8007448855066,14.8793058871422,17.0296810119647,15.4900084899836,3.17833194932723,15.7407519164868,3.41979429979142,15.8193129353119,3.49588019345303,17.9696882459662,5.61909885868608,16.4300156342768,4.09262792308163,4.09262792308163,0.000253902773024278,16.6807590861067,4.33966186844964,4.33966186844964,0.000326248285655842,16.7593201116464,4.41723711290983,4.41723711290983,0.000352907648363067,18.9096954948912,6.55689291286382,6.55689291286382,0.00302674945547234,17.3700228481596,5.02240937619511,5.02240937619511,0.00064986241686772,5.02240937619511,0.00064986241686772,0.00064986241686772,0.00000000280279465909819,17.6207663098827,5.27169056167934,5.27169056167934,0.000834983171171795,5.27169056167934,0.000834983171171795,0.000834983171171795,0.00000000360153617391207,17.6993273380453,5.34986355047204,5.34986355047204,0.000903195011198327,5.34986355047204,0.000903195011198327,0.000903195011198327,0.00000000389588760492606,19.8497027496458,7.49603430626706,7.49603430626706,0.00773026119006985,7.49603430626706,0.00773026119006985,0.00773026119006985,0.0000000334582012049766,"Claudia Tenney","Republican"
"New York","NY","3625",5799647.36403579,7667077.00315489,5868488.59278715,70002175.4010529,14847097.2519316,64.013311604855,19627717.1280765,84.6249708809611,15023330.7975351,64.7731431516226,179205569.026696,772.645436126495,38008568.9649449,163.874077708429,163.874077708429,0.000706543657814532,50246955.8478759,216.639925455261,216.639925455261,0.000934043794480832,38459726.8416898,165.819246468154,165.819246468154,0.000714930259708993,458766256.70834,1977.97231648383,1977.97231648383,0.00852803454388251,97301936.5502591,419.517638933577,419.517638933577,0.0018087517640052,419.517638933577,0.0018087517640052,0.0018087517640052,0.00000000779843954144184,128632206.970562,554.598209165467,554.598209165468,0.00239115211387093,554.598209165468,0.00239115211387093,0.00239115211387093,0.0000000103094606819467,98456900.714726,424.497270958473,424.497270958473,0.00183022146485502,424.497270958473,0.00183022146485502,0.00183022146485502,0.00000000789100623156598,1174441617.17335,5063.6091301986,5063.6091301986,0.0218317684323392,5063.6091301986,0.0218317684323392,0.0218317684323392,0.0000000941277457694666,15.5733078467884,15.8524461363715,15.5851078491182,18.0640368909739,16.5133150002088,4.17459204284907,16.7924533153835,4.44997695650597,16.5251150037712,4.18621159622187,19.0040441407603,6.65111367577331,17.4533222176569,5.10518201713816,5.10518201713816,0.000706294173351968,17.7324605428283,5.3828419791037,5.3828419791037,0.00093360784701748,17.4651222217007,5.11691086976786,5.11691086976786,0.000714674818811834,19.9440513958513,7.59033295686593,7.59033295686593,0.00849187628444868,18.3933294601158,6.0414864260566,6.0414864260566,0.00180711794235526,6.0414864260566,0.00180711794235526,0.00180711794235526,0.00000000779843941934984,18.6724677891922,6.3200453876307,6.3200453876307,0.0023882978587217,6.3200453876307,0.0023882978587217,0.0023882978587217,0.000000010309460565387,18.4051294643477,6.05325853426424,6.05325853426424,0.00182854865031963,6.05325853426424,0.00182854865031963,0.00182854865031963,0.00000000789100626170324,20.8840586530145,8.53003224296432,8.53003224296432,0.0215968680872937,8.53003224296432,0.0215968680872937,0.0215968680872937,0.0000000941277413899448,"Joseph D. Morelle","Democrat"
"New York","NY","3626",4038977.59566951,6758485.67766585,12417322.1536811,63921066.3725343,10339782.6449139,44.5800089501829,17301723.3348246,74.5964405257077,31788344.7134236,137.055559144949,163637929.913688,705.525505773561,26469843.5709797,114.124822912468,114.124822912468,0.000492049572181138,44292411.7371509,190.966887745812,190.966887745812,0.000823354402820497,81378162.4663644,350.86223141107,350.86223141107,0.00151274373492566,418913100.579041,1806.14529478032,1806.14529478032,0.0077872017402845,67762799.541708,292.159546655919,292.159546655919,0.00125964690478371,292.159546655919,0.00125964690478371,0.00125964690478371,0.00000000543097202502128,113388574.047106,488.875232629278,488.875232629278,0.00210778727122047,488.875232629278,0.00210778727122047,0.00210778727122047,0.00000000908773217416818,208328095.913893,898.207312412339,898.207312412339,0.00387262396140969,898.207312412339,0.00387262396140969,0.00387262396140969,0.0000000166968317216279,1072417537.48234,4623.73195463761,4623.73195463761,0.0199352364551283,4623.73195463761,0.0199352364551283,0.0199352364551283,0.0000000859508415325136,15.2115023951182,15.7263095587072,16.3346030841615,17.9731595578519,16.1515095027361,3.81946922017958,16.6663167270342,4.32540919908376,17.2746102935784,4.9276562066342,18.9131668068102,6.56035930306326,17.0915167022926,4.74601695635468,4.74601695635468,0.000491928555486292,17.6063239503052,5.25732289749768,5.25732289749768,0.000823015632523377,18.2146175329001,5.86323971094908,5.86323971094908,0.00151160069073192,19.8531740615777,7.49950369398974,7.49950369398974,0.00775703797781563,18.0315239377626,5.68071698865148,5.68071698865148,0.00125885421522408,5.68071698865148,0.00125885421522408,0.00125885421522408,0.00000000543097210172364,18.5463311950387,6.19415073139445,6.19415073139445,0.00210556900417329,6.19415073139445,0.00210556900417329,0.00210556900417329,0.00000000908773208108802,19.1546247839034,6.80151361123752,6.80151361123752,0.00386514465670748,6.80151361123752,0.00386514465670748,0.00386514465670748,0.0000000166968315556368,20.7931813186145,8.439173692513,8.439173692513,0.0197391316089285,8.439173692513,0.0197391316089285,0.0197391316089285,0.0000000859508378613868,"Timothy M. Kennedy","Democrat"
"North Carolina","NC","3701",1500942.51017261,6650670.49704541,1741381.73095835,29394121.8476607,3842412.82604187,16.5665763060796,17025716.4724363,73.4064359755022,4457937.23125338,19.2204119267812,75248951.9300114,324.436118798095,9836576.83466719,42.4104353435637,42.4104353435637,0.000182852739958438,43585834.1694368,187.920476097286,187.920476097286,0.000810219788368612,11412319.3120086,49.2042545325598,49.2042545325598,0.000212144315096176,192637316.940829,830.556464123125,830.556464123125,0.00358094709296951,25181636.696748,108.570714479523,108.570714479523,0.000468103014293602,108.570714479523,0.000468103014293602,0.000468103014293602,0.00000000201822777938966,111579735.473758,481.076418809051,481.076418809051,0.00207416265822365,481.076418809051,0.00207416265822365,0.00207416265822365,0.00000000894275953791241,29215537.4387421,125.962891603353,125.962891603353,0.00054308944664621,125.962891603353,0.00054308944664621,0.00054308944664621,0.00000000234153204411382,493151531.368522,2126.2245481552,2126.2245481552,0.00916722455800194,2126.2245481552,0.00916722455800194,0.00916722455800194,0.0000000395245206672779,14.2216044751123,15.7102283845335,14.3701900285699,17.1963053091848,15.1616113276091,2.86599802299954,16.6502355513989,4.30954244314477,15.3101969371239,3.00669258562919,18.1363125469451,5.78516618677536,16.1016184275088,3.77069985790816,3.77069985790816,0.000182836024433695,17.5902427740989,5.24132616512471,5.24132616512471,0.00080989173749944,16.250204058921,3.91609977475108,3.91609977475108,0.00021212181567301,19.0763197973385,6.72329920266915,6.72329920266915,0.00357455076731598,17.0416256240504,4.69657013515467,4.69657013515467,0.000467993488255992,4.69657013515467,0.000467993488255992,0.000467993488255992,0.00000000201822780506242,18.5302500186094,6.17810264673063,6.17810264673063,0.00207201455269131,6.17810264673063,0.00207201455269131,0.00207201455269131,0.00000000894275960392864,17.1902112640162,4.84389485166258,4.84389485166258,0.000542942026945051,4.84389485166258,0.000542942026945051,0.000542942026945051,0.00000000234153207660046,20.0163270526666,7.66257337998783,7.66257337998783,0.00912546060063164,7.66257337998783,0.00912546060063164,0.00912546060063164,0.0000000395245199862928,"Donald G. Davis","Democrat"
"North Carolina","NC","3702",10528961.257783,40914234.562033,12661248.7028486,214698737.905473,26954140.8199244,116.212872191059,104740440.478804,451.588774575257,32412796.6792924,139.747885974574,549628769.038011,2369.72635542248,69002600.4990064,297.504952809112,297.504952809112,0.00128269364206392,268135527.625739,1156.06726291266,1156.06726291266,0.00498438803769348,82976759.4989886,357.75458809491,357.75458809491,0.00154246015481622,1407049648.73731,6066.49946988155,6066.49946988155,0.0261557336310767,176646657.277457,761.612679191327,761.612679191327,0.00328369572368363,761.612679191327,0.00328369572368363,0.00328369572368363,0.0000000141576655698367,686426950.721892,2959.5321930564,2959.5321930564,0.0127600333764953,2959.5321930564,0.0127600333764953,0.0127600333764953,0.0000000550149284239163,212420504.317411,915.851745522969,915.851745522969,0.00394869799632953,915.851745522969,0.00394869799632953,0.00394869799632953,0.0000000170248251886154,3602047100.76751,15530.2386428968,15530.2386428968,0.0669586780955565,15530.2386428968,0.0669586780955565,0.0669586780955565,0.000000288692574235168,16.1696403282359,17.5269886182064,16.3540566825138,19.1847463890799,17.1096475288513,4.76399170209367,18.4669958618039,6.11498393080449,17.2940638928761,4.94697024718817,20.1247536447331,7.77095166625527,18.049654764735,5.69878652502034,5.69878652502034,0.00128187169337148,19.4070031144774,7.05364386112414,7.05364386112414,0.0049720070995284,18.2340711325671,5.88263855610678,5.88263855610678,0.00154127178500336,21.0647609021158,8.71070185023059,8.71070185023059,0.0258195223948638,18.9896620143952,6.6367502735524,6.6367502735524,0.00327831616821278,6.6367502735524,0.00327831616821278,0.00327831616821278,0.0000000141576653841847,20.3470103706963,7.99312432610842,7.99312432610842,0.0126793101130499,7.99312432610842,0.0126793101130499,0.0126793101130499,0.0000000550149268773409,19.1740783837147,6.82094578581947,6.82094578581947,0.00394092235079228,6.82094578581947,0.00394092235079228,0.00394092235079228,0.0000000170248249603162,22.0047681601742,9.65060867103671,9.65060867103671,0.0648122443865285,9.65060867103671,0.0648122443865285,0.0648122443865285,0.000000288692532618957,"Deborah K. Ross","Democrat"
"North Carolina","NC","3703",1152906.30778023,7567752.29626035,1158026.37758586,23443929.6734097,2951440.14791739,12.7251444956444,19373445.8784265,83.5286795009147,2964547.52661979,12.7816570046529,60016459.9639289,258.761176538495,7555686.77866853,32.5763699088497,32.5763699088497,0.000140453132524536,49596021.4487718,213.833419522342,213.833419522342,0.000921943534358845,7589241.66814666,32.7210419319114,32.7210419319114,0.000141076886456742,153642137.507658,662.428611938547,662.428611938547,0.00285606327165917,19342558.1533914,83.3955069666554,83.3955069666554,0.000359560019262811,83.3955069666554,0.000359560019262811,0.000359560019262811,0.00000000155024427759598,126965814.908856,547.413553977195,547.413553977195,0.00236017544795864,547.413553977195,0.00236017544795864,0.00236017544795864,0.0000000101759046787848,19428458.6704555,83.7658673456933,83.7658673456933,0.000361156829329261,83.7658673456933,0.000361156829329261,0.000361156829329261,0.00000000155712892976892,393323872.019604,1695.81724656268,1695.81724656268,0.00731152197544748,1695.81724656268,0.00731152197544748,0.00731152197544748,0.0000000315236525078444,13.9577974038081,15.8394067909082,13.962228578965,16.9701221994597,14.8978041337444,2.61922951525598,16.7794139688771,4.43709087915686,14.9022353112382,2.62333850542847,17.9101294319583,5.55976265711331,15.8378111857689,3.51382254303189,3.51382254303189,0.000140443269906904,17.7194211959145,5.36986293490116,5.36986293490116,0.000921518805449211,15.8422423641756,3.51812203217915,3.51812203217915,0.000141066936048595,18.8501366802963,6.49742125482401,6.49742125482401,0.00285199247208549,16.7778183636092,4.43551416519264,4.43551416519264,0.000359495393049884,4.43551416519264,0.000359495393049884,0.000359495393049884,0.00000000155024437611136,18.6594284421192,6.30702966287726,6.30702966287726,0.00235739460853929,6.30702966287726,0.00235739460853929,0.00235739460853929,0.0000000101759047336954,16.7822495423725,4.439892954054,4.439892954054,0.000361091627899826,4.439892954054,0.000361091627899826,0.000361091627899826,0.00000000155712886907637,19.7901439348216,7.43650956736824,7.43650956736824,0.00728492237566246,7.43650956736824,0.00728492237566246,0.00728492237566246,0.0000000315236520803219,"Gregory F. Murphy","Republican"
"North Carolina","NC","3704",23892975.8842765,95213074.5822325,28657525.5898216,493713237.532268,61166018.2637478,263.717501159099,243745470.930515,1050.90944837161,73363265.5099432,316.305975218605,1263905888.08261,5449.33464637452,156585006.755194,675.116802967294,675.116802967294,0.00291076845155011,623988405.58212,2690.32818783133,2690.32818783133,0.0115993593686851,187809959.705455,809.743296559629,809.743296559629,0.00349121104840007,3235599073.49148,13950.2966947188,13950.2966947188,0.0601467528733962,400857617.293297,1728.29901559627,1728.29901559627,0.00745156723596827,1728.29901559627,0.00745156723596827,0.00745156723596827,0.0000000321274581372131,1597410318.29023,6887.24016084822,6887.24016084822,0.0296943599838339,6887.24016084822,0.0296943599838339,0.0296943599838339,0.000000128027336677181,480793496.845964,2072.94283919265,2072.94283919265,0.00893750028390418,2072.94283919265,0.00893750028390418,0.00893750028390418,0.0000000385340636579722,8283133628.13817,35712.75953848,35712.75953848,0.153975687355894,35712.75953848,0.153975687355894,0.153975687355894,0.000000663866713273009,16.9890951195038,18.371627838883,17.1709266748195,20.0174654178023,17.9291023524909,5.57866322400662,19.3116350909744,6.95836231390055,18.1109339120469,5.75986652986033,20.9574726750595,8.6034322887767,18.8691096010197,6.51636584657185,6.51636584657185,0.00290654036772248,20.2516423469658,7.89779010086457,7.89779010086457,0.0115326025282661,19.0509411622321,6.69795147695667,6.69795147695667,0.00348513091834312,21.8974799330688,9.54332773595608,9.54332773595608,0.0584073446481754,19.8091168556195,7.45547141208189,7.45547141208189,0.0074239414608307,7.45547141208189,0.0074239414608307,0.0074239414608307,0.0000000321274575111889,21.1916496044807,8.83757091205726,8.83757091205726,0.0292620203263754,8.83757091205726,0.0292620203263754,0.0292620203263754,0.000000128027328536618,19.9909484174789,7.63720682775039,7.63720682775039,0.0088977972170004,7.63720682775039,0.0088977972170004,0.0088977972170004,0.0000000385340629752397,22.8374871913719,10.483291314758,10.483291314758,0.143213099714833,10.483291314758,0.143213099714833,0.143213099714833,0.000000663866493020182,"Valerie P. Foushee","Democrat"
"North Carolina","NC","3705",3398109.65831027,3790324.8092669,2539530.90258385,29202178.7506056,8699160.7252743,37.5064618193466,9703231.51172326,41.8355165184345,6501199.11061466,28.0299426488123,74757577.6015505,322.317556666478,22269851.4567022,96.0165422575273,96.0165422575273,0.000413975656955583,24840272.6700115,107.098922287192,107.098922287192,0.000461757377121123,16643069.7231735,71.7566531809595,71.7566531809595,0.000309379060556545,191379398.659969,825.132945066183,825.132945066183,0.00355756357163225,57010819.7291576,245.80234817927,245.80234817927,0.00105977768180629,245.80234817927,0.00105977768180629,0.00105977768180629,0.00000000456923517278847,63591098.0352295,274.173241055212,274.173241055212,0.00118209888543008,274.173241055212,0.00118209888543008,0.00118209888543008,0.00000000509662346900451,42606258.4913243,183.697032143256,183.697032143256,0.000792010395024755,183.697032143256,0.000792010395024756,0.000792010395024756,0.00000000341475558156042,489931260.569521,2112.34033936943,2112.34033936943,0.00910736274337855,2112.34033936943,0.00910736274337855,0.00910736274337855,0.0000000392664262446648,15.0387301464019,15.1479625388696,14.7474903316899,17.1897539134458,15.9787372255658,3.65082606667382,16.0879696365899,3.75736758367025,15.6874973502257,3.36832780245113,18.1297611510698,5.77863498782384,16.9187444140074,4.5748815027007,4.5748815027007,0.000413889992674527,17.0279768322801,4.68304675500428,4.68304675500428,0.000461650799990656,16.6275045149844,4.2871203545293,4.2871203545293,0.000309331212723549,19.0697684014099,6.71675571101317,6.71675571101317,0.00355125041089907,17.8587516451356,5.50858780648868,5.50858780648868,0.00105921651387928,5.50858780648868,0.00105921651387928,0.00105921651387928,0.00000000456923520197597,17.9679840662399,5.61740086679386,5.61740086679386,0.00118140075665995,5.61740086679386,0.00118140075665995,0.00118140075665995,0.00000000509662355463641,17.5675117368616,5.21871681855014,5.21871681855014,0.00079169692029774,5.21871681855014,0.00079169692029774,0.00079169692029774,0.00000000341475558357346,20.0097756567173,7.6560250739167,7.6560250739167,0.0090661408083522,7.6560250739167,0.0090661408083522,0.0090661408083522,0.0000000392664255617475,"Virginia Foxx","Republican"
"North Carolina","NC","3706",3648957.58875836,3951875.68203584,2655079.91238229,27849123.0848974,9341331.42722141,40.2751830413956,10116801.7460118,43.6186260265613,6797004.57569867,29.3053089436197,71293755.0973373,307.383273853905,23913808.4536868,103.104468585973,103.104468585973,0.000444535276051229,25899012.4697901,111.663682627997,111.663682627997,0.000481438357257452,17400331.7137886,75.0215908956666,75.0215908956666,0.000323455850905231,182512013.049183,786.901181065999,786.901181065999,0.00339272718775063,61219349.6414383,263.947439580091,263.947439580091,0.00113801030669115,263.947439580091,0.00113801030669115,0.00113801030669115,0.00000000490653540794173,66301471.9226626,285.859027527672,285.859027527672,0.00123248219457908,285.859027527672,0.00123248219457908,0.00123248219457908,0.00000000531385128219333,44544849.1872988,192.055272692906,192.055272692906,0.000828046978317391,192.055272692906,0.000828046978317391,0.000828046978317391,0.00000000357012743616221,467230753.405909,2014.46702352896,2014.46702352896,0.00868538160064162,2014.46702352896,0.00868538160064162,0.00868538160064162,0.0000000374470530754159,15.1099523666993,15.1897011334247,14.7919856876674,17.1423120726723,16.0499594581911,3.72026142447584,16.1297082377173,3.79815139575935,15.731992716646,3.4113229098281,18.0823193092825,5.73134340498462,16.9899666514483,4.64539490059755,4.64539490059755,0.000444436499517341,17.0697154359748,4.72440712091384,4.72440712091384,0.000481322502994604,16.671999885484,4.33101739067266,4.33101739067266,0.000323403550339222,19.0223265592266,6.66937267725547,6.66937267725547,0.00338698487327079,17.9299738844576,5.5795314651068,5.5795314651068,0.00113736326380986,5.5795314651068,0.00113736326380986,0.00113736326380986,0.00000000490653538815832,18.0097226709374,5.65899090180131,5.65899090180131,0.00123172331187469,5.65899090180131,0.00123172331187469,0.00123172331187469,0.00000000531385134481608,17.6120071089546,5.26297653491383,5.26297653491383,0.000827704336554075,5.26297653491383,0.000827704336554075,0.000827704336554075,0.00000000357012752056884,19.9623338143792,7.60860622098896,7.60860622098896,0.00864788065743062,7.60860622098896,0.00864788065743062,0.00864788065743062,0.000000037447052312865,"Addison P. McDowell","Republican"
"North Carolina","NC","3707",930537.264079484,59593936.3441112,1141839.42369344,78726903.085344,2382175.39604348,10.2707575317129,152560477.040925,657.765029062195,2923108.9246552,12.6029943276988,201540871.898481,868.944172388521,6098369.01387131,26.2931392811849,26.2931392811849,0.000113362961750477,390554821.224767,1683.87847439922,1683.87847439922,0.00726004791760904,7483158.84711732,32.2636654789088,32.2636654789088,0.000139104906283785,515944632.060111,2224.49708131461,2224.49708131461,0.0095909269276024,15611824.6755106,67.3104365598334,67.3104365598334,0.000290209182081222,67.3104365598334,0.000290209182081222,0.000290209182081222,0.00000000125123790111488,999820342.335405,4310.728894462,4310.728894462,0.0185857226690791,4310.728894462,0.0185857226690791,0.0185857226690791,0.0000000801324081353608,19156886.6486203,82.5949836260065,82.5949836260065,0.00035610856008649,82.5949836260065,0.00035610856008649,0.00035610856008649,0.00000000153536329931475,1320818258.07388,5694.71252816541,5694.71252816541,0.0245527729346622,5694.71252816541,0.0245527729346622,0.0245527729346622,0.000000105859366175115,13.7435184762818,17.9030644044473,13.9481519253656,18.1814955111987,14.6835250799101,2.42221154244872,18.8430716527133,6.49036691411099,14.888158650179,2.61028993966222,19.1215027619498,6.7684290399213,15.6235320825956,3.30663536222617,3.30663536222617,0.000113356536655488,19.7830789072104,7.42944871816728,7.42944871816728,0.00723382063411224,15.8281657002024,3.50446567451473,3.50446567451473,0.000139095232093436,20.0615100174176,7.70773557698105,7.70773557698105,0.00954522596530419,16.5635392411628,4.22406255958607,4.22406255958607,0.00029016707954193,4.22406255958607,0.00029016707954193,0.00029016707954193,0.00000000125123800131512,20.7230861641416,8.36909423827045,8.36909423827045,0.0184151187483772,8.36909423827045,0.0184151187483772,0.0184151187483772,0.000000080132404831787,16.768172877261,4.42598351381671,4.42598351381671,0.000356045168482297,4.42598351381671,0.000356045168482297,0.000356045168482297,0.00000000153536339080146,21.001517274728,8.64746898274612,8.64746898274612,0.0242561982873667,8.64746898274612,0.0242561982873667,0.0242561982873667,0.000000105859360558707,"David Rouzer","Republican"
"North Carolina","NC","3708",1174507.06404297,5231751.76968902,1238202.97309115,18057283.6799769,3006738.08395,12.9635617397896,13393284.5304039,57.745192983476,3169799.61111335,13.6666020830939,46226646.2207407,199.306346470566,7697249.494912,33.1867180538613,33.1867180538613,0.000143084650681325,34286808.3978339,147.827694037698,147.827694037698,0.000637359618630585,8114687.00445017,34.9865013327204,34.9865013327204,0.000150844422567767,118340214.325096,510.224246964648,510.224246964648,0.00219983362101647,19704958.7069747,84.957998217885,84.957998217885,0.000366296705744191,84.957998217885,0.000366296705744191,0.000366296705744191,0.00000000157928952486549,87774229.4984548,378.438896736508,378.438896736508,0.0016316406236943,378.438896736508,0.0016316406236943,0.0016316406236943,0.00000000703482424203117,20773598.7313924,89.5654434117643,89.5654434117643,0.000386161721773483,89.5654434117643,0.000386161721773483,0.000386161721773483,0.000000001664937610787,302950948.672247,1306.1740722295,1306.1740722295,0.00563157406980217,1306.1740722295,0.00563157406980217,0.00563157406980218,0.000000024280551251132,13.9763599489945,15.4702569175029,14.0291724788258,16.7090597447035,14.9163666886516,2.63645120374523,16.4102640595181,4.07320932811885,14.9691792451728,2.68557294181504,17.6490669694482,5.29984792699541,15.8563737444733,3.53183720763869,3.53183720763869,0.00014307441504909,17.350271272511,5.00278922092633,5.00278922092633,0.000637156591251975,15.9091863114203,3.58314390515993,3.58314390515993,0.000150833046691809,18.5890742147574,6.23680833340298,6.23680833340298,0.0021974175297202,16.7963809237969,4.4538587841356,4.4538587841356,0.000366229635483875,4.4538587841356,0.000366229635483875,0.000366229635483875,0.00000000157928958674695,18.2902785132296,5.93869357395522,5.93869357395522,0.00163031094430792,5.93869357395522,0.00163031094430792,0.00163031094430792,0.00000000703482425391782,16.8491934948165,4.50607272099389,4.50607272099389,0.000386087180525211,4.50607272099389,0.000386087180525211,0.000386087180525211,0.00000000166493751979812,19.5290814680995,7.17562288932327,7.17562288932327,0.00561577604064619,7.17562288932327,0.00561577604064619,0.00561577604064619,0.0000000242805510525162,"Mark Harris","Republican"
"North Carolina","NC","3709",3416036.95677509,17347568.5736375,3718021.93444682,67678939.2972587,8745054.60934424,37.704333460643,44409775.5485119,191.47290222799,9518136.15218386,41.0374772299623,173258084.600983,747.002836273608,22387339.7999212,96.523093659246,96.523093659246,0.000416159655091506,113689025.40419,490.170629703654,490.170629703654,0.00211337238022643,24366428.5495907,105.055941708704,105.055941708704,0.000452949059228786,443540696.578515,1912.32726086044,1912.32726086044,0.00824500565751945,57311589.8877984,247.09911976767,247.09911976767,0.00106536871703426,247.09911976767,0.00106536871703426,0.00106536871703426,0.00000000459334094068157,291043905.034728,1254.83681204136,1254.83681204136,0.00541023329337966,1254.83681204136,0.00541023329337966,0.00541023329337966,0.0000000233262397213041,62378057.0869522,268.943210774281,268.943210774281,0.00115954959162569,268.943210774281,0.00115954959162569,0.00115954959162569,0.00000000499940211008995,1135464183.241,4895.55778780272,4895.55778780272,0.0211072144832498,4895.55778780272,0.0211072144832498,0.0211072144832498,0.0000000910038288899194,15.043991945297,16.6689629723336,15.1287026157348,18.0302856155932,15.983999025402,3.65595156949413,17.6089701956977,5.25995537617234,16.0687097103286,3.73856153540611,18.9702928650808,6.61740676977692,16.9240062142112,4.58008920800091,4.58008920800091,0.000416073084679543,18.5489774404675,6.19679158209668,6.19679158209668,0.00211114235018759,17.0087169047976,4.66396670686888,4.66396670686888,0.000452846508769339,19.9103001200551,7.55659902687414,7.55659902687414,0.00821120128277085,17.864013445483,5.51382834279815,5.51382834279815,0.00106480161452915,5.51382834279815,0.00106480161452915,0.00106480161452915,0.00000000459334103031001,19.488984693599,7.13555741186827,7.13555741186827,0.00539565055493447,7.13555741186827,0.00539565055493447,0.00539565055493447,0.0000000233262395565349,17.9487241382803,5.5982116064102,5.5982116064102,0.00115887783323925,5.5982116064102,0.00115887783323925,0.00115887783323925,0.00000000499940199099457,20.8503073771727,8.49628774495023,8.49628774495023,0.0208875429576368,8.49628774495023,0.0208875429576368,0.0208875429576368,0.0000000910038247761763,"Richard Hudson","Republican"
"North Carolina","NC","3710",10258235.0616502,3790334.44542707,6337617.80913302,48711852.4477897,26261081.7578246,113.224745626657,9703256.18029331,41.8356228770603,16224301.5913805,69.9511329196061,124702342.266342,537.65458378149,67228369.3000311,289.855348804243,289.855348804243,0.00124971234770662,24840335.8215509,107.099194565274,107.099194565274,0.000461758551049025,41534212.0739342,179.074900274191,179.074900274191,0.000772082057344156,319237996.201834,1376.39573448061,1376.39573448061,0.00593433501160894,172104625.40808,742.029692938861,742.029692938861,0.00319926361012893,742.029692938861,0.00319926361012893,0.00319926361012893,0.0000000137936362176528,63591259.7031702,274.173938087102,274.173938087102,0.0011821018906855,274.173938087102,0.0011821018906855,0.0011821018906855,0.00000000509663642617378,106327582.909272,458.43174470193,458.43174470193,0.00197653006680104,458.43174470193,0.00197653006680104,0.00197653006680104,0.00000000852181627934301,817249270.276696,3523.57308027037,3523.57308027037,0.0151918976297189,3523.57308027037,0.0151918976297189,0.0151918976297189,0.0000000654999196367312,16.1435914591105,15.1479650811703,15.6620136737091,17.7014329557217,17.0835986581985,4.73816796049704,16.087972178891,3.75737006662137,16.6020208360485,4.26199137133771,18.6414402017034,6.28907451906263,18.0236058934855,5.67282606043778,5.67282606043778,0.00124893210721378,17.0279793745814,4.68304927378738,4.68304927378738,0.000461651973376902,17.5420280569806,5.19337287697375,5.19337287697375,0.000771784155319289,19.5814474553082,7.22794984631519,7.22794984631519,0.00591679619884857,18.9636131429127,6.61073600749778,6.61073600749778,0.00319415685530981,6.61073600749778,0.00319415685530981,0.00319415685530981,0.0000000137936361380847,17.9679866085412,5.61740339985632,5.61740339985632,0.00118140375836701,5.61740339985632,0.00118140375836701,0.00118140375836701,0.00000000509663643322343,18.4820353008004,6.12999038822016,6.12999038822016,0.00197457930132342,6.12999038822016,0.00197457930132342,0.00197457930132342,0.00000000852181632737176,20.5214547118909,8.16751459593169,8.16751459593169,0.0150776563279956,8.16751459593169,0.0150776563279956,0.0150776563279956,0.0000000654999175651572,"Pat Harrigan","Republican"
"North Carolina","NC","3711",663923.229463982,1540983.54010214,608234.61135704,8410736.12636935,1699643.46742779,7.32801874005752,3944917.86266147,17.0085271291163,1557080.60507402,6.71335846160176,21531484.4835056,92.8330704763465,4351087.27661515,18.7597279745473,18.7597279745473,0.0000808826326170103,10098989.7284134,43.5418294505377,43.5418294505377,0.000187730749598215,3986126.3489895,17.1861976617005,17.1861976617005,0.0000740983511829515,55120600.2777742,237.652660419447,237.652660419447,0.00102464027459466,11138783.4281348,48.024903614841,48.024903614841,0.000207059539499546,48.024903614841,0.000207059539499546,0.000207059539499546,0.000000000892737927005752,25853413.7047382,111.467083393377,111.467083393377,0.00048059071897143,111.467083393377,0.00048059071897143,0.00048059071897143,0.00000000207206856167908,10204483.4534131,43.9966660139533,43.9966660139533,0.000189691779028356,43.9966660139533,0.000189691779028356,0.000189691779028356,0.000000000817856767136192,141108736.711102,608.390810673784,608.390810673784,0.00262307910296233,608.390810673784,0.00262307910296233,0.00262307910296233,0.0000000113094147046329,13.4059233096942,14.2479320818717,13.3183176045617,15.9450196769036,14.3459296503471,2.1196255815572,15.1879389449179,2.89084537511717,14.2583238611794,2.04295369086244,16.885026862943,4.54151735758991,15.2859365503077,2.98364592575468,2.98364592575468,0.000080879361793312,16.1279460489385,3.79642873531299,3.79642873531299,0.00018771313038623,15.1983307283136,2.90066293613834,2.90066293613834,0.0000740956060356654,17.8250340931329,5.4750091911771,5.4750091911771,0.00102411568905883,16.225943668748,3.8923284060395,3.8923284060395,0.000207038105631846,3.8923284060395,0.000207038105631846,0.000207038105631846,0.000000000892737883219165,17.0679532470898,4.72266058677219,4.72266058677219,0.000480475272238687,4.72266058677219,0.000480475272238687,0.000480475272238687,0.00000000207206851462071,16.1383378339311,3.80658839844681,3.80658839844681,0.000189673789817664,3.80658839844681,0.000189673789817664,0.000189673789817664,0.000000000817856670941318,18.7650413405691,6.41245978713661,6.41245978713661,0.00261964483523171,6.41245978713661,0.00261964483523171,0.00261964483523171,0.0000000113094146740852,"Chuck Edwards","Republican"
"North Carolina","NC","3712",1528583.10608449,3664212.11062041,1740250.4552157,19257149.6589211,3913172.75157629,16.8716579719104,9380383.00318825,40.4435540474319,4455041.1653522,19.2079255285436,49298303.1268379,212.549805938552,10017722.2440353,43.1914444080905,43.1914444080905,0.000186220063265172,24013780.4881619,103.535498361426,103.535498361426,0.000446393662432004,11404905.3833017,49.1722893530716,49.1722893530716,0.000212006497113282,126203656.004705,544.127503202692,544.127503202692,0.00234600762857898,25645368.9447304,110.570097684712,110.570097684712,0.00047672336195884,110.570097684712,0.00047672336195884,0.000476723361958841,0.00000000205539443842567,61475278.0496945,265.05087580525,265.05087580525,0.00114276777582593,265.05087580525,0.00114276777582593,0.00114276777582593,0.00000000492704725271568,29196557.7812522,125.881060743863,125.881060743863,0.000542736632610002,125.881060743863,0.000542736632610002,0.000542736632610002,0.0000000023400108851657,323081359.372045,1392.96640819889,1392.96640819889,0.0060057795291622,1392.96640819889,0.0060057795291622,0.0060057795291622,0.0000000258939393948067,14.2398524440426,15.1141241664637,14.3695401752413,16.7733930125239,15.1798593038807,2.88321610449322,16.0541312586507,3.72433235796659,15.3095470835678,3.00607488035509,17.7134002393713,5.36387008854696,16.1198664066482,3.78853120491963,3.78853120491963,0.000186202726461478,16.9941384521794,4.64952671095935,4.64952671095935,0.000446294058421633,16.249554205276,3.91546286936798,3.91546286936798,0.000211984026911813,18.6534074855018,6.30101971813164,6.30101971813164,0.00234326004907165,17.05987360431,4.7146530721511,4.7146530721511,0.000476609765478298,4.7146530721511,0.000476609765478298,0.000476609765478298,0.00000000205539451913749,17.9341456852949,5.58368755291912,5.58368755291912,0.00114211531375905,5.58368755291912,0.00114211531375905,0.00114211531375905,0.00000000492704720252663,17.1895614103365,4.84325011806489,4.84325011806489,0.000542589404352246,4.84325011806489,0.000542589404352246,0.000542589404352246,0.00000000234001084901568,19.5934147391648,7.23990849361182,7.23990849361182,0.00598781671985397,7.23990849361182,0.00598781671985397,0.00598781671985397,0.0000000258939391018347,"Alma S. Adams","Democrat"
"North Carolina","NC","3713",6444538.3986507,25876227.8031127,7463570.42105734,128639895.564047,16498018.3005458,71.1312634661997,66243143.1759685,285.607542932785,19106740.2779068,82.3787773737088,329318132.643961,1419.85627792154,42234926.8493972,182.096034473471,182.096034473471,0.00078510768798542,169582446.530479,731.155309907929,731.155309907929,0.00315237866974916,48913255.1114413,210.889670076694,210.889670076694,0.000909251548352873,843054419.568539,3634.83207147915,3634.83207147915,0.0156715911585104,108121412.734457,466.165848252086,466.165848252086,0.00200987568124268,466.165848252086,0.00200987568124268,0.00200987568124268,0.00000000866558601235463,434131063.118027,1871.7575933643,1871.7575933643,0.00807008939455784,1871.7575933643,0.00807008939455784,0.00807008939455784,0.0000000347942185820637,125217933.08529,539.877555396339,539.877555396339,0.00232768396378335,539.877555396339,0.00232768396378335,0.00232768396378335,0.0000000100358175313967,2158219314.09546,9305.17010298663,9305.17010298663,0.0401192733657866,9305.17010298663,0.0401192733657866,0.0401192733657866,0.000000172974387097136,15.6787437253393,17.0688352983976,15.8255446003883,18.6725275593216,16.618750889274,4.27848756287679,18.0088425333394,5.65811383372459,16.7655517772332,4.4233938090411,19.612534813076,7.25901498147706,17.5587581108292,5.21001079373687,5.21001079373687,0.000784799652161572,18.9488497826318,6.59599266346138,6.59599266346138,0.00314742034172925,17.7055590038314,5.35606571503782,5.35606571503782,0.000908838429564072,20.5525420697171,8.19859326926908,8.19859326926908,0.0155500598552248,18.4987653548924,6.14668433006667,6.14668433006667,0.00200785858340748,6.14668433006667,0.00200785858340748,0.00200785858340748,0.00000000866558598897771,19.8888570375299,7.53516727247966,7.53516727247966,0.00803770036138248,7.53516727247966,0.00803770036138248,0.00803770036138248,0.0000000347942180120878,18.6455662498646,6.29319292309379,6.29319292309379,0.00232497910402501,6.29319292309379,0.00232497910402501,0.00232497910402501,0.0000000100358174599977,21.4925493274857,9.13843291108845,9.13843291108845,0.0393353925059938,9.13843291108845,0.0393353925059938,0.0393353925059938,0.000000172974372075939,"Brad Knott","Republican"
"North Carolina","NC","3714",2037526.93941019,2767875.69491035,1690319.65309508,17418933.8766153,5216068.9648901,22.4890995415607,7085761.7789705,30.5502866330318,4327218.3119234,18.6568168499973,44592470.7241353,192.260593115134,13353136.5501186,57.5720948263955,57.5720948263955,0.000248222287719361,18139550.1541645,78.2087337805614,78.2087337805614,0.000337197228573746,11077678.8785239,47.7614511359932,47.7614511359932,0.00020592366321778,114156725.053786,492.187118374742,492.187118374742,0.00212206647816758,34184029.5683037,147.384562755572,147.384562755572,0.000635449056561565,147.384562755572,0.000635449056561565,0.000635449056561565,0.00000000273974082451669,46437248.3946611,200.214358478237,200.214358478237,0.00086322490514879,200.214358478237,0.00086322490514879,0.00086322490514879,0.00000000372179719043544,28358857.9290212,122.269314908143,122.269314908143,0.000527164577837515,122.269314908143,0.000527164577837515,0.000527164577837515,0.00000000227287191668151,292241216.137693,1259.99902303934,1259.99902303934,0.005432490184109,1259.99902303934,0.005432490184109,0.005432490184109,0.0000000234222003833404,14.5272478365971,14.833591048091,14.340428804461,16.6730683838118,15.4672547960129,3.15653646424346,15.7735980864227,3.45158267398658,15.2804357024438,2.97842419164057,17.6130756073198,5.26403950156746,16.4072619376779,4.07025838566315,4.07025838566315,0.000248191485664374,16.7136052589143,4.37208656774763,4.37208656774763,0.000337140390365013,16.2204428201116,3.88694006495762,3.88694006495762,0.000205902463850414,18.5530828521458,6.2008886524875,6.2008886524875,0.00211981807537698,17.347269150534,4.99980730076421,4.99980730076421,0.00063524724429966,4.99980730076421,0.00063524724429966,0.00063524724429966,0.00000000273974087485697,17.653612483812,5.30437079988523,5.30437079988523,0.000862852540804393,5.30437079988523,0.000862852540804393,0.000862852540804393,0.00000000372179708581135,17.1604500235938,4.81437151389521,4.81437151389521,0.000527025675405612,4.81437151389521,0.000527025675405612,0.000527025675405612,0.00000000227287188811316,19.4930901052992,7.1396595612139,7.1396595612139,0.00541778743363748,7.1396595612139,0.00541778743363748,0.00541778743363748,0.0000000234222001271131,"Tim Moore","Republican"
"North Dakota","ND","3800",1210196.60739581,599694.900831112,168444.755465597,10679304.9138193,3098103.31493328,13.3574832519573,1535218.94612765,6.61910184277674,431218.573991928,1.85920038633513,27339020.5793775,117.872282616829,7931144.4862292,34.1951571250107,34.1951571250107,0.00014743253925514,3930160.50208678,16.9449007175085,16.9449007175085,0.000073057998566156,1103919.54941933,4.75955298901793,4.75955298901793,0.0000205208293187535,69987892.6832064,301.753043499083,301.753043499083,0.00130100929989578,20303729.8847468,87.5396022400275,87.5396022400275,0.000377427300493158,87.5396022400275,0.000377427300493158,0.000377427300493158,0.00000000162727912296153,10061210.8853422,43.3789458368217,43.3789458368216,0.00018702847632936,43.3789458368217,0.00018702847632936,0.00018702847632936,0.000000000806373928256912,2826034.0465135,12.1844556518859,12.1844556518859,0.000052533323056009,12.1844556518859,0.000052533323056009,0.000052533323056009,0.000000000226497605650512,179169005.269008,772.487791357653,772.487791357653,0.0033305838077332,772.487791357653,0.0033305838077332,0.0033305838077332,0.0000000143598237078141,14.0062942161364,13.3041779737674,12.034369050925,16.1838184000417,14.9463009710942,2.66427128725432,14.2441842161184,2.03065849434953,12.9743726917765,1.05054200054303,17.1238256014718,4.77804966143986,15.8863080328928,3.56090849146299,3.56090849146299,0.00014742167214648,15.1841910776796,2.88730599198513,2.88730599198513,0.000073055329960559,13.9143785371238,1.75085986562302,1.75085986562302,0.0000205206187693556,18.0638328376737,5.71291743522853,5.71291743522853,0.00130016372062141,16.8263152145511,4.48344993486142,4.48344993486142,0.000377356092726089,4.48344993486142,0.000377356092726089,0.000377356092726089,0.00000000162727919895403,16.1241981811202,3.79276516410881,3.79276516410881,0.000187010988684399,3.79276516410881,0.000187010988684399,0.000187010988684399,0.00000000080637385625155,14.8543852436053,2.57903853354425,2.57903853354425,0.0000525319432294119,2.57903853354425,0.0000525319432294119,0.0000525319432294119,0.000000000226497709451152,19.0038400874584,6.65090988625269,6.65090988625269,0.0033250496979561,6.65090988625269,0.0033250496979561,0.0033250496979561,0.0000000143598236714101,"Julie Fedorchak","Republican"
"Ohio","OH","3901",1733602.78675276,6033120.99262421,3280988.80780868,53295508.397746,4438023.13408706,19.1345522273661,15444789.741118,66.5902648573966,8399331.34799024,36.2137464130488,136436501.49823,588.246452251545,11361339.2232628,48.9844537020572,48.9844537020572,0.000211196643048555,39538661.737262,170.471078034935,170.471078034935,0.000734986647739924,21502288.250855,92.7071908174048,92.7071908174048,0.000399707376674804,349277443.835468,1505.91091776395,1505.91091776395,0.00649274017622775,29085028.4115529,125.400201477267,125.400201477267,0.0005406634062043,125.400201477267,0.0005406634062043,0.0005406634062043,0.0000000023310721622838,101218974.047391,436.405959769434,436.405959769434,0.00188156581821421,436.405959769434,0.00188156581821421,0.00188156581821421,0.00000000811237759022019,55045857.9221887,237.330408492556,237.330408492556,0.0010232508842875,237.330408492556,0.0010232508842875,0.0010232508842875,0.00000000441174975784019,894150256.218797,3855.13194947572,3855.13194947572,0.016621414851143,3855.13194947572,0.016621414851143,0.016621414851143,0.0000000716632881246438,14.3657129135309,15.6127751781076,15.0036557055101,17.7913626341373,15.3057198205147,3.00243735553446,16.5527823355942,4.21346396169308,15.9436627782725,3.61667822025322,18.7313698811949,6.3788445210116,16.2457269416984,3.91171203112179,3.91171203112179,0.000211174344177031,17.4927895546306,5.14441461118876,5.14441461118876,0.000734716677328787,16.8836699642136,4.54017492928169,4.54017492928169,0.000399627514961514,19.67137713522,7.31781708457933,7.31781708457933,0.00647175313203137,17.185734146554,4.8394530756772,4.8394530756772,0.00054051730040533,4.8394530756772,0.00054051730040533,0.00054051730040533,0.00000000233107222142069,18.4327967977099,6.08086173359437,6.08086173359436,0.00187979789055097,6.08086173359436,0.00187979789055097,0.00187979789055097,0.0000000081123776256148,17.8236771943651,5.47365798189139,5.47365798189139,0.00102272771995663,5.47365798189139,0.00102272771995663,0.00102272771995663,0.00000000441174984459547,20.6113843919668,8.25741987440735,8.25741987440735,0.0164847909781296,8.25741987440735,0.0164847909781296,0.0164847909781296,0.0000000716632856247117,"Greg Landsman","Democrat"
"Ohio","OH","3902",866328.57108014,2247305.29721756,1878256.38362735,20254262.1924793,2217801.14196516,9.56205736173437,5753101.56087696,24.8045174529238,4808336.34208603,20.7311589157171,51850911.212747,223.555384607278,5677570.92343081,24.47886684604,24.47886684604,0.000105540719816154,14727939.995845,63.4995646794848,63.4995646794848,0.000273778594672549,12309341.0357402,53.0717668242358,53.0717668242358,0.000228819107835912,132738332.704632,572.301784594633,572.301784594633,0.00246748114110349,14534581.5639829,62.6658991258623,62.6658991258623,0.000270184242729355,62.6658991258623,0.000270184242729355,0.000270184242729355,0.00000000116490030523009,37703526.3893633,162.558885579481,162.558885579481,0.000700873202361726,162.558885579481,0.000700873202361726,0.000700873202361726,0.0000000030218172574061,31511913.051495,135.863723070044,135.863723070044,0.000585776916059934,135.863723070044,0.000585776916059934,0.000585776916059934,0.00000000252557921743235,339810131.723859,1465.09256856226,1465.09256856226,0.00631675172122495,1465.09256856226,0.00631675172122495,0.00631675172122495,0.0000000272346970859014,13.6720206822144,14.6252428557261,14.4458549813443,16.8238758573826,14.6120272373071,2.35726808522383,15.5652498430595,3.25054957167478,15.3858619153994,3.07874712536886,17.7638830857878,5.41412237879324,15.5520342210332,3.23784935742462,3.23784935742462,0.000105535150786122,16.5052569956299,4.16665847462368,4.16665847462368,0.000273741124151958,16.3258690471578,3.99031217946881,3.99031217946881,0.000228792932736675,18.7038903325268,6.35141225275553,6.35141225275553,0.00246444190798615,16.4920413721945,4.15364908369112,4.15364908369112,0.000270147749539887,4.15364908369112,0.000270147749539887,0.000270147749539887,0.00000000116490039768642,17.4452642127459,5.09717308194597,5.09717308194597,0.000700627705440225,5.09717308194597,0.000700627705440225,0.000700627705440225,0.00000000302181723631233,17.2658762561442,4.91898570864728,4.91898570864728,0.00058560541573298,4.91898570864728,0.00058560541573298,0.00058560541573298,0.00000000252557929805981,19.6438975864275,7.29035602408358,7.29035602408358,0.00629688466468792,7.29035602408358,0.00629688466468792,0.00629688466468792,0.0000000272346967932825,"David J. Taylor","Republican"
"Ohio","OH","3903",4369390.53246674,8726159.46764926,13875713.2744184,77596768.7060736,11185639.7631149,48.2269248665944,22338968.2371821,96.3145394977224,35521825.982511,153.152476663146,198647727.887549,856.470371890889,28635237.793574,123.460927658482,123.460927658482,0.00053230222036827,57187758.6871862,246.56522111417,246.56522111417,0.00106306681112686,90935874.5152283,392.070340257653,392.070340257653,0.00169041263999732,508538183.392124,2192.56415204068,2192.56415204068,0.00945324799162033,73306208.7515495,316.059974805713,316.059974805713,0.00136269368414277,316.059974805713,0.00136269368414277,0.00136269368414277,0.00000000587525857376938,146400662.239197,631.206966052274,631.206966052274,0.00272145103648476,631.206966052274,0.00272145103648476,0.00272145103648476,0.0000000117335456392454,232795838.758984,1003.70007105959,1003.70007105959,0.00432745635839313,1003.70007105959,0.00432745635839313,0.00432745635839313,0.0000000186578431881821,1301857749.48384,5612.96422922414,5612.96422922414,0.0242003148585481,5612.96422922414,0.0242003148585481,0.0242003148585481,0.000000104339741950184,15.2901343199555,15.9818360220966,16.4456506955091,18.1670363567879,16.2301414389825,3.8964407271958,16.9218432107549,4.57794840760424,17.3856579100839,5.03794222078205,19.1070436074263,6.75398662671243,17.1701486429956,4.82399183258013,4.82399183258013,0.00053216059779647,17.8618504419678,5.51167406694675,5.51167406694675,0.00106250215574659,18.3256651514205,5.97398857869764,5.97398857869764,0.00168898550062712,20.0470508628502,7.69328296660699,7.69328296660699,0.00940884565435724,18.1101558802065,5.75909095095287,5.75909095095287,0.00136176605972081,5.75909095095287,0.00136176605972081,0.00136176605972081,0.00000000587525848467127,18.8018576898036,6.44921681846848,6.44921681846848,0.00271775459355304,6.44921681846848,0.00271775459355304,0.00271775459355304,0.0000000117335456217795,19.2656724032108,6.91244433919544,6.91244433919544,0.00431811984500445,6.91244433919544,0.00431811984500445,0.00431811984500445,0.0000000186578430963179,20.9870581201434,8.63301238519225,8.63301238519225,0.0239121274652737,8.63301238519225,0.0239121274652737,0.0239121274652737,0.000000104339736514169,"Joyce Beatty","Democrat"
"Ohio","OH","3904",1481082.97005562,1964720.55942352,3046565.63783918,18203419.7705172,3791572.40334238,16.3473776462229,5029684.63212421,21.6855028405252,7799208.03286832,33.6263126460045,46600754.6125239,200.919316107044,9706425.35255649,41.8492867743306,41.8492867743306,0.000180433345944281,12875992.658238,55.5148872717445,55.5148872717445,0.000239352630169661,19965972.5641429,86.0833603737715,86.0833603737715,0.000371148708605808,119297931.808061,514.353449234033,514.353449234033,0.00221763669100816,24848448.9025446,107.134174142287,107.134174142286,0.000461909365617359,107.134174142286,0.000461909365617359,0.000461909365617359,0.00000000199152384151172,32962541.2050892,142.118111415666,142.118111415666,0.000612742733234332,142.118111415666,0.000612742733234332,0.000612742733234332,0.00000000264184243226647,51112889.7642058,220.373402556855,220.373402556855,0.000950140694030868,220.373402556855,0.000950140694030868,0.000950140694030868,0.00000000409653491745925,305402705.428637,1316.74483003912,1316.74483003912,0.0056771499289809,1316.74483003912,0.0056771499289809,0.0056771499289809,0.0000000244770517270003,14.2082847898571,14.4908610932062,14.9295258220041,16.7171200888098,15.14829163691,2.8534413506595,15.4308680415391,3.12172607908252,15.8695328804754,3.54461387414284,17.6571273138254,5.30786819239705,16.0882987346832,3.75768900019886,3.75768900019886,0.000180417069805954,16.3708751788749,4.0345040949799,4.0345040949799,0.000239323989898816,16.8095400608339,4.46686582512307,4.46686582512307,0.000371079849961161,18.5971345592404,6.24485297445358,6.24485297445358,0.00221518136410692,17.0283059303941,4.68337280921141,4.68337280921141,0.000461802718325932,4.68337280921141,0.000461802718325932,0.000461802718325932,0.00000000199152383274925,17.31088239004,4.96367024330335,4.96367024330335,0.000612555083056016,4.96367024330335,0.000612555083056016,0.000612555083056016,0.00000000264184251903198,17.7495472888047,5.39985088007179,5.39985088007179,0.000949689596076719,5.39985088007179,0.000949689596076719,0.000949689596076719,0.00000000409653488069566,19.5371418126239,7.18367709240311,7.18367709240311,0.00566109564637638,7.18367709240311,0.00566109564637638,0.00566109564637638,0.0000000244770514192556,"Jim Jordan","Republican"
"Ohio","OH","3905",1400028.62054234,1181082.58596033,2071457.01988869,13899005.3156543,3584073.26858839,15.4527444027438,3023571.42005845,13.0361387271545,5302929.97091505,22.8636010721049,35581453.6080749,153.409561378812,9175227.56758626,39.5590256710241,39.5590256710241,0.000170558877206403,7740342.83534964,33.3725151415156,33.3725151415156,0.000143885715473012,13575500.7255425,58.5308187445885,58.5308187445885,0.000252355829237744,91088521.2366718,392.728477129758,392.728477129758,0.00169325019941771,23488582.5730208,101.271105717822,101.271105717822,0.000436630725648391,101.271105717822,0.000436630725648391,0.00043663072564839,0.00000000188253489708556,19815277.6584951,85.43363876228,85.43363876228,0.000368347431610912,85.43363876228,0.000368347431610912,0.000368347431610912,0.00000000158813123659506,34753281.8573888,149.838895986147,149.838895986147,0.000646030922848624,149.838895986147,0.000646030922848624,0.000646030922848624,0.00000000278536457793463,233186614.36588,1005.38490145218,1005.38490145218,0.00433472051050934,1005.38490145218,0.00433472051050934,0.00433472051050934,0.0000000186891626053766,14.1520039518919,13.9819428682553,14.5437632747324,16.4473279074631,15.0920107751246,2.80049229628985,14.921949610801,2.64163534133945,15.483770239047,3.17235433034899,17.3873351221115,5.03960856170191,16.0320178635931,3.70275833707685,3.70275833707685,0.000170544333694658,15.861956667751,3.53725726658165,3.53725726658165,0.000143875364916263,16.4237773826256,4.08649414054945,4.08649414054945,0.000252323992861447,18.3273423634768,5.9756615273881,5.9756615273881,0.00169181826748369,16.9720250556693,4.62762718651093,4.62762718651093,0.000436535430191463,4.62762718651093,0.000436535430191463,0.000436535430191463,0.00000000188253479294515,16.8019638475154,4.45937693756421,4.45937693756421,0.000368279608350278,4.45937693756421,0.000368279608350278,0.000368279608350278,0.00000000158813118085646,17.3637845962292,5.01621235325801,5.01621235325801,0.000645822334703439,5.01621235325801,0.000645822334703439,0.000645822334703439,0.00000000278536460174949,19.2673496152783,6.91411988330202,6.91411988330202,0.00432535267111125,6.91411988330202,0.00432535267111125,0.00432535267111125,0.0000000186891624872577,"Robert E. Latta","Republican"
"Ohio","OH","3906",816830.8614186,692451.482583682,925021.545878427,8150196.36149991,2091087.00523162,9.01572891908818,1772675.79541423,7.64289787698884,2368055.15744878,10.2098780737447,20864502.6854398,89.9573761268133,5353182.73339295,23.0802660328657,23.0802660328657,0.0000995106475302818,4538050.03626042,19.5658185650914,19.5658185650914,0.00008435809501068,6062221.20306886,26.1372878687865,26.1372878687865,0.000112691007842139,53413126.8747258,230.290882884642,230.290882884642,0.000992899945067298,13704147.7974859,59.0854810441363,59.0854810441363,0.000254747257677522,59.0854810441363,0.000254747257677522,0.000254747257677522,0.00000000109834369031777,11617408.0928267,50.0884955266341,50.0884955266341,0.000215956723227341,50.0884955266341,0.000215956723227341,0.000215956723227341,0.000000000931098165691388,15519286.2798563,66.9114569440934,66.9114569440934,0.000288488980075875,66.9114569440934,0.000288488980075875,0.000288488980075875,0.00000000124382124416685,136737604.799298,589.544660184684,589.544660184684,0.00254182385937229,589.544660184684,0.00254182385937229,0.00254182385937229,0.000000010959082438386,13.6131885526852,13.4479948974817,13.7375733901201,15.9135527010588,14.5531950651538,2.30415674920396,14.3880012759485,2.15673792901041,14.6775799898437,2.41679536046334,16.8535598847821,4.51039100257517,15.49320203223,3.18139266825608,3.18139266825608,0.0000995056966742853,15.3280081906801,3.02363040468753,3.02363040468753,0.000084354537066724,15.6175869910038,3.30090871827055,3.30090871827055,0.000112684658687536,17.7935671140673,5.44367615161938,5.44367615161938,0.000992407345957568,16.4332091768873,4.09576823239157,4.09576823239157,0.000254714815104497,4.09576823239157,0.000254714815104497,0.000254714815104497,0.00000000109834363765849,16.2680153148904,3.93355933539755,3.93355933539755,0.0002159334079309,3.93355933539755,0.0002159334079309,0.0002159334079309,0.000000000931098087086428,16.5575941489752,4.21820475293906,4.21820475293906,0.000288447375131537,4.21820475293906,0.000288447375131537,0.000288447375131537,0.00000000124382126743067,18.7335743611501,6.38104526391162,6.38104526391162,0.00253859888882155,6.38104526391162,0.00253859888882155,0.00253859888882155,0.0000000109590824702978,"Michael A. Rulli","Republican"
"Ohio","OH","3907",4069365.20174496,3159832.27106407,6225630.71969322,39782524.9931874,10417574.9164671,44.91541060041,8089170.61392402,34.8764873259375,15937614.6424147,68.7150811388573,101843263.98256,439.097588003131,26668991.7861557,114.98345113705,114.98345113705,0.00049575155076727,20708276.7716455,89.2838075543999,89.2838075543999,0.000384947447791798,40800293.4845815,175.910607715475,175.910607715475,0.000758439198936687,260718755.795353,1124.08982528802,1124.08982528802,0.00484651720380205,68272618.9725587,294.357634910847,294.357634910847,0.00126912396996421,294.357634910847,0.00126912396996421,0.00126912396996421,0.00000000547183242461351,53013188.5354125,228.566547339264,228.566547339264,0.000985465466347005,228.566547339264,0.000985465466347005,0.000985465466347005,0.00000000424883779655228,104448751.320529,450.331155751616,450.331155751616,0.00194160434927792,450.331155751616,0.00194160434927792,0.00194160434927792,0.00000000837123392638241,667440014.836104,2877.66995273733,2877.66995273733,0.0124070840417333,2877.66995273733,0.0124070840417333,0.0124070840417333,0.0000000534931861356108,15.2189978209055,14.9660298218496,15.6441854762414,17.4989383284487,16.15900492965,3.82680080364578,15.9060368874907,3.58008213178312,16.5841926368512,4.24441666651143,18.4389455716225,6.08699649323655,17.0990121296466,4.75344751831745,4.75344751831745,0.000495628706565724,16.84604407065,4.50295812600904,4.50295812600904,0.000384873374531868,17.5241998571077,5.17564456384208,5.17564456384208,0.00075815172927034,19.3789528241305,7.02561815615156,7.02561815615156,0.00483481064807771,18.0390193652885,5.6881869438029,5.6881869438029,0.00126831931287314,5.6881869438029,0.00126831931287314,0.00126831931287314,0.00000000547183230560999,17.7860512997148,5.43619295408829,5.43619295408829,0.000984980214027789,5.43619295408829,0.000984980214027789,0.000984980214027789,0.00000000424883771706888,18.4642071006636,6.11220134001762,6.11220134001762,0.00193972187184376,6.11220134001762,0.00193972187184376,0.00193972187184376,0.00000000837123389323388,20.3189600802847,7.96508364449118,7.96508364449118,0.0123307469398679,7.96508364449118,0.0123307469398679,0.0123307469398679,0.000000053493184672166,"Max L. Miller","Republican"
"Ohio","OH","3908",1169313.53012717,3734980.28102232,2255100.1908244,33459731.9648302,2993442.63712556,12.9062383744167,9561549.51941714,41.2246541142627,5773056.48851046,24.8905531930405,85656913.8299653,369.310082844269,7663213.15104143,33.0399702385069,33.0399702385069,0.000142451946963405,24477566.7697079,105.535114532512,105.535114532512,0.000455015014530524,14779024.6105868,63.7198161741837,63.7198161741837,0.000274728209760425,219281699.404711,945.433812081328,945.433812081328,0.00407624117951098,19617825.6666661,84.5823238105776,84.5823238105776,0.000364676984226316,84.5823238105776,0.000364676984226316,0.000364676984226316,0.00000000157230608988978,62662570.9304522,270.169893203232,270.169893203232,0.00116483843719814,270.169893203232,0.00116483843719814,0.00116483843719814,0.00000000502220498622894,37834303.0031022,163.12272940591,163.12272940591,0.000703304216986687,163.12272940591,0.000703304216986687,0.000703304216986687,0.0000000030322985854437,561361150.476061,2420.3105589282,2420.3105589282,0.0104351774195481,2420.3105589282,0.0104351774195481,0.0104351774195481,0.0000000449913038538609,13.9719282633979,15.133253364762,14.6287054038919,17.3258532727628,14.9119350007506,2.63233754336917,16.0732604601,3.74300427116861,15.5687123921626,3.25387816058965,18.2658605130421,5.91434071640188,15.8519420556721,3.52753542939536,3.52753542939536,0.000142441801648367,17.0132676548597,4.66847464472609,4.66847464472609,0.000454911526590066,16.5087195450991,4.17006743242148,4.17006743242148,0.000274690478876093,19.2058677644194,6.85270103907726,6.85270103907726,0.00406795581622862,16.7919492346441,4.44947876428416,4.44947876428416,0.000364610505736478,4.44947876428416,0.000364610505736478,0.000364610505736478,0.00000000157230606188846,17.9532748884559,5.60274553664139,5.60274553664139,0.0011641605392823,5.60274553664139,0.0011641605392823,0.0011641605392823,0.00000000502220508362769,17.4487267623582,5.10061449798597,5.10061449798597,0.000703057014474718,5.10061449798597,0.000703057014474718,0.000703057014474718,0.00000000303229862981149,20.1458750201319,7.79206422583979,7.79206422583979,0.0103811067881164,7.79206422583979,0.0103811067881164,0.0103811067881164,0.0000000449913027815425,"Warren Davidson","Republican"
"Ohio","OH","3909",930437.604002075,1235018.00700451,1856072.12957965,10995163.2011869,2381920.26624531,10.2696575386979,3161646.09793155,13.6314481825621,4751544.65172391,20.4863013445684,28147617.7950384,121.358552333436,6097715.881588,26.2903232990666,26.2903232990666,0.000113350820633749,8093814.01070478,34.896507347359,34.896507347359,0.000150456413185882,12163954.3084132,52.4449314420951,52.4449314420951,0.000226116504898714,72057901.5552983,310.677893973595,310.677893973595,0.00133948882385642,15610152.6568653,67.3032276456104,67.3032276456104,0.000290178100822397,67.3032276456105,0.000290178100822397,0.000290178100822397,0.00000000125110389415901,20720163.8674042,89.3350588092391,89.3350588092391,0.000385168417755859,89.3350588092391,0.000385168417755859,0.000385168417755859,0.00000000166065497704927,31139723.0295378,134.259024491763,134.259024491763,0.000578858252540709,134.259024491763,0.000578858252540709,0.000578858252540709,0.00000000249574937552924,184468227.981563,795.335408572404,795.335408572404,0.00342909138907245,795.335408572404,0.00342909138907244,0.00342909138907245,0.000000014784539488462,13.7434113711595,14.0265969182128,14.4339735932652,16.2129661160284,14.6834179747177,2.42211394060666,14.9666036832907,2.68317319732124,15.3739805234425,3.0674155853051,17.1529733190977,4.80695568800509,15.6234249773758,3.30653218144621,3.30653218144621,0.000113344396914833,15.9066107490425,3.58064000238701,3.58064000238701,0.000150445095754823,16.3139876536863,3.97865180495018,3.97865180495018,0.000226090944414809,18.09298055594,5.74197026341644,5.74197026341644,0.00133859250901506,16.5634321359323,4.22395702235052,4.22395702235052,0.000290136007300219,4.22395702235052,0.000290136007300219,0.000290136007300219,0.00000000125110388637392,16.846617932245,4.50352563323845,4.50352563323845,0.000385094259442485,4.50352563323845,0.000385094259442485,0.000385094259442485,0.00000000166065494551005,17.2539948620809,4.90719164002381,4.90719164002381,0.000578690778728463,4.90719164002381,0.000578690778728463,0.000578690778728463,0.00000000249574938181986,19.0329878059747,6.68002046464728,6.68002046464728,0.00342322546123857,6.68002046464728,0.00342322546123857,0.00342322546123857,0.0000000147845394832914,"Marcy Kaptur","Democrat"
"Ohio","OH","3910",850415.675123028,1278968.22954464,1447962.87631723,12619165.9131576,2177064.12831495,9.38641958524558,3274158.66763429,14.1165465194042,3706784.9633721,15.9818163029584,32305064.7376834,139.283399332438,5573284.16848628,24.0292341382287,24.0292341382287,0.000103602126827608,8381846.18914378,36.1383590896746,36.1383590896746,0.000155810661305833,9489369.50623259,40.9134497355734,40.9134497355734,0.000176398481286441,82700965.7284694,356.565502291042,356.565502291042,0.001537333407224,14267607.4713249,61.5148393938655,61.5148393938655,0.000265221444678677,61.5148393938655,0.000265221444678677,0.000265221444678677,0.00000000114350318411884,21457526.2442081,92.5141992695671,92.5141992695671,0.000398875292942933,92.5141992695671,0.000398875292942933,0.000398875292942933,0.00000000171975221724313,24292785.9359554,104.738431323068,104.738431323068,0.000451580112093289,104.738431323068,0.000451580112093289,0.000451580112093289,0.00000000194698922890279,211714472.264882,912.807685865066,912.807685865066,0.00393557352249342,912.807685865066,0.00393557352249342,0.00393557352249342,0.0000000169682389738784,13.6534817143819,14.0615650220579,14.1856689043219,16.3507273996779,14.5934882563126,2.34049914372469,15.0015718040913,2.71578993986173,15.1256757419637,2.83214314235687,17.2907346098797,4.9436646574594,15.5334952348974,3.22004450722201,3.22004450722201,0.000103596760497993,15.9415788764663,3.61465037319501,3.61465037319501,0.000155798524085401,16.0656828360607,3.73560677149561,3.73560677149561,0.000176382924903654,18.2307418495081,5.87931856854247,5.87931856854247,0.00153615291993496,16.4735023840503,4.13540395886209,4.13540395886209,0.000265186279688953,4.13540395886209,0.000265186279688953,0.000265186279688953,0.00000000114350329140213,16.881586062256,4.53811328861013,4.53811328861013,0.000398795763340812,4.53811328861013,0.000398795763340812,0.000398795763340812,0.00000000171975211701096,17.0056900303356,4.66096841546999,4.66096841546999,0.000451478180480116,4.66096841546999,0.000451478180480116,0.000451478180480116,0.00000000194698923460556,19.1707491006311,6.817620139977,6.817620139977,0.00392784941225463,6.817620139977,0.00392784941225463,0.00392784941225463,0.0000000169682388921142,"Michael R. Turner","Republican"
"Ohio","OH","3911",7635131.943497,5558734.93125937,11052965.1981229,72812670.313939,19545937.7753523,84.2723789163536,14230361.424024,61.3542529309722,28295590.9071945,121.996538922791,186400436.003684,803.666130201461,50037600.704902,215.737290025865,215.737290025865,0.0009301520786776,36429725.2455015,157.066887503289,157.066887503289,0.000677194433494039,72436712.7224181,312.311139642346,312.311139642346,0.00134653056825582,477185116.16943,2057.38529331574,2057.38529331574,0.0088704238705739,128096257.804549,552.287462466215,552.287462466215,0.00238118932141466,552.287462466215,0.00238118932141466,0.00238118932141466,0.0000000102665060675102,93260096.6284837,402.09123200842,402.09123200842,0.00173361774974474,402.09123200842,0.00173361774974474,0.00173361774974474,0.00000000747449897680703,185437984.56939,799.516517484405,799.516517484405,0.00344711825473489,799.516517484405,0.00344711825473489,0.00344711825473489,0.0000000148622623826634,1221593897.39374,5266.90635088829,5266.9063508883,0.0227082851086692,5266.90635088829,0.0227082851086692,0.0227082851086692,0.0000000979068504777261,15.8482709088601,15.5308812898858,16.2182093841253,18.103400554531,16.7882780875396,4.44585059099683,16.4708884387525,4.13283188040081,17.1582165874845,4.81215621613742,19.0434078046534,6.69042744629668,17.7282853148545,5.37868597507565,5.37868597507565,0.00092971975529635,17.4108956544218,5.06301828207286,5.06301828207286,0.000676965240809802,18.0982238244399,5.74719675315863,5.74719675315863,0.00134562480896743,19.9834150598757,7.6296771162256,7.6296771162256,0.00883131277856389,18.6682925611676,6.31587769008871,6.31587769008871,0.0023783587825979,6.31587769008871,0.0023783587825979,0.0023783587825979,0.0000000102665060370061,18.3509028961859,5.999162918481,5.999162918481,0.00173211676899442,5.999162918481,0.00173211676899442,0.00173211676899442,0.00000000747449899178768,19.0382310745189,6.68525716618317,6.68525716618317,0.00344119056100535,6.68525716618317,0.00344119056100535,0.00344119056100535,0.0000000148622621992904,20.9234223170901,8.56938828572875,8.56938828572875,0.022454290008191,8.56938828572875,0.022454290008191,0.022454290008191,0.0000000979068456119077,"Shontel M. Brown","Democrat"
"Ohio","OH","3912",2047818.03804201,2938810.12898679,4318517.53840354,26793048.9615645,5242414.17738754,22.6026870171648,7523353.93020619,32.4369667198915,11055404.8983131,47.6654167925977,68590205.341605,295.726909649084,13420580.2941121,57.8628787639419,57.8628787639419,0.00024947600368067,19259786.0613278,83.0386348029223,83.0386348029223,0.000358021363683709,28301836.5396814,122.02346698905,122.02346698905,0.000526104603676558,175590925.674509,757.060888701655,757.060888701655,0.00326407066310571,34356685.552927,148.128969635691,148.128969635691,0.000638658569422515,148.128969635691,0.000638658569422515,0.000638658569422515,0.00000000275357865041501,49305052.3169993,212.578905095481,212.578905095481,0.000916534691030296,212.578905095481,0.000916534691030296,0.000916534691030296,0.00000000395164251826725,72452701.5415844,312.380075491969,312.380075491969,0.00134682778541199,312.380075491969,0.00134682778541199,0.00134682778541199,0.00000000580685269603375,449512769.726743,1938.07587507624,1938.07587507624,0.00835602089755063,1938.07587507624,0.00835602089755063,0.00835602089755063,0.0000000360270132548635,14.5322859009065,14.8935156796364,15.2784229704809,17.1036530820569,15.4722928618252,3.16136056220991,15.8335227307736,3.50966207596505,16.218430087865,3.88496865036655,18.0436603178046,5.69281221967579,16.4123000040773,4.07521065027298,4.07521065027298,0.000249444889717115,16.7735299082673,4.43127663123422,4.43127663123422,0.000357957289328234,17.1584372912363,4.81237512570346,4.81237512570346,0.000525966259169959,18.9836675674118,6.63076371051869,6.63076371051869,0.00325875514812909,17.3523072171628,5.00481149958225,5.00481149958225,0.000638454713829782,5.00481149958225,0.000638454713829782,0.000638454713829782,0.00000000275357869459789,17.713537135119,5.36400634329277,5.36400634329277,0.000916114929574704,5.36400634329277,0.000916114929574704,0.000916114929574704,0.00000000395164256091475,18.0984445281965,5.74741675257217,5.74741675257217,0.00134592162640578,5.74741675257217,0.00134592162640578,0.00134592162640578,0.00000000580685275954237,19.9236748224329,7.56996678551173,7.56996678551173,0.00832130262525901,7.56996678551173,0.00832130262525901,0.00832130262525901,0.0000000360270125015574,"Troy Balderson","Republican"
"Ohio","OH","3913",1446699.66581543,1175070.21158642,2165032.16722072,15313760.1570272,3703551.1444875,15.9678736815543,3008179.74166125,12.9697774520417,5542482.34808505,23.8964319820979,39203226.0019896,169.024845691936,9481090.92988801,40.8777566247789,40.8777566247789,0.000176244590314714,7700940.13865279,33.2026302772268,33.2026302772268,0.000143153256287884,14188754.8110977,61.1748658741706,61.1748658741706,0.000263755647662308,100360258.565093,432.703604971357,432.703604971357,0.00186560310258437,24271592.7805133,104.647056959434,104.647056959434,0.000451186151205667,104.647056959434,0.000451186151205667,0.000451186151205666,0.00000000194529066516123,19714406.7549512,84.9987335097006,84.9987335097006,0.000366472336096984,84.9987335097006,0.000366472336096984,0.000366472336096984,0.00000000158004675574435,36323212.3164102,156.607656637877,156.607656637877,0.000675214458015507,156.607656637877,0.000675214458015507,0.000675214458015507,0.00000000291118949163121,256922261.926639,1107.72122872667,1107.72122872667,0.00477594394261599,1107.72122872667,0.00477594394261599,0.00477594394261599,0.0000000205914989723814,14.1847961188481,13.9768393093294,14.5879462390338,16.544262404153,15.1248029561224,2.83132177272467,14.9168460492352,2.63689624272263,15.527953216063,3.21472449931146,17.4842696228518,5.13594457750026,16.0648100500758,3.73475481782401,3.73475481782401,0.000176229061061419,15.856853105154,3.53230254980208,3.53230254980208,0.000143143010838262,16.4679603646083,4.12995083245627,4.12995083245627,0.000263720870256532,18.4242768657993,6.0723613629381,6.0723613629381,0.00186386502648717,17.0048172442947,4.66010388716137,4.66010388716137,0.000451084397339715,4.66010388716137,0.000451084397339715,0.000451084397339715,0.00000000194529059338119,16.7968602845155,4.45433256951368,4.45433256951368,0.000366405201511906,4.45433256951368,0.000366405201511906,0.000366405201511906,0.00000000158004675884855,17.407967580152,5.06010875897132,5.06010875897132,0.000674986603294825,5.06010875897132,0.000674986603294825,0.000674986603294825,0.00000000291118950744095,19.3642841182189,7.01096258399887,7.01096258399887,0.00476457530529114,7.01096258399887,0.00476457530529114,0.00476457530529114,0.0000000205914987383903,"Emilia Strong Sykes","Democrat"
"Ohio","OH","3914",2950592.91921148,1868764.02605856,3656488.92510869,26999250.4769884,7553517.87318139,32.5670186652744,4784035.90670992,20.6263875038061,9360611.64827823,40.3583097817529,69118081.2210903,298.002848345302,19337005.7553444,83.3715677831025,83.3715677831025,0.000359456805389396,12247131.9211774,52.8035520097437,52.8035520097437,0.000227662698727398,23963165.8195923,103.317273041288,103.317273041288,0.000445452783202816,176942287.925991,762.887291763974,762.887291763974,0.00328919122023786,49502734.7336815,213.431213524742,213.431213524742,0.000920209421796854,213.431213524742,0.000920209421796854,0.000920209421796854,0.0000000039674861327888,31352657.7182141,135.177093144944,135.177093144944,0.000582816508742139,135.177093144944,0.000582816508742139,0.000582816508742139,0.00000000251281541095249,61345704.4981563,264.492218985696,264.492218985696,0.00114035912499921,264.492218985696,0.00114035912499921,0.00114035912499921,0.00000000491666234627223,452972257.090538,1952.99146691577,1952.99146691577,0.00842032952380892,1952.99146691577,0.00842032952380892,0.00842032952380892,0.000000036304280121356,14.8975170365984,14.440788356789,15.1120142083519,17.1113197005098,15.8375240885636,3.51354399755379,15.3807952891961,3.07391421278536,16.0520213001876,3.72227336335336,18.0513269364312,5.70045309958378,16.7775312663808,4.43523047023912,4.43523047023912,0.000359392216269356,16.3208024203109,3.98533948747429,3.98533948747429,0.000227636787507835,16.9920284935792,4.6474369575116,4.6474369575116,0.000445353598565328,18.9913341861062,6.63842025441466,6.63842025441466,0.00328379366328912,17.7175384933588,5.36798900406999,5.36798900406999,0.000919786288667675,5.36798900406999,0.000919786288667675,0.000919786288667675,0.00000000396748610954723,17.2608096290458,4.9139561941444,4.9139561941444,0.000582646737161187,4.9139561941444,0.000582646737161187,0.000582646737161187,0.00000000251281550806705,17.932035726641,5.58158553323068,5.58158553323068,0.00113970940942471,5.58158553323068,0.00113970940942471,0.00113970940942471,0.00000000491666239845,19.9313414411538,7.57762946561048,7.57762946561048,0.00838507630672523,7.57762946561048,0.00838507630672523,0.00838507630672523,0.0000000363042793676552,"David P. Joyce","Republican"
"Ohio","OH","3915",2378578.06515925,4653877.79889504,7300737.41375749,41240787.4926599,6089159.8468077,26.2534339252584,11913927.1651713,51.3669385416355,18689887.7792192,80.5815163711731,105576415.981209,455.193085870686,15588249.2078277,67.2087908486614,67.2087908486614,0.000289770936242851,30499653.5428386,131.499362666587,131.499362666587,0.000566959960952698,47846112.7148011,206.288681910203,206.288681910203,0.000889414371819692,270275624.911895,1165.29429982895,1165.29429982895,0.00502417043955223,39905917.9720389,172.054504572573,172.054504572573,0.000741813596781699,172.054504572573,0.000741813596781699,0.000741813596781699,0.00000000319833191079335,78079113.0696668,336.638368426463,336.638368426463,0.00145141750003891,336.638368426463,0.00145141750003891,0.00145141750003891,0.0000000062577916155727,122486048.549891,528.099025690121,528.099025690121,0.00227690079185841,528.099025690121,0.00227690079185841,0.00227690079185841,0.00000000981686570845429,691905599.774452,2983.15340756213,2983.15340756213,0.0128618763252537,2983.15340756213,0.0128618763252537,0.0128618763252537,0.0000000554540246528296,14.6820138359077,15.3532115801535,15.8034860535726,17.5349383365389,15.6220208382063,3.30517952877577,16.2932187077058,3.95827544833624,16.7434932285964,4.4016027212525,18.4749455802543,6.12291615381848,16.5620279966224,4.22257345461699,4.22257345461699,0.000289728960753738,17.2332259150492,4.88657783535121,4.88657783535121,0.000566799299876864,17.6835004544834,5.33411242031593,5.33411242031593,0.000889019077227028,19.4149528329739,7.06158673628813,7.06158673628813,0.00501159141044705,17.5020352160219,5.15360660021106,5.15360660021106,0.000741538589069988,5.15360660021106,0.000741538589069988,0.000741538589069988,0.00000000319833181649312,18.1732331535609,5.82197540681639,5.82197540681639,0.00145036521174252,5.82197540681639,0.00145036521174252,0.00145036521174252,0.00000000625779159864495,18.6235077002387,6.27117560846088,6.27117560846088,0.0022743125812384,6.27117560846088,0.0022743125812384,0.0022743125812384,0.00000000981686571654808,20.3549600892107,8.00107137004313,8.00107137004313,0.0127798648595764,8.00107137004313,0.0127798648595764,0.0127798648595764,0.0000000554540231679514,"Mike Carey","Republican"
"Oklahoma","OK","4001",182418.395139644,265923.170705072,440118.397559142,3676343.52468641,466991.091557488,2.01343372063328,680763.317004984,2.93511341652492,1126703.0977514,4.85778433714593,9411439.4231972,40.5774539106598,1195497.19438717,5.15439032482119,5.15439032482119,0.0000222231718697001,1742754.09153276,7.51389034630379,7.51389034630379,0.0000323961644448768,2884359.93024359,12.4359279030936,12.4359279030936,0.0000536175465445053,24093284.9233848,103.878282011289,103.878282011289,0.000447871575334399,3060472.81763115,13.1952392315422,13.1952392315422,0.0000568913199864322,13.1952392315422,0.0000568913199864322,0.0000568913199864322,0.000000000245287124621562,4461450.47432387,19.2355592865377,19.2355592865377,0.0000829341809788847,19.2355592865377,0.0000829341809788847,0.0000829341809788847,0.000000000357571010656921,7383961.42142359,31.8359754319196,31.8359754319196,0.000137260919153934,31.8359754319196,0.000137260919153934,0.000137260919153934,0.000000000591800931850595,61678809.4038652,265.9284019489,265.9284019489,0.00114655123285606,265.9284019489,0.00114655123285606,0.00114655123285606,0.00000000494335964090199,12.1140636839718,12.4909664745856,12.9948013271725,15.1174294807772,13.0540676019412,1.10308019955051,13.4309714415377,1.36993970395081,13.9348072010955,1.76777143262815,16.057436573513,3.72755804704515,13.9940735555382,1.81716570108628,1.81716570108628,0.0000222229249385919,14.3709778048952,2.14169898810101,2.14169898810101,0.0000323956397004345,14.8748139187394,2.59793230578549,2.59793230578549,0.0000536161091751565,16.9974437672561,4.65280045880344,4.65280045880344,0.000447771310796413,14.9340803043048,2.65290664300886,2.65290664300886,0.0000568897017367717,2.65290664300886,0.0000568897017367717,0.0000568897017367717,0.000000000245287123915476,15.3109847137248,3.00744141750789,3.00744141750789,0.0000829307421298765,3.00744141750789,0.0000829307421298765,0.0000829307421298765,0.00000000035757108378933,15.8148209659622,3.4915247262801,3.4915247262801,0.000137251499735864,3.4915247262801,0.000137251499735864,0.000137251499735864,0.000000000591800830387647,17.9374510004553,5.58698046494484,5.58698046494484,0.00114589444497071,5.58698046494484,0.00114589444497071,0.00114589444497071,0.00000000494335970934694,"Kevin Hern","Republican"
"Oklahoma","OK","4002",180916.395979677,319896.613335957,440444.624219118,3687254.38645154,463145.973707972,1.99685548160905,818935.33014005,3.53084253325407,1127538.23800094,4.86138504724572,9439371.22931595,40.6978819901979,1185653.69269241,5.11195003291918,5.11195003291918,0.0000220401904030857,2096474.44515853,9.03895688513042,9.03895688513042,0.0000389714941481524,2886497.88928241,12.445145720949,12.445145720949,0.000053657289198351,24164790.3470488,104.186577894907,104.186577894907,0.000449200794112295,3035273.45329257,13.0865920842731,13.0865920842731,0.0000564228874318995,13.0865920842731,0.0000564228874318995,0.0000564228874318995,0.000000000243267476028281,5366974.57960583,23.1397296259338,23.1397296259338,0.0000997670250192701,23.1397296259338,0.0000997670250192701,0.0000997670250192701,0.000000000430145876468682,7389434.59656298,31.8595730456296,31.8595730456296,0.000137362660347779,31.8595730456296,0.000137362660347779,0.000137362660347779,0.000000000592239589362846,61861863.288445,266.717639410961,266.717639410961,0.00114995403292747,266.717639410961,0.00114995403292747,0.00114995403292747,0.00000000495803082528263,12.1057958302739,12.6757562652532,12.9955422756926,15.1203929415523,13.0457997205098,1.09756356615386,13.6157616188365,1.51090791188182,13.9355481506412,1.76838593184648,16.0604000347786,3.73045033591285,13.9858056632734,1.81024587658852,1.81024587658852,0.0000220399475217664,14.5557681332222,2.30647321296269,2.30647321296269,0.0000389707347792721,14.8755548686857,2.59861812796251,2.59861812796251,0.000053655849697412,17.0004072287133,4.65573570561344,4.65573570561344,0.000449099933638927,14.9258124078082,2.64522342896767,2.64522342896767,0.0000564212957205544,2.64522342896767,0.0000564212957205544,0.0000564212957205544,0.000000000243267406189571,15.4957751010472,3.18385901535537,3.18385901535537,0.0000997620486206919,3.18385901535537,0.0000997620486206919,0.0000997620486206919,0.000000000430145918791283,15.815561916065,3.4922431193911,3.4922431193911,0.000137353226961431,3.4922431193911,0.000137353226961431,0.000137353226961431,0.000000000592239590526719,17.9404144619873,5.58993284081332,5.58993284081332,0.00114929334224923,5.58993284081332,0.00114929334224923,0.00114929334224923,0.00000000495803086245552,"Josh Brecheen","Republican"
"Oklahoma","OK","4003",819092.596979823,1365001.43242438,1446898.05986769,10871712.9321869,2096877.04826835,9.04069270984312,3494403.66700641,15.066133602656,3704059.03326128,15.9700634457745,27831585.1063984,119.995976293692,5368005.24356697,23.1441733371984,23.1441733371984,0.0000997861840958917,8945673.38753639,38.5693020227994,38.5693020227994,0.000166291680243827,9482391.12514888,40.8833624211827,40.8833624211827,0.000176268759725468,71248857.8723801,307.189699311851,307.189699311851,0.00132444946040162,13742093.4235314,59.2490837432279,59.2490837432279,0.000255452631285483,59.2490837432279,0.000255452631285483,0.000255452631285483,0.00000000110138491108962,22900923.8720932,98.7374131783665,98.7374131783665,0.000425706701424198,98.7374131783665,0.000425706701424198,0.000425706701424198,0.00000000183543592852783,24274921.2803811,104.661407798228,104.661407798228,0.000451248024897197,104.661407798228,0.000451248024897197,0.000451248024897197,0.00000000194555743379815,182397076.153293,786.40563023834,786.40563023834,0.00339059061862815,786.40563023834,0.00339059061862815,0.00339059061862815,0.000000014618543282358,13.6159536383322,14.1266667685955,14.1849332449687,16.2016749221221,14.5559601528608,2.30664610688783,15.0666735806591,2.77671355358011,15.1249400823008,2.83145081794124,17.1416821245621,4.79575729127268,15.4959671207416,3.18404308130714,3.18404308130714,0.0000997812057858025,16.0066806647646,3.67805361619196,3.67805361619196,0.000166277855315013,16.0649471762768,3.73488866981825,3.73488866981825,0.000176253226213067,18.0816893611585,5.73071550023745,5.73071550023745,0.00132357315088153,16.4359742657132,4.09848736467385,4.09848736467385,0.000255420008817588,4.09848736467385,0.000255420008817588,0.000255420008817588,0.0000000011013849826088,16.9466878551366,4.60254086413262,4.60254086413262,0.000425616114034542,4.60254086413262,0.000425616114034542,0.000425616114034542,0.00000000183543602370364,17.0049543705045,4.66023971549965,4.66023971549965,0.000451146243125344,4.66023971549965,0.000451146243125344,0.000451146243125344,0.00000000194555749099579,19.0216966110972,6.66874352890107,6.66874352890107,0.00338485552616756,6.66874352890107,0.00338485552616756,0.00338485552616756,0.0000000146185431579374,"Frank D. Lucas","Republican"
"Oklahoma","OK","4004",810722.66612037,2016555.20451604,1835229.77573314,13239544.4225448,2075450.02526815,8.94831002541654,5162381.32356105,22.2576250886485,4698188.22587684,20.2562549283624,33893233.7217146,146.130795448385,5313152.06468646,22.9076736650663,22.9076736650663,0.000098766514934321,13215696.1883163,56.9795202269401,56.9795202269401,0.000245667400266252,12027361.8582447,51.8560126166076,51.8560126166076,0.000223577379327823,86766678.3275894,374.094836347865,374.094836347865,0.00161291119217176,13601669.2855973,58.6436445825698,58.6436445825698,0.000252842278231862,58.6436445825698,0.000252842278231862,0.000252842278231862,0.00000000109013036479113,33832182.2420897,145.867571780967,145.867571780967,0.000628908544681604,145.867571780967,0.000628908544681604,0.000628908544681604,0.00000000271154138472567,30790046.3571065,132.751392298516,132.751392298516,0.000572358091079227,132.751392298516,0.000572358091079227,0.000572358091079227,0.00000000246772390670828,222122696.518629,957.682781050535,957.682781050535,0.0041290526519597,957.682781050535,0.0041290526519597,0.0041290526519597,0.0000000178024249156421,13.6056825427544,14.5169017652186,14.4226807949056,16.3987187742391,14.5456890496023,2.29740269005311,15.456908721524,3.14663303906806,15.3626877213543,3.05665120162808,17.3387259867037,4.99132195612754,15.4856960144829,3.17419948125643,3.17419948125643,0.0000987616378432354,16.3969158619741,4.06008984865658,4.06008984865658,0.000245637228971738,16.3026948501415,3.96757147342529,3.96757147342529,0.000223552389630177,18.2787332272159,5.92717889092501,5.92717889092501,0.00161161184787842,16.4257031582826,4.08838759773045,4.08838759773045,0.000252810319010119,4.08838759773045,0.000252810319010119,0.000252810319010119,0.0000000010901304297759,17.3369230743556,4.98953130851115,4.98953130851115,0.000628710864580235,4.98953130851115,0.000628710864580235,0.000628710864580235,0.00000000271154143215296,17.2427020579673,4.89598279543046,4.89598279543046,0.000572194356660539,4.89598279543046,0.000572194356660539,0.000572194356660539,0.00000000246772380003419,19.2187404786842,6.86556023919414,6.86556023919414,0.00412055150714042,6.86556023919414,0.00412055150714042,0.00412055150714042,0.0000000178024247091336,"Tom Cole","Republican"
"Oklahoma","OK","4005",2467557.81447955,3041882.83221527,4804339.17642325,29343183.5932369,6316948.00506764,27.235543364374,7787220.0504711,33.5746264180715,12299108.2916435,53.0276483123597,75118549.9986866,323.873890416202,16171386.8929732,69.7229910127974,69.7229910127974,0.000300610919022844,19935283.329206,85.9510436302631,85.9510436302631,0.000370578224504503,31485717.2266074,135.750779679641,135.750779679641,0.000585289960238141,192303487.996638,829.117159465477,829.117159465477,0.00357474152591617,41398750.4460113,178.490856992762,178.490856992762,0.000769563952698481,178.490856992762,0.000769563952698481,0.000769563952698481,0.00000000331797766715259,51034325.3227674,220.034671693473,220.034671693473,0.000948680254731529,220.034671693473,0.000948680254731529,0.000948680254731529,0.00000000409023822832451,80603436.1001151,347.521995979881,347.521995979881,0.00149834229820964,347.521995979881,0.00149834229820964,0.00149834229820964,0.00000000646010804661158,492296929.271392,2122.53992823162,2122.53992823162,0.0091513383063454,2122.53992823162,0.00915133830634539,0.00915133830634539,0.0000000394560270378319,14.718739885661,14.9279875631088,15.385030270754,17.1945708657991,15.6587468971979,3.340581587295,15.8679946212721,3.54312007251982,16.325037402407,3.98949592131848,18.1345781035234,5.78343707753821,16.5987540592227,4.25877071116803,4.25877071116803,0.000300565744613628,16.8080018015103,4.46534524337648,4.46534524337648,0.000370509577353145,17.2650446113522,4.9181601427823,4.9181601427823,0.000585118744873154,19.0745853539027,6.72156684681158,6.72156684681158,0.00356836732366132,17.5387612800319,5.19012427065758,5.19012427065758,0.000769267990191564,5.19012427065758,0.000769267990191564,0.000769267990191564,0.00000000331797766488728,17.7480090294341,5.39831957470334,5.39831957470334,0.000948230542018652,5.39831957470334,0.000948230542018652,0.000948230542018652,0.00000000409023813981497,18.2050518504897,5.85370134436345,5.85370134436345,0.00149722090340401,5.85370134436345,0.00149722090340401,0.00149722090340401,0.00000000646010798322508,20.0145926092253,7.66083975260534,7.66083975260534,0.0091097185349843,7.66083975260534,0.0091097185349843,0.0091097185349843,0.0000000394560263338056,"Stephanie I. Bice","Republican"
"Oregon","OR","4101",4124503.2105525,8014757.7043942,10757392.3269392,69791531.7237371,10558728.2190144,45.5239935568421,20517779.7232492,88.462478865574,27538924.3569644,118.734168451381,178666321.212767,770.320467295248,27030344.2406768,116.541423505516,116.541423505516,0.000502468754069848,52525516.0915179,226.463945895869,226.463945895869,0.000976400092887602,70499646.3538288,303.959471235536,303.959471235536,0.00131052232077997,457385782.304684,1972.02039627583,1972.02039627583,0.00850237281913886,69197681.2561328,298.346044174121,298.346044174121,0.00128632001041881,298.346044174121,0.00128632001041881,0.00128632001041881,0.0000000055459732130324,134465321.194286,579.747701493426,579.747701493426,0.00249958423779226,579.747701493426,0.00249958423779226,0.00249958423779226,0.0000000107769661625651,180479094.665802,778.136246362973,778.136246362973,0.00335493714119672,778.136246362973,0.00335493714119672,0.00335493714119672,0.0000000144648231900135,1170907602.69999,5048.37221446614,5048.37221446614,0.0217660744169955,5048.37221446614,0.0217660744169955,0.0217660744169955,0.0000000938445057930984,15.2324563791461,15.8967952380697,16.1911038274886,18.0610232526914,16.1724634898926,3.83996816998573,16.8368024205296,4.49381930682687,17.1311110293329,4.78527402255227,19.0010305024515,6.64810393868959,17.1124706906711,4.7667908119289,4.7667908119289,0.000502342558916355,17.7768096493212,5.42699174625319,5.42699174625319,0.000975923724375835,18.0711182656966,5.72017888658296,5.72017888658296,0.00130966433592698,19.9410377575323,7.587320843666,7.587320843666,0.00846643122952901,18.0524779266185,5.70160024256589,5.70160024256589,0.00128549340960697,5.70160024256589,0.00128549340960697,0.00128549340960697,0.00000000554597322083062,18.7168168962111,6.3643164138182,6.3643164138182,0.00249646547310686,6.3643164138182,0.00249646547310686,0.00249646547310686,0.0000000107769661502542,19.0111255155444,6.65818592963157,6.65818592963157,0.00334932189527908,6.65818592963157,0.00334932189527908,0.00334932189527908,0.0000000144648230124508,20.8810450146914,8.52701920057468,8.52701920057468,0.0215325755792581,8.52701920057468,0.0215325755792581,0.0215325755792581,0.000000093844501318523,"Suzanne Bonamici","Democrat"
"Oregon","OR","4102",359858.684991126,395257.306749441,472260.929939922,4693078.39671302,921238.233577284,3.97192185836976,1011858.70527857,4.36263233829462,1208987.9806462,5.21255589684784,12014280.6955853,51.79961313816,2358369.87795785,10.1681199574266,10.1681199574266,0.0000438398846741312,2590358.28551314,11.1683387860342,11.1683387860342,0.0000481523316435463,3095009.23045427,13.3441430959305,13.3441430959305,0.000057533319517284,30756558.5806985,132.60700963369,132.60700963369,0.000571735584716063,6037426.88757209,26.0303870910121,26.0303870910121,0.000112230104765776,26.0303870910121,0.000112230104765776,0.000112230104765776,0.000000000483880488280795,6631317.21091363,28.5909472922476,28.5909472922476,0.000123269969007479,28.5909472922476,0.000123269969007479,0.000123269969007479,0.000000000531478901478194,7923223.62996294,34.161006325582,34.161006325582,0.000147285297964247,34.161006325582,0.000147285297964247,0.000147285297964247,0.00000000063502107606742,78736789.966588,339.473944662246,339.473944662246,0.00146364309687312,339.473944662246,0.00146364309687312,0.00146364309687312,0.00000000631050231897986,12.7934694705411,12.8872947712947,13.0652890469609,15.3615995127483,13.7334750356627,1.60380645718742,13.8273004880717,1.67945496241949,14.0052950151188,1.82657238886281,16.3016066413943,3.96650386375659,14.6734816326809,2.41306328713591,2.41306328713591,0.000043838923734387,14.7673071443303,2.49883739694565,2.49883739694565,0.0000481511723572629,14.9453017695733,2.66334171226607,2.66334171226607,0.0000575316645392389,17.2416138491649,4.89490272704422,4.89490272704422,0.000571572206196621,15.6134886327842,3.29696168097797,3.29696168097797,0.000112223807438752,3.29696168097797,0.000112223807438752,0.000112223807438752,0.000000000483880491113978,15.7073141675744,3.38746847983167,3.38746847983167,0.000123262371889162,3.38746847983167,0.000123262371889162,0.000123262371889162,0.000000000531478860779962,15.8853088311753,3.55993769372656,3.55993769372656,0.000147274452549664,3.55993769372656,0.000147274452549664,0.000147274452549664,0.000000000635021146575978,18.1816210878435,5.83033860184598,5.83033860184598,0.00146257301533328,5.83033860184598,0.00146257301533328,0.00146257301533328,0.00000000631050232298765,"Cliff Bentz","Republican"
"Oregon","OR","4103",2101836.44906997,4195239.66019717,6192071.06263211,37040578.7465019,5380701.30961912,23.1989124702802,10739813.5301048,46.3047435074348,15851701.9203382,68.3446681378659,94823881.5910448,408.83349633072,13774595.3526249,59.3892159239173,59.3892159239173,0.000256056811671462,27493922.6370682,118.540143379033,118.540143379033,0.000511086241778271,40580356.9160658,174.962350432937,174.962350432937,0.000754350784354449,242749136.873075,1046.61375060664,1046.61375060664,0.00451247883749078,35262964.1027198,152.036392765228,152.036392765228,0.000655505437878942,152.036392765228,0.000655505437878942,0.000655505437878942,0.00000000282621398254547,70384441.9508946,303.462767050325,303.462767050325,0.00130838077895237,303.462767050325,0.00130838077895237,0.00130838077895237,0.00000000564108829353728,103885713.705129,447.903617108318,447.903617108318,0.00193113800794739,447.903617108318,0.00193113800794739,0.00193113800794739,0.00000000832610825921762,621437790.395072,2679.331201553,2679.331201553,0.0115519458239764,2679.331201553,0.0115519458239764,0.0115519458239764,0.000000049806254726081,14.5583224958731,15.2494612645805,15.638780332206,17.4275246195232,15.4983294644397,3.18630769290822,16.1894683778181,3.85661057603907,16.5787874922853,4.23908926042904,18.3675318615631,6.01575097070433,16.4383366096792,4.10081054469383,4.10081054469383,0.000256024034721054,17.1294755795698,4.78365224281845,4.78365224281845,0.000510955681688129,17.5187947123345,5.17027005415976,5.17027005415976,0.000754066404807082,19.3075391136282,6.95427023836513,6.95427023836513,0.0045023281299746,17.3783438239316,5.03067575431859,5.03067575431859,0.000655290688030749,5.03067575431859,0.000655290688030749,0.000655290688030749,0.00000000282621392555833,18.0694828158973,5.71854880397687,5.71854880397687,0.00130752559467759,5.71854880397687,0.00130752559467759,0.00130752559467759,0.00000000564108824726428,18.4588019558095,6.10680820347055,6.10680820347055,0.0019292757580668,6.10680820347055,0.0019292757580668,0.0019292757580668,0.00000000832610821264092,20.2475463696093,7.89369564853822,7.89369564853822,0.0114857315457589,7.89369564853822,0.0114857315457589,0.0114857315457589,0.0000000498062534357677,"Maxine Dexter","Democrat"
"Oregon","OR","4104",2658797.81945807,1040225.30518945,1471558.70927935,35379938.3299237,6806522.41781265,29.346345153103,2662976.78128498,11.4814336839285,3767190.29575514,16.2422541042887,90572642.1246046,390.504262538121,17424697.3896004,75.1266435919436,75.1266435919436,0.00032390878597177,6817220.56008956,29.3924702308568,29.3924702308568,0.000126725737953894,9644007.15713315,41.580170506979,41.580170506979,0.000179273050218618,231865963.838988,999.69091209759,999.69091209759,0.00431017085554007,44607225.317377,192.324207595376,192.324207595376,0.00082920649208773,192.324207595376,0.00082920649208773,0.00082920649208773,0.0000000035751266838287,17452084.6338293,75.2447237909935,75.2447237909935,0.000324417889161968,75.2447237909935,0.000324417889161968,0.000324417889161968,0.00000000139872886105144,24688658.3222609,106.445236497866,106.445236497866,0.000458939008559663,106.445236497866,0.000458939008559663,0.000458939008559663,0.00000000197871713669356,593576867.427809,2559.20873496983,2559.20873496983,0.0110340373901826,2559.20873496983,0.0110340373901826,0.0110340373901826,0.0000000475732907067396,14.7933850071364,13.8549488485896,14.2018334229846,17.3816555318817,15.733392036436,3.41267608696254,14.7949555212708,2.52424223486316,15.1418402673745,2.84736300519733,18.3216627731494,5.96999640308071,16.6733992053994,4.33239831649575,4.33239831649575,0.00032385633884593,15.7349625509301,3.41419488795755,3.41419488795755,0.000126717708925789,16.0818473641075,3.75138866384856,3.75138866384856,0.000179256982725603,19.2616700249128,6.90844595250984,6.90844595250984,0.00430090867399052,17.6134064289189,5.26436861166542,5.26436861166542,0.000828862890315787,5.26436861166542,0.000828862890315787,0.000828862890315787,0.00000000357512663278626,16.674969720034,4.33394821690966,4.33394821690966,0.000324365277057092,4.33394821690966,0.000324365277057092,0.000324365277057092,0.0000000013987289094951,17.0218545594121,4.6769812898384,4.6769812898384,0.000458833728263114,4.6769812898384,0.000458833728263114,0.000458833728263114,0.00000000197871718814102,20.2016772807762,7.84784407124723,7.84784407124723,0.0109736065242157,7.84784407124723,0.0109736065242157,0.0109736065242157,0.0000000475732895085926,"Val T. Hoyle","Democrat"
"Oregon","OR","4105",1196769.60032559,2128171.29657804,3074551.04096502,20862308.6233358,3063730.1768335,13.2092833471085,5448118.51923978,23.4895820047857,7870850.66487045,33.9352001038507,53407510.0757397,230.266666036216,7843149.25269378,33.8157653685977,33.8157653685977,0.000145796790373626,13947183.4092538,60.1333299322515,60.1333299322515,0.00025926506181469,20149377.7020684,86.8741122658579,86.8741122658579,0.000374558038147558,136723225.793893,589.482665052712,589.482665052712,0.00254155656714448,20078462.0868961,86.5683593436102,86.5683593436102,0.000373239783356482,86.5683593436102,0.000373239783356482,0.000373239783356482,0.00000000160922462821604,35704789.5276898,153.941324626564,153.941324626564,0.000663718558245607,153.941324626564,0.000663718558245607,0.000663718558245607,0.00000000286162487966282,51582406.917295,222.397727400596,222.397727400596,0.000958868577657749,222.397727400596,0.000958868577657749,0.000958868577657749,0.00000000413416521816909,350011458.032367,1509.07562253494,1509.07562253494,0.00650638481188987,1509.07562253494,0.00650638481188987,0.00650638481188987,0.0000000280523008179539,13.9951373206646,14.5707740926031,14.9386697708758,16.8534547216061,14.9351440699732,2.65389550783993,15.5107810647573,3.19824780282273,15.8786768311676,3.5534949198784,17.7934619508882,5.44357144314146,15.875151129565,3.55007031202757,3.55007031202757,0.000145786163054419,16.4507882113982,4.11305721552042,4.11305721552042,0.000259231458436585,16.8186840122373,4.47590524784205,4.47590524784205,0.000374487908796723,18.7334691979698,6.38094027881821,6.38094027881821,0.00253833227424552,16.8151583103613,4.47241973798818,4.47241973798818,0.000373170146715425,4.47241973798818,0.000373170146715425,0.000373170146715425,0.00000000160922453011219,17.3907954261981,5.04304649445444,5.04304649445444,0.00066349839449583,5.04304649445444,0.00066349839449583,0.00066349839449583,0.00000000286162493291725,17.758691240486,5.40895371380178,5.40895371380178,0.000958409156842536,5.40895371380178,0.000958409156842536,0.000958409156842536,0.00000000413416522382665,19.6734764520043,7.31991500970392,7.31991500970392,0.00648530965621744,7.31991500970392,0.00648530965621744,0.00648530965621744,0.0000000280523005331518,"Janelle S. Bynum","Democrat"
"Oregon","OR","4106",1201549.82071885,2448535.17552217,3014575.46085877,20455187.2410791,3075967.54104027,13.2620447855834,6268250.04933674,27.0255819583277,7717313.17979845,33.2732227012537,52365279.3371626,225.773084570383,7874476.90506308,33.9508346510936,33.9508346510936,0.000146379142056378,16046720.1263021,69.1854898133189,69.1854898133189,0.000298293480725891,19756321.740284,85.1794501152093,85.1794501152093,0.000367251496372175,134055115.103136,577.97909650018,577.97909650018,0.00249195889119303,20158660.8769615,86.9141367067995,86.9141367067995,0.000374730603664328,86.9141367067995,0.000374730603664328,0.000374730603664328,0.00000000161565230517495,41079603.5233333,177.114853922096,177.114853922096,0.000763631310658282,177.114853922096,0.000763631310658282,0.000763631310658282,0.00000000329239906029663,50576183.6551271,218.059392294936,218.059392294936,0.000940163830712768,218.059392294936,0.000940163830712768,0.000940163830712768,0.00000000405351963645289,343181094.664029,1479.62648704046,1479.62648704046,0.00637941476145415,1479.62648704046,0.00637941476145415,0.00637941476145415,0.0000000275048690024878,13.999123630991,14.7110009245803,14.9189699009485,16.833747111996,14.9391303823253,2.65760179780476,15.6510079341985,3.33311773442782,15.8589769572971,3.53436437001941,17.7737543406967,5.42394989007743,15.8791374427084,3.5539423496849,3.5539423496849,0.000146368429675149,16.5910150954739,4.25114159185086,4.25114159185086,0.000298249000070838,16.7989841368265,4.456431751513,4.456431751513,0.00036718407604769,18.7137615875512,6.3612663741582,6.3612663741582,0.00248885911025191,16.8191446238138,4.47636061891341,4.47636061891341,0.000374660409687009,4.47636061891341,0.000374660409687009,0.000374660409687009,0.0000000016156522773252,17.5310223159903,5.18242858896325,5.18242858896325,0.000763339892616812,5.18242858896325,0.000763339892616812,0.000763339892616812,0.00000000329239901466288,17.7389913644734,5.38934289074283,5.38934289074283,0.000939722153509367,5.38934289074283,0.000939722153509367,0.000939722153509367,0.00000000405351973387105,19.653768841497,7.30022057924549,7.30022057924549,0.00635915242401786,7.30022057924549,0.00635915242401786,0.00635915242401786,0.000000027504868670752,"Andrea Salinas","Democrat"
"Maryland","MD","2401",4909436.09740378,9791177.47741794,9417308.240387,56347466.1515448,12568156.4093537,54.1876502106054,25065414.3421899,108.069621392333,24108309.0953907,103.943058781313,144249513.347955,621.932280102089,32174480.4079454,138.72038453915,138.72038453915,0.00059809342195119,64167460.7160062,276.658230764373,276.658230764373,0.00119281292723153,61717271.2842002,266.094230480162,266.094230480162,0.00114726620314719,369278754.170764,1592.14663706135,1592.14663706135,0.00686454578086435,82366669.8443402,355.124184420224,355.124184420224,0.00153111916019505,355.124184420224,0.00153111916019505,0.00153111916019505,0.00000000660142560142373,164268699.432976,708.245070756797,708.245070756797,0.00305360109371271,708.245070756797,0.00305360109371271,0.00305360109371271,0.0000000131656117698917,157996214.487552,681.201230029215,681.201230029215,0.00293700148005681,681.201230029215,0.00293700148005681,0.00293700148005681,0.0000000126628921287854,945353610.677156,4075.89539087705,4075.89539087705,0.0175732371990127,4075.89539087705,0.0175732371990127,0.0175732371990127,0.0000000757670734984967,15.4066698490853,16.0969923828922,16.0580599624777,17.8470478489313,16.3466769834536,4.01073920018345,17.0369995791465,4.69198640669903,16.9980671562612,4.65341790574032,18.7870550966082,6.4344378132036,17.2866841934594,4.93964317214748,4.93964317214748,0.000597914635364308,17.9770068133266,5.62639097163639,5.62639097163639,0.00119210209109879,17.9380743894761,5.5876015192842,5.5876015192842,0.00114660859619541,19.7270623508752,7.3734663565596,7.3734663565596,0.00684109205806928,18.2266914330112,5.87527950266515,5.87527950266515,0.00152994819236211,5.87527950266515,0.00152994819236211,0.00152994819236211,0.00000000660142560657145,18.9170140623214,6.56420112372727,6.56420112372727,0.00304894832328991,6.56420112372727,0.00304894832328991,0.00304894832328991,0.0000000131656116252739,18.8780816380939,6.52532467301607,6.52532467301607,0.00293269691748793,6.52532467301607,0.00293269691748793,0.00293269691748793,0.0000000126628919880748,20.6670696077165,8.31309104413272,8.31309104413272,0.0174206133355178,8.31309104413272,0.0174206133355178,0.0174206133355178,0.0000000757670706337715,"Andy Harris","Republican"
"Maryland","MD","2402",13773338.255117,25400928.0863502,20158958.893979,140814516.844396,35259745.9330996,152.022517615682,65026375.9010567,280.361446581568,51606934.7685862,222.503479317019,360485163.121654,1554.23303857131,90264949.5887353,389.177645096147,389.177645096147,0.00167794077471555,166467522.306705,717.725303248813,717.725303248813,0.00309447514917961,132113753.007581,569.608907051568,569.608907051568,0.00245587079018082,922842017.591434,3978.83657874254,3978.83657874254,0.017154767791846,231078270.947162,996.294771446137,996.294771446137,0.00429552838327182,996.294771446137,0.00429552838327182,0.00429552838327182,0.0000000185201856120464,426156857.105165,1837.37677631696,1837.37677631696,0.0079218563818998,1837.37677631696,0.0079218563818998,0.0079218563818998,0.0000000341551114307873,338211207.699407,1458.19880205201,1458.19880205201,0.00628702922286291,1458.19880205201,0.00628702922286291,0.00628702922286291,0.0000000271065484305084,2362475565.03407,10185.8216415809,10185.8216415809,0.0439162055471257,10185.8216415809,0.0439162055471257,0.0439162055471257,0.000000189344873444893,16.4382453434931,17.0502963095226,16.8191594072759,18.7629541060631,17.3782525577415,5.03058508452212,17.9903035440238,5.63964012954279,17.7591666355389,5.40942698134641,19.7029613602271,7.34938067741784,18.3182597989505,5.96660213566148,5.96660213566148,0.00167653460485397,18.930310793144,6.57747923082391,6.57747923082391,0.00308969711542208,18.6991738822224,6.34670404863227,6.34670404863227,0.00245286006780097,20.6429686170281,8.28899603681802,8.28899603681802,0.0170092862077244,19.258267050691,6.9050463846849,6.9050463846849,0.00428632893614148,6.9050463846849,0.00428632893614148,0.00428632893614148,0.0000000185201854358305,19.8703180479749,7.516638274463,7.516638274463,0.00789064321342556,7.516638274463,0.00789064321342556,0.00789064321342556,0.0000000341551108225234,19.6391811361013,7.28564279835757,7.28564279835757,0.00626734830125099,7.28564279835757,0.00626734830125099,0.00626734830125099,0.0000000271065479718794,21.5829758748592,9.2288501680026,9.2288501680026,0.0429792233533144,9.2288501680026,0.0429792233533144,0.0429792233533144,0.000000189344855410146,"Johnny Olszewski, Jr.","Democrat"
"Maryland","MD","2403",8035670.8032433,18512335.1930241,16685464.0869026,95106663.71832,20571317.2563029,88.6933061261333,47391578.0941418,204.32895430731,42714788.0624707,184.164957767926,243473059.118899,1049.73494389536,52662572.1761353,227.054863682901,227.054863682901,0.000978947836988167,121322439.921003,523.082123026713,523.082123026713,0.00225527039852061,109349857.439925,471.46229188589,471.46229188589,0.0020327113164497,623291031.344383,2687.32145637212,2687.32145637212,0.0115863958355079,134816184.770906,581.260451028227,581.260451028227,0.00250610646268971,581.260451028227,0.00250610646268971,0.00250610646268971,0.0000000108050867579672,310585446.197768,1339.09023494839,1339.09023494839,0.00577349222021275,1339.09023494839,0.00577349222021275,0.00577349222021275,0.0000000248924318517953,279935635.046208,1206.94346722788,1206.94346722788,0.00520374097011122,1206.94346722788,0.00520374097011122,0.00520374097011122,0.0000000224359473490579,1595625040.24162,6879.54292831262,6879.54292831262,0.0296611733389002,6879.54292831262,0.0296611733389002,0.0296611733389002,0.000000127884252341757,15.899401163272,16.7339478890666,16.6300485443313,18.3705096062201,16.8394083459298,4.49639614115344,17.6739551146408,5.32461334821256,17.5700557663014,5.22124709139289,19.3105168583043,6.95724514487023,17.7794155747987,5.4295862301958,5.4295862301958,0.000978468980046211,18.613962360274,6.26164839537465,6.26164839537465,0.00225273109339848,18.5100630105268,6.15795793821666,6.15795793821666,0.00203064815420417,20.2505241142929,7.89667228391695,7.89667228391695,0.0115197875574764,18.7194228217188,6.36691785798632,6.36691785798632,0.00250297141463887,6.36691785798632,0.00250297141463887,0.00250297141463887,0.0000000108050867668969,19.5539696137427,7.20049223019147,7.20049223019147,0.00575688948718635,7.20049223019147,0.00575688948718635,0.00575688948718635,0.000000024892431583703,19.4500702634455,7.09667457874725,7.09667457874725,0.00519024829807394,7.09667457874725,0.00519024829807394,0.00519024829807394,0.0000000224359470705221,21.1905313718067,8.83645284181277,8.83645284181277,0.0292297901996199,8.83645284181277,0.0292297901996199,0.0292297901996199,0.000000127884244121736,"Sarah Elfreth","Democrat"
"Maryland","MD","2404",4599055.6047597,16347772.6036279,16070128.5076811,82485575.5846428,11773582.3481849,50.7618413735199,41850297.8652875,180.43770526647,41139528.9796636,177.373222736151,211163073.496686,910.430328152097,30140370.8113532,129.950313916211,129.950313916211,0.000560281231860651,107136762.535136,461.920525482162,461.920525482162,0.00199157195730775,105317194.187939,454.075450204547,454.075450204547,0.00195774788787598,540577468.151515,2330.70164006937,2330.70164006937,0.0100488282532329,77159349.2770642,332.6728036255,332.6728036255,0.00143431995356326,332.6728036255,0.00143431995356326,0.00143431995356326,0.00000000618407548428775,274270112.089948,1182.51654523434,1182.51654523434,0.00509842421070784,1182.51654523434,0.00509842421070784,0.00509842421070784,0.0000000219818737734284,269612017.121123,1162.43315252364,1162.43315252364,0.00501183459296252,1162.43315252364,0.00501183459296252,0.00501183459296252,0.0000000216085423343988,1383878318.46788,5966.59619857759,5966.59619857759,0.0257250003282762,5966.59619857759,0.0257250003282762,0.0257250003282762,0.000000110913428672712,15.3413617545045,16.6096022750035,16.5924727966533,18.2281340067434,16.281368880496,3.94665322478243,17.5496094962192,5.20091237311852,17.532480017225,5.18387811210981,19.1681412578472,6.81501515472127,17.2213760872296,4.87481796817277,4.87481796817277,0.000560124332933475,18.4896167401499,6.13755538812604,6.13755538812604,0.00198959140704686,18.4724872609041,6.12046322982894,6.12046322982894,0.00195583399701657,20.1081485134529,7.75435359763394,7.75435359763394,0.00999867448977678,18.1613833255032,5.81016088296199,5.81016088296199,0.00143329229923813,5.81016088296199,0.00143329229923813,0.00143329229923813,0.00000000618407545480368,19.4296239929535,7.07624540877549,7.07624540877549,0.00508547125378314,7.07624540877549,0.00508547125378314,0.00508547125378314,0.0000000219818736350961,19.4124945136095,7.05913052730895,7.05913052730895,0.00499931715609656,7.05913052730895,0.00499931715609656,0.00499931715609656,0.0000000216085420553667,21.0481557708171,8.69409947849823,8.69409947849823,0.0253996799527582,8.69409947849823,0.0253996799527582,0.0253996799527582,0.000000110913422512757,"Glenn Ivey","Democrat"
"Maryland","MD","2405",3399161.85924749,10120227.2308972,10798380.8339991,53244073.6135907,8701854.35967356,37.5180754334575,25907781.711097,111.701491242488,27643854.9350377,119.186577004859,136304828.450792,587.678743448097,22276747.1607644,96.0462731096512,96.0462731096512,0.000414103841628248,66323921.1804082,285.95581758077,285.95581758077,0.00123289950523072,70768268.6336966,305.117637132439,305.117637132439,0.00131551575708543,348940360.834028,1504.45758322713,1504.45758322713,0.00648647411930139,57028472.7315567,245.878459160707,245.878459160707,0.00106010583456832,245.878459160707,0.00106010583456832,0.00106010583456832,0.0000000045706500045669,169789238.221845,732.046893006771,732.046893006771,0.00315622273339064,732.046893006771,0.00315622273339064,0.00315622273339064,0.0000000136080653274213,181166767.702263,781.101151059042,781.101151059042,0.0033677203381387,781.101151059042,0.0033677203381387,0.0033677203381387,0.0000000145199379882309,893287323.735114,3851.41141306145,3851.41141306145,0.0166053737454115,3851.41141306145,0.0166053737454115,0.0166053737454115,0.0000000715941268413132,15.0390397414014,16.1300467740295,16.1949068506835,17.7903970815002,15.9790468206208,3.65112762289507,17.0700539723074,4.72474265292348,17.1349140527429,4.78904534369275,18.7304043285467,6.3778806077691,16.9190540090841,4.57518790712238,4.57518790712238,0.000414018124295597,18.0100612072779,5.65932825819716,5.65932825819716,0.00123214010874459,18.0749212891906,5.72396946314948,5.72396946314948,0.0013146512243531,19.6704115825675,7.31685217298295,7.31685217298295,0.00646552747715927,17.8590612402208,5.50889614734743,5.50889614734743,0.00105954431918682,5.50889614734743,0.00105954431918682,0.00105954431918682,0.00000000457065007019209,18.9500684565816,6.59720967392876,6.59720967392876,0.0031512523181647,6.59720967392876,0.0031512523181647,0.0031512523181647,0.000000013608065248641,19.0149285390712,6.66198408136079,6.66198408136079,0.00336206226764157,6.66198408136079,0.00336206226764157,0.00336206226764157,0.0000000145199378132635,20.6104188393126,8.25645457226706,8.25645457226706,0.0164690120145415,8.25645457226706,0.0164690120145415,0.0164690120145415,0.0000000715941242863466,"Steny H. Hoyer","Democrat"
"Maryland","MD","2406",4815490.92845422,61688666.7139844,128777363.024999,247946069.44645,12327656.7768428,53.1507352059051,157922986.7878,680.885508546232,329670049.343998,1421.37356800163,634741937.782914,2736.69207943531,31558801.3487175,136.065882127117,136.065882127117,0.000586648525539862,404282846.176768,1743.06690187836,1743.06690187836,0.00751523902920025,843955326.320635,3638.71633408417,3638.71633408417,0.0156883381702846,1624939360.72426,7005.9317233544,7005.9317233544,0.0302060990697072,80790531.4527169,348.32865824542,348.32865824542,0.00150182022538204,348.32865824542,0.00150182022538204,0.00150182022538204,0.00000000647510314175028,1034964086.21253,4462.25126880859,4462.25126880859,0.0192390119147526,4462.25126880859,0.0192390119147526,0.0192390119147526,0.00000008294906699748,2160525635.38083,9315.11381525548,9315.11381525548,0.0401621457159285,9315.11381525548,0.0401621457159285,0.0401621457159285,0.00000017315923138436,4159844763.4541,17935.1852117872,17935.1852117872,0.0773276136184504,17935.1852117872,0.0773276136184504,0.0773276136184504,0.00000033339827592048,15.3873487638222,17.9376108044862,18.673595611042,19.3287218226046,16.327355895769,3.99177155056453,18.8776180530994,6.52486176771879,19.6136028648015,7.26008228191096,20.2687290786384,7.914870537667,17.2673631048289,4.9204617016757,4.9204617016757,0.000586476514563689,19.8176253077322,7.46397496490194,7.46397496490194,0.00748714031160589,20.5536101214445,8.19966102739741,8.19966102739741,0.0155665483283239,21.2087363361699,8.85465518426061,8.85465518426061,0.0297588784091547,18.2073703440112,5.85601319323808,5.85601319323808,0.00150069362121758,5.85601319323808,0.00150069362121758,0.00150069362121758,0.0000000064751030993879,20.7576325647164,8.40363276347211,8.40363276347211,0.0190562820996375,8.40363276347211,0.0190562820996375,0.0190562820996375,0.0000000829490635082275,21.4936173792139,9.13950084811031,9.13950084811031,0.0393766103429218,9.13950084811031,0.0393766103429218,0.0393766103429218,0.000000173159216405988,22.1487435942863,9.79457547151795,9.79457547151795,0.0744835428353559,9.79457547151795,0.0744835428353559,0.0744835428353559,0.000000333398220298559,"April McClain Delaney","Democrat"
"Maryland","MD","2407",20935914.111588,34376132.1021044,21475581.832122,196890364.481399,53595940.1256653,231.079082853923,88002898.1813875,379.424802560822,54977489.4902324,237.035637759632,504039333.072382,2173.16734319013,137205606.721703,591.562452106044,591.562452106044,0.00255052357628153,225287419.344352,971.327494555703,971.327494555703,0.00418788188184515,140742373.094995,606.811232664657,606.811232664657,0.00261626874686466,1290340692.6653,5563.30839856672,5563.30839856672,0.023986223571414,351246353.207561,1514.39987739147,1514.39987739147,0.0065293403552807,1514.39987739147,0.0065293403552807,0.0065293403552807,0.0000000281512737233778,576735793.52154,2486.5983860626,2486.5983860626,0.0107209776175236,2486.5983860626,0.0107209776175236,0.0107209776175236,0.0000000462235324046204,360300475.123187,1553.43675562152,1553.43675562152,0.00669764799197352,1553.43675562152,0.00669764799197351,0.00669764799197351,0.0000000288769326862227,3303272173.22317,14242.0695003308,14242.0695003308,0.0614047323428197,14242.0695003308,0.0614047323428197,0.0614047323428197,0.000000264746717743918,16.8569766685215,17.3528730763781,16.8824271654953,19.0981576113883,17.7969838979063,5.4470781879522,18.2928803171428,5.94128852980972,17.8224343956115,5.47242040094763,20.0381648667848,7.68440103950721,18.736991145028,6.38445627185302,6.38445627185302,0.00254727651099739,19.2328875687098,6.87969267626801,6.87969267626801,0.00417913711072774,18.7624416430189,6.40986436116855,6.40986436116855,0.00261285227343121,20.9781721240673,8.62412797899951,8.62412797899951,0.0237030729832754,19.6769983990781,7.32343462858891,7.32343462858891,0.0065081165474264,7.32343462858891,0.0065081165474264,0.0065081165474264,0.0000000281512733603021,20.1728948244964,7.81907302043655,7.81907302043655,0.0106639154164039,7.81907302043655,0.0106639154164039,0.0106639154164039,0.0000000462235312667694,19.7024488971806,7.34886854396323,7.34886854396323,0.0066753183960597,7.34886854396323,0.0066753183960597,0.0066753183960597,0.0000000288769322059402,21.9181793820865,9.56402571653588,9.56402571653588,0.0595932499873783,9.56402571653588,0.0595932499873783,0.0595932499873783,0.000000264746682614341,"Kweisi Mfume","Democrat"
"Maryland","MD","2408",5765607.83898501,39063303.8694214,42874769.9007102,161772753.502217,14759956.0678016,63.6376020854333,100002057.905719,431.15922157866,109759410.945818,473.228083255526,414138248.965676,1785.55850538932,37785487.5335721,162.912261338709,162.912261338709,0.000702396783180603,256005268.23864,1103.76760724137,1103.76760724137,0.00475889788978749,280984092.021294,1211.46389313415,1211.46389313415,0.00522323080217835,1060193917.35213,4571.02977379664,4571.02977379664,0.0197080108185488,96730848.0859447,417.055389027095,417.055389027095,0.00179813576494234,417.055389027095,0.00179813576494234,0.00179813576494234,0.00000000775266862444195,655373486.690918,2825.64507453791,2825.64507453791,0.012182778597856,2825.64507453791,0.012182778597856,0.012182778597856,0.0000000525260924317076,719319275.574514,3101.34756642341,3101.34756642341,0.0133714708535766,3101.34756642341,0.0133714708535766,0.0133714708535766,0.0000000576511432397247,2714096428.42145,11701.8362209194,11701.8362209194,0.0504525076954849,11701.8362209194,0.0504525076954849,0.0504525076954849,0.000000217526162963419,15.5674213156467,17.4806940899058,17.5737941200124,18.9017031584355,16.5074284684468,4.16879631707415,18.4207013327976,6.06879408880856,18.513801364291,6.16168839426391,19.8417104131602,7.48804642553587,17.4474356856526,5.09933129282787,5.09933129282787,0.000702150218010969,19.3607085851954,7.00739028164476,7.00739028164476,0.00474761013258136,19.4538086172306,7.1004098435098,7.1004098435098,0.00520963704717212,20.7817176701802,8.42771253709749,8.42771253709749,0.0195163224114638,18.3874429280169,6.03561393338033,6.03561393338033,0.00179652105418412,6.03561393338033,0.00179652105418412,0.00179652105418412,0.00000000775266869915872,20.3007158413066,7.94684580136387,7.94684580136387,0.0121091658197267,7.94684580136387,0.0121091658197267,0.0121091658197267,0.000000052526090985007,20.3938158735533,8.03991438337322,8.03991438337322,0.0132828617525814,8.03991438337322,0.0132828617525814,0.0132828617525814,0.0000000576511415308447,21.7217249280969,9.36758650345319,9.36758650345319,0.0492210310429534,9.36758650345319,0.0492210310429534,0.0492210310429534,0.00000021752613920127,"Jamie Raskin","Democrat"
"Massachusetts","MA","2501",3754138.52547613,4839236.74912615,3900913.76803257,40877771.7619174,9610594.62521889,41.4361122590507,12388446.0777629,53.4128284889228,9986339.24616338,43.056136503267,104647095.710509,451.18631828106,24603122.2405603,106.07644738317,106.07644738317,0.000457348973004903,31714421.9590731,136.736840931642,136.736840931642,0.000589541366766622,25565028.4701782,110.223709448364,110.223709448364,0.000475229907869239,267896565.018902,1155.03697479951,1155.03697479951,0.00497994594689887,62983992.9358345,271.555705300914,271.555705300914,0.00117081337089255,271.555705300914,0.00117081337089255,0.00117081337089255,0.00000000504796593369958,81188920.2152271,350.046312785005,350.046312785005,0.00150922589892255,350.046312785005,0.00150922589892255,0.00150922589892255,0.00000000650703272905937,65446472.8836563,282.172696187811,282.172696187811,0.00121658856414525,282.172696187811,0.00121658856414525,0.00121658856414525,0.00000000524532583912327,685815206.448389,2956.89465548675,2956.89465548675,0.0127486616240611,2956.89465548675,0.0127486616240611,0.0127486616240611,0.0000000549658990736189,15.1383696625866,15.39226777644,15.1767216395017,17.5260970200349,16.0783767587572,3.74799970396657,16.3322749090077,3.99659994387233,16.1167287417798,3.78546465035893,18.4661042636192,6.11409430348403,17.0183839538421,4.67354304088072,4.67354304088072,0.000457244420839982,17.2722821183102,4.92534491484296,4.92534491484296,0.00058936765552509,17.0567359392504,4.71154357355321,4.71154357355321,0.000475117021899633,19.4061115162875,7.05275303384149,7.05275303384149,0.00496758703025709,17.9583911875654,5.60784301633436,5.60784301633436,0.00117012850343366,5.60784301633436,0.00117012850343366,0.00117012850343366,0.00000000504796581038297,18.2122893575872,5.86091816001828,5.86091816001828,0.0015080881621064,5.86091816001828,0.0015080881621064,0.0015080881621064,0.00000000650703266927965,17.9967431739056,5.64605694540545,5.64605694540545,0.00121584911995024,5.64605694540545,0.00121584911995024,0.00121584911995024,0.00000000524532571556274,20.3461187725043,7.99223302921086,7.99223302921086,0.0126680815733133,7.99223302921086,0.0126680815733133,0.0126680815733133,0.0000000549658976549128,"Richard E. Neal","Democrat"
"Massachusetts","MA","2502",9396274.95540563,13547111.9421465,9776207.93446417,106741022.449405,24054463.8858384,103.710904972457,34680606.571895,149.525556239168,25027092.3122283,107.904395826444,273257017.470477,1178.14858424768,61579427.5477463,265.499916729489,265.499916729489,0.00114470381733754,88782352.8240512,382.785423972269,382.785423972269,0.00165038069103679,64069356.3193043,276.235253315697,276.235253315697,0.00119098925848574,699537964.724419,3016.06037567407,3016.06037567407,0.0130037548330844,157643334.522231,679.679786827492,679.679786827492,0.0029304417723841,679.679786827492,0.0029304417723841,0.0029304417723841,0.000000012634609926267,227282823.229571,979.930685369009,979.930685369009,0.00422497456905419,979.930685369009,0.00422497456905419,0.00422497456905419,0.0000000182159925958771,164017552.177419,707.162248488183,707.162248488183,0.0030489325017235,707.162248488183,0.0030489325017235,0.0030489325017235,0.000000013145483119241,1790817189.69452,7721.11456172562,7721.11456172562,0.0332896123726961,7721.11456172562,0.0332896123726961,0.0332896123726961,0.00000014352827989599,16.0558239937854,16.4216840155877,16.0954623323485,18.4859161170704,16.995831187424,4.65120326691752,17.3616912290973,5.01413287867116,17.0354695285075,4.69047039483998,19.4259233698529,7.07254791825218,17.9358384205823,5.58537393114615,5.58537393114615,0.00114404914348032,18.3016984700177,5.95008360466656,5.95008360466656,0.00164902030938358,17.9754767626503,5.62486643569306,5.62486643569306,0.0011902805933981,20.3659306261143,8.01203825078318,8.01203825078318,0.0129199319063543,18.8758456691781,6.52309198532738,6.52309198532738,0.00292615639787912,6.52309198532738,0.00292615639787912,0.00292615639787912,0.0000000126346099450586,19.2417057216455,6.88850179995283,6.88850179995283,0.00421607442378482,6.88850179995283,0.00421607442378482,0.00421607442378482,0.0000000182159923262764,18.9154840116306,6.56267323197087,6.56267323197087,0.00304429393308697,6.56267323197087,0.00304429393308697,0.00304429393308697,0.0000000131454830600576,21.3059378837347,8.95184351247244,8.95184351247244,0.0327475113208037,8.95184351247244,0.0327475113208037,0.0327475113208037,0.000000143528269627624,"James P. McGovern","Democrat"
"Massachusetts","MA","2503",9698035.94129145,10258505.8443618,9552545.36309114,86360263.0186999,24826972.0097061,107.041576443878,26261774.9615662,113.227734377008,24454516.1295133,105.435731616887,221082273.327872,953.196992833435,63557048.3448476,274.026435696327,274.026435696327,0.00118146593361302,67230143.9016095,289.86300000514,289.86300000514,0.00124974533588598,62603561.291554,269.915472939231,269.915472939231,0.0011637415033422,565970619.719352,2440.1843016536,2440.1843016536,0.0105208631306503,162706043.76281,701.507675382598,701.507675382598,0.00302455279004934,701.507675382598,0.00302455279004934,0.00302455279004934,0.0000000130403699072944,172109168.38812,742.049280013158,742.049280013158,0.00319934805986811,742.049280013158,0.00319934805986811,0.00319934805986811,0.0000000137940003229978,160265116.906378,690.983610724433,690.983610724433,0.00297917824855604,690.983610724433,0.00297917824855604,0.00297917824855604,0.0000000128447374133292,1448884786.48154,6246.8718122332,6246.8718122332,0.0269334096144648,6246.8718122332,0.0269334096144648,0.0269334096144648,0.000000116123489526387,16.0874340458061,16.1436178553775,16.0723183117948,18.2740382207936,17.0274412414627,4.68251612011635,17.0836250544671,4.73819412567897,17.0123255064944,4.66754134399845,19.2140454722288,6.86087014157152,17.9674484754093,5.61686722285122,5.61686722285122,0.00118076855197137,18.0236322897547,5.67285236595457,5.67285236595457,0.00124896505421826,17.9523327400671,5.60180686425297,5.60180686425297,0.0011630648810904,20.154052727964,7.80023857006372,7.80023857006372,0.0104659039924438,18.9074557243129,6.55465632695974,6.55465632695974,0.00301998803217748,6.55465632695974,0.00301998803217748,0.00301998803217748,0.0000000130403698099976,18.9636395391821,6.61076236824261,6.61076236824261,0.0031942410357301,6.61076236824261,0.0031942410357301,0.0031942410357301,0.0000000137940002912318,18.8923399888247,6.53956227141297,6.53956227141297,0.00297474929129269,6.53956227141297,0.00297474929129269,0.00297474929129269,0.0000000128447374133604,21.0940599853788,8.73999617470105,8.73999617470105,0.0265770891309595,8.73999617470105,0.0265770891309595,0.0265770891309595,0.000000116123482748528,"Lori Trahan","Democrat"
"Massachusetts","MA","2504",16183382.2350054,16343361.7595908,17115004.415589,143013078.087928,41429458.5216137,178.623254967865,41839006.1045524,180.389020800662,43814411.3039079,188.905987210088,366113479.905096,1578.49954602093,106059413.815331,457.275532717735,457.275532717735,0.00197154505479703,107107855.627654,461.795893249694,461.795893249694,0.00199103460500261,112164892.938004,483.599327257826,483.599327257826,0.00208504018680324,937250508.557045,4040.95883781359,4040.95883781359,0.0174226081285822,271512099.367248,1170.6253637574,1170.6253637574,0.00504715534028041,1170.6253637574,0.00504715534028041,0.00504715534028041,0.0000000217608278596979,274196110.406794,1182.19748671922,1182.19748671922,0.00509704858880668,1182.19748671922,0.00509704858880668,0.00509704858880668,0.0000000219759427748019,287142125.921291,1238.01427778004,1238.01427778004,0.0053377028782163,1238.01427778004,0.0053377028782163,0.0053377028782163,0.0000000230135245832608,2399361301.90604,10344.8546248028,10344.8546248028,0.0446018768091704,10344.8546248028,0.0446018768091704,0.0446018768091704,0.000000192301147483581,16.5994955475512,16.6093324254629,16.6554661463699,18.7784466461951,17.5395027683883,5.19086162948973,17.5493396466686,5.20064401104593,17.5954733692567,5.24652914554708,19.7184539004256,7.36486333282262,18.4795100121711,6.12747060304594,6.12747060304594,0.00196960411053282,18.4893468905953,6.13728612157595,6.13728612157595,0.00198905512264665,18.53548061384,6.18332242013925,6.18332242013925,0.00208286950729203,20.6584611572526,8.3044847142931,8.3044847142931,0.0172725746345529,19.4195172649169,7.06614726353915,7.06614726353915,0.0050344611468932,7.06614726353915,0.0050344611468932,0.0050344611468932,0.000000021760827569594,19.4293541433975,7.07597578725574,7.07597578725574,0.00508410260887284,7.07597578725574,0.00508410260887284,0.00508410260887284,0.0000000219759426017843,19.4754878668987,7.12207140519474,7.12207140519474,0.00532350783242796,7.12207140519474,0.00532350783242796,0.00532350783242796,0.0000000230135243767019,21.5984684150939,9.24434119912149,9.24434119912149,0.0436358336958073,9.24434119912149,0.0436358336958073,0.0436358336958073,0.000000192301128960417,"Jake Auchincloss","Democrat"
"Massachusetts","MA","2505",24706844.0457489,25653966.6306341,26764919.585787,216470889.528452,63249520.7571173,272.700529428831,65674154.5744233,283.154346591959,68518194.1396149,295.416433100448,554165477.192836,2389.28638846108,161918773.13822,698.113355337806,698.113355337806,0.00300991816733307,168125835.710524,724.875127275415,724.875127275415,0.00312530164041682,175406576.997414,756.266068737148,756.266068737148,0.00326064379405553,1418663621.61366,6116.57315446037,6116.57315446037,0.0263716264968509,414512059.233844,1787.17018966479,1787.17018966478,0.00770539050837265,1787.17018966478,0.00770539050837265,0.00770539050837265,0.0000000332218180618018,430402139.41894,1855.68032582506,1855.68032582506,0.00800077219946708,1855.68032582506,0.00800077219946708,0.00800077219946708,0.0000000344953572535746,449040837.11338,1936.0411359671,1936.0411359671,0.00834724811278216,1936.0411359671,0.00834724811278216,0.00834724811278216,0.000000035989189362725,3631778871.33097,15658.4272754185,15658.4272754185,0.0675113638319383,15658.4272754185,0.0675113638319383,0.0675113638319383,0.000000291075480715959,17.0225908905638,17.0602088010743,17.1026026547134,19.192966641533,17.962598124391,5.61203455038466,18.0002160358122,5.64951756444809,18.0426098904372,5.69176533419427,20.1329738972094,7.77916846555476,18.902605373248,6.54981289695127,6.54981289695127,0.00300539743273518,18.9402232850249,6.58737799903288,6.58737799903288,0.00312042803692556,18.982617140035,6.62971466953978,6.62971466953978,0.00325533942239632,21.0729811546013,8.71892075347342,8.71892075347342,0.0260298902279696,19.842612627976,7.48894813557999,7.48894813557999,0.00767585560853138,7.48894813557999,0.00767585560853138,0.00767585560853138,0.0000000332218174114358,19.8802305398918,7.52654540104397,7.52654540104397,0.00796893571978329,7.52654540104397,0.00796893571978329,0.00796893571978329,0.0000000344953566423537,19.9226243950524,7.56891690012889,7.56891690012889,0.00831260250075059,7.56891690012889,0.00831260250075059,0.00831260250075059,0.0000000359891887587826,22.0129884126632,9.65882839642508,9.65882839642508,0.0653301113398024,9.65882839642508,0.0653301113398024,0.0653301113398024,0.000000291075438244902,"Katherine M. Clark","Democrat"
"Massachusetts","MA","2506",15245418.2659195,13632297.2639425,14473660.7043787,119569024.696635,39028270.7607538,168.27052555891,34898680.9956927,150.465784878257,37052571.4032096,159.752290885426,306096703.223386,1319.73700395262,99912373.1475297,430.772545430809,430.77254543081,0.00185727733263762,89340623.3489732,385.192409288338,385.192409288338,0.00166075841662526,94854582.7922164,408.96586466669,408.96586466669,0.00176325775243722,783607560.251868,3378.52673011871,3378.52673011871,0.0145665297849574,255775675.257676,1102.77771630287,1102.77771630287,0.00475462997155231,1102.77771630287,0.00475462997155231,0.00475462997155231,0.0000000204996037117736,228711995.773371,986.092567778145,986.092567778145,0.00425154154656067,986.092567778145,0.00425154154656067,0.00425154154656067,0.0000000183305362120914,242827731.948074,1046.95261354673,1046.95261354673,0.00451393984623929,1046.95261354673,0.00451393984623929,0.00451393984623929,0.0000000194618673966922,2006035354.24478,8649.02842910389,8649.02842910389,0.0372903162494909,8649.02842910389,0.0372903162494909,0.0372903162494909,0.000000160777328619686,16.5397896398905,16.4279524075025,16.487841121493,18.5994043834695,17.479796858411,5.1314981780518,17.3679596212931,5.02035975705545,17.4278483378821,5.07986461424745,19.5394116368645,7.18594519609643,18.4198041012887,6.06789893437985,6.06789893437985,0.00185555472566848,18.3079668623233,5.95633571492901,5.95633571492901,0.00165938088232298,18.3678555799274,6.01607389932179,6.01607389932179,0.00176170503844175,20.4794188933652,8.12549095799832,8.12549095799832,0.0144614570245682,19.3598113536811,7.00649386263607,7.00649386263607,0.00474336241971366,7.00649386263607,0.00474336241971366,0.00474336241971366,0.0000000204996035821287,19.247974113994,6.89476382204502,6.89476382204502,0.00424252927879056,6.89476382204502,0.00424252927879056,0.00424252927879056,0.0000000183305360320354,19.3078628319945,6.95459364777735,6.95459364777735,0.00450378257451036,6.95459364777735,0.00450378257451036,0.00450378257451036,0.0000000194618672615607,21.419426151079,9.06531788652213,9.06531788652213,0.0366118478770172,9.06531788652213,0.0366118478770172,0.0366118478770172,0.000000160777315637005,"Seth Moulton","Democrat"
"Massachusetts","MA","2507",32280716.0621027,38809873.1084143,41200836.3823067,312855284.766263,82638633.1189828,356.296755027754,99353275.1575408,428.361992496218,105474141.138705,454.752127530381,800909529.001634,3453.12422875179,211554900.784596,912.119692871052,912.119692871053,0.00393260723829925,254344384.403304,1096.60670079032,1096.60670079032,0.00472802361663859,270013801.315085,1164.16544647777,1164.16544647777,0.00501930338438993,2050328394.24418,8839.99802560459,8839.99802560459,0.0381136823311175,541580546.008566,2335.02641374989,2335.02641374989,0.0100674745300461,2335.02641374989,0.0100674745300461,0.0100674745300461,0.0000000434059515628172,651121624.07246,2807.31315402321,2807.31315402321,0.0121037404585948,2807.31315402321,0.0121037404585948,0.0121037404585948,0.0000000521853192185102,691235331.366617,2980.2635429831,2980.2635429831,0.0128494166640382,2980.2635429831,0.0128494166640382,0.0128494166640382,0.0000000554003047800258,5248840689.26511,22630.3949455477,22630.3949455477,0.0975710267676606,22630.3949455477,0.0975710267676606,0.0975710267676606,0.00000042067782234479,17.2899806149391,17.4741852595474,17.5339691389265,19.561251295795,18.2299878545532,5.87856668306188,18.4141925023373,6.06230036847691,18.4739763826276,6.121949081744,20.5012585523387,8.14732422469325,19.1699951056707,6.81686697043721,6.81686697043721,0.003924894751961,19.3541997546953,7.00088736190043,7.00088736190043,0.00471688161892848,19.4139836353416,7.06061837006076,7.06061837006076,0.00500674867423201,21.4412658100693,9.08715504808314,9.08715504808314,0.0374052992969688,20.1100023612817,7.75620665114014,7.75620665114014,0.0100171350871078,7.75620665114014,0.0100171350871078,0.0100171350871078,0.0000000434059505577259,20.294207010791,7.94033928101561,7.94033928101561,0.0120310759460284,7.94033928101561,0.0120310759460284,0.0120310759460284,0.0000000521853178154023,20.3539908915762,8.00010249734603,8.00010249734603,0.012767563342318,8.00010249734603,0.012767563342318,0.012767563342318,0.0000000554003032535256,22.3812730682635,10.0270933781572,10.0270933781572,0.0930995807457266,10.0270933781572,0.0930995807457266,0.0930995807457266,0.000000420677733869885,"Ayanna Pressley","Democrat"
"Massachusetts","MA","2508",27867700.8391901,28263598.8843059,30219362.9781766,247966262.590041,71341314.1483266,307.588324868185,72354813.1438232,311.958029323477,77361569.224132,333.54467563285,634793632.230504,2736.91496022647,182633764.219716,787.426111662553,787.426111662553,0.00339499042784922,185228321.648187,798.612555068102,798.612555068102,0.00344322081762297,198045617.213778,853.874369620097,853.874369620097,0.00368148232387843,1625071698.51009,7006.50229817976,7006.50229817976,0.0302085591050575,467542436.402473,2015.81084585614,2015.81084585614,0.00869117549529399,2015.81084585614,0.008691175495294,0.008691175495294,0.0000000374720334724252,474184503.419359,2044.44814097434,2044.44814097434,0.00881464529311481,2044.44814097434,0.00881464529311481,0.00881464529311481,0.0000000380043739365293,506996780.067271,2185.91838622745,2185.91838622745,0.00942459474912879,2185.91838622745,0.00942459474912879,0.00942459474912879,0.0000000406341731443142,4160183548.18583,17936.6458833402,17936.6458833402,0.0773339113089474,17936.6458833402,0.0773339113089474,0.0773339113089474,0.00000033342542843503,17.1429789360362,17.1570853115491,17.2239934682001,19.3288032609647,18.082986172661,5.73200810664108,18.0970925484801,5.74606908993078,18.1640007065265,5.81277043009052,20.2688105169987,7.91495194628149,19.0229934226108,6.67003869454563,6.67003869454563,0.00338924045823257,19.0370997985495,6.68412730418895,6.68412730418895,0.00343730650512441,19.104007957141,6.75095452202375,6.75095452202375,0.00367472225413267,21.2088177745302,8.8547366109989,8.8547366109989,0.0297612663123282,19.9630006777657,7.60927275361418,7.60927275361418,0.00865362464670434,7.60927275361418,0.00865362464670434,0.00865362464670434,0.0000000374720327740725,19.9771070537512,7.62337218431003,7.62337218431003,0.00877602310196792,7.62337218431003,0.00877602310196792,0.00877602310196792,0.0000000380043731479712,20.0440152125556,7.69024870229752,7.69024870229752,0.009380460338627,7.69024870229752,0.009380460338627,0.009380460338627,0.0000000406341723118092,22.1488250326467,9.79465690533805,9.79465690533805,0.0744893884778608,9.79465690533805,0.0744893884778608,0.0744893884778608,0.000000333425372791974,"Stephen F. Lynch","Democrat"
"Massachusetts","MA","2509",8746297.585039,8151836.49893539,8439942.96376332,75685948.6571285,22390521.8176998,96.5368129400008,20868701.4372746,89.9754790599989,21606253.9872341,93.1554394525512,193756028.562249,835.379793182186,57319735.8533115,247.134241126402,247.134241126402,0.00106552014289497,53423875.6794229,230.337226393597,230.337226393597,0.000993099755267859,55312010.2073193,238.477924998531,238.477924998531,0.00102819840570682,496015433.119357,2138.5722705464,2138.5722705464,0.00922046180617413,146738523.784478,632.663657283589,632.663657283589,0.00272773156581113,632.663657283589,0.00272773156581113,0.00272773156581113,0.0000000117606241633495,136765121.739323,589.66329956761,589.66329956761,0.00254233537348572,589.66329956761,0.00254233537348572,0.00254233537348572,0.0000000109612878332708,141598746.130737,610.503487996241,610.503487996241,0.00263218791860946,610.503487996241,0.00263218791860946,0.00263218791860946,0.0000000113486873950772,1269799508.78556,5474.74501259877,5474.74501259877,0.0236043822238058,5474.74501259877,0.0236043822238058,0.0236043822238058,0.000000101770376316219,15.9841411499834,15.9137539197968,15.9484862271856,18.1421030955947,16.9241483388025,4.5802298753581,16.8537611035352,4.51059000932661,16.8884934134757,4.54494702775772,19.0821103460348,6.72908280798739,17.8641555700782,5.51396989458229,5.51396989458229,0.00106495287922576,17.7937683328263,5.44387650048786,5.44387650048786,0.000992606957943504,17.8285006437636,5.47846124140683,5.47846124140683,0.00102767017178121,20.0221176013812,7.66836121446206,7.66836121446206,0.0091782128528816,18.8041628179386,6.45151830465111,6.45151830465111,0.00272401805750006,6.45151830465111,0.00272401805750006,0.00272401805750006,0.0000000117606241830766,18.7337755799113,6.38124614197436,6.38124614197436,0.00253910910592256,6.38124614197436,0.00253910910592256,0.00253910910592256,0.0000000109612878172897,18.768507891238,6.41592065911135,6.41592065911135,0.00262872977897645,6.41592065911135,0.00262872977897645,0.00262872977897645,0.0000000113486872588241,20.9621248586441,8.6080836207878,8.6080836207878,0.0233301064821069,8.6080836207878,0.0233301064821069,0.0233301064821069,0.000000101770371169794,"William R. Keating","Democrat"
"Michigan","MI","2601",680111.230641449,350945.047466622,613710.605526496,5729294.14689735,1741084.75044211,7.50669297636694,898419.321514554,3.87353803939361,1571099.15014783,6.77379946759973,14666993.0160572,63.236791563479,4457176.96113181,19.2171340194994,19.2171340194994,0.0000828547403757612,2299953.46307726,9.91625738084764,9.91625738084764,0.0000427539782964349,4022013.82437845,17.3409266370553,17.3409266370553,0.0000747654657000601,37547502.1211065,161.886186402506,161.886186402506,0.000697972857513076,11410373.0204974,49.1958630899184,49.1958630899184,0.000212108135361949,49.1958630899184,0.000212108135361949,0.000212108135361949,0.000000000914504965681604,5887880.86547778,25.38561889497,25.38561889497,0.000109450184438873,25.38561889497,0.000109450184438873,0.000109450184438873,0.000000000471894852091908,10296355.3904088,44.3927721908616,44.3927721908616,0.000191399592192154,44.3927721908616,0.000191399592192154,0.000191399592192154,0.000000000825220009550655,96121605.4300325,414.428637190416,414.428637190416,0.00178681051523348,414.428637190416,0.00178681051523348,0.00178681051523348,0.00000000770383977080712,13.4300131085948,12.768387779712,13.3272803989471,15.5611030701118,14.370019471094,2.1408532626368,13.7083933018239,1.58382017011885,14.2672866645043,2.05075903683102,16.501110222242,4.16257612386258,15.3100263795883,3.00653046366,3.00653046366,0.0000828513081113098,14.6483998820413,2.39025318087956,2.39025318087956,0.0000427530643710584,15.2072935351305,2.90913499101843,2.90913499101843,0.0000747626709019376,17.4411174391861,5.09305171399222,5.09305171399222,0.000697729387741858,16.2500335013621,3.91593261473455,3.91593261473455,0.000212085643611733,3.91593261473455,0.000212085643611733,0.000212085643611733,0.000000000914504915820297,15.5884068755819,3.27281912290128,3.27281912290128,0.000109444195204549,3.27281912290128,0.000109444195204549,0.000109444195204549,0.000000000471894745390457,16.1473006421121,3.81535288952873,3.81535288952873,0.000191381277627005,3.81535288952873,0.000191381277627005,0.000191381277627005,0.000000000825220114123793,18.3811246814481,6.02931084789688,6.02931084789688,0.00178521606835852,6.02931084789688,0.00178521606835852,0.00178521606835852,0.00000000770383975864544,"Jack Bergman","Republican"
"Michigan","MI","2602",1160447.19668151,784253.128212447,2136191.1533704,12111925.0740621,2970744.82350466,12.8083766717951,2007688.00822387,8.656153852501,5468649.35262824,23.5781007645744,31006528.189599,133.684754474636,7605106.74817194,32.7894442797954,32.7894442797954,0.000141371803418308,5139681.3010531,22.1597538624025,22.1597538624025,0.0000955418560955619,13999742.3427283,60.3599379573105,60.3599379573105,0.000260242083105392,79376712.1653736,342.232971455068,342.232971455068,0.00147553865051692,19469073.2753202,83.9409773562762,83.9409773562762,0.000361911816750867,83.9409773562762,0.000361911816750867,0.000361911816750867,0.00000000156038406067141,13157584.1306959,56.7289698877505,56.7289698877505,0.000244587151604638,56.7289698877505,0.000244587151604638,0.000244587151604638,0.00000000105453835753481,35839340.3973844,154.521441170715,154.521441170715,0.000666219732749803,154.521441170715,0.000666219732749803,0.000666219732749803,0.00000000287240870226454,203204383.143356,876.116406924974,876.116406924973,0.00377737894532332,876.116406924973,0.00377737894532332,0.00377737894532332,0.0000000162861825024512,13.964316864908,13.5724883899376,14.5745354344592,16.3097011511122,14.9043235982789,2.62527541321256,14.5124948714166,2.2675954170259,15.5145424076884,3.20185583364139,17.2497083592917,4.90293689567925,15.8443306516451,3.52014845429902,3.52014845429902,0.00014136181136654,15.4525018263874,3.14241602494549,3.14241602494549,0.0000955372922630605,16.4545495547492,4.11675714593252,4.11675714593252,0.000260208226008479,18.18971559813,5.83840943367259,5.83840943367259,0.00147445111303334,16.7843378300095,4.44195663125025,4.44195663125025,0.000361846342466076,4.44195663125025,0.000361846342466076,0.000361846342466076,0.0000000015603840429795,16.3925089663161,4.05575912529248,4.05575912529248,0.000244557245043623,4.05575912529248,0.000244557245043623,0.000244557245043623,0.00000000105453845600143,17.3945567697131,5.0467836074562,5.0467836074562,0.00066599790690138,5.0467836074562,0.00066599790690138,0.00066599790690138,0.00000000287240875116912,19.1297228489445,6.77663971665968,6.77663971665968,0.00377026256468941,6.77663971665968,0.00377026256468941,0.00377026256468941,0.0000000162861822700607,"John R. Moolenaar","Republican"
"Michigan","MI","2603",2330995.54359903,1060952.50675065,5140291.18766517,19890612.649349,5967348.59161352,25.7282442734758,2716038.41728167,11.7102091126661,13159145.4404228,56.7357014800857,50919968.3823333,219.541621345788,15276412.3945306,65.864305340098,65.864305340098,0.000283974182281622,6953058.34824109,29.9781353284251,29.9781353284251,0.000129250835065509,33687412.3274825,145.243395789019,145.243395789019,0.000626217407714505,130355119.058773,562.026550645218,562.026550645218,0.00242317943407917,39107615.7299983,168.612621670651,168.612621670651,0.000726973906640955,168.612621670651,0.000726973906640955,0.000726973906640955,0.00000000313435053497422,17799829.3714972,76.7440264407683,76.7440264407683,0.000330882137767703,76.7440264407683,0.000330882137767703,0.000330882137767703,0.00000000142659949146955,86239775.5583551,371.82309321989,371.82309321989,0.00160311656374913,371.82309321989,0.00160311656374913,0.00160311656374913,0.00000000691184265805402,333709104.79046,1438.78796965176,1438.78796965176,0.00620333935124269,1438.78796965176,0.00620333935124269,0.00620333935124269,0.0000000267457192570146,14.6618064352193,13.8746785964198,15.4526204816649,16.8057585025085,15.6018134322882,3.2857208442478,14.8146852805457,2.54240553767547,16.3926276216077,4.05587572532716,17.7457657303637,5.39608643601199,16.5418205886615,4.20266527227951,4.20266527227951,0.000283933869245169,15.7546923146755,3.43328164364934,3.43328164364934,0.000129242482895924,17.3326348337911,4.9852723280942,4.9852723280942,0.00062602141541191,18.6857729768879,6.33332678625547,6.33332678625547,0.00242024826899869,17.481827807263,5.13351714081665,5.13351714081665,0.000726709789107043,5.13351714081665,0.000726709789107043,0.000726709789107043,0.00000000313435055196498,16.6946994855257,4.35342171776393,4.35342171776392,0.000330827408345442,4.35342171776393,0.000330827408345442,0.000330827408345442,0.00000000142659950417671,18.2726420741934,5.92110402622523,5.92110402622523,0.00160183294406883,5.92110402622523,0.00160183294406883,0.00160183294406883,0.00000000691184262989164,19.6257802307046,7.2722511384313,7.2722511384313,0.00618417784441262,7.2722511384313,0.00618417784441262,0.00618417784441262,0.0000000267457188372538,"Hillary J. Scholten","Democrat"
"Michigan","MI","2604",1256785.08821127,865265.540935147,1629706.06076406,10439076.4084625,3217369.82582084,13.871701229783,2215079.78479398,9.5503242207957,4172047.51555598,17.9877974200512,26724035.6056641,115.220772756914,8236466.75410136,35.5115551482444,35.5115551482444,0.000153108193925369,5670604.24907258,24.448830005237,24.448830005237,0.00010541121587223,10680441.6398233,46.0487613953312,46.0487613953312,0.000198539395425153,68413531.1505002,294.9651782577,294.9651782577,0.00127174339522395,21085354.8904995,90.9095811795058,90.9095811795058,0.000391956976448945,90.9095811795058,0.000391956976448945,0.000391956976448945,0.00000000168992387154053,14516746.8776258,62.5890048134067,62.5890048134067,0.00026985271263291,62.5890048134067,0.00026985271263291,0.00026985271263291,0.00000000116347091206252,27341930.5979476,117.884829172048,117.884829172048,0.000508260852288391,117.884829172048,0.000508260852288391,0.000508260852288391,0.00000000219136843801929,175138639.74528,755.110856339711,755.110856339711,0.00325566309177332,755.110856339711,0.00325566309177332,0.00325566309177332,0.0000000140368027795465,14.0440682966478,13.6707928782581,14.3039108393092,16.1610667656769,14.9840750702715,2.69946016077295,14.6107994324866,2.35615659127884,15.2439177238837,2.94379653179138,17.101073965794,4.75549159571205,15.9240821393614,3.59762878989172,3.59762878989172,0.000153096474062177,15.5508064158752,3.23666976965046,3.23666976965046,0.000105405660500444,16.1839248363138,3.85118454039967,3.85118454039967,0.000198519689087647,18.0410812014829,5.69024180638253,5.69024180638253,0.00127093541454904,16.8640893238678,4.52080528050517,4.52080528050517,0.000391880181379564,4.52080528050517,0.000391880181379564,0.000391880181379564,0.00000000168992397710382,16.4908135669046,4.15244057510821,4.15244057510821,0.000269816308938487,4.15244057510821,0.000269816308938487,0.000269816308938487,0.00000000116347087452158,17.1239320377501,4.77815520238571,4.77815520238571,0.000508131731490916,4.77815520238571,0.000508131731490916,0.000508131731490916,0.00000000219136841765591,18.9810884510672,6.6281880007996,6.6281880007996,0.00325037489530518,6.6281880007996,0.00325037489530518,0.00325037489530518,0.0000000140368027326696,"Bill Huizenga","Republican"
"Michigan","MI","2605",3781118.58851799,1925995.72213667,3475138.14120925,30550782.8200047,9679663.58660607,41.7339033270606,4930549.04866987,21.2580794265669,8896353.64149568,38.3566597656628,78210004.019212,337.20270521212,24779938.7817115,106.838792517275,106.838792517275,0.000460635826710504,12622205.5645949,54.4206833320112,54.4206833320112,0.000234634966065703,22774665.322229,98.1930490000969,98.1930490000969,0.000423359673370242,200217610.289183,863.238925343029,863.238925343028,0.00372185763855181,63436643.2811815,273.507308844224,273.507308844224,0.00117922771637889,273.507308844224,0.00117922771637889,0.00117922771637889,0.00000000508424441362251,32312846.2453628,139.316949329949,139.316949329949,0.000600665513128201,139.316949329949,0.000600665513128201,0.000600665513128201,0.00000000258977145564013,58303143.2249061,251.374205440248,251.374205440248,0.00108380076382782,251.374205440248,0.00108380076382782,0.00108380076382782,0.00000000467281077474345,512557082.340308,2209.89164887815,2209.89164887815,0.00952795555469264,2209.89164887815,0.00952795555469264,0.00952795555469264,0.0000000410798136181399,15.1455307111796,14.4709541694367,15.0611450768152,17.2349009002087,16.0855378085084,3.75499259411626,15.4109611115335,3.10270506299517,16.0011521599539,3.67266520490566,18.1749081387539,5.82364543528559,17.0255450040458,4.68063745011759,4.68063745011759,0.000460529766596905,16.3509682464333,4.01495286942037,4.01495286942037,0.000234607443587217,16.9411593499483,4.59706794127223,4.59706794127223,0.000423270081949114,19.1149153894538,6.76184926453743,6.76184926453743,0.00371494866391794,17.9655522379458,5.61497788662144,5.61497788662144,0.00117853297349511,5.61497788662144,0.00117853297349511,0.00117853297349511,0.00000000508424434593025,17.2909754566468,4.94390378758045,4.94390378758045,0.000600485185806087,4.94390378758045,0.000600485185806087,0.000600485185806087,0.00000000258977150500103,17.881166581683,5.53091292829817,5.53091292829817,0.00108321387578822,5.53091292829817,0.00108321387578822,0.00108321387578822,0.00000000467281079404449,20.0549226449017,7.70115117417412,7.70115117417412,0.00948285086349454,7.70115117417412,0.00948285086349454,0.00948285086349454,0.0000000410798127070617,"Tim Walberg","Republican"
"Michigan","MI","2606",20062011.7683532,8074349.93525354,16731053.7914179,149853236.933995,51358750.1269841,221.433430368808,20670335.8342491,89.1202250704351,42831497.7060299,184.668151803344,383624286.551026,1653.99744997199,131478400.325079,566.869581744148,566.869581744148,0.00244406017956008,52916059.7356777,228.147776180314,228.147776180314,0.000983659933034052,109648634.127437,472.750468616561,472.750468616561,0.00203826529491857,982078173.570627,4234.23347192829,4234.23347192829,0.0182559123879241,336584704.832203,1451.18612926502,1451.18612926502,0.0062567940596738,1451.18612926502,0.0062567940596738,0.0062567940596738,0.0000000269761894189247,135465112.923335,584.058307021604,584.058307021604,0.00251816942856718,584.058307021604,0.00251816942856718,0.00251816942856718,0.0000000108570962774369,280700503.366237,1210.2411996584,1210.2411996584,0.00521795915499154,1210.2411996584,0.00521795915499154,0.00521795915499154,0.0000000224972491027782,2514120124.34081,10839.6376881364,10839.6376881364,0.0467351357130858,10839.6376881364,0.0467351357130858,0.0467351357130858,0.000000201498700690987,16.81433867287,15.9042030443072,16.6327771188786,18.825166959328,17.7543459009869,5.40462786748656,16.8442102273282,4.5011446130136,17.5727843409483,5.22396095016799,19.765174213753,7.41155474700755,18.6943531476134,6.34189178275146,6.34189178275146,0.00244107832205066,17.784217456339,5.4343671062618,5.4343671062618,0.000983176456626963,18.5127915852125,6.16068074556039,6.16068074556039,0.00203619085057922,20.705181470656,8.35119373471141,8.35119373471141,0.0180912739502731,19.63436040147,7.28082537536839,7.28082537536839,0.00623730158838779,7.28082537536839,0.00623730158838779,0.00623730158838779,0.0000000269761891405666,18.7242247033146,6.37171151238752,6.37171151238752,0.00251500415261887,6.37171151238752,0.00251500415261887,0.00251500415261887,0.0000000108570962741451,19.4527988381464,7.09940089767468,7.09940089767468,0.00520439277818942,7.09940089767468,0.00520439277818942,0.00520439277818942,0.000000022497248921628,21.6451887285269,9.29105710058224,9.29105710058224,0.0456759253988881,9.29105710058224,0.0456759253988881,0.0456759253988881,0.000000201498680312951,"Debbie Dingell","Democrat"
"Michigan","MI","2607",5445332.9884423,4264899.94378332,4982638.06936001,65173197.6161435,13940052.4504123,60.1025847783255,10918143.8560853,47.0736153301139,12755553.4575616,54.9956132378029,166843385.897327,719.345840431213,35686534.2730554,153.862617032513,153.862617032513,0.000663379210179237,27950448.2715783,120.508455245091,120.508455245091,0.000519572625256437,32654216.8513577,140.788769888775,140.788769888775,0.000607011272602925,427119067.897158,1841.5253515039,1841.5253515039,0.00793974297829313,91357527.739022,393.888299603234,393.888299603234,0.00169825077805885,393.888299603234,0.00169825077805885,0.00169825077805885,0.00000000732201415498407,71553147.5752405,308.501645427434,308.501645427434,0.00133010592065648,308.501645427434,0.00133010592065648,0.00133010592065648,0.00000000573475631779595,83594795.1394758,360.419250915264,360.419250915264,0.00155394885786349,360.419250915264,0.00155394885786349,0.00155394885786349,0.00000000669985592257653,1093424813.81673,4714.30489984999,4714.30489984999,0.0203257420244304,4714.30489984999,0.0203257420244304,0.0203257420244304,0.0000000876345076570763,15.510269651025,15.265929513265,15.421470242242,17.9925588782173,16.4502767976087,4.112554169347,16.2059366288751,3.87273348877433,16.3614773784339,4.02527335262756,18.9325661273587,6.57973143061893,17.3902840123862,5.04253838216044,5.04253838216044,0.000663159271454232,17.1459438315535,4.79998385085388,4.79998385085388,0.000519437694135678,17.301484589152,4.95433841412664,4.95433841412664,0.000606827115780085,19.8725733821977,7.51889238326539,7.51889238326539,0.00790838907097775,18.3302912538019,5.97860293909508,5.97860293909508,0.00169681038074614,5.97860293909508,0.00169681038074614,0.00169681038074614,0.00000000732201407933103,18.085951068243,5.7349634085158,5.7349634085158,0.00132922211339448,5.7349634085158,0.00132922211339448,0.00132922211339448,0.0000000057347562090069,18.241491828982,5.89003864435225,5.89003864435225,0.00155274272868414,5.89003864435225,0.00155274272868414,0.00155274272868414,0.00000000669985598087864,20.8125806392625,8.4585688589047,8.4585688589047,0.0201219312391618,8.4585688589047,0.0201219312391618,0.0201219312391618,0.0000000876345038106881,"Tom Barrett","Republican"
"Michigan","MI","2608",1338853.81161459,799524.94670677,1296778.9920501,13229479.7988546,3427465.75773336,14.7775305732715,2046783.86356933,8.82471576923272,3319754.21964825,14.3131319010002,33867468.2850679,146.019707678384,8774312.33979738,37.8304782675751,37.8304782675751,0.000163106239045341,5239766.6907375,22.5912723692357,22.5912723692357,0.0000974023496433887,8498570.8022995,36.6416176665605,36.6416176665605,0.000157980462416001,86700718.8097739,373.810451656663,373.810451656663,0.00161168506658339,22462239.5898813,96.8460243649924,96.8460243649924,0.000417551971956073,96.8460243649924,0.000417551971956073,0.000417551971956073,0.00000000180027678397326,13413802.728288,57.8336572652436,57.8336572652436,0.000249350015087075,57.8336572652436,0.000249350015087075,0.000249350015087075,0.00000000107507346005749,21756341.2538868,93.8025412263951,93.8025412263951,0.000404429983784963,93.8025412263951,0.000404429983784963,0.000404429983784963,0.00000000174370128618947,221953840.153021,956.954756241056,956.954756241056,0.00412591377045349,956.954756241056,0.00412591377045349,0.00412591377045349,0.0000000177888916170761,14.1073251883347,13.5917742643965,14.0753948205755,16.3979582910924,15.0473319916796,2.75858681225106,14.5317807607173,2.28490122799668,15.0154016091529,2.72871075445758,17.337965503522,4.99056664363206,15.9873390723794,3.65920546062819,3.65920546062819,0.000163092938668874,15.4717877214857,3.16087682877029,3.16087682877029,0.0000973976063425392,15.9554086840842,3.62811029111994,3.62811029111994,0.000157967984816982,18.2779727440205,5.92642043593241,5.92642043593241,0.00161038769598805,16.927346261421,4.5833950631239,4.5833950631239,0.000417464821390472,4.5833950631239,0.000417464821390472,0.000417464821390472,0.00000000180027681488991,16.4117948636791,4.0747140936149,4.0747140936149,0.000249318932538916,4.0747140936149,0.000249318932538916,0.000249318932538916,0.00000000107507336308763,16.8954158708724,4.5517962150873,4.5517962150873,0.000404348224022302,4.5517962150873,0.000404348224022302,0.000404348224022302,0.00000000174370118192289,19.2179799954835,6.86480054954983,6.86480054954983,0.00411742552806032,6.86480054954983,0.00411742552806032,0.00411742552806032,0.0000000177888915347935,"Kristen McDonald Rivet","Democrat"
"Michigan","MI","2609",1548637.52738062,816130.139035553,1620505.28492339,14840545.349246,3964512.0700944,17.0930076228297,2089293.15593102,9.0079947315697,4148493.52940389,17.8862443265741,37991796.0940698,163.801761417128,10149150.8994416,43.758099514444,43.758099514444,0.000188663198733337,5348590.4791834,23.0604665128184,23.0604665128184,0.0000994252818305152,10620143.435274,45.7887854760296,45.7887854760296,0.000197418508341999,97258998.0008187,419.332509227849,419.332509227849,0.00180795357663301,25981826.3025706,112.020734756977,112.020734756977,0.000482977788757343,112.020734756977,0.000482977788757343,0.000482977788757343,0.00000000208236042138979,13692391.6267095,59.0347942728151,59.0347942728151,0.000254528721486118,59.0347942728151,0.000254528721486118,0.000254528721486118,0.00000000109740147076604,27187567.1943013,117.219290818636,117.219290818636,0.000505391381355519,117.219290818636,0.000505391381355519,0.000505391381355519,0.00000000217899670408032,248983034.882096,1073.49122362329,1073.49122362329,0.00462836115618052,1073.49122362329,0.00462836115618051,0.00462836115618052,0.0000000199551952737323,14.2528867334711,13.6123303306362,14.2982491799415,16.5128736110127,15.1928935984717,2.89552554445062,14.5523368424643,2.30338424674258,15.238256062393,2.93843384367206,17.4528808284427,5.10474330562898,16.1329007032558,3.80127242307947,3.80127242307947,0.00018864540407016,15.4923438092903,3.18057009991876,3.18057009991876,0.0000994203394647509,16.1782631739939,3.845643547628,3.845643547628,0.000197399023872621,18.3928880708945,6.041046086695,6.041046086695,0.00180632119578186,17.0729079017053,4.72757129530405,4.72757129530405,0.000482861192525921,4.72757129530405,0.000482861192525921,0.000482861192525921,0.00000000208236050408221,16.4323509538499,4.09492429868935,4.09492429868935,0.000254496334546582,4.09492429868935,0.000254496334546582,0.000254496334546582,0.00000000109740150240083,17.1182703751062,4.77254129655092,4.77254129655092,0.000505263714144145,4.77254129655092,0.000505263714144145,0.000505263714144145,0.00000000217899675843034,19.3328953231205,6.97960254817884,6.97960254817884,0.00461768322754816,6.97960254817884,0.00461768322754816,0.00461768322754816,0.0000000199551950748747,"Lisa C. McClain","Republican"
"Michigan","MI","2610",1677562.59524093,957434.928174394,2124334.72791356,18283740.4269465,4294560.24381679,18.5160114754081,2451033.41612645,10.5676391255538,5438296.90345872,23.447236074077,46806375.4929831,201.805851250578,10994074.224171,47.4009893770447,47.4009893770447,0.000204369531086382,6274645.54528372,27.0531561614177,27.0531561614177,0.000116639777181383,13922040.0728543,60.0249243496371,60.0249243496371,0.000258797670767009,119824321.262037,516.622979201479,516.622979201479,0.00222742177738145,28144830.0138777,121.346532805234,121.346532805234,0.000523185999581139,121.346532805234,0.000523185999581139,0.000523185999581139,0.00000000225571826264745,16063092.5959263,69.2560797732293,69.2560797732293,0.000298597829584341,69.2560797732293,0.000298597829584341,0.000298597829584341,0.00000000128740558409348,35640422.586507,153.663806335071,153.663806335071,0.000662522037163543,153.663806335071,0.000662522037163543,0.000662522037163543,0.00000000285646607484271,306750262.430814,1322.55482675579,1322.55482675579,0.00570219975009651,1322.55482675579,0.00570219975009651,0.00570219975009651,0.0000000245850541181419,14.3328530578342,13.7720140820532,14.5689697128426,16.7215227762941,15.2728599530756,2.97123522995342,14.7120207040789,2.44821146900603,15.5089766844797,3.1965171655259,17.6615300014568,5.31224912362121,16.2128670696725,3.87952025518814,3.87952025518814,0.00020434865047873,15.6520277139508,3.33410114476253,3.33410114476253,0.000116632975291558,16.4489838309186,4.11128237661643,4.11128237661643,0.000258764188426532,18.6015372469292,6.24924713787642,6.24924713787642,0.00222494475106723,17.1528742727364,4.80685745115641,4.80685745115641,0.000523049185503436,4.80685745115641,0.000523049185503436,0.000523049185503436,0.00000000225571827628773,16.5920348753253,4.25214684928372,4.25214684928372,0.000298553258124903,4.25214684928372,0.000298553258124903,0.000298553258124903,0.00000000128740551469782,17.3889910456395,5.04125376986389,5.04125376986389,0.000662302666325236,5.04125376986389,0.000662302666325236,0.000662302666325236,0.00000000285646617062577,19.5415445003351,7.18807644638964,7.18807644638964,0.00568600374849139,7.18807644638964,0.00568600374849139,0.00568600374849139,0.0000000245850539124417,"John James","Republican"
"Michigan","MI","2611",3577542.98114742,1730471.80251455,3520675.00600665,31632473.8766833,9158510.0317374,39.4869479568824,4430007.81443725,19.0999941487296,9012928.01537702,38.8592705853931,80979133.1243093,349.141815010543,23445785.6812477,101.086586769619,101.086586769619,0.000435835171559407,11340820.0049593,48.8959850207479,48.8959850207479,0.000210815210020412,23073095.7193652,99.4797326986063,99.4797326986063,0.000428907214625746,207306580.798232,893.803046426989,893.803046426989,0.00385363495324688,60021211.3439942,258.781662130225,258.781662130225,0.00111573803919208,258.781662130225,0.00111573803919208,0.00111573803919208,0.00000000481050844890914,29032499.2126959,125.173721653115,125.173721653115,0.000539686937652256,125.173721653115,0.000539686937652256,0.000539686937652256,0.00000000232686211471466,59067125.0415749,254.668115708432,254.668115708432,0.00109800246944191,254.668115708432,0.00109800246944191,0.00109800246944191,0.00000000473404147804991,530704846.843474,2288.13579885309,2288.13579885309,0.00986530548031203,2288.13579885309,0.00986530548031202,0.00986530548031203,0.0000000425342989994988,15.090187084159,14.3639052253865,15.0741635762966,17.2696948368204,16.0301941723171,3.70097964950193,15.3039121317343,3.00071952395701,16.0141706617034,3.68535501520409,18.2097020760477,5.85833825816229,16.9702013642721,4.62582134307924,4.62582134307924,0.000435740222997991,16.2439192526696,3.9099405390143,3.9099405390143,0.00021079299161663,16.9541778525836,4.60995604247159,4.60995604247159,0.000428815260218694,19.1497093270141,6.79660363420002,6.79660363420002,0.00384622872324392,17.9102085967727,5.55984151718111,5.55984151718111,0.0011151160661025,5.55984151718111,0.0011151160661025,0.0011151160661025,0.00000000481050842446676,17.1839264574282,4.83765970063638,4.83765970063638,0.00053954135903239,4.83765970063638,0.00053954135903239,0.00053954135903239,0.00000000232686203367652,17.8941850846645,5.5438801803823,5.5438801803823,0.00109740010562134,5.5438801803823,0.00109740010562134,0.00109740010562134,0.00000000473404136992141,20.089716582566,7.73592964490888,7.73592964490888,0.00981696104922892,7.73592964490888,0.00981696104922892,0.00981696104922892,0.000000042534298067247,"Haley M. Stevens","Democrat"
"Michigan","MI","2612",5129096.85997023,2379390.48126567,5109423.11371079,44461337.670408,13130487.9615238,56.6121446598233,6091239.6320401,26.2624009265445,13080123.1710996,56.3949966901813,113821024.436244,490.739743990914,33614049.1815009,144.927090329148,144.927090329148,0.000624853655620643,15593573.4580227,67.2317463719539,67.2317463719539,0.000289869909061621,33485115.318015,144.371191526864,144.371191526864,0.000622456895995005,291381822.556786,1256.29374461674,1256.29374461674,0.00541651486326182,86051965.9046422,371.013351242618,371.013351242618,0.00159962535838885,371.013351242618,0.00159962535838885,0.00159962535838885,0.00000000689679031396195,39919548.052538,172.113270712202,172.113270712202,0.000742066967197749,172.113270712202,0.000742066967197749,0.000742066967197749,0.00000000319942431822618,85721895.2141184,369.590250308772,369.590250308772,0.00159348965374721,369.590250308772,0.00159348965374721,0.00159348965374721,0.00000000687033620199141,745937465.745372,3216.11198621885,3216.11198621885,0.0138662780499503,3216.11198621885,0.0138662780499503,0.0138662780499503,0.0000000597845061933265,15.4504403459262,14.6823553328154,15.446597257925,17.6101305755929,16.3904474856102,4.05373339026581,15.6223623352015,3.30550849746501,16.3866043971516,4.04995713385009,18.5501378203786,6.19794960090712,17.3304546976926,4.98310711566875,4.98310711566875,0.000624658515860087,16.5623694936518,4.22290994586771,4.22290994586771,0.000289827904896534,17.3266116090552,4.97929041291605,4.97929041291605,0.000622263250054586,19.4901450735163,7.13671686833562,7.13671686833562,0.00540189830341705,18.2704619380554,5.91892974406625,5.91892974406625,0.00159834732048486,5.91892974406625,0.00159834732048486,0.00159834732048486,0.0000000068967902262277,17.5023767130646,5.15394612424761,5.15394612424761,0.000741791771639844,5.15394612424761,0.000741791771639844,0.000741791771639844,0.00000000319942427594585,18.2666188493483,5.91509700564976,5.91509700564976,0.00159222139623371,5.91509700564976,0.00159222139623371,0.00159222139623371,0.00000000687033627626823,20.4301523299164,8.07623933739437,8.07623933739437,0.0137710207822437,8.07623933739437,0.0137710207822437,0.0137710207822437,0.0000000597845044473569,"Rashida Tlaib","Democrat"
"Michigan","MI","2613",3845217.41597624,2049754.47998981,4669408.98218936,38841494.3520462,9843756.58489918,42.4413908617399,5247371.4687739,22.6240603962736,11953686.9944048,51.538363184102,99434225.5412382,428.711010357975,25200016.8573419,108.649960606054,108.649960606054,0.000468444684244639,13433270.9600612,57.9175946144606,57.9175946144606,0.000249711911261091,30601438.7056763,131.938209751301,131.938209751301,0.000568852051689629,254551617.38557,1097.50018651642,1097.50018651642,0.00473187588346412,64512043.1547953,278.143899151498,278.143899151498,0.00119921839166628,278.143899151498,0.00119921839166628,0.00119921839166628,0.00000000517043427987373,34389173.6577567,148.269042213019,148.269042213019,0.000639262492828392,148.269042213019,0.000639262492828392,0.000639262492828392,0.00000000275618246828661,78339683.0865312,337.761816963331,337.761816963331,0.00145626125232545,337.761816963331,0.00145626125232545,0.00145626125232545,0.00000000627867547045651,651652140.50706,2809.60047748202,2809.60047748202,0.0121136022616682,2809.60047748202,0.0121136022616681,0.0121136022616681,0.00000005222783841687,15.1623409645039,14.5332310659466,15.3565432795196,17.4749997009564,16.1023480645193,3.77141269310897,15.4732380271465,3.1622657010026,16.2965504075075,3.96154363006259,18.4150069437591,6.0631129138131,17.0423552611061,4.69729311559392,4.69729311559392,0.000468334998286774,16.4132451695084,4.07613976615926,4.07613976615926,0.000249680738431061,17.2365576150209,4.88988443193108,4.88988443193108,0.00056869031669381,19.3550141961222,7.00170106161656,7.00170106161656,0.00472071575050433,17.982362495416,5.63172741642708,5.63172741642708,0.00119849990364946,5.63172741642708,0.00119849990364946,0.00119849990364946,0.00000000517043428955905,17.3532523826368,5.00575033015119,5.00575033015119,0.00063905825159892,5.00575033015119,0.00063905825159892,0.00063905825159892,0.00000000275618238962807,18.1765648535991,5.82529725561007,5.82529725561007,0.00145520193221445,5.82529725561007,0.00145520193221445,0.00145520193221445,0.00000000627867555974106,20.2950214522197,7.94115343255278,7.94115343255278,0.0120408197644072,7.94115343255278,0.0120408197644072,0.0120408197644072,0.0000000522278371345796,"Shri Thanedar","Democrat"
"Minnesota","MN","2701",19186035.7516586,3922643.28610575,20148343.890891,104449075.868158,49116251.524246,211.764889818778,10041966.8124307,43.2959749493193,51579760.3606809,222.38631676252,267389634.222485,1152.85134090202,125737603.90207,542.118117936072,542.118117936072,0.00233734415699099,25707435.0398226,110.837695870258,110.837695870258,0.0004778771124695,132044186.523343,569.308970912052,569.308970912052,0.00245457761446879,684517463.60956,2951.29943270918,2951.29943270918,0.0127245378015332,321888265.989299,1387.82238191635,1387.82238191635,0.00598360104189693,1387.82238191635,0.00598360104189693,0.00598360104189693,0.0000000257983167695793,65811033.701946,283.744501427859,283.744501427859,0.00122336540792192,283.744501427859,0.00122336540792192,0.00122336540792192,0.00000000527454422471153,338033117.499759,1457.43096553485,1457.43096553485,0.00628371869304012,1457.43096553485,0.00628371869304012,0.00628371869304012,0.0000000270922750696266,1752364706.84048,7555.3265477355,7555.3265477355,0.0325748167719251,7555.3265477355,0.0325748167719251,0.0325748167719251,0.000000140446436169266,16.7696933199038,15.1822765471335,16.8186327035735,18.4642102079015,17.7097005466339,5.36018775240179,16.122283650277,3.79089381399132,17.7586399318205,5.40890263481529,19.4042174605588,7.05086061806113,18.6497077927186,6.29732682470545,6.29732682470545,0.00233461681713134,17.0622908480856,4.71704867625483,4.71704867625483,0.000477762965566307,18.6986471784978,6.34617826820194,6.34617826820194,0.00245157005934909,20.3442247167713,7.99033961442087,7.99033961442087,0.0126442611420819,19.5897150463637,7.23621145978742,7.23621145978742,0.00596577039348642,7.23621145978742,0.00596577039348642,0.00596577039348642,0.0000000257983164833736,18.0022980828728,5.65159229196652,5.65159229196652,0.00122261770620739,5.65159229196652,0.00122261770620739,0.00122261770620739,0.00000000527454412088193,19.6386544323743,7.28511645567803,7.28511645567803,0.00626405844937734,7.28511645567803,0.00626405844937734,0.00626405844937734,0.000000027092274723017,21.2842319743726,8.93014044469862,8.93014044469862,0.0320555049924003,8.93014044469862,0.0320555049924003,0.0320555049924003,0.000000140446426396057,"Brad Finstad","Republican"
"Minnesota","MN","2702",4689854.99741019,2968497.16240829,3971610.797505,29763762.3148496,12006028.7933701,51.7640350329672,7599352.73576521,32.7646358352274,10167323.6416128,43.8364513557216,76195231.5260151,328.516006577939,30735433.7110274,132.515929684396,132.515929684396,0.000571342893196896,19454343.003559,83.8774677381822,83.8774677381822,0.000361637994810863,26028348.5225287,112.221315470647,112.221315470647,0.000483842593204181,195059792.706599,841.000976839524,841.000976839524,0.00362597864598832,78682710.3002302,339.240779992054,339.240779992054,0.00146263780658405,339.240779992054,0.00146263780658405,0.00146263780658405,0.00000000630616800639098,49803118.0891109,214.726317409746,214.726317409746,0.000925793266715809,214.726317409746,0.000925793266715809,0.000925793266715809,0.00000000399156089963952,66632572.2176736,287.286567604857,287.286567604857,0.0012386370386027,287.286567604857,0.0012386370386027,0.0012386370386027,0.00000000534038791367613,499353069.328892,2152.96250070918,2152.96250070918,0.00928250533373009,2152.96250070918,0.00928250533373009,0.00928250533373009,0.0000000400215541340571,15.3609124357741,14.9035667136623,15.1946825646037,17.2088022154064,16.3009195643309,3.96582980394232,15.8435737668732,3.51941397769476,16.1346896696625,3.80302145492327,18.1488094534242,5.79762493114792,17.2409267720666,4.89422079420045,4.89422079420045,0.000571179738987729,16.7835809451769,4.44120866042741,4.44120866042741,0.000361572619552146,17.0746968682193,4.72934444725368,4.72934444725368,0.000483725579119354,19.0888167039181,6.73578117438361,6.73578117438361,0.0036194206334457,18.1809340107316,5.82965354341881,5.82965354341881,0.0014615691937762,5.82965354341881,0.0014615691937762,0.0014615691937762,0.00000000630616801232686,17.723588172345,5.3740105552699,5.3740105552699,0.000925364984442878,5.3740105552699,0.000925364984442878,0.000925364984442878,0.00000000399156085165121,18.0147041032988,5.66395501183106,5.66395501183106,0.00123787056060598,5.66395501183106,0.00123787056060598,0.00123787056060598,0.0000000053403878954093,20.0288239592855,7.67506444842328,7.67506444842328,0.00923968764740543,7.67506444842328,0.00923968764740543,0.00923968764740543,0.0000000400215532699281,"Angie Craig","Democrat"
"Minnesota","MN","2703",6914191.57298576,5212752.85765812,5467609.52498977,45490025.5566448,17700330.4268436,76.3150363937313,13344647.3156048,57.5354934621691,13997080.3839738,60.3484609128528,116454465.425011,502.093834002344,45312845.8927195,195.366493167952,195.366493167952,0.000842323316948762,34162297.1279483,147.290863263153,147.290863263153,0.000635045070873071,35832525.782973,154.492059936903,154.492059936903,0.00066609305545771,298123431.488027,1285.360215046,1285.360215046,0.0055418350519337,116000885.485362,500.138222509958,500.138222509958,0.00215634769138883,500.138222509958,0.00215634769138883,0.00215634769138883,0.00000000929710059515669,87455480.6475476,377.064609953671,377.064609953671,0.00162571538143506,377.064609953671,0.00162571538143506,0.00162571538143506,0.00000000700927753935665,91731266.0044108,395.499673438472,395.499673438472,0.00170519822197174,395.499673438472,0.00170519822197174,0.00170519822197174,0.00000000735196808365488,763195984.60935,3290.52215051776,3290.52215051776,0.0141870977329502,3290.52215051776,0.0141870977329502,0.0141870977329502,0.0000000611677213759559,15.7490867516916,15.4666188456123,15.5143522462331,17.6330036633368,16.6890939220492,4.34788845664747,16.406625987203,4.06963329610314,16.4543593932728,4.11657008384717,18.5730109084325,6.2207767014141,17.6291011461133,5.27998277631451,5.27998277631451,0.000841968761749746,17.3466332000301,4.99917563742227,4.99917563742227,0.000634843515078783,17.3943666082284,5.04659466881659,5.04659466881659,0.000665871313939879,19.5130181616913,7.15957197058792,7.15957197058792,0.00552653558279109,18.5691083911566,6.21688195626677,6.21688195626677,0.00215402611053041,6.21688195626677,0.00215402611053041,0.00215402611053041,0.00000000929710060168248,18.2866404406839,5.9350651068168,5.9350651068168,0.00162439533666865,5.9350651068168,0.00162439533666865,0.00162439533666865,0.00000000700927757821138,18.3343738497137,5.98267521746415,5.98267521746415,0.0017037460221084,5.98267521746415,0.0017037460221084,0.0017037460221084,0.00000000735196811836025,20.4530254181387,8.09910539649725,8.09910539649725,0.0140874026778161,8.09910539649725,0.0140874026778161,0.0140874026778161,0.0000000611677194617219,"Kelly Morrison","Democrat"
"Minnesota","MN","2704",4853867.72951011,4111015.72663596,4163673.08908234,35569082.3116643,12425901.3875459,53.5743171877377,10524200.260188,45.3751261418905,10659003.1080508,45.9563290907927,91056850.7178608,392.591929577402,31810307.5521174,137.150252000609,137.150252000609,0.000591323790032905,26941952.6660814,116.16032292324,116.16032292324,0.000500825637579663,27287047.95661,117.648202472429,117.648202472429,0.000507240635447369,233105537.837724,1005.03533971815,1005.03533971815,0.0043332133738734,81434387.3334207,351.104645121558,351.104645121558,0.00151378890248424,351.104645121558,0.00151378890248424,0.00151378890248424,0.0000000065267061348364,68971398.8251684,297.370426683494,297.370426683494,0.00128211363220394,297.370426683494,0.00128211363220394,0.00128211363220394,0.00000000552783739868244,69854842.7689217,301.179398329418,301.179398329418,0.00129853602674526,301.179398329418,0.00129853602674526,0.00129853602674526,0.00000000559864261004691,596750176.864572,2572.89046967846,2572.89046967846,0.0110930262371159,2572.89046967846,0.0110930262371159,0.0110930262371159,0.0000000478276213261112,15.3952866211268,15.2291809346229,15.2419084369416,17.3869873722027,16.335293754074,3.99956339090996,16.1691880448846,3.83676324096467,16.181915549078,3.84921800148462,18.3269946135621,5.97531466084543,17.2753009635248,4.9283418754764,4.9283418754764,0.000591149027011425,17.1091952454738,4.76354327821418,4.76354327821418,0.000500700266277649,17.1219227503995,4.77616283293498,4.77616283293498,0.000507112032402879,19.2670018653613,6.91377247898716,6.91377247898716,0.00432385203816888,18.2153082028597,5.86392841869414,5.86392841869414,0.00151264427906357,5.86392841869414,0.00151264427906357,0.00151264427906357,0.0000000065267060431924,18.0492024813472,5.69833575712969,5.69833575712969,0.00128129242636546,5.69833575712969,0.00128129242636546,0.00128129242636546,0.00000000552783728373458,18.0619299865589,5.71102087520977,5.71102087520977,0.00129769365799078,5.71102087520977,0.00129769365799078,0.00129769365799078,0.00000000559864264491456,20.2070091212386,7.85317383467822,7.85317383467822,0.0110319498875099,7.85317383467822,0.0110319498875099,0.0110319498875099,0.0000000478276202751205,"Betty McCollum","Democrat"
"Minnesota","MN","2705",9165490.28298655,8366636.61502845,7911269.21976624,68913395.0993204,23463655.1244456,101.163630936315,21418589.7344728,92.3463243719898,20252849.2026016,87.3202300014302,176418291.45426,760.628079147823,60066957.1185807,258.978895196966,258.978895196966,0.00111658841024751,54831589.7202504,236.406590392294,236.406590392294,0.00101926783932491,51847293.95866,223.539788803662,223.539788803662,0.000963792579381843,451630826.122906,1947.20788261843,1947.20788261843,0.00839539357993138,153771410.223567,662.985971704234,662.985971704234,0.00285846633023362,662.985971704234,0.00285846633023362,0.00285846633023362,0.000000012324287556305,140368869.683841,605.200871404273,605.200871404273,0.00260932566867178,605.200871404273,0.00260932566867178,0.00260932566867178,0.000000011250116724702,132729072.53417,572.261859337373,572.261859337373,0.00246730900321752,572.261859337373,0.00246730900321752,0.00246730900321752,0.0000000106378113760842,1156174914.87464,4984.85217950318,4984.85217950318,0.0214922075646243,4984.85217950318,0.0214922075646243,0.0214922075646243,0.0000000926637279035486,16.0309560420731,15.9397626431205,15.8837989108928,18.0483611452321,16.9709632340788,4.62657575275592,16.8797698287781,4.53631649451504,16.8238060923581,4.48096918670825,18.9883683948809,6.63545835142649,17.9109704665993,5.56060045540152,5.56060045540152,0.00111596548906318,17.8197770588188,5.46977424249915,5.46977424249915,0.00101874873856588,17.7638133207612,5.41405292445685,5.41405292445685,0.000963328429519436,19.9283756499182,7.57466519443196,7.57466519443196,0.00836034827273268,18.8509777149458,6.4982610223018,6.4982610223018,0.00285438868404774,6.4982610223018,0.00285438868404774,0.00285438868404774,0.0000000123242875145154,18.7597843061967,6.4072114021091,6.4072114021091,0.00260592728881882,6.4072114021091,0.00260592728881882,0.00260592728881882,0.0000000112501165527858,18.7038205674994,6.35134260942175,6.35134260942175,0.00246427019378698,6.35134260942175,0.00246427019378698,0.00246427019378698,0.0000000106378112419269,20.8683829070604,8.51435961653274,8.51435961653274,0.0212645068221888,8.51435961653274,0.0212645068221888,0.0212645068221888,0.0000000926637235087507,"Ilhan Omar","Democrat"
"Minnesota","MN","2706",3859560.74685359,2750423.72080364,3151579.55949391,25173012.1580086,9880475.5119452,42.5997046438151,7041084.72525732,30.3576613600643,8068043.67230442,34.7853984434303,64442911.1245021,277.84583616168,25294017.3105797,109.055243888167,109.055243888167,0.000470192064529546,18025176.8966587,77.7156130817646,77.7156130817646,0.000335071136960331,20654191.8010993,89.0506200151816,89.0506200151816,0.000383942058902842,164973852.478726,711.285340573901,711.285340573901,0.00306670922763699,64752684.315084,279.181424353707,279.181424353707,0.00120369168519564,279.181424353707,0.00120369168519564,0.00120369168519564,0.00000000518972090053338,46144452.8554463,198.951969489317,198.951969489317,0.000857782110618448,198.951969489317,0.000857782110618448,0.000857782110618448,0.00000000369833056282736,52874731.0108142,227.969587238865,227.969587238865,0.000982891670791275,227.969587238865,0.000982891670791275,0.000982891670791275,0.00000000423774086803349,422333062.345537,1820.89047186919,1820.89047186919,0.00785077562275069,1820.89047186919,0.00785077562275069,0.00785077562275069,0.0000000338486464897074,15.1660641979106,14.8272659016461,14.9634146498786,17.0412830722234,16.106071298515,3.77505037610762,15.7672729385809,3.44545861872389,15.9034217150147,3.57753994549857,17.9812903065074,5.63065907054434,17.0460784953318,4.70098245688874,4.70098245688874,0.000470081558878707,16.7072801105267,4.36584152306314,4.36584152306314,0.000335015013163511,16.8434288979767,4.50037195683071,4.50037195683071,0.000383868372011006,18.9212975555428,6.56847859036245,6.56847859036245,0.003062016466668,17.9860857297316,5.63543733746447,5.63543733746447,0.00120296782916722,5.63543733746447,0.00120296782916722,0.00120296782916722,0.00000000518972086179832,17.6472873352113,5.29807718515338,5.29807718515338,0.000857414425791017,5.29807718515338,0.000857414425791017,0.000857414425791017,0.00000000369833052387151,17.7834361269645,5.43358918791745,5.43358918791745,0.000982408949055874,5.43358918791745,0.000982408949055874,0.000982408949055874,0.00000000423774081594023,19.8613048103405,7.50762996178091,7.50762996178091,0.00782011863337104,7.50762996178091,0.00782011863337104,0.00782011863337104,0.0000000338486459794493,"Tom Emmer","Republican"
"Minnesota","MN","2707",1131496.34177471,445725.43785805,1024701.12696757,7022099.38694174,2896630.63494327,12.4888330892201,1141057.12091661,4.91967175810547,2623234.88503699,11.3100863595914,17976574.4305709,77.5060633796473,7415374.42545476,31.9714127084034,31.9714127084034,0.000137844857444049,2921106.22954651,12.59435970075,12.59435970075,0.0000543006257928869,6715481.3056947,28.953821080554,28.953821080554,0.000124834500611868,46020030.5422614,198.415522251897,198.415522251897,0.000855469216482588,18983358.5291642,81.8468165335126,81.8468165335126,0.000352882835056765,81.8468165335126,0.000352882835056765,0.000352882835056765,0.00000000152145557459418,7478031.94763908,32.2415608339201,32.2415608339201,0.00013900960202979,32.24156083392,0.00013900960202979,0.00013900960202979,0.000000000599340384171199,17191632.1425784,74.1217819662182,74.1217819662183,0.000319576321566382,74.1217819662183,0.000319576321566382,0.000319576321566382,0.00000000137785442547031,117811278.188189,507.943736964857,507.943736964857,0.00219000119419542,507.943736964857,0.00219000119419542,0.00219000119419542,0.0000000094421977899281,13.9390523947597,13.0074606747838,13.8399125204835,15.7645729316695,14.8790591146948,2.60186216456712,13.9474665661241,1.77828100109275,14.7799191842898,2.51041895557317,16.7045801033814,4.36317586231053,15.8190661628126,3.49564090446423,3.49564090446423,0.000137835357714679,14.8874732905716,2.60965497883258,2.60965497883258,0.0000542991515673112,15.7199262104822,3.39965689841202,3.39965689841202,0.000124826709434086,17.6445873279746,5.29539069929186,5.29539069929186,0.000855103511243953,16.7590733391268,4.41699331867462,4.41699331867462,0.000352820586552961,4.41699331867462,0.000352820586552961,0.000352820586552961,0.00000000152145562699323,15.8274803404521,3.50380092538062,3.50380092538062,0.000138999941090297,3.50380092538062,0.000138999941090297,0.000138999941090297,0.000000000599340354943386,16.6599333782319,4.31911055621368,4.31911055621368,0.000319525267930508,4.31911055621368,0.000319525267930508,0.000319525267930508,0.00000000137785449621508,18.5845945732245,6.2323374740261,6.2323374740261,0.00218760663699816,6.2323374740261,0.00218760663699816,0.00218760663699816,0.00000000944219764581268,"Michelle Fischbach","Republican"
"Minnesota","MN","2708",1118009.47804867,812812.595309218,1344219.82420765,8872276.4663266,2862104.26380461,12.3399725195895,2080800.2439916,8.97137751211019,3441202.74997158,14.8367576632365,22713027.7537961,97.9272984087386,7326986.91533979,31.590329650149,31.590329650149,0.000136201816508745,5326848.62461849,22.9667264310021,22.9667264310021,0.0000990211211406946,8809479.03992724,37.9820996178855,37.9820996178855,0.000163759955026227,58145351.0497181,250.693883926371,250.693883926371,0.00108086755524702,18757086.5032699,80.8712439043814,80.8712439043814,0.000348676650262386,80.8712439043814,0.000348676650262386,0.000348676650262386,0.00000000150332059417738,13636732.4790233,58.7948196633654,58.7948196633654,0.000253494070120178,58.7948196633654,0.000253494070120178,0.000253494070120178,0.00000000109294056779178,22552266.3422137,97.2341750217868,97.2341750217868,0.000419225484867142,97.2341750217868,0.000419225484867142,0.000419225484867142,0.00000000180749214072841,148852098.687278,641.776342851508,641.776342851508,0.00276702094143237,641.776342851508,0.00276702094143237,0.00276702094143237,0.0000000119300204434254,13.9270613047898,13.6082570821788,14.1113250902948,15.9984420819064,14.8670680182281,2.59076498048457,14.5482635909593,2.29971874013789,15.0513318954566,2.76233367245632,16.9384492717148,4.59438522085287,15.8070750638081,3.48401560786886,3.48401560786886,0.000136192541883479,15.4882705565948,3.17666646969982,3.17666646969982,0.0000990162188730856,15.9913389768661,3.66310255660739,3.66310255660739,0.000163746547828408,17.878456503377,5.52821360278514,5.52821360278514,0.00108028383848676,16.747082239131,4.40514781692606,4.40514781692606,0.000348615876685536,4.40514781692606,0.000348615876685536,0.000348615876685536,0.00000000150332057800262,16.4282777006894,4.09091902950127,4.09091902950127,0.000253461945927162,4.09091902950127,0.000253461945927162,0.000253461945927162,0.00000000109294062629277,16.931346166185,4.58735416929591,4.58735416929591,0.000419137634415496,4.58735416929591,0.000419137634415496,0.000419137634415496,0.00000000180749215431393,18.8184637513882,6.46579682990593,6.46579682990593,0.00276319978617529,6.46579682990593,0.00276319978617529,0.00276319978617529,0.0000000119300204558552,"Pete Stauber","Republican"
"Mississippi","MS","2801",567517.266953621,2601907.05229135,2280271.7372396,16272010.4247472,1452844.20340127,6.26394285209745,6660882.05386586,28.7184162157912,5837495.64733337,25.1683828511408,41656346.6873529,179.601484086087,3719281.16070725,16.0356937013695,16.0356937013695,0.0000691379493437497,17051858.0578966,73.5191455124255,73.5191455124255,0.00031697805239319,14943988.8571734,64.4310600989204,64.4310600989204,0.000277794740423535,106640247.519623,459.779799260383,459.779799260383,0.00198234220873332,9521359.77141057,41.0513758755059,41.0513758755059,0.000176993150319999,41.0513758755059,0.000176993150319999,0.000176993150319999,0.000000000763106585153203,43652756.6282154,188.209012511809,188.209012511809,0.000811463814126566,188.209012511809,0.000811463814126566,0.000811463814126566,0.00000000349862906589299,38256611.474364,164.943513853236,164.943513853236,0.00071115453548425,164.943513853236,0.00071115453548425,0.00071115453548425,0.00000000306614526103657,272999033.650236,1177.03628610658,1177.03628610658,0.00507479605435731,1177.03628610658,0.00507479605435731,0.00507479605435731,0.0000000218800008948819,13.2490282162842,14.7717556001094,14.6398056153728,16.604957099381,14.1890344010211,1.98292277399071,15.7117626243978,3.39176692824759,15.5798126066265,3.26455192063734,17.5449643204232,5.19629285848006,15.1290412400769,2.83531077240705,2.83531077240705,0.0000691355594259583,16.6517697914036,4.31105607911404,4.31105607911404,0.000316927825464039,16.5198197607282,4.18099707078189,4.18099707078189,0.000277756162608961,18.4849715642861,6.13292027001012,6.13292027001012,0.00198037996121979,16.0690483347262,3.73889210587192,3.73889210587192,0.000176977488880258,3.73889210587192,0.000176977488880258,0.000176977488880258,0.000000000763106688659022,17.5917770141585,5.2428522903237,5.2428522903237,0.000811134755366556,5.2428522903237,0.000811134755366556,0.000811134755366556,0.00000000349862915803568,17.4598269784424,5.1116474524563,5.1116474524563,0.000710901784920353,5.1116474524563,0.000710901784920353,0.000710901784920353,0.00000000306614533292621,19.4249788170633,7.07160416688363,7.07160416688363,0.00506196267639937,7.07160416688363,0.00506196267639937,0.00506196267639937,0.0000000218800006828137,"Trent Kelly","Republican"
"Mississippi","MS","2802",314297.111842217,437453.588236019,275863.39565833,8527040.77202096,804600.606316075,3.46903832147157,1119881.18588421,4.82837164032813,706210.292885325,3.0448281418203,21829224.3763737,94.1167770632946,2059777.55216915,8.88073810296723,8.88073810296723,0.0000382893333168131,2866895.83586357,12.36063139924,12.36063139924,0.0000532929054054228,1807898.34978643,7.79476004305996,7.79476004305996,0.0000336071351224263,55882814.4035166,240.938949282034,240.938949282034,0.00103880912049193,5273030.53355302,22.7346895435961,22.7346895435961,0.0000980206932910416,22.7346895435961,0.0000980206932910416,0.0000980206932910416,0.000000000422616561129282,7339253.33981076,31.6432163820544,31.6432163820544,0.000136429837837882,31.6432163820544,0.000136429837837882,0.000136429837837882,0.000000000588217721856707,4628219.77545327,19.9545857102335,19.9545857102335,0.0000860342659134113,19.9545857102335,0.0000860342659134113,0.0000860342659134113,0.000000000370937037668668,143060004.873003,616.803710162008,616.803710162008,0.00265935134845933,616.803710162008,0.00265935134845933,0.00265935134845933,0.0000000114658026176511,12.6580972152659,12.9887281810747,12.5276647038835,15.9587530565067,13.5981025349115,1.49717324486903,13.9287340465635,1.76273765437263,13.4676697534068,1.39743906303687,16.8987602435344,4.55510536895835,14.5381090360403,2.29058721574742,2.29058721574742,0.0000382886002990314,14.8687407609127,2.59231242741392,2.59231242741392,0.0000532914853889121,14.4076761490188,2.17415609448133,2.17415609448133,0.0000336065704152353,17.8387674741103,5.48868541863575,5.48868541863575,0.00103826993167483,15.4781159986868,3.16693767180803,3.16693767180803,0.0000980158895767619,3.16693767180803,0.0000980158895767619,0.0000980158895767619,0.00000000042261660828609,15.8087478068486,3.48563706635791,3.48563706635791,0.000136420532133952,3.48563706635791,0.000136420532133952,0.000136420532133952,0.000000000588217696600086,15.3476830704477,3.04235751073223,3.04235751073223,0.0000860305651782734,3.04235751073223,0.0000860305651782734,0.0000860305651782734,0.000000000370937058777924,18.7787747216972,6.42617078590835,6.42617078590835,0.00265582153029503,6.42617078590835,0.00265582153029503,0.00265582153029503,0.0000000114658024639098,"Bennie G. Thompson","Democrat"
"Mississippi","MS","2803",724921.858115796,464517.556307591,308577.794475135,13923049.0467033,1855799.95677644,8.00128798873135,1189164.94414743,5.12708880581866,789959.153856345,3.40591164810581,35643005.5595606,153.674942832403,4750847.88934768,20.4832972511522,20.4832972511522,0.0000883138075668149,3044262.25701743,13.1253473428958,13.1253473428958,0.0000565899808646725,2022295.43387224,8.71913381915089,8.71913381915089,0.0000375925758832838,91246094.232475,393.407853650953,393.407853650953,0.00169617933365926,12162170.5967301,52.4372409629497,52.4372409629497,0.000226083347371046,52.4372409629497,0.000226083347371046,0.000226083347371046,0.000000000974759141019877,7793311.37796462,33.6008891978132,33.6008891978132,0.000144870351013561,33.6008891978132,0.000144870351013561,0.000144870351013561,0.000000000624609023863524,5177076.31071294,22.3209825770263,22.3209825770263,0.0000962369942612067,22.3209825770263,0.0000962369942612067,0.0000962369942612067,0.000000000414926136538627,233590001.235136,1007.12410534644,1007.12410534644,0.00434221909416771,1007.12410534644,0.00434221909416771,0.00434221909416771,0.000000018721492774983,13.4938205255768,13.0487567854318,12.6397325013044,16.4490563014194,14.4338269434612,2.19736767695602,13.9887627320803,1.81271972781485,13.5797377850146,1.48294719554764,17.3890635161435,5.04132577181882,15.3738338735903,3.06727576117272,3.06727576117272,0.0000883099081321862,14.9287694781327,2.64797086737765,2.64797086737765,0.0000565883797121018,14.5197442721061,2.27409650124544,2.27409650124544,0.0000375918693001436,18.3290707575384,5.97738553543832,5.97738553543832,0.00169474244607643,16.3138410038153,3.97850789920827,3.97850789920827,0.000226057794382416,3.97850789920827,0.000226057794382416,0.000226057794382416,0.00000000097475916180044,15.8687765364525,3.54387938109222,3.54387938109222,0.0001448598583177,3.54387938109222,0.0001448598583177,0.0001448598583177,0.000000000624609030968391,15.4597512292693,3.14935349511551,3.14935349511551,0.0000962323637787486,3.14935349511551,0.0000962323637787486,0.0000962323637787486,0.000000000414926093397732,19.2690780093515,6.91584656143599,6.91584656143599,0.00433281886292202,6.91584656143599,0.00433281886292202,0.00433281886292202,0.0000000187214926252193,"Michael Guest","Republican"
"Mississippi","MS","2804",226055.210674633,514088.278788947,181209.281818877,4939813.99434419,578701.339327062,2.49507284366111,1316065.9936997,5.67422312373496,463895.761456326,2.00008819410218,12645923.8255211,54.5229446967505,1481475.42867728,6.38738647977244,6.38738647977244,0.0000275392390938313,3369128.94387124,14.5260111967615,14.5260111967615,0.0000626289479576845,1187573.1493282,5.12022577690157,5.12022577690157,0.0000220758713021408,32373564.9933341,139.578738423681,139.578738423681,0.000601794217719239,3792577.09741383,16.3517093882175,16.3517093882175,0.0000705004520802081,16.3517093882175,0.0000705004520802081,0.0000705004520802081,0.000000000303962945127632,8624970.09631039,37.1865886637094,37.1865886637094,0.000160330106771672,37.1865886637094,0.000160330106771672,0.000160330106771672,0.000000000691263814755403,3040187.26228018,13.107777988868,13.107777988868,0.0000565142305334804,13.107777988868,0.0000565142305334804,0.0000565142305334804,0.000000000243661302129453,82876326.3829353,357.321570364624,357.321570364624,0.00154059319736125,357.321570364624,0.00154059319736125,0.00154059319736125,0.00000000664227294572177,12.328538967128,13.1501522234961,12.107413413911,15.4128384379252,13.2685435299368,1.25135421771782,14.0901582966383,1.89825281155563,13.0474173095909,1.09864168627005,16.3528455730568,4.0167963532782,14.2085497354252,1.99977401608589,1.99977401608589,0.0000275388598959381,15.0301650921023,2.74251675914525,2.74251675914525,0.0000626269868470413,13.9874232544811,1.81159898749434,1.81159898749434,0.0000220756276336356,17.2928527833608,4.94576774762641,4.94576774762641,0.000601613212194059,15.1485565825871,2.85369102535628,2.85369102535628,0.0000704979670401607,2.85369102535628,0.0000704979670401607,0.0000704979670401607,0.000000000303962854840012,15.9701721697237,3.64248437186693,3.64248437186693,0.000160317255273701,3.64248437186693,0.000160317255273701,0.000160317255273701,0.000000000691263712698562,14.9274299998466,2.64672627570817,2.64672627570817,0.0000565126336645814,2.64672627570817,0.0000565126336645814,0.0000565126336645814,0.000000000243661313318612,18.232860023029,5.88143082446542,5.88143082446542,0.0015394077010836,5.88143082446542,0.0015394077010836,0.0015394077010836,0.00000000664227293182297,"Mike Ezell","Republican"
"Missouri","MO","2901",1091339.19406965,3498066.16591635,1365330.89877732,16554502.5843891,2793828.3368183,12.0456006221658,8955049.38474587,38.6097266674819,3495247.10086994,15.0697700707015,42379526.6160362,182.71947687186,7152200.54225484,30.8367375927444,30.8367375927444,0.000132952701723879,22924926.4249494,98.8409002687536,98.8409002687536,0.00042615288637548,8947832.57822706,38.5786113809958,38.5786113809958,0.000166331817574172,108491588.137053,467.76186079196,467.76186079196,0.00201675689487701,18309633.3881724,78.9420482374256,78.9420482374256,0.000340358916413131,78.9420482374256,0.000340358916413131,0.000340358916413131,0.00000000146745865566483,58687811.6478704,253.032704688009,253.032704688009,0.00109095138912123,253.032704688009,0.00109095138912123,0.00109095138912123,0.0000000047036407206453,22906451.4002612,98.7612451353493,98.7612451353493,0.000425809452989882,98.7612451353493,0.000425809452989882,0.000425809452989882,0.00000000183587894226179,277738465.630855,1197.47036362742,1197.47036362742,0.00516289765088514,1197.47036362742,0.00516289765088514,0.00516289765088514,0.0000000222598512357078,13.9029170347889,15.0677211356103,14.1269081063326,16.6221687426721,14.8429237349071,2.56845095985655,16.0077282198984,3.67907471101627,15.0669149185039,2.77693987166333,17.5621759643534,5.21341001203279,15.7829307752839,3.4606208931871,3.4606208931871,0.000132943864296826,16.9477354103417,4.60357792169538,4.60357792169538,0.000426062109023197,16.0069220026515,3.67828885570338,3.67828885570338,0.000166317985971162,18.5021832084658,6.15009487998735,6.15009487998735,0.00201472597081881,16.7229379485743,4.38130197513939,4.38130197513939,0.000340301007456564,4.38130197513939,0.000340301007456564,0.000340301007456564,0.00000000146745859800366,17.8877426422518,5.53746301734407,5.53746301734407,0.00109035673410843,5.53746301734407,0.00109035673410843,0.00109035673410843,0.00000000470364079911537,16.9469291930399,4.60277978260252,4.60277978260252,0.000425718821871551,4.60277978260252,0.000425718821871551,0.000425718821871551,0.00000000183587900268965,19.4421904613405,7.08880132568169,7.08880132568169,0.00514961559113678,7.08880132568169,0.00514961559113678,0.00514961559113678,0.000000022259851047808,"Wesley Bell","Democrat"
"Missouri","MO","2902",759477.953684579,2495865.25098078,1083894.17607874,12980249.0717359,1944263.56143252,8.38269912886526,6389415.04251079,27.5479852491555,2774769.09076158,11.9634266162924,33229437.6236438,143.268836255495,4977314.71726726,21.4597097698951,21.4597097698951,0.0000925236135481852,16356902.5088276,70.5228422378382,70.5228422378382,0.000304059480370376,7103408.87234963,30.6263721377086,30.6263721377086,0.000132045710330504,85067360.3165282,366.768220814067,366.768220814067,0.00158132246373443,12741925.6762042,54.9368570109314,54.9368570109314,0.000236860450683354,54.9368570109314,0.000236860450683354,0.000236860450683354,0.00000000102122465955339,41873670.4225986,180.538476128866,180.538476128866,0.000778392269748162,180.538476128866,0.000778392269748162,0.000778392269748162,0.00000000335604098691525,18184726.7132151,78.403512672534,78.403512672534,0.000338037018446091,78.403512672534,0.000338037018446091,0.000338037018446091,0.00000000145744778447858,217772442.410312,938.926645284012,938.926645284012,0.00404818550716013,938.926645284012,0.00404818550716013,0.00404818550716013,0.0000000174537659386844,13.540387889883,14.7301464216915,13.8960717552715,16.3789395349819,14.4803943460148,2.23886747523537,15.6701534360292,3.35158636440543,14.8360784515544,2.56213205538205,17.318946746527,4.97167847749065,15.4204012910844,3.11172302713843,3.11172302713843,0.0000925193335027482,16.6101605991481,4.27001687053757,4.27001687053757,0.000304013263654648,15.7760854904331,3.4539913338601,3.4539913338601,0.000132036993062999,18.2589539866801,5.90745290499532,5.90745290499532,0.00158007348988086,16.3604084271454,4.02422350119236,4.02422350119236,0.000236832403675455,4.02422350119236,0.000236832403675455,0.000236832403675455,0.00000000102122465986989,17.5501678203847,5.20146762092899,5.20146762092899,0.000778089479601535,5.20146762092899,0.000778089479601535,0.000778089479601535,0.00000000335604099502572,16.7160926631383,4.37454260748276,4.37454260748276,0.000337979896805573,4.37454260748276,0.000337979896805573,0.000337979896805573,0.00000000145744771700525,19.1989612380081,6.84580183528711,6.84580183528711,0.00404001365091271,6.84580183528711,0.00404001365091271,0.00404001365091271,0.0000000174537658357344,"Ann Wagner","Republican"
"Missouri","MO","2903",1153015.86217994,3189767.58312185,1329930.89163439,22975588.230245,2951720.60718065,12.7263536967365,8165805.01279192,35.2068968040422,3404623.08258405,14.6790442996647,58817505.8694271,253.591881776768,7556404.75438247,32.5794654636455,32.5794654636455,0.000140466479019838,20904460.8327473,90.1296558183481,90.1296558183481,0.000388594325533069,8715835.09141517,37.5783534071417,37.5783534071417,0.000162019201829891,150572815.025734,649.195217348526,649.195217348526,0.00279900744471153,19344396.1712191,83.4034315869325,83.4034315869325,0.000359594186290786,83.4034315869325,0.000359594186290786,0.000359594186290786,0.0000000015503915888563,53515419.7318331,230.731918894971,230.731918894971,0.000994801473364656,230.731918894971,0.000994801473364656,0.000994801473364656,0.00000000428909002338323,22312537.8340228,96.2005847222828,96.2005847222828,0.00041476915668452,96.2005847222828,0.00041476915668452,0.00041476915668452,0.00000000178827866622042,385466406.465877,1661.93975641223,1661.93975641223,0.00716545905846152,1661.93975641223,0.00716545905846152,0.00716545905846152,0.0000000308939017316299,13.9578924237583,14.9754589276536,14.1006382895892,16.9499428724602,14.8978991537447,2.619317612531,15.9154659951046,3.58924962013388,15.0406450898805,2.75232506278823,17.8899501044289,5.53966179942785,15.8379062057889,3.51391473322745,3.51391473322745,0.000140456614527764,16.8554731789708,4.51228328168041,4.51228328168041,0.000388518842312414,15.9806521693874,3.65269132660673,3.65269132660673,0.000162006078136526,18.82995735256,6.47727265218069,6.47727265218069,0.00279509751761785,16.7779133836368,4.43560805938832,4.43560805938832,0.000359529547796714,4.43560805938832,0.000359529547796714,0.000359529547796714,0.0000000015503915916842,17.7954804083118,5.44558118153158,5.44558118153158,0.000994306986296159,5.44558118153158,0.000994306986296159,0.000994306986296159,0.00000000428908996287785,16.920659357963,4.57677672710965,4.57677672710965,0.000414683163735139,4.57677672710965,0.000414683163735139,0.000414683163735139,0.00000000178827863468431,19.7699646070044,7.41634225268722,7.41634225268722,0.00713990913538525,7.41634225268722,0.00713990913538525,0.00713990913538525,0.000000030893901181896,"Robert F. Onder, Jr.","Republican"
"Missouri","MO","2904",526694.31380285,633955.73100118,530870.508752103,6414190.86050276,1348337.4433353,5.81336159143744,1622926.67136302,6.99725400615094,1359028.50240539,5.85945612992041,16420328.6028871,70.7963040636761,3451743.85493836,14.8822056740799,14.8822056740799,0.0000641646816894441,4154692.27868934,17.9129702557464,17.9129702557464,0.0000772318337579698,3479112.96615778,15.0002076925963,15.0002076925963,0.0000646734478039997,42036041.2233909,181.238538403011,181.238538403011,0.000781410590685733,8836464.26864219,38.0984465256444,38.0984465256444,0.000164261585124977,38.0984465256444,0.000164261585124977,0.000164261585124977,0.000000000708214397393037,10636012.2334447,45.8572038547108,45.8572038547108,0.000197713494420403,45.8572038547108,0.000197713494420403,0.000197713494420403,0.000000000852442421037646,8906529.19336393,38.4005316930464,38.4005316930464,0.000165564026378239,38.4005316930464,0.000165564026378239,0.000165564026378239,0.000000000713829877400837,107612265.531881,463.970658311708,463.970658311708,0.00200041111215548,463.970658311708,0.00200041111215548,0.00200041111215548,0.00000000862477948971226,13.1743775081523,13.3597359834582,13.182275291191,15.6740235715572,14.1143836096649,1.91888562413004,14.2997422807243,2.0790982335252,14.1222814018052,1.92562815724215,16.6140307350445,4.27383299929301,15.0543904162112,2.76519934252642,2.76519934252642,0.0000641626232243255,15.2397491637368,2.93984794361679,2.93984794361679,0.0000772288515335482,15.0622882119068,2.7726017029428,2.7726017029428,0.0000646713565667703,17.554037956425,5.20531647949008,5.20531647949008,0.000781105448380804,15.9943974981615,3.6660827354001,3.6660827354001,0.000164248095667953,3.6660827354001,0.000164248095667953,0.000164248095667953,0.000000000708214375782073,16.1797562755568,3.84710476110535,3.84710476110535,0.000197693951683365,3.84710476110535,0.000197693951683365,0.000197693951683365,0.000000000852442338575557,16.0022952952459,3.67377931096021,3.67377931096021,0.00016555032216742,3.67377931096021,0.00016555032216742,0.00016555032216742,0.000000000713829883836634,18.49404520042,6.14197430319151,6.14197430319151,0.00199841295416117,6.14197430319151,0.00199841295416117,0.00199841295416117,0.00000000862477952001578,"Mark Alford","Republican"
"Missouri","MO","2905",1274936.25725139,492120.302247976,1116385.96612214,9783404.78456923,3263836.81856357,14.0720438311217,1259827.97375482,5.43175270452196,2857948.07327269,12.3220530896097,25045516.2484972,107.983830691951,8355422.25552274,36.0244322076715,36.0244322076716,0.000155319465156573,3225159.61281233,13.9052869235762,13.9052869235762,0.000059952693088071,7316347.06757808,31.5444559094008,31.5444559094008,0.00013600403171545,64116521.5961529,276.438606571394,276.438606571394,0.0011918660167572,21389880.9741382,92.2225464516392,92.2225464516392,0.000397617830800828,92.2225464516392,0.000397617830800828,0.000397617830800828,0.00000000171433066483002,8256408.60879958,35.5975345243551,35.5975345243551,0.000153478894305462,35.5975345243551,0.000153478894305462,0.000153478894305462,0.000000000661724788302705,18729848.4929999,80.753807128066,80.753807128066,0.000348170321191552,80.753807128066,0.000348170321191552,0.000348170321191552,0.00000000150113755462184,164138295.286151,707.682832822769,707.682832822769,0.00305117700289843,707.682832822769,0.00305117700289843,0.00305117700289843,0.000000013155160293888,14.0584075253649,13.1064805143707,13.9256081056587,16.0961982211206,14.9984143058916,2.7128416259456,14.0464865345996,1.86124708345749,14.8656148183043,2.58942078909111,17.0362054173255,4.69119952894966,15.938421377678,3.61157802465941,3.61157802465941,0.000155307404337387,14.9864933093943,2.70171597710082,2.70171597710082,0.000059950895997128,15.8056218635747,3.48260702878353,3.48260702878353,0.000135994784005695,17.9762126514863,5.62559967112928,5.62559967112928,0.00119115630831846,16.8784285632378,4.53498960715206,4.53498960715206,0.000397538801779242,4.53498960715206,0.000397538801779242,0.000397538801779242,0.00000000171433067594642,15.9265003789417,3.59998087541581,3.59998087541581,0.000153467117624859,3.59998087541581,0.000153467117624859,0.000153467117624859,0.000000000661724896880763,16.7456290387767,4.40371237906689,4.40371237906689,0.000348109723970358,4.40371237906689,0.000348109723970358,0.000348109723970358,0.00000000150113765749488,18.9162199004736,6.56340808204711,6.56340808204711,0.00304653160922714,6.56340808204711,0.00304653160922714,0.00304653160922714,0.0000000131551602079022,"Emanuel Cleaver","Democrat"
"Missouri","MO","2906",611920.493279539,605839.401388312,547870.531166765,6202614.8861043,1566516.46279562,6.75404119509119,1550948.86755408,6.68692145389021,1402548.55978692,6.04709300916714,15878694.108427,68.4610450509894,4010282.1447568,17.2903454594334,17.2903454594334,0.0000745473847762602,3970429.10093844,17.1185189219589,17.1185189219589,0.0000738065540604172,3590524.31305451,15.4805581034679,15.4805581034679,0.000066744480276468,40649456.9175731,175.260275330533,175.260275330533,0.000755635288589928,10266322.2905774,44.2632843761496,44.2632843761496,0.000190841305027226,44.2632843761496,0.000190841305027226,0.000190841305027226,0.000000000822812952491143,10164298.4984024,43.8234084402149,43.8234084402149,0.000188944778394668,43.8234084402149,0.000188944778394668,0.000188944778394668,0.00000000081463607129768,9191742.24141955,39.6302287448778,39.6302287448778,0.000170865869507758,39.6302287448778,0.000170865869507758,0.000170865869507758,0.00000000073668879255247,104062609.708987,448.666304846164,448.666304846164,0.00193442633879022,448.666304846164,0.00193442633879022,0.00193442633879022,0.00000000834028590911981,13.324359274311,13.3143718663194,13.2137961062692,15.6404816781469,14.2643655369635,2.0482141519882,14.2543781189761,2.03952037227007,14.1538022525011,1.9526151926638,16.5804888383935,4.24076609256683,15.204372406455,2.90637335011032,2.90637335011032,0.0000745446062581005,15.1943849845631,2.89693456007543,2.89693456007543,0.0000738038304907178,15.0938090765159,2.8021813894096,2.8021813894096,0.0000667422529627202,17.5204960585081,5.17196173974072,5.17196173974072,0.000755349939982606,16.1443795129934,3.812496204434,3.812496204434,0.000190823097141989,3.812496204434,0.000190823097141989,0.000190823097141989,0.000000000822812928563784,16.1343920895763,3.80273051278644,3.80273051278644,0.000188926930578197,3.80273051278644,0.000188926930578197,0.000188926930578197,0.000000000814636135994114,16.0338161652898,3.70451233993402,3.70451233993402,0.000170851273597576,3.70451233993402,0.000170851273597576,0.000170851273597576,0.000000000736688709763272,18.4605033020086,6.10850576289773,6.10850576289773,0.00193255774554265,6.10850576289773,0.00193255774554265,0.00193255774554265,0.00000000834028598259184,"Sam Graves","Republican"
"Missouri","MO","2907",76662.0540968843,263862.487706836,425755.50638947,1681949.33745084,196254.858488024,0.846153507125855,675487.9685295,2.9123687331666,1089934.09635705,4.69925465934308,4305790.30387417,18.5644299185284,502412.437729341,2.16615297824219,2.16615297824219,0.00000933937612363666,1729249.19943552,7.45566395690649,7.45566395690649,0.0000321451211638321,2790231.28667403,12.0300919279183,12.0300919279183,0.0000518677833215307,11022823.1779179,47.5249405914327,47.5249405914327,0.000204903947179695,1286175.84058711,5.5453516243,5.5453516243,0.0000239088028765098,5.5453516243,0.0000239088028765098,0.0000239088028765098,0.000000000103082887022509,4426877.95055494,19.0864997296806,19.0864997296806,0.0000822915101794102,19.0864997296806,0.0000822915101794102,0.0000822915101794102,0.000000000354800133262638,7142992.09388553,30.7970353354708,30.7970353354708,0.000132781525303119,30.7970353354708,0.000132781525303119,0.000132781525303119,0.000000000572488009633711,28218427.3354698,121.663847914068,121.663847914068,0.00052455410478002,121.663847914068,0.00052455410478002,0.00052455410478002,0.0000000022616168529859,11.2471751776516,12.4831871563707,12.9616228805913,14.3354645931878,12.1871744873674,0.61310428924623,13.4231921054267,1.36414300467509,13.9016287078059,1.74033540477171,15.2754714893766,2.97371311741667,13.1271786408512,1.15251727938252,1.15251727938252,0.00000933933251187218,14.3631984617935,2.13483650758273,2.13483650758273,0.000032144604520449,14.8416354072043,2.5672614462092,2.5672614462092,0.0000518664382344841,16.2154786063436,3.88207790476649,3.88207790476649,0.000204882957233095,14.0671846864464,1.87875512202878,1.87875512202878,0.0000239085170657435,1.87875512202878,0.0000239085170657435,0.0000239085170657435,0.000000000103082875563503,15.3032053678923,3.00004793416383,3.00004793416383,0.0000822881244188875,3.00004793416383,0.0000822881244188875,0.0000822881244188875,0.000000000354800189165458,15.7816424473,3.45937305699578,3.45937305699578,0.000132772710616706,3.45937305699578,0.000132772710616706,0.000132772710616706,0.000000000572488056796325,17.155485809552,4.8094476702754,4.8094476702754,0.000524416574368267,4.8094476702754,0.000524416574368267,0.000524416574368267,0.00000000226161689120424,"Eric Burlison","Republican"
"Missouri","MO","2908",338452.419693151,775940.716662641,399521.466903939,4849981.8973972,866438.194414467,3.73565129831593,1986408.23465636,8.56440603451724,1022774.95527408,4.40969778823828,12415953.6573368,53.5314275142327,2218081.77770103,9.56326732368877,9.56326732368877,0.0000412320604333734,5085205.08072028,21.9248794483641,21.9248794483641,0.0000945291942399326,2618303.88550166,11.28882633789,11.28882633789,0.0000486718141437667,31784841.3627823,137.040454436436,137.040454436436,0.000590850397451878,5678289.35091465,24.4819643486433,24.4819643486432,0.000105554074709436,24.4819643486432,0.000105554074709436,0.000105554074709436,0.000000000455096761399483,13018125.0066439,56.1276913878122,56.1276913878122,0.000241994737254227,56.1276913878122,0.000241994737254227,0.000241994737254227,0.0000000010433611540178,6702857.94688424,28.8993954249984,28.8993954249984,0.000124599844208043,28.8993954249984,0.000124599844208043,0.000124599844208043,0.000000000537212663045508,81369193.8887226,350.823563357275,350.823563357275,0.00151257701747681,350.823563357275,0.00151257701747681,0.00151257701747681,0.00000000652148108839847,12.732141753869,13.5618326889512,12.898025280164,15.3944857365976,13.6721472118895,1.55511926698166,14.5018391621063,2.25804850316137,13.8380310133959,1.68819322960459,16.3344928694443,3.99877718710683,14.6121537670712,2.3573826360744,2.3573826360744,0.0000412312104152331,15.4418461138256,3.13222275960587,3.13222275960587,0.0000945247266372847,14.7780376760822,2.50869042169394,2.50869042169394,0.0000486706297093832,17.2745000788558,4.92754679028781,4.92754679028781,0.000590675914081459,15.5521607508321,3.2379709214782,3.2379709214782,0.00010554850427011,3.2379709214782,0.00010554850427011,0.00010554850427011,0.00000000045509684899106,16.3818532524841,4.04528896211438,4.04528896211438,0.000241965461250849,4.04528896211438,0.000241965461250849,0.000241965461250849,0.00000000104336117469043,15.7180447018372,3.3978382602925,3.3978382602925,0.000124592082292256,3.3978382602925,0.000124592082292256,0.000124592082292256,0.000000000537212718609878,18.2145073181754,5.86312980947282,5.86312980947282,0.00151143422508917,5.86312980947282,0.00151143422508917,0.00151143422508917,0.000000006521481111628,"Jason Smith","Republican"
"Pennsylvania","PA","4201",3608282.03441794,6769994.29306983,8394276.12733246,43207985.8596095,9237202.00810994,39.8262286875776,17331185.3902588,74.7234662805086,21489346.8859711,92.6513940775541,110612443.8006,476.905937385244,23647237.1407615,101.955145440199,101.955145440199,0.000439579965298108,44367834.5990624,191.292073678102,191.292073678102,0.000824756443102175,55012728.028086,237.187568838538,237.187568838538,0.00102263503062082,283167856.129536,1220.87919970622,1220.87919970622,0.00526382492931491,60536927.0803493,261.005172326909,261.005172326909,0.00112532471116316,261.005172326909,0.00112532471116316,0.00112532471116316,0.00000000485184141856137,113581656.5736,489.70770861594,489.70770861594,0.00211137649434157,489.707708615941,0.00211137649434157,0.00211137649434157,0.00000000910320712217798,140832583.7519,607.200176226658,607.200176226658,0.00261794567838929,607.200176226658,0.00261794567838929,0.00261794567838929,0.0000000112872819266752,724909711.691614,3125.45075124794,3125.45075124794,0.0134753918190462,3125.45075124794,0.0134753918190462,0.0134753918190462,0.0000000580991988449385,15.0987426034343,15.7280109496253,15.9430607372619,17.5815359171354,16.0387496930435,3.7093247348538,16.6680181181056,4.32708810290177,16.8830679231593,4.53957931481832,18.5215431615236,6.16941392941412,16.9787568855654,4.63429341221706,4.63429341221706,0.000439483378329236,17.6080253414365,5.25901543322262,5.25901543322262,0.000824416518397427,17.8230751532937,5.47305846764391,5.47305846764391,0.00102211249562929,19.461550414506,7.10814528026755,7.10814528026755,0.00525001942817398,17.9187641182874,5.56836424527199,5.56836424527199,0.00112469200793024,5.56836424527199,0.00112469200793024,0.00112469200793024,0.00000000485184136134005,18.5480325861933,6.19584865239969,6.19584865239969,0.00210915067147401,6.19584865239969,0.00210915067147401,0.00210915067147401,0.0000000091032070355983,18.7630824007081,6.41050406499439,6.41050406499439,0.00261452482770189,6.41050406499439,0.00261452482770189,0.00261452482770189,0.0000000112872819342501,20.4015576708455,8.04765369484361,8.04765369484361,0.0133854062195311,8.04765369484361,0.0133854062195311,0.0133854062195311,0.0000000580991970975413,"Brian K. Fitzpatrick","Republican"
"Pennsylvania","PA","4202",8708558.85622081,12476429.8409062,20696666.6707739,110908757.830373,22293910.6719253,96.1202736479069,31939660.3927198,137.707957224192,52983466.677181,228.438401443796,283926420.045754,1224.14975067771,57072411.3201287,246.067900538642,246.067900538642,0.00106092261173026,81765530.6053626,352.532370493931,352.532370493931,0.00151994454540871,135637674.693584,584.802307696118,584.802307696118,0.00252137719007125,726851635.317131,3133.82336173494,3133.82336173494,0.0135114903583738,146105372.97953,629.933825378922,629.933825378923,0.00271596188602948,629.933825378923,0.00271596188602948,0.00271596188602948,0.0000000117098791479052,209319758.349728,902.482868464464,902.482868464464,0.00389105803624631,902.482868464464,0.00389105803624631,0.00389105803624631,0.0000000167763102996045,347232447.215574,1497.09390770206,1497.09390770206,0.00645472560658239,1497.09390770206,0.00645472560658239,0.0064547256065824,0.000000027829571974026,1860740186.41186,8022.58780604144,8022.58780604144,0.034589415317437,8022.58780604144,0.034589415317437,0.034589415317437,0.000000149132384827396,15.9798169914404,16.3393518896905,16.8454832631884,18.5242184287363,16.9198241799576,4.57595014493394,17.2793590993399,4.93237069571262,17.7854904922367,5.43563459017898,19.4642256817334,7.11081836095865,17.8598314111154,5.50966319981579,5.50966319981579,0.00106036023106258,18.2193663387524,5.86797505255563,5.86797505255563,0.00151879059883992,18.7254977392269,6.37298237377836,6.37298237377836,0.00251820385160674,20.4042329380787,8.05032810753544,8.05032810753544,0.0134210241504104,18.7998386589297,6.44720098442509,6.44720098442509,0.00271228032602424,6.44720098442509,0.00271228032602424,0.00271228032602424,0.000000011709878997841,19.1593735897912,6.80625714855142,6.80625714855142,0.00388350745010035,6.80625714855142,0.00388350745010035,0.00388350745010035,0.0000000167763102001935,19.6655049932257,7.31194885083198,7.31194885083198,0.00643398307563777,7.31194885083198,0.00643398307563777,0.00643398307563777,0.0000000278295715929776,21.3442401957318,8.99014095818787,8.99014095818786,0.034004647834612,8.99014095818786,0.034004647834612,0.034004647834612,0.000000149132373765442,"Brendan F. Boyle","Democrat"
"Pennsylvania","PA","4203",14996702.893848,18464582.4486602,32818930.1229946,175020713.74254,38391559.408251,165.525342341038,47269331.0685701,203.801885830024,84016461.1148662,362.237265239399,448053027.180903,1931.78218999665,98282392.0851225,423.744876393058,423.744876393058,0.00182697751306105,121009487.535539,521.732827724861,521.732827724861,0.00224945290711883,215082140.454058,927.327399012862,927.327399012862,0.00399817531639102,1147015749.58311,4945.36240639141,4945.36240639141,0.0213219472700688,251602923.737914,1084.78688356623,1084.78688356623,0.00467706243343628,1084.78688356623,0.00467706243343628,0.00467706243343628,0.0000000201651710005447,309784288.090981,1335.63603897564,1335.63603897564,0.00575859944222421,1335.63603897564,0.00575859944222421,0.00575859944222421,0.0000000248282215875351,550610279.562387,2373.95814147293,2373.95814147293,0.010235328809961,2373.95814147293,0.010235328809961,0.010235328809961,0.0000000441296558763325,2936360318.93277,12660.127760362,12660.127760362,0.054584185011376,12660.127760362,0.054584185011376,0.054584185011376,0.00000023533990412676,16.5233409945099,16.7313650470466,17.3065160752407,18.98041489484,17.4633482123674,5.11514750409078,17.6713722725357,5.32204310127737,18.2465233151644,5.89505624399524,19.9204221498497,7.56671579308538,18.4033554549863,6.05148869783787,6.05148869783787,0.00182531061958689,18.6113795181356,6.25907048788847,6.25907048788847,0.00224692667564471,19.1865305664029,6.83338447122709,6.83338447122709,0.00399020385393289,20.8604294069812,8.50640771801966,8.50640771801966,0.0210978149138263,19.3433627072775,6.99006024142623,6.99006024142623,0.00466615896119564,6.99006024142623,0.00466615896119564,0.00466615896119564,0.0000000201651708851761,19.5513867715913,7.19791131788543,7.19791131788543,0.00574208208933214,7.19791131788543,0.00574208208933214,0.00574208208933214,0.0000000248282211705362,20.1265378220611,7.77273509167045,7.77273509167045,0.0101833025349019,7.77273509167045,0.0101833025349019,0.0101833025349019,0.000000044129654955768,21.8004366649414,9.44629177232804,9.44629177232804,0.0531465518054825,9.44629177232804,0.0531465518054825,0.0531465518054825,0.000000235339876538538,"Dwight Evans","Democrat"
"Pennsylvania","PA","4204",4751554.10578861,6917794.22880437,10167014.307385,55551784.2041963,12163978.5108188,52.4450357908514,17709553.2257392,76.3548005233492,26027556.6269057,112.217901209906,142212567.562743,613.149981242021,31139784.9876962,134.25929162458,134.25929162458,0.000578859404284778,45336456.2578923,195.468289339774,195.468289339774,0.00084276221149875,66630544.9648786,287.277827097358,287.277827097358,0.00123859935387413,364064172.960621,1569.66395197957,1569.66395197957,0.00676761160568973,79717849.5685023,343.703786558924,343.703786558924,0.00148188007496903,343.703786558924,0.00148188007496903,0.00148188007496903,0.0000000063891311136712,116061328.020204,500.398820709822,500.398820709822,0.0021574712614368,500.398820709822,0.0021574712614368,0.0021574712614368,0.00000000930194487133877,170574195.110089,735.431237369237,735.431237369237,0.00317081434591776,735.431237369237,0.00317081434591776,0.00317081434591776,0.0000000136709771157437,932004282.779191,4018.33971706771,4018.33971706771,0.0173250857105657,4018.33971706771,0.0173250857105657,0.0173250857105657,0.0000000746971674902295,15.3739825131225,15.7496076682731,16.1346592448512,17.8328262104228,16.3139896433665,3.97865375740201,16.6896148386765,4.34840263745074,17.0746664434062,4.7293142911633,18.7728334579447,6.42023916744211,17.2539968517613,4.90719361499409,4.90719361499409,0.000578691929806185,17.6296220627586,5.28050104088085,5.28050104088085,0.000842407286823655,18.014673678485,5.66392469255509,5.66392469255509,0.00123783292249678,19.7128407121512,7.35925370829567,7.35925370829567,0.0067448141208165,18.1940040906837,5.84268545854784,5.84268545854784,0.00148078317420721,5.84268545854784,0.00148078317420721,0.00148078317420721,0.00000000638913120367219,18.5696293078089,6.21740183372666,6.21740183372666,0.0021551472623553,6.21740183372666,0.0021551472623553,0.0021551472623553,0.00000000930194472673848,18.9546809278309,6.60181586748321,6.60181586748321,0.0031657979154255,6.60181586748321,0.0031657979154255,0.0031657979154255,0.0000000136709769236517,20.6528479689689,8.298872918637,8.298872918637,0.0171767176215322,8.298872918637,0.0171767176215322,0.0171767176215322,0.0000000746971647726431,"Madeleine Dean","Democrat"
"Pennsylvania","PA","4205",7858160.56478085,9905589.44463079,16891984.2537973,91449427.4679902,20116891.045839,86.7340459341754,25358308.9782548,109.332437637669,43243479.6897212,186.444413563479,234110534.318055,1009.36838554964,51499241.0773478,222.039157591489,222.039157591489,0.000957322602674694,64917270.9843324,279.891040352432,279.891040352432,0.00120675119705007,110703308.005686,477.297698722507,477.297698722507,0.00205787069338614,599322967.85422,2583.98306700708,2583.98306700708,0.0111408520092015,131838057.15801,568.420243434212,568.420243434212,0.00245074586284722,568.420243434212,0.00245074586284722,0.00245074586284722,0.0000000105663993385871,166188213.719891,716.521063302226,716.521063302226,0.00308928306444817,716.521063302226,0.00308928306444817,0.00308928306444817,0.000000013319454711216,283400468.494557,1221.88210872962,1221.88210872962,0.00526814897506852,1221.88210872962,0.00526814897506852,0.00526814897506852,0.0000000227136426871579,1534266797.7068,6614.99665153813,6614.99665153813,0.0285205811435559,6614.99665153813,0.0285205811435559,0.0285205811435559,0.000000122966585111879,15.8770632394365,16.1086098471035,16.642349822066,18.331296683115,16.8170704203812,4.47431003310009,17.0486170440767,4.70349796858841,17.5823570444826,5.23348234046244,19.271303934943,6.91807028150247,17.757077648581,5.40734735062586,5.40734735062586,0.000956864661633444,17.9886242785376,5.63796683738375,5.63796683738375,0.00120602365807124,18.5223642888824,6.1702333393063,6.1702333393063,0.0020557561779269,20.2113111908315,7.85747423644025,7.85747423644025,0.0110792498290341,18.6970848952397,6.34461872643223,6.34461872643223,0.00244774768272444,6.34461872643223,0.00244774768272444,0.00244774768272444,0.0000000105663992552494,18.9286315276421,6.57580230372166,6.57580230372166,0.00308452103450702,6.57580230372166,0.00308452103450702,0.00308452103450702,0.0000000133194545616251,19.4623715418693,7.10896573588928,7.10896573588928,0.00525432082283948,7.10896573588928,0.00525432082283948,0.00525432082283948,0.000000022713642486466,21.1513184483062,8.79724573058764,8.79724573058764,0.0281214407454257,8.79724573058764,0.0281214407454257,0.0281214407454257,0.000000122966577576163,"Mary Gay Scanlon","Democrat"
"Pennsylvania","PA","4206",2645299.96833191,5342797.88879529,4841981.87503369,30210750.6705854,6771967.91892968,29.1973633106046,13677562.595316,58.9708588522217,12395473.6000862,53.4431276759396,77339521.7166985,333.449617727625,17336237.87246,74.7452500751478,74.7452500751478,0.00032226440649338,35014560.2440089,150.965398661688,150.965398661688,0.000650887843064711,31732412.4162208,136.814406850405,136.814406850405,0.000589875792496003,197989175.594748,853.63102138272,853.63102138272,0.00368043312710392,44380768.9534975,191.347840192378,191.347840192378,0.000824996880623054,191.347840192378,0.000824996880623054,0.000824996880623054,0.00000000355697692931095,89637274.2246626,386.47142057392,386.47142057392,0.00166627287824566,386.47142057392,0.00166627287824566,0.00166627287824566,0.0000000071841413283651,81234975.7855252,350.244881537038,350.244881537038,0.00151008202878977,350.244881537038,0.00151008202878977,0.00151008202878977,0.00000000651072393596901,506852289.522556,2185.29541473977,2185.29541473977,0.00942190880538602,2185.29541473977,0.00942190880538602,0.00942190880538602,0.0000000406225926884957,14.7882954044503,15.4912602101034,15.3928348797192,17.2237084345689,15.7283024325805,3.40775461297342,16.4312673545394,4.09385875844225,16.3328420123583,3.99715662793201,18.1637156728896,5.81248624857565,16.668309601087,4.32737573714484,4.32737573714484,0.000322212490472945,17.371274568478,5.02365285454864,5.02365285454864,0.000650676107444983,17.2728492216887,4.92590790210167,4.92590790210167,0.00058970188415693,19.1037229235018,6.75066982185222,6.75066982185222,0.00367367690524317,17.6083168244281,5.25930540060591,5.25930540060591,0.000824656757750595,5.25930540060591,0.000824656757750595,0.000824656757750595,0.00000000355697692888902,18.311281809566,5.95964209271586,5.95964209271586,0.00166488618578499,5.95964209271586,0.00166488618578499,0.00166488618578499,0.00000000718414125606256,18.2128564609766,5.86148364840523,5.86148364840523,0.00150894300146177,5.86148364840523,0.00150894300146177,0.00150894300146177,0.0000000065107239387679,20.0437301789155,7.68996379901118,7.68996379901118,0.00937779946892935,7.68996379901118,0.00937779946892935,0.00937779946892935,0.0000000406225917979544,"Chrissy Houlahan","Democrat"
"Pennsylvania","PA","4207",1101956.74715401,1711450.26104904,2001225.68173989,20397038.5714301,2821009.27271426,12.1627913221185,4381312.66828554,18.8900448561938,5123137.74525411,22.0884262638529,52216418.7428609,225.131271598661,7221783.73814852,31.1367457846234,31.1367457846234,0.000134246188089927,11216160.430811,48.3585148318562,48.3585148318562,0.000208497905425714,13115232.6278505,56.5463712354635,56.5463712354635,0.000243799876878196,133674031.981724,576.336055292571,576.336055292571,0.00248487491329367,18487766.3696602,79.7100692086358,79.7100692086358,0.000343670241510213,79.7100692086358,0.000343670241510213,0.000343670241510213,0.00000000148173544537447,28713370.7028761,123.797797969552,123.797797969552,0.000533754637889828,123.797797969552,0.000533754637889828,0.000533754637889828,0.0000000023012849835905,33574995.5272973,144.758710362787,144.758710362787,0.000624127684808182,144.758710362787,0.000624127684808182,0.000624127684808182,0.00000000269092869070046,342205521.873213,1475.42030154898,1475.42030154898,0.00636127977803179,1475.42030154898,0.00636127977803179,0.00636127977803179,0.0000000274266799581874,13.9125989259944,14.3528522592165,14.5092708913775,16.8309003292361,14.8526056314927,2.57739400994972,15.2928591616504,2.9902193480767,15.4492778453682,3.13933146443268,17.7709075578519,5.42111567842719,15.7926126739711,3.47000010392684,3.47000010392684,0.000134237177876866,16.2328662810569,3.89911029064885,3.89911029064885,0.000208476172758239,16.389284984914,4.0525910790611,4.0525910790611,0.000243770162517772,18.7109148046732,6.35842451515315,6.35842451515315,0.00248179271648617,16.7326198480824,4.39086334083357,4.39086334083357,0.000343611200419548,4.39086334083357,0.000343611200419548,0.000343611200419548,0.00000000148173539994547,17.1728734852183,4.82669481130492,4.82669481130492,0.000533612241550666,4.82669481130492,0.000533612241550666,0.000533612241550666,0.00000000230128493773899,17.3292921969424,4.98195258579679,4.98195258579679,0.000623932998126788,4.98195258579679,0.000623932998126788,0.000623932998126788,0.00000000269092858744424,19.650922058606,7.2973757217718,7.2973757217718,0.00634113223545387,7.2973757217718,0.00634113223545387,0.00634113223545387,0.0000000274266796620781,"Ryan Mackenzie","Republican"
"Pennsylvania","PA","4208",791081.667843572,1092603.6460592,1260374.5338567,9362675.62373033,2025169.06967954,8.7315235099605,2797065.33391155,12.0595569464276,3226558.80667314,13.911319552789,23968449.5967497,103.340054064937,5184432.81837963,22.3527001854989,22.3527001854989,0.0000963737448408025,7160487.25481358,30.8724657828546,30.8724657828546,0.000133106743940199,8259990.54508325,35.61297805514,35.61297805514,0.000153545479142325,61359230.9676791,264.550538406239,264.550538406239,0.00114061056938436,13272148.0150519,57.2229124748771,57.2229124748771,0.000246716786792454,57.2229124748771,0.000246716786792454,0.000246716786792454,0.00000000106372028707761,18330847.3723228,79.0335124041078,79.0335124041078,0.00034075326448691,79.0335124041078,0.00034075326448691,0.00034075326448691,0.00000000146915888876085,21145575.7954131,91.1692238211583,91.1692238211583,0.000393076426604351,91.1692238211583,0.000393076426604351,0.000393076426604351,0.00000000169475038479145,157079631.277259,677.249378319972,677.249378319972,0.00291996305762397,677.249378319972,0.00291996305762397,0.00291996305762397,0.0000000125894309110173,13.5811577518371,13.9040749872313,14.0469202772652,16.0522417716476,14.5211642400232,2.27537046255952,14.8440816879957,2.56952019880328,14.9869270522697,2.70212062605374,16.9922489650535,4.64765531575529,15.4611711976139,3.15071261706509,3.15071261706509,0.0000963691011897286,15.7840887286249,3.46174249546629,3.46174249546629,0.000133097886023675,15.926934121899,3.60040276922504,3.60040276922504,0.000153533692241822,17.9322561981209,5.58180517437996,5.58180517437996,0.00113996056736797,16.401178338566,4.06427896239908,4.06427896239908,0.000246686357211003,4.06427896239908,0.000246686357211003,0.000246686357211003,0.00000000106372022244996,16.724095902014,4.382445452009,4.382445452009,0.00034069522127862,4.382445452009,0.00034069522127862,0.00034069522127862,0.00000000146915879354107,16.8669413066161,4.52362627680442,4.52362627680442,0.000392999192304327,4.52362627680442,0.000392999192304327,0.000392999192304327,0.0000000016947503386283,18.8722634466811,6.5195150349444,6.5195150349444,0.00291570824607779,6.5195150349444,0.00291570824607779,0.00291570824607779,0.0000000125894307519089,"Robert P. Bresnahan, Jr.","Republican"
"Pennsylvania","PA","4209",1295724.61272276,1518491.6835899,2214458.46425945,16198743.9151854,3317055.00857026,14.3014942430196,3887338.70999015,16.7602744114739,5669013.66850419,24.4419722115667,41468784.4228745,178.792808728363,8491660.82193986,36.6118252621303,36.6118252621303,0.000157852012360351,9951587.09757478,42.9063024933732,42.9063024933732,0.000184990672904977,14512674.9913707,62.5714488616107,62.5714488616107,0.000269777020085487,106160088.122559,457.709590344611,457.709590344611,0.00197341649576978,21738651.704166,93.7262726710534,93.7262726710534,0.000404101151642498,93.7262726710534,0.000404101151642498,0.000404101151642498,0.0000000017422835252599,25476062.9697914,109.840134383035,109.840134383035,0.000473576122636741,109.840134383035,0.000473576122636741,0.000473576122636741,0.00000000204182510510737,37152447.977909,160.182909085723,160.182909085723,0.000690629171418845,160.182909085723,0.000690629171418845,0.000690629171418845,0.00000000297765008225333,271769825.593751,1171.7365512822,1171.7365512822,0.00505194622917064,1171.7365512822,0.00505194622917064,0.00505194622917064,0.0000000217814837938641,14.0745814149007,14.2332287452739,14.6105188974858,16.60044432283,15.0145882030957,2.72795048657213,15.1732356024627,2.87696418854116,15.5505258807972,3.23640025950666,17.5404515437029,5.19180512528863,15.9545952778776,3.62731850260297,3.62731850260297,0.000157839555042426,16.1132427041953,3.78205787454601,3.78205787454601,0.000184973564240404,16.4905330317965,4.15216445228228,4.15216445228228,0.000269740636808611,18.4804587874995,6.12841730904668,6.12841730904668,0.00197147186739118,16.8946024646075,4.55099139224385,4.55099139224385,0.000404019524761691,4.55099139224385,0.000404019524761691,0.000404019524761691,0.00000000174228342712291,17.0532499014528,4.70808893239963,4.70808893239963,0.000473464020855776,4.70808893239963,0.000473464020855776,0.000473464020855776,0.00000000204182515131371,17.4305402482988,5.08253980141027,5.08253980141027,0.000690390796838593,5.08253980141027,0.000690390796838593,0.000690390796838593,0.00000000297765012203458,19.4204660402509,7.06709522946616,7.06709522946616,0.00503922796549089,7.06709522946616,0.00503922796549089,0.00503922796549089,0.000000021781483490562,"Daniel Meuser","Republican"
"Pennsylvania","PA","4210",2388266.08318628,2661220.65563308,3606377.8983335,29335943.865114,6113961.17295687,26.3603649294851,6812724.87842069,29.3730870836556,9232327.41973377,39.8052118827857,75100016.2946919,323.793982286763,15651740.6027696,67.4825342194819,67.4825342194819,0.000290951181741264,17440575.688757,75.1951029341583,75.1951029341583,0.00032420394866459,23634758.1945184,101.901342419931,101.901342419931,0.000439347993388502,192256041.714411,828.912594654114,828.912594654114,0.00357385954401823,40068455.9430902,172.755287601874,172.755287601874,0.000744835025257636,172.755287601874,0.000744835025257636,0.000744835025257636,0.00000000321135881020945,44647873.7632178,192.499463511445,192.499463511445,0.000829962108581351,192.499463511445,0.000829962108581351,0.000829962108581351,0.00000000357838452697738,60504980.9779672,260.867436595025,260.867436595025,0.00112473086307456,260.867436595025,0.00112473086307456,0.00112473086307456,0.0000000048492810404554,492175466.788893,2122.01624231453,2122.01624231453,0.00914908043268666,2122.01624231453,0.00914908043268666,0.00914908043268666,0.0000000394462922076743,14.6860785911209,14.7942958443611,15.0982147516385,17.194324109304,15.6260855944587,3.30909543073137,15.7343028738694,3.41355692300782,16.0382218411586,3.70880981547691,18.1343313470232,5.78319108067366,16.5660927532808,4.22657873785848,4.22657873785848,0.000290908863654327,16.6743100429143,4.33329719467153,4.33329719467153,0.000324151405920519,16.9782290336456,4.63377068862402,4.63377068862402,0.000439251508318072,19.0743385974005,6.72132038759976,6.72132038759976,0.003567488483004,17.5060999728389,5.15764791622285,5.15764791622285,0.000744557773313023,5.15764791622285,0.000744557773313023,0.000744557773313023,0.00000000321135872933311,17.6143172664657,5.26527473991532,5.26527473991532,0.000829617880481618,5.26527473991532,0.000829617880481618,0.000829617880481618,0.00000000357838447121807,17.918236266354,5.56783840852194,5.56783840852194,0.00112409882718657,5.56783840852194,0.00112409882718657,0.00112409882718657,0.00000000484928096501308,20.0143458527223,7.66059311231673,7.66059311231673,0.00910748113401292,7.66059311231673,0.00910748113401292,0.00910748113401292,0.0000000394462914546206,"Scott Perry","Republican"
"Pennsylvania","PA","4211",1502509.22919354,2401165.85184404,2613761.46877694,17899922.6346332,3846423.62673547,16.5838688872641,6146984.58072073,26.5027454672813,6691229.36006896,28.8492587323709,45823801.9446611,197.56948196868,9846844.48444279,42.4547043513962,42.4547043513962,0.000183043605940167,15736280.5266451,67.84702839624,67.84702839624,0.000292522699656117,17129547.1617765,73.8541023548695,73.8541023548695,0.000318422219988089,117308932.978332,505.777873839821,505.777873839821,0.0021806630677749,25207921.8801736,108.684043139574,108.684043139574,0.000468591631206828,108.684043139574,0.000468591631206828,0.000468591631206828,0.00000000202033445291587,40284878.1482114,173.688392694374,173.688392694374,0.00074885811111966,173.688392694374,0.00074885811111966,0.00074885811111966,0.00000000322870435894055,43851640.734148,189.066502028466,189.066502028466,0.000815160883169506,189.066502028466,0.000815160883169506,0.000815160883169506,0.00000000351456899197111,300310868.424531,1294.79135702994,1294.79135702994,0.00558249745350374,1294.79135702994,0.00558249745350374,0.00558249745350374,0.0000000240689572487277,14.2226477534838,14.6914653654353,14.7763013001687,16.7003070045803,15.1626546064039,2.86698194126769,15.6314723701439,3.31428583486319,15.7163083255192,3.39616000644386,17.6403142290283,5.29113907398595,16.102661706469,3.77171911630849,3.77171911630849,0.000183026855503408,16.5714795295014,4.23188706369478,4.23188706369478,0.000292479923233123,16.65631549294,4.31554091704404,4.31554091704404,0.00031837153439236,18.5803214742216,6.22807278893003,6.22807278893003,0.00217828887298683,17.0426689030752,4.69760389762691,4.69760389762691,0.000468481876433849,4.69760389762691,0.000468481876433849,0.000468481876433849,0.00000000202033434222509,17.5114867492687,5.16300377357249,5.16300377357249,0.000748577856789484,5.16300377357249,0.000748577856789484,0.000748577856789484,0.00000000322870440972479,17.5963227158569,5.24737402159718,5.24737402159718,0.0008148288199811,5.24737402159718,0.0008148288199811,0.0008148288199811,0.00000000351456907403354,19.5203287275184,7.16687687400592,7.16687687400592,0.00556697306437132,7.16687687400592,0.00556697306437132,0.00556697306437132,0.0000000240689569820372,"Lloyd Smucker","Republican"
"Pennsylvania","PA","4212",26357991.197668,16000624.3000567,13304063.9188452,166573611.3268,67476457.4660301,290.924981797554,40961598.208145,176.606073593929,34058403.6322437,146.842926093927,426428444.996608,1838.54772845852,172739731.113037,744.767953401739,744.767953401739,0.00321106962966872,104861691.412851,452.111548400458,452.111548400458,0.00194928051839539,87189513.298544,375.917890800453,375.917890800453,0.00162077129780493,1091656819.19132,4706.68218485381,4706.68218485381,0.0202928766621279,442213711.649375,1906.60596070845,1906.60596070845,0.00822033825195193,1906.60596070845,0.00822033825195193,0.00822033825195193,0.0000000354420170549531,268445930.016899,1157.40556390517,1157.40556390517,0.00499015812709219,1157.40556390517,0.00499015812709219,0.00499015812709219,0.0000000215150841761673,223205154.044272,962.349800449159,962.34980044916,0.00414917452238062,962.34980044916,0.00414917452238062,0.00414917452238062,0.0000000178891804301693,2794641457.12977,12049.1063932257,12049.1063932257,0.0519497642550474,12049.1063932257,0.0519497642550474,0.0519497642550474,0.000000223981589844066,17.0872820961721,16.5881383606939,16.4035801794916,18.9309478857571,18.0272893315444,5.67649685760862,17.528145581101,5.17956802813734,17.3435873921794,4.9961503999995,19.8709551405903,7.51727502063852,18.967296581005,6.61441449739504,6.61441449739504,0.00320592515548681,18.4681528247157,6.11613833887965,6.11613833887965,0.00194738313641206,18.2835946327788,5.93202736744169,5.93202736744169,0.00161945926548326,20.8109623976528,8.45695096076042,8.45695096076042,0.0200897200635855,19.9073038359687,7.5536043111353,7.5536043111353,0.00818673529763182,7.5536043111353,0.00818673529763182,0.00818673529763182,0.0000000354420164708617,19.4081600773959,7.05479982471485,7.05479982471485,0.0049777485547222,7.05479982471485,0.0049777485547222,0.0049777485547222,0.0000000215150839272581,19.2236018842812,6.87041658618413,6.87041658618413,0.00414059043416697,6.87041658618413,0.00414059043416697,0.00414059043416697,0.0000000178891801992648,21.750969655586,9.39682876819316,9.39682876819316,0.0506453605660555,9.39682876819316,0.0506453605660555,0.0506453605660555,0.000000223981564857985,"Summer L. Lee","Democrat"
"Pennsylvania","PA","4213",1737327.6871927,6275903.64617662,13842345.9709614,33500260.3218774,4447558.8792133,19.1756656257492,16066313.3342121,69.2699659975861,35436405.6856612,152.784186755237,85760666.4240062,369.75741251548,11385750.7307861,49.0897040019179,49.0897040019179,0.000211650430083634,41129762.1355831,177.33111295382,177.33111295382,0.000764563712228111,90717198.5552926,391.127518093406,391.127518093406,0.00168634765894656,219547306.045455,946.578976039627,946.578976039627,0.00408117855791279,29147521.8708123,125.66964224491,125.66964224491,0.000541825101014103,125.66964224491,0.000541825101014103,0.000541825101014103,0.00000000233608081350955,105292191.067093,453.96764916178,453.96764916178,0.00195728310330396,453.96764916178,0.00195728310330396,0.00195728310330396,0.0000000084388329290706,232236028.301549,1001.28644631912,1001.28644631912,0.00431705000690318,1001.28644631912,0.00431705000690318,0.00431705000690318,0.0000000186129761674244,562041103.476366,2423.24217866145,2423.24217866145,0.0104478171082567,2423.24217866145,0.0104478171082567,0.0104478171082567,0.0000000450457999158294,14.3678592542609,15.6522281993125,16.4432430726036,17.3270637974179,15.3078661619983,3.00447720621396,16.5922353607064,4.25234448132162,17.3832502870726,5.03555023484948,18.2670710377192,5.91554797411684,16.2478732834764,3.91381547802721,3.91381547802721,0.000211628035291111,17.5322425812691,5.18364200742415,5.18364200742415,0.000764271582285008,18.3232575283677,5.97158708815017,5.97158708815017,0.00168492737124156,19.2070782891052,6.85391028550371,6.85391028550371,0.00407287313830025,17.187880488447,4.84158245518359,4.84158245518359,0.0005416783667945,4.84158245518359,0.0005416783667945,0.0005416783667945,0.0000000023360808815623,18.4722498249447,6.12022631567983,6.12022631567983,0.0019553701204899,6.12022631567983,0.0019553701204899,0.0019553701204899,0.00000000843883293014448,19.2632647801419,6.91003911536044,6.91003911536044,0.00430775827882689,6.91003911536044,0.00430775827882689,0.00430775827882689,0.000000018612976098149,20.1470855448211,7.79327425088738,7.79327425088738,0.0103936158633503,7.79327425088738,0.0103936158633503,0.0103936158633503,0.0000000450457989644313,"John Joyce","Republican"
"Pennsylvania","PA","4214",6808927.32898541,4700699.8413408,4833592.16884338,46007807.208244,17430853.9622027,75.1531876761992,12033791.5938324,51.8837344440281,12373995.9522391,53.3505267223086,117779986.453105,507.80882253986,44622986.1432388,192.39216045107,192.39216045107,0.000829499471062151,30806506.480211,132.822360176712,132.822360176712,0.000572664069333686,31677429.637732,136.57734840911,136.57734840911,0.000588853714199236,301516765.319948,1299.99058570204,1299.99058570204,0.00560491394606417,114234844.526691,492.52393075474,492.52393075474,0.00212351864591911,492.52393075474,0.00212351864591911,0.00212351864591911,0.00000000915555805106984,78864656.5893403,340.025242052383,340.025242052383,0.00146602001749424,340.025242052383,0.00146602001749424,0.00146602001749424,0.00000000632075042053113,81094219.8725939,349.638011927322,349.638011927322,0.00150746550835004,349.638011927322,0.00150746550835004,0.00150746550835004,0.00000000649944279896381,771882919.219067,3327.97589939722,3327.97589939722,0.0143485797019243,3327.97589939722,0.0143485797019243,0.0143485797019243,0.0000000618639514486159,15.733745298486,15.3632221707426,15.3911006763488,17.644321683706,16.673752467481,4.33274693895354,16.3032292995992,3.9680958141548,16.3311078087694,3.99545430482308,18.5843289289525,6.2320723517731,17.6137596910129,5.26472004678432,5.26472004678432,0.000829155626508789,17.243236507452,4.89651325014961,4.89651325014961,0.000572500159839342,17.2711150180145,4.92418629282819,4.92418629282819,0.000588680407882156,19.5243361822701,7.17088124228497,7.17088124228497,0.00558926486317065,18.5537669358483,6.20157134960208,6.20157134960208,0.00212126716700765,6.20157134960208,0.00212126716700765,0.00212126716700765,0.00000000915555804753434,18.1832437461627,5.83195649815793,5.83195649815793,0.00146494645925894,5.83195649815793,0.00146494645925894,0.00146494645925894,0.00000000632075034757403,18.2111222572691,5.85975438625453,5.85975438625454,0.00150633042281226,5.85975438625454,0.00150633042281226,0.00150633042281226,0.00000000649944274064346,20.4643434387405,8.11041999795652,8.11041999795652,0.014246613059089,8.11041999795652,0.014246613059089,0.014246613059089,0.0000000618639496035085,"Guy Reschenthaler","Republican"
"Pennsylvania","PA","4215",5088386.15757459,2954882.28973054,2302224.44720498,38385635.7133006,13026268.5633909,56.1628023611407,7564498.66171019,32.6143623733295,5893694.58484475,25.4106847663054,98267227.4260495,423.679493912554,33347247.5222808,143.77677404452,143.77677404452,0.000619894062945893,19365116.5739781,83.4927676757235,83.4927676757235,0.000359979359149312,15087858.1372026,65.0513530017419,65.0513530017418,0.00028046913543832,251564102.210687,1084.61950441614,1084.61950441614,0.00467634077764666,85368953.6570389,368.068541553972,368.068541553972,0.00158692880114149,368.068541553972,0.00158692880114149,0.00158692880114149,0.00000000684204906309027,49574698.4293839,213.741485249852,213.741485249852,0.000921547159422238,213.741485249852,0.000921547159422238,0.000921547159422238,0.00000000397325379322815,38624916.8312386,166.531463684459,166.531463684459,0.000718000986722099,166.531463684459,0.000718000986722099,0.000718000986722099,0.00000000309566375943657,644004101.659358,2776.62593130531,2776.62593130531,0.0119714323907754,2776.62593130531,0.0119714323907754,0.0119714323907754,0.0000000516148725224698,15.4424714733978,14.8989697121813,14.6493867988313,17.4631939036616,16.3824786121313,4.04590337847188,15.8389767644463,3.51495342722494,15.5893937926332,3.27376865426921,18.403201146278,6.0513347524534,17.3224858238423,4.97519306684109,4.97519306684109,0.000619702007986241,16.7789839423806,4.43666594106372,4.43666594106372,0.000359914582124953,16.5294009477303,4.19043251526636,4.19043251526635,0.000280429811322994,19.3432083985683,6.98990607484428,6.98990607484428,0.00466544066466461,18.2624930640602,5.91098237625999,5.91098237625999,0.00158567096019166,5.91098237625999,0.00158567096019166,0.00158567096019166,0.00000000684204912606236,17.7189911694044,5.36943491048506,5.36943491048506,0.000921122795532858,5.36943491048506,0.000921122795532858,0.000921122795532858,0.00000000397325371813726,17.4694081658333,5.12117117651715,5.12117117651715,0.00071774334732975,5.12117117651715,0.00071774334732975,0.00071774334732975,0.0000000030956637205694,20.2832156546374,7.92935186028986,7.92935186028986,0.0119003416039618,7.92935186028986,0.0119003416039618,0.0119003416039618,0.000000051614871266146,"Glenn Thompson","Republican"
"Pennsylvania","PA","4216",2587101.44930944,1641932.54614784,1489278.77819486,17515682.6578016,6622979.71023216,28.555000128969,4203347.31813846,18.1227466280941,3812553.67217884,16.4378384600173,44840147.6039721,193.328452846722,16954828.0581943,73.1008003301608,73.1008003301608,0.000315174355680203,10760569.1344345,46.3942313679209,46.3942313679209,0.000200028890417356,9760137.40077784,42.0808664576442,42.0808664576442,0.000181431802556894,114790777.866169,494.920839287608,494.920839287608,0.00213385292542165,43404359.8289775,187.138048845212,187.138048845212,0.00080684635054132,187.138048845212,0.00080684635054132,0.00080684635054132,0.00000000347872085553437,27547056.9841522,118.769232301877,118.769232301877,0.000512073959468431,118.769232301877,0.000512073959468431,0.000512073959468431,0.00000000220780866293038,24985951.7459912,107.727018131569,107.727018131569,0.000464465414545649,107.727018131569,0.000464465414545649,0.000464465414545649,0.00000000200254425538437,293864391.337392,1266.99734857628,1266.99734857628,0.00546266348907942,1266.99734857628,0.00546266348907942,0.00546266348907942,0.0000000235522926929983,14.7660490619725,14.3113850968892,14.2138031907215,16.6786072465555,15.7060560849205,3.38625293864003,15.251391984248,2.95087854940325,15.1538100400386,2.85864246928668,17.6186144702567,5.26954978337073,16.6460632514028,4.30542633292065,4.30542633292065,0.000315124698676411,16.1913990977658,3.85850052019614,3.85850052019614,0.000200008887306291,16.0938171386963,3.76307896484462,3.76307896484462,0.000181415345797809,18.5586217151582,6.20641631577731,6.20641631577731,0.00213157949480451,17.5860704739532,5.23717599573002,5.23717599573002,0.000806521025004653,5.23717599573002,0.000806521025004653,0.000806521025004653,0.00000000347872086087216,17.1314062996269,4.78556682716913,4.78556682716913,0.000511942894339863,4.78556682716913,0.000511942894339863,0.000511942894339863,0.0000000022078086001684,17.0338243347527,4.68884032011018,4.68884032011018,0.000464357583872722,4.68884032011018,0.000464357583872722,0.000464357583872722,0.00000000200254435055888,19.4986289683411,7.14519404396681,7.14519404396681,0.00544779725778719,7.14519404396681,0.00544779725778719,0.00544779725778719,0.0000000235522925053695,"Mike Kelly","Republican"
"Pennsylvania","PA","4217",15194908.1832071,9166978.89269079,7673952.52607633,96077008.0054007,38898964.9490103,167.713023100416,23467465.9652884,101.180061389905,19645318.4667554,84.700859114088,245957140.493826,1060.44506941059,99581350.2694663,429.345339137064,429.345339137064,0.00185112392772246,60076712.8711384,259.020957158158,259.020957158158,0.00111676976053994,50292015.2748938,216.834199332065,216.834199332065,0.000934881406978519,629650279.664194,2714.7393776911,2714.7393776911,0.0117046082989388,254928256.689834,1099.12406819088,1099.12406819088,0.0047388772549695,1099.12406819088,0.0047388772549695,0.0047388772549695,0.0000000204316858192638,153796384.950114,663.093650324884,663.093650324884,0.00285893058698226,663.093650324884,0.00285893058698226,0.00285893058698226,0.0000000123262892008966,128747559.103728,555.095550290088,555.095550290088,0.00239329640186501,555.095550290088,0.00239329640186501,0.00239329640186501,0.0000000103187057871148,1611904715.94034,6949.73280688922,6949.73280688922,0.0299637972452834,6949.73280688922,0.0299637972452834,0.0299637972452834,0.000000129189016370016,16.5364710075601,16.0311184434966,15.8533424937473,18.3806606049996,17.4764782259477,5.12819918337392,16.9711256355131,4.62673656470405,16.7933496728305,4.45086285022196,19.3206678571485,6.96738653172198,18.4164854687736,6.06458800063615,6.06458800063615,0.00184941270928395,17.9111328680378,5.56076223222162,5.56076223222162,0.00111614663707132,17.7333569003032,5.38373421989889,5.38373421989889,0.000934444677528248,20.2606751131624,7.90681952593407,7.90681952593407,0.0116366392247095,19.3564927211457,7.00317824169067,7.00317824169067,0.00472768412413658,7.00317824169067,0.00472768412413658,0.00472768412413658,0.0000000204316856899872,18.851140116386,6.49842317917719,6.49842317917719,0.00285485161740946,6.49842317917719,0.00285485161740946,0.00285485161740946,0.0000000123262890245595,18.6733641466779,6.32094013252527,6.32094013252527,0.00239043702933991,6.32094013252527,0.00239043702933991,0.00239043702933991,0.0000000103187058365069,21.2006823706861,8.84660237284062,8.84660237284062,0.029523653318278,8.84660237284062,0.029523653318278,0.029523653318278,0.000000129189008028587,"Christopher R. Deluzio","Democrat"
"Rhode Island","RI","4401",11592136.13582,4598106.8488152,3061226.02092212,64360256.5343594,29675868.5076993,127.947610613308,11771153.5329669,50.7513695282334,7836738.61356062,33.7881258756077,164762256.72796,710.373044756196,75970223.3797101,327.545883170067,327.545883170067,0.00141221521813128,30134153.0443953,129.923505992277,129.923505992277,0.000560165649403076,20062050.8507152,86.4976022415557,86.4976022415557,0.000372934713864095,421791377.223577,1818.55499457586,1818.55499457586,0.00784070620425178,194483771.852058,838.517460915372,838.517460915372,0.00361527095841608,838.517460915372,0.00361527095841608,0.00361527095841608,0.0000000155872533512881,77143431.793652,332.60417534023,332.60417534023,0.00143402406247187,332.60417534023,0.00143402406247187,0.00143402406247187,0.00000000618279974881482,51358850.1778309,221.433861738383,221.433861738383,0.000954712867492083,221.433861738383,0.000954712867492083,0.000954712867492083,0.00000000411624785929009,1079785925.69236,4655.5007861142,4655.5007861142,0.0200722078828846,4655.5007861142,0.0200722078828846,0.0200722078828846,0.000000086541394321193,16.2658375931249,15.3411554396229,14.9343263807841,17.9800068815466,17.2058447990484,4.85940620259622,16.281162565587,3.94645089610899,15.8743334402132,3.54927611808385,18.9200141305699,6.56719696837788,18.1458520370055,5.79467650296577,5.79467650296577,0.00141121898004488,17.22116977231,4.87461322892823,4.87461322892823,0.000560008815191617,16.814340620946,4.47161139003445,4.47161139003445,0.00037286519099818,19.8600213853628,7.50634724169897,7.50634724169897,0.00781012760191641,19.0858592874758,6.73282727548578,6.73282727548578,0.00360875157453275,6.73282727548578,0.00360875157453275,0.00360875157453275,0.0000000155872531444106,18.1611770105794,5.80995518641415,5.80995518641415,0.00143299683189772,5.80995518641415,0.00143299683189772,0.00143299683189772,0.00000000618279980855628,17.7543478490629,5.40462980680456,5.40462980680456,0.000954257419020996,5.40462980680456,0.000954257419020996,0.000954257419020996,0.00000000411624777859535,20.8000286424096,8.44601954078253,8.44601954078253,0.019873416832585,8.44601954078253,0.019873416832585,0.019873416832585,0.0000000865413905282924,"Gabe Amo","Democrat"
"Rhode Island","RI","4402",7950290.87590047,4015212.58697992,2196993.93469711,56378294.4871645,20352744.6423052,87.7509295382587,10278944.2226686,44.3177038804001,5624304.47282461,24.2492083583989,144328433.887141,622.272546282155,52103026.2843014,224.642379617942,224.642379617942,0.000968546403524675,26314097.2100316,113.453321933824,113.453321933824,0.000489154393368776,14398219.450431,62.0779733975011,62.0779733975011,0.000267649398900189,369480790.751081,1593.01771848232,1593.01771848232,0.00686830145145015,133383747.287811,575.084491821932,575.084491821931,0.00247947879302317,575.084491821932,0.00247947879302317,0.00247947879302317,0.000000010690281467293,67364088.8576809,290.44050415059,290.44050415059,0.00125223524702407,290.44050415059,0.00125223524702407,0.00125223524702407,0.00000000539901663673046,36859441.7931034,158.919611897603,158.919611897603,0.000685182461184482,158.919611897603,0.000685182461184482,0.000685182461184482,0.0000000029541665720737,945870824.322768,4078.12535931473,4078.12535931473,0.0175828517157124,4078.12535931473,0.0175828517157124,0.0175828517157124,0.0000000758085265207933,15.8887191999063,15.2056011012033,14.6026010458097,17.8475948106137,16.8287263817497,4.4858339019712,16.1456082079283,3.8136977702779,15.5426080269337,3.22879480308726,18.7876020582965,6.43498389709176,17.7687336103005,5.41895135489816,5.41895135489816,0.000968077665095702,17.0856154071359,4.7401670711746,4.7401670711746,0.000489034796357788,16.4826151770784,4.14437163408193,4.14437163408193,0.000267613587189707,19.7276093125658,7.37401297502384,7.37401297502384,0.00684482211649389,18.7087408570963,6.35625433712923,6.35625433712923,0.00247640995717611,6.35625433712923,0.00247640995717611,0.00247640995717611,0.0000000106902814917341,18.0256226424697,5.67483588255947,5.67483588255947,0.00125145185439354,5.67483588255947,0.00125145185439354,0.00125145185439354,0.00000000539901655257889,17.422622393247,5.07467126333579,5.07467126333579,0.000684947830852148,5.07467126333579,0.000684947830852148,0.000684947830852148,0.00000000295416646264275,20.667616569408,8.31363787170011,8.31363787170011,0.0174300617672642,8.31363787170011,0.0174300617672642,0.0174300617672642,0.0000000758085236938341,"Seth Magaziner","Democrat"
"South Carolina","SC","4501",1708907.83450278,4594380.36593654,3611218.13972681,28601451.4598218,4374804.05632711,18.8619829530258,11761613.7367975,50.7102386637638,9244718.43770063,39.8586357999835,73219715.7371437,315.687059872319,11199498.3841974,48.2866763597461,48.2866763597461,0.000208188173602558,30109731.1662017,129.818210979235,129.818210979235,0.000559711669586958,23666479.2005136,102.038107647958,102.038107647958,0.000439937657146326,187442472.287088,808.158873273137,808.158873273137,0.00348437980187213,28670715.8635454,123.61389148095,123.61389148095,0.00053296172442255,123.61389148095,0.00053296172442255,0.00053296172442255,0.00000000229786633440977,77080911.7854764,332.334620106842,332.334620106842,0.00143286187414261,332.334620106842,0.00143286187414261,0.00143286187414261,0.00000000617778896977821,60586186.7533148,261.217555578772,261.217555578772,0.00112624040229459,261.217555578772,0.00112624040229459,0.00112624040229459,0.00000000485578942406951,479852729.054945,2068.88671557923,2068.88671557923,0.00892001229279265,2068.88671557923,0.00892001229279265,0.00892001229279265,0.0000000384586641232774,14.3513656163231,15.3403446727031,15.0995559851329,17.168968059809,15.2913725182273,2.98880750021002,16.2803517985597,3.94565580182513,16.0395630748794,3.71011820165599,18.1089752969947,5.75791409344971,16.2313796374268,3.8976537881282,3.8976537881282,0.000208166505451966,17.2203590052407,4.87380865700182,4.87380865700182,0.000559555089434247,16.9795702674549,4.6350988969696,4.6350988969696,0.000439840912948377,19.0489825471637,6.69599528006867,6.69599528006867,0.00347832341499435,17.1713868415074,4.82522008875011,4.82522008875011,0.000532819750764781,4.82522008875011,0.000532819750764781,0.000532819750764781,0.00000000229786633900943,18.1603662434937,5.8091468506271,5.8091468506271,0.00143183630711446,5.8091468506271,0.00143183630711446,0.00143183630711446,0.0000000061777889279879,17.9195775001979,5.56917452400344,5.56917452400344,0.00112560666935195,5.56917452400344,0.00112560666935195,0.00112560666935195,0.00000000485578931439645,19.9889898024041,7.63524915798853,7.63524915798853,0.00888046399004744,7.63524915798853,0.00888046399004744,0.00888046399004744,0.000000038458663291648,"Nancy Mace","Republican"
"South Carolina","SC","4502",1907439.14868692,1161219.5836466,2994203.95616607,21352323.4640005,4883044.22063853,21.0532621947602,2972722.1341353,12.8169018534781,7665162.12778515,33.0483732585375,54661948.0678412,235.675179816033,12500593.2048346,53.8963512185861,53.8963512185861,0.000232374306329218,7610168.66338637,32.811268744904,32.811268744904,0.000141465899675771,19622815.04713,84.6038355418562,84.6038355418562,0.00036476973213078,139934587.053674,603.328460329046,603.328460329046,0.00260125276178789,32001518.6043767,137.974659119581,137.974659119581,0.0005948782242028,137.974659119581,0.0005948782242028,0.0005948782242028,0.00000000256481953924578,19482031.7782691,83.9968479869542,83.9968479869542,0.000362152703169974,83.9968479869542,0.000362152703169974,0.000362152703169974,0.00000000156142264330787,50234406.5206527,216.585818987152,216.585818987152,0.000933810514254798,216.585818987152,0.000933810514254798,0.000933810514254798,0.00000000402612729037693,358232542.857405,1544.52085844236,1544.52085844236,0.00665920707017701,1544.52085844236,0.00665920707017701,0.00665920707017701,0.0000000287111945177724,14.4612726648133,13.964982237161,14.912189297252,16.8766711659046,15.4012796038321,3.09346053629062,14.9049889708812,2.62589261473296,15.8521963522253,3.52778225637459,17.816678395857,5.46668865177397,16.3412867375295,4.00544688398593,4.00544688398593,0.000232347311601994,15.8449960243839,3.52079414174491,3.52079414174491,0.000141455894318889,16.7922035312175,4.44973008987582,4.44973008987582,0.000364703219825951,18.7566856432004,6.40411785861636,6.40411785861636,0.0025978753595392,17.2812939472733,4.93429160801825,4.93429160801825,0.000594701354292647,4.93429160801825,0.000594701354292647,0.000594701354292647,0.00000000256481946463149,16.7850032028016,4.44261417329632,4.44261417329632,0.000362087141708238,4.44261417329632,0.000362087141708238,0.000362087141708238,0.00000000156142254559511,17.7322107586546,5.38259334276232,5.38259334276232,0.00093337478445491,5.38259334276232,0.00093337478445491,0.00093337478445491,0.00000000402612720129514,19.6966928973372,7.34311625772332,7.34311625772332,0.00663713249602451,7.34311625772332,0.00663713249602451,0.00663713249602451,0.0000000287111941207936,"Joe Wilson","Republican"
"South Carolina","SC","4503",623400.104061168,1194742.07072637,1048280.79355845,11928839.2683124,1595904.26639659,6.88074681285403,3058539.7010595,13.1869045926987,2683598.83150963,11.5703457254246,30537828.5268798,131.663954243477,4085514.92197527,17.6147118409063,17.6147118409063,0.0000759458915617304,7829861.63471233,33.7584757573088,33.7584757573088,0.000145549786014664,6870013.00866466,29.6200850570871,29.6200850570871,0.000127707100071358,78176841.0288124,337.059722863302,337.059722863302,0.00145323417116349,10458918.2002567,45.0936623127202,45.0936623127202,0.00019442148239803,45.0936623127202,0.00019442148239803,0.00019442148239803,0.000000000838248899716995,20044445.7848636,86.4216979387105,86.4216979387105,0.000372607452197539,86.4216979387105,0.000372607452197539,0.000372607452197539,0.00000000160649833021798,17587233.3021815,75.8274177461428,75.8274177461428,0.000326930176182677,75.8274177461428,0.000326930176182677,0.000326930176182677,0.00000000140956059530688,200132713.033759,862.872890530054,862.872890530054,0.00372027947817854,862.872890530054,0.00372027947817854,0.00372027947817854,0.0000000160399979506302,13.3429454173455,13.9934417166549,13.8626629947028,16.2944695779751,14.2829516983358,2.06442267258392,14.9334484650993,2.65231932732653,14.8026696718857,2.53134052623543,17.2344767853824,4.88781927100639,15.2229585749907,2.9239522272643,2.9239522272643,0.0000759430078185727,15.8734555243536,3.54842344895555,3.54842344895555,0.000145539194672149,15.7426767033034,3.42165616805347,3.42165616805347,0.000127698946213864,18.1744840239191,5.82322257473616,5.82322257473616,0.00145217924829501,16.1629656843271,3.83067546360428,3.83067546360428,0.000194402584991048,3.83067546360428,0.000194402584991048,0.000194402584991048,0.000000000838248803351537,16.8134627050181,4.47074351201835,4.47074351201835,0.000372538051279752,4.47074351201835,0.000372538051279752,0.000372538051279752,0.00000000160649826645731,16.6826838730942,4.34156157834651,4.34156157834651,0.000326876746157463,4.34156157834651,0.000326876746157463,0.000326876746157463,0.00000000140956068939735,19.1144912746158,6.76142564053916,6.76142564053916,0.00371337635421686,6.76142564053916,0.00371337635421686,0.00371337635421686,0.0000000160399978678457,"Sheri Biggs","Republican"
"South Carolina","SC","4504",308604.104225056,1288929.69096237,1562742.06020693,7320770.91239314,790026.506816144,3.40620204062699,3299660.00886368,14.2264956410917,4000619.67412973,17.2486856836114,18741173.5357264,80.8026350892958,2022467.85744933,8.71987722400511,8.71987722400511,0.0000375957810759066,8447129.62269102,36.4198288411946,36.4198288411946,0.000157024219121591,10241586.3657721,44.1566353500453,44.1566353500453,0.000190381487379067,47977404.2514597,206.854745828597,206.854745828597,0.000891854958378908,5177517.71507028,22.3228856934531,22.3228856934531,0.000096245199554321,22.3228856934531,0.000096245199554321,0.000096245199554321,0.000000000414961513688519,21624651.834089,93.2347618334582,93.2347618334582,0.000401982000951272,93.2347618334582,0.000401982000951272,0.000401982000951272,0.00000000173314679966073,26218461.0963766,113.040986496116,113.040986496116,0.000487376607690412,113.040986496116,0.000487376607690412,0.000487376607690412,0.00000000210132594456768,122822154.883737,529.548149321209,529.548149321209,0.00228314869345,529.548149321209,0.00228314869345,0.00228314869345,0.00000000984380355796606,12.639817758713,14.0693235108577,14.2619532070272,15.8062263328905,13.5798230425917,1.4830131031225,15.0093302965734,2.72303704463922,15.2019600755792,2.90409306009877,16.7462335081428,4.40430945689542,14.5198295297489,2.27417298711738,2.27417298711738,0.0000375950743722073,15.9493373703868,3.62220074684282,3.62220074684282,0.000157011892109274,16.1419671817506,3.81013723141382,3.81013723141382,0.00019036336712359,17.686240734119,5.33683949838769,5.33683949838769,0.000891457492049554,15.4598364869378,3.14943509711373,3.14943509711373,0.0000962405682822498,3.14943509711373,0.0000962405682822498,0.0000962405682822498,0.000000000414961620534505,16.8893445567384,4.5457891350972,4.5457891350972,0.000401901227832275,4.5457891350972,0.000401901227832275,0.000401901227832275,0.00000000173314673573534,17.081974380742,4.73655791444652,4.73655791444652,0.000487257878287354,4.73655791444652,0.000487257878287354,0.000487257878287354,0.000000002101325999883,18.6262479799091,6.2739107160866,6.2739107160866,0.00228054626986576,6.2739107160866,0.00228054626986576,0.00228054626986576,0.00000000984380350161896,"William R. Timmons IV","Republican"
"South Carolina","SC","4505",719126.952780782,1023099.30439186,1262127.58403743,9500904.21355903,1840964.9991188,7.93732701702964,2619134.21924316,11.2924063247136,3231046.61513583,13.9306687546344,24322314.7867111,104.865745066131,4712870.39774413,20.3195571635959,20.3195571635959,0.0000876078416080086,6704983.60126249,28.9085601912669,28.9085601912669,0.000124639358129786,8271479.33474772,35.662512011864,35.662512011864,0.00015375904496957,62265125.8539805,268.456307369294,268.456307369294,0.00115745030589623,12064948.218225,52.0180663388055,52.0180663388055,0.000224276074516502,52.0180663388055,0.000224276074516502,0.000224276074516502,0.000000000966967077801737,17164758.019232,74.0059140896432,74.0059140896432,0.000319076756812253,74.0059140896432,0.000319076756812253,0.000319076756812253,0.00000000137570055028985,21174987.0969541,91.2960307503717,91.2960307503717,0.000393623155122099,91.2960307503717,0.000393623155122099,0.000393623155122099,0.00000000169710760670332,159398722.18619,687.248146865394,687.248146865394,0.00296307278309435,687.248146865394,0.00296307278309435,0.00296307278309435,0.0000000127752986427974,13.4857945802316,13.8383480893862,14.0483102059876,16.0668976376692,14.4258009913422,2.19023655309488,14.7783547522614,2.50898169975132,14.9883169816636,2.70341740322271,17.006904832022,4.66217173537224,15.3658079188254,3.05962482814365,3.05962482814365,0.0000876040042652697,15.7183617780901,3.39814473344463,3.39814473344463,0.000124631591290351,15.9283240515553,3.60175476193704,3.60175476193704,0.000153747225259236,17.9469120654593,5.59640625241615,5.59640625241615,0.00115678097671795,16.3058150480167,3.97063272978476,3.97063272978476,0.000224250928397494,3.97063272978476,0.000224250928397494,0.000224250928397494,0.000000000966967172531976,16.6583689456977,4.31756696495603,4.31756696495603,0.000319025862649637,4.31756696495603,0.000319025862649637,0.000319025862649637,0.00000000137570044150567,16.8683312363749,4.52500113679616,4.52500113679616,0.00039354570585113,4.52500113679616,0.00039354570585113,0.00039354570585113,0.00000000169710756415019,18.886919314164,6.53414945148788,6.53414945148788,0.00295869153543878,6.53414945148788,0.00295869153543878,0.00295869153543878,0.0000000127752985151747,"Ralph Norman","Republican"
"South Carolina","SC","4506",2758169.37891368,2682966.42049498,5220134.10992561,38188524.5149509,7060913.61001902,30.4431536658995,6868394.03646715,29.6131048528087,13363543.3214096,57.6169636571266,97762622.7582744,421.50388912682,18075938.8416487,77.9344733847028,77.9344733847028,0.000336014753920077,17583088.7333559,75.8095484231903,75.8095484231903,0.000326853132534419,34210670.9028085,147.499426962244,147.499426962244,0.000635944293989403,250272314.261183,1079.04995616466,1079.04995616466,0.00465232765092765,46274403.4346207,199.512251864839,199.512251864839,0.000860197770035397,199.512251864839,0.000860197770035397,0.000860197770035397,0.00000000370874568683204,45012707.1573911,194.072443963367,194.072443963367,0.000836744019288114,194.072443963367,0.000836744019288114,0.000836744019288114,0.00000000360762475865241,87579317.5111897,377.598533023345,377.598533023344,0.00162801739261287,377.598533023345,0.00162801739261287,0.00162801739261287,0.00000000701920266858176,640697124.508628,2762.36788778153,2762.36788778153,0.0119099587863748,2762.36788778153,0.0119099587863748,0.0119099587863748,0.0000000513498288626082,14.8300781116832,14.8024339863952,15.4680338426514,17.4580456492642,15.7700851492401,3.4481812699701,15.7424410177594,3.42142818044352,16.4080409844074,4.0710241368946,18.3980528917986,6.04619865178876,16.710092321429,4.3686180574558,4.3686180574558,0.000335958313605383,16.6824481875292,4.34132896085245,4.34132896085245,0.000326799727686031,17.348048197299,5.0005810993952,5.0005810993952,0.000635742167106611,19.3380601440569,6.98476257475652,6.98476257475652,0.00464153902318851,17.6500995462086,5.3008753514375,5.3008753514375,0.000859828011961721,5.3008753514375,0.000859828011961721,0.000859828011961721,0.00000000370874574807155,17.6224554113638,5.27337099707637,5.27337099707637,0.000836394144168115,5.27337099707637,0.000836394144168115,0.000836394144168115,0.00000000360762485900177,18.2880554379781,5.93647636402747,5.93647636402747,0.00162669360886477,5.93647636402747,0.00162669360886477,0.00162669360886477,0.00000000701920274993731,20.2780674001135,7.92420546400845,7.92420546400845,0.0118395933756443,7.92420546400845,0.0118395933756443,0.0118395933756443,0.0000000513498275150777,"James E. Clyburn","Democrat"
"South Carolina","SC","4507",426395.871779944,1627007.7290539,754591.858455933,7066785.81290688,1091573.43175666,4.70632265963833,4165139.78637798,17.9580147215985,1931755.15764719,8.3287691023016,18090971.6810416,77.9992875241965,2794427.98529704,12.0481860086741,12.0481860086741,0.0000519457960138418,10662757.8531276,45.9725176872921,45.9725176872921,0.00019821067041192,4945293.2035768,21.3216489018921,21.3216489018921,0.0000919283636340808,46312887.5034665,199.678176061943,199.678176061943,0.000860913152790139,7153735.64236043,30.8433561822058,30.8433561822058,0.000132981237795435,30.8433561822058,0.000132981237795435,0.000132981237795435,0.000000000573349070741151,27296660.1040067,117.689645279468,117.689645279468,0.000507419316254514,117.689645279468,0.000507419316254514,0.000507419316254514,0.00000000218774015247302,12659950.6011566,54.5834211888438,54.5834211888438,0.000235336610903247,54.5834211888438,0.000235336610903247,0.000235336610903247,0.00000000101465461902461,118560992.008874,511.176130718575,511.176130718575,0.00220393767114276,511.176130718575,0.00220393767114276,0.00220393767114276,0.0000000095022849589124,12.9631258154559,14.302253751309,13.5339336224548,15.770916452656,13.90313164482,1.74157479862304,15.2422606352634,2.94222678256808,14.4739400733912,2.23310307714209,16.7109236249167,4.3694388337453,14.843138345058,2.56864912094013,2.56864912094013,0.0000519444468776119,16.1822677474513,3.84956270063115,3.84956270063115,0.000198191029272338,15.4139470164313,3.10555701031725,3.10555701031725,0.0000919241384809494,17.6509308497242,5.30170251078635,5.30170251078635,0.000860542779619322,15.7831453854817,3.46082876315377,3.46082876315377,0.000132972396574482,3.46082876315377,0.000132972396574482,0.000132972396574482,0.000000000573349145773731,17.1222749487929,4.77651206343363,4.77651206343363,0.000507290622605755,4.77651206343363,0.000507290622605755,0.000507290622605755,0.00000000218774020881938,16.3539541516996,4.01788497673526,4.01788497673526,0.000235308923586728,4.01788497673526,0.000235308923586728,0.000235308923586728,0.00000000101465458206145,18.5909380950579,6.23866857119296,6.23866857119296,0.00220151256305128,6.23866857119296,0.00220151256305128,0.00220151256305128,0.00000000950228491373768,"Russell Fry","Republican"
"South Dakota","SD","4600",807654.92325234,748927.548874931,1421039.70976052,16315197.7598334,2067596.60352599,8.91444997017376,1917254.52511982,8.26624957456558,3637861.65698694,15.6846532269977,41766906.2651736,180.078162091616,5293047.30502653,22.8209919236448,22.8209919236448,0.0000983927863037401,4908171.58430676,21.1615989108879,21.1615989108879,0.0000912383075394341,9312925.84188656,40.1527122611142,40.1527122611142,0.000173118559011014,106923280.038844,461.000094954537,461.000094954537,0.00198760351787641,13550201.1008679,58.4217393245308,58.4217393245308,0.000251885532937575,58.4217393245308,0.000251885532937575,0.000251885532937575,0.00000000108600535411662,12564919.2558253,54.173693211873,54.173693211873,0.000233570067300951,54.173693211873,0.000233570067300951,0.000233570067300951,0.00000000100703816011965,23841090.1552296,102.790943388452,102.790943388452,0.000443183511068196,102.790943388452,0.000443183511068196,0.000443183511068196,0.00000000191078725428643,273723596.899442,1180.16024308361,1180.16024308361,0.00508826500576361,1180.16024308361,0.00508826500576361,0.00508826500576361,0.0000000219380723258648,13.6018914092497,13.5263988625884,14.1669000553392,16.6076076705791,14.5418979132426,2.29399328591698,14.4664053074171,2.22637872107654,15.1069068850075,2.81448932846909,17.5476148917205,5.19892877281234,15.4819048770079,3.17056720553053,3.17056720553053,0.0000983879460509324,15.4064122480714,3.09836101229459,3.09836101229459,0.0000912341455783131,16.0469139759899,3.71728983652122,3.71728983652122,0.000173103575722527,18.487622135622,6.13556509661102,6.13556509661102,0.00198563084749606,16.421912020372,4.08466014130802,4.08466014130802,0.000251853815102858,4.08466014130802,0.000251853815102858,0.000251853815102858,0.00000000108600528511009,16.3464193824077,4.01048626743772,4.01048626743772,0.000233542794059404,4.01048626743772,0.000233542794059404,0.000233542794059404,0.00000000100703823007562,16.9869211690481,4.64237871633229,4.64237871633229,0.000443085334261673,4.64237871633229,0.000443085334261673,0.000443085334261673,0.00000000191078730433301,19.4276293884143,7.07425249122985,7.07425249122985,0.00507536353095422,7.07425249122985,0.00507536353095422,0.00507536353095422,0.0000000219380720070674,"Dusty Johnson","Republican"
"Tennessee","TN","4701",537505.768790736,829931.802509998,571675.445523983,7104067.47539289,1376014.76810429,5.93269247374817,2124625.41442559,9.1603298873472,1463489.1405414,6.30983853571845,18186412.7370058,78.4107819699904,3522597.80634697,15.1876927327953,15.1876927327953,0.0000654817902089738,5439041.06092952,23.4504445116088,23.4504445116088,0.000101106673332976,3746532.19978597,16.1531866514392,16.1531866514392,0.0000696445206079213,46557216.6067348,200.731601843175,200.731601843175,0.00086545500172144,9017850.38424825,38.880493395956,38.880493395956,0.000167633382934973,38.880493395956,0.000167633382934973,0.000167633382934973,0.000000000722751915415406,13923945.1159796,60.0331379497186,60.0331379497186,0.000258833083732419,60.0331379497186,0.000258833083732419,0.000258833083732419,0.00000000111595974360936,9591122.43145209,41.3521578276845,41.3521578276845,0.000178289972756278,41.3521578276845,0.000178289972756278,0.000178289972756278,0.000000000768697839611977,119186474.513241,513.872900718529,513.872900718529,0.00221556480440689,513.872900718529,0.00221556480440689,0.00221556480440689,0.00000000955241538454904,13.1946966320037,13.6291000156639,13.2563284556406,15.7761782025988,14.1347027567879,1.93624826209615,14.569106539909,2.31849091085031,14.1963346481877,1.98922118538073,16.716185375312,4.37463415210697,15.0747095724246,2.78425124566195,2.78425124566195,0.0000654796463702065,15.5091135115853,3.19664839618952,3.19664839618952,0.000101101562397763,15.1363414902943,2.84218396693085,2.84218396693085,0.000069642095540839,17.6561926002963,5.30693811014502,5.30693811014502,0.000865080711480198,16.0147166579259,3.68588731703205,3.68588731703205,0.000167619334029502,3.68588731703205,0.000167619334029502,0.000167619334029502,0.000000000722751858100718,16.4491206580395,4.11141696174648,4.11141696174648,0.00025879959222871,4.11141696174648,0.00025879959222871,0.00025879959222871,0.00000000111595976841532,16.0763485861354,3.74601937204761,3.74601937204761,0.000178274080987937,3.74601937204761,0.000178274080987937,0.000178274080987937,0.000000000768697771806752,18.596199845699,6.2439200754836,6.2439200754836,0.00221311405989359,6.2439200754836,0.00221311405989359,0.00221311405989359,0.00000000955241525758018,"Diana Harshbarger","Republican"
"Tennessee","TN","4702",366743.395361898,1254888.08243812,679918.522015822,7730079.53012788,938863.092126458,4.04791149749959,3212513.49104159,13.850763125438,1740591.4163605,7.50456596475278,19789003.5971274,85.3203580550201,2403489.51584373,10.362653433599,10.362653433599,0.000044678616435397,8224034.53706647,35.4579536011212,35.4579536011212,0.000152877090667926,4455914.02588289,19.2116888697671,19.2116888697671,0.0000828312635936919,50659849.2086461,218.420116620851,218.420116620851,0.00094171909490256,6152933.16055996,26.5283927900133,26.5283927900133,0.000114377258074616,26.5283927900133,0.000114377258074616,0.000114377258074616,0.000000000493137947263514,21053528.4148902,90.7723612188702,90.7723612188702,0.000391365352109889,90.7723612188702,0.000391365352109889,0.000391365352109889,0.00000000168737308113845,11407139.9062602,49.1819235066039,49.1819235066039,0.000212048034799851,49.1819235066039,0.000212048034799851,0.000212048034799851,0.000000000914245841898424,129689213.974134,559.15549854938,559.15549854938,0.00241080088295055,559.15549854938,0.00241080088295055,0.00241080088295055,0.0000000103941764183902,12.812420413985,14.0425577461148,13.4297297201716,15.8606298383784,13.7524260108955,1.61897459289417,14.9825645190055,2.69805125284672,14.3697360824169,2.14060319159472,16.8006370180382,4.45806546893734,14.6924326203311,2.43033196291949,2.43033196291949,0.0000446776183757675,15.9225715878091,3.59615964044332,3.59615964044332,0.000152865406156446,15.309742990812,3.00626109396897,3.00626109396897,0.0000828278332739619,17.7406442457361,5.3909882328852,5.3909882328852,0.000941275955662376,15.6324396252851,3.31521793713842,3.31521793713842,0.000114370717494869,3.31521793713842,0.000114370717494869,0.000114370717494869,0.00000000049313797477799,16.8625787722037,4.51931117624679,4.51931117624679,0.000391288788666048,4.51931117624679,0.000391288788666048,0.000391288788666048,0.00000000168737312868674,16.2497501125471,3.91565487234,3.91565487234,0.00021202555579296,3.91565487234,0.00021202555579296,0.00021202555579296,0.000000000914245789766586,18.6806514921988,6.32821442116539,6.32821442116539,0.00240789956456705,6.32821442116539,0.00240789956456705,0.00240789956456705,0.0000000103941763544486,"Tim Burchett","Republican"
"Tennessee","TN","4703",342194.139812826,771609.577542512,655187.152586252,5434044.60842746,876016.997920836,3.77695034305513,1975320.51850883,8.51660130766091,1677279.11062081,7.2315947376525,13911154.1975743,59.9779898603853,2242603.51467734,9.66899287822113,9.66899287822113,0.0000416878965306277,5056820.52738261,21.8024993476119,21.8024993476119,0.0000940015520085418,4293834.52318926,18.5128825283904,18.5128825283904,0.0000798183576146341,35612554.7457902,153.543654042586,153.543654042586,0.000662004000135271,5741064.99757399,24.7526217682461,24.7526217682461,0.000106721015118407,24.7526217682461,0.000106721015118407,0.000106721015118407,0.000000000460128029044346,12945460.5500995,55.8143983298865,55.8143983298865,0.000240643973141867,55.8143983298865,0.000240643973141867,0.000240643973141867,0.00000000103753732983439,10992216.3793645,47.3929792726794,47.3929792726794,0.000204334995493463,47.3929792726794,0.000204334995493463,0.000204334995493463,0.000000000880991046017292,91168140.149223,393.071754349021,393.071754349021,0.0016947302403463,393.071754349021,0.0016947302403463,0.0016947302403463,0.00000000730683534435286,12.7431364375715,13.5562352685026,13.3926777292242,15.5081944620925,13.6831419152792,1.56380233934754,14.4962417372495,2.25303777956384,14.3326840576389,2.10797976719995,16.4482016084437,4.11051297710051,14.6231484781512,2.36734167268835,2.36734167268835,0.0000416870276143747,15.4362486872469,3.1268701504618,3.1268701504618,0.0000939971341395257,15.2726909528189,2.97107488992308,2.97107488992308,0.0000798151722991154,17.3882088231304,5.0404766068654,5.0404766068654,0.000661784972146782,15.5631554649161,3.24853643816939,3.24853643816939,0.000106715320836034,3.24853643816939,0.000106715320836034,0.000106715320836034,0.000000000460127935647149,16.3762558252328,4.03978978532686,4.03978978532686,0.00024061502302539,4.03978978532686,0.00024061502302539,0.00024061502302539,0.00000000103753738879852,16.2126980693918,3.8793547468513,3.8793547468513,0.000204314121941663,3.8793547468513,0.000204314121941663,0.000204314121941663,0.000000000880991057495234,18.3282160645107,5.97653301035364,5.97653301035364,0.00169329580547726,5.97653301035364,0.00169329580547726,0.00169329580547726,0.00000000730683533229398,"Charles J. “Chuck” Fleischmann","Republican"
"Tennessee","TN","4704",1473966.8450893,2558013.10073119,2892452.97756556,21184001.1529412,3773355.1234286,16.2688337803126,6548513.53787185,28.2339389670169,7404679.62256783,31.925302028441,54231042.9515294,233.81733090358,9659789.11597722,41.6482144776002,41.6482144776002,0.000179566422035364,16764194.6569519,72.2788837555632,72.2788837555632,0.000311630659501069,18955979.8337736,81.728773192809,81.728773192809,0.000352373890781456,138831469.955915,598.572367113164,598.572367113164,0.00258074684929309,24729060.1369017,106.619429062656,106.619429062656,0.000459690040410533,106.619429062656,0.000459690040410533,0.000459690040410533,0.00000000198195521313901,42916338.3217969,185.033942414242,185.033942414242,0.000797774488322737,185.033942414242,0.000797774488322737,0.000797774488322736,0.00000000343960748992622,48527308.3744605,209.225659373591,209.225659373591,0.000902077160400526,209.225659373591,0.000902077160400526,0.000902077160400526,0.00000000388930882451308,355408563.087143,1532.3452598097,1532.3452598097,0.00660671193419031,1532.3452598097,0.00660671193419031,0.00660671193419031,0.0000000284848615558045,14.2034685367644,14.7547417735104,14.8776158269694,16.8687568393494,15.1434753818309,2.8489033612341,15.69474879378,3.3753303277252,15.8176228747833,3.49424142081251,17.8087640690751,5.45880789657405,16.0834824788282,3.75298540852676,3.75298540852676,0.000179550301915191,16.634755959216,4.29427248765656,4.29427248765656,0.000311582112752554,16.7576300509789,4.41556746404354,4.41556746404354,0.000352311821682494,18.7487713163299,6.39621667963139,6.39621667963139,0.0025774224405529,17.023489674236,4.67860119892414,4.67860119892414,0.000459584415312581,4.67860119892414,0.000459584415312581,0.000459584415312581,0.00000000198195526460823,17.5747631813576,5.22592914316271,5.22592914316271,0.000797456435400732,5.22592914316271,0.000797456435400732,0.000797456435400732,0.00000000343960748180531,17.6976372773235,5.34818152222774,5.34818152222774,0.000901670533319775,5.34818152222774,0.000901670533319775,0.000901670533319775,0.00000000388930886739695,19.688778570432,7.33520707191559,7.33520707191559,0.00658498326377162,7.33520707191559,0.00658498326377162,0.00658498326377162,0.0000000284848611748863,"Scott DesJarlais","Republican"
"Tennessee","TN","4705",4654914.35222921,7542573.41163163,7680679.57625953,64204637.9083281,11916580.7417068,51.3783794461268,19308987.933777,83.2507688476575,19662539.7152244,84.7751085869489,164363873.04532,708.655412118488,30506446.6987694,131.528651382085,131.528651382085,0.000567086239351758,49431009.1104691,213.121968250003,213.121968250003,0.000918876109715826,50336101.6709744,217.024277982589,217.024277982589,0.000935700931743458,420771514.996019,1814.15785502333,1814.15785502333,0.00782174792172894,78096503.5488495,336.713347538137,336.713347538137,0.0014517407727405,336.713347538137,0.0014517407727405,0.0014517407727405,0.00000000625918540695355,126543383.322801,545.592238720008,545.592238720008,0.00235232284087251,545.592238720008,0.00235232284087251,0.00235232284087251,0.0000000101420481359344,128860420.277694,555.582151635428,555.582151635428,0.00239539438526325,555.582151635428,0.00239539438526325,0.00239539438526325,0.0000000103277512498564,1077175078.38981,4644.24410885973,4644.24410885973,0.0200236746796261,4644.24410885973,0.0200236746796261,0.0200236746796261,0.0000000863321432460065,15.3534342842593,15.8360741156122,15.8542187178981,17.9775860231888,16.2934414118407,3.95849390019178,16.7760812933123,4.43379769497905,16.7942258970509,4.45172885469473,18.9175932721892,6.5647795171778,17.2334486191955,4.88679885889638,4.88679885889638,0.000566925506713742,17.7160885202447,5.36654579775831,5.36654579775831,0.000918454201497831,17.7342331245507,5.38460642348087,5.38460642348087,0.000935263436515137,19.8576005269732,7.50392771538171,7.50392771538171,0.00779131663236671,18.1734558577117,5.82219745144946,5.82219745144946,0.0014506880158685,5.82219745144946,0.0014506880158685,0.0014506880158685,0.00000000625918537262134,18.6560957664084,6.30370307419815,6.30370307419815,0.00234956046065736,6.30370307419815,0.00234956046065736,0.00234956046065736,0.0000000101420480388142,18.674240370936,6.32181478180694,6.32181478180694,0.00239253000144015,6.32181478180694,0.00239253000144015,0.00239253000144015,0.0000000103277512674843,20.7976077840164,8.44359920290469,8.44359920290469,0.0198258374970426,8.44359920290469,0.0198258374970426,0.0198258374970426,0.0000000863321394854563,"Andrew Ogles","Republican"
"Tennessee","TN","4706",3018139.19225014,4892491.20457161,5000314.90090778,41548977.20375,7726436.33216036,33.3125572044937,12524777.4837033,54.00062182131,12800806.1463239,55.1907203632931,106365381.6416,458.594714068248,19779677.0103305,85.2801464435039,85.2801464435039,0.000367685648942958,32063430.3582805,138.241591862554,138.241591862554,0.000596029105655486,32770063.7345893,141.288244130031,141.288244130031,0.000609164757536816,272295377.002496,1174.00246801472,1174.00246801472,0.0050617157370689,50635973.1464461,218.31717489537,218.31717489537,0.000941275261293971,218.31717489537,0.000941275261293971,0.000941275261293971,0.00000000405831157328164,82082381.717198,353.898475168137,353.898475168137,0.00152583451047805,353.898475168137,0.00152583451047805,0.00152583451047804,0.00000000657864081573016,83891363.1605485,361.697904972878,361.697904972878,0.00155946177929425,361.697904972878,0.00155946177929425,0.00155946177929425,0.00000000672362490256045,697076165.126389,3005.44631811767,3005.44631811767,0.0129579922868964,3005.44631811767,0.0129579922868964,0.0129579922868964,0.000000055868428956811,14.9201513692689,15.4032123849086,15.4250116485841,17.5423834869958,15.8601584258562,3.53551138643029,16.3432195188469,4.00734449101056,16.3650187852083,4.02875162517528,18.4823907308209,6.13034504475147,16.8001656054788,4.45759951882485,4.45759951882485,0.00036761806913965,17.2832267286848,4.93621049538689,4.93621049538689,0.00059585155085647,17.3050259960954,4.95785488840156,4.95785488840156,0.00060897929200145,19.4223979835833,7.06902552701411,7.06902552701411,0.00504894831920336,17.7401728331622,5.39051896925359,5.39051896925359,0.000940832539528882,5.39051896925359,0.000940832539528882,0.000940832539528882,0.0000000040583114564259,18.223233968171,5.87183176313191,5.87183176313191,0.00152467160778246,5.87183176313191,0.00152467160778246,0.00152467160778246,0.00000000657864072163182,18.2450332359914,5.89357027007388,5.89357027007388,0.0015582470814596,5.89357027007388,0.0015582470814596,0.0015582470814596,0.00000000672362496749792,20.3624052398368,8.00851403504587,8.00851403504587,0.012874755785669,8.00851403504587,0.012874755785669,0.012874755785669,0.0000000558684274335474,"John W. Rose","Republican"
"Tennessee","TN","4707",6881076.41136783,10928646.0157308,11214889.3762254,93916543.9089948,17615555.6131016,75.9495294884945,27977333.8002709,120.624372295856,28710116.8031371,123.783768769474,240426352.407027,1036.59905727683,45095822.3695402,194.430795490546,194.430795490546,0.000838289053147873,71621974.5286936,308.798393077392,308.798393077392,0.00133138534918466,73497899.016031,316.886448049854,316.886448049854,0.00136625702641854,615491462.161988,2653.69358662867,2653.69358662867,0.0114414091577777,115445305.266023,497.742836455798,497.742836455798,0.00214601997605855,497.742836455798,0.00214601997605855,0.00214601997605855,0.00000000925257261447568,183352254.793456,790.523886278124,790.523886278124,0.00340834649391273,790.523886278124,0.00340834649391273,0.00340834649391273,0.0000000146950978005997,188154621.481039,811.229307007625,811.229307007625,0.00349761798763146,811.229307007625,0.00349761798763146,0.00349761798763146,0.0000000150799921572461,1575658143.13469,6793.4555817694,6793.4555817694,0.0292900074439109,6793.4555817694,0.0292900074439109,0.0292900074439109,0.000000126283969290472,15.7442857981385,16.2068980661896,16.2327529511428,18.3579171257715,16.6842929680718,4.3431497457567,17.1469052689217,4.80093737951325,17.1727601552981,4.82658238954015,19.2979243777745,6.94466472444055,17.6243001919703,5.27520632949651,5.27520632949651,0.000837937885119503,18.0869125056321,5.73592174100157,5.73592174100157,0.00133049984159149,18.1127673925644,5.76169423740713,5.76169423740713,0.00136532454652896,20.2379316337314,7.8840845170831,7.8840845170831,0.011376451239883,18.5643074369489,6.21209060510503,6.21209060510503,0.00214372056432444,6.21209060510503,0.00214372056432444,0.00214372056432444,0.00000000925257266520223,19.0269197556154,6.67396005735986,6.67396005735986,0.00340255124541139,6.67396005735986,0.00340255124541139,0.00340255124541139,0.0000000146950976972999,19.0527746427649,6.69978269808757,6.69978269808757,0.00349151554703532,6.69978269808757,0.00349151554703532,0.00349151554703532,0.0000000150799920301929,21.1779388912328,8.82386220295886,8.82386220295886,0.0288692513947429,8.82386220295886,0.0288692513947429,0.0288692513947429,0.000000126283961307895,"Mark E. Green","Republican"
"Tennessee","TN","4708",1366398.20289517,4840099.89175774,4898523.26688252,22543364.3354376,3497979.39941164,15.0815503853973,12390655.7228998,53.4223553816402,12540219.5632192,54.0672004010221,57711012.6987204,248.82123261059,8954827.2624938,38.6087689866171,38.6087689866171,0.000166461842196032,31720078.6506235,136.761229776999,136.761229776999,0.000589646519358471,32102962.0818412,138.412033026616,138.412033026616,0.00059676396332903,147740192.508724,636.98235548311,636.98235548311,0.00274635164816678,22924357.7919841,98.8384486057398,98.8384486057398,0.000426142316021842,98.8384486057398,0.000426142316021842,0.000426142316021842,0.00000000183731408238548,81203401.3455961,350.108748229117,350.108748229117,0.00150949508955768,350.108748229117,0.00150949508955768,0.00150949508955768,0.00000000650819334542199,82183582.9295136,354.334804548138,354.334804548138,0.00152771574612232,354.334804548138,0.00152771574612232,0.00152771574612232,0.00000000658675176977428,378214892.822334,1630.67483003676,1630.67483003676,0.00703066021930695,1630.67483003676,0.00703066021930695,0.00703066021930695,0.000000030312716066287,14.127689518655,15.39244612388,15.4044445476961,16.9309513604637,15.067696331175,2.77767267610532,16.3324532564702,3.99677501396277,16.3444516817878,4.0085542648843,17.870958591924,5.52074559252043,16.0077034154587,3.67905053280241,3.67905053280241,0.000166447988960812,17.2724604657815,4.92552196759224,4.92552196759224,0.000589472746156036,17.2844588916857,4.9374338147346,4.9374338147346,0.000596585970524726,18.8109658398564,6.45831062697977,6.45831062697977,0.00274258731502567,16.9477106059003,4.6035533656957,4.6035533656957,0.000426051543172327,4.6035533656957,0.000426051543172327,0.000426051543172327,0.00000000183731407696864,18.2124677050619,5.8610959994949,5.8610959994949,0.00150835694704814,5.8610959994949,0.00150835694704814,0.00150835694704814,0.00000000650819329642204,18.2244661311952,5.87306045642848,5.87306045642848,0.00152654997558159,5.87306045642848,0.00152654997558159,0.00152654997558159,0.00000000658675178895174,19.7509730942232,7.39736226937087,7.39736226937087,0.00700606036260113,7.39736226937087,0.00700606036260113,0.00700606036260113,0.0000000303127156555471,"David Kustoff","Republican"
"Tennessee","TN","4709",2959446.73840883,13938587.2759119,14109813.5891083,53961716.0223807,7576183.65032661,32.6647422425194,35682783.4263344,153.846445243788,36121122.7881172,155.736346931529,138141993.017295,595.59968488664,19395030.1448361,83.6217401408497,83.6217401408497,0.000360535424382702,91347925.5714159,393.846899824098,393.846899824098,0.00169807228276665,92470074.3375799,398.685048144714,398.685048144714,0.00171893197613182,353643502.124274,1524.7351933098,1524.7351933098,0.00657390110592362,49651277.1707805,214.071654760575,214.071654760575,0.000922970686419718,214.071654760575,0.000922970686419718,0.000922970686419718,0.00000000397939133484463,233850689.462825,1008.24806354969,1008.24806354969,0.00434706504388264,1008.24806354969,0.00434706504388264,0.00434706504388264,0.000000018742386104087,236723390.304205,1020.63372325047,1020.63372325047,0.00440046585889746,1020.63372325047,0.00440046585889746,0.00440046585889746,0.0000000189726239043447,905327365.438142,3903.32209487308,3903.32209487308,0.0168291868311645,3903.32209487308,0.0168291868311645,0.0168291868311645,0.0000000725590977414455,14.9005132340311,16.450171686713,16.4623811833535,17.8037854090789,15.8405202866142,3.51645106542611,17.3901789014859,5.04243395002906,17.4023883986569,5.05456507480424,18.7437926562777,6.39124634389854,16.7805274646727,4.43819120925975,4.43819120925975,0.0003604704471039,18.3301861428998,5.97849809438458,5.97849809438458,0.00169663218805402,18.342395640278,5.99067685732361,5.99067685732361,0.00171745630337447,19.6837999103579,7.33023166684518,7.33023166684518,0.00655238725320291,17.720534691745,5.37097125055906,5.37097125055906,0.000922545010879677,5.37097125055906,0.000922545010879677,0.000922545010879677,0.00000000397939125303759,19.2701933947203,6.9169608410289,6.9169608410289,0.00433764384979592,6.9169608410289,0.00433764384979592,0.00433764384979592,0.0000000187423859119283,19.2824028921796,6.92915831440301,6.92915831440301,0.00439081211928312,6.92915831440301,0.00439081211928312,0.00439081211928312,0.0000000189726237363888,20.6238071671262,8.26983944793943,8.26983944793943,0.0166891450751238,8.26983944793943,0.0166891450751238,0.0166891450751238,0.000000072559095208796,"Steve Cohen","Democrat"
"Texas","TX","4801",364774.666004749,1136531.27877109,572801.598479407,7204781.61218177,933823.144972157,4.0261817477589,2909520.07365398,12.544405949194,1466372.09210728,6.32226839145371,18444240.9271853,79.5224091115405,2390587.25112872,10.3070252742628,10.3070252742628,0.0000444387754323263,7448371.38855419,32.1136792299366,32.1136792299366,0.000138458240048023,3753912.55579464,16.1850070821215,16.1850070821215,0.0000697817145058328,47217256.7735945,203.577367325543,203.577367325543,0.000877724529527858,6119903.36288953,26.3859847021127,26.3859847021127,0.000113763265106755,26.3859847021127,0.000113763265106755,0.000113763265106755,0.000000000490490714440293,19067830.7546987,82.2110188286376,82.2110188286376,0.000354453094522938,82.2110188286376,0.000354453094522938,0.000354453094522938,0.0000000015282257537614,9610016.14283429,41.433618130231,41.433618130231,0.000178641189134932,41.433618130231,0.000178641189134932,0.000178641189134932,0.000000000770212110253974,120876177.340402,521.158060353391,521.158060353391,0.00224697479559132,521.158060353391,0.00224697479559132,0.00224697479559132,0.00000000968783967113362,12.8070378299266,13.9434923237817,13.2582964310698,15.7902556151607,13.7470434178694,1.61466059997951,14.8834990461026,2.60597361700378,14.1983026257125,1.99092016951023,16.7302627890729,4.38853551974205,14.687050023802,2.42542423822635,2.42542423822635,0.0000444377880592357,15.8235060951524,3.49994646679718,3.49994646679718,0.00013844865559067,15.1383094686377,2.84403732241236,2.84403732241236,0.0000697792798753113,17.6702700145256,5.32094622826654,5.32094622826654,0.000877339554604565,15.6270570273876,3.31003137530741,3.31003137530741,0.000113756794557195,3.31003137530741,0.000113756794557195,0.000113756794557195,0.000000000490490758999376,16.7635132718307,4.42137977690225,4.42137977690225,0.000354390290865065,4.42137977690225,0.000354390290865065,0.000354390290865065,0.00000000152822576698707,16.0783165647986,3.74794092850425,3.74794092850425,0.000178625234697733,3.74794092850425,0.000178625234697733,0.000178625234697733,0.000000000770212116011176,18.6102772601113,6.25797033966056,6.25797033966056,0.0022444541229444,6.25797033966056,0.0022444541229444,0.0022444541229444,0.00000000968783959468734,"Nathaniel Moran","Republican"
"Texas","TX","4802",1523764.83809098,2014148.37386656,4816493.51892849,21986931.1476121,3900837.9855129,16.8184765849907,5156219.8370984,22.2310598182667,12330223.4084569,53.1618012470648,56286543.737887,242.679629715828,9986145.24291302,43.0553000575762,43.0553000575762,0.000185633076422907,13199922.7829719,56.9115131347627,56.9115131347627,0.000245374187451044,31565371.9256498,136.094211192486,136.094211192486,0.000586770666404042,144093551.968991,621.25985207252,621.25985207252,0.00267856401985448,25564531.8218574,110.221568147395,110.221568147395,0.000475220675642642,110.221568147395,0.000475220675642642,0.000475220675642642,0.00000000204891560113034,33791802.3244081,145.693473624992,145.693473624992,0.000628157919874674,145.693473624992,0.000628157919874674,0.000628157919874674,0.00000000270830506325158,80807352.1296634,348.401180652764,348.401180652764,0.00150213290599435,348.401180652764,0.00150213290599435,0.00150213290599435,0.00000000647645126530119,368879493.040616,1590.42522130565,1590.42522130565,0.00685712389082747,1590.42522130565,0.00685712389082747,0.00685712389082747,0.0000000295645135805604,14.2366953538768,14.5157075172693,15.3875569432011,16.9059588415483,15.1767022124544,2.88023592933051,15.4557144732137,3.14549016856843,16.3275640751742,3.99197588593623,17.8459660723245,5.49585436959476,16.1167093147295,3.78544566427215,3.78544566427215,0.000185615848735397,16.3957216135226,4.05891620997185,4.05891620997185,0.000245344088128772,17.2675712842444,4.92066836242729,4.92066836242729,0.000586598583808581,18.7859733199896,6.43335777410351,6.43335777410351,0.00267498306037782,17.0567165121989,4.71152432116906,4.71152432116906,0.000475107794058398,4.71152432116906,0.000475107794058398,0.000475107794058398,0.00000000204891570166828,17.3357288258491,4.98834519625879,4.98834519625879,0.000627960711269543,4.98834519625879,0.000627960711269543,0.000627960711269543,0.00000000270830513204495,18.2075785234307,5.85622077678058,5.85622077678058,0.00150100583289524,5.85622077678058,0.00150100583289524,0.00150100583289524,0.00000000647645135422027,19.7259805742521,7.37238525931958,7.37238525931958,0.00683372074141854,7.37238525931958,0.00683372074141854,0.00683372074141854,0.0000000295645130669688,"Daniel Crenshaw","Republican"
"Texas","TX","4803",811432.254257876,941061.048120891,1558534.73267926,10481026.4675089,2077266.57090016,8.95614206824709,2409116.28318948,10.3869132606426,3989848.91565891,17.2022475208841,26831427.7568228,115.683794391338,5317802.42150441,22.9277236947126,22.9277236947126,0.0000988529607070974,6167337.68496508,26.590497947245,26.590497947245,0.000114645024676712,10214013.2240868,44.0377536534633,44.0377536534633,0.000189868928529463,68688455.0574665,296.150513641825,296.150513641825,0.00127685397286837,13613574.1990513,58.6949726584641,58.6949726584641,0.000253063579410169,58.6949726584641,0.000253063579410169,0.000253063579410169,0.00000000109108450559355,15788384.4735106,68.0716747449471,68.0716747449471,0.000293491263172383,68.0716747449471,0.000293491263172383,0.000293491263172383,0.00000000126538860519096,26147873.8536622,112.736649352866,112.736649352866,0.000486064457035425,112.736649352866,0.000486064457035425,0.000486064457035425,0.00000000209566860244047,175842444.947114,758.145314923071,758.145314923071,0.00326874617054303,758.145314923071,0.00326874617054303,0.00326874617054303,0.0000000140932105193104,13.6065574127178,13.7547643548856,14.2592573055361,16.1650772728443,14.546563920223,2.29818965401453,14.6947709658372,2.43246473639738,15.1992641730355,2.90154507661694,17.105084473195,4.75946766410856,15.4865708853603,3.17503777389858,3.17503777389858,0.0000988480750751574,15.6347779713833,3.31747143617234,3.31747143617234,0.000114638453438123,16.1392712787957,3.80750110810861,3.80750110810861,0.000189850905705838,18.0450917089753,5.69423879037192,5.69423879037192,0.0012760394880795,16.4265780292603,4.08924780677671,4.08924780677671,0.000253031564223766,4.08924780677671,0.000253031564223766,0.000253031564223766,0.00000000109108455544223,16.5747851310679,4.23514472987435,4.23514472987435,0.00029344820303666,4.23514472987435,0.00029344820303666,0.00029344820303666,0.00000000126538868192458,17.0792784776264,4.73388568261641,4.73388568261641,0.000485946365972306,4.73388568261641,0.000485946365972306,0.000485946365972306,0.00000000209566852540599,18.9850989585951,6.63219321483194,6.63219321483194,0.00326341543317202,6.63219321483194,0.00326341543317202,0.00326341543317202,0.0000000140932104992221,"Keith Self","Republican"
"Texas","TX","4804",735828.565272978,883525.932447824,1356614.21691416,9339288.32621932,1883721.12709882,8.12167021199633,2261826.38706643,9.75187235959741,3472932.39530024,14.9735601397792,23908578.1151214,103.081917962999,4822326.08537299,20.7914757427106,20.7914757427106,0.0000896425202084374,5790275.55089006,24.9647932405694,24.9647932405694,0.000107635793161618,8890706.93196861,38.3323139578349,38.3323139578349,0.000165269905374855,61205959.974711,263.889709985278,263.889709985278,0.00113776140534169,12345154.7785548,53.2261779013391,53.2261779013391,0.0002294848517336,53.2261779013391,0.0002294848517336,0.0002294848517336,0.000000000989424738947249,14823105.4102785,63.9098706958576,63.9098706958576,0.000275547630493743,63.9098706958576,0.000275547630493743,0.000275547630493743,0.0000000011880245702897,22760209.7458396,98.1307237320573,98.1307237320573,0.00042309095775963,98.1307237320573,0.00042309095775963,0.00042309095775963,0.00000000182415814059143,156687257.53526,675.557657562311,675.557657562311,0.00291266919767471,675.557657562311,0.00291266919767471,0.00291266919767471,0.000000012557983408397,13.5087538019722,13.6916770540892,14.120503344381,16.0497407180402,14.4487602323164,2.21065292459895,14.6316836228731,2.37507991239312,15.0605101536846,2.77093486410626,16.9897479112831,4.64517826181116,15.3887671673127,3.08151887234983,3.08151887234983,0.0000896385025577624,15.5716906119474,3.25674151425935,3.25674151425935,0.000107630000845183,16.000517236712,3.67204641913549,3.67204641913549,0.000165256249808647,17.9297551442869,5.57931355062085,5.57931355062085,0.00113711464535975,16.3287742994388,3.99316377895445,3.99316377895445,0.000229458524112881,3.99316377895445,0.000229458524112881,0.000229458524112881,0.000000000989424763852126,16.5116977651978,4.17299970299067,4.17299970299067,0.000275509674217657,4.17299970299067,0.000275509674217657,0.000275509674217657,0.00000000118802456690532,16.9405244266628,4.59643942085602,4.59643942085602,0.000423001480017599,4.59643942085602,0.000423001480017599,0.000423001480017599,0.00000000182415815619552,18.8697623928222,6.51701767319162,6.51701767319162,0.00290843559547664,6.51701767319162,0.00290843559547664,0.00290843559547664,0.0000000125579832410426,"Pat Fallon","Republican"
"Texas","TX","4805",1058502.35399275,1404870.49674797,2179187.49829276,14402205.3004792,2709766.02622144,11.6831656767248,3596468.4716748,15.5061863640991,5578719.99562946,24.0526707259227,36869645.5692266,158.963605513961,6937001.02712688,29.9089041324154,29.9089041324154,0.000128952344522358,9206959.28748748,39.6958370920937,39.6958370920937,0.000171148740125694,14281523.1888114,61.5748370583622,61.5748370583622,0.000265480124818493,94386292.6572202,406.946830115739,406.946830115739,0.00175455267792616,17758722.6294448,76.5667945789835,76.5667945789835,0.000330118001977237,76.5667945789835,0.000330118001977237,0.000330118001977237,0.0000000014233049173428,23569815.7759679,101.62134295576,101.62134295576,0.000438140774721777,101.62134295576,0.000438140774721777,0.000438140774721777,0.00000000188904547893419,36560699.3633572,157.631582869407,157.631582869407,0.000679629119535341,157.631582869407,0.000679629119535341,0.000679629119535341,0.00000000293022332017721,241628909.202484,1041.78388509629,1041.78388509629,0.00449165485549097,1041.78388509629,0.00449165485549097,0.00449165485549097,0.000000019365785581326,13.87236653818,14.1554563951778,14.594463116974,16.482891968121,14.8123732209764,2.54027557689714,15.0954632199106,2.80373524179493,15.5344700958316,3.22098043765311,17.4228991843013,5.07494632382187,15.7523802545869,3.43104430201878,3.43104430201878,0.000128944030883382,16.0354703089651,3.70612580446777,3.70612580446777,0.000171134095850945,16.474477245091,4.13636323337297,4.13636323337297,0.000265444891205937,18.3629064262649,6.01113684756821,6.01113684756821,0.00175301524844763,16.6923874252342,4.35113943070174,4.35113943070174,0.000330063525018514,4.35113943070174,0.000330063525018514,0.000330063525018514,0.00000000142330480633353,16.9754775012702,4.6310459321146,4.6310459321146,0.000438044819079611,4.6310459321146,0.000438044819079611,0.000438044819079611,0.00000000188904558483848,17.4144844609137,5.0665844247442,5.0665844247442,0.000679398276251349,5.0665844247442,0.000679398276251349,0.000679398276251349,0.00000000293022339296413,19.3029136783002,6.94964922844578,6.94964922844578,0.00448159747875155,6.94964922844578,0.00448159747875155,0.00448159747875155,0.0000000193657854542504,"Lance Gooden","Republican"
"Texas","TX","4806",1421933.32363272,1397365.70706844,2298571.49112514,14957070.688153,3640149.30849977,15.6945164444772,3577256.21009519,15.4233526312649,5884343.01728037,25.3703654501229,38290100.9616716,165.087903894612,9318782.2297594,40.1779620978616,40.1779620978616,0.000173227423770249,9157775.8978437,39.4837827360383,39.4837827360383,0.00017023446702968,15063918.1242377,64.9481355523146,64.9481355523146,0.000280024113044977,98022658.4618793,422.625033970206,422.625033970206,0.00182214930854767,23856082.5081841,102.855582970526,102.855582970526,0.000443462204851838,102.855582970526,0.000443462204851838,0.000443462204851838,0.000000001911988843507,23443906.2984799,101.078483804258,101.078483804258,0.000435800235595981,101.078483804258,0.000435800235595981,0.000435800235595981,0.00000000187895423632693,38563630.3980486,166.267227013925,166.267227013925,0.000716861729395142,166.267227013925,0.000716861729395142,0.000716861729395142,0.0000000030907518474964,250938005.662411,1081.92008696373,1081.92008696373,0.00466470222988203,1081.92008696373,0.00466470222988203,0.00466470222988203,0.0000000201118799397944,14.1675287023664,14.150100099905,14.6477988321801,16.52069476858,15.1075355323043,2.81508030888374,15.0901069223083,2.79870426291843,15.5878058255614,3.27224085882521,17.4607019863298,5.11251718973271,16.0475426233919,3.71790321270781,3.71790321270781,0.000173212421632562,16.0301140104527,3.70090146764983,3.70090146764983,0.000170219978786933,16.5278129804942,4.18886860813921,4.18886860813921,0.000279984913610696,18.4007092289066,6.04884871011654,6.04884871011654,0.0018204912083949,16.9875498164913,4.64300130882439,4.64300130882439,0.000443363904548925,4.64300130882439,0.000443363904548925,0.000443363904548925,0.00000000191198878768797,16.9701212024024,4.62574196647146,4.62574196647146,0.000435705302253614,4.62574196647146,0.000435705302253614,0.000435705302253614,0.00000000187895432369747,17.467820198533,5.11959269528207,5.11959269528207,0.000716604906755795,5.11959269528207,0.000716604906755795,0.000716604906755795,0.00000000309075187187904,19.3407164811814,6.98741645569466,6.98741645569466,0.00465385622228707,6.98741645569466,0.00465385622228707,0.00465385622228707,0.0000000201118797369781,"Jake Ellzey","Republican"
"Texas","TX","4807",4100924.56166783,4212448.62585837,14372421.7919602,57735633.5669443,10498366.8778697,45.2637454238892,10783868.4821974,46.4946865870949,36793399.7874182,158.634871559663,147803221.931377,637.254107058796,26875819.2073463,115.875188285156,115.875188285156,0.000499596278592701,27606703.3144254,119.026397662963,119.026397662963,0.000513182728820029,94191103.4557904,406.105271192738,406.105271192738,0.00175092429369335,378376248.144326,1631.37051407052,1631.37051407052,0.0070336596634458,68802097.1708065,296.64048201,296.64048201,0.00127896647319731,296.64048201,0.00127896647319731,0.00127896647319731,0.00000000551426841164461,70673160.4849291,304.707578017185,304.707578017185,0.00131374778577927,304.707578017185,0.00131374778577927,0.00131374778577927,0.00000000566422816219755,241129224.846824,1039.62949425341,1039.62949425341,0.00448236619185498,1039.62949425341,0.00448236619185498,0.00448236619185498,0.0000000193257374756503,968643195.249474,4176.30851602053,4176.30851602053,0.0180061687384212,4176.30851602053,0.0180061687384212,0.0180061687384212,0.0000000776336593412021,15.2267232529458,15.253554895318,16.4808218445368,17.8713851243347,16.1667303628428,3.83435861815811,16.193562009149,3.86061784345933,17.4208290606294,5.07288915463108,18.8113923722716,6.45873649097562,17.1067375632895,4.76110659860354,4.76110659860354,0.000499471521922209,17.1335692111325,4.78771169911457,4.78771169911457,0.000513051095596154,18.3608363025588,6.00907180357725,6.00907180357725,0.00174939321269624,19.7513996266402,7.39778854043695,7.39778854043695,0.00700903886145962,18.0467447991073,5.69588632196734,5.69588632196734,0.00127814929226804,5.69588632196734,0.00127814929226804,0.00127814929226804,0.00000000551426836004713,18.0735764475505,5.72262901765459,5.72262901765459,0.00131288557422661,5.72262901765459,0.00131288557422661,0.00131288557422661,0.00000000566422818154653,19.3008435545807,6.94758109196156,6.94758109196156,0.0044723503072712,6.94758109196156,0.0044723503072712,0.0044723503072712,0.0000000193257372680363,20.6914068835212,8.33742242244007,8.33742242244007,0.0178459777744322,8.33742242244007,0.0178459777744322,0.0178459777744322,0.0000000776336562654383,"Lizzie Fletcher","Democrat"
"Texas","TX","4808",1338042.48421448,1672592.48191973,4118698.97369505,18845228.3209797,3425388.75958908,14.7685755885256,4281836.75371451,18.4611541034385,10543869.3726593,45.4599295889381,48243784.5017081,208.003245206974,8768995.22454804,37.8075535066256,37.8075535066256,0.00016300739885852,10961502.0895092,47.2605545048026,47.2605545048025,0.000203764045644717,26992305.5940079,116.377419747681,116.377419747681,0.000501761651295718,123504088.324373,532.488307729852,532.488307729852,0.0022958251966874,22448627.774843,96.7873369769615,96.7873369769615,0.000417298941077811,96.7873369769615,0.000417298941077811,0.000417298941077811,0.00000000179918584045878,28061445.3491434,120.987019532294,120.987019532294,0.000521635956850477,120.987019532294,0.000521635956850477,0.000521635956850477,0.00000000224903524800593,69100302.3206601,297.926194554065,297.926194554065,0.00128450982731704,297.926194554065,0.00128450982731704,0.00128450982731704,0.00000000553816860227318,316170466.110394,1363.17006778842,1363.17006778842,0.00587731250351975,1363.17006778842,0.00587731250351975,0.00587731250351975,0.0000000253400533655138,14.1067190185551,14.329885962947,15.2310481311671,16.7517703534064,15.0467258216241,2.75801907276901,15.269892857109,2.96842038144527,16.1710552417053,3.83859021182106,17.691777579562,5.34234977915036,15.9867329022161,3.65861490568774,3.65861490568774,0.000162994114596111,16.2098999732843,3.87661455007706,3.87661455007705,0.000203743288571206,17.1110624424025,4.76539455284463,4.76539455284463,0.000501635811011111,18.6317848254224,6.27943715434392,6.27943715434392,0.00229319381670987,16.9267400912156,4.5827950898945,4.5827950898945,0.000417211896089682,4.5827950898945,0.000417211896089682,0.000417211896089682,0.00000000179918590974787,17.1499071761835,4.80391464179639,4.80391464179639,0.000521499952109355,4.80391464179639,0.000521499952109355,0.000521499952109355,0.00000000224903517778375,18.0510696783181,5.70019670196414,5.70019670196414,0.00128368555035459,5.70019670196414,0.00128368555035459,0.00128368555035459,0.00000000553816857505537,19.5717920789798,7.21830151376045,7.21830151376045,0.00586010847843017,7.21830151376045,0.00586010847843017,0.00586010847843017,0.0000000253400530678856,"Morgan Luttrell","Republican"
"Texas","TX","4809",5919727.98300856,6267757.26281879,21686657.3472304,84130165.8019611,15154503.6365019,65.3386953045044,16045458.5928161,69.1800507072927,55517842.8089099,239.365372978462,215373224.453021,928.582408690015,38795529.3094449,167.267059979531,167.267059979531,0.000721172512714878,41076373.9976092,177.100929810669,177.100929810669,0.000763571276803281,142125677.590809,612.775354824862,612.775354824862,0.00264198308036785,551355454.599733,2377.17096624644,2377.17096624644,0.0102491809151819,99316555.0321789,428.2036735476,428.2036735476,0.00184620163255009,428.2036735476,0.00184620163255009,0.00184620163255009,0.00000000795990478033982,105155517.43388,453.378380315313,453.378380315313,0.0019547424686164,453.378380315313,0.0019547424686164,0.0019547424686164,0.00000000842787897375061,363841734.632472,1568.70490835165,1568.70490835165,0.00676347668574171,1568.70490835165,0.00676347668574171,0.00676347668574171,0.0000000291607533290878,1411469963.77532,6085.55767359089,6085.55767359089,0.0262379031428657,6085.55767359089,0.0262379031428657,0.0262379031428657,0.000000113124810947389,15.5938012259151,15.6509293148379,16.8922078067214,18.2478757621942,16.5338083814668,4.19477336652576,16.5909364761057,4.25106409268676,17.8322150371138,5.48216015309532,19.1878830134425,6.83473546239236,17.4738155997475,5.12555235999395,5.12555235999395,0.000720912592775663,17.5309436966191,5.18235041100444,5.18235041100444,0.000763279904568765,18.7722222846291,6.41962898957904,6.41962898957904,0.00263849917799441,20.1278902691046,7.77408696963968,7.77408696963968,0.0101970142017366,18.4138228425316,6.0619315697777,6.0619315697777,0.0018444994969843,6.0619315697777,0.0018444994969843,0.0018444994969843,0.00000000795990470366398,18.4709509402754,6.11893028774361,6.11893028774361,0.00195283444561485,6.11893028774361,0.00195283444561485,0.00195283444561485,0.0000000084278790257867,19.712229538833,7.3586429242124,7.3586429242124,0.00674070698785784,7.3586429242124,0.00674070698785784,0.00674070698785784,0.0000000291607529423883,21.0678975264908,8.71383795846251,8.71383795846251,0.0258995942781132,8.71383795846251,0.0258995942781132,0.0258995942781132,0.000000113124804453517,"Al Green","Democrat"
"Texas","TX","4810",1888945.2954479,4482361.18644779,3162928.13955918,32388862.1425299,4835699.95634662,20.8491372340763,11474844.6373063,49.4738326907386,8097096.0372715,34.9106578163528,82915487.0848765,357.490411867679,12379391.8882473,53.3737913192353,53.3737913192353,0.000230121287499899,29375602.2715042,126.653011688291,126.653011688291,0.000546064901800323,20728565.855415,89.3712840098631,89.3712840098631,0.000385324602834743,212263646.937284,915.175454381259,915.175454381259,0.0039457821647124,31691243.2339132,136.636905777242,136.636905777242,0.000589110495999741,136.636905777242,0.000589110495999741,0.000589110495999741,0.00000000253995195897406,75201541.8150509,324.231709922024,324.231709922024,0.00139792614860883,324.231709922024,0.00139792614860883,0.00139792614860883,0.00000000602716346724471,53065128.5898625,228.79048706525,228.79048706525,0.000986430983256943,228.79048706525,0.000986430983256943,0.000986430983256943,0.00000000425300062607827,543394936.159447,2342.84916321602,2342.84916321602,0.0101012023416637,2342.84916321602,0.0101012023416637,0.0101012023416637,0.0000000435513691402867,14.4515297159302,15.3156607391919,14.9670090991153,17.293325191505,15.3915366518211,3.08416143490738,16.2556678617338,3.92145503744785,15.9070161649451,3.58103412654286,18.2333324311821,5.88190191454305,16.3315437842967,3.99588226055002,3.99588226055002,0.000230094813657901,17.19567506712,4.84931573673695,4.84931573673695,0.000545915862616068,16.8470233481782,4.50392656217702,4.50392656217702,0.00038525038437477,19.1733396823242,6.82020789041625,6.82020789041625,0.00393801798341057,17.2715509935632,4.92461910012764,4.92461910012764,0.000588937038531785,4.92461910012764,0.000588937038531785,0.000588937038531785,0.0000000025399520232556,18.1356823048672,5.78453788190528,5.78453788190528,0.00139694995950458,5.78453788190528,0.00139694995950458,0.00139694995950458,0.00000000602716341684396,17.7870305772718,5.43716796797489,5.43716796797489,0.000985944779925733,5.43716796797489,0.000985944779925733,0.000985944779925733,0.00000000425300060930432,20.1133469379449,7.75954979846253,7.75954979846253,0.0100505261717305,7.75954979846253,0.0100505261717305,0.0100505261717305,0.0000000435513682293026,"Michael T. McCaul","Republican"
"Texas","TX","4811",360414.750807498,383370.503196262,382518.708494658,3434842.26897589,922661.762067196,3.97805940642086,981428.48818243,4.23143235111026,979247.893746324,4.22203071059065,8793196.20857828,37.9118961337119,2362014.11089202,10.1838320804374,10.1838320804374,0.0000439076275473137,2512456.92974702,10.8324668188422,10.8324668188422,0.000046704218485104,2506874.60799059,10.8083986191121,10.8083986191121,0.0000466004483579906,22510582.2939604,97.0544541023023,97.0544541023023,0.000418450617495718,6046756.12388357,26.0706101259198,26.0706101259198,0.000112403526521123,26.0706101259198,0.000112403526521123,0.000112403526521123,0.000000000484628196784062,6431889.74015238,27.7311150562362,27.7311150562362,0.000119562799321866,27.7311150562362,0.000119562799321866,0.000119562799321866,0.000000000515495426443954,6417598.99645591,27.6695004649269,27.6695004649269,0.000119297147796456,27.6695004649269,0.000119297147796456,0.000119297147796456,0.000000000514350068965261,57627090.6725386,248.459402501894,248.459402501894,0.00107123358078904,248.459402501894,0.00107123358078904,0.00107123358078904,0.00000000461862732122347,12.7950135074447,12.8567597802697,12.8545354563976,15.0494818549341,13.735019075179,1.60504013766705,13.7967654492442,1.65468511268592,13.7945411218326,1.6528863512613,15.9894889360157,3.66130001707903,14.6750256732177,2.4144691711117,2.4144691711117,0.000043906663635694,14.73677208683,2.47084717855535,2.47084717855535,0.0000467031278770169,14.7345477580357,2.46881102568195,2.46881102568195,0.0000465993625907519,16.9294961252065,4.58552297845712,4.58552297845712,0.000418363091452183,15.6150326737197,3.29844864219452,3.29844864219452,0.000112397209718161,3.29844864219452,0.000112397209718161,0.000112397209718161,0.000000000484628115298398,15.6767791027801,3.35798068380213,3.35798068380213,0.000119555652259978,3.35798068380213,0.000119555652259978,0.000119555652259978,0.000000000515495423992011,15.6745547734457,3.3558338561274,3.3558338561274,0.0001192900324575,3.3558338561274,0.0001192900324575,0.0001192900324575,0.000000000514350117920397,17.8695033566273,5.51929618652871,5.51929618652871,0.00107066021952936,5.51929618652871,0.00107066021952936,0.00107066021952936,0.0000000046186272477578,"August Pfluger","Republican"
"Texas","TX","4812",5024106.99883238,674248.799594581,1136667.20838719,18119378.6868856,12861713.9170109,55.4533244291239,1726076.92696213,7.44198669306904,2909868.05347121,12.5459062653901,46385609.438427,199.99171693826,32925987.6275479,141.960510538557,141.960510538557,0.00061206323650279,4418756.93302305,19.0514859342567,19.0514859342567,0.0000821405480782733,7449262.2168863,32.1175200393987,32.1175200393987,0.00013847479971142,118747160.162373,511.978795361946,511.978795361946,0.00220739836255324,84290528.3265227,363.418906978707,363.418906978707,0.00156688188544714,363.418906978707,0.00156688188544714,0.00156688188544714,0.00000000675561671612822,11312017.748539,48.7718039916973,48.7718039916973,0.00021027980308038,48.7718039916973,0.00021027980308038,0.00021027980308038,0.000000000906622104670367,19070111.2752289,82.2208513008606,82.2208513008606,0.000354495487261234,82.2208513008606,0.000354495487261234,0.000354495487261234,0.00000000152840853020047,303992730.015675,1310.66571612658,1310.66571612658,0.00565093980813628,1310.66571612658,0.00565093980813628,0.00565093980813628,0.0000000243640466995288,15.429758483482,13.4213559437748,13.943611916943,16.7124926243775,16.3697656206833,4.03341418043158,14.3613622984836,2.133217671082,14.8836186393281,2.60608438104266,17.6524998492379,5.30326369794756,17.3097728317958,4.96256844204343,4.96256844204343,0.000611876002195614,15.3013692039347,2.99830326244071,2.99830326244071,0.0000821371747281076,15.8236256884029,3.50006244867608,3.50006244867608,0.000138465212961447,18.5925070945922,6.24023450973937,6.24023450973937,0.00220496563812458,18.2497800717798,5.89830404927227,5.89830404927227,0.00156565560681433,5.89830404927227,0.00156565560681433,0.00156565560681433,0.0000000067556167098707,16.2413763245198,3.90744863878173,3.90744863878173,0.00021025769738138,3.90744863878173,0.00021025769738138,0.00021025769738138,0.000000000906622110308031,16.7636328650909,4.42149793302495,4.42149793302495,0.000354432668581462,4.42149793302495,0.000354432668581462,0.000354432668581462,0.00000000152840850969665,19.532514347952,7.179053147502,7.179053147502,0.00563503314470915,7.179053147502,0.00563503314470915,0.00563503314470915,0.0000000243640464832754,"Craig A. Goldman","Republican"
"Texas","TX","4813",496276.714043612,427388.947759461,416341.697599813,4120952.05764306,1270468.38795165,5.47762888745716,1094115.70626422,4.71728368504796,1065834.74585552,4.59535022557048,10549637.2675662,45.4847978879541,3252399.07315622,14.0227299518903,14.0227299518903,0.000060459049114419,2800936.2080364,12.0762462337228,12.0762462337228,0.0000520667777720443,2728536.94939013,11.7640965774604,11.7640965774604,0.0000507209434399447,27007071.4049696,116.441082593163,116.441082593163,0.000502036133876136,8326141.62727992,35.8981886768393,35.8981886768393,0.000154775165732913,35.8981886768393,0.000154775165732913,0.000154775165732913,0.000000000667313667084992,7170396.6925732,30.9151903583303,30.9151903583303,0.000133290951096433,30.9151903583303,0.000133290951096433,0.000133290951096433,0.000000000574684400719029,6985054.59043874,30.1160872382987,30.1160872382987,0.000129845615206258,30.1160872382987,0.000129845615206258,0.000129845615206258,0.000000000559829823007385,69138102.7967222,298.089171438496,298.089171438496,0.00128521250272291,298.089171438496,0.00128521250272291,0.00128521250272291,0.0000000055411981897373,13.1148909563634,12.965452102076,12.93926399242,15.2315950192449,14.054896986963,1.86835453097244,13.9054579347608,1.74349381236401,13.8792697872724,1.72193593597471,16.171602129864,3.83912533200021,14.9949037658088,2.70956438427407,2.70956438427407,0.0000604572215397994,14.845464636296,2.57079731965153,2.57079731965153,0.0000520654223445163,14.8192764740292,2.54663627478195,2.54663627478195,0.0000507196571763831,17.1116093305929,4.76593678308975,4.76593678308975,0.000501910155898158,15.9349108369386,3.60816246249313,3.60816246249313,0.000154763189292714,3.60816246249313,0.000154763189292714,0.000154763189292714,0.000000000667313759583012,15.7854716772263,3.46308208323137,3.46308208323137,0.000133282068646957,3.46308208323137,0.000133282068646957,0.000133282068646957,0.000000000574684299982379,15.7592835091868,3.4377249599882,3.4377249599882,0.00012983718599411,3.4377249599882,0.00012983718599411,0.00012983718599411,0.000000000559829737965926,18.0516165665208,5.70074176116407,5.70074176116407,0.00128438732407865,5.70074176116407,0.00128438732407865,0.00128438732407865,0.00000000554119815162818,"Ronny Jackson","Republican"
"Texas","TX","4814",4262223.31861161,18471008.6202516,4663603.93332503,49652471.9448709,10911291.6956457,47.0440722164708,47285782.0678441,203.872814370793,11938826.0693121,51.4742902537134,127110328.178869,548.036623445081,27932906.7408531,120.432824874165,120.432824874165,0.000519246544648306,121051602.093681,521.91440478923,521.91440478923,0.0022502357772654,30563394.7374389,131.774183049506,131.774183049506,0.000568144849992533,325402440.137906,1402.97375601941,1402.97375601941,0.00604892624420708,71508241.2565838,308.308031677863,308.308031677863,0.00132927115429966,308.308031677863,0.00132927115429966,0.00132927115429966,0.00000000573115721973595,309892101.359823,1336.10087626043,1336.10087626043,0.00576060358979943,1336.10087626043,0.00576060358979943,0.00576060358979943,0.0000000248368624767984,78242290.5278435,337.341908606736,337.341908606736,0.00145445081598089,337.341908606736,0.00145445081598089,0.00145445081598089,0.0000000062708697678401,833030246.753039,3591.61281540968,3591.61281540968,0.0154852511851701,3591.61281540968,0.0154852511851701,0.0154852511851701,0.0000000667647145146019,15.2653017224968,16.7317130133914,15.3552992978769,17.7205587547654,16.2053088380171,3.87211876082305,17.6717202388919,5.32238936889626,16.2953064257023,3.96032334019766,18.660566000984,6.30816514865629,17.1453160406605,4.79936122819105,4.79936122819105,0.000519111782809074,18.6117274844963,6.25941778869996,6.25941778869996,0.00224770778840906,17.2353136331523,4.88864981339559,4.88864981339559,0.000567983516811468,19.6005732546814,7.24706189211718,7.24706189211718,0.00603070493251322,18.0853232773363,5.73433764662793,5.73433764662793,0.00132838845554284,5.73433764662793,0.00132838845554284,0.00132838845554284,0.0000000057311573100709,19.5517347379538,7.19825902396438,7.19825902396438,0.00574407475991884,7.19825902396438,0.00574407475991884,0.00574407475991884,0.0000000248368622581669,18.1753208717057,5.82405694812226,5.82405694812226,0.00145339412687025,5.82405694812226,0.00145339412687025,0.00145339412687025,0.0000000062708698037485,20.5405805113002,8.18663502049691,8.18663502049691,0.0153665782353141,8.18663502049691,0.0153665782353141,0.0153665782353141,0.0000000667647121949204,"Randy K. Weber Sr.","Republican"
"Texas","TX","4815",913316.563835088,559396.336625231,597727.22403662,5901088.91651279,2338090.40341782,10.08068493219,1432054.62176059,6.17430849831653,1530181.69353375,6.59738371064262,15106787.6262727,65.1329675599148,5985511.43274963,25.8065534264063,25.8065534264063,0.000111265045139848,3666059.83170711,15.8062297556903,15.8062297556903,0.0000681486147413292,3917265.1354464,16.8893022992451,16.8893022992451,0.0000728182857918245,38673376.3232582,166.740396953382,166.740396953382,0.000718901803240051,15322909.2678391,66.0647767716002,66.0647767716002,0.000284838515558011,66.0647767716002,0.000284838515558011,0.000284838515558011,0.00000000122808225366121,9385113.16917021,40.4639481745672,40.4639481745672,0.000174460453737803,40.4639481745672,0.000174460453737803,0.000174460453737803,0.000000000752186855002206,10028198.7467428,43.2366138860675,43.2366138860675,0.000186414811627071,43.2366138860675,0.000186414811627071,0.000186414811627071,0.000000000803728110751853,99003843.3875409,426.855416200658,426.855416200658,0.00184038861629453,426.855416200658,0.00184038861629453,0.00184038861629453,0.00000000793484194047173,13.7248389236731,13.2346152986111,13.3008914547726,15.5906476234275,14.6648455149539,2.4052034963932,14.17462146776,1.97050638045992,14.2408976937785,2.02780393942548,16.5306547786541,4.1916673753193,15.6048525128161,3.28864638846008,3.28864638846008,0.000111258855643785,15.1146283007267,2.82174963646401,2.82174963646401,0.0000681462927300074,15.1809045540331,2.8842028972769,2.8842028972769,0.0000728156346691912,17.4706619968078,5.12241752803363,5.12241752803363,0.000718643517119554,16.5448596694992,4.20565896981053,4.20565896981053,0.000284797956769698,4.20565896981053,0.000284797956769698,0.000284797956769698,0.00000000122808230176383,16.0546353929975,3.72482433099677,3.72482433099677,0.000174445237282496,3.72482433099677,0.000174445237282496,0.000174445237282496,0.000000000752186757041687,16.1209116569633,3.78955281463892,3.78955281463892,0.000186397438545103,3.78955281463892,0.000186397438545103,0.000186397438545103,0.000000000803728194785999,18.4106692395423,6.05878532589498,6.05878532589498,0.00183869717611858,6.05878532589498,0.00183869717611858,0.00183869717611858,0.00000000793484186317146,"Monica De La Cruz","Republican"
"Texas","TX","4816",386726.020209402,763298.542178128,444509.852961424,8919032.17294657,990018.611736069,4.26846869878365,1954044.26797601,8.42486867925347,1137945.22358124,4.90625480188631,22832722.3627432,98.4433621328415,2534447.64604434,10.9272798688861,10.9272798688861,0.0000471130052811814,5002353.32601859,21.5676638188889,21.5676638188889,0.0000929890578070855,2913139.77236799,12.560012292829,12.560012292829,0.0000541525368237934,58451769.2486227,252.015007060074,252.015007060074,0.00108656358224753,6488185.97387351,27.9738364643485,27.9738364643485,0.000120609293519824,27.9738364643485,0.000120609293519824,0.000120609293519824,0.000000000520007389829784,12806024.5146076,55.2132193763555,55.2132193763555,0.000238051987986139,55.2132193763555,0.000238051987986139,0.000238051987986139,0.00000000102636197679175,7457637.81726205,32.1536314696421,32.1536314696421,0.000138630494268911,32.1536314696421,0.000138630494268911,0.000138630494268911,0.000000000597705859737419,149636529.276474,645.158418073791,645.158418073791,0.00278160277055367,645.158418073791,0.00278160277055367,0.00278160277055367,0.0000000119928900505595,12.8654743489826,13.5454058179935,13.0047297497492,16.0036981099986,13.805480031749,1.66173975083901,14.4854122781415,2.2433518000013,13.9447356373508,1.77601192527737,16.9437053001671,4.59958825729904,14.7454866747221,2.47882820247476,2.47882820247476,0.0000471118954984863,15.4254192247799,3.11651807722615,3.11651807722615,0.000092984734592761,14.884742360338,2.60712518906265,2.60712518906265,0.0000541510706281468,17.8837125319699,5.53344880341135,5.53344880341135,0.00108597369929654,15.6854936927767,3.3663932318828,3.3663932318828,0.000120602020803682,3.3663932318828,0.000120602020803682,0.000120602020803682,0.000000000520007370361752,16.3654263614537,4.02915194945956,4.02915194945956,0.000238023658107507,4.02915194945956,0.000238023658107507,0.000238023658107507,0.00000000102636188384418,15.824749409648,3.50115225722762,3.50115225722762,0.000138620885950011,3.50115225722762,0.000138620885950011,0.000138620885950011,0.000000000597705884607511,18.8237197800361,6.47104470293523,6.47104470293523,0.00277774127267842,6.47104470293523,0.00277774127267842,0.00277774127267842,0.000000011992889942497,"Veronica Escobar","Democrat"
"Texas","TX","4817",1581989.63362429,1388383.11860313,1358980.94888636,13256834.4865994,4049893.46207818,17.4611297922728,3554260.78362401,15.3242077698009,3478991.22914909,14.9996828230585,33937496.2856945,146.321633647421,10367727.2629201,44.7004922682184,44.7004922682184,0.000192726328379347,9098907.60607748,39.2299718906903,39.2299718906903,0.000169140160684388,8906217.54662167,38.3991880270298,38.3991880270298,0.00016555823315752,86879990.4913779,374.583382137397,374.583382137397,0.00161501755904792,26541381.7930755,114.433260206639,114.433260206639,0.000493379400651129,114.433260206639,0.000493379400651129,0.000493379400651129,0.00000000212720700736222,23293203.4715583,100.428728040167,100.428728040167,0.000432998811352034,100.428728040167,0.000432998811352034,0.000432998811352034,0.00000000186687588592467,22799916.9193515,98.3019213491962,98.3019213491962,0.000423829076883252,98.3019213491963,0.000423829076883252,0.000423829076883252,0.0000000018273405437683,222412775.657927,958.933458271738,958.933458271738,0.00413444495116267,958.933458271738,0.00413444495116267,0.00413444495116267,0.0000000178256738324701,14.2741945067007,14.1436511242722,14.1222464104007,16.4000238631543,15.2142013799971,2.91566742938355,15.0836579438541,2.79264914533568,15.0622532204866,2.77256889848445,17.3400310756789,4.99261818062359,16.1542084880216,3.82210906957559,3.82210906957559,0.000192707759046414,16.0236650308964,3.69461228724632,3.69461228724632,0.000169125858100238,16.0022603038196,3.67374520764051,3.67374520764051,0.000165544529905601,18.2800383162146,5.92848050284468,5.92848050284468,0.00161371482063157,17.094215687737,4.74869252924286,4.74869252924286,0.00049325772905323,4.74869252924286,0.00049325772905323,0.00049325772905323,0.00000000212720707488913,16.9636722224156,4.61935636503684,4.61935636503684,0.000432905094418647,4.61935636503684,0.000432905094418647,0.000432905094418647,0.00000000186687598539059,16.9422674938897,4.59816491979844,4.59816491979844,0.000423739286709565,4.59816491979844,0.000423739286709565,0.000423739286709565,0.0000000018273404994675,19.220045567692,6.86686396775926,6.86686396775926,0.00412592161839264,6.86686396775926,0.00412592161839264,0.00412592161839264,0.0000000178256736670335,"Pete Sessions","Republican"
"Texas","TX","4818",2405185.40215375,2631369.48514025,8079415.39946138,34545871.8363365,6157274.62951361,26.5471110485549,6736305.88195903,29.0436063137769,20683303.4226211,89.1761348729466,88437431.9010217,381.298296209161,15762623.0515548,67.9606042843005,67.9606042843005,0.000293012382493768,17244943.0578151,74.3516321632689,74.3516321632689,0.000320567321492939,52949256.7619101,228.290905274743,228.290905274743,0.000984277034624078,226399825.666615,976.123638295451,976.123638295451,0.00420856047231334,40352315.0119804,173.979146967809,173.979146967809,0.000750111699184047,173.979146967809,0.000750111699184047,0.000750111699184047,0.00000000323410920825406,44147054.2280067,190.340178337968,190.340178337968,0.000820652343021922,190.340178337968,0.000820652343021922,0.000820652343021922,0.00000000353824544028511,135550097.31049,584.424717503343,584.424717503343,0.00251974920863764,584.424717503343,0.00251974920863764,0.00251974920863764,0.0000000108639075047227,579583553.706535,2498.87651403635,2498.87651403635,0.0107739148091221,2498.87651403635,0.0107739148091221,0.0107739148091221,0.0000000464517712909013,14.6931379646116,14.7830153654415,15.9048302000993,17.3577986462333,15.6331449697443,3.31589766797909,15.7230223923521,3.4026498700825,16.8448373831676,4.50176481193854,18.2978058870852,5.94620118400701,16.5731521292675,4.23353538914043,4.23353538914043,0.000292969462749455,16.6630295603823,4.32216558592973,4.32216558592973,0.000320515950767412,17.7848446121969,5.43499152608007,5.43499152608007,0.000983792951605384,19.2378131386862,6.88461319295677,6.88461319295677,0.00419972925083817,17.5131593490995,5.16466680663943,5.16466680663943,0.000749830506012265,5.16466680663943,0.000749830506012265,0.000749830506012265,0.0000000032341091974358,17.6030367835374,5.25405288229708,5.25405288229708,0.000820315792002814,5.25405288229708,0.000820315792002814,0.000820315792002814,0.0000000035382454681286,18.7248518591797,6.37233759663826,6.37233759663826,0.00251657996328644,6.37233759663826,0.00251657996328644,0.00251657996328644,0.0000000108639074923272,20.1778203944861,7.82399661525089,7.82399661525089,0.0107162897180249,7.82399661525089,0.0107162897180249,0.0107162897180249,0.0000000464517702394619,"Sylvester Turner","Democrat"
"Texas","TX","4819",663136.064971772,768600.64154546,361592.901339927,4279512.94795468,1697628.32632774,7.31933045217358,1967617.64235638,8.48339033025342,925677.827430215,3.9910631827569,10955553.146764,47.2349056174002,4345928.51539901,18.7374859575644,18.7374859575644,0.0000807867360831836,5037101.16443233,21.7174792454488,21.7174792454488,0.0000936349875414209,2369735.23822135,10.2171217478577,10.2171217478577,0.0000440511560645474,28046216.0557158,120.921358380544,120.921358380544,0.000521352858565608,11125576.9994215,47.9679640513648,47.9679640513648,0.00020681404437295,47.9679640513648,0.00020681404437295,0.00020681404437295,0.000000000891679473910873,12894978.9809468,55.5967468683489,55.5967468683489,0.000239705568106038,55.5967468683489,0.000239705568106038,0.000239705568106038,0.00000000103349139324822,6066522.20984666,26.1558316745156,26.1558316745156,0.000112770959525241,26.1558316745156,0.000112770959525241,0.000112770959525241,0.000000000486212385463332,71798313.1026324,309.558677454194,309.558677454194,0.00133466331792796,309.558677454194,0.00133466331792796,0.00133466331792796,0.00000000575440555203317,13.4047369822988,13.552328092871,12.7982770415945,15.2693499975472,14.3447433218621,2.1185817770965,14.4923345585262,2.24954188210621,13.7382826148376,1.60764894974553,16.2093571136451,3.87608294189624,15.2847502213971,2.98251966812182,2.98251966812182,0.0000807834730106266,15.4323415073159,3.12313463899385,3.12313463899385,0.000093630604059519,14.6782892150282,2.41744133847399,2.41744133847399,0.0000440501858409682,17.1493643165141,4.80337623344898,4.80337623344898,0.000521217001381763,16.2247573396711,3.89116628942345,3.89116628942345,0.000206792661296637,3.89116628942345,0.000206792661296637,0.000206792661296637,0.000000000891679396588432,16.3723486448301,4.03595150773311,4.03595150773311,0.000239676843316587,4.03595150773311,0.000239676843316587,0.000239676843316587,0.00000000103349129201177,15.6182962163708,3.30159181795634,3.30159181795634,0.000112764601358572,3.30159181795634,0.000112764601358572,0.000112764601358572,0.000000000486212403553769,18.0893715532781,5.73837286082776,5.73837286082776,0.00133377344653955,5.73837286082776,0.00133377344653955,0.00133377344653955,0.00000000575440560211765,"Jodey C. Arrington","Republican"
"Texas","TX","4820",4768230.55617924,2332051.35721289,3652210.89578427,25657752.5361756,12206670.2238189,52.6291012604071,5970051.474465,25.7398977623206,9349659.89320772,40.3110912515546,65683846.4926095,283.196133331035,31249075.7729763,134.730499226642,134.730499226642,0.000580891017505166,15283331.7746304,65.8941382715408,65.8941382715408,0.000284102807069628,23935129.3266118,103.19639360398,103.19639360398,0.000444931611087102,168150647.02108,724.982101327449,724.982101327449,0.00312576285941541,79997633.9788193,344.910078020204,344.910078020204,0.00148708100481323,344.910078020204,0.00148708100481323,0.00148708100481323,0.00000000641155494084105,39125329.3430538,168.688993975144,168.688993975144,0.000727303186098248,168.688993975144,0.000727303186098248,0.000727303186098249,0.00000000313577022450323,61273931.0761261,264.182767626188,264.182767626188,0.00113902492438298,264.182767626188,0.00113902492438298,0.00113902492438298,0.00000000491090993566019,430465656.373965,1855.95417939827,1855.95417939827,0.00800195292010346,1855.95417939827,0.00800195292010346,0.00800195292010346,0.000000034500447934718,15.377486051183,14.6622592778355,15.1108435408605,17.0603563660151,16.3174931818755,3.98209185470426,15.6022662750228,3.28615674826786,16.050850632501,3.72113101721941,18.0003636007565,5.64966461012018,17.2575003904455,4.91067129638933,4.91067129638933,0.000580722365627107,16.5422734314423,4.20311134403591,4.20311134403591,0.000284062457509306,16.9908578258163,4.64627751839383,4.64627751839383,0.000444832658368153,18.9403708499705,6.58752536070195,6.58752536070195,0.00312088781886084,18.1975076294364,5.84617885116542,5.84617885116542,0.00148597639481664,5.84617885116542,0.00148597639481664,0.00148597639481664,0.00000000641155482204624,17.4822806500619,5.13396731436291,5.13396731436291,0.000727038829306487,5.13396731436291,0.000727038829306487,0.000727038829306487,0.00000000313577030516442,17.9308650588484,5.58041927741538,5.58041927741538,0.00113837672765528,5.58041927741538,0.00113837672765528,0.00113837672765528,0.00000000491090988889848,19.880378104838,7.52669288651854,7.52669288651854,0.00797010706803759,7.52669288651854,0.00797010706803759,0.00797010706803759,0.0000000345004472367906,"Joaquin Castro","Democrat"
"Texas","TX","4821",2277591.61636337,1309612.42141436,1810156.12766659,14074877.794291,5830634.53789024,25.1388011538376,3352607.79882075,14.4547802222322,4633999.68682647,19.9795058182858,36031687.1533848,155.35074488033,14926424.416999,64.3553309538242,64.3553309538242,0.000277468233950226,8582675.96498112,37.0042373689145,37.0042373689145,0.00015954389852792,11863039.1982758,51.1475348948116,51.1475348948117,0.000220522775158343,92241119.1126651,397.697906893644,397.697906893644,0.00171467591318359,38211646.5075175,164.74964724179,164.74964724179,0.000710318678912578,164.74964724179,0.000710318678912578,0.000710318678912578,0.0000000030625414625114,21971650.4703517,94.7308476644211,94.7308476644211,0.000408432380231476,94.7308476644211,0.000408432380231476,0.000408432380231476,0.00000000176095763243341,30369380.3475859,130.937689330718,130.937689330718,0.000564538304405359,130.937689330718,0.000564538304405359,0.000564538304405359,0.0000000024340088691798,236137264.928423,1018.10664164773,1018.10664164773,0.00438957033774999,1018.10664164773,0.00438957033774999,0.00438957033774999,0.0000000189256478269017,14.6386295730911,14.0852425534703,14.4089242103397,16.4599021205349,15.5786365640303,3.26342084462858,15.0252493466526,2.73791835498683,15.348931132189,3.04354604779491,17.3999093357311,5.05210184807753,16.5186437180092,4.17983901216508,4.17983901216508,0.000277429746758865,15.9652564233826,3.63769766321792,3.63769766321792,0.000159531172753764,16.2889382591797,3.9540769108149,3.95407691081491,0.000220498463585306,18.3399165773104,5.9882040045457,5.9882040045457,0.00171320753472917,17.4586509356754,5.11047850080905,5.11047850080905,0.000710066522000552,5.11047850080905,0.000710066522000552,0.000710066522000552,0.00000000306254154899932,16.9052636108735,4.56154058366074,4.56154058366074,0.000408348994431173,4.56154058366074,0.000408348994431173,0.000408348994431173,0.000000001760957600409,17.2289454663036,4.88232976061058,4.88232976061058,0.000564379012604774,4.88232976061058,0.000564379012604774,0.000564379012604774,0.00000000243400876934961,19.2799238291956,6.9266816809832,6.9266816809832,0.00437996427460916,6.9266816809832,0.00437996427460916,0.00437996427460916,0.0000000189256477586164,"Chip Roy","Republican"
"Texas","TX","4822",2906343.6172689,3916116.40354672,9675667.02237693,40708694.6271165,7440239.66020838,32.0786192548011,10025257.9930796,43.2239348163881,24769707.5772849,106.794680643692,104214258.245418,449.320138040105,19047013.5301335,82.121265292291,82.121265292291,0.00035406612183782,25664660.4622838,110.653273129954,110.653273129954,0.000477081973181209,63410451.3978495,273.394382447852,273.394382447852,0.00117874083382692,266788501.108271,1150.25955338267,1150.25955338267,0.0049593480777912,48760354.6371416,210.230439148265,210.230439148265,0.000906409271904818,210.230439148265,0.000906409271904818,0.000906409271904818,0.00000000390798673837905,65701530.7834465,283.272379212681,283.272379212681,0.0012213298513439,283.272379212681,0.0012213298513439,0.0012213298513439,0.00000000526576791542309,162330755.578495,699.889619066501,699.889619066501,0.00301757653459691,699.889619066501,0.00301757653459691,0.00301757653459691,0.0000000130102917575703,682978562.837173,2944.66445665963,2944.66445665963,0.0126959310791455,2944.66445665963,0.0126959310791455,0.0126959310791455,0.0000000547385511452326,14.8824067042675,15.1806112626598,16.085124840737,17.5219522793644,15.8224137530883,3.49888712970762,16.1206183655444,3.7892661542021,17.0251320362484,4.68022831257923,18.4619595228867,6.10995874769353,16.7624209296772,4.42030056915214,4.42030056915214,0.00035400345522008,17.0606255632519,4.71539829384351,4.71539829384351,0.000476968205759445,17.9651392701382,5.61456642351335,5.61456642351335,0.00117804666429395,19.4019667755309,7.0486118858045,7.0486118858045,0.00494709101908935,17.7024281561755,5.35294966620217,5.35294966620217,0.00090599873108073,5.35294966620217,0.00090599873108073,0.00090599873108073,0.00000000390798681540121,18.0006327979996,5.64993286027097,5.64993286027097,0.00122058463474951,5.64993286027097,0.00122058463474951,0.00122058463474951,0.00000000526576780791852,18.9051465190197,6.55235041253414,6.55235041253414,0.00301303278896451,6.55235041253414,0.00301303278896451,0.00301303278896451,0.0000000130102916482062,20.3419740317382,7.98808969259261,7.98808969259261,0.0126160134544248,7.98808969259261,0.0126160134544248,0.0126160134544248,0.0000000547385497491142,"Troy Nehls","Republican"
"Texas","TX","4823",1865169.92985906,1041181.53053594,1618583.50393307,11501673.2157253,4774835.0204392,20.586717850547,2665424.71817201,11.491987972358,4143573.77006866,17.8650327670347,29444283.4322569,126.949130752512,12223577.6523244,52.7019976974004,52.7019976974004,0.000227224846955396,6823487.27852036,29.4194892092365,29.4194892092365,0.00012684223037345,10607548.8513758,45.7344838836087,45.7344838836087,0.000197184386836812,75377365.5865777,324.98977472643,324.98977472643,0.001401194547658,31292358.7899504,134.917114105345,134.917114105345,0.000581695608205813,134.917114105345,0.000581695608205813,0.000581695608205813,0.00000000250798264437918,17468127.4330121,75.3138923756454,75.3138923756454,0.000324716109756031,75.3138923756455,0.000324716109756031,0.000324716109756031,0.00000000140001464018327,27155325.059522,117.080278742038,117.080278742038,0.00050479203030224,117.080278742038,0.00050479203030224,0.00050479203030224,0.0000000021764125999229,192966055.901639,831.973823299662,831.973823299662,0.00358705804200447,831.973823299662,0.00358705804200447,0.00358705804200447,0.0000000154656132637415,14.4388632582593,13.8558676737597,14.2970625622509,16.2580031667133,15.378870190038,3.07207821122624,14.7958743469789,2.5250874765928,15.2370694442559,2.93731009033683,17.1980103722233,4.85163276893295,16.3188773209073,3.98345020189179,3.98345020189179,0.000227199035299898,15.7358813768484,3.41508349540932,3.41508349540932,0.000126834186577999,16.1770765556823,3.8444823051074,3.8444823051074,0.000197164948550949,18.1380176100189,5.78686601500494,5.78686601500494,0.00140021379062515,17.2588845295463,4.91204524483504,4.91204524483504,0.00058152648889636,4.91204524483504,0.00058152648889636,0.00058152648889636,0.00000000250798270725299,16.6758885460343,4.33485499741318,4.33485499741318,0.000324663400889932,4.33485499741318,0.000324663400889932,0.000324663400889932,0.00000000140001454775582,17.1170837567265,4.77136472146962,4.77136472146962,0.000504664665665331,4.77136472146962,0.000504664665665331,0.000504664665665331,0.00000000217641260332385,19.0780248604261,6.72500221706283,6.72500221706283,0.00358063989290926,6.72500221706283,0.00358063989290926,0.00358063989290926,0.0000000154656131149184,"Tony Gonzales","Republican"
"Texas","TX","4824",2198935.87985341,1392341.08429084,2318442.21107012,17088588.8392144,5629275.85242474,24.2706424788905,3564393.17578454,15.367893613954,5935212.06033951,25.5896875067601,43746787.4283888,188.614426634841,14410946.1822073,62.1328447459596,62.1328447459596,0.000267885976910519,9124846.53000843,39.3418076517223,39.3418076517223,0.000169622340958285,15194142.8744691,65.5096000173058,65.5096000173057,0.000282444869044798,111991775.816675,482.852932185192,482.852932185192,0.00208182210184333,36892022.2264507,159.060082549657,159.060082549657,0.00068578810089093,159.060082549657,0.00068578810089093,0.000685788100890929,0.00000000295677778978119,23359607.1168216,100.715027588409,100.715027588409,0.00043423319285321,100.715027588409,0.00043423319285321,0.00043423319285321,0.00000000187219792607388,38897005.758641,167.704576044303,167.704576044303,0.000723058864754682,167.704576044303,0.000723058864754682,0.000723058864754682,0.00000000311747081822155,286698946.090689,1236.10350639409,1236.10350639409,0.00532946458071892,1236.10350639409,0.00532946458071892,0.00532946458071892,0.0000000229780051348565,14.6034845651019,14.1464978398938,14.6564064886901,16.6539215378906,15.5434915464708,3.22964334564716,15.0865046607233,2.79532170955191,15.5964134843436,3.28052345290155,17.5939287607223,5.24499267677244,16.4834986967112,4.14524115307757,4.14524115307757,0.000267850101869012,16.0265117482531,3.69738834192673,3.69738834192673,0.00016960795671548,16.5364206401639,4.19734629840523,4.19734629840523,0.000282404989001903,18.5339360052842,6.18178100142059,6.18178100142059,0.00207965811305074,17.4235059129172,5.07554926068072,5.07554926068072,0.00068555305568604,5.07554926068072,0.00068555305568604,0.00068555305568604,0.00000000295677770718895,16.9665189399626,4.62217505603633,4.62217505603633,0.000434138940904303,4.62217505603633,0.000434138940904303,0.000434138940904303,0.00000000187219795047148,17.4764278585495,5.12814911452075,5.12814911452075,0.000722797583633873,5.12814911452075,0.000722797583633873,0.000722797583633873,0.00000000311747072115134,19.4739432583344,7.1205280442307,7.1205280442307,0.00531531324146764,7.1205280442307,0.00531531324146764,0.00531531324146764,0.0000000229780047902473,"Beth Van Duyne","Republican"
"Texas","TX","4825",2424761.79277288,923538.040513622,1492107.32052121,14176257.9685062,6207390.18949858,26.7631844602888,2364257.38371487,10.1935039590402,3819794.74053429,16.4690583514967,36291220.3993758,156.46972337596,15890918.8851164,68.5137522183392,68.5137522183392,0.00029539728174137,6052498.90231007,26.0953701351428,26.0953701351428,0.000112510279387278,9778674.53576779,42.1607893798315,42.1607893798315,0.000181776390514765,92905524.2224021,400.562491842457,400.562491842457,0.00172702658118525,40680752.3458979,175.395205678948,175.395205678948,0.000756217041257908,175.395205678948,0.000756217041257908,0.000756217041257908,0.00000000326043241190772,15494397.1899138,66.8041475459656,66.8041475459656,0.000288026315231433,66.8041475459656,0.000288026315231433,0.000288026315231433,0.00000000124182646307575,25033406.8115655,107.931620812369,107.931620812369,0.000465347559717797,107.931620812369,0.000465347559717797,0.000465347559717797,0.00000000200634762737199,237838142.009349,1025.43997911669,1025.43997911669,0.00442118804783424,1025.43997911669,0.00442118804783424,0.00442118804783424,0.0000000190619676942476,14.701244260156,13.7359683522418,14.2157006579961,16.4670792197545,15.6412512673342,3.3237108430468,14.6759749509072,2.41533360637673,15.1557075080888,2.86043122180583,17.4070864352604,5.05923320725306,16.5812584276564,4.24152460664151,4.24152460664151,0.000295353660554584,15.6159819516539,3.29936286956854,3.29936286956854,0.000112503950580517,16.0957146070495,3.7649324298388,3.7649324298388,0.000181759871188532,18.3470936769606,5.99536316720913,5.99536316720913,0.0017255369855801,17.5212656478005,5.17272696451257,5.17272696451257,0.000755931253220536,5.17272696451257,0.000755931253220536,0.000755931253220536,0.00000000326043236321958,16.5559891094639,4.21662336631967,4.21662336631967,0.000287984843615347,4.21662336631967,0.000287984843615347,0.000287984843615347,0.0000000012418264187025,17.0357218032242,4.69072035337747,4.69072035337747,0.000465239319120528,4.69072035337747,0.000465239319120528,0.000465239319120528,0.00000000200634753054441,19.287100928893,6.93385176335803,6.93385176335803,0.00441144330761904,6.93385176335803,0.00441144330761904,0.00441144330761904,0.0000000190619676003288,"Roger Williams","Republican"
"Texas","TX","4826",1032579.5490459,926167.001244749,1475276.11614597,10338936.8211585,2643403.6455575,11.3970440409466,2370987.52318656,10.2225209788545,3776706.85733368,16.2832847927389,26467678.2621658,114.115487175962,6767113.3326272,29.1764327448233,29.1764327448233,0.000125794291579081,6069728.05935759,26.1696537058676,26.1696537058676,0.000112830553261642,9668369.55477422,41.6852090694115,41.6852090694115,0.000179725924347037,67757256.3511443,292.135647170462,292.135647170462,0.00125954386206878,17323810.1315256,74.6916678267476,74.6916678267476,0.000322033386442449,74.6916678267476,0.000322033386442449,0.000322033386442449,0.00000000138844806925644,15538503.8319554,66.994313487021,66.994313487021,0.000288846216349804,66.994313487021,0.000288846216349804,0.000288846216349804,0.00000000124536146960833,24751026.060222,106.714135217693,106.714135217693,0.000460098366328415,106.714135217693,0.000460098366328415,0.000460098366328415,0.00000000198371571175866,173458576.258929,747.867256756384,747.867256756384,0.00322443228689608,747.867256756384,0.00322443228689608,0.00322443228689608,0.0000000139021510553506,13.8475716143782,13.7388109240026,14.2043564054629,16.1514276965415,14.7875782827218,2.51745806039843,14.6788175245409,2.41792256102881,15.1443632508963,2.84973983748307,17.0914348960932,4.74593586076801,15.7275853106867,3.40706124704358,3.40706124704358,0.000125786380140679,15.6188245260193,3.30210067789761,3.30210067789761,0.000112824188373501,16.0843703480369,3.75385246841001,3.75385246841001,0.000179709775577939,18.0314421315613,5.68063546151047,5.68063546151048,0.00125875130213812,16.6675924791287,4.32666808604657,4.32666808604657,0.000321981544820964,4.32666808604657,0.000321981544820964,0.000321981544820964,0.0000000013884480222568,16.558831684115,4.21942407648846,4.21942407648846,0.000288804508312655,4.21942407648846,0.000288804508312655,0.000288804508312655,0.00000000124536136880851,17.0243775435007,4.67948082176845,4.67948082176845,0.000459992553529925,4.67948082176845,0.000459992553529925,0.000459992553529925,0.00000000198371563423258,18.9714493810592,6.61856174051606,6.61856174051606,0.00321924495292344,6.61856174051606,0.00321924495292344,0.00321924495292344,0.0000000139021508893211,"Brandon Gill","Republican"
"Texas","TX","4827",663218.124439325,875736.654040909,983403.711518858,6875345.61293084,1697838.39856467,7.32023617935609,2241885.83434472,9.665898596963,2517513.50148827,10.8542682455476,17600884.769103,75.886276093406,4346466.30032556,18.7398046191516,18.7398046191516,0.000080796733000707,5739227.7359225,24.7447004082253,24.7447004082253,0.000106686862147039,6444834.56380999,27.7869267086019,27.7869267086019,0.000119803431455774,45058265.0089036,194.268866799119,194.268866799119,0.0008375908970298,11126953.7288334,47.9738998250281,47.9738998250281,0.00020683963648181,47.9738998250281,0.00020683963648181,0.00020683963648181,0.000000000891789814377516,14692423.0039616,63.3464330450568,63.3464330450568,0.000273118367096419,63.3464330450568,0.000273118367096419,0.000273118367096419,0.00000000117755079267617,16498776.4833536,71.1345323740208,71.1345323740208,0.000306696784526781,71.1345323740208,0.000306696784526781,0.000306696784526781,0.00000000132232425658596,115349158.422793,497.328299005745,497.328299005745,0.00214423269639629,497.328299005746,0.00214423269639629,0.00214423269639629,0.0000000092448667519758,13.4048607189968,13.6828218433765,13.7987760249988,15.7434526166723,14.3448670586739,2.11869064137205,14.6228284060257,2.3670516050043,14.7387826638317,2.47268799222616,16.6834597865319,4.34232739625993,15.2848739582533,2.98263713624367,2.98263713624367,0.0000807934691205395,15.5628353927037,3.24822879653878,3.24822879653878,0.000106681171508562,15.6787896802689,3.35992135035369,3.35992135035369,0.000119796255597818,17.6234670104016,5.27437741298427,5.27437741298427,0.000837240313524378,16.2248810765446,3.89128749956661,3.89128749956661,0.000206818248113473,3.89128749956661,0.000206818248113473,0.000206818248113473,0.000000000891789752756982,16.502842545018,4.16428150197056,4.16428150197056,0.000273081077064666,4.16428150197056,0.000273081077064666,0.000273081077064666,0.0000000011775507229034,16.6187968442079,4.27853288072643,4.27853288072643,0.000306649762682117,4.27853288072643,0.000306649762682117,0.000306649762682117,0.00000000132232424922277,18.5634742553689,6.21125909477604,6.21125909477604,0.00214193711039616,6.21125909477604,0.00214193711039616,0.00214193711039616,0.00000000924486660725958,"Michael Cloud","Republican"
"Texas","TX","4828",1372442.23879583,784485.811981054,1148644.1401589,8297604.94096674,3513452.13131733,15.1482611229948,2008283.6786715,8.65872208771432,2940528.99880679,12.6781010381839,21241868.6488748,91.5843907948349,8994437.45617236,38.7795484748666,38.7795484748666,0.000167198158555488,5141206.21739903,22.1663285445487,22.1663285445487,0.0000955702028605746,7527754.23694539,32.4559386577507,32.4559386577507,0.000139933892765224,54379183.7411196,234.456040434777,234.456040434777,0.0010108580363774,23025759.8878013,99.2756440956584,99.2756440956584,0.000428027285902049,99.2756440956584,0.000428027285902049,0.000428027285902049,0.00000000184544113660086,13161487.9165415,56.7458010740446,56.7458010740446,0.000244659719323071,56.7458010740446,0.000244659719323071,0.000244659719323071,0.00000000105485123350603,19271050.8465802,83.0872029638419,83.0872029638419,0.000358230765478974,83.0872029638419,0.000358230765478974,0.000358230765478974,0.00000000154451319526905,139210710.377266,600.20746351303,600.20746351303,0.00258779657312614,600.20746351303,0.00258779657312614,0.00258779657312614,0.0000000111572939541396,14.132103095442,13.5727850402823,13.9540936667959,15.9314775903124,15.072109909926,2.78181237346899,14.5127915219918,2.26786135041697,14.8941003947709,2.61579608956073,16.871484775364,4.52812056151279,16.0121169949769,3.68335292280501,3.68335292280501,0.000167184182501306,15.4527984770526,3.14269986859679,3.14269986859679,0.0000955656363197724,15.8341074460293,3.51022930916447,3.51022930916447,0.000139924102931335,17.811492005168,5.46152423121195,5.46152423121195,0.00101034746344147,16.9521241857182,4.60792283492802,4.60792283492802,0.0004279357083542,4.60792283492802,0.0004279357083542,0.0004279357083542,0.00000000184544113153854,16.3928056170165,4.05605063808395,4.05605063808395,0.000244629795014701,4.05605063808395,0.000244629795014701,0.000244629795014701,0.00000000105485131684944,16.7741146235703,4.4318543908804,4.4318543908804,0.000358166616158077,4.4318543908804,0.000358166616158077,0.000358166616158077,0.00000000154451318282251,18.7514992524535,6.39894007216143,6.39894007216143,0.00258445399294414,6.39894007216143,0.00258445399294414,0.00258445399294414,0.0000000111572939153613,"Henry Cuellar","Democrat"
"Texas","TX","4829",2499692.41378065,3060636.53671209,8430820.6186951,35490834.2747985,6399212.57927847,27.5902273631141,7835229.53398294,33.7816194737432,21582900.7838594,93.0547520347195,90856535.743484,391.728270866456,16381984.2029529,70.6309820495722,70.6309820495722,0.000304525725545978,20058187.6069963,86.4809458527826,86.4809458527825,0.000372862899785783,55252226.0066802,238.220165208882,238.220165208882,0.0010270870734744,232592731.503319,1002.82437341813,1002.82437341813,0.00432368078495655,41937879.5595594,180.815314046905,180.815314046905,0.000779585857397705,180.815314046905,0.000779585857397705,0.000779585857397705,0.00000000336118714423082,51348960.2739106,221.391221383124,221.391221383124,0.000954529023451605,221.391221383124,0.000954529023451605,0.000954529023451605,0.00000000411545521506812,141445698.577101,609.843622934738,609.843622934738,0.00262934290809445,609.843622934738,0.00262934290809445,0.00262934290809445,0.0000000113364211223152,595437392.648497,2567.2303959504,2567.2303959504,0.0110686228094888,2567.2303959504,0.0110686228094888,0.0110686228094888,0.0000000477224058627506,14.7316786478305,14.9341337975584,15.9474047888937,17.384785059843,15.671685662542,3.35306495884244,15.8741408569492,3.54908907120447,16.8874119751057,4.54387708115556,18.3247923011645,5.97311794999466,16.6116928258069,4.2715276905641,4.2715276905641,0.000304479366998649,16.814148037667,4.47142100796757,4.47142100796757,0.000372793403689342,17.827419205363,5.47738432123592,5.47738432123592,0.00102655998042883,19.264799552949,6.91157235807581,6.91157235807581,0.0043143605327309,17.5517000471005,5.2029914138773,5.2029914138773,0.000779282138183149,5.2029914138773,0.000779282138183149,0.000779282138183149,0.00000000336118710077218,17.7541552657781,5.40443808939919,5.40443808939919,0.000954073750314554,5.40443808939919,0.000954073750314554,0.000954073750314554,0.00000000411545530140363,18.7674264528255,6.41484099013729,6.41484099013729,0.0026258922333781,6.41484099013729,0.0026258922333781,0.0026258922333781,0.000000011336421070898,20.2048068088206,7.85097237883465,7.85097237883465,0.0110078139064524,7.85097237883465,0.0110078139064524,0.0110078139064524,0.000000047722404666148,"Sylvia R. Garcia","Democrat"
"Texas","TX","4830",2107275.50551754,2961241.52246776,5006966.88520144,29964891.7553459,5394625.2941249,23.2589457780592,7580778.29751748,32.6845520799141,12817835.2261157,55.2641413002316,76710122.8936855,330.735962506163,13810240.7529597,59.5429011918316,59.5429011918316,0.000256719426240299,19406792.4416447,83.67245332458,83.67245332458,0.000360754074451299,32813658.1788562,141.476201728593,141.476201728593,0.000609975137378823,196377914.607835,846.684064015777,846.684064015777,0.00365048129617765,35354216.3275769,152.429827051089,152.429827051089,0.000657201731175165,152.429827051089,0.000657201731175165,0.000657201731175165,0.00000000283352755701069,49681388.6506105,214.201480510925,214.201480510925,0.000923530430595327,214.201480510925,0.000923530430595327,0.000923530430595326,0.00000000398180467381078,84002964.9378718,362.179076425198,362.179076425198,0.00156153635168979,362.179076425198,0.00156153635168979,0.00156153635168979,0.00000000673256942868223,502727461.396058,2167.51120388039,2167.51120388039,0.00934523211821477,2167.51120388039,0.00934523211821477,0.00934523211821477,0.0000000402920008842235,14.5609069160307,14.901119509325,15.4263410773114,17.2155370128707,15.5009138853456,3.18878544742163,15.8411265620329,3.51703933700832,16.3663482140974,4.03005741038163,18.1555442510259,5.80433935884658,16.4409210308774,4.10335222434545,4.10335222434545,0.000256686479447089,16.7811337401401,4.43879032236823,4.43879032236823,0.000360689018345825,17.3063554250477,4.95917498034837,4.95917498034837,0.000609789178161306,19.0955515015735,6.74250800035281,6.74250800035281,0.00364383446051904,17.380928245244,5.03324330973943,5.03324330973943,0.00065698586868912,5.03324330973943,0.00065698586868912,0.00065698586868912,0.00000000283352763073465,17.7211409672315,5.37157470796157,5.37157470796157,0.00092310423874769,5.37157470796157,0.00092310423874769,0.00092310423874769,0.00000000398180465583891,18.2463626649684,5.89489603610622,5.89489603610622,0.00156031842153101,5.89489603610622,0.00156031842153101,0.00156031842153101,0.00000000673256936821333,20.0355587569619,7.68179612991201,7.68179612991201,0.0093018355940934,7.68179612991201,0.0093018355940934,0.0093018355940934,0.0000000402920000351528,"Jasmine Crockett","Democrat"
"Texas","TX","4831",1087768.67767448,1313760.70693875,1008688.28222413,11176695.1642103,2784687.81484668,12.0061912297928,3363227.40976321,14.5005667118636,2582242.00249378,11.1333454034777,28612339.6203785,123.362202104855,7128800.80600749,30.7358495482697,30.7358495482697,0.000132517722568117,8609862.16899381,37.1214507823708,37.1214507823708,0.000160049264569008,6610539.52638408,28.5013642329029,28.5013642329029,0.000122883731334549,73247589.4281689,315.807237388428,315.807237388429,0.00136160400588632,18249730.0633792,78.6837748435704,78.6837748435704,0.00033924536977438,78.6837748435704,0.00033924536977438,0.00033924536977438,0.00000000146265759544656,22041247.1526242,95.0309140028694,95.0309140028694,0.00040972611729666,95.0309140028694,0.00040972611729666,0.00040972611729666,0.00000000176653558430394,16922981.1875433,72.9634924362314,72.9634924362314,0.000314582352216444,72.9634924362314,0.000314582352216444,0.000314582352216444,0.00000000135632290919355,187513828.936112,808.466527714377,808.466527714377,0.00348570625506898,808.466527714377,0.00348570625506898,0.00348570625506898,0.0000000150286346807416,13.8996399906739,14.0884051122192,13.824162305651,16.2293414689784,14.8396466889593,2.56542549253684,15.0284119068708,2.74087658531254,14.7641689600167,2.49595748076621,17.169348672948,4.82319829253502,15.7796537286202,3.45744694247322,3.45744694247322,0.000132508942870408,15.9684189841747,3.64077713636114,3.64077713636114,0.000160036458051915,15.7041759825215,3.38443650745965,3.38443650745965,0.000122876181747272,18.1093559101418,5.75829350497108,5.75829350497108,0.00136067786374918,16.719660901631,4.37806598719899,4.37806598719899,0.00033918783907489,4.37806598719899,0.00033918783907489,0.00033918783907489,0.000000001462657549563,16.9084261718898,4.56467016049347,4.56467016049347,0.000409642202471633,4.56467016049347,0.000409642202471633,0.000409642202471633,0.00000000176653558291949,16.6441831488306,4.30357162601293,4.30357162601293,0.000314532881563003,4.30357162601293,0.000314532881563003,0.000314532881563003,0.00000000135632283090494,19.0493631603139,6.69637542292909,6.69637542292909,0.00347964526149924,6.69637542292909,0.00347964526149924,0.00347964526149924,0.0000000150286346681591,"John R. Carter","Republican"
"Texas","TX","4832",1490265.75351522,1971944.37401241,3216572.09421059,20722239.0161385,3815080.32899898,16.448732149713,5048177.59747176,21.7652353251451,8234424.56117911,35.5027502263347,53048931.8813146,228.720654899833,9766605.64223738,42.1087543032654,42.1087543032654,0.000181552041100594,12923334.6495277,55.7190024323716,55.7190024323716,0.000240232673396885,21080126.8766185,90.887040579417,90.887040579417,0.000391859792573015,135805265.616165,585.524876543573,585.524876543573,0.00252449254817817,25002510.4441277,107.798411016359,107.798411016359,0.00046477322521752,107.798411016359,0.00046477322521752,0.00046477322521752,0.00000000200387138217013,33083736.7027909,142.640646226871,142.640646226871,0.000614995643896025,142.640646226871,0.000614995643896025,0.000614995643896025,0.00000000265155586444501,53965124.8041434,232.670823883307,232.670823883307,0.00100316106898692,232.670823883307,0.00100316106898692,0.00100316106898692,0.00000000432513244907617,347661479.977383,1498.94368395155,1498.94368395155,0.00646270092333611,1498.94368395155,0.00646270092333612,0.00646270092333612,0.0000000278639575800365,14.2144656911027,14.494531112956,14.9838270943412,16.8467180783992,15.1544725406908,2.85926698983195,15.4345380624251,3.12523460588004,15.9238341633842,3.59738760641658,17.7867253074839,5.43686402685323,16.0944796394543,3.76372609256947,3.76372609256947,0.000181535562523232,16.3745452002048,4.03810929448761,4.03810929448761,0.000240203822148688,16.8638413478723,4.52056000287181,4.52056000287181,0.000391783035575761,18.7267325544883,6.37421508244309,6.37421508244309,0.00252131136964816,17.034486835552,4.68949672968614,4.68949672968614,0.000464665251596194,4.68949672968614,0.000464665251596194,0.000464665251596194,0.00000000200387128911525,17.3145524115432,4.9673146682817,4.9673146682817,0.000614806611573837,4.9673146682817,0.000614806611573837,0.000614806611573837,0.00000000265155586024871,17.8038485774562,5.45391338943493,5.45391338943493,0.00100265823917317,5.45391338943493,0.00100265823917317,0.00100265823917317,0.00000000432513246503865,19.6667398084926,7.3131828423532,7.3131828423532,0.00644190721266257,7.3131828423532,0.00644190721266257,0.00644190721266257,0.0000000278639571974942,"Julie Johnson","Democrat"
"Texas","TX","4833",2327167.26816833,1395337.1872484,2334141.66795746,17547757.000374,5957548.20651093,25.6859898789114,3572063.19935591,15.4009629473435,5975402.6699711,25.7629694604161,44922257.9209575,193.682471764896,15251323.408668,65.7561340900132,65.7561340900132,0.00028350780155946,9144481.79035113,39.4264651451995,39.4264651451995,0.000169987342036791,15297030.835126,65.9532018186652,65.9532018186652,0.000284357459759135,115000980.277651,495.827127718135,495.827127718135,0.002137760391152,39043387.92619,168.335703270434,168.335703270434,0.000725779971992218,168.335703270434,0.000725779971992218,0.000725779971992218,0.00000000312920288157042,23409873.3832989,100.931750771711,100.931750771711,0.000435167595614186,100.931750771711,0.000435167595614186,0.000435167595614186,0.00000000187622660683806,39160398.9379226,168.840196655783,168.840196655783,0.000727955096983384,168.840196655783,0.000727955096983384,0.000727955096983384,0.00000000313858094055909,294402509.510787,1269.31744695843,1269.31744695843,0.00547266660134913,1269.31744695843,0.00547266660134913,0.00547266660134913,0.0000000235954211464512,14.6601627508726,14.1486473719917,14.6631552159063,16.6804367504491,15.6001697475115,3.2841387040543,15.088654193761,2.79734004940785,15.6031622133276,3.28701919548698,17.6204439742139,5.27136988143744,16.5401769037168,4.20104618953773,4.20104618953773,0.000283467620816919,16.0286612816578,3.69948464834874,3.69948464834874,0.000169972895825747,16.5431693698385,4.20399389502151,4.20399389502151,0.000284317037839285,18.5604512191403,6.20824213403615,6.20824213403615,0.0021354786327303,17.4801841222527,5.13188315450397,5.13188315450397,0.000725516721075446,5.13188315450397,0.000725516721075446,0.000725516721075446,0.00000000312920289190512,16.9686684735107,4.62430347924895,4.62430347924895,0.000435072937656491,4.62430347924895,0.000435072937656491,0.000435072937656491,0.00000000187622650573108,17.4831765884938,5.13485797528283,5.13485797528283,0.000727690266187303,5.13485797528283,0.000727690266187303,0.000727690266187303,0.00000000313858094576474,19.5004584723329,7.14702210645326,7.14702210645326,0.00545774597381027,7.14702210645326,0.00545774597381027,0.00545774597381027,0.0000000235954208941012,"Marc A. Veasey","Democrat"
"Texas","TX","4834",388428.127275808,374624.910579243,392894.93892534,3499788.28326167,994376.005826069,4.28725561860611,959039.771082862,4.13490331921877,1005811.04364887,4.33655782407722,8959458.00514989,38.628734449736,2545602.57491474,10.9753743836316,10.9753743836316,0.0000473203649493136,2455141.81397212,10.5853524972001,10.5853524972001,0.0000456387842251346,2574876.27174111,11.1015880296377,11.1015880296377,0.0000478645355244419,22936212.4931837,98.8895601913242,98.8895601913242,0.000426362683801423,6516742.59178173,28.096958422097,28.096958422097,0.000121140134270243,28.096958422097,0.000121140134270243,0.000121140134270243,0.000000000522296111577375,6285163.04376864,27.0985023928322,27.0985023928322,0.000116835287616345,27.0985023928322,0.000116835287616345,0.000116835287616345,0.000000000503735750209011,6591683.25565724,28.4200653558725,28.4200653558725,0.000122533210942571,28.4200653558725,0.000122533210942571,0.000122533210942571,0.000000000528302366510717,58716703.9825503,253.15727408979,253.15727408979,0.00109148847053164,253.15727408979,0.00109148847053164,0.00109148847053164,0.00000000470595634902024,12.8698660055736,12.833683235258,12.8813000693398,15.0682133198649,13.8098716952448,1.66529932460094,13.7736888671254,1.63606101539778,13.8213057768468,1.67458084289403,16.0082204042387,3.67955447254497,14.7498783409152,2.4828524065771,2.4828524065771,0.0000473192453762153,14.7136954902162,2.44974158445641,2.44974158445641,0.0000456377428075169,14.7613124294844,2.49333668611002,2.49333668611002,0.0000478633900540821,16.9482275947155,4.60406517760438,4.60406517760438,0.000426271817059612,15.6898853600234,3.37063364713726,3.37063364713726,0.000121132797396681,3.37063364713726,0.000121132797396681,0.000121132797396681,0.000000000522296206148126,15.6537025005042,3.33571627929069,3.33571627929069,0.000116828462905769,3.33571627929069,0.000116828462905769,0.000116828462905769,0.000000000503735719676569,15.701319451314,3.38167693664847,3.38167693664847,0.000122525704361771,3.38167693664847,0.000122525704361771,0.000122525704361771,0.000000000528302290663588,17.8882348266387,5.5379532647298,5.5379532647298,0.00109089323008356,5.5379532647298,0.00109089323008356,0.00109089323008356,0.00000000470595628024464,"Vicente Gonzalez","Democrat"
"Texas","TX","4835",2122399.61573252,1448189.55192095,1725309.06524722,15805187.3205271,5433343.01627526,23.4258773722009,3707365.25291762,15.9843182233586,4416791.20703288,19.0430106997915,40461279.5405494,174.448947912924,13909358.1216647,59.9702460728343,59.9702460728343,0.000258561925185795,9490855.04746912,40.919854651798,40.919854651798,0.000176426096105091,11306985.4900042,48.7501073914663,48.7501073914663,0.000210186258112782,103580875.623807,446.589306657085,446.589306657085,0.00192547135385113,35607956.7914616,153.523829946456,153.523829946456,0.000661918528475636,153.523829946456,0.000661918528475636,0.000661918528475636,0.00000000285386404502909,24296588.9215209,104.754827908603,104.754827908603,0.000451650806029032,104.754827908603,0.000451650806029032,0.000451650806029032,0.0000000019472940260534,28945882.8544107,124.800274922154,124.800274922154,0.000538076820768721,124.800274922154,0.000538076820768721,0.000538076820768721,0.00000000231992009015342,265167041.596945,1143.26862504214,1143.26862504214,0.00492920666585888,1143.26862504214,0.00492920666585888,0.00492920666585888,0.0000000212522917383936,14.5680583719171,14.1858254399002,14.3609173402643,16.5758488188109,15.5080653432926,3.19564311835641,15.1258322776079,2.83229046088102,15.3009242455583,2.99788049945312,17.515856038747,5.16734810550468,16.4480724896294,4.11038597587737,4.11038597587737,0.000258528503812102,16.0658393717306,3.73575957273096,3.73575957273096,0.000176410534851574,16.240931366082,3.90701262222471,3.90701262222471,0.000210164172075938,18.4558632821778,6.10387608575267,6.10387608575267,0.0019236200099759,17.3880797043104,5.0403483235798,5.0403483235798,0.000661699557028754,5.0403483235798,0.000661699557028754,0.000661699557028754,0.00000000285386402990809,17.0058465660156,4.66112347086634,4.66112347086634,0.000451548842503871,4.66112347086634,0.000451548842503871,0.000451548842503871,0.00000000194729410184753,17.1809385706798,4.83469552965468,4.83469552965468,0.000537932109344509,4.83469552965468,0.000537932109344509,0.000537932109344509,0.00000000231992003116427,19.3958705347862,7.04252095647547,7.04252095647547,0.00491709790144759,7.04252095647547,0.00491709790144759,0.00491709790144759,0.0000000212522914784135,"Greg Casar","Democrat"
"Texas","TX","4836",2407748.26563706,5994221.34651703,5872056.68495533,31562014.152521,6163835.56003087,26.5753985233718,15345206.6470836,66.1609120000111,15032465.1134857,64.812525786714,80798756.2304539,348.36411940333,15779419.033679,68.0330202198319,68.0330202198319,0.000293324604052479,39283729.0165341,169.371934720029,169.371934720028,0.000730247687502671,38483110.6905232,165.920066013988,165.920066013988,0.000715364943532628,206844815.949962,891.812145672525,891.812145672525,0.00384505117769754,40395312.7262183,174.16453176277,174.16453176277,0.000750910986374347,174.16453176277,0.000750910986374347,0.000750910986374347,0.00000000323755533776384,100566346.282327,433.592152883273,433.592152883273,0.00186943408000684,433.592152883273,0.00186943408000684,0.00186943408000684,0.00000000806007155861015,98516763.3677396,424.755368995809,424.755368995809,0.00183133425544353,424.755368995809,0.00183133425544353,0.00183133425544353,0.00000000789580403207098,529522728.831903,2283.03909292166,2283.03909292166,0.0098433310149057,2283.03909292166,0.0098433310149057,0.0098433310149057,0.0000000424395560152282,14.6942029544234,15.6063066210184,15.5857156729604,17.2674649033776,15.6342099598258,3.31692401737863,16.5463137778495,4.20709141162892,16.5257228276765,4.18681018171503,18.2074721425618,5.8561147003928,16.5742171194543,4.23458494403746,4.23458494403746,0.000293281592801365,17.4863209966299,5.13798389848304,5.13798389848304,0.000729981186393396,17.4657300456307,5.11751505120607,5.11751505120607,0.000715109191994496,19.1474793935114,6.7943761955584,6.7943761955584,0.00383767786288941,17.5142243393274,5.16572571373125,5.16572571373125,0.000750629193778249,5.16572571373125,0.000750629193778249,0.000750629193778249,0.00000000323755532969309,18.4263282396092,6.07440801170735,6.07440801170735,0.00186768886282435,6.07440801170735,0.00186768886282435,0.00186768886282435,0.00000000806007146663398,18.4057372882873,6.05386493014046,6.05386493014046,0.00182965940735857,6.05386493014046,0.00182965940735857,0.00182965940735857,0.00000000789580397944399,20.0874866490568,7.73370068661964,7.73370068661964,0.00979520101413278,7.73370068661964,0.00979520101413278,0.00979520101413278,0.0000000424395551910645,"Brian Babin","Republican"
"Texas","TX","4837",2613959.05578168,2436788.28725718,2136698.1608551,26009637.2514887,6691735.1828011,28.8514395888454,6238178.01537838,26.8959262789916,5469947.29178906,23.5836968337949,66584671.363811,287.080042906297,17130842.0679708,73.8596853474442,73.8596853474442,0.000318446291080054,15969735.7193687,68.8535712742185,68.8535712742185,0.00029686241278646,14003065.06698,60.374263894515,60.374263894515,0.000260303849433635,170456758.691356,734.924909840121,734.924909840121,0.00316863131300935,43854955.6940053,189.080794489457,189.080794489457,0.000815222505164937,189.080794489457,0.000815222505164937,0.000815222505164937,0.00000000351483467541942,40882523.4415837,176.265142461999,176.265142461999,0.000759967776733338,176.265142461999,0.000759967776733338,0.000759967776733338,0.00000000327660372099676,35847846.5714688,154.558115569959,154.558115569959,0.000666377854550104,154.558115569959,0.000666377854550104,0.000666377854550104,0.00000000287309044495824,436369302.249872,1881.40776919071,1881.40776919071,0.00811169616130393,1881.40776919071,0.00811169616130393,0.00811169616130393,0.0000000349736063020601,14.7763768921703,14.7061918648794,14.5747727480016,17.0739777292731,15.7163839175385,3.39623306610771,15.646198873298,3.32848066666093,15.5147797212985,3.20208349290196,18.0139849643357,5.66323836827944,16.6563910849661,4.31561549925404,4.31561549925404,0.000318395597821749,16.5862060341047,4.2464012121586,4.2464012121586,0.000296818357858926,16.4547868683858,4.1169905924707,4.1169905924707,0.000260269976264609,18.9539922136753,6.60112808885026,6.60112808885026,0.00316362178026237,17.5963983078858,5.2474492159291,5.2474492159291,0.000814890391783784,5.2474492159291,0.000814890391783784,0.000814890391783784,0.0000000035148346393801,17.526213254438,5.17764659173227,5.17764659173227,0.000759679147445917,5.17764659173227,0.000759679147445917,0.000759679147445917,0.00000000327660364969881,17.39479408336,5.04701939536716,5.04701939536716,0.000666155923415487,5.04701939536716,0.000666155923415487,0.000666155923415487,0.00000000287309042810428,19.8939994685919,7.54030696468402,7.54030696468402,0.00807897319407061,7.54030696468402,0.00807897319407061,0.00807897319407061,0.0000000349736056217029,"Lloyd Doggett","Democrat"
"Texas","TX","4838",1918498.1380465,2176699.63300869,6129184.83420535,27215239.7657062,4911355.23339904,21.1753252250574,5572351.06050225,24.0252110398999,15690713.1755657,67.6505646030718,69671013.8002078,300.38681908941,12573069.3975015,54.2088325761469,54.2088325761469,0.000233721570792623,14265218.7148858,61.5045402621437,61.5045402621436,0.000265177039936323,40168225.7294482,173.185445383864,173.185445383864,0.000746689652035554,178357795.328532,768.990256868888,768.990256868888,0.00331550417558161,32187057.6576039,138.774611394936,138.774611394936,0.000598327221229116,138.774611394936,0.000598327221229116,0.000598327221229116,0.00000000257968990195867,36518959.9101076,157.451623071088,157.451623071088,0.000678853222236988,157.451623071088,0.000678853222236988,0.000678853222236988,0.00000000292687803626817,102830657.867387,443.354740182691,443.354740182691,0.00191152550921102,443.354740182691,0.00191152550921102,0.00191152550921102,0.00000000824154890248561,456595956.041041,1968.61505758435,1968.61505758435,0.00848769068948892,1968.61505758435,0.00848769068948892,0.00848769068948892,0.0000000365947080222158,14.4670537393839,14.5933208172141,15.6285724824855,17.1192876966129,15.4070606802442,3.09898019438155,15.533327795752,3.21988375832856,16.5685796415551,4.2290293565512,18.0592949327135,5.70839455295147,16.347067814661,4.01112295092019,4.01112295092019,0.000233694262161268,16.4733349448866,4.13523919829819,4.13523919829819,0.000265141886719385,17.5085868612099,5.16012050974448,5.16012050974448,0.000746411018010854,18.9993021824585,6.64637786135065,6.64637786135065,0.00331002001011827,17.2870750246858,4.94003120669018,4.94003120669018,0.00059814829486472,4.94003120669018,0.00059814829486472,0.00059814829486472,0.00000000257968979178507,17.4133421606605,5.06544932951197,5.06544932951197,0.000678622905616596,5.06544932951197,0.000678622905616596,0.000678622905616596,0.00000000292687806895613,18.4485941045308,6.09662320780552,6.09662320780552,0.00190970086918547,6.09662320780552,0.00190970086918547,0.00190970086918547,0.00000000824154896484923,19.9393094375333,7.58559340039708,7.58559340039708,0.00845187277441717,7.58559340039708,0.00845187277441717,0.00845187277441717,0.0000000365947072610176,"Wesley Hunt","Republican"
"Utah","UT","4901",3794057.8470363,7291809.31325166,10081230.4688493,79177088.6516938,9712788.08841292,41.8767197321759,18667031.8419243,80.4829729177792,25807950.0002543,111.271066472866,202693346.948336,873.913072587084,24864737.5063371,107.20440251437,107.20440251437,0.000462212155488634,47787601.5153261,206.036410669515,206.036410669515,0.000888326703485262,66068352.000651,284.853930170538,284.853930170538,0.0012281487138169,518894968.18774,2237.21746582293,2237.21746582293,0.00964577090979285,63653728.0162229,274.443270436788,274.443270436788,0.0011832631180509,274.443270436788,0.0011832631180509,0.0011832631180509,0.00000000510164306201135,122336259.879235,527.453211313958,527.453211313958,0.00227411636092227,527.453211313958,0.00227411636092227,0.00227411636092227,0.00000000980486062475793,169134981.121667,729.226061236577,729.226061236577,0.00314406070737126,729.226061236577,0.00314406070737126,0.00314406070737126,0.000000013555628709804,1328371118.56062,5727.27671250671,5727.27671250671,0.0246931735290697,5727.27671250671,0.0246931735290697,0.0246931735290697,0.000000106464703827777,15.1489469399093,15.8022624014489,16.1261859826741,18.1871975428628,16.0889540377878,3.75832901505315,16.7422695763706,4.40039407716549,17.0661931807191,4.72091618360493,19.127204793658,6.77412453580775,17.0289612335399,4.68402205425717,4.68402205425717,0.000462105368354628,17.6822768022176,5.33289467475149,5.33289467475149,0.000887932374830262,18.0062004155987,5.65548094668154,5.65548094668154,0.00122739515610938,20.067212049143,7.71343505386654,7.71343505386654,0.00959954746437617,17.9689684675237,5.61838169245959,5.61838169245959,0.00118256361399143,5.61838169245959,0.00118256361399143,0.00118256361399143,0.00000000510164309494975,18.6222840479573,6.26995427029177,6.26995427029177,0.00227153447191395,6.26995427029177,0.00227153447191395,0.00227153447191395,0.00000000980486065305598,18.9462076648667,6.59335415913049,6.59335415913049,0.00313912848394116,6.59335415913049,0.00313912848394116,0.00313912848394116,0.0000000135556285277217,21.0072193064601,8.65317001622133,8.65317001622133,0.0243932248798744,8.65317001622133,0.0243932248798744,0.0243932248798744,0.0000001064646980523,"Blake Moore","Republican"
"Utah","UT","4902",845375.44238565,1848641.1078246,2202160.19418579,18965384.6435443,2164161.13250726,9.33078827380077,4732521.23603097,20.4042818214335,5637530.09711562,24.3062306836752,48551384.6874735,209.329464481152,5540252.4992186,23.88681798093,23.88681798093,0.000102988099068509,12115254.3642393,52.2349614628698,52.2349614628698,0.000225211218600676,14432077.048616,62.2239505502086,62.2239505502086,0.000268278779903417,124291544.799932,535.883429071748,535.883429071748,0.00231046327419894,14183046.3979996,61.1502540311807,61.1502540311807,0.000263649533615383,61.1502540311807,0.000263649533615383,0.000263649533615383,0.00000000113672588408488,31015051.1724526,133.721501344947,133.721501344947,0.000576540719617732,133.721501344947,0.000576540719617732,0.000576540719617732,0.0000000024857573242457,36946117.244457,159.293313408534,159.293313408534,0.000686793676552747,159.293313408534,0.000686793676552747,0.000686793676552747,0.00000000296111333275568,318186354.687826,1371.86157842368,1371.86157842368,0.00591478598194928,1371.86157842368,0.00591478598194928,0.00591478598194928,0.0000000255016203985118,13.6475373010839,14.4299619317772,14.6049497971213,16.7581260673853,14.5875438387424,2.33512858939738,15.3699688606348,3.06359098712716,15.5449567788959,3.23105063749551,17.6981332937459,5.34867517979499,15.5275508156583,3.21433826493365,3.21433826493365,0.000102982796158426,16.309975990363,3.97471535086041,3.97471535086041,0.000225185862361195,16.4849639292949,4.14668319376597,4.14668319376597,0.000268242799586473,18.6381405396862,6.28578099286533,6.28578099286533,0.00230779825808684,16.4675579641593,4.12955490533663,4.12955490533663,0.000263614784184821,4.12955490533663,0.000263614784184821,0.000263614784184821,0.00000000113672582393373,17.2499831985563,4.90320969461947,4.90320969461947,0.000576374583869918,4.90320969461947,0.000576374583869918,0.000576374583869918,0.00000000248575737462312,17.4249711455627,5.07700534576068,5.07700534576068,0.00068655794170355,5.07700534576068,0.00068655794170355,0.00068655794170355,0.00000000296111335013189,19.5781477932749,7.22465258380555,7.22465258380555,0.00589736230645938,7.22465258380555,0.00589736230645938,0.00589736230645938,0.0000000255016200457938,"Celeste Maloy","Republican"
"Utah","UT","4903",765106.664188352,1680960.99292347,1763025.35752701,15457209.2617975,1958673.06032218,8.44482573360435,4303260.14188409,18.5535211162802,4513344.91526914,19.4593023497386,39570455.7102017,170.608157860197,5014203.03442478,21.6187538780271,21.6187538780271,0.0000932093327753189,11016345.9632233,47.4970140576772,47.4970140576772,0.00020478354183197,11554162.983089,49.8158140153309,49.8158140153309,0.000214781055939941,101300366.618116,436.756884122105,436.756884122105,0.00188307882978516,12836359.7681274,55.3440099277495,55.3440099277495,0.000238615891904816,55.3440099277495,0.000238615891904816,0.000238615891904816,0.00000000102879325050465,28201845.6658516,121.592355987654,121.592355987654,0.000524245867089844,121.592355987654,0.000524245867089844,0.000524245867089844,0.00000000226028788510923,29578657.2367078,127.528483879247,127.528483879247,0.00054983950320625,127.528483879247,0.00054983950320625,0.00054983950320625,0.00000000237063493652412,259328938.542378,1118.09762335259,1118.09762335259,0.00482068180425001,1118.09762335259,0.00482068180425,0.00482068180425001,0.0000000207843864189118,13.5477718404072,14.3348768023335,14.3825424116523,16.5535861360566,14.4877783024418,2.24546705013258,15.2748836983093,2.97315537846346,15.3225493245022,3.01843766168888,17.4935933551247,5.14521372590171,15.4277852498172,3.11877937978178,3.11877937978178,0.0000932049890552913,16.214890815193,3.8815022302271,3.8815022302271,0.000204762576544633,16.2625564479774,3.92820760565518,3.92820760565518,0.000214757993791015,18.4336005982164,6.08166369719218,6.08166369719218,0.00188130805949717,16.3677923867789,4.03147593364197,4.03147593364197,0.000238587427660759,4.03147593364197,0.000238587427660759,0.000238587427660759,0.00000000102879327226561,17.154898018369,4.80886467235484,4.80886467235484,0.000524108498233127,4.80886467235484,0.000524108498233127,0.000524108498233127,0.00000000226028795424677,17.2025636537282,4.85615054420128,4.85615054420128,0.00054968839685351,4.85615054420128,0.00054968839685351,0.00054968839685351,0.0000000023706350188102,19.3736078506924,7.02027794610855,7.02027794610855,0.00480909952579207,7.02027794610855,0.00480909952579207,0.00480909952579207,0.000000020784386218163,"Mike Kennedy","Republican"
"Utah","UT","4904",644821.962606756,1395337.81188581,1690679.96129192,13777285.7198154,1650744.22427329,7.11718948258207,3572064.79842768,15.4009698417471,4328140.70090731,18.6607937333198,35269851.4427275,152.066087555702,4225905.21413963,18.2200050754101,18.2200050754101,0.000078555615454228,9144485.88397486,39.4264827948725,39.4264827948725,0.000169987418133418,11080040.1943227,47.7716319572986,47.7716319572986,0.00020596755786436,90290819.6933825,389.289184142598,389.289184142598,0.0016784216757035,10818317.3481975,46.6432129930499,46.6432129930499,0.000201102375562824,46.6432129930499,0.000201102375562824,0.000201102375562824,0.000000000867053593907373,23409883.8629757,100.931795954874,100.931795954874,0.000435167790421551,100.931795954874,0.000435167790421551,0.000435167790421551,0.00000000187622744675069,28364902.8974661,122.295377810684,122.295377810684,0.000527276948132761,122.295377810684,0.000527276948132761,0.000527276948132761,0.00000000227335640160154,231144498.415059,996.580311405051,996.580311405051,0.00429675948980096,996.580311405051,0.00429675948980095,0.00429675948980096,0.0000000185254935321423,13.3767310815236,14.1486478196518,14.3406419414182,16.4385319042942,14.3167373949878,2.09398397142453,15.0886546414213,2.79734046977354,15.2806488394779,2.97862648691116,17.3785391185553,5.03086977293964,15.2567442843278,2.95595166761132,2.95595166761132,0.0000785525301235536,16.0286617293182,3.69948508493574,3.69948508493574,0.000169972971909276,16.2206559571757,3.88714883148113,3.88714883148113,0.00020594634945895,18.3185463597692,5.96688796215155,5.96688796215155,0.00167701470015497,16.1967513986194,3.86374018539196,3.86374018539196,0.00020108215719068,3.86374018539196,0.00020108215719068,0.00020108215719068,0.000000000867053539700877,16.9686689211712,4.62430392251763,4.62430392251763,0.000435073132379035,4.62430392251763,0.000435073132379035,0.000435073132379035,0.0000000018762273939095,17.1606631606696,4.81458292212525,4.81458292212525,0.000527137986488168,4.81458292212525,0.000527137986488168,0.000527137986488168,0.00000000227335638944001,19.2585536115117,6.90533265820981,6.90533265820981,0.00428755477628494,6.90533265820981,0.00428755477628494,0.00428755477628494,0.0000000185254934120129,"Burgess Owens","Republican"
"Vermont","VT","5000",2938543.87136135,3356584.77882229,3480732.35228945,35521051.0310365,7522672.31068505,32.4340279149479,8592857.03378505,37.0481330825855,8910674.821861,38.418405584776,90933890.6394536,392.061786770328,19258041.1153537,83.0311114622666,83.0311114622666,0.000357988926774223,21997714.0064897,94.8432206914188,94.8432206914188,0.000408916876929458,22811327.5439641,98.3511182970266,98.3511182970267,0.000424041189695476,232790760.037001,1003.67817413204,1003.67817413204,0.0043273619497136,49300585.2553056,212.559645343403,212.559645343403,0.000916451652542011,212.559645343403,0.000916451652542011,0.000916451652542011,0.00000000395128449753527,56314147.8566137,242.798644970032,242.798644970032,0.00104682720493941,242.798644970032,0.00104682720493941,0.00104682720493941,0.00000000451339914659129,58396998.5125482,251.778862840388,251.778862840388,0.00108554544562042,251.778862840388,0.00108554544562042,0.00108554544562042,0.00000000468033297637963,595944345.694723,2569.41612577802,2569.41612577802,0.0110780465912668,2569.41612577802,0.0110780465912668,0.0110780465912668,0.0000000477630365307672,14.893425075077,15.0264348780667,15.062753562966,17.3856360936405,15.8334321261954,3.50957418120705,15.966441955012,3.63885201825734,16.0027606463866,3.67423285404651,18.3256433349767,5.97396681775688,16.7734393036817,4.43118710482238,4.43118710482238,0.000357924864027056,16.906449142587,4.56271373867958,4.56271373867958,0.000408833293208422,16.942767836491,4.59866022506962,4.59866022506962,0.0004239513096378,19.2656505867669,6.91242254446605,6.91242254446605,0.00431802584310957,17.7134465305306,5.36391616294229,5.36391616294229,0.000916031967120918,5.36391616294229,0.000916031967120918,0.000916031967120918,0.00000000395128440296842,17.8464563733768,5.49634265907452,5.49634265907452,0.0010462796634284,5.49634265907452,0.0010462796634284,0.0010462796634284,0.00000000451339919974127,17.8827750682688,5.532515046595,5.532515046595,0.00108495666722181,5.532515046595,0.00108495666722181,0.00108495666722181,0.00000000468033299909036,20.2056578426406,7.85182308142733,7.85182308142733,0.0110171344784175,7.85182308142733,0.0110171344784175,0.0110171344784175,0.0000000477630354962404,"Becca Balint","Democrat"
"Virginia","VA","5101",955758.068792172,1712658.29124949,3241007.82137286,22141498.5280958,2446740.65610796,10.5491308757561,4384405.2255987,18.9033784278398,8296980.02271453,35.7724583170076,56682236.2319252,244.385659284489,6263656.07963638,27.0057750419357,27.0057750419357,0.000116435493319419,11224077.3775327,48.3926487752699,48.3926487752699,0.000208645074041839,21240268.8581492,91.5774932915394,91.5774932915394,0.000394836681850397,145106524.753729,625.627287768291,625.627287768291,0.00269739423409526,16034959.5638691,69.1347841073555,69.1347841073555,0.000298074862897712,69.1347841073555,0.000298074862897712,0.000298074862897712,0.0000000012851508113994,28733638.0864836,123.885180864691,123.885180864691,0.000534131389547108,123.885180864691,0.000534131389547108,0.000534131389547108,0.00000000230290934967539,54375088.276862,234.438382826341,234.438382826341,0.00101078190553702,234.438382826341,0.00101078190553702,0.00101078190553702,0.00000000435798971245184,371472703.369545,1601.60585668682,1601.60585668683,0.00690532923928386,1601.60585668683,0.00690532923928386,0.00690532923928385,0.0000000297723511086239,13.7702611401793,14.3535578615807,14.9913952039259,16.9129642123142,14.7102677610883,2.44661018528418,15.2935647642658,2.99088948756432,15.9314022743972,3.60474914967363,17.8529714432838,5.50283109244572,15.650274770524,3.33241074040599,3.33241074040599,0.000116428715233494,16.2335718837704,3.89980160290333,3.89980160290333,0.000208623310685644,16.8714094594432,4.52804605910283,4.52804605910283,0.000394758754359554,18.7929786910246,6.44035192651383,6.44035192651383,0.00269376279508423,16.5902819317281,4.25041887792287,4.25041887792287,0.000298030447411719,4.25041887792287,0.000298030447411719,0.000298030447411719,0.00000000128515087378231,17.1735790879701,4.82739476209143,4.82739476209143,0.000533988792151309,4.82739476209143,0.000533988792151309,0.000533988792151309,0.00000000230290941606489,17.8114166892451,5.46144923517219,5.46144923517219,0.00101027140947782,5.46144923517219,0.00101027140947782,0.00101027140947782,0.00000000435798973735438,19.7329859453165,7.37938624382801,7.37938624382801,0.00688159664494486,7.37938624382801,0.00688159664494486,0.00688159664494486,0.0000000297723505857707,"Robert J. Wittman","Republican"
"Virginia","VA","5102",430037.047481457,989131.290309397,914512.365222557,7186056.0446824,1100894.84155253,4.74651195049666,2532176.10319206,10.9174861039529,2341151.65496975,10.0938835289371,18396303.4743869,79.315726616541,2818290.79437448,12.1510705932715,12.1510705932715,0.0000523893832593087,6482370.82417166,27.9487644261194,27.9487644261194,0.00012050119533952,5993348.23672255,25.840341834079,25.840341834079,0.00011141072397742,47094536.8944305,203.048260138345,203.048260138345,0.000875443282044138,7214824.43359867,31.1067407187749,31.1067407187749,0.00013411682114383,31.1067407187749,0.00013411682114383,0.00013411682114383,0.000000000578245142309933,16594869.3098795,71.5488369308655,71.5488369308655,0.000308483060069171,71.5488369308655,0.000308483060069171,0.000308483060069171,0.00000000133002578981948,15342971.4860097,66.1512750952423,66.1512750952423,0.000285211453382196,66.1512750952423,0.000285211453382196,0.000285211453382196,0.0000000012296901763914,120562014.449742,519.803545954163,519.803545954163,0.00224113480203299,519.803545954163,0.00224113480203299,0.00224113480203299,0.00000000966266051853054,12.9716289662704,13.8045833633475,13.7261473614931,15.7876531849322,13.9116348077351,1.74859305343761,14.7445900057685,2.47800674207585,14.6661539536464,2.40639392301449,16.7276603586241,4.38596545005267,14.8516415126999,2.57650316924683,2.57650316924683,0.0000523880109835438,15.6845970236074,3.36552752352684,3.36552752352684,0.000120493935653728,15.6061609518493,3.28990604801638,3.28990604801638,0.000111404518263677,17.6676675839907,5.31835653517172,5.31835653517172,0.000875060305074215,15.79164855497,3.46906599932999,3.46906599932999,0.000134107828286922,3.46906599932999,0.000134107828286922,0.000134107828286922,0.000000000578245229309509,16.6246041880939,4.28425994792486,4.28425994792486,0.000308435488953083,4.28425994792486,0.000308435488953083,0.000308435488953083,0.00000000133002586633438,16.5461681086656,4.20694791154909,4.20694791154909,0.000285170788327567,4.20694791154909,0.000285170788327567,0.000285170788327567,0.00000000122969012674611,18.6076748295428,6.25537289953893,6.25537289953893,0.00223862720530857,6.25537289953893,0.00223862720530857,0.00223862720530857,0.00000000966266040286627,"Jennifer A. Kiggans","Republican"
"Virginia","VA","5103",553771.641820795,1240608.6902068,1058134.67810619,8517128.43974487,1417655.40306124,6.11222621665381,3175958.2469294,13.693155062903,2708824.77595185,11.6791074729033,21803848.8057469,94.0073702019991,3629197.83183677,15.6472991146338,15.6472991146338,0.0000674633847278873,8130453.11213927,35.0544769610317,35.0544769610317,0.000151137499726405,6934591.42643673,29.8985151306325,29.8985151306325,0.000128907552304923,55817852.942712,240.658867717118,240.658867717118,0.00103760154784755,9290746.44950212,40.0570857334624,40.0570857334624,0.000172706264903391,40.0570857334624,0.000172706264903391,0.000172706264903391,0.000000000744623663722085,20813959.9670765,89.739461020241,89.739461020241,0.000386911999299598,89.739461020241,0.000386911999299598,0.000386911999299598,0.00000000166817243495864,17752554.051678,76.5401987344192,76.5401987344192,0.000330003333900602,76.5401987344192,0.000330003333900602,0.000330003333900602,0.00000000142281052553029,142893703.533343,616.086701355821,616.086701355821,0.00265625996248974,616.086701355821,0.00265625996248974,0.00265625996248974,0.000000011452474096257,13.2245094876695,14.0311135023941,13.8720191233543,15.9575899218174,14.1645156457539,1.96181530544672,14.9711202696955,2.68738174336041,14.8120258059506,2.53995555795939,16.8975971087619,4.55395446966496,15.1045224743986,2.81224798793081,2.81224798793081,0.0000674611091761658,15.9111273363158,3.58503104356628,3.58503104356628,0.000151126079605252,15.752032839483,3.43070812872423,3.43070812872423,0.000128899244440427,17.8376043393053,5.48752709415045,5.48752709415045,0.00103706361143838,16.0445295649811,3.71496343326727,3.71496343326727,0.000172691352893227,3.71496343326727,0.000172691352893227,0.000172691352893227,0.000000000744623695758996,16.8511345198576,4.50799233439275,4.50799233439275,0.000386837168153455,4.50799233439275,0.000386837168153455,0.000386837168153455,0.00000000166817248764188,16.6920400100998,4.35079649523175,4.35079649523175,0.000329948894776859,4.35079649523175,0.000329948894776859,0.000329948894776859,0.00000000142281053504367,18.7776115868796,6.42500953486927,6.42500953486927,0.00265273833884904,6.42500953486927,0.00265273833884904,0.00265273833884904,0.0000000114524740146073,"Robert C. “Bobby” Scott","Democrat"
"Virginia","VA","5104",1477649.00277375,2198467.35497467,5564278.6738805,34699393.9145732,3782781.4471008,16.3094754077147,5628076.42873515,24.2654711594679,14244553.4051341,61.4154417070458,88830448.4213075,382.992788307651,9683920.50457805,41.7522570437497,41.7522570437497,0.000180015001922334,14407875.657562,62.1196061682379,62.1196061682379,0.000267828898736481,36466056.7171433,157.223530770037,157.223530770037,0.000677869801485169,227405947.958547,980.461538067587,980.461538067587,0.00422726334231631,24790836.4917198,106.885778031999,106.885778031999,0.000460838404921175,106.885778031999,0.000460838404921175,0.000460838404921175,0.00000000198690639073342,36884161.6833587,159.026191790689,159.026191790689,0.000685641980765392,159.026191790689,0.000685641980765392,0.000685641980765392,0.00000000295614779235011,93353105.1958868,402.492238771295,402.492238771295,0.00173534669180203,402.492238771295,0.00173534669180203,0.00173534669180203,0.00000000748195331651953,582159226.773881,2509.98153745302,2509.98153745302,0.0108217941563297,2509.98153745302,0.0108217941563297,0.0108217941563297,0.0000000466582032634432,14.2059635478291,14.603271473583,15.5318780956581,17.3622328071447,15.1459703939258,2.85125406299317,15.5432784548928,3.22943868727246,16.471885244634,4.13381270801534,18.3022400480746,5.95062377196255,16.0859774913255,3.75542199033411,3.75542199033411,0.000179998801166205,16.4832856051101,4.14503143710494,4.14503143710494,0.000267793038979766,17.411892460346,5.06400878491775,5.06400878491775,0.000677640151527203,19.2422472997061,6.88904282605881,6.88904282605881,0.00421835356512465,17.0259846868905,4.68107305664444,4.68107305664444,0.000460732251515238,4.68107305664444,0.000460732251515238,0.000460732251515238,0.00000000198690641519902,17.423292821307,5.07533750052846,5.07533750052846,0.000685407035688594,5.07533750052846,0.000685407035688594,0.000685407035688594,0.00000000295614776664664,18.3518997021267,6.00015725275747,6.00015725275747,0.00173384271742486,6.00015725275747,0.00173384271742486,0.00173384271742486,0.00000000748195325116387,20.1822545555179,7.8284290064635,7.8284290064635,0.0107636575938115,7.8284290064635,0.0107636575938115,0.0107636575938115,0.0000000466582022124704,"Jennifer McClellan","Democrat"
"Virginia","VA","5105",3296143.79038658,8628705.98489913,8225711.85832141,70258969.8327261,8438128.10338963,36.3810187593194,22089487.3213418,95.2389016586106,21057822.3573028,90.7908745665643,179862962.771779,775.479791552141,21601607.9446775,93.1354080238577,93.1354080238577,0.000401553636654523,56549087.542635,243.811588246043,243.811588246043,0.0010511945134082,53908025.2346952,232.424638890405,232.424638890405,0.00100209964153105,460449184.695754,1985.22826637348,1985.22826637348,0.00855931859714856,55300116.3383743,238.426644541076,238.426644541076,0.00102797730983558,238.426644541076,0.00102797730983558,0.00102797730983558,0.00000000443212775808175,144765664.109146,624.15766590987,624.15766590987,0.002691057954325,624.15766590987,0.002691057954325,0.002691057954325,0.0000000116025057594688,138004544.60082,595.007075559436,595.007075559436,0.0025653750823195,595.007075559436,0.0025653750823195,0.0025653750823195,0.0000000110606236182957,1178749912.82113,5082.18436191611,5082.18436191611,0.0219118556087003,5082.18436191611,0.0219118556087003,0.0219118556087003,0.0000000944730419097804,15.0082640981688,15.9706052238968,15.9227755205648,18.0676985567118,15.9482711717852,3.62116305578443,16.9106124117664,4.56683365907647,16.8627827049746,4.5195128870924,19.00770580653,6.65477061720455,16.8882783580598,4.5447342566216,4.5447342566216,0.000401473035569446,17.8506196426712,5.50048888712417,5.50048888712417,0.00105064239534412,17.8027899345279,5.45285927936399,5.45285927936399,0.00100159787487068,19.9477130616335,7.59399277575128,7.59399277575128,0.00852289532110064,17.8282855883416,5.47824708409486,5.47824708409486,0.00102744930298257,5.47824708409486,0.00102744930298257,0.00102744930298257,0.00000000443212776607775,18.7906268903867,6.43800388337861,6.43800388337861,0.00268744354081376,6.43800388337861,0.00268744354081376,0.00268744354081354,0.0000000116025057776674,18.7427971817154,6.3902525387389,6.3902525387389,0.00256209012456286,6.3902525387389,0.00256209012456286,0.00256209012456286,0.000000011060623467012,20.8877203188016,8.53369318708546,8.53369318708545,0.0216752411038111,8.53369318708545,0.0216752411038111,0.0216752411038111,0.000000094473037371387,"John J. McGuire III","Republican"
"Virginia","VA","5106",655344.960383256,2849274.13034963,2649660.83871935,16604543.6290539,1677683.09858113,7.23333653315301,7294141.77369505,31.4487177073474,6783131.74712155,29.2454961948056,42507631.690378,183.271802346857,4294868.7323677,18.5173415248717,18.5173415248717,0.0000798375825935212,18673002.9406593,80.5087173308094,80.5087173308094,0.000347113615675535,17364817.2726311,74.8684702587024,74.8684702587024,0.000322795670744705,108819537.127368,469.175814007954,469.175814007954,0.0020228531591012,10994863.9548613,47.4043943036716,47.4043943036716,0.000204384211439414,47.4043943036716,0.000204384211439414,0.000204384211439414,0.00000000088120324073998,47802887.5280879,206.102316366872,206.102316366872,0.00088861085612937,206.102316366872,0.000888610856129369,0.000888610856129369,0.00000000383124880666258,44453932.2179358,191.663283862278,191.663283862278,0.000826356917106445,191.663283862278,0.000826356917106445,0.000826356917106445,0.00000000356284073135441,278578015.046062,1201.09008386036,1201.09008386036,0.00517850408729907,1201.09008386036,0.00517850408729907,0.00517850408729907,0.000000022327138440759,13.3929185589687,14.8625751796667,14.7899425817894,16.6251869886924,14.3329248876073,2.10819134360781,15.8025822242879,3.47966092641701,15.7299496102986,3.40934728727008,17.5651942104846,5.21641185430972,15.2729317828748,2.97130337933655,2.97130337933655,0.0000798343957432669,16.7425893992363,4.40070997564111,4.40070997564111,0.000347053385681902,16.6699567789533,4.32900118648298,4.32900118648298,0.000322743583430992,18.5052014546404,6.15310669711383,6.15310669711383,0.00202080994659806,16.2129388994819,3.87959060099947,3.87959060099947,0.000204363327831952,3.87959060099947,0.000204363327831952,0.000204363327831952,0.000000000881203332137356,17.6825966250938,5.33321295311384,5.33321295311384,0.000888216275237916,5.33321295311384,0.000888216275237916,0.000888216275237916,0.00000000383124886636988,17.6099640023523,5.26094402204188,5.26094402204188,0.000826015672209752,5.26094402204188,0.000826015672209752,0.000826015672209752,0.000000003562840682795,19.445208707532,7.09181705726226,7.09181705726226,0.00516514174644641,7.09181705726226,0.00516514174644641,0.00516514174644641,0.0000000223271381111168,"Ben Cline","Republican"
"Virginia","VA","5107",1021240.18958092,3325613.72425544,3750001.3812278,23871307.6730278,2614374.88532716,11.2718864399289,8513571.13409393,36.70629164943,9600003.53594317,41.3904487406849,61110547.6429511,263.478339383991,6692799.70643753,28.8560292862181,28.8560292862181,0.000124412870949383,21794742.1032805,93.9681066225409,93.9681066225409,0.000405143819568122,24576009.0520145,105.959548776153,105.959548776153,0.00045684496425288,156443001.965955,674.504548823017,674.504548823017,0.00290812871567083,17133567.2484801,73.8714349727184,73.8714349727184,0.000318496949630419,73.8714349727184,0.000318496949630419,0.000318496949630419,0.00000000137320070960236,55794539.784398,240.558352953705,240.558352953705,0.00103716817809439,240.558352953705,0.00103716817809439,0.00103716817809439,0.00000000447175421864757,62914583.1731572,271.256444866953,271.256444866953,0.00116952310848737,271.256444866953,0.00116952310848737,0.00116952310848737,0.00000000504240296283778,400494085.032844,1726.73164498692,1726.73164498692,0.00744480951211734,1726.73164498692,0.00744480951211734,0.00744480951211734,0.0000000320983221872514,13.8365292980258,15.0171650944593,15.1372670329405,16.9881878218238,14.7765359598167,2.5073109909909,15.957172169714,3.62982696778262,16.077274128932,3.74692307131193,17.9281950547878,5.57775935525684,15.7165429852219,3.39638680558012,3.39638680558012,0.000124405132310064,16.8971793566285,4.55354111547132,4.55354111547132,0.000405061770970994,17.017281323947,4.67245071416244,4.67245071416244,0.00045674064236353,18.8682023033076,6.51545989138649,6.51545989138649,0.00290390828973882,16.6565501526641,4.3157724422499,4.3157724422499,0.000318446240243818,4.3157724422499,0.000318446240243818,0.000318446240243818,0.00000000137320066334686,17.8371865871603,5.48711107104299,5.48711107104299,0.00103663069079052,5.48711107104299,0.00103663069079052,0.00103663069079052,0.00000000447175429018547,17.9572885576429,5.60674443413876,5.60674443413876,0.00116883974908793,5.60674443413876,0.00116883974908793,0.00116883974908793,0.00000000504240292692384,19.8082095579038,7.45456463926404,7.45456463926404,0.00741723369766337,7.45456463926404,0.00741723369766337,0.00741723369766337,0.0000000320983217072447,"Eugene Simon Vindman","Democrat"
"Virginia","VA","5108",2379252.07089285,6457326.17326632,8389635.9156096,49623113.2076065,6090885.30148571,26.2608732291229,16530755.0035618,71.2724078754751,21477467.9439606,92.6001779776288,127035169.811473,547.712577881815,15592666.3718034,67.2278354665547,67.2278354665547,0.000289853047179347,42318732.8091182,182.457364161216,182.457364161216,0.000786665562194851,54982317.9365391,237.05645562273,237.05645562273,0.00102206973553339,325210034.71737,1402.14419937744,1402.14419937744,0.00604534960785085,39917225.9118167,172.10325879438,172.10325879438,0.000742023800779127,172.10325879438,0.000742023800779127,0.000742023800779127,0.00000000319923820606168,108335955.991343,467.090852252714,467.090852252714,0.00201386383921882,467.090852252714,0.00201386383921882,0.00201386383921882,0.0000000086827809693839,140754733.91754,606.864526394188,606.864526394188,0.00261649852296548,606.864526394188,0.00261649852296548,0.00261649852296548,0.0000000112810425110161,832537688.876469,3589.48915040626,3589.48915040626,0.0154760949960982,3589.48915040626,0.0154760949960982,0.0154760949960982,0.0000000667252375734712,14.6822971606316,15.6807260398722,15.9425078016559,17.7199672953953,15.6223041630027,3.3054524591054,16.6207332039941,4.28044242251315,16.8825149875131,4.53903228495213,18.6599745416067,6.30757476686,16.5623113214472,4.22285262625193,4.22285262625193,0.000289811047900393,17.5607404256224,5.21198229260239,5.21198229260239,0.000786356303019895,17.8225222176318,5.47250785404085,5.47250785404085,0.00102154777788242,19.5999817953013,7.24647085413496,7.24647085413496,0.00602714979456631,17.5023185408578,5.15388828808456,5.15388828808456,0.000741748637228873,5.15388828808456,0.000741748637228873,0.000741748637228873,0.00000000319923820256752,18.5007476697143,6.14866240582222,6.14866240582222,0.00201183873383928,6.14866240582222,0.00201183873383928,0.00201183873383928,0.00000000868278090098934,18.7625294650402,6.40995203870784,6.40995203870784,0.00261308144991841,6.40995203870784,0.00261308144991841,0.00261308144991841,0.0000000112810424809221,20.539989051919,8.1860437257957,8.1860437257957,0.015357561629371,8.1860437257957,0.015357561629371,0.015357561629371,0.0000000667252353313348,"Donald S. Beyer, Jr.","Democrat"
"Virginia","VA","5109",1500483.12404655,3612015.42590688,1764985.08715041,25971419.5932176,3841236.79755917,16.5615058551731,9246759.49032161,39.8674358054803,4518361.82310506,19.4809327653777,66486834.158637,286.658217454825,9833566.20175148,42.3974549892432,42.3974549892432,0.000182796775115496,23671704.2952233,102.06063566203,102.06063566203,0.000440034786757599,11567006.2671489,49.871187879367,49.871187879367,0.000215019800547939,170206295.446111,733.845036684351,733.845036684351,0.00316397543613045,25173929.4764838,108.537484772463,108.537484772463,0.000467959744295669,108.537484772463,0.000467959744295669,0.000467959744295669,0.00000000201761007029368,60599562.9957717,261.275227294796,261.275227294796,0.00112648905409945,261.275227294796,0.00112648905409945,0.00112648905409945,0.00000000485686148719373,29611536.0439013,127.67024097118,127.67024097118,0.000550450689402723,127.67024097118,0.000550450689402723,0.000550450689402723,0.00000000237327006794271,435728116.342043,1878.64329391194,1878.64329391194,0.00809977711649395,1878.64329391194,0.00809977711649395,0.00809977711649395,0.000000034922217298775,14.2212983633644,15.0997767411019,14.3836533656841,17.0725072834604,15.1613052157369,2.86570933938064,16.0397838308857,3.71033355534565,15.3236602789179,3.01949434431862,18.0125145184886,5.66177303044801,16.1013123155881,3.77040079858607,3.77040079858607,0.000182780069820823,16.9797910234757,4.63531751076413,4.63531751076413,0.000439937999842946,16.263667402543,3.92929670983719,3.92929670983719,0.000214996687103803,18.9525217678148,6.59965964254107,6.59965964254107,0.00315898059877205,17.0413195121107,4.6962668173653,4.6962668173653,0.00046785028528139,4.6962668173653,0.00046785028528139,0.00046785028528139,0.00000000201761007697276,17.9197982562244,5.56939443824493,5.56939443824493,0.00112585504139914,5.56939443824493,0.00112585504139914,0.00112585504139914,0.00000000485686156778843,17.2036746083523,4.85725285997963,4.85725285997963,0.000550299246993842,4.85725285997963,0.000550299246993842,0.000550299246993842,0.0000000023732700221306,19.892529022726,7.53883730054072,7.53883730054072,0.00806714998507877,7.53883730054072,0.00806714998507877,0.00806714998507877,0.000000034922216730358,"H. Morgan Griffith","Republican"
"Virginia","VA","5110",1508642.96658341,9140297.62616589,8414786.16626218,45280927.8538706,3862125.99445353,16.6515697004679,23399161.9229847,100.885568273192,21541852.5856312,92.8777725848367,115919175.305909,499.78592878615,9887042.54580105,42.6280184331977,42.6280184331977,0.000183790850208567,59901854.5228407,258.267054779373,258.267054779372,0.00111351930780336,55147142.6192158,237.767097817182,237.767097817182,0.00102513367183428,296753088.783126,1279.45197769254,1279.45197769254,0.00551636166596977,25310828.9172507,109.127727188986,109.127727188986,0.000470504576533931,109.127727188986,0.000470504576533931,0.000470504576533931,0.00000000202858212336815,153348747.578472,661.163660235194,661.163660235194,0.00285060942797661,661.163660235194,0.00285060942797661,0.00285060942797661,0.0000000122904124948103,141176685.105193,608.683770411986,608.683770411986,0.00262434219989575,608.683770411986,0.00262434219989575,0.00262434219989575,0.0000000113148605514685,759687907.284804,3275.39706289291,3275.39706289291,0.0141218858648826,3275.39706289291,0.0141218858648826,0.0141218858648826,0.000000060886560179251,14.2267217699405,16.0282036153436,15.9455010931021,17.628396505206,15.1667286245096,2.87082471429554,16.9682108071661,4.62385030383162,16.8855082791764,4.5419936445066,18.5684037502398,6.2161787219194,16.1067357252188,3.77569956857484,3.77569956857484,0.000183773962739309,17.9082180396149,5.5578586300158,5.5578586300158,0.00111289980502181,17.8255155093799,5.47548859069064,5.47548859069064,0.00102460858113989,19.5084110034744,7.15496840215816,7.15496840215816,0.00550120226721935,17.0467429220766,4.7016408484354,4.7016408484354,0.00047039392396259,4.7016408484354,0.00047039392396259,0.00047039392396259,0.00000000202858218905833,18.8482252879335,6.49551274628204,6.49551274628204,0.00284655414577694,6.49551274628204,0.00284655414577694,0.00284655414577694,0.000000012290412390005,18.7655227568214,6.41294041358619,6.41294041358619,0.00262090462683655,6.41294041358619,0.00262090462683655,0.00262090462683655,0.000000011314860540004,20.4484182599124,8.09449964119767,8.09449964119767,0.0140231009677537,8.09449964119767,0.0140231009677537,0.0140231009677537,0.0000000608865583844738,"Suhas Subramanyam","Democrat"
"Virginia","VA","5111",2063270.42704337,7086082.81562333,9783123.1169487,53808607.371855,5281972.29323103,22.7732419716466,18140372.0079957,78.2122772062224,25044795.1793887,107.980721799973,137750034.871949,593.909755975397,13521849.0706714,58.2994994474152,58.2994994474152,0.000251358495280883,46439352.340469,200.223429647929,200.223429647929,0.000863264015528567,64114675.659235,276.430647807932,276.430647807932,0.00119183170252077,352640089.272189,1520.40897529701,1520.40897529701,0.00655524860186686,34615933.6209188,149.246718585383,149.246718585383,0.00064347774791906,149.246718585383,0.00064347774791906,0.00064347774791906,0.00000000277435655531751,118884741.991601,512.571979898699,512.571979898699,0.00220995587975313,512.571979898699,0.00220995587975313,0.00220995587975313,0.00000000952823248633422,164133569.687642,707.662458388305,707.662458388305,0.00305108915845316,707.662458388305,0.00305108915845316,0.00305108915845316,0.0000000131547815522557,902758628.536804,3892.24697676036,3892.24697676036,0.0167814364207792,3892.24697676036,0.0167814364207792,0.0167814364207792,0.0000000723532216804627,14.5398033524941,15.7736433926785,16.0961694303619,17.8009440192441,15.4798103156415,3.16856066128719,16.7136505651739,4.37213130203684,17.036176626565,4.6911710023664,18.7409512664107,6.38840972341289,16.4198174587641,4.08260086494639,4.08260086494639,0.000251326910026924,17.6536577900732,5.30441588098825,5.30441588098825,0.000862891617451518,17.9761838607251,5.62557098414257,5.62557098414257,0.00119112203493082,19.6809585204784,7.32739214191284,7.32739214191284,0.00653385639634271,17.3598246721896,5.01227873347888,5.01227873347888,0.000643270804883652,5.01227873347888,0.000643270804883652,0.000643270804883652,0.00000000277435651844632,18.5936650354427,6.2413901946155,6.2413901946155,0.00220751751904338,6.2413901946155,0.00220751751904338,0.00220751751904338,0.00000000952823237988851,18.9161911097121,6.56337933191178,6.56337933191178,0.00304644403199167,6.56337933191179,0.00304644403199167,0.00304644403199167,0.0000000131547813998112,20.6209657772418,8.26699878684149,8.26699878684149,0.0166421838625415,8.26699878684149,0.0166421838625415,0.0166421838625415,0.0000000723532190187402,"Gerald E. Connolly","Democrat"
"Washington","WA","5301",4575508.96879918,35197647.5211044,10476402.0180262,89052983.6444187,11713302.9601259,50.5019465815824,90105977.6540272,388.492237044983,26819589.1661471,115.632752266333,227975638.129712,982.917759228274,29986055.5779223,129.284983248851,129.284983248851,0.000557412656366916,230671302.79431,994.540126835157,994.540126835157,0.00428796322690943,68658148.2653365,296.019845801813,296.019845801813,0.00127629059802025,583617633.612063,2516.26946362438,2516.26946362438,0.0108489045719568,76764302.2794811,330.969557117058,330.969557117058,0.0014269764002993,330.969557117058,0.0014269764002993,0.0014269764002993,0.00000000615241372876772,590518535.153432,2546.022724698,2546.022724698,0.0109771858608881,2546.022724698,0.0109771858608881,0.0109771858608881,0.0000000473281751398254,175764859.559261,757.81080525264,757.81080525264,0.00326730393093183,757.81080525264,0.00326730393093183,0.00326730393093183,0.0000000140869922981946,1494061142.04688,6441.64982687842,6441.64982687842,0.0277731957042095,6441.64982687842,0.0277731957042095,0.0277731957042095,0.000000119744230182427,15.3362287190696,17.3764898349592,16.1646359544717,18.3047420836393,16.2762358443792,3.941619604656,18.3164970761377,5.96484393454732,17.1046431547968,4.75903012869541,19.244749335288,6.89154231553937,17.2162430508465,4.86972422997472,4.86972422997472,0.000557257359639151,19.2565043278663,6.90328543091405,6.90328543091405,0.00427879610875952,18.044650390567,5.69379895745181,5.69379895745181,0.00127547683150296,20.1847565911065,7.83093004686411,7.83093004686411,0.0107904774073902,18.156250289016,5.80504326928166,5.80504326928166,0.00142595923700606,5.80504326928166,0.00142595923700606,0.00142595923700606,0.00000000615241367069351,20.196511583716,7.84268039708257,7.84268039708257,0.0109173738696632,7.84268039708257,0.0109173738696632,0.0109173738696632,0.0000000473281740367576,18.984657640183,6.63175247788124,6.63175247788124,0.0032619778914832,6.63175247788124,0.0032619778914832,0.0032619778914832,0.0000000140869921401488,21.1247638485538,8.77069519827138,8.77069519827138,0.0273945159444344,8.77069519827138,0.0273945159444344,0.0273945159444344,0.000000119744222917753,"Suzan K. DelBene","Democrat"
"Washington","WA","5302",2796912.9953181,21260993.6568993,6307903.10680563,54188174.0775533,7160097.26801434,30.870784353409,54428143.7616622,234.667131734173,16148231.9534224,69.6231584101342,138721725.638536,598.099204105875,18329849.0061167,79.029207944727,79.029207944727,0.00034073470579527,139336048.029855,600.747857239484,600.747857239484,0.00259012648256324,41339473.8007614,178.235285529944,178.235285529944,0.000768462055444824,355127617.634654,1531.13396251104,1531.13396251104,0.00660148942166078,46924413.4556588,202.314772338501,202.314772338501,0.000872280846835892,202.314772338501,0.000872280846835892,0.000872280846835892,0.00000000376084191461656,356700282.956429,1537.91451453308,1537.91451453308,0.00663072379536189,1537.91451453308,0.00663072379536189,0.00663072379536189,0.0000000285883887790258,105829052.929949,456.282330956656,456.282330956656,0.00196726286193875,456.282330956656,0.00196726286193875,0.00196726286193875,0.00000000848186069324495,909126701.144712,3919.70294402826,3919.70294402826,0.0168998129194516,3919.70294402826,0.0168998129194516,0.0168998129194516,0.0000000728636023675176,14.8440272228083,16.8723847151505,15.6573140251115,17.807973270606,15.7840342634257,3.46168973915272,17.8123919449804,5.46242035063885,16.597321186998,4.25735811351791,18.747980517852,6.39542720060606,16.72404143681,4.38239166735043,4.38239166735043,0.000340676668908534,18.7523991922759,6.39983851577522,6.39983851577522,0.00258677788591159,17.5373284077531,5.18869938701648,5.18869938701648,0.000768166939660077,19.6879877719507,7.33441678936995,7.33441678936995,0.00657979501495956,17.6640486620566,5.31475538075151,5.31475538075151,0.000871900630985386,5.31475538075151,0.000871900630985386,0.000871900630985386,0.0000000037608418530845,19.6924064463939,7.33883258618378,7.33883258618378,0.00660883724219105,7.33883258618378,0.00660883724219105,0.00660883724219105,0.0000000285883883587552,18.4773356515038,6.12530099216696,6.12530099216696,0.00196533033446601,6.12530099216696,0.00196533033446601,0.00196533033446601,0.00000000848186073332282,20.6279950287262,8.27402623916435,8.27402623916435,0.0167585998435065,8.27402623916435,0.0167585998435065,0.0167585998435065,0.0000000728635996083327,"Rick Larsen","Democrat"
"Washington","WA","5303",1193279.60083216,5380444.51169504,2910423.76628016,23716515.5155341,3054795.77813034,13.1707626559267,13773937.9499393,59.3863815299444,7450684.84167722,32.1236536911484,60714279.7197672,261.769828850562,7820277.19201366,33.7171523991723,33.7171523991723,0.000145371620211877,35261281.1518446,152.029136716658,152.029136716658,0.000655474153400213,19073753.1946937,82.23655344934,82.23655344934,0.00035456318712919,155428556.082604,670.130761857438,670.130761857438,0.00288927111790812,20019909.611555,86.3159101418811,86.3159101418811,0.000372151347742404,86.3159101418811,0.000372151347742404,0.000372151347742404,0.00000000160453183426827,90268879.7487222,389.194589994644,389.194589994644,0.00167801383270455,389.194589994644,0.00167801383270455,0.00167801383270455,0.00000000723476249448007,48828808.1784158,210.52557683031,210.52557683031,0.000907681759050725,210.52557683031,0.000907681759050725,0.000907681759050725,0.00000000391347307114848,397897103.571466,1715.53475035504,1715.53475035504,0.00739653406184478,1715.53475035504,0.00739653406184478,0.00739653406184478,0.0000000318901824149629,13.9922168794856,15.4982817375748,14.8838095962893,16.9816822627734,14.9322236273049,2.65118087412627,16.4382888828089,4.10076360815975,15.8238166454041,3.50024764019434,17.9216894955707,5.57127847351497,15.872230686315,3.54723387027577,3.54723387027577,0.000145361054781725,17.3782960970592,5.03062833931838,5.03062833931838,0.000655259424045187,16.7638238221078,4.42168659568672,4.42168659568672,0.000354500344456313,18.8616967440254,6.50896399407736,6.50896399407736,0.00288510519650019,16.8122378668841,4.46953269299758,4.46953269299758,0.000372082116605339,4.46953269299758,0.000372082116605339,0.000372082116605339,0.00000000160453183943925,18.3183033382689,5.96664556339439,5.96664556339439,0.00167660754045867,5.96664556339439,0.00167660754045867,0.00167660754045867,0.00000000723476254063921,17.7038310486509,5.35434592181458,5.35434592181458,0.000907270065068814,5.35434592181458,0.000907270065068814,0.000907270065068814,0.00000000391347309347824,19.8017039985963,7.44806285758361,7.44806285758361,0.00736931384488107,7.44806285758361,0.00736931384488107,0.00736931384488107,0.0000000318901819862286,"Marie Gluesenkamp Perez","Democrat"
"Washington","WA","5304",1124602.17281737,3259064.64130531,2294092.15004512,16423104.9347024,2878981.56241247,12.412739051424,8343205.48174161,35.9717595448885,5872875.9041155,25.3209249517026,42043148.6328382,181.269182023642,7370192.79977592,31.7766119716454,31.7766119716454,0.000137004973387836,21358606.0332585,92.0877044349146,92.0877044349146,0.000397036458975241,15034562.3145357,64.8215678763585,64.8215678763585,0.000279478416068484,107630460.500066,464.049105980523,464.049105980523,0.00200074933955329,18867693.5674264,81.3481266474123,81.3481266474123,0.00035073273187286,81.3481266474123,0.00035073273187286,0.00035073273187286,0.00000000151218539721483,54678031.4451418,235.744523353381,235.744523353381,0.00101641333497662,235.744523353381,0.00101641333497662,0.00101641333497662,0.00000000438226964012936,38488479.5252114,165.943213763478,165.943213763478,0.00071546474513532,165.943213763478,0.00071546474513532,0.00071546474513532,0.00000000308472874498595,275533978.880169,1187.96571131014,1187.96571131014,0.00512191830925641,1187.96571131014,0.00512191830925641,0.00512191830925641,0.0000000220831686612941,13.9329407961215,14.996951099165,14.6458481817952,16.6141997996857,14.872947512755,2.59620493083053,15.936958170678,3.61015436567286,15.5858551746588,3.27036424838152,17.5542070210724,5.20548461650878,15.8129545595831,3.48971521140433,3.48971521140433,0.000136995589063512,16.876965356131,4.53354210719296,4.53354210719296,0.000396957660856736,16.5258623293894,4.18694756389935,4.18694756389935,0.000279439369250925,18.4942142650699,6.14214300427081,6.14214300427081,0.00199875050625899,16.7529617353936,4.41095570769959,4.41095570769959,0.000350671239526034,4.41095570769959,0.000350671239526034,0.000350671239526034,0.00000000151218548679628,17.8169725860918,5.46698159918355,5.46698159918355,0.00101589713669377,5.46698159918355,0.00101589713669377,0.00101589713669377,0.00000000438226964866302,17.4658695473493,5.1176537172465,5.1176537172465,0.000715208922248752,5.1176537172465,0.000715208922248752,0.000715208922248752,0.00000000308472868994445,19.4342215178996,7.08083905801603,7.08083905801603,0.00510884590386754,7.08083905801603,0.00510884590386754,0.00510884590386754,0.0000000220831683832297,"Dan Newhouse","Republican"
"Washington","WA","5305",5368174.13180339,4710989.43320437,1594101.6799093,26984248.993193,13742525.7774167,59.2509478385127,12060132.9490032,51.9973052887547,4080900.30056781,17.5948158846071,69079677.4225741,297.837270234004,35180865.9901867,151.682426466593,151.682426466593,0.000653979310947347,30873940.3494482,133.113101539212,133.113101539212,0.000573917601732533,10447104.7694536,45.0427286645943,45.0427286645943,0.000194201881796422,176843974.20179,762.463411799051,762.463411799051,0.00328736366029013,90063016.934878,388.307011754477,388.307011754477,0.00167418703602521,388.307011754477,0.00167418703602521,0.00167418703602521,0.00000000721826324724499,79037287.2945873,340.769539940383,340.769539940383,0.00146922906043529,340.769539940383,0.00146922906043529,0.00146922906043528,0.00000000633458622036817,26744588.2098012,115.309385381361,115.309385381361,0.00049715681739884,115.309385381361,0.00049715681739884,0.00049715681739884,0.0000000021434933528498,452720573.956582,1951.90633420557,1951.90633420557,0.00841565097034273,1951.90633420557,0.00841565097034273,0.00841565097034273,0.0000000362841085217625,15.4959985822511,15.3654087269445,14.2818215527629,17.1107639201779,16.4360057272264,4.09851830400657,16.3054158560842,3.97024106865114,15.2218284289859,2.92288282598933,18.0507711560868,5.69989917852567,17.3760129413756,5.02836012024873,5.02836012024873,0.000653765559665199,17.2454230640476,4.89868348528573,4.89868348528573,0.000573752974011229,16.1618355381537,3.82956984935623,3.82956984935623,0.000194183027052017,18.9907784057569,6.63786520183267,6.63786520183267,0.00328197209316923,18.3160201825458,5.96436826563961,5.96436826563961,0.00167278714714224,5.96436826563961,0.00167278714714224,0.00167278714714224,0.00000000721826329434488,18.1854303028015,5.83413665009358,5.83413665009358,0.00146815079943161,5.83413665009358,0.00146815079943161,0.00146815079943161,0.00000000633458616886397,17.1018427383156,4.75625375602232,4.75625375602232,0.000497033275892909,4.75625375602232,0.000497033275892909,0.000497033275892909,0.00000000214349338049179,19.9307856608026,7.57707396977038,7.57707396977038,0.00838043680850975,7.57707396977038,0.00838043680850975,0.00838043680850975,0.0000000362841079482975,"Michael Baumgartner","Republican"
"Washington","WA","5306",2126071.10499862,15576079.3240827,4608168.7663541,40002221.7553947,5442742.02879646,23.4664012474802,39874763.0696517,171.920180102228,11796912.0418665,50.8624274292282,102405687.69381,441.522479796547,13933419.5937189,60.0739871935493,60.0739871935493,0.000259009205389722,102079393.458308,440.115661061703,440.115661061703,0.00189756020827938,30200094.8271782,130.207814218824,130.207814218824,0.000561391445313815,262158560.496155,1130.29754827916,1130.29754827916,0.00487328182313779,35669554.1599205,153.789407215486,153.789407215486,0.000663063565797689,153.789407215486,0.000663063565797689,0.000663063565797689,0.00000000285880087743829,261323247.253269,1126.69609231796,1126.69609231796,0.00485775413319521,1126.69609231796,0.00485775413319521,0.00485775413319521,0.0000000209442238945084,77312242.7575763,333.33200440019,333.33200440019,0.00143716210000337,333.33200440019,0.00143716210000337,0.00143716210000337,0.0000000061963294085808,671125914.870155,2893.56172359465,2893.56172359465,0.0124756014672327,2893.56172359465,0.0124756014672327,0.0124756014672327,0.0000000537885992547167,14.5697867531126,16.5612469829342,15.3433413223359,17.5044455794192,15.5097937249839,3.19730079869789,17.5012542023032,5.15283010133386,16.2833484485894,3.94859458636619,18.4444528226771,6.09249126495772,16.4498008715144,4.1120860340108,4.1120860340108,0.000258975668296374,18.4412614455125,6.08930711104127,6.08930711104127,0.00189576211520792,17.2233556554254,4.87678243433108,4.87678243433108,0.000561233924087605,19.384460075218,7.03112052575882,7.03112052575882,0.00486144582314066,17.3898080862711,5.04206552997374,5.04206552997374,0.000662843836275846,5.04206552997374,0.000662843836275846,0.000662843836275846,0.00000000285880096963989,19.3812686980343,7.02793197405352,7.02793197405352,0.00484599331764094,7.02793197405352,0.00484599331764094,0.00484599331764094,0.0000000209442236914158,18.163362893739,5.81213452441112,5.81213452441112,0.00143613037094213,5.81213452441112,0.00143613037094213,0.00143613037094213,0.00000000619632943033983,20.324467331385,7.97058898773276,7.97058898773276,0.0123984223918988,7.97058898773276,0.0123984223918988,0.0123984223918988,0.0000000537885979057379,"Emily Randall","Democrat"
"Washington","WA","5307",13638409.1602981,108441772.616076,30151678.8593926,267935513.266293,34914327.4503631,150.533244622161,277610937.897155,1196.92052735861,77188297.880045,332.797615628257,685914913.961711,2957.32454477833,89380678.2729295,385.365106232732,385.365106232732,0.00166150300010357,710684001.016716,3064.11655003805,3064.11655003805,0.013210949196528,197602042.572915,851.961896008337,851.961896008337,0.0036732366872285,1755942179.74198,7570.75083463252,7570.75083463252,0.0326413186386987,228814536.3787,986.534671955793,986.534671955793,0.00425344768026514,986.534671955793,0.00425344768026514,0.00425344768026514,0.0000000183387545142089,1819351042.60279,7844.1383680974,7844.1383680974,0.0338200299431116,7844.1383680974,0.0338200299431116,0.0338200299431116,0.000000145815177101522,505861228.986663,2181.02245378134,2181.02245378134,0.00940348591930497,2181.02245378134,0.00940348591930497,0.00940348591930497,0.0000000405431623508778,4495211980.13946,19381.1221366592,19381.1221366592,0.0835617757150685,19381.1221366592,0.0835617757150685,0.0835617757150685,0.000000360276887551724,16.4284006464234,18.5017239381976,17.2217511963148,19.4062568911125,17.3684078602341,5.02080503732667,19.4417311910697,7.08834243871085,18.1617584345959,5.81053486808735,20.3462641473297,7.99237835489194,18.3084151012721,5.95678279347992,5.95678279347992,0.00166012423100187,20.3817384473661,8.02784087376089,8.02784087376089,0.0131244456370599,19.1017656851928,6.74871487592925,6.74871487592925,0.00366650682855604,21.2862714049327,8.93217960563784,8.93217960563784,0.0321199068394092,19.2484223529458,6.89521160700022,6.89521160700022,0.00424442734099569,6.89521160700022,0.00424442734099569,0.00424442734099569,0.0000000183387543468022,21.3217457050001,8.96764930275504,8.96764930275504,0.0332607086579923,8.96764930275504,0.0332607086579923,0.0332607086579923,0.000000145815166412897,20.0417729406004,7.68800745679898,7.68800745679898,0.00935954837487283,7.68800745679898,0.00935954837487283,0.00935954837487283,0.0000000405431615610149,22.2262786630772,9.87210638082552,9.87210638082552,0.0802535553344386,9.87210638082552,0.0802535553344386,0.0802535553344386,0.000000360276822756794,"Pramila Jayapal","Democrat"
"Washington","WA","5308",3479006.50939948,24471436.2981693,7514534.66286765,63082844.3862129,8906256.66406267,38.3993566820131,62646876.9233135,270.102228436695,19237208.7369412,82.9412925900544,161492081.628705,696.273673405758,22800017.0600004,98.3023531059537,98.3023531059537,0.000423830938404018,160376004.923682,691.461704797939,691.461704797939,0.00298123955282209,49247254.3665694,212.329709030539,212.329709030539,0.000915460281326828,413419728.969485,1782.46060391874,1782.46060391874,0.00768508511299632,58368043.6736011,251.654023951241,251.654023951241,0.00108500720231429,251.654023951241,0.00108500720231429,0.00108500720231429,0.00000000467801233848725,410562572.604627,1770.14196428273,1770.14196428273,0.00763197325522455,1770.14196428273,0.00763197325522455,0.00763197325522455,0.0000000329052793186929,126072971.178418,543.564055118181,543.564055118181,0.00234357832019668,543.564055118181,0.00234357832019668,0.00234357832019668,0.00000001010434610453,1058354506.16188,4563.09914603198,4563.09914603198,0.0196738178892706,4563.09914603198,0.0196738178892706,0.0196738178892706,0.0000000848237344736999,15.0622576126254,17.0130171708483,15.8323497912187,17.9599594266228,16.0022646959592,3.6737494883029,17.9530244044383,5.60249597645127,16.7723569686173,4.43011765676299,18.8999666754544,6.54717797846727,16.9422718860296,4.59816926770846,4.59816926770846,0.000423741147441646,18.8930316532027,6.54025293660162,6.54025293660162,0.00297680447069491,17.7123641954319,5.36283889862195,5.36283889862195,0.000915041503127203,19.8399739301725,7.48631091535887,7.48631091535887,0.00765570527476476,17.8822791177942,5.53202105859007,5.53202105859007,0.00108441900742511,5.53202105859007,0.00108441900742511,0.00108441900742511,0.00000000467801241093514,19.8330389078945,7.47937979509117,7.47937979509117,0.00760299708419638,7.47937979509117,0.00760299708419638,0.00760299708419638,0.000000032905278848771,18.6523714415496,6.29998557570772,6.29998557570772,0.00234083642358919,6.29998557570772,0.00234083642358919,0.00234083642358919,0.0000000101043459755026,20.77998118719,8.42597643424119,8.42597643424119,0.0194827897705428,8.42597643424119,0.0194827897705428,0.0194827897705428,0.0000000848237308832884,"Kim Schrier ","Democrat"
"Washington","WA","5309",6998740.55717416,50775718.7541015,14716240.4789497,127765461.49432,17916775.8263659,77.2482414889736,129985840.0105,560.434402740132,37673575.6261113,162.429752759219,327079581.425458,1410.20475653242,45866946.1154966,197.755498211772,197.755498211772,0.000852623520530693,332763750.42688,1434.71207101474,1434.71207101474,0.00618576610004792,96444353.602845,415.8201670636,415.8201670636,0.00179281010113691,837323728.449174,3610.124176723,3610.124176723,0.0155650629840606,117419382.055671,506.254075422137,506.254075422137,0.00218271621255857,506.254075422137,0.00218271621255857,0.00218271621255857,0.00000000941078856618271,851875201.092813,3672.86290179773,3672.86290179773,0.0158355612161227,3672.86290179773,0.0158355612161227,0.0158355612161227,0.0000000682750774353239,246897545.223283,1064.49962768282,1064.49962768282,0.00458959385891049,1064.49962768282,0.00458959385891049,0.00458959385891049,0.0000000197880499362893,2143548744.82988,9241.91789241087,9241.91789241087,0.0398465612391953,9241.91789241087,0.0398465612391953,0.0398465612391953,0.000000171798587811816,15.7612409133111,17.7429288406941,16.5044623043512,18.6657068168612,16.7012480847334,4.35988635618338,18.6829360871843,6.33049494231408,17.4444695214343,5.0963832512801,19.6057140705832,7.25219905580553,17.6412553092134,5.2920754171104,5.2920754171104,0.000852260243574388,19.6229433409878,7.26941622185392,7.26941622185392,0.00616671278147075,18.3844767637506,6.03265487473791,6.03265487473791,0.00179120493532612,20.5457213272116,8.19177440914451,8.19177440914451,0.0154451698865153,18.5812625544192,6.2290120130199,6.2290120130199,0.00218033754819687,6.2290120130199,0.00218033754819687,0.00218033754819687,0.00000000941078854856369,20.562950597648,8.20899894929159,8.20899894929159,0.0157114868605659,8.20899894929159,0.0157114868605659,0.0157114868605659,0.0000000682750750387632,19.3244840159237,6.97119910210906,6.97119910210906,0.0045790937881315,6.97119910210906,0.0045790937881315,0.0045790937881315,0.0000000197880496695712,21.4857285849753,9.13161290400676,9.13161290400676,0.039073164998583,9.13161290400676,0.039073164998583,0.039073164998583,0.000000171798573042878,"Adam Smith","Democrat"
"Washington","WA","5310",1645749.1795562,11127416.5307422,3366439.24508265,29118650.9477924,4213117.89966386,18.1648725244315,28486186.3187001,122.818291704506,8618084.46741158,37.1569012506875,74543746.4263485,321.395622808514,10785581.8231395,46.5020736625446,46.5020736625446,0.000200493852846899,72924636.9758722,314.414826763535,314.414826763535,0.00135560062261882,22062296.2365736,95.1216672017601,95.1216672017601,0.000410117400030325,190831990.851452,822.772794389796,822.772794389796,0.00354738777375618,27611089.4672371,119.045308576114,119.045308576114,0.000513264263288063,119.045308576114,0.000513264263288063,0.000513264263288063,0.00000000221294066200183,186687070.658233,804.90195651465,804.90195651465,0.00347033759390417,804.90195651465,0.00347033759390417,0.00347033759390417,0.0000000149623726445066,56479478.3656285,243.511468036506,243.511468036506,0.00104990054407763,243.511468036506,0.00104990054407763,0.00104990054407763,0.00000000452664985900893,488529896.579717,2106.29835363788,2106.29835363788,0.00908131270081582,2106.29835363788,0.00908131270081582,0.00908131270081582,0.0000000391541113952641,14.3137068744331,16.2249226685432,15.0293664369459,17.1868894872196,15.2537137626526,2.95307904733278,17.1649298722712,4.81881510139202,15.9693735144227,3.64170663916041,18.1268967247837,5.77577943364364,16.1937208765066,3.86077336614127,3.86077336614127,0.000200473756640368,18.1049371093708,5.75388868282015,5.75388868282015,0.00135468262562594,16.9093807022053,4.56561475572159,4.56561475572159,0.000410033324875819,19.0669039751005,6.71389475692376,6.71389475692376,0.00354111063433246,17.133728078499,4.78786924298749,4.78786924298749,0.00051313258824028,4.78786924298749,0.00051313258824028,0.00051313258824028,0.00000000221294071711069,19.044944359506,6.69196209306626,6.69196209306626,0.00346432986760986,6.69196209306626,0.00346432986760986,0.00346432986760986,0.0000000149623725622403,17.8493879330761,5.49926221184976,5.49926221184976,0.00104934978396324,5.49926221184976,0.00104934978396324,0.00104934978396324,0.00000000452664993352489,20.0069112303987,7.65316200493673,7.65316200493673,0.00904032553856969,7.65316200493673,0.00904032553856969,0.00904032553856969,0.000000039154110519999,"Marilyn Strickland","Democrat"
"West Virginia","WV","5401",253642.628234497,637883.95410209,407023.617929433,6662820.19755393,649325.128280312,2.7995675561472,1632982.92250135,7.0406115680212,1041980.46189935,4.49250239706323,17056819.7057381,73.5405376744056,1662272.3283976,7.16689294373684,7.16689294373684,0.0000309000839329974,4180436.28160346,18.0239656141343,18.0239656141343,0.0000777103906329341,2667469.98246233,11.5008061364819,11.5008061364819,0.0000495857657850163,43665458.4466894,188.263776446478,188.263776446478,0.000811699929021969,4255417.16069785,18.3472459359663,18.3472459359663,0.0000791042148684733,18.3472459359663,0.0000791042148684733,0.0000791042148684733,0.00000000034105809840871,10701916.8809048,46.1413519721837,46.1413519721837,0.000198938600020311,46.1413519721837,0.000198938600020311,0.000198938600020311,0.000000000857724468106181,6828723.15510357,29.4420637093935,29.4420637093935,0.000126939560409642,29.4420637093935,0.000126939560409642,0.000126939560409642,0.000000000547300357612228,111783573.623525,481.955267702984,481.955267702984,0.00207795181829624,481.955267702984,0.00207795181829624,0.00207795181829624,0.00000000895909651478619,12.4436855223738,13.3659132233428,12.9166289489086,15.7120535560584,13.3836903783774,1.33488725924262,14.3059195265284,2.08450514597231,13.8566347102536,1.70338396170134,16.6520607230908,4.31134310725834,14.3236966983955,2.10008853589508,2.10008853589508,0.0000308996065351574,15.2459264118532,2.94569953244754,2.94569953244754,0.0000777073713368813,14.7966413839217,2.52579313314735,2.52579313314735,0.000049584536451508,17.5920679458561,5.24314168462971,5.24314168462971,0.000811370678790796,15.2637035902956,2.96255008045544,2.96255008045544,0.0000791010862950357,2.96255008045544,0.0000791010862950357,0.0000791010862950357,0.000000000341058070616034,16.1859335245764,3.85315057703274,3.85315057703274,0.000198918814361048,3.85315057703274,0.000198918814361048,0.000198918814361048,0.000000000857724557677602,15.7366484139664,3.41582532666763,3.41582532666763,0.000126931504265301,3.41582532666763,0.000126931504265301,0.000126931504265301,0.000000000547300427050757,18.5320751903921,6.1799240359123,6.1799240359123,0.00207579586254821,6.1799240359123,0.00207579586254821,0.00207579586254821,0.00000000895909653558976,"Carol D. Miller","Republican"
"West Virginia","WV","5402",2009884.60141764,7178799.77038327,14285062.0223811,42091658.1863886,5145304.57962915,22.1839986476034,18377727.4121812,79.235635859527,36569758.7772957,157.670642564212,107754644.957155,464.584527700555,13171979.7238506,56.7910365378648,56.7910365378648,0.000244854752183163,47046982.1751838,202.843227800389,202.843227800389,0.000874559284403662,93618582.469877,403.636844964383,403.636844964383,0.00174028166539719,275851891.090316,1189.33639091342,1189.33639091342,0.0051278279991484,33720268.0930576,145.385053536934,145.385053536934,0.000626828165588898,145.385053536934,0.000626828165588898,0.000626828165588898,0.0000000027025718230088,120440274.368471,519.278663168997,519.278663168997,0.00223887176807337,519.278663168997,0.00223887176807337,0.00223887176807337,0.00000000965290343971766,239663571.122885,1033.31032310882,1033.31032310882,0.0044551210634168,1033.31032310882,0.0044551210634168,0.0044551210634168,0.0000000192082700093279,706180841.19121,3044.70116073836,3044.70116073836,0.0131272396778199,3044.70116073836,0.0131272396778199,0.0131272396778199,0.0000000565981396733005,14.513588363698,15.7866429034509,16.4747250054245,17.5553601599363,15.4535953190005,3.14346232724514,16.726650077057,4.38496775358442,17.4147322212578,5.06683062342717,18.4953674039504,6.14329366498138,16.3936024590588,4.05683368645305,4.05683368645305,0.000244824780150762,17.6666573023902,5.31735120722894,5.31735120722894,0.000874177080256642,18.3547394630859,6.00298998574906,6.00298998574906,0.00173876912983064,19.4353746567867,7.08199122759855,7.08199122759855,0.00511472546177121,17.3336096712872,4.98624050298838,4.98624050298838,0.000626631790872051,4.98624050298838,0.000626631790872051,0.000626631790872051,0.00000000270257171831669,18.6066645479291,6.25436455874693,6.25436455874693,0.00223636922922286,6.25436455874693,0.00223636922922286,0.00223636922922286,0.00000000965290331893089,19.2947467150683,6.94149012910241,6.94149012910241,0.00444522638866972,6.94149012910241,0.00444522638866972,0.00444522638866972,0.0000000192082699011345,20.3753819130691,8.02148641988913,8.02148641988913,0.0130418241682297,8.02148641988913,0.0130418241682297,0.0130418241682297,0.0000000565981381287936,"Riley M. Moore","Republican"
"Wisconsin","WI","5501",2170091.55291037,2061078.59318056,2884706.2472,23461243.6217551,5555434.37545055,23.9522746932753,5276361.19854223,22.7490497173181,7384847.992832,31.8397978876403,60060783.6716931,258.952278359171,14221912.0011534,61.3178232147847,61.3178232147847,0.000264372008735159,13507484.6682681,58.2375672763344,58.2375672763344,0.000251091474509179,18905210.8616499,81.5098825923592,81.5098825923592,0.000351430143193882,153755606.199534,662.917832599477,662.917832599477,0.00285817254824572,36408094.7229527,156.973627429849,156.973627429849,0.000676792342362008,156.973627429849,0.000676792342362008,0.000676792342362008,0.00000000291799254549655,34579160.7507664,149.088172227416,149.088172227416,0.0006427941747435,149.088172227416,0.000642794174743499,0.000642794174743499,0.00000000277140932718602,48397339.8058238,208.665299436439,208.66529943644,0.00089966116657634,208.665299436439,0.000899661166576339,0.000899661166576339,0.00000000387889225871043,393614351.870808,1697.06965145466,1697.06965145466,0.00731692172350904,1697.06965145466,0.00731692172350904,0.00731692172350904,0.0000000315469335404521,14.5902803757179,14.5387404778463,14.874933978668,16.9708604527131,15.5302873534033,3.21696498811294,15.4787474406795,3.16754251777776,15.8149410259162,3.49164113010854,17.9108676852309,5.5604980693967,16.4702945022049,4.13224747179303,4.13224747179303,0.000264337068613682,16.4187545836795,4.08155592299822,4.08155592299822,0.000251059956320649,16.7549482018908,4.4129180751648,4.4129180751648,0.000351368406084934,18.8508749335764,6.49815839573413,6.49815839573413,0.00285409573938931,17.4103017178488,5.06242810409415,5.06242810409415,0.000676563421706733,5.06242810409415,0.000676563421706733,0.000676563421706733,0.00000000291799251002681,17.3587617970571,5.01122293625022,5.01122293625022,0.000642587671056186,5.01122293625022,0.000642587671056186,0.000642587671056186,0.00000000277140932041333,17.6949554281491,5.34551244704019,5.34551244704019,0.000899256714031025,5.34551244704019,0.000899256714031025,0.000899256714031025,0.00000000387889231093116,19.7908821881046,7.4372473857324,7.4372473857324,0.0072902829155461,7.4372473857324,0.0072902829155461,0.0072902829155461,0.0000000315469330123249,"Bryan Steil","Republican"
"Wisconsin","WI","5502",22142708.3149304,18582953.6509874,16467694.5657737,141985760.581118,56685333.2862219,244.399012244895,47572361.3465276,205.108401930744,42157298.0883806,181.761337799493,363483547.087662,1567.16058150244,145114453.212728,625.66147134693,625.66147134693,0.00269754161671383,121785245.047111,525.077508942704,525.077508942704,0.00226387351185952,107922683.106254,465.309024766701,465.309024766701,0.00200618148379589,930517880.544415,4011.93108864625,4011.93108864625,0.0172974548867662,371493000.224584,1601.69336664814,1601.69336664814,0.0069057065387874,1601.69336664814,0.0069057065387874,0.0069057065387874,0.0000000297739778367499,311770227.320603,1344.19842289332,1344.19842289332,0.00579551619036038,1344.19842289332,0.00579551619036038,0.00579551619036038,0.0000000249873882759308,276282068.752011,1191.19110340276,1191.19110340276,0.00513582459851747,1191.19110340276,0.00513582459851747,0.00513582459851747,0.0000000221431256759637,2382125774.1937,10270.5435869344,10270.5435869344,0.0442814845101214,10270.5435869344,0.0442814845101214,0.0442814845101214,0.000000190919774968348,16.913018849706,16.7377553019034,16.6169111752895,18.7712373399826,17.8530260806771,5.50288550718678,17.6777625276027,5.3284022533476,17.5569183967767,5.208181136648,19.7112445941823,7.35765860733911,18.7930333284185,6.44040647671769,6.44040647671769,0.00269390978121242,18.6177697732848,6.26544855728635,6.26544855728635,0.00226131481120933,18.4969256408133,6.14484855761949,6.14484855761949,0.00200417178914889,20.6512518509973,8.29727719809013,8.29727719809013,0.0171495569828879,19.7330405827107,7.37944084713038,7.37944084713038,0.00688197135686861,7.37944084713038,0.00688197135686861,0.00688197135686861,0.000000029773977284498,19.5577770267726,7.20429680746974,7.20429680746974,0.00577878679228143,7.20429680746974,0.00577878679228143,0.00577878679228143,0.0000000249873880684525,19.4369328936584,7.08354815642176,7.08354815642176,0.00512268123350178,7.08354815642176,0.00512268123350178,0.00512268123350178,0.0000000221431255322595,21.5912591088338,9.23713259220644,9.23713259220644,0.0433290742974664,9.23713259220644,0.0433290742974664,0.0433290742974664,0.000000190919756653217,"Mark Pocan","Democrat"
"Wisconsin","WI","5503",2209776.59459559,1421678.34324405,2054339.73646931,14661994.3390912,5657028.0821647,24.390296314245,3639496.55870477,15.6917021114586,5259109.72536144,22.6746699305069,37534705.5080735,161.831013760766,14481991.8903416,62.4391585644671,62.4391585644671,0.000269206650007777,9317111.19028422,40.1707574053339,40.1707574053339,0.000173196360713278,13463320.8969253,58.0471550220976,58.0471550220976,0.000250270511410668,96088846.1006682,414.28739522756,414.28739522756,0.00178620155001782,37073899.2392746,159.844245925036,159.844245925036,0.000689169024019908,159.844245925036,0.000689169024019908,0.000689169024019908,0.00000000297135465164819,23851804.6471276,102.837138957655,102.837138957655,0.000443382683425992,102.837138957655,0.000443382683425992,0.000443382683425992,0.00000000191164598660201,34466101.4961288,148.60071685657,148.60071685657,0.000640692509211311,148.60071685657,0.000640692509211311,0.000640692509211311,0.00000000276234798891105,245987446.017711,1060.57573178255,1060.57573178255,0.00457267596804561,1060.57573178255,0.00457267596804561,0.00457267596804561,0.0000000197151083907969,14.6084024325002,14.1673493669016,14.5354655449381,16.5007693528752,15.5484094152286,3.23436706615833,15.1073561967626,2.81491171638378,15.4754725068015,3.1644056972857,17.4407765698052,5.0927129376412,16.4884165660001,4.15008131375293,4.15008131375293,0.000269170420399665,16.0473632878202,3.71772823263309,3.71772823263309,0.000173181363955106,16.4154796494226,4.07833636234805,4.07833636234805,0.000250239198970526,18.3807838120617,6.02897079917095,6.02897079917095,0.00178460818912285,17.4284237824134,5.08043648012031,5.08043648012031,0.000688931656099481,5.08043648012031,0.000688931656099481,0.000688931656099481,0.00000000297135471341447,16.9873704809078,4.64282370016533,4.64282370016533,0.000443284418368993,4.64282370016533,0.000443284418368993,0.000443284418368993,0.00000000191164595081862,17.3554868626523,5.00796985735089,5.00796985735089,0.000640487353388792,5.00796985735089,0.000640487353388792,0.000640487353388792,0.00000000276234790215601,19.3207910642114,6.96750962271766,6.96750962271766,0.0045622530469735,6.96750962271766,0.0045622530469735,0.0045622530469735,0.0000000197151082403386,"Derrick Van Orden","Republican"
"Wisconsin","WI","5504",1443093.48971528,2255589.12034535,5647838.0822001,41702278.1366609,3694319.33367112,15.9280706970086,5774308.14808411,24.8959497276595,14458465.4904323,62.3377244091716,106757832.029852,460.286765286499,9457457.49419806,40.7758609843421,40.7758609843421,0.000175805266905445,14782228.8590953,63.7336313028083,63.7336313028083,0.000274787773735692,37013671.6555066,159.584574487479,159.584574487479,0.000688049449710861,273300049.996421,1178.33411913344,1178.33411913344,0.00508039166598088,24211091.185147,104.386204119916,104.386204119916,0.000450061483277939,104.386204119916,0.000450061483277939,0.000450061483277939,0.00000000194044165546674,37842505.879284,163.158096135189,163.158096135189,0.000703456700763372,163.158096135189,0.000703456700763372,0.000703456700763372,0.00000000303295601977891,94754999.4380968,408.536510687947,408.536510687947,0.0017614065912598,408.536510687947,0.0017614065912598,0.0017614065912598,0.00000000759431066395756,699648127.990837,3016.5353449816,3016.5353449816,0.013005802664911,3016.5353449816,0.013005802664911,0.013005802664911,0.0000000560745635684368,14.1823003170504,14.6289221908494,15.5467835666375,17.5460663408309,15.1223071532721,2.82897323200274,15.5689291791787,3.25408657530523,16.4867907172337,4.14848111386536,18.4860735847098,6.13401990011644,16.0623142468144,3.73231868430718,3.73231868430718,0.000175789814970474,16.5089363321381,4.17028087020852,4.17028087020852,0.000274750026490217,17.4267979335786,5.07882074763114,5.07882074763114,0.000687812852209136,19.4260808374933,7.07270525236014,7.07270525236014,0.00506753001931678,17.0023214408726,4.65763173683744,4.65763173683744,0.000449960235985697,4.65763173683744,0.000449960235985697,0.000449960235985697,0.00000000194044158330825,17.4489435494061,5.10082996429813,5.10082996429813,0.000703209391072713,5.10082996429813,0.000703209391072713,0.000703209391072713,0.00000000303295610388467,18.3668051756065,6.0150260585078,6.0150260585078,0.00175985713388616,6.0150260585078,0.00175985713388616,0.00175985713388616,0.00000000759431070698884,20.3660880937551,8.01219566623584,8.01219566623584,0.0129219534484731,8.01219566623584,0.0129219534484731,0.0129219534484731,0.0000000560745620869026,"Gwen Moore","Democrat"
"Wisconsin","WI","5505",1684150.91672769,1898948.34177158,3183714.04616279,25451525.6331178,4311426.34682289,18.5887297373666,4861307.75493524,20.9595453470396,8150307.95817673,35.1400811989979,65155905.6207815,280.919914420105,11037251.4478666,47.5871481276584,47.5871481276584,0.000205172155189182,12444947.8526342,53.6564360884213,53.6564360884213,0.000231339911408422,20864788.3729324,89.9586078694347,89.9586078694347,0.000387856851704524,166799118.389201,719.154980915469,719.154980915469,0.0031006392094277,28255363.7065385,121.823099206806,121.823099206806,0.000525240717284305,121.823099206806,0.000525240717284305,0.000525240717284305,0.00000000226457718519379,31859066.5027436,137.360476386358,137.360476386358,0.000592230173205562,137.360476386358,0.000592230173205561,0.000592230173205561,0.00000000255340245813185,53413858.234707,230.294036145753,230.294036145753,0.00099291354036358,230.294036145753,0.00099291354036358,0.00099291354036358,0.00000000428095019366189,427005743.076354,1841.0367511436,1841.0367511436,0.00793763637613491,1841.0367511436,0.00793763637613491,0.00793763637613491,0.0000000342231469309901,14.3367726815491,14.456811313173,14.9735593263896,17.0522862847459,15.2767795782115,2.9749543874532,15.3968182507633,3.08920191274028,15.9135663934773,3.58740253195176,17.9922935192948,5.64162303918685,16.2167866953635,3.88335905411782,3.88335905411782,0.0002051511102611,16.3368253839027,4.00106697691833,4.00106697691833,0.000231313156457386,16.8535735772016,4.51040454445967,4.51040454445967,0.000387781654679068,18.9323007684337,6.57946644011836,6.57946644011836,0.00309584214110169,17.1567938986442,4.8107451023136,4.8107451023136,0.000525102826660402,4.8107451023136,0.000525102826660402,0.000525102826660402,0.0000000022645771898704,17.2768325934285,4.92986242715612,4.92986242715612,0.000592054874124693,4.92986242715612,0.000592054874124693,0.000592054874124693,0.00000000255340237516468,17.7935808064872,5.44368978483992,5.44368978483992,0.000992420927768541,5.44368978483992,0.000992420927768541,0.000992420927768541,0.00000000428095025178539,19.8723080232719,7.51862716837713,7.51862716837713,0.00790629906076223,7.51862716837713,0.00790629906076223,0.00790629906076223,0.0000000342231463973694,"Scott Fitzgerald","Republican"
"Wisconsin","WI","5506",1975456.3916738,1821977.89349152,2070702.82229065,16568251.6486941,5057168.36268493,21.8039990407315,4664263.40733829,20.109987954866,5300999.22506406,22.8552766546318,42414724.2206569,182.87123146699,12946351.0084734,55.8182375442727,55.8182375442727,0.000240660525928088,11940514.322786,51.4815691644569,51.4815691644569,0.000221962965077401,13570558.016164,58.5095082358573,58.5095082358573,0.000252263948904994,108581694.004882,468.150352555495,468.150352555495,0.00201843187847097,33142658.581692,142.894688113338,142.894688113338,0.000616090946375906,142.894688113338,0.000616090946375906,0.000616090946375906,0.00000000265627826490865,30567716.6663322,131.79281706101,131.79281706101,0.000568225190598146,131.79281706101,0.000568225190598146,0.000568225190598146,0.00000000244990489186396,34740628.5213798,149.784341083795,149.784341083795,0.000645795709196786,149.784341083795,0.000645795709196786,0.000645795709196786,0.00000000278435045345405,277969136.652497,1198.46490254207,1198.46490254207,0.0051671856088857,1198.46490254207,0.0051671856088857,0.0051671856088857,0.0000000222783387815883,14.4963105202253,14.4154337724822,14.5433991182194,16.6229989311382,15.4363174702438,3.12693591710353,15.3554406965159,3.04974629127106,15.4834060824268,3.17200543624443,17.56300615285,5.21423568363062,16.3763246082381,4.03985735771675,4.03985735771675,0.000240631571829136,16.2954478243597,3.9604620444262,3.9604620444262,0.000221938334943134,16.4234132259636,4.08613610206788,4.08613610206788,0.000252232135705241,18.5030133969744,6.1509232982129,6.1509232982129,0.00201639758177997,17.3163318196603,4.96908169947563,4.96908169947563,0.000615901240262313,4.96908169947563,0.000615901240262313,0.000615901240262313,0.00000000265627830489373,17.2354550318169,4.88879014718349,4.88879014718349,0.000568063811794563,4.88879014718349,0.000568063811794563,0.000568063811794563,0.00000000244990494257738,17.3634204395509,5.01585061121534,5.01585061121534,0.000645587272881111,5.01585061121534,0.000645587272881111,0.000645587272881111,0.00000000278435052404162,19.4430206498537,7.08963082177836,7.08963082177836,0.00515388151546073,7.08963082177836,0.00515388151546073,0.00515388151546073,0.0000000222783384812024,"Glenn Grothman","Republican"
"Wisconsin","WI","5507",1015764.3020479,819812.052286531,1882165.90127484,12094887.8161095,2600356.61324262,11.2114466109252,2098718.85385352,9.04863366104987,4818344.70726358,20.7743100171004,30962912.8092404,133.496706610041,6656912.92990111,28.7013033239684,28.7013033239684,0.000123745769423287,5372720.26586501,23.1645021722876,23.1645021722876,0.0000998738319393086,12334962.4505948,53.1822336437771,53.1822336437771,0.000229295385913795,79265056.7916556,341.751568921705,341.751568921705,0.00147346308181466,17041697.1005468,73.4753365093592,73.4753365093592,0.000316789169723615,73.4753365093592,0.000316789169723615,0.000316789169723615,0.00000000136583761057555,13754163.8806144,59.3011255610564,59.3011255610564,0.00025567700976463,59.3011255610564,0.00025567700976463,0.00025567700976463,0.00000000110235231968535,31577503.8735226,136.146518128069,136.146518128069,0.000586996187939315,136.146518128069,0.000586996187939315,0.000586996187939315,0.00000000253083611239448,202918545.386638,874.884016439565,874.884016439565,0.00377206548944554,874.884016439565,0.00377206548944554,0.00377206548944554,0.0000000162632735188949,13.8311528785142,13.6168316082315,14.4479342781257,16.3082935094342,14.7711595370883,2.50237375865795,14.556838123413,2.30743667113809,15.3879412128546,3.08073083530658,17.2483007175428,4.9015397125714,15.711166561237,3.39119092780773,3.39119092780773,0.000123738113547057,15.4968450915488,3.18488470389666,3.18488470389666,0.0000998688448802186,16.3279483448763,3.99235306215964,3.99235306215964,0.000229269101744579,18.1883079563534,5.83700589588404,5.83700589588404,0.00147237860025299,16.6511737281883,4.31046801700954,4.31046801700954,0.000316739002629174,4.31046801700954,0.000316739002629174,0.000316739002629174,0.00000000136583766425763,16.4368522366201,4.09935076957977,4.09935076957977,0.000255644329968123,4.09935076957977,0.000255644329968123,0.000255644329968123,0.00000000110235220890679,17.2679555539655,4.92104982973411,4.92104982973411,0.000586823973066585,4.92104982973411,0.000586823973066585,0.000586823973066585,0.00000000253083620406812,19.1283152071571,6.77523368084587,6.77523368084587,0.0037649690902074,6.77523368084587,0.0037649690902074,0.0037649690902074,0.0000000162632734844542,"Thomas P. Tiffany","Republican"
"Wisconsin","WI","5508",637307.590360239,582617.679544987,1275820.43183435,6151706.65279865,1631507.43132221,7.0342499826542,1491501.25963517,6.43061288492861,3266100.30549594,14.0818028629281,15748369.0311645,67.8991480256539,4176659.02418486,18.0076799555948,18.0076799555948,0.0000776401749593185,3818243.22466603,16.4623689854172,16.4623689854172,0.0000709775613196385,8361216.7820696,36.049415329096,36.049415329096,0.000155427179971764,40315824.7197812,173.821818945674,173.821818945674,0.000749433378867675,10692247.1019133,46.0996606863226,46.0996606863226,0.000198758847895855,46.0996606863226,0.000198758847895855,0.000198758847895855,0.000000000856949466194414,9774702.65514502,42.1436646026681,42.1436646026681,0.000181702556978275,42.1436646026681,0.000181702556978275,0.000181702556978275,0.000000000783411208391994,21404714.9620982,92.2865032424859,92.2865032424859,0.000397893580727716,92.2865032424859,0.000397893580727716,0.000397893580727716,0.00000000171551956160192,103208511.28264,444.983856500925,444.983856500925,0.00191854944990125,444.983856500925,0.00191854944990125,0.00191854944990125,0.00000000827183264727882,13.3650092605152,13.2752881853776,14.0591007893904,15.6322402683621,14.3050155628368,2.08371365104353,14.2152943979443,2.00560834320507,14.9991075702483,2.71348890867846,16.5722474277957,4.23264381256804,15.2450224478242,2.94484310568552,2.94484310568552,0.0000776371611169822,15.1553012478711,2.8600482219303,2.8600482219303,0.0000709750425317638,15.939114642164,3.61225257102638,3.61225257102638,0.000155415102419046,17.5122546475926,5.16376727777545,5.16376727777545,0.00074915269390059,16.1850295604155,3.85226579688438,3.85226579688438,0.000198739097972904,3.85226579688438,0.000198739097972904,0.000198739097972904,0.000000000856949399962473,16.0953083467669,3.7645355841003,3.7645355841003,0.000181686051068166,3.7645355841003,0.000181686051068166,0.000181686051068166,0.000000000783411113451481,16.8791218277744,4.53567543760863,4.53567543760863,0.000397814442068637,4.53567543760863,0.000397814442068637,0.000397814442068637,0.00000000171551950275915,18.4522618909691,6.1002827551787,6.1002827551787,0.00191671138447615,6.1002827551787,0.00191671138447615,0.00191671138447615,0.00000000827183251804189,"Tony Wied","Republican"
"Wyoming","WY","5600",1264572.5651432,227823.272762234,130092.009478163,6536335.90073538,3237305.76676658,13.9576551087292,583227.578271319,2.51458773866182,333035.544264096,1.43588391109221,16733019.9058826,72.1444737075556,8287502.76292245,35.7315970783468,35.7315970783468,0.000154056905474756,1493062.60037458,6.43734461097426,6.43734461097426,0.0000277546337508174,852570.993316086,3.67586281239607,3.67586281239607,0.0000158484953411344,42836530.9590594,184.689852691342,184.689852691342,0.000796290944281888,21216007.0730815,91.4728885205679,91.4728885205679,0.000394385678015375,91.4728885205679,0.000394385678015375,0.000394385678015375,0.0000000017003952268182,3822240.25695892,16.4796022040941,16.4796022040941,0.0000710518624020925,16.4796022040941,0.0000710518624020925,0.0000710518624020925,0.000000000306340352654367,2182581.74288918,9.41020879973393,9.41020879973393,0.0000405721480733041,9.41020879973393,0.0000405721480733041,0.0000405721480733041,0.000000000174926957978728,109661519.255192,472.806022889836,472.806022889836,0.00203850481736163,472.806022889836,0.00203850481736163,0.00203850481736163,0.00000000878902063262171,14.0502455206583,12.3363298772698,11.7760049311443,15.6928874595937,14.9902522972678,2.70522321619179,13.2763344609988,1.25692223208585,12.7160075054761,0.890309693167021,16.6328946248563,4.29243657721045,15.9302593675241,3.60363734046392,3.60363734046392,0.000154045039928333,14.2163406746593,2.00651387801138,2.00651387801138,0.0000277542485980997,13.6560129342118,1.54241370451307,1.54241370451307,0.0000158483697551221,17.5729018469303,5.22407782330798,5.22407782330798,0.000795974072851234,16.8702665524862,4.5269155044821,4.5269155044821,0.000394307928425341,4.5269155044821,0.000394307928425341,0.000394307928425341,0.00000000170039515656512,15.1563475250133,2.86103461276559,2.86103461276559,0.0000710493383380664,2.86103461276559,0.0000710493383380664,0.0000710493383380664,0.000000000306340286424218,14.596019477954,2.34278694003705,2.34278694003706,0.000040571325046065,2.34278694003705,0.000040571325046065,0.000040571325046065,0.000000000174926961789245,18.5129090911962,6.1607980035262,6.1607980035262,0.00203642988577666,6.1607980035262,0.00203642988577666,0.00203642988577666,0.00000000878902058377828,"Harriet M. Hageman","Republican"
NA,NA,"0",85338032.0374579,67087053.3977113,53434248.6031027,546563458.086895,218465362.015892,941.914170581143,171742856.698141,740.469925883711,136791676.423943,589.777790183001,1399202452.70245,6032.66625679753,559271326.760684,2411.30027668773,2411.30027668773,0.0103963295562304,439661713.147241,1895.6030102623,1895.6030102623,0.00817289899271284,350186691.645294,1509.83114286848,1509.83114286848,0.00650964224044402,3581958278.91827,15443.6256174017,15443.6256174017,0.0665852457339321,1431734596.50735,6172.92870832058,6172.92870832058,0.0266146036639499,6172.92870832058,0.0266146036639499,0.0266146036639499,0.000000114748956558393,1125533985.65694,4852.74370627149,4852.74370627149,0.0209226214213449,4852.74370627149,0.0209226214213449,0.0209226214213449,0.0000000902079552594508,896477930.611952,3865.16772574332,3865.16772574332,0.0166646841355367,3865.16772574332,0.0166646841355367,0.0166646841355367,0.0000000718498437952784,9169813194.03079,39535.6815805483,39535.6815805483,0.170458229078866,39535.6815805483,0.170458229078866,0.170458229078866,0.000000734931249421001,18.2621307869169,18.0215016533391,17.7939624766705,20.1191609779373,19.2021380382676,6.84897526107982,18.9615089027473,6.60863460227093,18.7339697237578,6.38143995716624,21.0591682353138,8.70511010774808,20.1421452939698,7.78833604292093,7.78833604292093,0.0103426593834828,19.9015161576905,7.54781967563718,7.54781967563718,0.00813968171862588,19.6739769777945,7.320415204121,7.320415204121,0.00648854602245641,21.9991754933698,9.64501636533094,9.64501636533094,0.0644621860996877,21.0821525513716,8.72809065791422,8.72809065791422,0.0262665963146096,8.72809065791422,0.0262665963146096,0.0262665963146096,0.00000011474894997528,20.841523414796,8.48750558437164,8.48750558437164,0.0207067492599523,8.48750558437164,0.0207067492599523,0.0207067492599523,0.0000000902079512590328,20.6139842345458,8.26001904365473,8.26001904365473,0.0165273519186896,8.26001904365473,0.0165273519186896,0.0165273519186896,0.0000000718498412711342,22.9391827516911,10.5849841675716,10.5849841675716,0.157395320920654,10.5849841675716,0.157395320920654,0.157395320920654,0.000000734930979351313,NA,NA
"Virgin Islands",NA,"7898",0,0,0,510925.159784078,0,0,0,0,0,0,1307968.40904724,5.6393103592525,0,0,0,0,0,0,0,0,0,0,0,0,3348399.12716093,14.4366345196864,14.4366345196864,0.0000622436001026301,0,0,0,0,0,0,0,0,0,0,0,0,0,0,0,0,0,0,0,0,0,0,0,0,8571901.76553199,36.9577843703972,36.9577843703972,0.000159343616262733,36.9577843703972,0.000159343616262733,0.000159343616262733,0.000000000687010557484139,0,0,0,13.1439803573435,0,0,0,0,0,0,14.0839864231472,1.893008096536,0,0,0,0,0,0,0,0,0,0,0,0,15.0239932157447,2.73674354931448,2.73674354931448,0.0000622416630500427,0,0,0,0,0,0,0,0,0,0,0,0,0,0,0,0,0,0,0,0,0,0,0,0,15.9640002922462,3.63647460455665,3.63647460455665,0.000159330922417213,3.63647460455665,0.000159330922417213,0.000159330922417213,0.000000000687010448294154,"Stacey E. Plaskett","Democrat"
