"state","state_code","FIPS","county","pop_2024","terminated_loss","terminated_loss_noself","terminated_econ_loss","terminated_job_loss","terminated_econ_loss_noself","terminated_job_loss_noself","IDC_loss","IDC_econ_loss","IDC_job_loss","grant_funds","grant_funds_econ","overlap_loss","overlap_econ_loss","overlap_job_loss","overlap_loss_noself","overlap_econ_loss_noself","overlap_job_loss_noself","combined_loss","combined_econ_loss","combined_job_loss","combined_loss_noself","terminated_loss_log","terminated_loss_noself_log","terminated_econ_loss_log","terminated_job_loss_log","terminated_econ_loss_noself_log","terminated_job_loss_noself_log","IDC_loss_log","IDC_econ_loss_log","IDC_job_loss_log","grant_funds_log","grant_funds_econ_log","combined_loss_log","combined_econ_loss_log","combined_job_loss_log","combined_loss_noself_log"
"Alabama","AL","01001","Autauga County",61464,191685.016542125,191685.016542125,516711.708229085,1.97939555439309,516711.708229085,1.97939555439309,1563223.05587335,4106410.45309494,15.9480991135218,8750740.30204261,22959682.6352295,14208.602631252,39809.6324437374,0.151250488810205,0,0,0,1740699.46978422,4623122.16132403,17.9274946679149,1754908.07241547,12.1636139818876,12.1636139818876,13.1552423089585,1.09172044584742,13.1552423089585,1.09172044584742,14.262260949017,15.2280600793084,2.83015568084267,15.9846489749787,16.9492503503673,14.3697981590231,15.3465810436114,2.94061560928428,14.3779276029504
"Alabama","AL","01003","Baldwin County",261608,852003.915766345,849477.628455347,2450186.85588187,9.35540712083826,2444483.0725708,9.33454777483217,6941304.81510064,19466276.4817816,73.9011164858041,39903152.2282873,111310751.340142,32590.6677479583,91432.4563646896,0.350463613051814,0,0,0,7760718.06311903,21910759.5543524,83.2356642606363,7790782.44355599,13.6553475754736,13.6523780619852,14.7116752554516,2.33750881042796,14.7093446453612,2.33549243550799,15.753000472579,16.7841941665563,4.3161687967646,17.5019659070154,18.5278364184093,15.8645855506395,16.9024884236279,4.43361839761032,15.868451983208
"Alabama","AL","01005","Barbour County",24358,8842.64412386395,8842.64412386395,21422.8592319752,0.0837336583685021,21422.8592319752,0.0837336583685021,105542.43102788,259261.736855861,1.04337088572236,751130.43611774,1844215.47809609,315.498067521978,780.491425603021,0.00306569745666629,0,0,0,114069.577084222,280684.596087836,1.12710454409086,114385.075151744,9.08745430189408,9.08745430189408,9.97226049733315,0.0804121702155396,9.97226049733315,0.0804121702155396,11.5668778156967,12.4655972545122,0.714600839115554,13.5293359302369,14.427565072139,11.644572633045,12.5449904467756,0.754761685969734,11.6473346298177
"Alabama","AL","01007","Bibb County",22258,35804.2025686404,35804.2025686404,90117.3671949678,0.350700044315804,90117.3671949678,0.350700044315804,425882.797888478,1121765.50736027,4.35016839256649,2595424.96576066,6811486.39282489,3528.53672038798,9215.63204300786,0.0357815247232255,0,0,0,458158.463736731,1211882.87455524,4.70086843688229,461687.000457119,10.4858484849768,10.4858484849768,11.4088792762614,0.30062300939409,11.4088792762614,0.30062300939409,12.961921813132,13.9304152394512,1.67712803565865,14.7692612097666,15.7341210673203,13.0349725765955,14.0076866279478,1.74061852058307,13.0426446182442
"Alabama","AL","01009","Blount County",60163,409083.607607354,409083.607607354,990727.8767152,3.85934235951061,990727.8767152,3.85934235951061,2276068.27189591,6263325.84557764,24.1587721319579,14108528.4861756,37794355.4470815,21704.3870523073,53431.4283072497,0.208071820822879,0,0,0,2663447.49245096,7254053.72229284,28.0181144914685,2685151.87950326,12.9216772781971,12.9216772781971,13.806196190326,1.58090311178311,13.806196190326,1.58090311178311,14.6379605095718,15.6502220468899,3.22520662825495,16.4622901005507,17.4476703491016,14.7951322668571,15.7970711425369,3.36792027261843,14.8032482226667
"Alabama","AL","01011","Bullock County",9901,5721.27787520691,5721.27787520691,14328.3236743349,0.0564400192318795,14328.3236743349,0.0564400192318795,43846.9276283419,106742.925880363,0.417619992922197,296455.677525356,726530.763131455,307.040252151509,846.421630119492,0.00340401506202346,0,0,0,49261.1652513973,121071.249554697,0.474060012154077,49568.2055035488,8.65212223503263,8.65212223503263,9.57006332322099,0.0549047833737077,9.57006332322099,0.0549047833737077,10.6884827362124,11.5781880290538,0.348979404128566,12.5996563738451,13.4960374817958,10.8049116262789,11.7041427501412,0.388020506747096,10.8111250631183
"Alabama","AL","01013","Butler County",18256,9315.08723847866,9315.08723847866,22448.3498287528,0.0876308085911864,22448.3498287528,0.0876308085911864,64124.678469338,180415.609829008,0.687797899316515,446812.365137194,1256426.05660098,353.882302009323,861.797995385896,0.00337259148137406,0,0,0,73085.8834058073,202863.959657761,0.775428707907701,73439.7657078167,9.13949799533122,9.13949799533122,10.0190169318937,0.0840017605092009,10.0190169318937,0.0840017605092009,11.0686001628356,12.1030239545952,0.523424661112749,13.0098962587495,14.0437825814362,11.1994041960647,12.2202958133039,0.574041919346575,11.2042344515447
"Alabama","AL","01015","Calhoun County",116427,195714.223013987,195714.223013987,485922.974435115,1.89896515386119,485922.974435115,1.89896515386119,1426068.20425509,3633886.38708946,13.8646460682834,9661014.11679841,24670928.8848242,14780.7464279289,37913.6309209056,0.147641160662066,0,0,0,1607001.68084115,4119809.36152457,15.7636112221446,1621782.42726908,12.1844159378601,12.1844159378601,13.0938074594425,1.0643538298125,13.0938074594425,1.0643538298125,14.170432409112,15.105813538765,2.69898564643121,16.0836092852224,17.021136180735,14.2898813129455,15.2313176915102,2.81921053855939,14.2990369827137
"Alabama","AL","01017","Chambers County",33813,117250.64126169,117250.64126169,319277.791758374,1.21214325841379,319277.791758374,1.21214325841379,798736.717577137,2037706.05130257,7.66013435753102,5000736.95292201,12721272.1914811,12828.0027421467,36274.7295325026,0.137088899859815,0,0,0,903159.356096681,2356983.84306094,8.87227761594482,915987.358838828,11.6720776841781,11.6720776841781,12.6738199554458,0.793961845764512,12.6738199554458,0.793961845764512,13.5907879075004,14.5273357392054,2.15873023718044,15.4250960500924,16.3587862045371,13.7136553981358,14.6728937512913,2.28973058831795,13.7277589348843
"Alabama","AL","01019","Cherokee County",26138,25526.7675687434,25526.7675687434,62956.0149037314,0.245548018499731,62956.0149037314,0.245548018499731,183664.238322738,476551.917060436,1.83884228074971,1169401.21832649,3018099.23097396,1870.67809994785,4782.08635444071,0.0186375259741309,0,0,0,207320.327791534,539507.931964167,2.08439029924944,209191.005891481,10.147522062963,10.147522062963,11.0502074693836,0.219575608569646,11.0502074693836,0.219575608569646,12.1208700226095,13.0743340495524,1.04339632143889,13.9720032517003,14.9201381288168,12.2420251768342,13.1984146195473,1.12635400387039,12.251007797687
"Alabama","AL","01021","Chilton County",47262,212832.273442188,212832.273442188,556803.805590908,2.13543317999993,556803.805590908,2.13543317999993,1534556.3542194,3877358.83268668,14.7047785161858,9220707.45732729,23235385.4646202,19105.0625184446,52951.1603191905,0.20157896094006,0,0,0,1728283.56514315,4434162.63827758,16.8402116961858,1747388.62766159,12.2682643843873,12.2682643843873,13.2299700186959,1.14276733997811,13.2299700186959,1.14276733997811,14.2437525288305,15.1706650244914,2.75396503013318,16.0369624317703,16.961186953228,14.3626398936903,15.3048495738174,2.88145499345958,14.373633590959
"Alabama","AL","01023","Choctaw County",12052,2842.13725032837,2842.13725032837,6844.8948397995,0.0267160901530866,6844.8948397995,0.0267160901530866,12029.809020954,29845.3608112327,0.115450684807358,104122.534179089,262926.272886279,121.699951869084,293.097517530618,0.00114397954756939,0,0,0,14750.2463194133,36690.2556510322,0.142166774960445,14871.9462712824,7.95266338706974,7.95266338706974,8.83140445814824,0.0263654469181924,8.83140445814824,0.0263654469181924,9.39522605699464,10.3038181955168,0.109258524865562,11.5533333018583,12.4796327439692,9.59908285442977,10.5102937400134,0.132927138189967,9.60729915508573
"Alabama","AL","01025","Clarke County",22142,45021.6423094743,45021.6423094743,138909.250772276,0.530436890653359,138909.250772276,0.530436890653359,86663.5375151727,247280.504784892,0.947112910950415,689429.344344487,1937419.93773602,17276.3194951216,55012.5092074576,0.209651697228138,0,0,0,114408.860329525,386189.755557168,1.47754980160377,131685.179824647,10.7149208046414,10.7149208046414,11.8415833256758,0.4255532440895,11.8415833256758,0.4255532440895,11.3698000538952,12.4182826621356,0.666347716978948,13.4436209476815,14.4768682330472,11.6475425459052,12.8640867117589,0.907270088575481,11.7881769454343
"Alabama","AL","01027","Clay County",14239,18410.1535037549,18410.1535037549,44553.3325133756,0.174096473463815,44553.3325133756,0.174096473463815,58105.4266540525,142475.463389763,0.558259807221934,428232.148186987,1048163.08423913,911.223504872509,2239.04553970883,0.00878089813721645,0,0,0,75604.3566529349,187028.795903139,0.73235628068575,76515.5801578075,9.82071192863338,9.82071192863338,10.7044646787512,0.160498893041491,10.7044646787512,0.160498893041491,10.9700315503898,11.8669320958543,0.443569690428031,12.9674230650023,13.862550700538,11.2332824148551,12.1390232195245,0.549482493769835,11.2452627304202
"Alabama","AL","01029","Cleburne County",15905,14997.5940806213,14997.5940806213,36315.6137158072,0.141926227748862,36315.6137158072,0.141926227748862,51048.3039656481,124355.116618231,0.488635587796687,367039.150372935,891528.115956023,752.69608691304,1854.08036873666,0.00727537446090196,0,0,0,65293.2019593564,160670.730334038,0.630561815545549,66045.8980462694,9.61571174773303,9.61571174773303,10.5000305936717,0.13271650997808,10.5000305936717,0.13271650997808,10.8405471891345,11.7309046367491,0.397859987548064,12.8132265226139,13.7006933752652,11.0866585205009,11.9871186204699,0.488924627546717,11.0981203451273
"Alabama","AL","01031","Coffee County",56358,26705.5667527078,26705.5667527078,67454.5420214608,0.2631720107013,67454.5420214608,0.2631720107013,130550.399696924,327276.914762127,1.26972601782766,930639.068110179,2375325.85634372,2432.73216393875,6469.56226595497,0.0251195941755898,0,0,0,154823.234285693,394731.456783588,1.53289802852896,157255.966449632,10.1926647599429,10.1926647599429,11.1192240231451,0.233626026257593,11.1192240231451,0.233626026257593,11.7795222956089,12.6985649811644,0.819659127216625,13.743627873677,14.6806456097053,11.9500457801179,12.8859634897968,0.929364113015735,11.9656364753279
"Alabama","AL","01033","Colbert County",58785,120103.822487039,120103.822487039,307132.125775516,1.08089153908308,307132.125775516,1.08089153908308,658128.379401921,1709712.59146313,6.07959151651848,3428157.67297419,8880668.89026669,4724.99532580408,12055.0509893317,0.0426036991594198,0,0,0,773507.206563156,2016844.71723865,7.16048305560156,778232.20188896,11.6961201611923,11.6961201611923,12.635036567025,0.732796426439135,12.635036567025,0.732796426439135,13.3971568162101,14.3518364240783,1.95721621063419,15.0475338449606,15.9993875502161,13.5586915585875,14.5170453228053,2.09930336521427,13.5647815036044
"Alabama","AL","01035","Conecuh County",11109,51976.640693385,51976.640693385,141884.363684731,0.542733334870981,141884.363684731,0.542733334870981,204438.399447347,571849.236444277,2.09974591765342,1224083.64690063,3400139.23010635,487.527929992198,1299.30293214796,0.00499349653942213,0,0,0,255927.51221074,713733.600129008,2.6424792525244,256415.040140732,10.8585689184271,10.8585689184271,11.862774712548,0.433555735938028,11.862774712548,0.433555735938028,12.2280268753282,13.2566324116818,1.13132014608474,14.0177038956278,15.0393272328848,12.4526534352876,13.4782664637182,1.29266456312712,12.4545565611231
"Alabama","AL","01037","Coosa County",10291,156078.416403622,156078.416403622,413095.367091239,1.61380746813316,413095.367091239,1.61380746813316,498643.18886819,1275026.5590698,5.06662988313326,8532139.85757559,21283112.8379691,16037.0500302862,43936.9989004065,0.16939952514902,0,0,0,638684.555241526,1688121.92616104,6.68043735126642,654721.605271812,11.9581202362051,11.9581202362051,12.9314361790863,0.960807958370519,12.9314361790863,0.960807958370519,13.1196480720334,14.0584783512978,1.80280324217647,15.9593508677638,16.8734245387052,13.3671675234203,14.3391277750417,2.03867649231766,13.3919669215127
"Alabama","AL","01039","Covington County",37748,589247.666062449,589247.666062449,1893623.23394841,7.21635865103513,1893623.23394841,7.21635865103513,282624.258707996,877432.326356611,3.33103035368423,2328132.26307065,7264056.78898049,7694.48406719872,24454.4874039882,0.0932946292229981,0,0,0,864177.440703246,2771055.56030502,10.5473890047194,871871.924770445,13.286603557007,13.286603557007,14.4540031349181,2.10612712442851,14.4540031349181,2.10612712442851,12.5518771249553,13.6847562500754,1.46580547067808,14.6605773297822,15.7984491547631,13.6695345550538,14.8347392351507,2.44645935121489,13.6783989637974
"Alabama","AL","01041","Crenshaw County",13114,6395.81410177997,6395.81410177997,15699.8430321829,0.0615557184697583,15699.8430321829,0.0615557184697583,25275.6110479462,63536.722291124,0.248858521060667,223986.815383218,600677.79831507,254.648091587436,633.942666837712,0.00249370768288159,0,0,0,31416.7770581388,79236.5653233069,0.310414239530425,31671.4251497262,8.76355534880902,8.76355534880902,9.66146968621219,0.0597354910989689,9.66146968621219,0.0597354910989689,10.1376347826267,11.0593890603306,0.222229950957,12.319346933747,13.3058156252513,10.3551291600432,11.280205774991,0.270343300610149,10.3632017122159
"Alabama","AL","01043","Cullman County",92604,461911.355024937,461911.355024937,1141900.703118,4.50280011022107,1141900.703118,4.50280011022107,2784056.17235044,7179369.39631606,28.089285059203,28677990.9176067,72332680.8831598,32621.7069491429,82801.2111217619,0.325660796443403,0,0,0,3213345.82042624,8321270.09943406,32.5920851694241,3245967.52737538,13.0431304443289,13.0431304443289,13.948205591166,1.7052570736347,13.948205591166,1.7052570736347,14.839419836271,15.7867222486442,3.37036989534717,17.1716405544246,18.0967866165725,14.9828235751379,15.9343255775026,3.51429047878663,14.9929243311919
"Alabama","AL","01045","Dale County",50067,118334.841528538,118334.841528538,268470.562413939,0.990664527514217,268470.562413939,0.990664527514217,469536.293603225,1078426.24716803,3.99455671192783,3646752.36928373,8594497.99262636,1931.80024355902,4544.34932461109,0.0171575943758391,0,0,0,585939.334888204,1346896.80958196,4.98522123944205,587871.135131763,11.6812819755806,11.6812819755806,12.5005002745247,0.688468516417274,12.5005002745247,0.688468516417274,13.0595030070706,13.8910142851118,1.60834866180153,15.1093478418621,15.9666329045389,13.2809732457785,14.1133145873193,1.7892933039812,13.2842647459746
"Alabama","AL","01047","Dallas County",35545,90157.1639062956,90157.1639062956,227558.267874557,0.829077742696354,227558.267874557,0.829077742696354,465495.775320733,1196754.94131363,4.38340788633835,2649318.47351183,6780311.49909655,4346.97699644896,11079.8550991136,0.0409926938340737,0,0,0,551305.962230579,1424313.20918818,5.2124856290347,555652.939227028,11.4093207836693,11.4093207836693,12.3351660015741,0.603811874080217,12.3351660015741,0.603811874080217,13.0508604483299,13.9951250717828,1.68332160976008,14.7898133625346,15.7295337501666,13.2200470332493,14.1692009991337,1.82656107818622,13.2279009679921
"Alabama","AL","01049","DeKalb County",73122,25606.3568911242,25606.3568911242,63369.0863666199,0.247092190193686,63369.0863666199,0.247092190193686,853586.763101231,2312498.57200549,8.79028888364761,5270229.63803391,14200580.3978057,1861.96947920364,4771.87792539443,0.0186077842204707,0,0,0,877331.150513152,2375867.65837211,9.03738107384129,879193.119992356,10.1506349677419,10.1506349677419,11.0567472052111,0.220814593551197,11.0567472052111,0.220814593551197,13.6572036432311,14.65383956329,2.28139096414053,15.4775846838927,16.4687934652408,13.684640934559,14.6808736794738,2.30631623101751,13.6867609941424
"Alabama","AL","01051","Elmore County",91042,204714.821630792,204714.821630792,537402.891313004,2.07037370385064,537402.891313004,2.07037370385064,1332018.65439614,3515034.29765378,13.6140810313933,8028688.22599291,21026675.4559773,12148.612329884,33442.1707649529,0.127983925523412,0,0,0,1524584.86369705,4052437.18896678,15.684454735244,1536733.47602693,12.2293780604593,12.2293780604593,13.1945052161366,1.12179928182954,13.1945052161366,1.12179928182954,14.1022068855263,15.0725601251832,2.68198551813218,15.8985318379777,16.8613024969574,14.2372333663544,15.2148292799073,2.81447743173191,14.2451702528975
"Alabama","AL","01053","Escambia County",36630,97565.2849239022,97565.2849239022,261864.272941516,1.00107506747846,261864.272941516,1.00107506747846,502559.818554251,1325103.83599236,5.07588698872364,3206147.77480104,8435543.66885098,3608.16815745385,9696.76852707614,0.0373500723702202,0,0,0,596516.9353207,1586968.10893388,6.0769620562021,600125.103478154,11.4882872713691,11.4882872713691,12.4755854250699,0.693684569879666,12.4755854250699,0.693684569879666,13.1274719435404,14.0970021357762,1.80432798494298,14.9805810161907,15.9479648443554,13.2988645876636,14.2773365342491,1.95684472751394,13.3048950845787
"Alabama","AL","01055","Etowah County",103207,212350.8829114,212350.8829114,527113.035137377,2.05279106746676,527113.035137377,2.05279106746676,1512204.54504764,3950042.57656647,15.1357585055282,9759940.3087935,25322544.1469824,13805.2097713256,35192.7442505279,0.136631625742077,0,0,0,1710750.21818771,4477155.61170385,17.188549572995,1724555.42795904,12.2660000027207,12.2660000027207,13.1751721895755,1.1160562762543,13.1751721895755,1.1160562762543,14.2290797689741,15.1892371688586,2.78103783434806,16.0937969449279,17.0472056694216,14.3524431408927,15.3144987180059,2.90079225174747,14.3604804321685
"Alabama","AL","01057","Fayette County",15863,19045.5300832567,19045.5300832567,47131.82827816,0.183583355607638,47131.82827816,0.183583355607638,167093.789734538,431947.256635433,1.67694391985676,1054341.71362341,2709848.1602703,1476.67939051895,3788.70526423701,0.0147185409140844,0,0,0,184662.640427276,479079.084913593,1.8605272754644,186139.319817795,9.85464021610337,9.85464021610337,10.7607250282628,0.16854657893037,10.7607250282628,0.16854657893037,12.026316533574,12.9760610837456,0.984675815441968,13.8684281104724,14.8124035308899,12.1262912893491,13.0796230543045,1.05100596988966,12.1342560758955
"Alabama","AL","01059","Franklin County",31874,17706.489084469,17706.489084469,43371.4439179537,0.169767764463328,43371.4439179537,0.169767764463328,201325.87855155,549813.066796369,2.08481590789282,973187.263359294,2599526.06365094,983.4964034052,2494.93433867287,0.00985210004139228,0,0,0,218048.871232613,593184.510714323,2.25458367235614,219032.367636019,9.78174294119212,9.78174294119212,10.6775795856673,0.156805237195853,10.6775795856673,0.156805237195853,12.2126851275605,13.2173354396831,1.12649198228439,13.7883328299742,14.7708400878504,12.2924790827301,13.2932624633143,1.18006436344206,12.2969793608273
"Alabama","AL","01061","Geneva County",27259,6779.54409450613,6779.54409450613,16523.5758975508,0.0646765578793792,16523.5758975508,0.0646765578793792,28877.3932159103,72178.8350554824,0.283117393287599,232013.745916817,580499.436778586,357.171243338517,901.513436762152,0.00355744093130145,0,0,0,35299.7660670779,88702.4109530332,0.347793951166978,35656.9373104164,8.82181262764175,8.82181262764175,9.71260400009711,0.0626710515130321,9.71260400009711,0.0626710515130321,10.2708489548908,11.186915993011,0.249292580502743,12.3545562086149,13.2716458325377,10.4716599443028,11.3930536224967,0.298469145589191,10.4817270465141
"Alabama","AL","01063","Greene County",7127,6405.11271869812,6405.11271869812,15523.8192950192,0.0606824812512731,15523.8192950192,0.0606824812512731,29404.976254753,72019.8793262666,0.282164340024362,205952.760714281,503006.110385376,285.073079554707,707.217046220367,0.00277970256977394,0,0,0,35525.0158938964,87543.6986212858,0.342846821275635,35810.0889734511,8.76500792581482,8.76500792581482,9.65019526712165,0.058912551178387,9.65019526712165,0.058912551178387,10.2889532066406,11.1847113466016,0.248549540629414,12.2354069600242,13.128359584937,10.4780205491475,11.3799047832968,0.294791853907004,10.4860128722886
"Alabama","AL","01065","Hale County",15116,25226.3739634815,25226.3739634815,59750.9385090237,0.239543102702237,59750.9385090237,0.239543102702237,858773.3738345,2030532.41544055,8.33778917961307,4044607.69208488,9641920.82132608,680.59792312923,1659.78397819487,0.00649763609937445,0,0,0,883319.149874853,2090283.35394957,8.57733228231531,883999.747797982,10.135684952329,10.135684952329,10.9979569129331,0.214742846154118,10.9979569129331,0.214742846154118,13.6632615050382,14.5238090827278,2.2340695196836,15.2128953651265,16.0816310057761,13.6914429845129,14.5528106692077,2.25939908580429,13.6922131875447
"Alabama","AL","01067","Henry County",18141,8968.01193868423,8968.01193868423,22592.4653109169,0.0891129759921245,22592.4653109169,0.0891129759921245,25183.3257205797,61845.6441746871,0.242443835862732,176327.703804621,432000.813615625,315.498067521978,780.491425603021,0.00306569745666629,0,0,0,33835.839591742,84438.1094856039,0.331556811854856,34151.337659264,9.10153079722251,9.10153079722251,10.0254159979151,0.0853635814460508,10.0254159979151,0.0853635814460508,10.1339770847652,11.0324131188658,0.217080275442017,12.0801051674115,12.9761850654018,10.4293054166798,11.3437859557864,0.286348792920651,10.4385863153432
"Alabama","AL","01069","Houston County",109366,100029.312089014,100029.312089014,273421.907819109,1.05018540927552,273421.907819109,1.05018540927552,341641.210840255,960586.391679707,3.68265315167559,2211702.97393285,6117577.70757823,10744.6597078029,30329.6736856523,0.11554737300779,0,0,0,430925.863221466,1234008.29949882,4.73283856095111,441670.522929269,11.5132285399285,11.5132285399285,12.51877498842,0.717930232609581,12.51877498842,0.717930232609581,12.7415193012962,13.7753002426632,1.54386486204642,14.6092738053327,15.6266769401873,12.9736936637853,14.0257790194797,1.74621079391893,12.9983217239855
"Alabama","AL","01071","Jackson County",53780,29819.7443010232,29819.7443010232,73767.9495830258,0.287915681388579,73767.9495830258,0.287915681388579,234125.88075045,608710.954525482,2.36935542831597,1564391.23826856,4072020.21806617,2035.34770405279,5184.88889215237,0.0202155274469619,0,0,0,261910.27734742,682478.904108508,2.65727110970455,263945.625051473,10.3029595478001,10.3029595478001,11.2086931846964,0.253025160778831,11.2086931846964,0.253025160778831,12.363618472818,13.3191004537265,1.21472145850827,14.2630079603762,15.2196500479224,12.4757610893145,13.4334883610781,1.29671727087514,12.4835021838524
"Alabama","AL","01073","Jefferson County",664744,12503868.3667155,12503798.2252248,30778218.0096053,118.840880319926,30777991.5311414,118.840017579591,49360105.8795623,125505686.928123,482.109772530688,324416878.273508,818780931.14542,584527.672973342,1458168.39053028,5.65076898263946,0,0,0,61279446.5733044,156283678.459264,600.949790110279,61863904.1047871,16.3415487037093,16.3415430941107,17.2423178227648,4.78616486553571,17.2423104643372,4.78615766646108,17.7146531028662,18.6478616376455,6.1802439001504,19.5975399111377,20.5233271239197,17.93095506856,18.8671833718928,6.40017403669799,17.9404474513371
"Alabama","AL","01075","Lamar County",13543,14548.4720339955,14548.4720339955,36301.285371722,0.141311009944582,36301.285371722,0.141311009944582,139515.135050615,365310.921411213,1.41709602102766,858867.042765162,2238194.73014715,1294.12946271532,3349.05898794108,0.0130025715927303,0,0,0,152769.477621895,401612.206782935,1.55840703097224,154063.607084611,9.58530998561794,9.58530998561794,10.4996359761699,0.132177610376223,10.4996359761699,0.132177610376223,11.8459355370003,12.8085068468285,0.882566828291632,13.6633705718962,14.6211806216469,11.9366919277665,12.9032447322346,0.939384811284928,11.9451273199426
"Alabama","AL","01077","Lauderdale County",97502,43485.4689762652,43485.4689762652,107652.291702049,0.419533355424725,107652.291702049,0.419533355424725,354356.591402877,918987.416572215,3.56751664351805,2034591.0777385,5237072.54964214,3071.29779599037,7876.72526400249,0.0306947049597847,0,0,0,394770.762583152,1026639.70827426,3.98704999894278,397842.060379142,10.6802051106713,10.6802051106713,11.5866710801425,0.350328194664484,11.5866710801425,0.350328194664484,12.7780618274684,13.7310287968756,1.51896965316444,14.5258059035657,15.4712734173948,12.8860630606379,13.8418025818136,1.60684455236951,12.8938128858463
"Alabama","AL","01079","Lawrence County",33567,97728.4992977808,97728.4992977808,252343.652461859,0.988213169466883,252343.652461859,0.988213169466883,1028658.26169255,2777065.88001202,10.7129410262465,6659925.89768277,18318868.2115641,7212.12242338553,19282.9813574989,0.0745062169727657,0,0,0,1119174.63856694,3029409.53247388,11.7011541957134,1126386.76099033,11.4899587299982,11.4899587299982,12.4385511005863,0.687236330587914,12.4385511005863,0.687236330587914,13.8437668245974,14.8369058495467,2.46069430117764,15.7116190661324,16.7234421910456,13.9281029352693,14.9238786148215,2.5416928708873,13.9345263987288
"Alabama","AL","01081","Lee County",187847,403413.759191465,403413.759191465,993506.547768834,3.8381812205578,993506.547768834,3.8381812205578,2696886.59748181,6730525.56835775,26.0775984917798,20556321.0642987,51100841.0094676,14538.5722111691,39035.6170002545,0.152315097344013,0,0,0,3085761.78446211,7724032.11612659,29.9157797123376,3100300.35667328,12.9077204908222,12.9077204908222,13.8089969380955,1.57653886922873,13.8089969380955,1.57653886922873,14.8076089243834,15.7221639405153,3.29870676212414,16.8386790946257,17.7493115327186,14.9423094406624,15.8598472099536,3.43126672385818,14.9470098765607
"Alabama","AL","01083","Limestone County",118942,375392.709188843,375381.018940396,1039002.39869102,3.88332734089824,1038964.65228038,3.88318355084234,4679207.96159755,12672481.6375652,48.0130358756392,25995611.1286103,70255127.7684695,23890.2008268917,65061.2669239548,0.246790452179675,0,0,0,5030710.4699595,13711446.2898455,51.8962194264815,5054588.98053794,12.8357306453725,12.8356995035867,13.8537725411935,1.5858268196744,13.8537362110945,1.58579737414211,15.3586396283078,16.3549434792401,3.89208630100707,17.0734383174592,18.0676438708936,15.4310719773935,16.4337416105071,3.96833186989229,15.4358072954829
"Alabama","AL","01085","Lowndes County",9485,6655.40605224203,6655.40605224203,17291.9266215564,0.0671161897160995,17291.9266215564,0.0671161897160995,113053.533464671,301624.873344661,1.16837693604567,870270.946324967,2231777.81594171,929.029607108069,2469.76643534923,0.00957063295002211,0,0,0,118779.909909805,318916.799966218,1.23549312576177,119708.939516913,8.80333498608531,8.80333498608531,9.75805283107147,0.0649598602206352,9.75805283107147,0.0649598602206352,11.6356255783145,12.6169426983882,0.773978931954594,13.6765610237699,14.6183095007726,11.6850359820036,12.672688668205,0.804461841653293,11.6928269249986
"Alabama","AL","01087","Macon County",18159,121065.156029138,121065.156029138,274968.036204461,1.01561823493257,274968.036204461,1.01561823493257,862475.900902542,2017359.36358396,7.66446644840378,4500644.55177301,10545830.6678498,1386.18297734016,3161.45954999099,0.0116635901748488,0,0,0,982154.87395434,2292327.39978842,8.68008468333636,983541.056931681,11.7040924192113,11.7040924192113,12.5244137746892,0.700925964683846,12.5244137746892,0.700925964683846,13.6675636459667,14.5173004641331,2.15923034578456,15.3197314004013,16.1712412372393,13.7975053058546,14.645078627438,2.27007064952877,13.7989156784101
"Alabama","AL","01089","Madison County",423355,1162342.71221052,1162342.71221052,3029388.09211181,11.6420567597806,3029388.09211181,11.6420567597806,13840286.8062731,36471538.1000768,139.990604654831,98685447.3273018,257524693.199211,109718.845987012,292476.011059517,1.13198819976202,0,0,0,14892910.6724966,39500926.1921886,151.632661414611,15002629.5184836,13.9659489662964,13.9659489662964,14.9238715373925,2.53702909381859,14.9238715373925,2.53702909381859,16.4430943031885,17.4120427637062,4.94869325450436,18.4074480601737,19.3666261732727,16.5163959310438,17.4918347028158,5.02803412880974,16.5237361115902
"Alabama","AL","01091","Marengo County",18512,21402.9091025993,21402.9091025993,54175.5756596241,0.209889943236501,54175.5756596241,0.209889943236501,117955.905161264,308839.137583059,1.19021979516474,884818.585875969,2318652.72551959,2702.71461386135,7236.71106735511,0.0277967963255898,0,0,0,136656.099650002,363014.713242683,1.40010973840124,139358.814263863,9.97132885267387,9.97132885267387,10.9000039106078,0.19052939946901,10.9000039106078,0.19052939946901,11.6780746262444,12.6405790679059,0.784001901881294,13.693139045441,14.6564972844844,11.8252301450011,12.8022013994801,0.875514460642425,11.844814459306
"Alabama","AL","01093","Marion County",29323,91277.4099371784,91277.4099371784,235512.38519243,0.855966703645993,235512.38519243,0.855966703645993,557057.341288002,1470633.10910329,5.40807220442972,3350222.424278,8845767.70815613,7920.27721437983,21090.0745842747,0.0790447736466183,0,0,0,640414.4740108,1706145.49429572,6.26403890807571,648334.75122518,11.4216695647652,11.4216695647652,12.3695230281586,0.618405694357179,12.3695230281586,0.618405694357179,13.2304252554136,14.20120423248,1.8575584775599,15.0245375953916,15.9954497905793,13.3698724228528,14.3497478733915,1.9829359975726,13.3821639757558
"Alabama","AL","01095","Marshall County",102156,301023.826825743,300969.392609939,802269.344548931,3.0266841204274,802106.484084224,3.02612344800462,3412268.2957791,9134118.19798204,34.6921674466972,20576557.3099872,55001069.9705669,23616.5573958328,64504.505594961,0.248509943280363,0,0,0,3689675.56520901,9936224.68206627,37.7182908947018,3713237.68838904,12.6149480214783,12.6147671754709,13.5952009180135,1.39294323837239,13.5949978979239,1.39280398944116,15.0428881105575,16.0275273225633,3.57493126546188,16.8396630396904,17.8228632151993,15.1210493604702,16.1116977964709,3.656312121318,15.127415015604
"Alabama","AL","01097","Mobile County",412339,1308803.03475714,1308732.89326645,3849682.18745199,14.7138776197736,3849455.70898816,14.7130148794382,9910535.42935877,28742483.0152577,110.023944671444,57259610.2144772,164477991.676601,38414.7480783098,110283.208516911,0.422919430802095,0,0,0,11180923.7160376,32591938.7242458,124.736959550882,11219268.3226252,14.0846243276171,14.0845707341314,15.1635014139045,2.75454424674911,15.1634425817578,2.75448934215836,16.109109034948,17.1738868654738,4.70974589580936,17.8631060677837,18.918287336099,16.2297197339021,17.2995755680437,4.83419210221785,16.2331433331776
"Alabama","AL","01099","Monroe County",19057,162253.823495729,162242.133247282,492091.460458632,1.87800070845972,492053.714047993,1.87785691840382,1064075.7725048,3258793.13998098,12.4469264689586,5742533.64338125,17452750.8846028,4909.72397813795,14479.2235208682,0.0553921051122519,0,0,0,1221419.87202239,3750846.85402897,14.3247833873625,1226317.90575208,11.9969233629117,11.9968513116201,13.1064219055797,1.05709585462905,13.106345196706,1.05704589159478,13.8776181008905,14.9968677892032,2.59875056461518,15.5634112463319,16.6750078953026,14.0155253882304,15.1374924667988,2.72947134712939,14.0195274805375
"Alabama","AL","01101","Montgomery County",225894,1217804.66390918,1217804.66390918,3203593.32949036,12.5101898399633,3203593.32949036,12.5101898399633,5261603.48935042,13660284.9984725,53.6205890272632,31543691.3646878,81646427.767469,68219.1019903423,185850.679965138,0.720054794848347,0,0,0,6411189.05126926,16863878.3279628,66.1307788672265,6479408.1532596,14.0125611610812,14.0125611610812,14.9797839653871,2.60344420368414,14.9797839653871,2.60344420368414,15.475946574198,16.4300033488184,4.00041090008231,17.2668842019143,18.2179086381201,15.6735554670892,16.6406845746977,4.20664264025527,15.6841398841188
"Alabama","AL","01103","Morgan County",126084,352224.322963831,352224.322963831,915622.910720311,3.43306782598956,915622.910720311,3.43306782598956,4894404.7939149,12846886.7020169,48.9326239931592,28261177.2778175,74352459.2649322,32777.6464305957,86997.2877025507,0.33321460151136,0,0,0,5213851.47044813,13762509.6127372,52.3656918191488,5246629.11687873,12.7720263718458,12.7720263718458,13.7273609815299,1.48909185589165,13.7273609815299,1.48909185589165,15.4036034361626,16.3686121377921,3.91067457656963,17.1569996285418,18.1243273206381,15.4668295781862,16.4374588311472,3.97716806419362,15.4730965459737
"Alabama","AL","01105","Perry County",7719,5698.57178389751,5698.57178389751,13724.2227106803,0.0535665747686366,13724.2227106803,0.0535665747686366,24309.6527292442,62763.2325887308,0.243692990127331,191824.575315332,490110.535550138,243.399903738168,586.195035061236,0.00228795909513878,0,0,0,29764.8246094035,76487.4552994111,0.297259564895967,30008.2245131417,8.64814632536855,8.64814632536855,9.52699049288946,0.0521811461606979,9.52699049288946,0.0521811461606979,10.098669917186,11.0471406454386,0.218085171356561,12.164341776209,13.1023882677562,10.3011161891985,11.2448950973076,0.260254012447986,10.3092600971522
"Alabama","AL","01107","Pickens County",18508,28260.3521357446,28260.3521357446,70685.7450481921,0.275232477421558,70685.7450481921,0.275232477421558,300967.452430167,785518.094579934,3.04924181664068,1880431.36012346,4879604.19257145,2538.65713734537,6599.31684889333,0.0256389019994187,0,0,0,326689.147428566,856203.839628126,3.32447429406224,329227.804565911,10.2492505013694,10.2492505013694,11.1660133526698,0.243128497221936,11.1660133526698,0.243128497221936,12.614760729036,13.5741000452047,1.39852965782553,14.4470122871541,15.4005748713949,12.6967674392788,13.6602649251275,1.46429058249014,12.7045082426386
"Alabama","AL","01109","Pike County",33124,20155.5296844598,20155.5296844598,52131.1165732596,0.20259173798016,52131.1165732596,0.20259173798016,92534.5903942847,252714.643953553,0.981835490620782,667035.498202896,1839945.21169519,682.163175508583,1699.29370222114,0.00665784414738145,0,0,0,112007.956903236,304845.760526813,1.18442722860094,112690.120078744,9.91128356870007,9.91128356870007,10.8615364787653,0.184479009468483,10.8615364787653,0.184479009468483,11.4353486105183,12.4400201986764,0.68402343075801,13.4106000433451,14.4252468963835,11.6263341194299,12.6275645048298,0.781353656243326,11.6324059043658
"Alabama","AL","01111","Randolph County",23067,21872.9266328938,21872.9266328938,55054.7375564882,0.215276144502471,55054.7375564882,0.215276144502471,162803.076701863,423408.518767027,1.64389796352262,1013662.72341239,2625294.5864495,1518.35256633549,3909.72727539614,0.0152102843887195,0,0,0,183157.650768421,478463.256323515,1.85917410802509,184676.003334757,9.99305064181136,9.99305064181136,10.9161013611792,0.194971330394358,10.9161013611792,0.194971330394358,12.0003027734033,12.9560951191662,0.972254329536219,13.8290817744151,14.7807040520302,12.1181080003343,13.0783367876566,1.05053280971089,12.1263636502317
"Alabama","AL","01113","Russell County",58837,52018.6784569068,52018.6784569068,140166.285611108,0.548346425630148,140166.285611108,0.548346425630148,249190.064847611,691583.570754602,2.67664754260772,1488010.87214259,4067418.78791439,2959.57409123098,8475.19838145552,0.0330953285603891,0,0,0,298249.169213287,831749.856365709,3.22499396823787,301208.743304518,10.8593773578399,10.8593773578399,11.8505918854921,0.437187539297237,11.8505918854921,0.437187539297237,12.425975209906,13.4467407230494,1.30200134311715,14.2129514729338,15.2185193976386,12.6056879073139,13.6312882234753,1.44101783317211,12.6155621226733
"Alabama","AL","01115","St. Clair County",96927,1022701.62512069,1022701.62512069,2474903.34248009,9.72609202082421,2474903.34248009,9.72609202082421,3972840.72295558,9727296.13342826,38.2930334775569,27248229.644518,66549222.6713113,50308.569164724,122673.799436179,0.483012237248891,0,0,0,4945233.77891154,12202199.4759083,48.0191254983811,4995542.34807626,13.8379593136439,13.8379593136439,14.721712303735,2.37267927975423,14.721712303735,2.37267927975423,15.1949921958344,16.0904466286687,3.67104723795977,17.120499146489,18.0134524373927,15.4139349999527,16.3171268603171,3.89221053825053,15.4240567425425
"Alabama","AL","01117","Shelby County",235969,2552997.35725861,2552997.35725861,6165310.3638479,24.1265219167424,6165310.3638479,24.1265219167424,8522589.85039187,20721551.3702584,81.102830148217,61810045.5881029,150400473.440163,123247.170985635,299322.417685309,1.17203490543057,0,0,0,10952340.0366648,26886861.7341063,105.229352064959,11075587.2076505,14.7527790527681,14.7527790527681,15.6344491983901,3.22392393834541,15.6344491983901,3.22392393834541,15.958230943001,16.8466848938936,4.4079724878279,17.939576475366,18.8288121239974,16.209063784679,17.1071483510818,4.66560045541306,16.2202539837854
"Alabama","AL","01119","Sumter County",11607,15937.5898897388,15937.5898897388,39646.7837784411,0.154368717788569,39646.7837784411,0.154368717788569,144740.520228821,377892.724691307,1.46623155746967,902580.746560201,2343658.86094541,1354.97943864986,3495.60774670639,0.013574561366515,0,0,0,159323.13067991,417539.508469748,1.62060027525824,160678.11011856,9.67649848480113,9.67649848480113,10.587790330884,0.143553629867609,10.587790330884,0.143553629867609,11.8827048115349,12.8423682834609,0.902691300362074,13.7130145429933,14.6672243086313,11.9786959638984,12.9421368448411,0.963403404224686,11.9871645502363
"Alabama","AL","01121","Talladega County",81375,245521.655739786,245521.655739786,599375.439087305,2.33933600659372,599375.439087305,2.33933600659372,1400204.47697218,3539168.04897023,13.779364502963,9092866.82449695,22914912.1214469,15005.8354755397,37489.5798254325,0.145975615797373,0,0,0,1630720.29723643,4138543.48805753,16.1187005095567,1645726.13271197,12.4111445060312,12.4111445060312,13.3036451255968,1.20577198680414,13.3036451255968,1.20577198680414,14.1521295530818,15.0794025256268,2.69323191750249,16.0230009086403,16.9472984845783,14.3045329885446,15.2358547110523,2.84017146301707,14.3136928704816
"Alabama","AL","01123","Tallapoosa County",40699,103213.637775446,103213.637775446,272187.963312365,1.04656488443369,272187.963312365,1.04656488443369,411894.179453489,1100487.47575204,4.24541297254573,2584070.41004761,6782117.12351793,8642.09730302177,24339.4279580328,0.0926430292600304,0,0,0,506465.719925914,1372675.43906441,5.29197785697942,515107.817228936,11.5445659608808,11.5445659608808,12.5142518221334,0.716162721521605,12.5142518221334,0.716162721521605,12.9285241771595,13.9112647080647,1.65735397517306,14.7648767789701,15.729800018726,13.1352138945416,14.132272997156,1.8392754659558,13.1521334529163
"Alabama","AL","01125","Tuscaloosa County",241212,581180.864834232,581180.864834232,1446405.87573941,5.44664339788119,1446405.87573941,5.44664339788119,4381830.32077631,11051766.7992921,41.5462051686604,27556275.0142672,69505504.0531377,34846.063879343,89234.660941876,0.339629252694659,0,0,0,4928165.1217312,12498172.6750315,46.9928485665416,4963011.18561054,13.2728190072221,13.2728190072221,14.1845930223003,1.86355959192155,14.1845930223003,1.86355959192155,15.2929773047354,16.2181009549687,3.75059066581677,17.1317408721303,18.0569165167958,15.4104774933942,16.3410930856005,3.871052011611,15.4175234098578
"Alabama","AL","01127","Walker County",65260,329933.337663803,329933.337663803,800072.558665591,3.12163073162571,800072.558665591,3.12163073162571,1604854.88442997,3922116.42768321,15.3599512996785,11240547.9006622,27394292.5922705,17836.6630550779,43978.5993654659,0.171461811620882,0,0,0,1916951.5590387,4722188.9863488,18.4815820313042,1934788.22209377,12.7066489368678,12.7066489368678,13.5924589507551,1.41624889369687,13.5924589507551,1.41624889369687,14.2885445188823,15.1821422260559,2.7948363543779,16.2350382358159,17.1258452866127,14.4662472742196,15.3677832301149,2.96946950802275,14.4755089493623
"Alabama","AL","01129","Washington County",15018,54506.4419787791,54506.4419787791,147981.790304093,0.566536463136848,147981.790304093,0.566536463136848,196211.427405668,529247.614958474,2.02840441657426,1200302.58660894,3237614.41938064,585.205372017125,1537.71934435483,0.00592703044195192,0,0,0,250132.66401243,677229.405262566,2.59494087971111,250717.869384447,10.9060925213986,10.9060925213986,11.9048512642559,0.448867107958135,11.9048512642559,0.448867107958135,12.1869531646053,13.1792135720045,1.10803588563132,13.9980850716027,14.9903476351284,12.4297507100165,13.4257668267308,1.27952754589484,12.4320875481048
"Alabama","AL","01131","Wilcox County",9865,102544.976710269,102533.286461821,328627.45999489,1.25254517822559,328589.713584252,1.25240138816969,722083.048544186,2323541.50800022,8.85189015263786,3667650.65140551,11780933.7790447,2413.13535559579,7691.86770543723,0.0293286350134079,0,0,0,822214.889898859,2652131.22158447,10.1042915408076,824616.335006007,11.5380665302616,11.5379525236938,12.7026830906794,0.81206076722512,12.702568223639,0.81199693070505,13.4898968218258,14.6586035221538,2.28766333044358,15.1150621382209,16.2819930860993,13.6197582793342,14.7908744863544,2.40733165889596,13.6226747213551
"Alabama","AL","01133","Winston County",23869,132904.498178574,132904.498178574,339126.470065607,1.25406219008639,339126.470065607,1.25406219008639,1067857.22141924,2815849.74946545,10.6151244622769,6160838.94750527,16197476.7893148,8484.40543562011,22065.4650481752,0.0828074322606716,0,0,0,1192277.3141622,3154976.21953106,11.8691866523633,1200761.71959782,11.79739361464,11.79739361464,12.7341313335782,0.81273400622471,12.7341313335782,0.81273400622471,13.8811655382099,14.8507749939554,2.45230808181515,15.6337236813287,16.6003660960637,13.9913765843894,14.9644918334975,2.55483582243644,13.9984675125152
"Alaska","AK","02013","Aleutians East Borough",3632,2.35538461538462,2.35538461538462,6.18648979591837,0.0000219050769230769,6.18648979591837,0.0000219050769230769,83554.4591284781,219389.201845642,0.776659214012493,521944.433596966,1370106.70237613,1759.16153846154,4620.49163265306,0.0163602023076923,0,0,0,81797.6529746319,219395.388335438,0.776681119089417,83556.8145130935,1.21056640331195,1.21056640331195,1.97220284611228,0.0000219048370103183,1.97220284611228,0.0000219048370103183,11.3332658715476,12.2986071669639,0.574734754761161,13.1653183280616,14.1303999095874,11.3120160551525,12.2986353651355,0.574747084048462,11.3332940606264
"Alaska","AK","02016","Aleutians West Census Area",5424,0,0,0,0,0,0,804.157404388867,2289.8489976829,0.00811898411050435,5245.97581596877,14982.5387437666,0,0,0,0,0,0,804.157404388867,2289.8489976829,0.00811898411050435,804.157404388867,0,0,0,0,0,0,6.69103779170672,7.73667776918694,0.00808620247519572,8.56540715456017,9.61470746039909,6.69103779170672,7.73667776918694,0.00808620247519572,6.69103779170672
"Alaska","AK","02020","Anchorage Municipality",289600,151975.97094159,151812.668294177,484658.623177406,1.83771799427155,484170.041783284,1.8360359770032,1081399.82282693,3055275.70307086,11.1147444160521,6942736.96924467,19515915.1817207,36897.0262899434,117560.809163333,0.445825752254238,0,0,0,1196478.76747858,3539445.74485415,12.9507803930554,1233212.49112111,11.9314842813868,11.9304091813538,13.0912021156556,1.04300020603154,13.0901935153847,1.04240729441565,13.8937678168202,14.9323807203229,2.49442325755831,15.7532067747445,16.7867409050593,13.994894276433,15.0794809861315,2.63553544885718,14.0251339148638
"Alaska","AK","02050","Bethel Census Area",18237,8009.3944515805,8009.3944515805,25861.3744010242,0.0985155517544402,25861.3744010242,0.0985155517544402,104104.008896481,330335.194651942,1.25063445611554,532501.749930525,1657211.82968343,1164.02666174298,3758.50253025924,0.0143175279394387,0,0,0,110949.376686319,356196.569052966,1.34915000786998,112113.403348062,8.98849528374136,8.98849528374136,10.1605444656292,0.0939597700062567,10.1605444656292,0.0939597700062567,11.5531553696461,12.7078661865195,0.811212156963094,13.1853433407412,14.3206477309388,11.6168383234547,12.7832408251456,0.854053563948553,11.6272750874084
"Alaska","AK","02060","Bristol Bay Borough",884,0,0,0,0,0,0,0,0,0,0,0,0,0,0,0,0,0,0,0,0,0,0,0,0,0,0,0,0,0,0,0,0,0,0,0,0
"Alaska","AK","02063","Chugach Census Area",6604,28.9756235856173,28.9756235856173,81.3341868819992,0.000289756235856173,81.3341868819992,0.000289756235856173,574.297573575873,1470.53755463765,0.00506501077116343,5527.29849319605,13894.7168570136,0,0,0,0,0,0,603.27319716149,1551.87174151965,0.0053547670070196,603.27319716149,3.4003845042207,3.4003845042207,4.41078641489398,0.000289714264625455,4.41078641489398,0.000289714264625455,6.35488742619283,7.29406308867824,0.00505222675339461,8.61763536058816,9.53933593185077,6.40402640885332,7.34786123217836,0.00534048121752717,6.40402640885332
"Alaska","AK","02066","Copper River Census Area",2631,0,0,0,0,0,0,85579.7728738769,201530.749180575,0.693255322206618,498128.150059308,1173245.57323525,0,0,0,0,0,0,85579.7728738769,201530.749180575,0.693255322206618,85579.7728738769,0,0,0,0,0,0,11.3572159209405,12.2137022121285,0.526652902298025,13.1186146598531,13.9752853129068,11.3572159209405,12.2137022121285,0.526652902298025,11.3572159209405
"Alaska","AK","02068","Denali Borough",1621,0,0,0,0,0,0,0,0,0,0,0,0,0,0,0,0,0,0,0,0,0,0,0,0,0,0,0,0,0,0,0,0,0,0,0,0
"Alaska","AK","02070","Dillingham Census Area",4642,0,0,0,0,0,0,6614.89037227214,16212.8842732649,0.0549035900898588,71830.161745828,176053.424044122,0,0,0,0,0,0,6614.89037227214,16212.8842732649,0.0549035900898588,6614.89037227214,0,0,0,0,0,0,8.79722966647437,9.69362320806473,0.053449378951194,11.1820736684843,12.0785484537427,8.79722966647437,9.69362320806473,0.053449378951194,8.79722966647437
"Alaska","AK","02090","Fairbanks North Star Borough",94951,8905.06267775012,8905.06267775012,27976.4255268903,0.105210398172841,27976.4255268903,0.105210398172841,331558.291853838,867823.762439904,3.06309761462583,1773170.16968094,4604798.99542222,1341.7785195782,4172.77091694817,0.0156151165016358,0,0,0,339121.57601201,895800.187966795,3.16830801279867,340463.354531588,9.0944875235562,9.0944875235562,10.2391532327957,0.100035722431154,10.2391532327957,0.100035722431154,12.7115619319022,13.6737450866707,1.40194564197562,14.3882801227997,15.3426097946811,12.7341169021642,13.7054737789063,1.4275102011445,12.7380657134283
"Alaska","AK","02100","Haines Borough",2104,0,0,0,0,0,0,0,0,0,0,0,0,0,0,0,0,0,0,0,0,0,0,0,0,0,0,0,0,0,0,0,0,0,0,0,0
"Alaska","AK","02105","Hoonah-Angoon Census Area",2312,0,0,0,0,0,0,0,0,0,0,0,0,0,0,0,0,0,0,0,0,0,0,0,0,0,0,0,0,0,0,0,0,0,0,0,0
"Alaska","AK","02110","Juneau City and Borough",31572,12875.1907625204,12875.1907625204,37686.4504824137,0.138063944156243,37686.4504824137,0.138063944156243,454638.245385455,1159690.71061223,4.04020491240125,2257034.6734068,5743049.57271384,1613.74135882664,4839.34311863515,0.0178724080673978,0,0,0,465899.694789149,1197377.16109465,4.17826885655749,467513.436147975,9.46313520766469,9.46313520766469,10.5370824395692,0.129328524069518,10.5370824395692,0.129328524069518,13.0272595161629,13.9636647610467,1.61744673847927,14.629562861349,15.5635010857826,13.0517277890876,13.9956448587023,1.64447080283916,13.055185506695
"Alaska","AK","02122","Kenai Peninsula Borough",61259,68877.6887300504,68877.6887300504,220220.673374233,0.835965776477766,220220.673374233,0.835965776477766,502355.250851908,1494281.71159564,5.48212605582566,2924131.08197109,8859519.76286619,1860.38043449896,5865.90324051859,0.0221574451063413,0,0,0,569372.559147459,1714502.38496987,6.31809183230343,571232.939581958,11.1401021019002,11.1401021019002,12.3023899242866,0.607570651761912,12.3023899242866,0.607570651761912,13.1270648100337,14.2171568580953,1.8690485515876,14.8885082705043,15.9970032311484,13.2522920164069,14.3546340252021,1.99034961534356,13.255554106278
"Alaska","AK","02130","Ketchikan Gateway Borough",13677,32.2249831642145,32.2249831642145,90.0474236638995,0.000319325408021407,90.0474236638995,0.000319325408021407,17566.6758764186,50302.1591742116,0.182655216331226,122984.912151431,332371.301983114,0,0,0,0,0,0,17598.9008595828,50392.2065978755,0.182974541739247,17598.9008595828,3.50330209787877,3.50330209787877,4.51138050993473,0.000319274434514407,4.51138050993473,0.000319274434514407,9.77381589448165,10.8258231607599,0.167762093938013,11.7198250924407,12.7140110111242,9.77564854803213,10.8276116552498,0.168032064679522,9.77564854803213
"Alaska","AK","02150","Kodiak Island Borough",12654,0,0,0,0,0,0,483.51742474026,1190.40562874912,0.00402892851891564,3810.95733799968,9111.6279089598,0,0,0,0,0,0,483.51742474026,1190.40562874912,0.00402892851891564,483.51742474026,0,0,0,0,0,0,6.1831533950603,7.08288908966648,0.00402083412029555,8.24589807321086,9.11741641286694,6.1831533950603,7.08288908966648,0.00402083412029555,6.1831533950603
"Alaska","AK","02158","Kusilvak Census Area",7946,0,0,0,0,0,0,6624.71141606413,16240.2491400919,0.0549949257971243,73802.5383852391,180393.725952691,0,0,0,0,0,0,6624.71141606413,16240.2491400919,0.0549949257971243,6624.71141606413,0,0,0,0,0,0,8.79871302864607,9.69530952825101,0.0535359572454911,11.2091619550387,12.1029026508878,8.79871302864607,9.69530952825101,0.0535359572454911,8.79871302864607
"Alaska","AK","02164","Lake and Peninsula Borough",1315,0,0,0,0,0,0,0,0,0,0,0,0,0,0,0,0,0,0,0,0,0,0,0,0,0,0,0,0,0,0,0,0,0,0,0,0
"Alaska","AK","02170","Matanuska-Susitna Borough",117613,68856.4437154029,68747.5752837944,220214.404465475,0.835974975951061,219888.68353606,0.834853631105493,599872.795263176,1737452.64163092,6.4077936753207,4087748.32601714,11795668.2249803,1869.82763867064,5894.16811103896,0.0222547513093096,0,0,0,666859.411339908,1957341.32516698,7.2426473064262,668620.370546971,11.1397936132787,11.1382112921693,12.3023614575245,0.607575662449129,12.3008812610997,0.606964713260005,13.3044745708454,14.3679311749894,2.00253264535244,15.2235050895181,16.2832430072373,13.410336024645,14.4870981545183,2.10932156737532,13.4129732155847
"Alaska","AK","02180","Nome Census Area",9836,0,0,0,0,0,0,9270.47378017463,22721.6340857787,0.0769449323754494,90115.6933744222,220870.675953876,0,0,0,0,0,0,9270.47378017463,22721.6340857787,0.0769449323754494,9270.47378017463,0,0,0,0,0,0,9.13469762976092,10.031116802989,0.074128266296426,11.4088607025107,12.3053371600639,9.13469762976092,10.031116802989,0.074128266296426,9.13469762976092
"Alaska","AK","02185","North Slope Borough",10663,54.4342158042519,0,162.860464707343,0.000560672422783795,0,0,3232.86342686603,9085.0671249943,0.0313362517232923,25399.4198850427,69815.8726567029,4.72360208584035,14.1324352601851,0.0000486531014841556,0,0,0,3282.57404058444,9085.0671249943,0.0313362517232923,3232.86342686603,4.01519701690349,0,5.09901524071198,0.000560515304726055,0,0,8.08143280883903,9.11449743403081,0.0308552932039959,10.1425209837772,11.1536309881449,8.09668775466397,9.11449743403081,0.0308552932039959,8.08143280883903
"Alaska","AK","02188","Northwest Arctic Borough",7134,0,0,0,0,0,0,1.71247032562095,0,0,111.619671898806,0,0,0,0,0,0,0,1.71247032562095,0,0,1.71247032562095,0,0,0,0,0,0,0.997859778943492,0,0,4.72401640647474,0,0.997859778943492,0,0,0.997859778943492
"Alaska","AK","02195","Petersburg Borough",3436,1342.69311064718,1342.69311064718,3290.89777642913,0.0111443528183716,3290.89777642913,0.0111443528183716,10857.1059373662,26610.4186462327,0.0901139792801395,73852.688165677,181010.571470493,90.6542797494781,222.190733895658,0.000752430521920668,0,0,0,12109.1447682639,29901.3164226618,0.101258332098511,12199.7990480134,7.20317715471721,7.20317715471721,8.09921950919732,0.0110827120599417,8.09921950919732,0.0110827120599417,9.29266717103653,10.1890956750735,0.0862822589211018,11.2098412280216,12.1063162389807,9.40179879091531,10.3056912287078,0.0964534642768703,9.4092567243154
"Alaska","AK","02198","Prince of Wales-Hyder Census Area",5746,28.9756235856173,28.9756235856173,81.3341868819992,0.000289756235856173,81.3341868819992,0.000289756235856173,218.18168986662,630.978769300024,0.00224553618687115,1160.99501228591,3315.24336283788,0,0,0,0,0,0,247.157313452237,712.312956182023,0.00253529242272732,247.157313452237,3.4003845042207,3.4003845042207,4.41078641489398,0.000289714264625455,4.41078641489398,0.000289714264625455,5.38990101995452,6.44885580070289,0.00224301873846452,7.05789364504972,8.10658790404411,5.51406287350018,6.5699202528398,0.00253208399062452,5.51406287350018
"Alaska","AK","02220","Sitka City and Borough",8355,0,0,0,0,0,0,846.322955523673,2074.31043653105,0.00702448053084649,21565.9784011063,52890.6847455555,0,0,0,0,0,0,846.322955523673,2074.31043653105,0.00702448053084649,846.322955523673,0,0,0,0,0,0,6.74208191539457,7.63786602944141,0.00699992379927149,9.97891864617266,10.8760014173163,6.74208191539457,7.63786602944141,0.00699992379927149,6.74208191539457
"Alaska","AK","02230","Skagway Municipality",1119,0,0,0,0,0,0,0,0,0,0,0,0,0,0,0,0,0,0,0,0,0,0,0,0,0,0,0,0,0,0,0,0,0,0,0,0
"Alaska","AK","02240","Southeast Fairbanks Census Area",7313,2685.38622129436,2685.38622129436,6581.79555285826,0.0222887056367432,6581.79555285826,0.0222887056367432,21191.8137904659,51941.1530639672,0.17589447202632,131220.078607738,321641.023052715,181.308559498956,444.381467791316,0.00150486104384134,0,0,0,23695.8914522613,58522.9486168255,0.198183177663063,23877.2000117603,7.89595215725055,7.89595215725055,8.79221479015107,0.0220439427267891,8.79221479015107,0.0220439427267891,9.96141743104823,10.8578859372642,0.162029110778542,11.7846388027076,12.6811944764468,10.0730991561688,10.977191327513,0.180806390895506,10.0807211882736
"Alaska","AK","02275","Wrangell City and Borough",2064,0,0,0,0,0,0,6.6463062563311,19.8849291663508,0.0000684569544402103,37.2193816024311,111.355802491755,0,0,0,0,0,0,6.6463062563311,19.8849291663508,0.0000684569544402103,6.6463062563311,0,0,0,0,0,0,2.0342226889229,3.0390278063394,0.0000684546113698703,3.64334275873437,4.72167064386428,2.0342226889229,3.0390278063394,0.0000684546113698703,2.0342226889229
"Alaska","AK","02290","Yukon-Koyukuk Census Area",5099,0,0,0,0,0,0,3.41188210227273,9.1490448840583,0.0000310481271306818,262.359628614238,706.599961369627,0,0,0,0,0,0,3.41188210227273,9.1490448840583,0.0000310481271306818,3.41188210227273,0,0,0,0,0,0,1.48430137897454,2.31737960096733,0.0000310476451474946,5.57352050730483,6.56187890769211,1.48430137897454,2.31737960096733,0.0000310476451474946,1.48430137897454
"Arizona","AZ","04001","Apache County",64800,407.241146763871,80.6358519383594,1193.26025609103,0.00409829186626492,216.097467846973,0.000734257329562147,517832.193497241,1275550.61963468,4.41062054111703,4710659.44076107,12191286.932511,1787.50315097658,4705.28624421417,0.0166521209165972,0,0,0,516451.931493028,1275766.71710252,4.41135479844659,517912.829349179,6.01185804579515,4.40226852746854,7.08528224012604,0.00408991674282329,5.38034641328317,0.000733987894530805,13.1574084491064,14.0588892858625,1.68836378888998,15.3653386771309,16.3162321507173,13.1547394336565,14.0590586864273,1.68849948635882,13.1575641547957
"Arizona","AZ","04003","Cochise County",125773,188356.49626563,181878.824584924,492613.706112432,1.71720131739806,473233.310812258,1.65048129908679,3809078.24207474,9633861.23693311,32.4067780927759,20502185.529135,52324167.3221215,23480.9177827152,70169.3821471196,0.259329961717679,0,0,0,3973953.82055765,10107094.5477454,34.0572593918626,3990957.06665966,12.1460970119864,12.1111014434835,13.107482618288,0.999602423171512,13.0673459165141,0.9747412458037,15.1528980491495,16.0807947663953,3.5087588163032,16.8360420983787,17.7729689317051,15.1952723332718,16.1287482646329,3.55698270735223,15.1995418769999
"Arizona","AZ","04005","Coconino County",145161,58061.2902747653,57135.908606093,151219.738532793,0.56338069521538,148451.110632768,0.553849264028056,3026067.09852779,8232477.7249196,29.0901504312437,18738702.4238924,51323177.288169,2118.65637893089,6185.03377881898,0.0232579788099136,0,0,0,3082009.73242362,8380928.83555236,29.6439996952718,3083203.00713388,10.9692716834897,10.9532055722227,11.9264958929305,0.446850588778119,11.9080176978932,0.440735248545833,14.9227746775477,15.9235977089499,3.40419789000612,16.7461016447552,17.7536530265846,14.941092777148,15.9414694251992,3.42243687471043,14.9414798763086
"Arizona","AZ","04007","Gila County",54073,2127.27483333015,1147.45894885362,6364.54411619029,0.0219109307833005,3433.05575145811,0.0118188271731922,136858.879782899,385823.431573911,1.36816318763359,913573.257866478,2646380.48999384,113.840005093627,340.595264539225,0.00117255205246436,0,0,0,138872.314611136,389256.487325369,1.37998201480678,138006.338731753,7.66306699312327,7.04617627821966,8.75865499299222,0.0216743361081275,8.14149727646195,0.0117495303060507,11.8267129061114,12.8631377044936,0.862114628343938,13.7251199408959,14.7887037893772,11.8413173908549,12.8719963247723,0.867092930850958,11.835062141941
"Arizona","AZ","04009","Graham County",40242,1791.16763929002,49.2727335539596,5343.66090469258,0.0183898994044225,132.126034057606,0.000448381875341033,92858.1502373501,277118.780965362,0.954375993948815,661120.248556337,1973587.73286216,151.394823888774,452.880306631411,0.00155907921748411,0,0,0,94497.9230527514,277250.906999419,0.954824375824156,92907.4229709041,7.49118113787042,3.9174628536671,8.58385337985498,0.0182228501093833,4.89129630400239,0.000448281382226469,11.4388391105235,12.5322051139595,0.670070957806144,13.4016925340188,14.4953641352542,11.4563437171497,12.5326817834556,0.670300356064045,11.439369587763
"Arizona","AZ","04011","Greenlee County",9410,271.352865450857,108.050218038101,778.320683150913,0.0026652742524981,289.739289028884,0.000983256984146721,16432.820216934,47916.4743493125,0.164430639102993,109361.260369496,320666.371000881,14.1708062575211,42.3973057805553,0.000145959304452467,0,0,0,16690.0022761274,48206.2136383414,0.165413896087139,16540.8704349721,5.60709852498182,4.69180849207802,6.65842262117602,0.00266172870758013,5.6724269516106,0.000982773903633963,9.70709669872909,10.7772355258351,0.152232245754234,11.6024211402542,12.6781596374458,9.72262506734695,10.7832639493872,0.153076299533506,9.71365004773249
"Arizona","AZ","04012","La Paz County",16992,150.055794875387,95.6215790711346,448.948443995519,0.00154557468721648,286.087979288176,0.000984902264432687,55730.1005216887,210800.216481831,0.472024009691315,308032.668742343,1217678.27054401,7.12486604821543,21.3167210815095,0.0000733861202966189,0,0,0,55873.0314505158,211086.304461119,0.473008911955748,55825.7221007598,5.0176492710517,4.57080210210112,6.109133007302,0.00154438151592485,5.6597887168258,0.000984417566424691,10.9282936277522,12.2586708664194,0.386638331105263,12.6379643700799,14.0124573678994,10.9308549975467,12.2600270920996,0.387307187669759,10.9300079244325
"Arizona","AZ","04013","Maricopa County",4673096,53550364.793048,53335087.2078518,130287234.932685,466.615509203616,129607146.291511,464.094317760096,71153393.9395693,192735726.454403,696.365977351758,418329254.207439,1143402480.0129,1127438.06618027,3089444.77498161,11.1154527817093,0,0,0,123576320.666437,322342872.745914,1160.46029511185,124488481.147421,17.7961331857039,17.7921049878859,18.685252078223,6.14764639672028,18.6800184892161,6.14224021891202,18.0803485966052,19.0768305207369,6.54731034806695,19.8517793723064,20.8572742866474,18.6323695123575,19.5911263622822,7.05743336747796,18.6397237567173
"Arizona","AZ","04015","Mohave County",226479,126769.653610665,80810.5577261882,325945.696861661,1.21674127993836,212771.434952023,0.833321152328253,96832060.7236109,238516941.44441,808.778350623237,589272495.582334,1452380006.71068,4294.1816865587,11937.5142620504,0.0445385957744135,0,0,0,96954536.195535,238729712.879362,809.611671775566,96912871.2813371,11.7501348557976,11.2998752754455,12.6944891404209,0.796038225555733,12.2679784930593,0.606129159363654,18.3884887135598,19.2899509032724,6.69676056901402,20.1943992773841,21.0964694324074,18.389752737893,19.2908425656706,6.69778911302413,18.3893229089191
"Arizona","AZ","04017","Navajo County",109516,818.394831624037,546.223752602778,2431.03189588512,0.00837380579825812,1616.72957234841,0.00557044368433914,1185708.75356235,2843314.44637463,9.8038246890248,6358317.18755952,15910870.3740353,35.6243302410771,106.583605407548,0.000366930601483095,0,0,0,1186491.52406373,2844931.17594698,9.80939513270914,1186254.97731495,6.70856605758011,6.30485777290058,7.7964823580844,0.00833893999093141,7.3887789466584,0.00555498613993791,13.9858521014074,14.8604813399387,2.37990020931083,15.6652744644286,16.5825131677668,13.9865120540069,14.861049785521,2.38041567566462,13.986312667726
"Arizona","AZ","04019","Pima County",1080149,3487302.32646309,2893183.43383848,8236236.02686751,30.2771436057649,6471139.96174399,24.2141300090999,36305350.8707023,104975366.338788,367.975269565863,235540066.168691,682855630.885954,196996.926428415,560687.165705492,2.07373483244696,0,0,0,39595656.2707369,111446506.300532,392.189399574963,39198534.3045407,15.0646393096759,14.8778683336851,15.9240541260828,3.44288759455621,15.6828629974127,3.22740455202248,17.4074757228223,18.4692362838262,5.91072962164786,19.2773915935466,20.3417940216727,17.4942300053307,18.5290552785929,5.97429142853769,17.4841499393825
"Arizona","AZ","04021","Pinal County",513862,243505.31575232,234251.499065598,682276.430116961,2.44485165233561,654590.151116712,2.34953734046236,4726147.86898972,12847188.1617139,44.6546775705971,28008769.6861911,76419841.7562135,41487.4366336535,129216.47535656,0.485454801193733,0,0,0,4928165.74810839,13501778.3128306,47.0042149110595,4960399.36805532,12.4028981585496,12.3641548684134,13.4331916431372,1.23688084180712,13.3917661229571,1.20882222897461,15.3686212362307,16.3686356030988,3.82110606774125,17.148028257883,18.1517529423548,15.4104776204957,16.4183320356741,3.87128881769983,15.4169970148095
"Arizona","AZ","04023","Santa Cruz County",50508,5484.60894369207,95.6215790711346,16409.2739853151,0.0564914721200284,286.087979288176,0.000984902264432687,332912.413679878,939134.063304057,3.23789311220595,2478204.04725462,7057950.15114712,470.03787046057,1406.29537657965,0.00484139006574387,0,0,0,337926.984753109,939420.151283345,3.23887801447038,333008.035258949,8.60988338636333,4.57080210210112,9.70566288018578,0.0549534862193698,5.6597887168258,0.000984417566424691,12.7156377161724,13.7527145852313,1.44406623824582,14.723045084824,15.7696653621318,12.7305880889034,13.7530191680586,1.44429861499734,12.7159249015042
"Arizona","AZ","04025","Yavapai County",252013,1547761.5758943,1546074.11520437,3619245.55509694,11.4056294811116,3614196.88069101,11.3882486360053,2015915.7198798,5337196.78971619,19.6366985974423,12834929.0920624,34293016.764652,22506.9122093737,53281.6591080902,0.170128720957287,0,0,0,3541170.38356473,8951393.6704072,31.0249472334477,3561989.83508417,14.2523209466234,14.2512300937567,15.101776428188,2.51815036000075,15.100380502562,2.51674833262357,14.5165845977367,15.4902113147223,3.02707097614542,16.3676809256081,17.3504523277015,15.0799681296869,16.0073199072067,3.46651520011392,15.0858301698594
"Arizona","AZ","04027","Yuma County",220310,3134735.6764751,3130544.24185817,7327833.40771975,23.0877812144722,7315293.15193729,23.0446094379179,3995291.47768915,10059548.8752445,36.1677911147814,21672642.8344866,54983532.7145425,44998.3707539436,106891.869935733,0.341618528284338,0,0,0,7085028.7834103,17374842.0271818,59.2124005526993,7125835.71954732,14.9580557337766,14.9567177460222,15.807190587881,3.18170470837798,15.8054778037861,3.17991083163318,15.2006273454387,16.1240329776233,3.61544255598378,16.8915613704309,17.8225443113632,15.7734946348257,16.6705339149675,4.0978783203494,15.7792377115465
"Arkansas","AR","05001","Arkansas County",16050,8036.00212644197,8036.00212644197,21649.7667155968,0.0747351520295893,21649.7667155968,0.0747351520295893,44923.8349661084,127460.16832943,0.455473272322945,313904.416004956,904975.595289046,407.633437407077,1098.25207103064,0.00379099096788582,0,0,0,52552.2036551433,149109.935045027,0.530208424352534,52959.8370925503,8.99181142279424,8.99181142279424,9.9827961469189,0.0720742610204683,9.9827961469189,0.0720742610204683,10.7127460381026,11.75556703507,0.375331120807827,12.6568469965995,13.7156643607886,10.8695813383887,11.9124458384058,0.425403951193568,10.8773079966142
"Arkansas","AR","05003","Ashley County",17984,49548.4106439284,49548.4106439284,153889.322229962,0.583119797809512,153889.322229962,0.583119797809512,737216.761084287,2147085.00077438,8.17665974881652,3974143.356282,11689862.0183034,5016.57425462616,15409.3893951765,0.0587044985770346,0,0,0,781748.597473589,2300974.32300434,8.75977954662603,786765.171728215,10.8107256455184,10.8107256455184,11.9439954343537,0.459397455742039,11.9439954343537,0.459397455742039,13.5106385971141,14.5796221323113,2.21666327663395,15.1953200266184,16.274232615527,13.5692897604157,14.6488436444943,2.27826981273404,13.5756863698196
"Arkansas","AR","05005","Baxter County",43007,136284.760805729,136284.760805729,399379.976754689,1.49141029148846,399379.976754689,1.49141029148846,862497.065784144,2364541.27145838,8.67426111329628,5771620.16177698,15906841.6884542,7119.44056036238,20414.7316714128,0.0757824828678135,0,0,0,991662.386029511,2763921.24821307,10.1656714047847,998781.826589874,11.8225091427169,11.8225091427169,12.8976710692719,0.912848932266678,12.8976710692719,0.912848932266678,13.667588185316,14.6760950184526,2.26946886528072,15.5684635629341,16.5822599323775,13.8071390000828,14.8321613333051,2.41284401826106,13.814292643197
"Arkansas","AR","05007","Benton County",321566,1068179.62776889,1068179.62776889,2848638.14725704,10.6686888363482,2848638.14725704,10.6686888363482,5277999.41614005,14217529.1958236,52.9197322967849,31926721.0158461,86347581.6465968,30363.6960328096,85166.6650304661,0.319076544130368,0,0,0,6315815.34787613,17066167.3430806,63.5884211331331,6346179.04390894,13.8814674113263,13.8814674113263,14.8623519460186,2.45690908663145,14.8623519460186,2.45690908663145,15.4790578748897,16.4699862820099,3.98749650176949,17.2789538978439,18.273891367337,15.6585675766512,16.6526086022677,4.16803515529807,15.663363621966
"Arkansas","AR","05009","Boone County",38636,236991.415458779,236991.415458779,689377.962851348,2.61346951373832,689377.962851348,2.61346951373832,1760183.10864514,5468552.88142018,20.7789312599066,24594699.1087524,78171133.8607039,7378.15687619192,22376.2245227588,0.0848805854303927,0,0,0,1989796.36722772,6157930.84427153,23.392400773645,1997174.52410391,12.3757834173216,12.3757834173216,13.4435464174432,1.28466839493717,13.4435464174432,1.28466839493717,14.3809289687281,15.5145247667619,3.08094304650777,17.0180415349578,18.1744110179459,14.5035433660024,15.6332515395702,3.19427164008742,14.5072445024283
"Arkansas","AR","05011","Bradley County",9935,40167.9638120726,40167.9638120726,128674.969114148,0.48832832661017,128674.969114148,0.48832832661017,222046.21407957,660961.365760183,2.48700233442884,1046351.50123514,3145255.57981714,629.743299633264,1981.47336757462,0.00745467584448409,0,0,0,261584.43459201,789636.334874331,2.97533066103901,262214.177891643,10.6008499319515,10.6008499319515,11.76505265598,0.397653561674965,11.76505265598,0.397653561674965,12.3106453142762,13.4014521819031,1.24904243715955,13.8608208661043,14.9614060281966,12.47451621885,13.5793290492591,1.38010792981365,12.4769207353322
"Arkansas","AR","05013","Calhoun County",4690,956.271379720488,956.271379720488,2576.40057676759,0.00889332383140054,2576.40057676759,0.00889332383140054,116511.472867674,319597.65780222,1.21797850399931,644453.395905127,1768306.7901973,48.5277901675092,130.744294170314,0.000451308448557835,0,0,0,117419.216457227,322174.058378987,1.22687182783071,117467.744247395,6.86408692462926,6.86408692462926,7.85453664163311,0.00885401113544911,7.85453664163311,0.00885401113544911,11.6657536094989,12.6748212932479,0.796596197266832,13.376159339983,14.385533596506,11.6735143730608,12.6828503363593,0.800597832883301,11.6739275707752
"Arkansas","AR","05015","Carroll County",28968,9838.28305356701,9838.28305356701,23728.2997436069,0.0848016344930225,23728.2997436069,0.0848016344930225,292705.790517223,722770.64024982,2.76819237541257,1495060.70477481,3757665.21990797,164.994486569531,444.530600179067,0.00153444872509664,0,0,0,302379.079084221,746498.939993426,2.8529940099056,302544.07357079,9.19413812698199,9.19413812698199,10.0744658396647,0.0813971449257779,10.0744658396647,0.0813971449257779,12.5869266719914,13.4908486009728,1.32659541045665,14.217678038052,15.139308636466,12.6194400450734,13.5231508155775,1.34885051098556,12.6199855488929
"Arkansas","AR","05017","Chicot County",9272,14438.736247716,14438.736247716,45233.1294194902,0.1698094217085,45233.1294194902,0.1698094217085,334242.26573984,965712.459328355,3.67636727213515,1806599.25136146,5212408.39266243,1290.19891617851,4098.43769510206,0.0154909299056891,0,0,0,347390.803071377,1010945.58874785,3.84617669384365,348681.001987556,9.57773914688638,9.57773914688638,10.7196071565466,0.156840848113435,10.7196071565466,0.156840848113435,12.719624347386,13.7806224432384,1.54252158460905,14.406957322833,15.4665527622355,12.758208537437,13.8263976664862,1.57819008352154,12.7619156167276
"Arkansas","AR","05019","Clark County",20920,115430.765583011,115419.075334564,368490.16849777,1.39610919687923,368452.422087131,1.39596540682333,928697.178292768,2950257.99897405,11.1523542937921,5070958.32432307,15966248.0051342,3833.97882877626,12177.0782126943,0.0460223893040283,0,0,0,1040293.965047,3318710.42106118,12.5483197006154,1044116.25362733,11.6564348601951,11.6563335809641,12.8171720242396,0.87384625387215,12.8170695839445,0.873786242262217,13.7415390761952,14.8974035207245,2.49752292005215,15.4390405735111,16.5859876150286,13.8550148511424,15.0150871393658,2.60626253230151,13.8586823530218
"Arkansas","AR","05021","Clay County",14112,1806.47255429334,1806.47255429334,4866.29843818902,0.0168938972328042,4866.29843818902,0.0168938972328042,67448.0201234438,178204.464137018,0.67772259837494,413135.163034809,1087512.03936918,87.3500223015165,235.339729506565,0.000812355207404104,0,0,0,69167.1426554357,183070.762575207,0.694616495607744,69254.4926777372,7.49968476957094,7.49968476957094,8.49029432666918,0.0167527824524723,8.49029432666918,0.0167527824524723,11.1191273340796,12.090692456495,0.517437277558027,12.9315325101847,13.8994040320976,11.1442956693538,12.1176335001744,0.527456458953983,11.1455577375502
"Arkansas","AR","05023","Cleburne County",25646,32797.7471655423,32797.7471655423,95425.7533078553,0.355208527102771,95425.7533078553,0.355208527102771,421517.246862303,1215873.7210231,4.56307770325715,2490261.23205427,7170413.33653523,2965.38920436643,8807.65469436452,0.0329791619737407,0,0,0,451349.604823479,1311299.47433096,4.91828623035992,454314.994027845,10.3981455974703,10.3981455974703,11.4661142511188,0.303955337031905,11.4661142511188,0.303955337031905,12.9516183457891,14.0109743107263,1.71615149886495,14.7278985769738,15.7854739984285,13.0199997107575,14.0865299312452,1.77804691887126,13.0265482570002
"Arkansas","AR","05025","Cleveland County",7367,1338.77993160868,1338.77993160868,3606.96080747463,0.0124506533639608,3606.96080747463,0.0124506533639608,6219.23565938118,16755.95723106,0.057838891632245,42941.7740892389,115694.366554478,67.9389062345128,183.04201183844,0.00063183182798097,0,0,0,7490.07668475535,20362.9180385347,0.0702895449962057,7558.01559098986,7.20026064931494,7.20026064931494,8.19089801845019,0.0123737813925403,8.19089801845019,0.0123737813925403,8.73556307237584,9.72656880809455,0.0562280455008555,10.6676236731942,11.658715865314,8.92146781581383,9.92151989019261,0.0679292146676731,8.93049624786312
"Arkansas","AR","05027","Columbia County",22024,62639.9692131482,62639.9692131482,197744.630146036,0.750459154660768,197744.630146036,0.750459154660768,740070.533392636,2141060.88314393,8.17856045376421,3802679.06246405,10945624.2576747,3852.58254285665,11902.3349185486,0.0452994202640989,0,0,0,798857.920062927,2338805.51328997,8.92901960842498,802710.502605784,11.0451748032964,11.0451748032964,12.1947367875149,0.559878127613227,12.1947367875149,0.559878127613227,13.5145021272552,14.5768124710046,2.21687037902046,15.1512166556996,16.2084504145504,13.5909396385233,14.6651513201652,2.29546174291354,13.5957506539108
"Arkansas","AR","05029","Conway County",21422,10784.8821140978,10784.8821140978,29017.923374208,0.105310313768636,29017.923374208,0.105310313768636,253968.096905427,706241.597148999,2.60838311429768,1444855.40113953,4064347.69715556,1148.33250027831,3086.70677989127,0.0116010223601152,0,0,0,263604.646519246,735259.520523207,2.71369342806632,264752.979019524,9.28599334630822,9.28599334630822,10.2757034263085,0.100126122485154,10.2757034263085,0.100126122485154,12.4449678728721,13.4677140794749,1.28325978123549,14.1835204982165,15.2177640660252,12.4822095021673,13.507980165084,1.31202691457635,12.4865562926974
"Arkansas","AR","05031","Craighead County",115852,1494193.2759625,1494169.8954656,4766967.7146868,18.1425261214698,4766892.22186552,18.142238541358,3603246.95167144,10779449.6792278,41.0698867798643,21490024.4070223,64370906.8271984,28665.8866164766,89438.0477000989,0.340264742456322,0,0,0,5068774.34101746,15546341.9010934,59.2121253212222,5097416.84713704,14.2170976736789,14.217082025995,15.3772211712719,2.95191235858406,15.3772053344953,2.95189733536977,15.0973462054782,16.1931521647467,3.73933220636668,16.8830994508899,17.9801723471948,15.4386097962943,16.5593359857202,4.09787374932908,15.4442446649962
"Arkansas","AR","05033","Crawford County",62258,129229.495739653,129229.495739653,396300.708011938,1.50594145166393,396300.708011938,1.50594145166393,705548.86368801,2083464.46174578,8.00026747442459,4356650.69404459,12912393.555104,8468.13350412656,22167.8032818841,0.0880729999706066,0,0,0,826310.225923537,2479765.16975772,9.50620892608852,834778.359427663,11.7693528776154,11.7693528776154,12.8899310890656,0.918664492938353,12.8899310890656,0.918664492938353,13.4667327262863,14.5495431526714,2.19725429627512,15.2872143602113,16.3736982262666,13.6247267683692,14.7236748273079,2.35196640869312,13.634922728709
"Arkansas","AR","05035","Crittenden County",46633,377045.010005802,377045.010005802,998952.646958943,3.85698845249921,998952.646958943,3.85698845249921,21093705.9917562,56615987.2493923,219.201595815565,95046053.2829818,255120868.341799,58558.7824668406,157022.826065242,0.607797839517375,0,0,0,21412192.2192952,57614939.8963512,223.058584268064,21470751.0017621,12.8401225014393,12.8401225014393,13.8144636571137,1.58041858586422,13.8144636571137,1.58041858586422,16.8644853071257,17.8518019811885,5.39454347138114,18.3698721140221,19.3572479882402,16.8794710943336,17.8692924825919,5.41190755457122,16.8822021949408
"Arkansas","AR","05037","Cross County",16194,26800.1954924537,26800.1954924537,76343.8247504165,0.291836085544136,76343.8247504165,0.291836085544136,705667.128242213,1939868.42950041,7.4698852266703,3652165.95214127,9989766.40404324,3199.15241234979,9225.03298195501,0.0353760746073809,0,0,0,729268.171322316,2016212.25425083,7.76172131221444,732467.323734666,10.1962017734314,10.1962017734314,11.2430155251197,0.256064528537998,11.2430155251197,0.256064528537998,13.466900332645,14.4781312243932,2.13651695800194,15.1108312349153,16.1170718674751,13.4997981764791,14.5167316834574,2.17039238247346,13.5041753748901
"Arkansas","AR","05039","Dallas County",6076,5129.13565285673,5129.13565285673,13780.1271232609,0.0527118716790945,13780.1271232609,0.0527118716790945,359598.052749739,996301.128473466,3.79059415499358,1758643.94119714,4849850.68745429,866.871317306762,2328.38987370345,0.00898343335847976,0,0,0,363860.317085289,1010081.25559673,3.84330602667268,364727.188402596,8.5428873808672,8.5428873808672,9.53105533536354,0.0513695695736643,9.53105533536354,0.0513695695736643,12.7927449473985,13.8118058324087,1.56665444443888,14.3800541506995,15.3944586825398,12.8045280770026,13.8255423266862,1.57759755090906,12.8069076658379
"Arkansas","AR","05041","Desha County",10321,2677.55986321737,2677.55986321737,7213.92161494926,0.0249013067279215,7213.92161494926,0.0249013067279215,23687.9895142092,66841.6435914866,0.239066181793614,143730.841218571,404367.654919565,135.877812469026,366.084023676879,0.00126366365596194,0,0,0,26229.6715649575,74055.5652064359,0.263967488521535,26365.5493774266,7.89303456460174,7.89303456460174,8.88390660697006,0.0245963218354646,8.88390660697006,0.0245963218354646,10.0727656417142,11.1100965329668,0.214358016711663,11.8757046287225,12.9100822530343,10.1746846754671,11.2125844748671,0.234255574287492,10.1798514166868
"Arkansas","AR","05043","Drew County",16935,2978.18659802371,2978.18659802371,8023.87463599776,0.0276971353616205,8023.87463599776,0.0276971353616205,33941.4050944143,95003.8931330142,0.349788828738347,314443.005554625,889920.660010571,145.583370502528,392.232882510942,0.00135392534567351,0,0,0,36774.0083219354,103027.767769012,0.377485964099967,36919.591692438,7.99940558855749,7.99940558855749,8.99030132619368,0.0273205082183444,8.99030132619368,0.0273205082183444,10.4324203994011,11.4616836759196,0.29994815705818,12.6585612965196,13.6988887153741,10.5125737717629,11.5427635269434,0.320260072591908,10.5165247148274
"Arkansas","AR","05045","Faulkner County",131611,638052.85414459,638052.85414459,1752752.06700288,6.34248876639056,1752752.06700288,6.34248876639056,6750883.47519351,18966418.6446783,70.1562559991709,36719978.921147,103043059.669006,107945.595450797,307071.411071819,1.14182416257894,0,0,0,7280990.73388731,20719170.7116812,76.4987447655615,7388936.3293381,13.3661779696495,13.3661779696495,14.376698290891,1.99367785414606,14.376698290891,1.99367785414606,15.7251840876266,16.7581805863372,4.26487824757383,17.4188315769067,18.4506575235768,15.8007776380771,16.8465699992516,4.35026173965474,15.8154944841186
"Arkansas","AR","05047","Franklin County",17586,40195.454453853,40195.454453853,128749.034810185,0.488583989578727,128749.034810185,0.488583989578727,24094.6824454251,72013.0870531735,0.265684857433086,243272.472795523,729648.274316676,620.037741599762,1955.32450874055,0.00736441415477252,0,0,0,63670.0991576783,200762.121863358,0.754268847011813,64290.1368992781,10.6015340730521,10.6015340730521,11.7656280888963,0.397825325530955,11.7656280888963,0.397825325530955,10.0897879517871,11.1846170323768,0.235613364956349,12.4019414919828,13.5003192515318,11.0614860362149,12.2098809938739,0.562052158721913,11.0711770609003
"Arkansas","AR","05049","Fulton County",12546,2623.16868791591,2623.16868791591,7067.38010132717,0.024395468797618,7067.38010132717,0.024395468797618,38215.2731463343,102739.462246876,0.383855114411402,222892.966294978,599034.506033351,116.466696402022,313.786306008753,0.0010831402765388,0,0,0,40721.9751378482,109806.842348203,0.40825058320902,40838.4418342502,7.87251943455101,7.87251943455101,8.86338660977052,0.0241026520589658,8.86338660977052,0.0241026520589658,10.5510167024782,11.5399613032021,0.324873165596574,12.3144514498958,13.3030761508556,10.6145477118621,11.6064872294433,0.342348212930019,10.6174036050513
"Arkansas","AR","05051","Garland County",99902,308080.493856826,308068.803608379,946143.767594146,3.53801811228966,946106.021183508,3.53787432223376,1883350.5546892,5566486.06254392,20.7941180624986,10403031.3208286,30699893.5544959,15383.3996662249,46305.7526535388,0.172742660539254,0,0,0,2176047.6488798,6512592.08372743,24.3319923847324,2191419.35829758,12.6381196174021,12.63808167137,13.7601508676094,1.51249037759906,13.7601109718504,1.51245869144655,14.4485634894639,15.5322747239847,3.08164011974194,16.157607890924,17.2397697778446,14.59302124373,15.6892482580284,3.23206811803565,14.6000604569977
"Arkansas","AR","05053","Grant County",18546,46303.0837817101,46303.0837817101,124729.78754504,0.433161416979138,124729.78754504,0.433161416979138,333888.853783975,920465.471660281,3.35085128500747,1817209.08240873,5012592.963079,2635.99629642337,7098.49591230892,0.0249588553003271,0,0,0,377555.941269262,1045195.25920532,3.78401270198661,380191.937565685,10.7429854388134,10.7429854388134,11.7339129940984,0.359882785195371,11.7339129940984,0.359882785195371,12.7185664384799,13.7326358549401,1.47037152365716,14.4128129611729,15.4274640961727,12.8414766740957,13.8597152335993,1.56527967174234,12.8484341332871
"Arkansas","AR","05055","Greene County",46928,28916.2719642979,28916.2719642979,75719.8010123049,0.281124242986917,75719.8010123049,0.281124242986917,641208.467951047,1687448.96477628,6.37465604516159,3383996.78161812,8933640.73206929,2250.35952301232,5883.88665262595,0.0219434158627862,0,0,0,667874.380392333,1763168.76578858,6.65578028814851,670124.739915345,10.2721943414048,10.2721943414048,11.2348081838767,0.247738007272287,11.2348081838767,0.247738007272287,13.3711114655958,14.3387290507863,1.99804926319411,15.0345683441578,16.0053346784637,13.4118568788161,14.3826237504415,2.03546095574363,13.4152206452745
"Arkansas","AR","05057","Hempstead County",19105,19841.0079935987,19841.0079935987,59749.1438677632,0.225061459052736,59749.1438677632,0.225061459052736,335783.756983262,964850.826525043,3.68397891915682,1900866.99706515,5409394.39581265,2176.48134955227,6479.12528647364,0.024654886643592,0,0,0,353448.283627308,1024599.97039281,3.90904037820956,355624.764976861,9.89555658507232,9.89555658507232,10.9979268776195,0.20299101339348,10.9979268776195,0.20299101339348,12.7242256294543,13.779729820889,1.54414794511835,14.4578211803774,15.503647887796,12.7754952847964,13.8398137975811,1.59107848038524,12.7816342349377
"Arkansas","AR","05059","Hot Spring County",33313,45718.1829580569,45718.1829580569,131739.298073917,0.473235468219412,131739.298073917,0.473235468219412,377490.167312832,1152245.62341254,4.27496657892446,2117784.11821993,6380745.53187258,3813.00370261175,11517.7804621301,0.0424450944047472,0,0,0,419395.346568277,1283984.92148646,4.74820204714388,423208.350270889,10.7302732471904,10.7302732471904,11.7885878247845,0.38746098092984,11.7885878247845,0.38746098092984,12.8413024495507,13.9572241801489,1.66297234359314,14.5658813449541,15.668795659741,12.9465716863206,14.0654797985975,1.74888711845911,12.955622253495
"Arkansas","AR","05061","Howard County",12387,491.881010750442,491.881010750442,1325.23313640202,0.00457449339997911,1325.23313640202,0.00457449339997911,2384.26157172414,6423.71299489315,0.0221736326170345,28215.3578629966,73700.4998639045,19.4111160670037,52.2977176681256,0.000180523379423134,0,0,0,2856.73146640758,7748.94613129516,0.0267481260170137,2876.14258247459,6.20026778740711,6.20026778740711,7.19009797459911,0.00456406220457164,7.19009797459911,0.00456406220457164,7.77706407098761,8.76790723871014,0.021931372279609,10.2476571548166,11.2077784289053,7.95778339550565,8.95544117152261,0.0263966486929079,7.9645529217516
"Arkansas","AR","05063","Independence County",38345,22776.9971083277,22776.9971083277,64164.409023143,0.234498960612797,64164.409023143,0.234498960612797,264516.671982694,742723.196300978,2.79133708221137,1627473.38404665,4579982.11877627,1437.19003688072,4069.65742454107,0.0149665712235877,0,0,0,285856.479054141,806887.605324121,3.02583604282417,287293.669091022,10.0335503098841,10.0335503098841,11.0692195442105,0.210665187852801,11.0692195442105,0.210665187852801,12.4856633408376,13.518080051962,1.33271874901802,14.3025399134919,15.3372058702269,12.5632486406113,13.6009409021904,1.39273260180417,12.5682636895952
"Arkansas","AR","05065","Izard County",14291,2677.55986321737,2677.55986321737,7213.92161494926,0.0249013067279215,7213.92161494926,0.0249013067279215,63527.0982816436,170856.246364755,0.646312493105639,368655.282130272,989254.444647787,135.877812469026,366.084023676879,0.00126366365596194,0,0,0,66068.7803323919,178070.167979704,0.67121379983356,66204.658144861,7.89303456460174,7.89303456460174,8.88390660697006,0.0245963218354646,8.88390660697006,0.0245963218354646,11.0592375796341,12.048583670251,0.498537934239072,12.8176200041793,13.8047078630463,11.0984667402476,12.0899385694782,0.513550188666026,11.1005212087389
"Arkansas","AR","05067","Jackson County",16673,7076.40820993161,7076.40820993161,19065.3642680802,0.065810596352364,19065.3642680802,0.065810596352364,24721.8616221545,66666.6108007203,0.229830148956009,246003.501783425,701173.734137588,359.105647239568,967.507776860323,0.00333968251932798,0,0,0,31439.1641848465,85731.9750688005,0.295640745308373,31798.2698320861,8.86466304762348,8.86466304762348,9.85568102850828,0.0637356329894667,9.85568102850828,0.0637356329894667,10.1154836662858,11.1074745187726,0.206876069569318,12.4131051146797,13.4605123990606,10.3558414686938,11.3589928038445,0.259005356808158,10.3671986072495
"Arkansas","AR","05069","Jefferson County",63672,118348.504243745,118348.504243745,333278.730457959,1.20192959956991,333278.730457959,1.20192959956991,1024372.03127901,2950168.3684342,11.0053783372105,6166123.46803081,17645050.0797615,9735.58245716039,28053.3502790507,0.10369109285011,0,0,0,1132984.9530656,3283447.09889216,12.2073079367804,1142720.53552276,11.6813974260339,11.6813974260339,12.7167374477389,0.789334066658571,12.7167374477389,0.789334066658571,13.8395913066031,14.8973731396965,2.48535474414627,15.6345810734118,16.6859659099449,13.9403671419329,15.0044046778466,2.58077030796918,13.948923287131
"Arkansas","AR","05071","Johnson County",26172,588484.656975352,588484.656975352,1894472.57140037,7.2117544809158,1894472.57140037,7.2117544809158,475477.280181165,1418658.02631934,5.3171892126638,3233618.21085841,9872703.86879262,8309.24941992781,26224.0166314194,0.0997676504941055,0,0,0,1055652.68773659,3313130.59771971,12.5289436935796,1063961.93715652,13.285307833211,13.285307833211,14.4544515591721,2.1055666011106,14.4544515591721,2.1055666011106,13.0720764820719,14.1652226357378,1.84327436439877,14.9891125666265,16.105284423388,13.8696707422428,15.0134044021109,2.604831367707,13.8775111147775
"Arkansas","AR","05073","Lafayette County",6015,8774.41155535689,8774.41155535689,27922.4948624383,0.105630210819561,27922.4948624383,0.105630210819561,100538.768169471,322978.416180749,1.22738222521987,488092.588155805,1564045.83705912,1202.84889387699,3863.09796559549,0.014678574698285,0,0,0,108110.330830951,350900.911043188,1.33301243603943,109313.179724828,9.07970894812963,9.07970894812963,10.2372237231988,0.100415498928888,10.2372237231988,0.100415498928888,11.5183086313902,12.6853438731796,0.800827005887496,13.0982624454558,14.2627871466077,11.5909168161819,12.7682620076756,0.847160323517768,11.6019813979078
"Arkansas","AR","05075","Lawrence County",16305,3868.80262711096,3868.80262711096,10403.6657618458,0.0385222699876874,10403.6657618458,0.0385222699876874,186477.403819187,501701.710193313,1.93220700215962,902684.330272546,2433286.41409552,471.656854952462,1267.30039231292,0.00483049849464764,0,0,0,189874.549591345,512105.375955159,1.97072927214731,190346.206446298,8.26095878397672,8.26095878397672,9.2500096154714,0.037798808483195,9.2500096154714,0.037798808483195,12.1360707141448,13.1257630124775,1.07575538254169,13.7131293002099,14.7047537463528,12.1541241343842,13.1462876479788,1.08880746885062,12.1566050858232
"Arkansas","AR","05077","Lee County",8104,49740.5476696117,49740.5476696117,119911.762795237,0.453653183313444,119911.762795237,0.453653183313444,535774.05900464,1403797.57078028,5.40287789870535,2467365.70238266,6450223.88841563,2009.15297222725,5148.20622231238,0.0197137211149069,0,0,0,583505.453702024,1523709.33357552,5.85653108201879,585514.606674251,10.8145958320646,10.8145958320646,11.6945197806821,0.37407982474027,11.6945197806821,0.37407982474027,13.1914696859324,14.1546923851701,1.85674756096633,14.7186620275064,15.6796255545852,13.2768107909767,14.2366589273308,1.92520164066689,13.280248116958
"Arkansas","AR","05079","Lincoln County",12868,40741.7266399048,40741.7266399048,130220.809460209,0.49366432090901,130220.809460209,0.49366432090901,91718.6447890143,281445.903033192,1.06076343988953,580760.676807948,1768892.21522351,658.859973733769,2059.9199440768,0.00772546091361879,0,0,0,131801.511455185,411666.712493401,1.55442776079854,132460.371428919,10.6150326153739,10.6150326153739,11.7769945021037,0.401232376665355,11.7769945021037,0.401232376665355,11.4264918641887,12.5476990872189,0.723076516033693,13.2720957568583,14.3858646068335,11.7890599559159,12.9279717798427,0.9378282301947,11.7940463455179
"Arkansas","AR","05081","Little River County",11626,959.593916510358,959.593916510358,2584.40244751659,0.00892455567722531,2584.40244751659,0.00892455567722531,17885.0951665,54810.4225498811,0.204173451694936,154020.295835798,472381.856536296,48.5277901675092,130.744294170314,0.000451308448557835,0,0,0,18796.1612928429,57394.8249973977,0.213098007372161,18844.6890830104,6.86755175620042,6.86755175620042,7.85763646051784,0.00888496719560133,7.85763646051784,0.00888496719560133,9.79177888361768,10.9116538919066,0.185793399380118,11.9448461564834,13.0655450725035,9.84146114235559,10.9577268444253,0.193177424201813,9.84403947085975
"Arkansas","AR","05083","Logan County",21457,33081.8496184099,33081.8496184099,90458.966637747,0.343948930524097,90458.966637747,0.343948930524097,175496.365599254,479620.592500108,1.8782955058462,1065224.96106479,2931687.6997928,6032.21465457429,14850.9854130653,0.0602270320770146,0,0,0,202546.00056309,570079.559137855,2.2222444363703,208578.215217664,10.4067702886684,10.4067702886684,11.4126626742251,0.29561224325706,11.4126626742251,0.29561224325706,12.0753793109449,13.0807527230155,1.05719828069462,13.8786975046347,14.8910891630207,12.2187272401435,13.2535329616451,1.17007814667245,12.2480741771677
"Arkansas","AR","05085","Lonoke County",76389,361880.340385366,361880.340385366,1042404.43428005,3.76759199122279,1042404.43428005,3.76759199122279,2623251.28045834,7708378.01012523,28.3271331731758,15986910.3492716,46516989.0143192,31645.9430657021,93301.9863108478,0.343981524538455,0,0,0,2953485.677778,8750782.44440528,32.0947251643986,2985131.6208437,12.7990716480827,12.7990716480827,13.8570415180179,1.56184135379087,13.8570415180179,1.56184135379087,14.7799254343454,15.857818478315,3.37851313437222,16.5872809047557,17.6553281804758,14.8984969550634,15.9846537908291,3.49937390909158,14.9091547329153
"Arkansas","AR","05087","Madison County",17865,20655.9311708382,20655.9311708382,64195.5368960573,0.242699264407513,64195.5368960573,0.242699264407513,331559.599442832,997349.910429844,3.80467816000314,1641604.43386595,4920843.09461901,2838.53241057244,8888.90088816766,0.0338266011323713,0,0,0,349376.998203098,1061545.4473259,4.04737742441066,352215.53061367,9.93580619199087,9.93580619199087,11.0697045457941,0.217285839898771,11.0697045457941,0.217285839898771,12.7115658756506,13.8128579533472,1.56959005995071,14.3111852440566,15.4089906377,12.7639097044736,13.8752373154808,1.61886878649407,12.7720014092457
"Arkansas","AR","05089","Marion County",17593,101865.834228624,101865.834228624,254934.440159116,0.961911561762955,254934.440159116,0.961911561762955,428196.895020198,1183914.50969648,4.47220171551403,2144444.30778555,5892218.44183958,3914.34601759927,11281.7183634623,0.0427802364189796,0,0,0,526148.383231222,1438848.94985559,5.43411327727699,530062.729248822,11.5314216925195,11.5314216925195,12.4487656162395,0.673919284573189,12.4487656162395,0.673919284573189,12.9673407392457,13.9843377318262,1.6996810428561,14.5783914791331,15.5891432999036,13.1733404499383,14.179354706531,1.86161403470428,13.1807525221653
"Arkansas","AR","05091","Miller County",41958,592949.641156764,592949.641156764,1910851.36931368,7.27244702469501,1910851.36931368,7.27244702469501,621554.179809534,1922941.5035527,7.30104561151565,4119373.94717175,12773972.4540267,8693.75478666555,27889.4690174818,0.105914100282469,0,0,0,1205810.06617963,3833792.87286638,14.5734926362107,1214503.8209663,13.2928664386922,13.2928664386922,14.4630599671318,2.1129303570089,14.4630599671318,2.1129303570089,13.3399799708824,14.4693671247754,2.11638148415912,15.2312119979648,16.3629203349762,14.002662982454,15.1593654381968,2.74557027900828,14.0098469969235
"Arkansas","AR","05093","Mississippi County",38095,68784.3593655889,68784.3593655889,175418.10784764,0.66563415648242,175418.10784764,0.66563415648242,1436538.69764902,3876456.68033662,14.9504880975935,7290125.77359987,19658744.8316076,4866.89796477989,13455.9131048922,0.0515925391255818,0,0,0,1500456.15904983,4051874.78818426,15.6161222540759,1505323.05701461,11.1387462013576,11.1387462013576,12.0749332916849,0.510205925682243,12.0749332916849,0.510205925682243,14.1777477919998,15.170432325604,2.76948943049263,15.8020314939022,16.7940328777495,14.2212803923386,15.2146904894347,2.81037344415844,14.2245187532625
"Arkansas","AR","05095","Monroe County",6415,44849.5156889328,44849.5156889328,106794.884740862,0.400351964270711,106794.884740862,0.400351964270711,120644.442011801,288580.010786242,1.07858067312558,629377.316392764,1510251.63537751,904.760264441921,2183.06852806363,0.00811059970173411,0,0,0,164589.197436292,395374.895527104,1.47893263739629,165493.957700734,10.7110903655018,10.7110903655018,11.5786746723769,0.33672360807527,11.5786746723769,0.33672360807527,11.7006112917386,12.5727311254657,0.731685292104124,13.3524878117841,14.2277875029937,12.0112140116017,12.8875922256123,0.907828079386674,12.0166960062701
"Arkansas","AR","05097","Montgomery County",8510,86963.2353722178,86963.2353722178,276814.62058501,1.05254931781915,276814.62058501,1.05254931781915,181841.45372175,523287.562153783,1.99946135262302,1816025.96536427,5484982.01199158,1223.36439764178,3427.57104438927,0.0130771315055954,0,0,0,267581.324696326,800102.182738793,3.05201067044218,268804.689093967,11.3732522254414,11.3732522254414,12.5311069338827,0.719082590225885,12.5311069338827,0.719082590225885,12.1108959522857,13.1678883349722,1.09843272342158,14.412161686802,15.517524554511,12.4971825538452,13.5924959767566,1.39921321975962,12.5017440521913
"Arkansas","AR","05099","Nevada County",8004,1338.77993160868,1338.77993160868,3606.96080747463,0.0124506533639608,3606.96080747463,0.0124506533639608,117917.173633601,323706.061600465,1.2319005311047,656304.760045763,1800507.05362066,67.9389062345128,183.04201183844,0.00063183182798097,0,0,0,119188.014658975,327313.02240794,1.24435118446866,119255.953565209,7.20026064931494,7.20026064931494,8.19089801845019,0.0123737813925403,8.19089801845019,0.0123737813925403,11.6777462191214,12.6875942549389,0.802853478608772,13.3943820569672,14.4035794350523,11.6884658704653,12.6986753022478,0.808416474733296,11.6890357178699
"Arkansas","AR","05101","Newton County",7026,52891.1391481953,52891.1391481953,133768.194566468,0.504919089172622,133768.194566468,0.504919089172622,204861.484384266,560473.030045245,2.12000585136176,1172038.89360515,3237829.77448979,2730.40970299648,8134.95314818396,0.0308863712110607,0,0,0,255022.213829465,694241.224611713,2.62492494053438,257752.623532462,10.8760100084718,10.8760100084718,11.8038711652389,0.408739135408551,11.8038711652389,0.408739135408551,12.2300942251466,13.236538186871,1.13783487725609,13.974256287452,14.9904141494975,12.4491098546225,13.4505762054113,1.28783358203278,12.4597594601023
"Arkansas","AR","05103","Ouachita County",21684,18299.5291264836,18299.5291264836,51274.8573974745,0.191708432341351,51274.8573974745,0.191708432341351,594230.069456214,1618835.23696989,6.19814586239531,3434894.9851186,9385063.51701835,1947.26491135056,5232.05464175628,0.019952623890614,0,0,0,610582.333671347,1670110.09436737,6.38985429473666,612529.598582697,9.81468525242701,9.81468525242701,10.8449753043507,0.175387934982307,10.8449753043507,0.175387934982307,13.2950235285202,14.2972180768148,1.97382347374651,15.049497202283,16.0546301024616,13.3221700639077,14.3284007057536,2.00010801822131,13.3253541770229
"Arkansas","AR","05105","Perry County",10251,3470.06760877415,3470.06760877415,9349.10777239978,0.0322716287615996,9349.10777239978,0.0322716287615996,18365.1492034605,50438.4377927757,0.177605448739931,223076.650835097,600742.978781784,164.994486569531,444.530600179067,0.00153444872509664,0,0,0,21670.2223256651,59787.5455651755,0.209877077501531,21835.2168122346,8.15221749385537,8.15221749385537,9.14314314867617,0.0317618385910461,9.14314314867617,0.0317618385910461,9.81826453203574,10.8285286439576,0.163483095968804,12.3152751998541,13.3059241307133,9.98374049929242,10.9985693758586,0.190518765606444,9.991325191971
"Arkansas","AR","05107","Phillips County",14661,27682.8981412673,27682.8981412673,77279.7274700058,0.293304380386293,77279.7274700058,0.293304380386293,792858.845339363,2161588.15235507,8.31713292377264,3935342.30554165,10771271.0732156,3096.67413323089,8523.44155005315,0.032620222037593,0,0,0,817445.069347399,2238867.87982508,8.61043730415893,820541.74348063,10.2286062286192,10.2286062286192,11.2551998822738,0.257200478417238,11.2551998822738,0.257200478417238,13.5834017451976,14.5863542278349,2.2318549551662,15.1855086801302,16.1923931548055,13.6139402093602,14.62148133193,2.26284972706227,13.6177212825864
"Arkansas","AR","05109","Pike County",10027,573.762827832292,573.762827832292,1545.84034606056,0.00533599429884032,1545.84034606056,0.00533599429884032,2825.56923845044,7622.81077247063,0.0263983517961102,23139.9516348172,62412.3124572334,29.1166741005055,78.4465765021884,0.000270785069134701,0,0,0,3370.21539218222,9168.65111853119,0.0317343460949505,3399.33206628273,6.35395748237168,6.35395748237168,7.3439696429594,0.00532180832307607,7.3439696429594,0.00532180832307607,7.94681897199449,8.93903162504578,0.0260559285075075,10.0493591250022,11.0415338722644,8.12302860882683,9.12365451856504,0.0312412173473772,8.13162837238893
"Arkansas","AR","05111","Poinsett County",22300,1270505.49703329,1270505.49703329,3290438.03952823,11.8801258578397,3290438.03952823,11.8801258578397,17916988.5596647,46465435.3421026,168.380768200352,98836541.8155915,256202487.019921,68642.5408449933,178578.44924311,0.647303297255918,0,0,0,19118851.515853,49755873.3816308,180.260894058192,19187494.0566979,14.0549261954902,14.0549261954902,15.0065315605035,2.55568549219987,15.0065315605035,2.55568549219987,16.7012599580763,17.6542192896989,5.13214924684952,18.4089779608889,19.3614786586207,16.7661854489253,17.7226390926209,5.19993739707719,16.7697693256803
"Arkansas","AR","05113","Polk County",19434,5757.87976424982,5757.87976424982,15474.0988613944,0.0585591919150502,15474.0988613944,0.0585591919150502,114190.021466727,306814.483105257,1.17757124209312,691814.648362386,1860841.20776046,876.576875340263,2354.53873253751,0.00907369504819133,0,0,0,119071.324355636,322288.581966651,1.23613043400817,119947.901230977,8.65849824940191,8.65849824940191,9.64698748599083,0.05690873059145,9.64698748599083,0.05690873059145,11.6456279519813,12.6340018136466,0.778210146588478,13.4470747950073,14.4365397430777,11.6874863551721,12.6832057432558,0.804746887226651,11.6948211080006
"Arkansas","AR","05115","Pope County",64829,653361.819540616,653361.819540616,2068503.19345434,7.82656657880823,2068503.19345434,7.82656657880823,772625.773773239,2232040.46093179,8.41065543924844,5136954.4640825,15069361.4146842,12125.794910723,36919.9893818593,0.13905405658459,0,0,0,1413861.79840313,4300543.65438613,16.2372220180567,1425987.59331386,13.3898878734701,13.3898878734701,14.542336292174,2.17776610307752,14.542336292174,2.17776610307752,13.557551382734,14.6184271779971,2.24184260465177,15.4519711397763,16.5281742614584,14.1618360898986,15.2742522364533,2.84707111640819,14.1703758808457
"Arkansas","AR","05117","Prairie County",7935,17346.1241752074,17346.1241752074,50977.6640620625,0.190358048291697,50977.6640620625,0.190358048291697,248378.554131656,719887.796209848,2.74128076064217,1324240.52038881,3805784.48671088,2244.42025578679,6662.16729831208,0.0252867184715729,0,0,0,263480.258051077,770865.460271911,2.93163880893387,265724.678306864,9.76118201804601,9.76118201804601,10.8391624724487,0.174254142785245,10.8391624724487,0.174254142785245,12.4227133153948,13.4868520293551,1.3194280021736,14.0963504160552,15.1520329633767,12.481737517493,13.5552704342651,1.36905633868967,12.4902197710634
"Arkansas","AR","05119","Pulaski County",401209,7389359.70433886,7389359.70433886,17897190.3405741,65.2618758944863,17897190.3405741,65.2618758944863,18152174.4861799,50142133.8290697,180.333109083041,113712947.90728,313560065.114043,234900.350209937,635071.17225349,2.29198833269284,0,0,0,25306633.8403088,68039324.1696437,245.594984977527,25541534.1905187,15.8155517809738,15.8155517809738,16.7001543501518,4.19361470758609,16.7001543501518,4.19361470758609,16.7143009729898,17.7303722271528,5.20033572151266,18.5491878388437,19.5635014981345,17.0465771659696,18.0355964073011,5.50774725385487,17.0558165160229
"Arkansas","AR","05121","Randolph County",19040,2574.79191178434,2574.79191178434,6935.58908995191,0.0241329697353466,6935.58908995191,0.0241329697353466,61375.5118515854,164925.040839574,0.626722855412313,379715.116442433,1020695.81485344,116.466696402022,313.786306008753,0.0010831402765388,0,0,0,63833.8370669677,171860.629929526,0.650855825147659,63950.3037633698,7.85391230437457,7.85391230437457,8.84456544708451,0.023846371444286,8.84456544708451,0.023846371444286,11.0247824978132,12.0132524150584,0.486567472862044,12.8471791905191,13.8359961038356,11.0640543558421,12.0544449548763,0.501293835351197,11.0658771940293
"Arkansas","AR","05123","St. Francis County",21822,44792.9988242485,44792.9988242485,127603.227281134,0.48382241080009,127603.227281134,0.48382241080009,1360874.55171156,3738063.73338758,14.3893966867979,6760057.37003555,18591458.7246778,5618.6400833001,15929.9320639969,0.0609322052095823,0,0,0,1400048.9104525,3865666.96066871,14.873219097598,1405667.5505358,10.7098294546144,10.7098294546144,11.7566887785066,0.394621468312074,11.7566887785066,0.394621468312074,14.1236388385928,15.1340785845009,2.73367874544482,15.7265420826025,16.7382128786525,14.1520184442732,15.1676450480129,2.76463335565732,14.1560235842559
"Arkansas","AR","05125","Saline County",131252,820882.566117145,820882.566117145,2236311.16222439,8.00598572609304,2236311.16222439,8.00598572609304,4416802.27313774,11967493.23113,43.2890317650627,27245016.9773414,73856497.8383123,49330.5509036132,134695.487650325,0.487213035596174,0,0,0,5188354.28835127,14203804.3933544,51.2950174911557,5237684.83925488,13.6181365587879,13.6181365587879,14.6203387109478,2.19788943694508,14.6203387109478,2.19788943694508,15.3009267510171,16.297704718204,3.7907370564422,17.1203812358391,18.1176345635886,15.4619273047936,16.4690204721173,3.95690109867708,15.4713903250183
"Arkansas","AR","05127","Scott County",9837,874.389562638637,874.389562638637,2355.79336710906,0.00813182293253933,2355.79336710906,0.00813182293253933,5058.10051424027,13303.94666915,0.0466539244772541,39398.047068786,105547.07648442,38.8222321340073,104.595435336251,0.000361046758846268,0,0,0,5893.6678447449,15659.740036259,0.0547857474097934,5932.4900768789,6.77466900172323,6.77466900172323,7.76505723134131,0.00809893781743627,7.76505723134131,0.00809893781743627,8.52894398249548,9.4958911750723,0.0455983371116301,10.5814969089221,11.5669218293721,8.68180346613294,9.65891222489434,0.0533376632799878,8.68836786471463
"Arkansas","AR","05129","Searcy County",7836,1068.94609229734,1068.94609229734,2879.24367281139,0.0100349011362414,2879.24367281139,0.0100349011362414,10158.0109331309,27985.0902012386,0.10115718550036,79053.1239845809,217627.532862613,38.8222321340073,104.595435336251,0.000361046758846268,0,0,0,11188.1347932942,30864.33387405,0.111192086636601,11226.9570254282,6.97536354515627,6.97536354515627,7.96563017816595,0.0099848858365749,7.96563017816595,0.0099848858365749,9.22611636729245,10.2394628871948,0.0963616136724642,11.2778880105948,12.2905449106555,9.32269847868253,10.3373889520075,0.105433390975297,9.32616211002773
"Arkansas","AR","05131","Sebastian County",130035,186954.64865386,186942.958405412,571445.908443509,2.15856395422023,571408.16203287,2.15842016416432,1817114.92880755,5442472.95188689,20.6320342855568,10045510.4021547,30065757.3476429,7819.06813140772,23454.7770777268,0.0891939815929771,0,0,0,1996250.50933,6013881.11391976,22.7904544497211,2004057.88721296,12.1386266947328,12.1385641632498,13.2559268592901,1.15011747944044,13.2558608030095,1.15007195453386,14.4127611476587,15.5097442860228,3.07417528480552,16.1226364660507,17.2188974857413,14.5067817345937,15.6095810403963,3.16928442668479,14.510685125592
"Arkansas","AR","05133","Sevier County",15735,22360.035926275,22360.035926275,63682.5552242104,0.238028239023448,63682.5552242104,0.238028239023448,5589.16481618888,15822.3370045274,0.0562656122118587,203049.551944687,591120.699361722,38.8222321340073,104.595435336251,0.000361046758846268,0,0,0,27910.3785103299,79504.8922287378,0.294293851235307,27949.2007424639,10.0150752556357,10.0150752556357,11.0616816484858,0.213519984198902,11.0616816484858,0.213519984198902,8.628764049827,9.66924115488865,0.054739680372304,12.2212102513806,13.2897771962752,10.2367897165801,11.2835864139807,0.257965257806209,10.2381796607565
"Arkansas","AR","05135","Sharp County",18130,970802.861698407,970802.861698407,2698020.31601369,8.4840083565609,2698020.31601369,8.4840083565609,1814243.7951934,5065836.65226266,16.328078384292,9782291.83875422,27276391.1135814,30330.1270468593,84667.1292263468,0.268828120028327,0,0,0,2754716.52984495,7763856.96827635,24.8120867408529,2785046.65689181,13.7858797306783,13.7858797306783,14.8080292163909,2.24960704932476,14.8080292163909,2.24960704932476,14.4111798482888,15.438030062497,2.85232821381096,16.0960844561243,17.1215321282922,14.8288254653108,15.8649899294762,3.25084286055349,14.839775543187
"Arkansas","AR","05137","Stone County",12785,3633.83124293785,3633.83124293785,9790.32219171686,0.033794630559322,9790.32219171686,0.033794630559322,26288.3323420957,70253.1325613412,0.245815333907684,243957.842659316,648865.222154,184.405602636535,496.828317847193,0.00171497210451977,0,0,0,29737.757982397,80043.4547530581,0.279609964467006,29922.1635850336,8.19831796328823,8.19831796328823,9.1892517817391,0.0332361398790259,9.1892517817391,0.0332361398790259,10.1769185215131,11.1598744119617,0.219790202244808,12.4047548124219,13.3829818452461,10.3002064566134,11.2903374437338,0.246555316236246,10.3063881612928
"Arkansas","AR","05139","Union County",37008,45058.6931695372,45058.6931695372,141851.644903681,0.533812109634591,141851.644903681,0.533812109634591,585179.093875227,1633786.74324897,6.21398252675216,3449856.12989466,9591267.70334995,872.38225047081,2635.19483842619,0.00971121808727327,0,0,0,629365.404794293,1775638.38815266,6.74779463638675,630237.787044764,10.7157434045875,10.7157434045875,11.8625440858417,0.427756211502349,11.8625440858417,0.427756211502349,13.2796749316152,14.3064116458719,1.97602116034813,15.0538433765253,16.0763637325151,13.3524688856297,14.389671134706,2.04740823982264,13.3538540536103
"Arkansas","AR","05141","Van Buren County",16152,2295.05131132917,2295.05131132917,6183.36138424223,0.0213439771953613,6183.36138424223,0.0213439771953613,46181.8086423487,120929.889958703,0.451369149078473,378523.599382076,980466.630101073,116.466696402022,313.786306008753,0.0010831402765388,0,0,0,48360.3932572758,127113.251342946,0.472713126273835,48476.8599536779,7.73894610532962,7.73894610532962,8.72977902715006,0.0211193846918594,8.72977902715006,0.0211193846918594,10.7403629005123,11.7029745040403,0.372507351661393,12.8440363415102,13.7957849104082,10.7864571144311,11.7528415779016,0.387106363777302,10.7888624768992
"Arkansas","AR","05143","Washington County",266184,1511700.83171982,1511700.83171982,3902030.40245392,13.7285352283215,3902030.40245392,13.7285352283215,12157134.3162495,30570635.0057838,103.298483465335,66163608.8444088,168863539.48183,55359.1829154365,146127.529044773,0.511236978994601,0,0,0,13613475.9650539,34472665.4082377,117.027018693657,13668835.1479694,14.2287466150314,14.2287466150314,15.177007847917,2.68978678413966,15.177007847917,2.68978678413966,16.3134268242031,17.2355504985503,4.64725682177959,18.0076411695312,18.9446014939515,16.426570813349,17.3556772899614,4.77091357023572,16.4306290659366
"Arkansas","AR","05145","White County",79091,120734.521803328,120734.521803328,314271.300535877,1.12723113107008,314271.300535877,1.12723113107008,808793.66574147,2163985.51955178,7.95033865275813,4740874.37187718,12766313.1137402,5368.67665757553,14832.1830619042,0.0531171021431056,0,0,0,924159.510887223,2478256.82008766,9.07756978382821,929528.187544798,11.7013576620761,11.7013576620761,12.6580150882493,0.754821195603633,12.6580150882493,0.754821195603633,13.6033003513915,14.5874626895168,2.19169136986791,15.3717323542317,16.3623205499897,13.7366410486189,14.723066379378,2.31031214070148,13.7424334869898
"Arkansas","AR","05147","Woodruff County",5808,5320.38992880083,5320.38992880083,14295.4072386144,0.0544905364453746,14295.4072386144,0.0544905364453746,133444.278736973,358433.582303676,1.38207168668185,770770.05747335,2070101.65400762,876.576875340263,2354.53873253751,0.00907369504819133,0,0,0,137888.091790434,372728.98954229,1.43656222312723,138764.668665774,8.57948981302417,8.57948981302417,9.56776354262649,0.0530577464491713,9.56776354262649,0.0530577464491713,11.8014467756903,12.7895014462306,0.867970565644764,13.5551466661321,14.54310875532,11.8342049583353,12.8286095478655,0.890588120889241,11.8405419525538
"Arkansas","AR","05149","Yell County",20134,128206.785036047,128206.785036047,411086.4429733,1.56079562483874,411086.4429733,1.56079562483874,321419.023874928,1022460.06770424,3.87190073811575,2069242.16368419,6581555.88968711,7617.27882564581,24455.1709982989,0.0929063793547298,0,0,0,442008.53008533,1433546.51067754,5.43269636295449,449625.808910975,11.7614075473352,11.7614075473352,12.9265612274749,0.940318001158599,12.9265612274749,0.940318001158599,12.6805040323826,13.8377230905793,1.58348415625008,14.5426934769771,15.6997818846889,12.9990867221064,14.1756627068868,1.86139379140111,13.0161732041446
"California","CA","06001","Alameda County",1649060,11107330.2059652,10939925.3480438,24291896.7237533,90.5692613296716,23842996.5235055,89.0458771225871,110823278.57987,282727134.895276,1002.27776531893,682767953.773134,1743027168.17865,315261.797473322,791578.499325993,2.85017101628929,0,0,0,121615346.988362,306570131.418782,1091.32364244151,121763203.927914,16.2231159172748,16.2079296225811,17.0056534257056,4.51709564035861,16.9870011273038,4.50031928626053,18.5234474147201,19.4599928063674,6.91102768413803,20.3416656156993,21.2788891909581,18.6163737365412,19.5409571041929,6.99606248825639,18.6175887734125
"California","CA","06003","Alpine County",1099,568.556991316181,395.974663562191,1524.59940782593,0.00517386862097725,1061.81569623029,0.00360336943841594,30154.9092892994,136419.472964036,0.26450619869652,212261.363839666,984225.621743551,0,0,0,0,0,0,30723.4662806155,137481.288660266,0.268109568134936,30550.8839528615,6.34485885042848,5.98387245890803,7.33014266612799,0.00516053015060397,6.96867698252922,0.00359689285644314,10.3141361792789,11.8234971081726,0.234681689208806,12.2655783537829,13.7996114561678,10.3328145634328,11.8312503780486,0.237527262482942,10.3271816305498
"California","CA","06005","Amador County",42026,8776.60125712888,8086.27194611293,23833.9877802006,0.0811561040279735,21982.8529338181,0.0748741072977283,571992.826614055,1647622.25676988,5.19981550425423,3502628.25862726,10202012.8422132,615.823782694837,1672.725728925,0.00569606766966261,0,0,0,580153.604088489,1669605.1097037,5.27468961155196,580079.098560168,9.07995844396339,8.99804674009478,10.0789098549558,0.0780309352877807,9.99806350530802,0.0722035452312891,13.2568834776709,14.3148443569882,1.82451953422994,15.0690244611882,16.1380956942778,13.2710499057754,14.3280982941201,1.83652401949994,13.2709214739533
"California","CA","06007","Butte County",208334,16508.8610180053,15300.7847237273,48653.2550713262,0.175971436800941,45413.7690901567,0.164977942523012,1914517.17400325,5097415.67379771,17.9313328087312,12021613.6221918,32041518.1951679,2525.47916107726,7409.27053763718,0.0267067456833806,0,0,0,1928500.55586018,5142829.44288787,18.0963107512542,1929817.95872698,9.71171311882939,9.63572474918724,10.792494546715,0.162094560746892,10.7235926414834,0.152702153381782,14.4649765426741,15.4442444348131,2.94081836996575,16.3022168060195,17.2825430946199,14.4722538634023,15.4531141556909,2.94949516201128,14.4729367527128
"California","CA","06009","Calaveras County",46505,10115.9027474411,8907.82645316322,27126.0393837928,0.0920547150017144,23886.5534026233,0.0810612207237853,586269.289571462,1709433.90161046,5.30974378398163,3622486.27996592,10754171.9278463,738.635708762699,1980.66962745771,0.00672158494974056,0,0,0,595646.55661014,1733320.45501309,5.39080500470542,595177.116024625,9.2219628433734,9.09479780058515,10.2082862726725,0.0880609813804093,10.0811128241347,0.0779431704704675,13.2815362072209,14.3516734069682,1.84209507097146,15.1026714417742,16.1908044165504,13.2974044231628,14.365550041983,1.85486023928192,13.2966159943933
"California","CA","06011","Colusa County",22074,536.875337690187,364.293009936198,1065.90861488027,0.00361725913512097,603.124903284632,0.00204675995255967,273961.251848599,729963.538016346,2.47636538789511,1486190.25463701,3965092.49738396,70.2011230503439,188.246019776318,0.000638830219758129,0,0,0,274427.926063239,730566.662919631,2.47841214784767,274325.544858535,6.28762681898136,5.90069979848593,6.97252060084874,0.00361073258737009,6.40378097007359,0.00204466819314137,12.5207456089036,13.5007512338848,1.24598731922482,14.2117272003099,15.19303999345,12.5224475849604,13.5015771313723,1.24657591030517,12.5220744453333
"California","CA","06013","Contra Costa County",1172607,46685659.1504734,46602129.3038405,108761713.796703,345.930833987074,108537726.480291,345.170712382715,56169312.6091033,146246693.011112,507.509025395613,332837066.837135,871376198.266719,690801.246373932,1649709.76289898,5.31984198706629,0,0,0,102164170.513203,254784419.491403,852.679737778328,102771441.912944,17.6589476123266,17.6571568127257,18.5046699444,5.84912543439319,18.502608389217,5.84693204177104,17.8438811445497,18.8008054387685,6.23148296438835,19.623163642431,20.5855843580622,18.4420916019912,19.3559283357246,6.74955610914203,18.4480180797182
"California","CA","06015","Del Norte County",27009,6437.95107918292,6437.95107918292,16040.2463667223,0.0598121711205646,16040.2463667223,0.0598121711205646,31871.7030808486,110918.3695549,0.287480254635142,319226.229639476,1036443.25824275,74.205924988625,198.984993629104,0.000675273917396488,0,0,0,38235.4482350429,126958.615921623,0.347292425755706,38309.6541600315,8.7701209299294,8.7701209299294,9.68291858206273,0.0580916953666515,9.68291858206273,0.0580916953666515,10.3695052196556,11.6165588159316,0.252687017232438,12.6736584468075,13.8513064305819,10.5515444819689,11.7516243300037,0.298096967968944,10.553483312987
"California","CA","06017","El Dorado County",192823,140768.052961245,138179.318044935,325488.882211988,1.16168918776617,318547.126538054,1.13813170002775,2526425.07290957,6614771.41057463,22.4546401019322,16380726.0959,43615744.9967152,3010.89472433033,7557.35341494712,0.0263365747296936,0,0,0,2664182.23114649,6933318.53711268,23.5927718019599,2664604.39095451,11.8548759042384,11.8363147637114,12.6930866563135,0.770889947442094,12.6715288463095,0.75993241034447,14.742316242613,15.7048159498864,3.1550683474688,16.6116160246531,17.5909287898351,14.7954080887375,15.7518492661619,3.20245257057344,14.7955665336821
"California","CA","06019","Fresno County",1024125,471009.788134101,467695.653161434,1441166.74448866,5.41198477870386,1432260.61473642,5.3817139240675,7516210.30447286,21660630.7482925,77.2754620426205,42608517.4329719,123509542.434807,25215.7780081026,75184.8585307956,0.27995879793005,0,0,0,7962004.31459886,23092891.3630289,82.657175966688,7983905.9576343,13.0626362774796,13.0555751877368,14.1809642765958,1.85816886086799,14.1747653016716,1.85343670141537,15.8325727530736,16.8910069656996,4.36023417000719,17.5675647544649,18.6318289858225,15.8901914500376,16.9550354382336,4.42672720936838,15.8929384433026
"California","CA","06021","Glenn County",28304,554.404378912734,381.822051158744,1487.00307451347,0.00515581914014128,1024.21936291783,0.00358531995757997,185409.317110618,543920.124569025,1.79657977891957,1129294.46223407,3382328.02870606,83.1124060284378,222.867939273088,0.000756322894858784,0,0,0,185880.609083503,544944.343931943,1.80016509887715,185791.139161777,6.31969645909213,5.9475702628276,7.30519028159619,0.00514257341351123,6.93266188127784,0.0035789080193107,12.1303265784114,13.2065595237247,1.02839716300403,13.9371045114925,15.0340750919125,12.1328652397329,13.208440782253,1.02967837932755,12.1323837964032
"California","CA","06023","Humboldt County",132380,24102.781709216,23239.870070446,64826.1627212906,0.233627749154035,62512.2441633124,0.225775253241229,887491.385015816,2358687.65734412,8.3454356801697,5668678.50813609,15089916.6658323,2388.65771755757,6412.44067249923,0.0230725018246603,0,0,0,909205.509007474,2421199.90150743,8.57121093341093,910731.255086262,10.0901240245634,10.0536676487524,11.0794799723076,0.20995921802435,11.0431337198885,0.203573503614142,13.696155220031,14.6736163689013,2.23488806156177,15.5504667575993,16.5295373745219,13.720327529984,14.6997742153387,2.25875973177678,13.7220042308339
"California","CA","06025","Imperial County",181724,89292.6005825636,79545.6030323188,224949.044435841,0.800780793784735,202111.570196845,0.729006415288033,1162730.87633257,3151129.73395806,10.8831654049639,6708139.90409035,18065334.8353199,2907.77429701769,8218.91203805992,0.0301611427455618,0,0,0,1249115.70261811,3353241.3041549,11.6121718202519,1242276.47936489,11.3996851022874,11.2840983305577,12.3236336318058,0.588220345174087,12.2165800993637,0.547546917097991,13.9662828600653,14.9632719095512,2.47512272667275,15.7188324070848,16.7095055127769,14.0379472215867,15.025438287721,2.53466236514313,14.0324569298598
"California","CA","06027","Inyo County",18485,1405.10606944879,1405.10606944879,3767.82611793254,0.012786465231984,3767.82611793254,0.012786465231984,71687.4715743107,331372.857114925,0.628222038897054,506510.958285837,2393488.50953538,4.25263379300436,11.4035410021181,0.0000386989675163396,0,0,0,73088.3250099665,335140.683232857,0.641008504129038,73092.5776437595,7.24857951010036,7.24857951010036,8.23451885740123,0.0127054086059834,8.23451885740123,0.0127054086059834,11.1800852266909,12.7110024946678,0.487488645809318,13.1353032120384,14.6882629049078,11.1994376023787,12.7223086564188,0.495310994379132,11.1994957847477
"California","CA","06029","Kern County",922529,104160.518676337,102952.442382059,273226.18611042,0.972194024787083,269986.70012925,0.961200530509153,2732379.33174461,7442554.23360387,24.8107894066604,17390586.7283299,47136052.0609029,1546.23924923493,4146.27817394967,0.0140707771680378,0,0,0,2834993.61117171,7712540.93373312,25.7719899371696,2835331.77412667,11.5536980375621,11.5420321493137,12.518058911649,0.679146641191941,12.506131681866,0.673556801297226,14.8206837036528,15.8227247932223,3.25079259856541,16.6714396826731,17.6685487239419,14.8575505943209,15.8583583842939,3.28735618936688,14.8576698688997
"California","CA","06031","Kings County",154913,25608.9633281642,24918.6340171482,72194.1809739141,0.260201752241163,70343.0461275315,0.253919755510918,481042.781082077,1345532.16636732,4.80531112436432,2844974.27100451,7865479.27543061,2239.05451578167,6584.67280324176,0.0243142730500217,0,0,0,504412.689894459,1415875.21249485,5.05923087987524,505961.415099225,10.1507367472583,10.1234112864833,11.1871285771397,0.231271828971736,11.1611534268009,0.22627444934259,13.0837135659064,14.1123008986909,1.75877320964204,14.861064933415,15.8779941575091,13.1311520236532,14.1632591288599,1.80158287451418,13.1342176670508
"California","CA","06033","Lake County",67764,4189.01587160026,3843.85121609228,11232.9479977558,0.0381200444315624,10307.3805745645,0.0349790460664398,287945.231922207,805921.360556457,2.61536484086766,1810512.82111756,5120341.34529866,499.275653660495,1338.819814968,0.0045434084483105,0,0,0,291634.972140147,816228.741131022,2.6503438869341,291789.083138299,8.34045980088043,8.25449018576642,9.32669554407649,0.0374114277981707,9.2407124914016,0.0343811811659577,12.5705290469739,13.599742689996,1.28519277468632,14.4091212420264,15.4487318590965,12.5832616327571,13.6124511398234,1.29482137875477,12.5837899293607
"California","CA","06035","Lassen County",28340,804.844018296045,287.097035034076,2158.20882062465,0.00732408056649401,769.85768583772,0.00261258301881009,139875.693396518,376933.042709252,1.26809811446402,836244.242719039,2253085.86112765,86.8776508248361,232.964534820387,0.000790586622506009,0,0,0,140593.65976399,377702.900395089,1.27071069748283,140162.790431552,6.69189019809083,5.66329735059037,7.67749714683099,0.00729738973306542,6.64750377265756,0.00260917615631241,11.8485165520397,12.8398254980982,0.818941645275494,13.6366772015821,14.6278117722121,11.8536362758734,12.8418658353485,0.820092865084741,11.8505669494087
"California","CA","06037","Los Angeles County",9757179,73758438.655553,73493156.3565116,186426279.173969,675.632499204135,185799342.755095,673.641771398225,332759600.768585,871422720.288986,3066.01830820732,1930168279.27798,5061857248.94942,1967382.51112875,5176385.5261602,18.3221532502734,0,0,0,404550656.913009,1057222063.04408,3739.66007960555,406252757.125097,18.1163059826444,18.1127028626589,19.0435464383357,6.51712828830588,19.0401778523415,6.51418184095698,19.6229308706266,20.5856377457729,8.02846113351519,21.3808730279161,22.3449992983456,19.8182875225003,20.7789106107416,8.22701736670886,19.8224860808162
"California","CA","06039","Madera County",165432,8673.08558391137,8500.50325615738,23257.0900493974,0.0789250788135934,22794.3063378018,0.0773545796310321,326184.317647223,871936.40135394,2.96913839436874,2181766.86817016,5828593.00694555,834.103039866029,2236.66759897138,0.00759033766278087,0,0,0,334023.300191268,894730.707691741,3.04649297399977,334684.82090338,9.06809519106457,9.04799828050722,10.0544083096056,0.0759652481039569,10.0343099313728,0.0745085729884501,12.6952209578778,13.6784729128761,1.37854904201861,14.5956460548259,15.5782863640522,12.718969024376,13.7042791843754,1.39785057363672,12.720947522703
"California","CA","06041","Marin County",256400,15386258.6675885,15321465.7154205,35914336.7071735,112.652076440583,35750490.8398678,112.113230473486,11695617.5636104,31120305.9447977,104.903189224149,63273900.1863906,168673609.108534,213121.490314902,502120.508903491,1.58696682825307,0,0,0,26868754.7408841,66870796.7846655,217.016419697634,27017083.2790309,16.5489854397329,16.5447654562985,17.3966471527578,4.73314182061632,17.3920745847682,4.72838935659417,16.2747248478895,17.2533711204905,4.66252536758495,17.9629834985614,18.9434761043877,17.1064746728907,18.0182729243413,5.38457037966662,17.1119799749413
"California","CA","06043","Mariposa County",17048,1389.1824764255,1044.01782091752,3725.12661574619,0.0126415605354721,2799.5591925549,0.00950056217034946,177286.111044017,529409.343785503,1.6019898238332,1132915.49415348,3442734.77780358,111.642343604757,299.371661148839,0.00101594532680329,0,0,0,178563.651176838,532208.902978058,1.61149038600355,178330.128864935,7.23719029551249,6.95178921776309,8.22312453226592,0.0125623231001885,7.93757438785033,0.00945571565058962,12.0855257936726,13.17951910728,0.956276469180743,13.9403058339872,15.0517769975239,12.0927060060932,13.1847932449777,0.959921087479646,12.0913973756286
"California","CA","06045","Mendocino County",89175,3720.03859001285,3029.70927899689,9975.37400480081,0.0338523511691169,8124.23915841825,0.0275703544388717,703329.671765039,1844748.52720459,6.469418382877,4394430.241464,11611005.0843727,466.313559044139,1250.43115613459,0.00424345338730166,0,0,0,706583.396796008,1852872.76636301,6.49698873731587,706359.381044036,8.22175809916435,8.01655195658721,9.2079749771143,0.0332919720499139,9.00273044164699,0.0271971365175427,13.4635824325567,14.4278540686282,2.01081713572215,15.2958486703663,16.267464006627,13.4681979315745,14.4322483790198,2.01450143822766,13.4678808409743
"California","CA","06047","Merced County",296774,37217.5080270388,34973.9377662369,98089.7335055375,0.342088413955144,92073.5452547941,0.321671924581847,1904586.07850622,5176756.32588853,17.3215718788098,11417920.8422023,31100856.3524283,1856.74503850879,4953.99196563182,0.0169213669932872,0,0,0,1939946.84149475,5268829.87114332,17.6432438033917,1939560.01627246,10.524561444144,10.4623870201536,11.4936481814133,0.294226918611202,11.4303538024446,0.278897544656826,14.4597757863582,15.4596894193533,2.90807915681035,16.2506947703439,17.2527459443717,14.4781716448506,15.4773190498232,2.92548381790417,14.4779722251623
"California","CA","06049","Modoc County",8491,13216.7260727869,13216.7260727869,34285.5302436693,0.126251610737726,34285.5302436693,0.126251610737726,155645.480400924,415623.720437319,1.48746709961276,900844.619303448,2393453.87510431,662.062681715208,1781.49688391828,0.00645633231383804,0,0,0,168200.143791995,449909.250680988,1.61371871035049,168862.20647371,9.48931409201379,9.48931409201379,10.4425078517593,0.118894960117169,10.4425078517593,0.118894960117169,11.9553425633489,12.93753801776,0.911264963676817,13.7110891781841,14.6882484345366,12.0329158266881,13.016803398924,0.960774000517551,12.0368442369909
"California","CA","06051","Mono County",12991,1561.96394818205,1561.96394818205,4188.44433683078,0.0142138719284567,4188.44433683078,0.0142138719284567,103828.881702948,306255.710542397,0.941856088012349,757799.724349655,2158903.53811707,98.9495342886761,265.335584093228,0.000900440762026953,0,0,0,105291.896116842,310444.154879228,0.956069959940805,105390.84565113,7.35433926437302,7.35433926437302,8.34032338761367,0.0141138019902876,8.34032338761367,0.0141138019902876,11.5505090859628,12.6321789525762,0.663644262083234,13.5381757334248,14.585111492733,11.5645012325685,12.6457625299044,0.67093733781391,11.5654405463577
"California","CA","06053","Monterey County",436251,345909.154169385,342284.925286551,902041.656848931,3.29056919813624,892323.198905423,3.25758871530245,5454735.92446647,13944461.8335517,49.7205443850542,32271941.5753252,83059295.6767901,11253.5704790058,29956.2872830734,0.106015621934585,0,0,0,5789391.50815685,14836785.0324571,52.9781331003566,5797020.84975302,12.7539343502891,12.7434017056085,13.7124170893334,1.45641940435692,13.7015847972173,1.44870297075451,15.5119949495908,16.4505930579398,3.92633104321518,17.2897087597783,18.2350653284786,15.5715379231736,16.5126201976156,3.9885790219669,15.5728548694631
"California","CA","06055","Napa County",132727,32376.9417961165,29615.6245520527,86876.3883875319,0.312396124362255,79471.8490020017,0.287268137441274,1750888.28691742,4751333.85792303,16.3421259667032,10169771.265953,27693715.0751807,4542.89258677039,12192.3285259739,0.0446075656481149,0,0,0,1778722.33612677,4830805.70692503,16.6293941041444,1780503.91146948,10.3852326611631,10.2960911229233,11.3722530747198,0.271854569008599,11.2831707203231,0.252522249913814,14.3756343807809,15.373936159252,2.85313856860655,16.1349303750457,17.1367160889301,14.3914064380429,15.3905240317498,2.86956762849898,14.3924075401738
"California","CA","06057","Nevada County",102195,23028414.449929,23026688.6266514,57027307.7993038,231.616574173433,57022679.9621879,231.600869181608,13371865.0131288,34526084.4926719,133.279347859662,71956360.9562248,189067521.188344,162345.001030333,405664.28006959,1.64103751239966,0,0,0,36237934.4620275,91548764.4548598,364.88021704127,36398553.6397803,16.9522394656924,16.9521645196783,17.8590408128084,5.44939149366563,17.8589596582703,5.44932397688587,16.4086635065145,17.3572256975379,4.89992231552916,18.0915704092959,19.0576147694775,17.4056170690292,18.3323823440661,5.90230600399141,17.4100396241203
"California","CA","06059","Orange County",3170435,16540478.7275109,16528635.0242106,39250826.753134,125.560672990563,39218669.8473281,125.451665125297,75825705.2112079,199146375.079857,680.282201383997,466062345.300779,1225948620.56048,317291.869687939,773003.61166423,2.54262933791219,0,0,0,92048892.0690309,238365044.927185,805.733866509294,92354340.2354185,16.6213212512209,16.6206049512209,17.4854830912221,4.84072182156654,17.4846634884929,4.83986014127994,18.1439479251943,19.1095506704887,6.52397661294695,19.9598299734858,20.9269807662091,18.3378304402482,19.2893138629728,6.69299383260294,18.3411432720095
"California","CA","06061","Placer County",433822,721712.109077574,714463.651311907,1641620.09282166,5.94103738342734,1622183.17693464,5.87507641775976,7157752.44604659,18703599.6841242,62.4349172372469,44661457.0587775,118995416.908246,12949.0268554693,31706.5531309071,0.113194722719258,0,0,0,7866515.52826869,20325782.8610589,68.3099936550067,7872216.09735849,13.48938298306,13.4792888018069,14.3111947828171,1.93745124222788,14.2992840564928,1.92790275880137,15.7837067251838,16.7442266132426,4.15001445490576,17.6146214518231,18.5945955453617,15.878125895756,16.8274007790042,4.23858910438475,15.8788502957586
"California","CA","06063","Plumas County",18834,9152.53603045591,8979.95370270192,28926.736362681,0.108918140122206,28463.9526510853,0.107347640939645,365850.276915185,1421129.54152792,3.56548850313897,2244336.53069767,9140190.034672,1317.7196604968,4170.63404647649,0.0157161342280984,0,0,0,373685.093285144,1449593.494179,3.67283614407862,374830.230617887,9.1218955350324,9.1028613586306,10.2725561495815,0.103384891506958,10.2564288779756,0.101967643215841,12.8099821825758,14.1669632688189,1.51852551886694,14.623920949063,16.0281918441607,12.8311714012011,14.1867944160979,1.54176619870776,12.8342311519633
"California","CA","06065","Riverside County",2529933,846657.87283052,834794.732811764,2279907.02670999,8.19744239434379,2251327.48978461,8.10614983514778,29618580.6439526,80823836.7945154,279.027501228811,170895445.863303,465138808.208356,58963.7653488805,168504.73818338,0.595584618649307,0,0,0,30406274.7514343,83075164.2843,287.133651063959,30453375.3767644,13.649053144966,13.6349423425427,14.6396456609547,2.21892544479086,14.6270310398438,2.20894999132892,17.2039124805782,18.2077825021902,5.63488781702044,18.9565625056203,19.9578464334316,17.2301595842627,18.2352563617822,5.66342443868483,17.2317074286255
"California","CA","06067","Sacramento County",1611231,1319070.51579032,1290140.3986238,3396540.02514174,12.3144103198396,3318929.42437586,12.0510156115063,34112988.2390079,90543099.6120069,312.262839961064,200483590.695215,534518421.362999,97950.4897136356,282899.238593777,1.04019802493099,0,0,0,35334108.2650846,93862029.0363827,324.31385557257,35403128.6376317,14.0924386499342,14.0702623816672,15.0382681261926,2.58884693137868,15.015153127655,2.56886595537702,17.3451887858236,18.3213365451556,5.74704258243673,19.1162429644305,20.0968767543705,17.3803593234997,18.3573364964408,5.78479042578641,17.382310782039
"California","CA","06069","San Benito County",69159,21258.0881275558,20912.9234720478,53497.4874052501,0.190897942726334,52571.9199820588,0.187756944361212,544573.664185498,1414048.92847616,5.04630653534914,3372333.83696347,8863554.99237886,1183.84155734602,3084.09549631555,0.0107149752934752,0,0,0,564647.910755708,1466620.84845821,5.23406347971035,565486.587657546,9.96453975951586,9.94817041097846,10.8874086596854,0.17470759629543,10.8699564369173,0.172066607720053,13.2077603362621,14.1619684349116,1.7994475955929,15.0311158923922,15.9974585956021,13.243959420089,14.1984722518841,1.83002836411498,13.2454436249739
"California","CA","06071","San Bernardino County",2214281,1713711.89787229,1712331.23925026,5061534.07771744,18.5442717332288,5057831.80802468,18.5317077397683,25482891.8551882,69346997.0427825,241.315162482471,143506662.361343,390320561.475126,108996.009837195,322348.599258093,1.17334415387472,0,0,0,27087607.7432233,74404828.8508072,259.84687022224,27195223.0944385,14.354172859951,14.3533668818383,15.4371803702977,2.97268223752379,15.4364486507082,2.97203918293819,17.0535179165717,18.0546334167339,5.49023920317567,18.7818920266597,19.7824789145323,17.1145869393355,18.1250314150458,5.56393353101513,17.1185519310861
"California","CA","06073","San Diego County",3298799,6189048.7228134,6179826.97397992,17077457.4331262,60.938541428507,17051877.4925486,60.8512167451957,212332866.062129,570276112.932574,1963.77513894244,1070691249.31467,2872703978.91669,340969.462214433,990279.690350017,3.6982194089787,0,0,0,218180945.322728,587327990.425122,2024.62635568764,218512693.036109,15.6382921147518,15.6368009931209,16.6532699315712,4.12614262613261,16.651770931141,4.12473177116231,19.1736657289262,20.161631211912,7.58313308464722,20.7915703051652,21.7785195764512,19.2008353054731,20.191093980561,7.6136342431644,19.2023546670875
"California","CA","06075","San Francisco County",827526,11593369.8406132,11100139.6554768,24800713.2527082,91.667564947176,23538640.9808786,87.4637246794829,122327944.049577,311148326.423436,1118.82906575201,740565968.493627,1888350213.82397,210397.729118726,493819.305875284,1.77339593650726,0,0,0,133710916.161071,334686967.404315,1206.29279043149,133428083.705054,16.2659440134626,16.2224683378669,17.0263830112329,4.5290185186501,16.9741539682801,4.48259257735845,18.6222160704644,19.555780293498,7.02093133277726,20.422925275474,21.3589693826074,18.7111906928977,19.6287062302706,7.09613576867427,18.7090731993104
"California","CA","06077","San Joaquin County",816108,67741449.5355156,67735754.3186997,166562291.116439,677.2885320894,166547019.253957,677.236705616375,44195524.5866632,110633175.971602,435.227205582353,239496313.99176,601257514.291427,511159.716307299,1286712.24113532,5.17378976381209,0,0,0,111425814.405871,277180195.225558,1112.46391119873,111931278.905363,18.0312088184036,18.0311247420192,18.9308799242422,6.5195727609676,18.930788231444,6.51949635033901,17.6041341108527,18.5217305746882,6.07816322133742,19.2940485884412,20.2145338787513,18.5288695947497,19.4401783805402,7.01523107593307,18.5333956686733
"California","CA","06079","San Luis Obispo County",281843,72812.9561406282,71604.8798463503,200820.986717682,0.71520064024301,197581.500736513,0.70420714596508,2951304.69128704,7943155.44433681,27.0977549086657,19930852.5646915,53656902.2231352,2918.86226206476,7767.54439647022,0.0262592649514443,0,0,0,3021198.7851656,8140736.94507332,27.8019620546308,3022909.57113339,11.1956629210401,11.1789324703361,12.2101741564115,0.539530065170284,12.1939115013486,0.533099985552253,14.8977582376103,15.8878212912965,3.33568967665904,16.8077795194049,17.7981206902106,14.9211645903125,15.9123913905126,3.36044351171827,14.9217306905034
"California","CA","06081","San Mateo County",742893,5106190.3749068,5016419.00201077,14548809.7125918,52.2294172653979,14307919.7331996,51.4116284505566,98285555.0531673,267725675.295902,933.259721139471,569148987.942351,1544822465.94437,299522.551553207,831517.843042672,2.93883791855957,0,0,0,103092222.876521,282033595.029102,984.671349590028,103301974.055178,15.4459643564781,15.4282270902478,16.4930198102748,3.9746111996402,16.4763238393121,3.95912848370242,18.4033876369168,19.4054734183323,6.83975447359856,20.1596528012995,21.1581748325671,18.4511345230246,19.4575367566614,6.89332298219442,18.4531670535119
"California","CA","06083","Santa Barbara County",444500,101123.08716577,99742.4285437385,273574.242456326,0.97134298995165,269871.97276356,0.95877899649116,6799171.88982253,18234793.6317783,62.115914381812,45162917.6667224,121213262.809536,3704.17707459386,9841.38450532149,0.0333750004509955,0,0,0,6896590.79991371,18504665.6045419,63.0746933783031,6898914.31836627,11.5241036275292,11.5103564533212,12.519331972538,0.678715031271475,12.5057066560281,0.672321318147716,15.7323115288987,16.7188421198516,4.14497294665137,17.6257869246242,18.6130620629841,15.7465379054964,16.7335335071333,4.16004948688251,15.7468747569735
"California","CA","06085","Santa Clara County",1926325,14768158.1239569,14731195.3505876,37994860.8375439,136.789816702905,37901192.8301015,136.46466593979,132077710.9434,336644654.720225,1182.58572603165,759703051.610197,1941400410.14842,574483.136438276,1495549.53332278,5.28668375205811,0,0,0,146271385.930919,374545847.550327,1319.05039197144,146808906.293987,16.5079840105825,16.5054780037821,17.4529614937468,4.92572945674079,17.4504931690315,4.92336690909955,18.6989010341629,19.6345384979453,7.07630386066257,20.4484381946439,21.3866754110217,18.80097426881,19.7412247794637,7.18542519058768,18.8046423486935
"California","CA","06087","Santa Cruz County",262406,543560.803700276,537002.675245624,1366103.0044991,4.89710408131933,1348517.22345846,4.837425112382,8842110.97472073,22752280.4935174,78.4481972218398,52872837.6966186,136944195.139583,18454.385406162,47728.7833753141,0.164853794375692,0,0,0,9367217.39301484,24100797.7169758,83.2856223342218,9379113.64996636,13.2058986933384,13.1937602175004,14.127473454208,1.7744613967387,14.1145169353441,1.76428979419872,15.9950363172466,16.9401759837623,4.37510520199954,17.7834003187812,18.7350840733637,16.05272674707,16.9977555396949,4.43421129689395,16.0539959295305
"California","CA","06089","Shasta County",181121,53960.2739466799,53269.9446356639,130394.121696057,0.455820173796161,128542.986849675,0.449538177065916,1298566.64635017,3211019.62048815,11.0802926464194,7987686.6927748,19978901.7296853,3419.14380343725,8353.02718828259,0.0273312794941113,0,0,0,1349107.77649341,3339562.60733783,11.5298308234853,1351836.59098583,10.8960219191364,10.8831463327304,11.7783245174686,0.375569435138744,11.7640264348569,0.371245007125809,14.0767724044925,14.9820993948785,2.4915754179102,15.8934118757048,16.8101874112424,14.1149547668489,15.0213506999309,2.52811226709978,14.116975403359
"California","CA","06091","Sierra County",3113,471.157979286555,125.993323778576,1263.4215869017,0.00428753761150765,337.854163710413,0.00114653924638504,66780.8612441152,290576.880128054,0.588155015620326,434164.311013125,2006657.88237785,54.0037095596173,144.812261343224,0.000491433756992518,0,0,0,67198.0155138421,290914.734291765,0.589301554866712,66906.8545678938,6.15731363146367,4.84413451640418,7.14237005303794,0.00427837231049887,5.8255698192753,0.00114588247222685,11.1091867843898,12.5796269092861,0.4625729749501,12.9811806415101,14.5119816493957,11.1154138763123,12.5807889313388,0.463294646054464,11.1110716468164
"California","CA","06093","Siskiyou County",42498,7960.86594750718,7615.7012919992,20114.4453636562,0.0737053704963895,19188.877940465,0.0705643721312668,125715.203037057,390051.339983651,1.13629266453162,921829.897299796,2851825.72499564,366.237896801115,970.793632757881,0.00337379572508768,0,0,0,133309.831087763,409240.217924116,1.20685703666289,133330.904329056,8.98241866688338,8.93809865363943,9.90924322501158,0.0711156293047985,9.86213822840126,0.0681859600106149,11.7417822887139,12.8740362141874,0.759071926942378,13.7341170771488,14.863470303059,11.8004387563375,12.9220600360517,0.791569347950767,11.8005968198325
"California","CA","06095","Solano County",455101,559047.534272134,541444.136841227,1334828.16240401,4.84181274497348,1287624.22382126,4.68162182835222,13066447.9283292,34792714.4721627,119.088147290997,75601952.5645873,201989279.46174,23840.7565657511,64113.087394218,0.23163369390162,0,0,0,13601654.7060356,36080338.6959839,123.76976911935,13607892.0651704,13.2339915717532,13.2019970232842,14.1043138733912,1.7650411502121,14.0683101680109,1.73723672513683,16.3855583523055,17.3649185973205,4.78822603388265,18.1409926816173,19.1237251869363,16.425702086387,17.4012586681915,4.82647019197119,16.4261605547943
"California","CA","06097","Sonoma County",485375,16876150.8502752,16845439.0038707,39390351.7870842,123.546113734315,39314595.8973525,123.300482530455,9818111.46516004,26250765.7233426,88.2813697753749,52084994.4402207,139554215.884728,236675.69450169,559502.206492678,1.77427169307093,0,0,0,26457586.6209335,65565361.6206951,211.58185230583,26663550.4690307,16.6414120501875,16.639590555222,17.4890314911671,4.82467603876707,17.4871064302038,4.82270188049187,16.0997394485315,17.0832057550836,4.49179284098142,17.7683874698557,18.7539637352237,17.0910535417062,17.9985581056377,5.35932710152043,17.0988080772347
"California","CA","06099","Stanislaus County",556972,200533.004834709,197372.088719333,585581.268399457,2.13566549090121,577088.301126028,2.10683583319232,4295023.18690795,12253876.4495748,42.8362304708286,25064910.6326227,71187108.2724127,23709.172220268,70413.2872937836,0.259254332990358,0,0,0,4471847.01952239,12830964.7507008,44.943066304021,4492395.27562728,12.2087391115214,12.1928510680118,13.2803619617983,1.14284142935657,13.2657523014976,1.1336047912912,15.2729677447951,16.321352971367,3.7804606551571,17.0369794831448,18.080822310446,15.3133123083385,16.3673720066117,3.82740294087641,15.3178968090321
"California","CA","06101","Sutter County",98545,631357.441429117,629631.618151577,2030394.48783399,7.71847840739242,2025766.65071803,7.7027734155668,1890691.58026436,5495674.36854085,19.4113039669015,11193263.0446732,32466470.0301006,14441.5010463676,45704.6489221027,0.172475757779717,0,0,0,2507607.52064711,7521441.01925888,27.1140773824683,2520323.19841594,13.3556290332203,13.3528917824809,14.5237411536358,2.16544472812985,14.5214592734619,2.16364175825839,14.4524537644957,15.5194720442804,3.01608886340916,16.2308227307543,17.2957184541596,14.7348400763053,15.833268435423,3.33627042535895,14.7398981013779
"California","CA","06103","Tehama County",64451,3023.02441481221,2160.11277604226,8106.31353243349,0.0275095221747911,5792.39497445528,0.0196570262619846,247362.823035405,726891.675829772,2.30133964501459,1507217.850748,4647757.65489483,334.099122557615,895.894927309473,0.0030403020152743,0,0,0,250051.748327659,732684.070804227,2.32099667127658,249522.935811447,8.01434381094812,7.67837854211524,9.00052183852549,0.027137934668709,8.66447375010421,0.0194663219891287,12.4186154996119,13.496534119524,1.19432833913052,14.2257766898571,15.3518956516595,12.4294271678991,13.5044712443491,1.20026494006848,12.4273101246883
"California","CA","06105","Trinity County",15642,998.875719369883,826.293391615893,2304.77388095263,0.0078214626084062,1841.99016935699,0.0062509634258449,98750.2141043967,260577.525001634,0.882522869954633,570661.457681608,1521322.92506964,116.095584124663,311.313133970831,0.00105646981553443,0,0,0,99632.9942396419,262419.515170991,0.888773833380477,99576.5074960126,6.90763099062854,6.71815939827096,7.74317163919225,0.00779103353333286,7.51914462361164,0.00623150719201124,11.5003589774159,12.4706595342974,0.632612829332397,13.2545531714306,14.2350915170545,11.5092586929674,12.4777035158122,0.635927853125054,11.5086915897163
"California","CA","06107","Tulare County",483546,295163.432909059,293782.774287027,851116.288917146,3.10816048177863,847414.01922438,3.09559648831814,2921582.96073389,7979413.4662202,29.0705274762971,17016780.7755303,45966647.1871116,60352.8504193426,191259.002881722,0.725273389482747,0,0,0,3156393.54322361,8826827.48544458,32.1661239646153,3215365.73502092,12.5952878797242,12.5905993141275,13.6543052228731,1.41297535697479,13.6499458409075,1.40991236929022,14.8876364794765,15.8923755915735,3.40354553845939,16.6497105783617,17.6434266520746,14.96494096683,15.99330633314,3.50152899248664,14.9834519791393
"California","CA","06109","Tuolumne County",53893,8390.35534161816,7700.02603060221,22498.9420245585,0.0763522336087253,20647.8071781759,0.0700702368784801,1460834.40344947,4319027.54861142,14.1402672202981,8554250.26094453,25906266.5924216,701.557676341727,1881.24398124148,0.00638417485470972,0,0,0,1468523.20111474,4339675.3557896,14.2103374571766,1468534.42948007,9.03495732891981,8.94910884969224,10.0212680115029,0.0735777628256971,9.93541283295207,0.0677242882619815,14.1945190241873,15.278541061926,2.71735789780718,15.9619389408406,17.0699954893798,14.1997685096449,15.2833103308972,2.72197529255872,14.1997761556356
"California","CA","06111","Ventura County",835427,1022792.32085895,1021411.66223692,2583767.94826576,9.15716186029216,2580065.67857299,9.14459786683167,11591583.9617387,30852750.3278216,109.974039865903,70166256.3695089,185975835.957753,51197.9563199097,139880.179035649,0.495181372016756,0,0,0,12563178.3262778,33432816.0063946,119.118637732734,12612995.6239757,13.8380479921265,13.8366971900612,14.7647597235809,2.31817905866697,14.763325800972,2.3169413339344,16.2657899584889,17.2447364883851,4.70929629887733,18.0663780891879,19.0411273144093,16.3462808180451,17.3250485206671,4.78847990216449,16.350238318407
"California","CA","06113","Yolo County",225251,663896.371754891,659064.066577779,2125754.05217788,8.07095859342674,2112796.1082532,8.02698461631502,20998051.8242333,56607626.4479724,194.009248416248,116054667.538441,313136678.885914,18481.8366396525,57858.7817337023,0.218456047751477,0,0,0,21643466.3593485,58720422.5562256,202.036233032563,21657115.8908111,13.4058828559027,13.3985775439335,14.5696376159019,2.20507794690259,14.5635232712843,2.20021838212879,16.8599402687331,17.8516542946589,5.27304698521472,18.5695719185567,19.5621503301406,16.8902142282823,17.8882981553955,5.31338445095987,16.8908446831434
"California","CA","06115","Yuba County",87469,14431.7509779757,12533.3453726818,38718.0351321313,0.13725091857211,33627.4143045793,0.119975427563936,1345980.28312765,3760421.98570667,12.5628046186279,7827212.61784841,21778260.6925127,1559.90432417692,4186.4052399536,0.0152842103861781,0,0,0,1358852.12978145,3794049.40001125,12.6827800461918,1358513.62850033,9.57725527656221,9.4362277852703,10.5640866219718,0.128613875181091,10.4231266524059,0.113306745391268,14.1126338835386,15.1400420052374,2.60733109140811,15.8731171448444,16.8964228601863,14.1221516150204,15.1489447135247,2.61613811129893,14.1219024759174
"Colorado","CO","08001","Adams County",542973,3054082.93201412,3051482.84701685,9730503.23009798,36.9949323322817,9724586.96508941,36.9733830115977,26853640.0291319,78346345.5020244,289.271241218355,168358129.099901,491792572.97458,279889.800028782,893254.561527136,3.3951848851326,0,0,0,29627833.1611172,88070932.4671139,326.244624229953,29905122.8761487,14.9319902470334,14.931138537496,16.0907762750289,3.6374527911564,16.0901680779429,3.63688546723551,17.1059119760246,18.1766498952008,5.67081580039247,18.941603995247,20.0135675879467,17.2042248207295,18.2936531098752,5.79070797755028,17.2135403907745
"Colorado","CO","08003","Alamosa County",16689,57.9512471712346,57.9512471712346,162.668373763998,0.000579512471712346,162.668373763998,0.000579512471712346,193570.903647932,459501.104350043,1.58360882829387,1137156.59144026,2702479.50539125,0,0,0,0,0,0,193628.854895103,459663.772723807,1.58418834076558,193628.854895103,4.07671078318426,4.07671078318426,5.09784226940194,0.000579344619205133,5.09784226940194,0.000579344619205133,12.1734043175074,13.0378988004193,0.949187192221694,13.944042365978,14.8096806149232,12.1737036511045,13.0382527478461,0.949411470557389,12.1737036511045
"Colorado","CO","08005","Arapahoe County",666918,1932630.67182141,1921639.4347915,5257903.92803826,19.589071399297,5231791.15487952,19.4928772865799,32495772.1564758,89801288.2259866,329.171509329625,207897734.309689,581219985.550737,139745.571808422,388304.531516753,1.44053042886757,0,0,0,34288657.2564888,95033079.3808662,348.664386616205,34417411.5912673,14.4743931926059,14.4686897723385,15.475243202716,3.02476042042564,15.4702644455808,3.02007737633469,17.296620582118,18.3131098898062,5.79961224469143,19.1525568595976,20.1806398774909,17.350325194379,18.3697356034876,5.8569737990669,17.3540731742565
"Colorado","CO","08007","Archuleta County",14112,2507.35908669916,2507.35908669916,6834.6775666454,0.0293782127332336,6834.6775666454,0.0293782127332336,123804.862007976,358781.863343416,1.4654693248835,724769.995633919,2073287.23061249,42.1245222929936,114.65935586035,0.000497069363057325,0,0,0,126270.096572382,365616.540910062,1.49484753761674,126312.221094675,7.82738406801885,7.82738406801885,8.82991087616074,0.0289549429972189,8.82991087616074,0.0289549429972189,11.7264699887415,12.7904726469989,0.902382184861997,13.4936110158488,14.5446464220868,11.7461864347411,12.8093430958304,0.914227620168722,11.7465199829445
"Colorado","CO","08009","Baca County",3367,0,0,0,0,0,0,6120.33026023395,17179.6849753568,0.0612033026023395,38517.2571450594,108117.424343313,0,0,0,0,0,0,6120.33026023395,17179.6849753568,0.0612033026023395,6120.33026023395,0,0,0,0,0,0,8.71953471466983,9.75154106525315,0.0594034554160126,10.5588876194331,11.5909824270629,8.71953471466983,9.75154106525315,0.0594034554160126,8.71953471466983
"Colorado","CO","08011","Bent County",5779,54.0251090190506,54.0251090190506,144.869644514442,0.00049162849207336,144.869644514442,0.00049162849207336,3020.74047283503,8533.18750836296,0.0304281098930726,21210.1707329404,61072.6306253674,0,0,0,0,0,0,3074.76558185408,8678.0571528774,0.030919738385146,3074.76558185408,4.00778960867454,4.00778960867454,4.98271337709263,0.00049150768238022,4.98271337709263,0.00049150768238022,8.0135882598712,9.05183543542629,0.0299743565597734,9.9622832432509,11.0198354746772,8.03130911896145,9.06866817881411,0.0304513536874592,8.03130911896145
"Colorado","CO","08013","Boulder County",330262,829799.910755859,792192.579176912,2221845.47523546,7.92924628295542,2134197.84797223,7.65471276242911,18055587.144875,48913794.748634,176.756286964741,114068233.183124,306369887.672918,96533.5322112202,280584.209852935,1.03805352988558,0,0,0,18788853.5234197,51047992.5966062,184.41099972717,18847779.724052,13.628941084441,13.582561059084,14.6138491537413,2.18933198852175,14.5736018873707,2.15810400060537,16.7089657873431,17.7055700363052,5.18041343776104,18.5523073727679,19.5403037164353,16.7487744074994,17.7482767990916,5.22257498107608,16.7519057314551
"Colorado","CO","08014","Broomfield County",78323,82833.9611561955,73432.1282614586,238143.948878847,0.89134544971751,216232.042063042,0.822712069585931,2577571.22487501,7073435.31470772,25.8858528861659,15247919.5801245,41765434.7739384,19578.6525404544,61233.3123797291,0.231567422203856,0,0,0,2640826.53349075,7289667.35677076,26.7085649557519,2651003.35313647,11.3246054874427,11.2041304514919,12.3806347961735,0.637288453963897,12.2841120035137,0.600325540043874,14.7623585157707,15.771856961477,3.29160023325357,16.5399536963188,17.5475796600681,14.7866028856599,15.8019686100516,3.3217415695783,14.7904491273432
"Colorado","CO","08015","Chaffee County",20780,45594.414478321,45594.414478321,145945.388893345,0.559282350115935,145945.388893345,0.559282350115935,388201.643991681,1212890.0349532,4.09296346095135,2219895.9564676,6964874.3824898,17030.9372599853,54969.4988189926,0.209459466036673,0,0,0,416765.121210017,1358835.42384655,4.65224581106729,433796.058470002,10.7275624307601,10.7275624307601,11.8909946338956,0.444225683437308,11.8909946338956,0.444225683437308,12.8692827605946,14.008517352855,1.62785987351022,14.6129713367656,15.7563902730747,12.9402804830323,14.1221393208017,1.73205295486513,12.9803320965082
"Colorado","CO","08017","Cheyenne County",1712,2391.45659235669,2391.45659235669,6509.34081911741,0.0282191877898089,6509.34081911741,0.0282191877898089,75123.0641431482,204520.911518237,0.885556303246769,435409.570144587,1185448.83916003,42.1245222929936,114.65935586035,0.000497069363057325,0,0,0,77472.3962132119,211030.252337355,0.913775491036578,77514.5207355049,7.78007597994692,7.78007597994692,8.78114708699927,0.0278283619996781,8.78114708699927,0.0278283619996781,11.2268962144308,12.2284303955136,0.634222898446132,12.9840447043473,13.9856328716228,11.257689881741,12.2597615168331,0.64907798784178,11.2582334628455
"Colorado","CO","08019","Clear Creek County",9076,415.279692924029,415.279692924029,1023.0650896014,0.00334447849307008,1023.0650896014,0.00334447849307008,97471.4814258377,282983.153591798,0.922477537925505,526104.075221221,1496454.89020268,44.6140070921986,103.977381541334,0.00032568225177305,0,0,0,97842.1471116695,284006.218681399,0.925822016418575,97886.7611187617,6.0313573731025,6.0313573731025,6.93153536764321,0.0033388981636078,6.93153536764321,0.0033388981636078,11.4873253753619,12.5531461806824,0.653614738545533,13.1732562345479,14.2186101305332,11.4911209357439,12.5567549347126,0.65535289810815,11.491576806595
"Colorado","CO","08021","Conejos County",7549,0,0,0,0,0,0,5405.27945203145,15173.7757811921,0.0540547884121914,38932.8654015744,108841.72654104,0,0,0,0,0,0,5405.27945203145,15173.7757811921,0.0540547884121914,5405.27945203145,0,0,0,0,0,0,8.59531641843995,9.62738984027931,0.0526444301839249,10.5696197267511,11.5976592434934,8.59531641843995,9.62738984027931,0.0526444301839249,8.59531641843995
"Colorado","CO","08023","Costilla County",3686,0,0,0,0,0,0,4135.5618285351,11608.4666005634,0.0413556182853511,26388.4846293583,73906.4018917037,0,0,0,0,0,0,4135.5618285351,11608.4666005634,0.0413556182853511,4135.5618285351,0,0,0,0,0,0,8.32762024558371,9.3595761305326,0.0405233434824101,10.1807209002941,11.2105682628367,8.32762024558371,9.3595761305326,0.0405233434824101,8.32762024558371
"Colorado","CO","08025","Crowley County",5600,0,0,0,0,0,0,19505.0925898257,54752.9910367114,0.195054913682011,144181.12510324,402027.253370621,0,0,0,0,0,0,19505.0925898257,54752.9910367114,0.195054913682011,19505.0925898257,0,0,0,0,0,0,9.87848213625635,10.9106055406697,0.178192137199649,11.8788325370873,12.904277647148,9.87848213625635,10.9106055406697,0.178192137199649,9.87848213625635
"Colorado","CO","08027","Custer County",5553,28.9756235856173,28.9756235856173,81.3341868819992,0.000289756235856173,81.3341868819992,0.000289756235856173,11558.127154056,32443.5079430188,0.11558127154056,68008.677347348,190899.445412192,0,0,0,0,0,0,11587.1027776416,32524.8421299008,0.115871027776416,11587.1027776416,3.4003845042207,3.4003845042207,4.41078641489398,0.000289714264625455,4.41078641489398,0.000289714264625455,9.35523063367117,10.3872864610601,0.109375588839459,11.1274052879642,12.1595073429337,9.35773422816658,10.389790194818,0.109635290772208,9.35773422816658
"Colorado","CO","08029","Delta County",32215,2623.26158104163,2623.26158104163,7160.0143141734,0.0305372376766583,7160.0143141734,0.0305372376766583,344795.762586176,826011.237506236,3.05486044259549,2031401.73215176,4918513.69146545,42.1245222929936,114.65935586035,0.000497069363057325,0,0,0,347376.899644924,833171.25182041,3.08539768027215,347419.024167217,7.87255483299243,7.87255483299243,8.87640691391199,0.0300802562381125,8.87640691391199,0.0300802562381125,12.7507104284764,13.6243648677762,1.39991627084578,14.5242371134466,15.4085171509114,12.7581685143145,13.6329956846704,1.40741907492544,12.7582897712179
"Colorado","CO","08031","Denver County",729019,26511084.4328721,26511084.4328721,60568650.2576089,198.228044187472,60568650.2576089,198.228044187472,45314489.7988446,120938958.419748,439.122625039379,254889366.596741,683654509.181235,403359.141194177,958488.716627185,3.1819180046048,0,0,0,71422215.0905225,181507608.677357,637.350669226851,71825574.2317167,17.0930735217074,17.0930735217074,17.9192880112106,5.29445011931501,17.9192880112106,5.29445011931501,17.6291374244851,18.610796508669,6.08705338135587,19.3563401564196,20.3429632459056,18.08411952864,19.0168081373873,6.45888777063559,18.0897511715928
"Colorado","CO","08033","Dolores County",2467,8009.3944515805,8009.3944515805,25861.3744010242,0.0985155517544402,25861.3744010242,0.0985155517544402,98175.7443310005,315986.215364668,1.20355072202725,491036.875023804,1570245.06408208,1164.02666174298,3758.50253025924,0.0143175279394387,0,0,0,105021.112120838,341847.589765692,1.30206627378169,106185.138782581,8.98849528374136,8.98849528374136,10.1605444656292,0.0939597700062567,10.1605444656292,0.0939597700062567,11.4945246468565,12.6634570340439,0.790070023881014,13.104276542343,14.2667428937585,11.5619261985954,12.742123198032,0.833807099538485,11.5729488593335
"Colorado","CO","08035","Douglas County",393995,1482199.86840184,1481857.55583213,4065631.7406633,15.2191389264149,4064590.95987593,15.2154728239656,16082725.8175278,45678684.8320595,168.262822532998,92385493.900067,260769424.731374,54152.9731816202,156824.06089302,0.584499757463348,0,0,0,17510772.712748,49743275.7919355,183.478295356964,17564583.37336,14.2090386143863,14.2088076388745,15.2180799446107,2.78619196012735,15.2178239170514,2.785965898999,16.5932563855428,17.6371423538977,5.13145266982665,18.341480542688,19.3791471485194,16.6783268901932,17.7223858725761,5.21753181621875,16.6813951811966
"Colorado","CO","08037","Eagle County",54330,9681.49451419804,9681.49451419804,23547.1962685455,0.0867625965921235,23547.1962685455,0.0867625965921235,480710.903048887,1277880.37568586,4.58392324919571,3168957.29573391,8269907.39810142,0,0,0,0,0,0,490392.397563085,1301427.5719544,4.67068584578783,490392.397563085,9.17807484481999,9.17807484481999,10.0668045049421,0.0832031818866448,10.0668045049421,0.0832031818866448,13.0830234154829,14.0607140893344,1.71989162059407,14.9689134785151,15.92813399053,13.102963200143,14.0789731205849,1.73531007088094,13.102963200143
"Colorado","CO","08039","Elbert County",29382,5564.77165038171,5564.77165038171,15182.0621477908,0.0641356009770419,15182.0621477908,0.0641356009770419,546635.096836841,1558186.14517118,5.62084209363036,3579808.57458892,10176736.3520182,289.403365573642,768.162816029089,0.00290207391129983,0,0,0,551910.465121649,1573368.20731897,5.6849776946074,552199.868487223,8.62439091544147,8.62439091544147,9.62793575312223,0.0621628273263839,9.62793575312223,0.0621628273263839,13.2115385891483,14.259033617051,1.890222566335,15.0908201655066,16.1356150218444,13.2211429231231,14.2687298698957,1.89986287391519,13.2216671512535
"Colorado","CO","08041","El Paso County",752772,731162.475925833,731162.475925833,2211341.74839521,8.22136188080691,2211341.74839521,8.22136188080691,17811177.9608347,48347892.3371946,171.131429487595,107749012.960564,293116518.398356,142109.104763915,449110.76455427,1.70630515839309,0,0,0,18400231.3319966,50559234.0855898,179.352791368402,18542340.4367605,13.5023923470072,13.5023923470072,14.6091104674522,2.22152273607561,14.6091104674522,2.22152273607561,16.6953368496406,17.6939332078118,5.14825830994651,18.4953151357282,19.4960807650562,16.7278738492384,17.7386561788433,5.19491488473685,16.7355674012153
"Colorado","CO","08043","Fremont County",50093,88664.7688664463,88664.7688664463,246401.140174904,0.928975984216441,246401.140174904,0.928975984216441,1793715.87607074,5221908.93816535,19.4294756718548,10569890.8038145,30004559.8396807,18218.3691275943,56897.4871327339,0.216190771218334,0,0,0,1864162.2758096,5468310.07834026,20.3584516560712,1882380.64493719,11.3926291734781,11.3926291734781,12.4147201963786,0.656989283984216,12.4147201963786,0.656989283984216,14.3998004920175,15.4683737814754,3.01697874388221,16.1735201216365,17.2168599560607,14.43832286471,15.5144803659064,3.06144752345296,14.4480483654644
"Colorado","CO","08045","Garfield County",63167,26104.4070043263,26104.4070043263,65749.7487647654,0.242310586598687,65749.7487647654,0.242310586598687,811194.536577499,2144544.80435674,7.03814439856661,4741608.43676097,12664778.3547406,42.1245222929936,114.65935586035,0.000497069363057325,0,0,0,837256.819059533,2210294.55312151,7.28045498516529,837298.943581826,10.1698977367718,10.1698977367718,11.0936263380324,0.216973021974256,11.0936263380324,0.216973021974256,13.6062644095572,14.5784383417022,2.08419826035515,15.3718871796598,16.3543354196112,13.6378873295911,14.6086367989964,2.11389791678667,13.6379376408114
"Colorado","CO","08047","Gilpin County",5963,318.248488298457,318.248488298457,862.033519444009,0.00306112562372531,862.033519444009,0.00306112562372531,95118.1850557269,263392.067036271,0.936597513473766,650845.476884214,1788803.59870122,205.154320987654,538.84410430839,0.00190793518518519,0,0,0,95231.2792230377,264254.100555715,0.939658639097491,95436.4335440253,5.76596975973607,5.76596975973607,6.76045353093635,0.00305644991820116,6.76045353093635,0.00305644991820116,11.4628859637893,12.4814027468981,0.660932574229668,13.3860290667805,14.3970581327699,11.464074230778,12.4846702055546,0.662511998364498,11.466226165631
"Colorado","CO","08049","Grand County",16154,2536.33471028477,2536.33471028477,6916.0117535274,0.0296679689690898,6916.0117535274,0.0296679689690898,103806.269170453,285668.353084377,1.17267875655629,807443.287238363,2232683.32737016,42.1245222929936,114.65935586035,0.000497069363057325,0,0,0,106300.479358444,292584.364837904,1.20234672552538,106342.603880737,7.83886948242439,7.83886948242439,8.84173912782242,0.0292363900481338,8.84173912782242,0.0292363900481338,11.5502912778058,12.5625903128969,0.775960856271342,13.6016293375667,14.6187151537758,11.5740344810577,12.5865117486751,0.789523485271722,11.5744306766546
"Colorado","CO","08051","Gunnison County",17310,8241.19944026544,8241.19944026544,26512.0478960802,0.10083360164129,26512.0478960802,0.10083360164129,120043.372608254,376236.967990499,1.42105414544993,599887.915859676,1864691.99174584,1164.02666174298,3758.50253025924,0.0143175279394387,0,0,0,127120.545386776,402749.015886579,1.52188774709122,128284.572048519,9.01702250964839,9.01702250964839,10.1853922642353,0.0960677124778826,10.1853922642353,0.0960677124778826,11.6956167251509,12.8379771157711,0.884203042616997,13.3044997768238,14.4386069818235,11.7528989580497,12.9060713404845,0.925007727072066,11.7620140894752
"Colorado","CO","08053","Hinsdale County",747,95.6215790711346,95.6215790711346,286.087979288176,0.000984902264432687,286.087979288176,0.000984902264432687,718.458772079763,2119.70854960711,0.00735172113173238,4418.13337234514,12976.3523150502,2.40126396237507,7.18428582132441,0.0000247330188124633,0,0,0,811.679087188523,2405.79652889529,0.00833662339616506,814.080351150898,4.57080210210112,4.57080210210112,5.6597887168258,0.000984417566424691,5.6597887168258,0.000984417566424691,6.57849922389312,7.65950553333928,0.00732482895203737,8.39369888624241,9.47096098755959,6.70033630491733,7.78605190113778,0.00830206568160172,6.70328669875035
"Colorado","CO","08055","Huerfano County",6988,199.312333732338,144.878117928086,569.531399117339,0.00200945360206466,406.670934409996,0.00144878117928087,55091.6477315187,134394.28417068,0.466658312623549,318563.494762816,778979.10183423,4.72360208584035,14.1324352601851,0.0000486531014841556,0,0,0,55286.2364631652,134800.95510509,0.46810709380283,55236.5258494468,5.29987781707328,4.98277146434976,6.34656820567952,0.00200743735076577,6.01046031567235,0.00144773270837599,10.9167715512381,11.8085406184398,0.382986556301394,12.6715802288256,13.56574078131,10.9202973555031,11.8115619811021,0.383973879713207,10.9193978174081
"Colorado","CO","08057","Jackson County",1273,0,0,0,0,0,0,80873.6389647529,324167.165416564,0.670450236722598,533255.456031665,2129970.90510475,0,0,0,0,0,0,80873.6389647529,324167.165416564,0.670450236722598,80873.6389647529,0,0,0,0,0,0,11.3006555676789,12.6890176891889,0.513093192920255,13.1867577432114,14.571619347507,11.3006555676789,12.6890176891889,0.513093192920255,11.3006555676789
"Colorado","CO","08059","Jefferson County",578533,1808723.51381314,1695915.97648773,4806838.90764883,17.878654891978,4474882.46783286,16.6611515279913,26021678.8688681,69609518.9873628,256.085466698261,151235114.334186,403725418.170155,95722.3284470142,261299.831444573,0.963281680503392,0,0,0,27734680.0542342,74084401.4551956,272.746618226253,27717594.8453558,14.4081324663313,14.3437341415932,15.3855504423167,2.93803191305102,15.3139908686443,2.87136739848556,17.0744405896437,18.0584118973785,5.54940858485713,18.8343462390189,19.8162455493355,17.1381942116482,18.1207155749273,5.612202927543,17.1375779985592
"Colorado","CO","08061","Kiowa County",1392,0,0,0,0,0,0,2042.34318219873,5732.82992744915,0.0204234318219873,13343.368266184,37425.767446787,0,0,0,0,0,0,2042.34318219873,5732.82992744915,0.0204234318219873,2042.34318219873,0,0,0,0,0,0,7.62234256024991,8.65413898563531,0.0202176703911197,9.49884972210321,10.5301414345398,7.62234256024991,8.65413898563531,0.0202176703911197,7.62234256024991
"Colorado","CO","08063","Kit Carson County",7080,2507.35908669916,2507.35908669916,6834.6775666454,0.0293782127332336,6834.6775666454,0.0293782127332336,78236.0330535209,213832.557183173,0.918263949768179,456272.431845178,1246800.8107855,42.1245222929936,114.65935586035,0.000497069363057325,0,0,0,80701.267617927,220667.234749819,0.947642162501413,80743.39214022,7.82738406801885,7.82738406801885,8.82991087616074,0.0289549429972189,8.82991087616074,0.0289549429972189,11.2674983828946,12.2729532212118,0.651420584181701,13.030847540029,14.0360922792207,11.298521953218,12.3044156523428,0.666619493531915,11.2990437914934
"Colorado","CO","08065","Lake County",7369,86.9268707568519,86.9268707568519,244.002560645997,0.000869268707568519,244.002560645997,0.000869268707568519,45986.8256332471,129084.200261716,0.459861381601816,288475.573273366,809745.741032795,0,0,0,0,0,0,46073.7525040039,129328.202822362,0.460730650309385,46073.7525040039,4.47650545486787,4.47650545486787,5.50126866210643,0.000868891112330754,5.50126866210643,0.000868891112330754,10.7361319802958,11.7682279324765,0.378341487104423,12.5723691598078,13.604476812367,10.7380204109339,11.7701163924868,0.378936755956587,10.7380204109339
"Colorado","CO","08067","La Plata County",56823,29861.6506312312,29807.216415427,81720.8467129026,0.317067983058587,81557.9862481953,0.316507310635803,1160076.08565611,3047843.54425691,11.533863084296,7064841.30137769,18487531.6629069,2023.48978162805,5913.18794084433,0.0224855192834691,0,0,0,1187914.24650571,3129401.53050511,11.8503703949318,1189883.30207154,10.3043638357815,10.3025393531286,11.3110766467294,0.275408041063359,11.3090817950893,0.274982253023353,13.9639970140265,14.9299451919476,2.52843402819854,15.7706412527445,16.7326071527559,13.9877104350347,14.9563526594729,2.55337263543412,13.9893666352111
"Colorado","CO","08069","Larimer County",374574,667350.849510116,667350.849510116,1554648.24856783,5.71649257847677,1554648.24856783,5.71649257847677,12731828.0485498,34774295.9626939,120.060821421305,78907632.7686989,217298528.521281,25981.8637699358,74623.3001072655,0.279148564224629,0,0,0,13373197.03429,36328944.2112618,125.777313999782,13399178.8980599,13.4110726963229,13.4110726963229,14.2567605145302,1.90456608055148,14.2567605145302,1.90456608055148,16.3596156403815,17.3643890788245,4.79629307568177,18.1837885335909,19.1967826781595,16.4087631152617,17.4081253702296,4.84243211432288,16.4107040614109
"Colorado","CO","08071","Las Animas County",14518,12850.2588834651,12850.2588834651,39042.724413023,0.15553343980577,39042.724413023,0.15553343980577,281366.554236346,811994.463160556,3.30459393592144,1570632.25000811,4481809.48356318,1248.27570632897,3987.82124197994,0.0153116666655534,0,0,0,292968.537413482,851037.187573579,3.46012737572721,294216.813119811,9.46119705310969,9.46119705310969,10.5724374359005,0.14456208999834,10.5724374359005,0.14456208999834,12.5474171157935,13.6072500318875,1.45968280960315,14.2669894399574,15.3155376485497,12.5878239147221,13.6542122803132,1.49517732520425,12.5920756329706
"Colorado","CO","08073","Lincoln County",5598,28.9756235856173,28.9756235856173,81.3341868819992,0.000289756235856173,81.3341868819992,0.000289756235856173,4521.96258779611,12685.8741012347,0.0452040820002343,29079.55692384,81567.852457811,0,0,0,0,0,0,4550.93821138173,12767.2082881167,0.0454938382360905,4550.93821138173,3.4003845042207,3.4003845042207,4.41078641489398,0.000289714264625455,4.41078641489398,0.000289714264625455,8.41692249789734,9.44832320264489,0.0442121601295551,10.2778250829029,11.3092027580065,8.42330840176451,9.45471363284888,0.0444893462642968,8.42330840176451
"Colorado","CO","08075","Logan County",20755,4956.28355508375,4956.28355508375,13474.0442232688,0.0580507200240623,13474.0442232688,0.0580507200240623,280036.481340273,770102.297997322,3.05775077033267,1745710.6074371,4792143.70207586,289.403365573642,768.162816029089,0.00290207391129983,0,0,0,284703.361529784,783576.342220591,3.11580149035674,284992.764895357,8.50861319934677,8.50861319934677,9.50859467764705,0.0564282718182949,9.50859467764705,0.0564282718182949,12.5426787351222,13.5542799380754,1.40062882264534,14.3726728284499,15.382488614915,12.5592065928881,13.5716250496531,1.41483358803245,12.5602225814513
"Colorado","CO","08077","Mesa County",161260,31493.1682678447,31493.1682678447,93900.3857396433,0.377432646495793,93900.3857396433,0.377432646495793,997013.358299278,2742214.50587796,10.9177992631266,6358600.19794898,17149988.0173849,2785.95477823158,8743.80529998898,0.0335254072424065,0,0,0,1025720.57178889,2836114.89161761,11.2952319096224,1028506.52656712,10.3575576733201,10.3575576733201,11.4500004226981,0.320221365383661,11.4500004226981,0.320221365383661,13.8125204503441,14.8242767304281,2.47803301901518,15.6653189736971,16.6575080911903,13.8409068953592,14.8579460302624,2.50921153759864,13.8436193060524
"Colorado","CO","08079","Mineral County",933,0,0,0,0,0,0,221.881313895074,622.817872983528,0.00221881313895075,1308.23923798971,3672.20999936774,0,0,0,0,0,0,221.881313895074,622.817872983528,0.00221881313895075,221.881313895074,0,0,0,0,0,0,5.40663940509252,6.43585845554832,0.00221635520819911,7.17720151314469,8.2088212179854,5.40663940509252,6.43585845554832,0.00221635520819911,5.40663940509252
"Colorado","CO","08081","Moffat County",13142,122398.157768719,122398.157768719,348565.5370379,1.23622139346406,348565.5370379,1.23622139346406,84909.054411931,287508.978124062,0.78153545946953,546508.601070438,1851699.58650818,1759.13792641064,5009.67389723059,0.0177672930567475,0,0,0,205548.074254239,636074.515161962,2.01775685293359,207307.21218065,11.7150427680622,11.7150427680622,12.7615844150276,0.804787563568502,12.7615844150276,0.804787563568502,11.3493477918121,12.5690128451358,0.577475610142697,13.2113071547343,14.4316150107662,12.2334400885661,13.3630725698053,1.10451379147171,12.2419619125965
"Colorado","CO","08083","Montezuma County",26841,28725.3431490117,28725.3431490117,70873.1634157618,0.261452778778461,70873.1634157618,0.261452778778461,1057674.84258703,2594934.32436625,9.50627215304428,6483678.42298295,15948068.1314042,1456.73190184049,3593.14981548771,0.0132562603067485,0,0,0,1084943.4538342,2665807.48778201,9.76772493182274,1086400.18573604,10.2655698605102,10.2655698605102,11.1686612373027,0.232264055801022,11.1686612373027,0.232264055801022,13.8715844574855,14.7690721510986,2.35197242673121,15.6847987193728,16.5848483222749,13.8970393490234,14.7960179421,2.37655322761164,13.8983811272219
"Colorado","CO","08085","Montrose County",44806,18844.879849302,18844.879849302,59452.1024243958,0.229596634836532,59452.1024243958,0.229596634836532,465265.943387804,1308075.350172,4.93013531194485,2994223.88012437,8213689.12774434,2370.17784577896,7631.66441637884,0.0291321252419347,0,0,0,481740.645391327,1367527.45259639,5.15973194678138,484110.823237106,9.84404959335117,9.84404959335117,10.9929430861971,0.206686176443231,10.9929430861971,0.206686176443231,13.050366591655,14.0840681809869,1.78004703095248,14.9121959514031,15.9213128478959,13.0851632439183,14.128515619348,1.81803326146572,13.0900711987593
"Colorado","CO","08087","Morgan County",30300,5188.08854376868,5188.08854376868,14124.7177183248,0.0603687699109117,14124.7177183248,0.0603687699109117,527510.37738633,1499161.73597306,5.47254795061352,3522865.55254965,9901268.49622862,289.403365573642,768.162816029089,0.00290207391129983,0,0,0,532409.062564525,1513286.45369139,5.53291672052443,532698.465930099,8.55431334296636,8.55431334296636,9.55575236664056,0.0586167437645142,9.55575236664056,0.0586167437645142,13.1759257126047,14.2204173342163,1.86756984097664,15.0747855776816,16.1081735388261,13.1851692657086,14.2297949639458,1.87685350826847,13.185712690333
"Colorado","CO","08089","Otero County",17991,4985.7425498127,4985.7425498127,13588.0209464088,0.0584666692306111,13588.0209464088,0.0584666692306111,379324.025925769,953949.03247392,3.65017705345822,2213601.15518563,5581044.31648176,84.2490445859873,229.318711720699,0.00099413872611465,0,0,0,384225.519430996,967537.053420328,3.70864372268883,384309.768475582,8.51453817995301,8.51453817995301,9.51701746234317,0.0568213224154838,9.51701746234317,0.0568213224154838,12.8461487047406,13.768366572197,1.53690529488691,14.6101316810655,15.5348866495157,12.8589875520021,13.7825100348132,1.54939990959448,12.8592067971741
"Colorado","CO","08091","Ouray County",5197,28.9756235856173,28.9756235856173,81.3341868819992,0.000289756235856173,81.3341868819992,0.000289756235856173,377782.119088891,939414.796953204,3.51702035297865,2442992.38070643,6073862.00766909,0,0,0,0,0,0,377811.094712477,939496.131140086,3.5173101092145,377811.094712477,3.4003845042207,3.4003845042207,4.41078641489398,0.000289714264625455,4.41078641489398,0.000289714264625455,12.8420755509149,13.7530134684366,1.50785256252431,14.7087346407423,15.619505370443,12.8421522470694,13.7531000442281,1.50791670811588,12.8421522470694
"Colorado","CO","08093","Park County",18316,5219.90292311302,5219.90292311302,14244.8809312607,0.0608066241943835,14244.8809312607,0.0608066241943835,1033668.96647036,2630294.4630706,10.0241372727689,6551924.46653376,16651077.6435613,1843.41058304753,4849.81034437376,0.017354341033807,0,0,0,1037045.45881043,2644539.34400186,10.0849438969633,1038888.86939348,8.56042563969489,8.56042563969489,9.56422308645625,0.0590295849570977,9.56422308645625,0.0590295849570977,13.848626101738,14.7826067412168,2.40008716636802,15.6952695287687,16.6279855556894,13.8518872873754,14.7880078251865,2.40558778188842,13.8536632677294
"Colorado","CO","08095","Phillips County",4488,2507.35908669916,2507.35908669916,6834.6775666454,0.0293782127332336,6834.6775666454,0.0293782127332336,169702.990534628,431373.661649954,1.66892791721747,994879.564616642,2550300.33052463,42.1245222929936,114.65935586035,0.000497069363057325,0,0,0,172168.225099034,438208.3392166,1.6983061299507,172210.349621327,7.82738406801885,7.82738406801885,8.82991087616074,0.0289549429972189,8.82991087616074,0.0289549429972189,12.0418109661764,12.9747322760475,0.981676862645716,13.8103779733747,14.7517220789864,12.0562331389707,12.9904520185969,0.99262421686059,12.0564777783353
"Colorado","CO","08097","Pitkin County",16643,35251.514681555,35251.514681555,113737.342046968,0.433127123043398,113737.342046968,0.433127123043398,56045.4149049626,173158.741555878,0.644127365779883,328425.177248285,1011311.67706103,15824.7860759494,51096.336932873,0.194644868734177,0,0,0,75472.1435105683,286896.083602846,1.07725448882328,91296.9295865176,10.4702921441798,10.4702921441798,11.6416558440618,0.359858856037324,11.6416558440618,0.359858856037324,10.9339354640097,12.0619698090385,0.497209766735221,12.7020673648583,13.8267597252226,11.2315321568637,12.5668788367133,0.731047064505753,11.4218833892889
"Colorado","CO","08099","Prowers County",11957,17412.1391900456,17412.1391900456,43530.6511521189,0.16513088079696,43530.6511521189,0.16513088079696,540245.592205373,1347529.3394589,5.07262069965993,3120788.8990908,7786710.37567759,800.91546118051,1984.50864298686,0.0074111944033239,0,0,0,556856.815934238,1391059.99061102,5.23775158045689,557657.731395418,9.76498032610322,9.76498032610322,10.6812435651874,0.152833424739271,10.6812435651874,0.152833424739271,13.1997809665387,14.1137840968802,1.80379025813304,14.9535967005284,15.8679291689791,13.2300652187005,14.1455773165375,1.83061979380444,13.2315024617831
"Colorado","CO","08101","Pueblo County",169866,144319.810708783,144319.810708783,440718.782231417,1.70097103022466,440718.782231417,1.70097103022466,3264986.28215394,8393511.17259781,32.7787425605508,17258454.5945579,44373205.0659536,39532.6900981847,126424.152913169,0.480673262838431,0,0,0,3369773.40276454,8834229.95482923,34.4797135907755,3409306.09286272,11.8797939527196,11.8797939527196,12.9961645380264,0.993611349178973,12.9961645380264,0.993611349178973,14.9987664254796,15.9429696049846,3.51983168630998,16.6638127607376,17.6081463782599,15.0303563572879,15.9941446146535,3.56896108499548,15.0420196300381
"Colorado","CO","08103","Rio Blanco County",6607,0,0,0,0,0,0,181551.966139046,703685.486185808,1.53855245525202,1171670.50830375,4553763.59420186,0,0,0,0,0,0,181551.966139046,703685.486185808,1.53855245525202,181551.966139046,0,0,0,0,0,0,12.1093027145721,13.4640882038279,0.931594019068918,13.9739419268152,15.3314648321753,12.1093027145721,13.4640882038279,0.931594019068918,12.1093027145721
"Colorado","CO","08105","Rio Grande County",11132,57.9512471712346,57.9512471712346,162.668373763998,0.000579512471712346,162.668373763998,0.000579512471712346,102771.642411674,246729.484178795,0.855486028916418,584993.83886102,1407577.59256857,0,0,0,0,0,0,102829.593658846,246892.152552559,0.85606554138813,102829.593658846,4.07671078318426,4.07671078318426,5.09784226940194,0.000579344619205133,5.09784226940194,0.000579344619205133,11.5402744721858,12.4160518626939,0.618146671938251,13.2793583037153,14.1573814758517,11.5408381914133,12.4167109412612,0.618458946988426,11.5408381914133
"Colorado","CO","08107","Routt County",25243,131532.998464515,131532.998464515,371237.553294554,1.31950242197023,371237.553294554,1.31950242197023,540753.510559069,1424027.86698018,4.98803398150445,3373088.15350314,8914893.66837821,2334.06621919544,6393.58806473915,0.0225800729607884,0,0,0,669952.442804388,1795265.42027473,6.30753640347468,672286.509023584,11.7870206406397,11.7870206406397,12.8246001357471,0.84135268938684,12.8246001357471,0.84135268938684,13.2007206850825,14.1690006425043,1.78976314147522,15.0313395452104,16.003233994109,13.4149635006011,14.4006639924422,1.98890619965007,13.4184413688164
"Colorado","CO","08109","Saguache County",6670,0,0,0,0,0,0,1138.25465235586,3134.53425444025,0.0126633022015247,7659.50663390945,21170.5648169406,0,0,0,0,0,0,1138.25465235586,3134.53425444025,0.0126633022015247,1138.25465235586,0,0,0,0,0,0,7.03812951383621,8.05055485463724,0.0125837931183112,8.94383340074453,9.96041427811617,7.03812951383621,8.05055485463724,0.0125837931183112,7.03812951383621
"Colorado","CO","08111","San Juan County",821,0,0,0,0,0,0,308.383699901443,844.982630752964,0.00352068278848811,7506.63605723297,20562.7668977064,0,0,0,0,0,0,308.383699901443,844.982630752964,0.00352068278848811,308.383699901443,0,0,0,0,0,0,5.73458225382112,6.74049882837059,0.00351449969306816,8.92367592253482,9.93128591765629,5.73458225382112,6.74049882837059,0.00351449969306816,5.73458225382112
"Colorado","CO","08113","San Miguel County",7819,86.9268707568519,86.9268707568519,244.002560645997,0.000869268707568519,244.002560645997,0.000869268707568519,2973.91215513676,8006.07717014471,0.0288210613236135,42728.1538638487,118844.406132051,0,0,0,0,0,0,3060.83902589361,8250.07973079071,0.029690330031182,3060.83902589361,4.47650545486787,4.47650545486787,5.50126866210643,0.000868891112330754,5.50126866210643,0.000868891112330754,7.99796978985866,8.98808107586117,0.0284135460292462,10.6626367265194,11.6855788193871,8.02677100327907,9.01809934722463,0.0292581065819724,8.02677100327907
"Colorado","CO","08115","Sedgwick County",2257,14507.0663212906,14507.0663212906,35810.6101060329,0.132048977597819,35810.6101060329,0.132048977597819,448633.368788868,1109763.10955902,4.09199537239713,2680220.62654523,6642358.45335095,933.5202719079,2335.41901205224,0.00853606533855942,0,0,0,462206.914838251,1145573.71966505,4.22404434999495,463140.435110159,9.58246007175233,9.58246007175233,10.4860274244512,0.124029245274195,10.4860274244512,0.124029245274195,13.0139635115729,13.9196580367934,1.62766977189607,14.80141004554,15.7089777976946,13.0437701009472,13.9514170076135,1.65327188160022,13.0457877618202
"Colorado","CO","08117","Summit County",30882,148732.712181119,148732.712181119,382358.790653006,1.38063144520536,382358.790653006,1.38063144520536,1586130.81012903,4071602.97384642,14.7324801090615,8065593.29217951,20700854.1656258,32813.2659509202,84614.4085566877,0.305017700153374,0,0,0,1702050.25635923,4453961.76449942,16.1131115542669,1734863.52231015,11.9099128194705,11.9099128194705,12.8541173046647,0.86736576560558,12.8541173046647,0.86736576560558,14.2768087862539,15.2195475765512,2.75572737209662,15.9031179546356,16.8456855697313,14.3473447030317,15.3093047667509,2.83984492725968,14.3664398831905
"Colorado","CO","08119","Teller County",24862,205.184749714706,205.184749714706,575.525797969912,0.00205019872791629,575.525797969912,0.00205019872791629,221578.342537722,654363.884933366,2.08921630903955,1404123.22986896,4156408.60861052,1759.16153846154,4620.49163265306,0.0163602023076923,0,0,0,220024.365748976,654939.410731336,2.09126650776746,221783.527287437,5.32877261014121,5.32877261014121,6.35702008800523,0.00204809993863809,6.35702008800523,0.00204809993863809,12.3085360099149,13.391420402888,1.12791743707219,14.1549243424662,15.2401621847207,12.3014981175471,13.3922995344961,1.12858087999854,12.309461591715
"Colorado","CO","08121","Washington County",4771,22343.0904025007,22343.0904025007,61216.6219220231,0.228952184907814,61216.6219220231,0.228952184907814,560725.168888554,1521165.93272775,5.3860752438094,3161659.7418527,8561918.77147583,1892.39261266323,5555.0774380031,0.0209456580928129,0,0,0,581175.866678392,1582382.55464978,5.61502742871721,583068.259291055,10.0143171535576,10.0143171535576,11.022190366956,0.206161924137723,11.022190366956,0.206161924137723,13.236987952841,14.2349883171769,1.85411987684287,14.9666079987286,15.9628349953413,13.2728104071992,14.2744428471334,1.88934394400083,13.2760612563746
"Colorado","CO","08123","Weld County",369745,674404.073762243,674404.073762243,1684072.82725081,6.08883828228826,1684072.82725081,6.08883828228826,8935308.73339889,23256327.6614508,83.9571989248176,52688743.3974389,137820323.555859,11856.2995252513,29526.1528023637,0.10495317908816,0,0,0,9597856.50763588,24940400.4887016,90.0460372071058,9609712.80716113,13.4215862090137,13.4215862090137,14.3367263132337,1.95852147412689,14.3367263132337,1.95852147412689,16.0055213711566,16.9620878534503,4.44214758760947,17.7799124119042,18.7414613988163,16.0770504552426,17.0319995962703,4.51136528196567,16.0782849997706
"Colorado","CO","08125","Yuma County",10048,9793.82227562247,9793.82227562247,25328.447175153,0.106547466488709,25328.447175153,0.106547466488709,344819.93385606,888943.296217375,3.62997423683158,2259173.95092777,5796134.6715363,84.2490445859873,229.318711720699,0.00099413872611465,0,0,0,354529.507087096,914271.743392528,3.73652170332029,354613.756131682,9.18960918581612,9.18960918581612,10.1397229178524,0.101244777454862,10.1397229178524,0.101244777454862,12.7507805289683,13.6977898536098,1.53255130368343,14.6305102386345,15.5727019899362,12.7785496779148,13.7258842122595,1.55530304846595,12.7787872852129
"Connecticut","CT","09003","Hartford County",NA,104105389.819946,103647402.500226,231969762.316034,800.59832055905,230917287.054801,797.087425063969,188875973.7112,434947935.604523,1537.51856518471,1050844480.78442,2420517666.01788,1983887.3345736,4521157.38711337,15.5888450915763,0,0,0,290997476.196573,665865222.659324,2334.60599024868,292523376.211426,18.4609143172583,18.4565053458832,19.2621175906025,6.68660763521744,19.2575701439983,6.68221814666708,19.0566011391591,19.8907368959234,7.33857526175767,20.7728599462315,21.60724726623,19.4888251556706,20.3165978411478,7.75602666116405,19.4940551435329
"Connecticut","CT","09005","Litchfield County",NA,58814323.0658421,58618484.7116124,135955011.804475,433.375670850206,135498892.135349,431.938766900317,38548473.9065261,89725786.8183041,301.373971621053,206263153.441896,480034537.192492,990247.146708072,2298622.52553305,7.34668836782215,0,0,0,96372549.8256601,225224678.953653,733.31273852137,97166958.6181385,17.8898959897635,17.8865606606311,18.7278346007754,6.07390976072121,18.7244740295079,6.07059630206771,17.467427095752,18.312268775325,5.71166456791921,19.1446633602575,19.9893686138453,18.3837319765615,19.2326090394936,6.59893501215044,18.3919412900201
"Connecticut","CT","09007","Middlesex County",NA,44974449.6070332,44914546.964214,102191833.360443,334.381028774618,102052841.238538,333.931785435113,51538042.7371133,121272397.947666,402.233120412739,282372543.253214,663722811.452875,791332.330586615,1815622.45030193,5.91785888209444,0,0,0,95721160.0135598,223325239.186203,736.164905847852,96452589.7013272,17.6216051222073,17.6202723083449,18.442362333916,5.81526728480373,18.4410012982633,5.81392688552374,17.7578308062616,18.6135498043097,5.99951485726434,19.4587378359575,20.3133751691585,18.3769499501992,19.2241397430523,6.60281162000688,18.3845621575185
"Connecticut","CT","09009","New Haven County",NA,379632039.659491,378952344.57972,872907892.538495,2936.61893607939,871325714.457117,2931.54583143827,241721273.054967,569040490.896458,2001.29948624115,1317213960.99074,3101938502.36237,5845811.83397136,13498725.5325907,44.4971367747595,0,0,0,615507500.880486,1440366205.35358,4932.84531767942,620673617.634687,19.7547130275118,19.7529210178844,20.5873406025545,7.98535464651085,20.5855264206615,7.98362620919946,19.3032958602321,20.1594621528213,7.60205154221422,20.9987847081603,21.8552930766694,20.237957691785,21.0881632281708,8.50387394630996,20.2463159278782
"Connecticut","CT","09011","New London County",NA,87920029.4687106,87857291.2737164,182733942.195528,676.667252754101,182589649.193758,676.186471195364,49486442.5864357,110745480.64693,396.16114681037,294584391.642269,656529848.376664,1102104.37683102,2327116.12204522,8.5311844787387,0,0,0,136304367.678315,293335129.840688,1072.34761800573,137343733.860152,18.29193821461,18.2912243773905,19.0235417906029,6.51865638982081,19.0227518443093,6.51794667249794,17.7172093230898,18.5227451682869,5.98434210968859,19.5010760824573,20.302478718117,18.730400948085,19.4968263046156,6.97853765848278,18.7379973550506
"Connecticut","CT","09013","Tolland County",NA,31437464.1826563,31370326.9732342,69088405.3748741,241.394988774781,68936431.0868077,240.852575390712,46273228.9958793,106371142.877138,369.382649095167,254007343.427412,583526625.609739,504752.390593084,1125555.80547551,3.90234444520796,0,0,0,77205940.7879425,175307573.963945,610.235224485879,77643555.9691135,17.2635108983137,17.2613730351085,18.0508974942686,5.4905685806101,18.0486953638235,5.48832834792312,17.6500741660084,18.4824448939271,5.91453665797927,19.3528737396333,20.1846006412286,18.1619869781983,18.9820525603894,6.41548186787668,18.1676391288313
"Connecticut","CT","09015","Windham County",NA,76831632.7643962,76499952.5291905,159568556.871168,590.624119925766,158820855.075707,587.938101116396,39209232.7858088,86792432.6050878,316.330611381421,216977133.103337,478001568.76597,886511.561456762,1859338.8218915,6.8322537326625,0,0,0,115154353.988748,245613287.680795,904.268712497818,115709185.314999,18.1571270112851,18.152800691335,18.887984217752,6.38287150067114,18.8832874336429,6.37832108664589,17.4844228327822,18.2790300053827,5.75994416850691,19.1953025331569,19.9851245744796,18.5617840036526,19.31926885978,6.80823181951503,18.5665905867217
"Delaware","DE","10001","Kent County",192690,22761340.6312573,22732697.7370558,53242101.433889,171.309437365263,53174885.8460115,171.099600665213,23446500.0227248,56886872.5626659,200.66305993563,142034718.911667,344710625.596222,422640.385820487,996808.928639542,3.28436104396227,0,0,0,45785200.2681616,110061758.408677,371.762660600843,46179197.7597806,16.9405741123769,16.9393149189637,17.790360040454,5.14929191490252,17.7890967910937,5.14807338284997,16.9702318316053,17.8565751793838,5.30659828458609,18.7715820920989,19.6582158595475,17.6394714804554,18.5165522153729,5.92094191846265,17.6480400113672
"Delaware","DE","10003","New Castle County",588093,77810886.087748,77734796.6335557,183814938.65968,626.594216935245,183636683.670293,626.037276774882,240078719.454378,577682416.719909,2091.99168984296,1332237957.08847,3201029133.35994,2305428.35185683,5507430.04279088,19.4765711350493,0,0,0,315584177.190269,761319100.390202,2718.02896661784,317813516.087933,18.1697919162189,18.1688135610765,19.0294400467354,6.44189380624543,19.0284698237642,6.4410059914572,19.2964774294186,20.1745348253219,7.64634975198564,21.0101260403227,21.8867381995359,19.5699360132024,20.4505631464519,7.90803009798427,19.5769753444787
"Delaware","DE","10005","Sussex County",271134,25522891.544624,25512724.2695741,59152478.162051,193.23620740932,59127976.4872325,193.160685049792,63341043.3287073,144912200.167842,553.749989735643,376968493.155517,861478875.997427,477091.463853401,1114342.63766797,3.71134249166586,0,0,0,88386843.4094779,204040176.655075,746.910674785435,88853767.5982814,17.055086354243,17.0546879158339,17.8956290606473,5.269074982399,17.8952147627005,5.2686860896867,17.9640440866039,18.7916386078028,6.31851754331003,19.7476721720409,20.5741610947662,18.2972336976359,19.1338274817061,6.61728355210744,18.3025025269528
"District of Columbia","DC","11001","District of Columbia",702250,126997107.77466,126711168.283653,273321170.655856,923.164076024247,272648225.201374,921.003536927873,291818059.49889,623166235.880213,2279.50249486967,1921041812.57925,4034846895.91092,2534587.3922614,5452182.25109001,18.3564475421984,0,0,0,416280579.881289,895814461.081587,3200.50603179755,418529227.782543,18.6596748786099,18.6574207967623,19.4261581146226,6.82888962733255,19.4236929735436,6.8265490596966,19.491641085554,20.2503238740317,7.73215109015233,21.376133487065,22.1182341941841,19.846870064143,20.6132438759269,8.07137661301067,19.8522572872293
"Florida","FL","12001","Alachua County",291782,6092889.51719007,6092889.51719007,19196225.3204009,69.8458663874101,19196225.3204009,69.8458663874101,33386915.6091103,107425842.172137,382.088612055979,192613873.712187,619205876.771069,296149.603121672,950501.302222689,3.40072536537714,0,0,0,39183655.5231787,126622067.492538,451.934478443389,39479805.1263003,15.6226331604478,15.6226331604478,16.7702242718679,4.26050662127884,16.7702242718679,4.26050662127884,17.3236746629152,18.4923113365323,5.94826632549078,19.0761980937377,20.2439483727191,17.483770292394,18.6567173691697,6.11574747582396,17.4912998618361
"Florida","FL","12003","Baker County",29325,1453299.62917132,1453299.62917132,4585877.20516166,17.2681696501009,4585877.20516166,17.2681696501009,742209.059747525,2307509.12791022,8.58421423841555,5593975.43513993,17566704.7659963,24286.1560215067,75180.4056192105,0.282277747415564,0,0,0,2171222.53289734,6893386.33307188,25.8523838885165,2195508.68891885,14.1893478235401,14.1893478235401,15.33849218408,2.90516018201605,15.33849218408,2.90516018201605,13.5173875814746,14.6516796344764,2.26011739488113,15.537200940211,16.6815159506093,14.5908014066634,15.7460731525235,3.29035460243329,14.6019247820549
"Florida","FL","12005","Bay County",199718,113880.373774902,113880.373774902,333497.415949055,1.24444834643741,333497.415949055,1.24444834643741,1485238.59531524,4139015.82931861,15.881189482541,9745194.10720836,27192757.543283,15425.727495507,43233.9997932484,0.164088858677122,0,0,0,1583693.24159464,4472513.24526766,17.1256378289784,1599118.96909015,11.6429126046745,11.6429126046745,12.7173933945486,0.808459765581146,12.7173933945486,0.808459765581146,14.2110866608511,15.2359688367575,2.82619995366031,16.0922849119864,17.1184612657944,14.2752708034276,15.3134612794393,2.89732739068589,14.2849640165752
"Florida","FL","12007","Bradford County",28075,176611.227860789,176611.227860789,554226.248422827,1.98797286733125,554226.248422827,1.98797286733125,1353375.10328696,4260327.05621491,15.1252146699092,7702542.70580783,24275593.8602569,15552.2686059886,47979.0094234629,0.1736249107427,0,0,0,1514434.06254176,4814553.30463774,17.1131875372404,1529986.33114775,12.0817118051898,12.0817118051898,13.2253300773312,1.09459518668424,13.2253300773312,1.09459518668424,14.1181128458244,15.2648567237817,2.78038417545581,15.8570611836735,17.0049820768983,14.2305530313706,15.3871540349919,2.8966402661943,14.2407700130388
"Florida","FL","12009","Brevard County",658447,452733.061635439,443331.228740703,1319769.91450888,4.60553657333656,1297858.00769308,4.53690319320499,10900364.9954723,29125037.9185492,108.716710429426,75346447.4201273,208765073.468223,38166.5575271309,105214.457198576,0.379052799621319,0,0,0,11314931.4995806,30422895.9262423,113.253613622631,11343696.224213,13.0230601716703,13.0020747199644,14.0929687298866,1.72375478313515,14.0762265476137,1.7114353540696,16.2043069242019,17.1871088061084,4.69790168411636,18.1376073474883,19.1567201321094,16.2416338714624,17.2307060712357,4.73842065835624,16.2441728370076
"Florida","FL","12011","Broward County",2037472,2697161.29250451,2565535.63197819,7077252.69991397,25.6321704505382,6770486.0044927,24.6713031286961,32186805.2371668,86566323.4974513,315.789777280679,186613753.794885,507323733.939509,204242.319522428,568226.382748217,2.07407806434372,0,0,0,34679724.2101489,93336809.501944,340.461080409375,34752340.869145,14.8077107755077,14.7576782279518,15.7723964949266,3.2821199004677,15.7280835779722,3.24537375824965,17.2870671823592,18.27642143529,5.7582383907349,19.044551556388,20.0446598882343,17.3616657862624,18.3517251271494,5.83323370592575,17.3637575196222
"Florida","FL","12013","Calhoun County",13278,7729.12859864905,7729.12859864905,25033.2009312049,0.088884978884464,25033.2009312049,0.088884978884464,44212.8879967388,142908.416539094,0.507931236864185,330682.239428461,1060654.53682714,395.876764058884,1282.17074566639,0.00455258278667717,0,0,0,51546.139831329,167941.617470299,0.596816215748649,51942.0165953878,8.95288077774956,8.95288077774956,10.1279982061881,0.0851542175134697,10.1279982061881,0.0851542175134697,10.6967942267838,11.8699662577518,0.410738669649674,12.7089162155823,13.8743977059076,10.8502520045175,12.0313776373628,0.468011781676711,10.8579025619936
"Florida","FL","12015","Charlotte County",212122,690927.399115361,690818.050236051,1612219.53804143,5.88412851398859,1611849.57118391,5.8831443740748,12215485.8607139,30539181.0855712,116.548669973554,70327874.956233,176403245.148223,21130.8477833248,50742.5841438148,0.17850261318671,0,0,0,12885282.4120459,32151030.6567551,122.431814347629,12906303.9109499,13.4457914781557,13.4456332019388,14.2931230028905,1.92921854668006,14.2928934999753,1.92907557865387,16.3182151194903,17.2345210756532,4.76685246036277,18.0686788067224,18.9882831035685,16.3715963973289,17.2859550969901,4.81568889305337,16.373226502718
"Florida","FL","12017","Citrus County",170174,1903235.90830236,1903235.90830236,3956505.49085923,14.8371211518906,3956505.49085923,14.8371211518906,1036738.02193527,2804869.58096514,10.2711932337442,5722357.72197087,15665037.5146057,21229.5309371929,47252.497532436,0.176439466314678,0,0,0,2918744.39930043,6761375.07182437,25.1083143856348,2939973.93023762,14.4590666305436,14.4590666305436,15.1908719945859,2.76235662440712,15.1908719945859,2.76235662440712,13.8515907891307,14.8468679571812,2.42225019944304,15.5598916423382,16.566941941006,14.8866644241413,15.7267369882242,3.26225382243614,14.8939116121484
"Florida","FL","12019","Clay County",236760,656924.569342175,656924.569342175,1808221.98533794,6.47008718792642,1808221.98533794,6.47008718792642,5436137.52961604,15064209.500469,54.6476001743128,31488434.5219828,87990153.64038,52197.3378504809,142564.275745348,0.507386343343383,0,0,0,6040864.76110774,16872431.4858069,61.1176873622392,6093062.09895822,13.3953260023766,13.3953260023766,14.4078551449278,2.01090667082044,14.4078551449278,2.01090667082044,15.5085795376695,16.5278323229648,4.01903895323938,17.2651309101022,18.292735487097,15.6140578975708,16.6411916341578,4.12903076903371,15.6226614851524
"Florida","FL","12021","Collier County",416233,312376.472225945,312376.472225945,894062.960881108,3.20977978491777,894062.960881108,3.20977978491777,655297.864218011,1975332.49981027,6.85864581071882,5608809.36686617,16799217.7832945,7575.14408479585,22987.1031292845,0.0823424357010159,0,0,0,960099.19235916,2869395.46069138,10.0684255956366,967674.336443956,12.6519675823947,12.6519675823947,13.7035325962062,1.43741033870572,13.7035325962062,1.43741033870572,13.3928466918016,14.4962478027254,2.06161430288509,15.5398491991948,16.6368429422979,13.774792925039,14.8696122731792,2.40409651398956,13.7826519137652
"Florida","FL","12023","Columbia County",73977,767461.842789976,767461.842789976,2473796.81906758,9.27427914712318,2473796.81906758,9.27427914712318,1958906.67009722,6228856.16239643,22.3552461688752,11878946.1126314,37921938.6515103,20538.1664667711,66107.3302284392,0.241220895395384,0,0,0,2705830.34642043,8702652.98146402,31.6295253159984,2726368.5128872,13.5508453439686,13.5508453439686,14.7212651063104,2.32964360192351,14.7212651063104,2.32964360192351,14.4878975646762,15.6447034329084,3.15082163420575,16.2902782410883,17.4510403851903,14.8109197599836,15.9791385924456,3.48521756302771,14.8184814333683
"Florida","FL","12027","DeSoto County",36744,4694.59349479655,4694.59349479655,15006.4008234743,0.0541657333259769,15006.4008234743,0.0541657333259769,86234.1012355596,272428.716182359,0.914659917080562,657177.311728648,2013201.71110178,584.931882522082,1852.63607340207,0.00676422250723882,0,0,0,90343.762847834,287435.117005833,0.968825650406539,90928.6947303561,8.45437979362061,8.45437979362061,9.61629874664001,0.0527496800026644,9.61629874664001,0.0527496800026644,11.3648325806746,12.5151359375512,0.649540017869943,13.3957106635792,14.5152374005464,11.4113883291808,12.5687559128102,0.677437248456883,11.4178419015204
"Florida","FL","12029","Dixie County",17614,49875.8478902511,49875.8478902511,157367.074215015,0.565295041848493,157367.074215015,0.565295041848493,379585.225737327,1217491.56800837,4.3416111634437,2187701.92209377,7011019.70407842,3292.80242280101,10498.4839519225,0.0375489017564929,0,0,0,426168.271204777,1374858.64222338,4.90690620529219,429461.073627578,10.8173122039369,10.8173122039369,11.9663427622131,0.448074331366292,11.9663427622131,0.448074331366292,12.8468370588038,14.012304029615,1.67552732346568,14.5983626572973,15.7629938552697,12.9625918965748,14.1338622054895,1.77612220962991,12.9702887129628
"Florida","FL","12031","Duval County",1055159,1713101.96761553,1712445.87433967,5118751.23001251,18.6207180023957,5116531.42886737,18.614813162913,15926303.7838706,45754620.7509551,165.814768890241,115400227.705744,333975422.002007,95180.3709132969,274474.450646144,1.01247427316731,0,0,0,17544225.3805729,50871152.1798224,184.429582053154,17638749.6582103,14.3538168850243,14.3534338263539,15.4484212622391,2.97658604890063,15.4479875075847,2.97628505440142,16.5834826891193,17.6388033664622,5.11688402851243,18.5639168938885,19.6265779644072,16.680235472586,17.7448065856952,5.22267519840348,16.6856087816703
"Florida","FL","12033","Escambia County",331275,623311.142266423,623311.142266423,1651345.45867791,6.29117966145807,1651345.45867791,6.29117966145807,6585981.16587009,16907884.690248,63.2274439614427,41292646.6977045,106484543.141203,38505.5343348997,103628.826170111,0.391603185332857,0,0,0,7170786.77380161,18559230.1489259,69.5186236229008,7209292.30813651,13.3428027032207,13.3428027032207,14.3171015486631,1.98666535205931,14.3171015486631,1.98666535205931,15.7004540340299,16.6432906799556,4.162430595389,17.5361950202361,18.4835104071473,15.7855260773635,16.7364778592987,4.25587683979667,15.7908814889423
"Florida","FL","12035","Flagler County",136744,184512.493005639,184512.493005639,526700.636341942,1.98253334129618,526700.636341942,1.98253334129618,1406597.16911215,4118645.45582481,15.2292948598209,14066157.4586426,38413312.6211278,17793.9596430556,50618.3305896546,0.190857450159807,0,0,0,1573315.70247473,4645346.09216675,17.2118282011171,1591109.66211778,12.1254778726105,12.1254778726105,13.1743895122484,1.09277305390354,13.1743895122484,1.09277305390354,14.1566847012145,15.2310351372083,2.78681793386799,16.459282361153,17.4639146663519,14.2686964983768,15.3513766512633,2.90207128414872,14.279942859972
"Florida","FL","12037","Franklin County",12979,1529741.72672055,1529741.72672055,3572670.50717709,11.2026099636106,3572670.50717709,11.2026099636106,194484.774440662,497774.81977646,1.6362590604472,1035466.9650019,2714357.42027834,20608.5582215034,48422.4340517596,0.152409930807618,0,0,0,1703617.94293971,4070445.32695355,12.8388690240578,1724226.50116121,14.2406101267592,14.2406101267592,15.0888241952411,2.50164986030263,15.0888241952411,2.50164986030263,12.1781143002433,13.1179050935624,0.969360889674433,13.8503640225955,14.814066174135,14.3482653363282,15.2192632140484,2.62748122893553,14.3602896827301
"Florida","FL","12039","Gadsden County",44151,100345.655032949,100345.655032949,324743.53796911,1.15386872839853,324743.53796911,1.15386872839853,617495.968138213,1953158.20918872,6.96960063349263,4471390.83145247,14159423.5524654,4879.84494566037,15772.7189371364,0.0561470622674581,0,0,0,712961.778225501,2277901.74715783,8.12346936189116,717841.623171162,11.5163860206639,11.5163860206639,12.6907941152047,0.767265633700918,12.6907941152047,0.767265633700918,13.3334294375746,14.4849587268581,2.07563438282551,15.3132102898132,16.4658910064539,13.4771844935814,14.6387657298733,2.21085014423582,13.4840056362213
"Florida","FL","12041","Gilchrist County",20233,219618.295252135,219618.295252135,710373.849874173,2.60015443792244,710373.849874173,2.60015443792244,2428773.21093548,7838445.56409813,28.9326831623375,28450602.7951479,91798301.1512038,11848.9050045815,38346.8454061845,0.138470938296124,0,0,0,2636542.60118303,8548819.4139723,31.53283760026,2648391.50618761,12.2996508502044,12.2996508502044,13.4735480672662,1.28097674396481,13.4735480672662,1.28097674396481,14.7028972480999,15.8745512303594,3.39895096576954,17.1636799413395,18.3351043603348,14.7849793753403,15.961303868117,3.48224996693791,14.7894634124667
"Florida","FL","12043","Glades County",13132,1777.87726694209,1777.87726694209,5758.21171641028,0.020445588569834,5758.21171641028,0.020445588569834,17716.6054243392,56388.173310988,0.200266005656704,138337.637563736,430369.418731474,196.114570389886,635.178388281059,0.00225531755948369,0,0,0,19298.3681208914,62146.3850273983,0.220711594226538,19494.4826912813,7.48373769537141,7.48373769537141,8.65855588953458,0.0202393834433795,8.65855588953458,0.0202393834433795,9.78231408096101,10.9400324564878,0.182543203609071,11.8374598536439,12.9724015557546,9.86782763450683,11.037264020871,0.199433962663206,9.87793806085788
"Florida","FL","12045","Gulf County",15876,8557.14151699023,8557.14151699023,27700.3620914443,0.0983552245818022,27700.3620914443,0.0983552245818022,52040.9611957221,168490.507359473,0.598390317128006,376872.354570687,1217369.96166469,448.579358074621,1452.86458375601,0.00515866261785814,0,0,0,60149.5233546377,196190.869450918,0.696745541709808,60598.1027127123,9.05463833306232,9.05463833306232,10.2292368639428,0.093813810421697,10.2292368639428,0.093813810421697,10.8598056182292,12.0346406260769,0.468997071040954,12.8396644804725,14.0122041420096,11.0046054221902,12.1868483851473,0.528712029051385,11.0120353652269
"Florida","FL","12047","Hamilton County",14334,7527.81243401627,7527.81243401627,24248.8363152005,0.0866884484150648,24248.8363152005,0.0866884484150648,103778.030232477,305640.110268583,1.10482264396389,552709.253870173,1648369.12444907,629.740033576471,2011.71089395247,0.00726701429161934,0,0,0,110676.102632917,329888.946583783,1.19151109237895,111305.842666493,8.92649259707019,8.92649259707019,10.0961651464542,0.0831349510633577,10.0961651464542,0.0831349510633577,11.5500192084232,12.6301668503573,0.744231208935738,13.2225891899745,14.3152975543133,11.6143722556843,12.7065143826201,0.784591302410325,11.6200460148572
"Florida","FL","12049","Hardee County",26068,2779.57861578287,2779.57861578287,9002.53490479314,0.031965154081503,9002.53490479314,0.031965154081503,29136.6380380583,93603.1445197906,0.331920697959313,233891.050422265,741767.129040275,286.397398855708,927.58757215949,0.00329357008684064,0,0,0,31629.8192549855,102605.679424584,0.363885852040816,31916.2166538412,7.93041432020126,7.93041432020126,9.10537254640475,0.0314649010644061,9.10537254640475,0.0314649010644061,10.2797860208037,11.446829940543,0.286622034279273,12.3626149649159,13.516791978758,10.3618872171652,11.5386583112039,0.310337869732301,10.3709008502005
"Florida","FL","12051","Hendry County",46130,7414.00762288605,7414.00762288605,23814.0742131395,0.0854389957990061,23814.0742131395,0.0854389957990061,99454.3813719858,293339.271347663,1.02426021448528,669617.973968646,2028895.22919581,829.369373721254,2644.32335796582,0.0095752536560293,0,0,0,106039.019621151,317153.345560802,1.10969921028428,106868.388994872,8.91126128260738,8.91126128260738,10.0780740294652,0.0819845095851722,10.0780740294652,0.0819845095851722,11.5074643941503,12.5890885498281,0.705204307630527,13.4144641340293,14.5230024736833,11.5715718454383,12.6671438288783,0.746545382958498,11.5793627042281
"Florida","FL","12053","Hernando County",218150,1854987.51599603,1852472.91893348,4545967.56022849,14.9163748405552,4540301.52332806,14.895659284605,3365714.71127957,9569846.28665886,35.9536854154722,19492879.6951774,55373193.7379672,32085.4860267266,80136.1927602454,0.277206014544999,0,0,0,5188616.74124887,14110147.8099869,50.8493447000772,5218187.63021304,14.4333890631668,14.4320325572049,15.3297513674509,2.76734844346574,15.3285042028918,2.7660460709864,15.0291511912473,16.0741278057949,3.60966538302862,16.7855598643165,17.8296061851294,15.4619778885037,16.4624048701934,3.94834229621722,15.4676608939321
"Florida","FL","12055","Highlands County",109778,15278.0203838905,15168.6715045802,49705.1745212249,0.169573202246478,49335.2076637015,0.168589062332685,384862.276833195,1203706.02478518,3.70694900323322,2325321.70612157,7220020.28326807,1664.13155194041,5393.94611551561,0.0185381815155406,0,0,0,398476.165665146,1253041.23244888,3.8755380655659,400030.948337776,9.63423594966338,9.62705341782863,10.8138844402076,0.15663889785493,10.8064135258343,0.155797091461234,12.8606434250895,14.0009165403441,1.54903992812051,14.6593693857039,15.7923684586857,12.8954054748558,14.0410849383771,1.584230470783,12.8992996937451
"Florida","FL","12057","Hillsborough County",1581426,6495036.29674526,6300950.65874526,17985936.4828224,65.9815611385799,17393809.3115459,63.7376840231799,58912801.1424213,160868051.105109,584.597078156582,361980646.174424,1006382212.9737,214801.00102155,552019.638338477,2.05688604711435,0,0,0,65193036.438145,178261860.416655,648.334762179761,65213751.8011665,15.6865489504484,15.6562112368975,16.7051007595706,4.20441737462773,16.6716249716766,4.17034347435157,17.891568978865,18.8960950347901,6.37263197314794,19.7071013075168,20.7296277708347,17.9928632334362,18.9987641587567,6.47594839601413,17.993180937187
"Florida","FL","12059","Holmes County",19876,6591.11608251421,6591.11608251421,18212.3034271873,0.0694574270773823,18212.3034271873,0.0694574270773823,124361.32932931,340169.757246035,1.29997603078733,735570.950519962,2011622.16647197,988.839552520631,2700.06297319261,0.0103987342244741,0,0,0,129963.605859304,358382.060673222,1.36943345786472,130952.445411825,8.79362968103896,8.79362968103896,9.8099075635833,0.0671514423687691,9.8099075635833,0.0671514423687691,11.7309545945321,12.7372029977127,0.832898701483989,13.5084036395551,14.5144524996543,11.7750174297468,12.7893576952194,0.862650879256211,11.7825971604857
"Florida","FL","12061","Indian River County",172139,905017.700622392,904982.62987705,2359371.40648058,8.88741535144664,2359258.16724866,8.88698398127893,5823582.29134555,15511151.2217294,58.7994060672203,31875470.5402267,84250148.4557033,18809.2749432955,51854.3177570845,0.195030190644456,0,0,0,6709790.71702465,17870409.3889781,67.6863900484992,6728564.9212226,13.7157108861397,13.7156721339848,14.6739062121789,2.29126277188864,14.6738582155383,2.29121914273354,15.5774263160491,16.5570698213508,4.09099572892098,17.2773473547523,18.2493009011501,15.7190784677842,16.6986568521197,4.22955107259377,15.721872591429
"Florida","FL","12063","Jackson County",49980,57965.0606906346,57965.0606906346,161081.494077848,0.581465106450062,161081.494077848,0.581465106450062,779596.159255088,2101700.82005057,7.90982169976444,4937673.48852209,13262314.9103785,3916.20953140654,11116.9085732422,0.0420703694954091,0,0,0,833645.010414316,2262782.31412841,8.4912868062145,837561.219945722,10.967612957749,10.967612957749,11.9896718983186,0.458351699941321,11.9896718983186,0.458351699941321,13.5665326027596,14.5582579650048,2.18715423003271,15.4124050270146,16.4004371813465,13.6335641432929,14.6321061684308,2.25037419944792,13.6382508323943
"Florida","FL","12065","Jefferson County",15921,29293.8729268509,29293.8729268509,94877.371707752,0.336879538658786,94877.371707752,0.336879538658786,162083.465393781,524954.714786727,1.86394892487617,1153063.91395494,3716770.10614858,1385.65476714644,4487.87644875278,0.015935029822184,0,0,0,189991.683553486,619832.086494479,2.20082846353495,191377.338320632,10.2851677942617,10.2851677942617,11.4603510524881,0.290338195824954,11.4603510524881,0.290338195824954,11.9958728696569,13.1710691852287,1.05220141544642,13.9579340977141,15.1283658671165,12.154740842788,13.3372055054448,1.16340967115286,12.1620075766779
"Florida","FL","12067","Lafayette County",8640,14335.7306090553,14335.7306090553,46364.5787187516,0.164920204716075,46364.5787187516,0.164920204716075,125726.040342594,406065.709971462,1.44550672424035,728469.520763877,2344310.29845039,1240.40097613357,3908.93672447583,0.0140022546068524,0,0,0,138821.369975516,452430.288690214,1.61042692895643,140061.77095165,9.57058009715939,9.57058009715939,10.7443126249585,0.152652590865912,10.7443126249585,0.152652590865912,11.7418684895233,12.914272735361,0.89425235063175,13.4987024381348,14.6675022273672,11.8409504810394,13.0223911823936,0.959513782270591,11.8498459650467
"Florida","FL","12069","Lake County",444204,650102.374607587,650102.374607587,1573640.29300642,5.10618644988345,1573640.29300642,5.10618644988345,11495628.0636055,27688255.6694582,89.1503507596066,69196133.2182308,166588377.260248,63836.5158802025,153361.136403205,0.495841412968925,0,0,0,12081893.9223329,29261895.9624647,94.25653720949,12145730.4382131,13.3848866670845,13.3848866670845,14.26890278682,1.80930242936621,14.26890278682,1.80930242936621,16.2574774396586,17.1365189343157,4.50147884048598,18.0524555551291,18.9310365269219,16.3072186026005,17.1917967827079,4.55657364377236,16.312488344065
"Florida","FL","12071","Lee County",860959,1851687.42009784,1851031.32682198,4428082.76514449,15.6758398833656,4425862.96399934,15.6699350438828,17661207.3092244,43406060.5636588,161.936371932289,103884428.221391,258976013.151009,104336.58408841,258862.095472565,0.890855585408303,0,0,0,19408558.1452338,47831923.5276581,177.606306976171,19512238.6360463,14.4316084403464,14.4312540559207,15.3034774897827,2.8139609583513,15.3029760634677,2.8136068001674,16.6868811714804,17.5861096566835,5.0933597683543,18.4587895817146,19.3722460059197,16.7812247197898,17.6832038516787,5.18518398123531,16.7865525002727
"Florida","FL","12073","Leon County",300488,5888119.91882958,5888108.22858114,14842162.8797758,48.3605094714125,14842125.1333652,48.3603656813566,7864919.44793398,24506593.1470693,87.7414456077519,54504315.120933,170234685.525026,122960.987411362,339173.056664635,1.15287189589272,0,0,0,13630078.3793522,39348718.2804345,136.101811289109,13753027.6765151,15.588447475666,15.5884454902686,16.5129825990747,3.89915070108788,16.5129800558837,3.89914778802505,15.8779229797297,17.0144527881609,4.48572703619166,17.8137904513772,18.9526885519589,16.4277896275261,17.4879739854222,4.92072379792599,16.4367696252045
"Florida","FL","12075","Levy County",47765,837126.88335111,837126.88335111,2705343.3553661,10.0891078153825,2705343.3553661,10.0891078153825,2836162.78752229,9068714.33151908,32.0534590255056,17145152.391543,54760399.5072492,29372.3581294002,92878.0480133922,0.335818838499361,0,0,0,3643917.312744,11774057.6868852,42.1425668408881,3673289.6708734,13.637732125556,13.637732125556,14.810739765438,2.40596334865648,14.810739765438,2.40596334865648,14.8579629179716,16.0203411727562,3.49812622119956,16.6572260905608,17.8184778722228,15.1085701201909,16.2814092530054,3.76451013944333,15.1165984588537
"Florida","FL","12077","Liberty County",7955,1521913.85825655,1521913.85825655,3547569.1002088,11.1127873740455,3547569.1002088,11.1127873740455,145848.803217814,345629.803331261,1.09120534536527,722339.189130363,1725020.11248069,20186.6934033084,47083.9920740691,0.147533481492886,0,0,0,1647575.96807106,3893198.90354006,12.2039927194108,1667762.66147437,14.2354798751403,14.2354798751403,15.0817734482746,2.49426170234683,15.0817734482746,2.49426170234683,11.8903326260856,12.7531264419496,0.737740620007963,13.4902514829872,14.3607498474919,14.3148162623683,15.174741974758,2.58051926259809,14.3269941620983
"Florida","FL","12079","Madison County",18364,1544681.67510864,1544681.67510864,3612723.20939463,11.3492398297548,3612723.20939463,11.3492398297548,337039.775625301,858903.407242503,2.95913384145038,1960409.51649679,5053234.10536879,22025.3598643198,52430.8810502176,0.167439587291115,0,0,0,1859696.09086962,4471626.61663713,14.3083736712051,1881721.45073394,14.2503290589397,14.2503290589397,15.0999726743612,2.51359450893299,15.0999726743612,2.51359450893299,12.7279591979359,13.663412911005,1.3760252744357,14.4886644564679,15.4355392110699,14.435924178056,15.3132630203672,2.72839997745662,14.4476981125526
"Florida","FL","12081","Manatee County",458352,616795.444416974,616795.444416974,1541872.02211544,5.7039816476998,1541872.02211544,5.7039816476998,7504860.7582618,19343225.6631497,72.710906466827,44195785.2565189,114982692.272373,15309.5960192307,37941.4507179092,0.141598192186801,0,0,0,8106346.60665955,20885097.6852651,78.4148881145268,8121656.20267878,13.3322943366507,13.3322943366507,14.2485084834861,1.90270162566109,14.2485084834861,1.90270162566109,15.8310616029283,16.7778528729125,4.30015077287116,17.6041400089405,18.5602921817186,15.9081579678885,16.8545464810765,4.37468585841534,15.9100447803144
"Florida","FL","12083","Marion County",428905,1035789.37041687,1035719.22892619,3287950.66060706,12.2235226697837,3287724.18214323,12.2226599294483,10255251.8304759,30895381.7242845,114.386972600456,55181102.379614,166265498.181518,40367.8284081272,129760.931560755,0.473625791164803,0,0,0,11250673.3724847,34183105.9064277,126.609632529904,11290971.0594021,13.8506753361696,13.8506076160326,15.0057753332883,2.58199726411587,15.0057064495918,2.58193201913524,16.1433006035461,17.2461173043042,4.74829145862404,17.8261311225595,18.9290964613143,16.235938629039,17.3472421298948,4.84897585810773,16.2395140315694
"Florida","FL","12085","Martin County",165666,2395321.97065968,2395310.28041123,5671102.3977143,19.0052581082996,5671064.65130366,19.0051143182437,4981450.01200061,12463054.7846634,45.8338567372427,26108933.181447,65373219.0935574,35856.1154346154,87768.3114205976,0.299426493284786,0,0,0,7340915.86722568,18134119.4359671,64.8389710554863,7376760.29241185,14.6890286317854,14.6890237513258,15.5508942595428,2.9959951444154,15.5508876036006,2.99598795677643,15.4212317744331,16.3382792888206,3.84660637592743,17.0777881195222,17.9956232538764,15.8089743065806,16.7133058286113,4.18721192829236,15.8138452509874
"Florida","FL","12086","Miami-Dade County",2838461,17456395.5127909,17422469.2286202,46582439.2167971,164.871128998896,46500562.7821763,164.568754426059,88678034.3195332,248574263.001291,908.678239124452,527761856.161878,1499865135.02367,888747.436231959,2583600.18713023,9.29516811779786,0,0,0,105245682.396092,295074825.783468,1073.24699355051,106100503.548153,16.6752167017827,16.6732713235042,17.6567342086996,5.11121115552337,17.654974994832,5.1093865431466,18.3005227877481,19.3312522079542,6.81309095360583,20.0841557118243,21.1286410316949,18.471808016822,19.5027395322538,6.97937522400144,18.4798973589749
"Florida","FL","12087","Monroe County",80908,25160.311772751,25160.311772751,78918.895075402,0.279469797203313,78918.895075402,0.279469797203313,475081.121139642,1310033.48428307,4.70721355987987,3405359.27162375,9339786.7472739,4119.29263033719,12419.7630521134,0.0445005648779197,0,0,0,496122.140282056,1388952.37935847,4.98668335708318,500241.432912393,10.133062846687,10.133062846687,11.2761886306299,0.246445771183425,11.2761886306299,0.246445771183425,13.0712429546834,14.0855640187111,1.74173091154479,15.0408612986129,16.0497940848155,13.1145794415917,14.1440610569964,1.78953756213355,13.1228481257197
"Florida","FL","12089","Nassau County",104376,166433.221118738,166433.221118738,454299.884901576,1.74273944913927,454299.884901576,1.74273944913927,1275815.00469247,3524363.26735758,13.331954317587,8631811.82667433,24019752.713761,10557.1116775952,28742.2372127105,0.110476499078447,0,0,0,1431691.11413362,3978663.15225916,15.0746937667263,1442248.22581121,12.0223554419866,12.0223554419866,13.0265149995809,1.00895721988982,13.0265149995809,1.00895721988982,14.05909653554,15.0752106282778,2.66249161199603,15.9709651020282,16.9943871211814,14.1743675992894,15.196456680785,2.77724621966081,14.1817144153266
"Florida","FL","12091","Okaloosa County",220483,629661.889609343,629661.889609343,1672513.05547217,5.84712258741918,1672513.05547217,5.84712258741918,6123513.37296144,16197989.1017055,57.7026311614946,35448592.0807213,93980755.2631811,67989.7947239085,179879.277390024,0.633129458543439,0,0,0,6685185.46784688,17870502.1571776,63.5497537489138,6753175.26257079,13.3529398592946,13.3529398592946,14.329838474819,1.92382850379334,14.329838474819,1.92382850379334,15.6276467336215,16.6003977247096,4.07248454970504,17.3835941227281,18.3586005986717,15.7154046615992,16.6986620432685,4.16743630239636,15.7255235095892
"Florida","FL","12093","Okeechobee County",42369,335924.828545731,335752.246217977,767278.971025337,2.81239074974959,766816.187313741,2.81082025056702,1267386.05129012,2922072.10050378,10.642048255933,6436309.2148261,14927600.8527555,7205.85483541228,18015.0902859724,0.0676053112795337,0,0,0,1596105.02500044,3688888.28781753,13.4528685065,1603138.2975081,12.724645666201,12.7241317828956,13.550607034639,1.33825648571956,13.5500037042396,1.33784445483002,14.0524678990686,14.8878038882638,2.45462339382747,15.6774659858747,16.5187225305423,14.2830774864899,15.1208359646938,2.67089290741799,14.2874743258251
"Florida","FL","12095","Orange County",1533646,4915701.74008835,4908029.35616778,13564943.1230535,50.4909780383305,13547529.8018352,50.427249679865,37149904.2627383,101241644.524709,374.81788161974,203398584.248305,557102047.559887,206505.167288089,582471.70331681,2.13256366190387,0,0,0,41859100.8355386,114789174.326545,425.245131299605,42057933.6189061,15.4079452799977,15.4063832698321,16.4229993848668,3.94140660860149,16.4217148600375,3.94016818139528,17.4304717789966,18.4330207472103,5.92910466865665,19.1306780860398,20.1382589921695,17.5498198183625,18.5586077458234,6.05501460636148,17.5545586214436
"Florida","FL","12097","Osceola County",468058,545187.332574181,545187.332574181,1661504.10448043,6.24723875289148,1661504.10448043,6.24723875289148,2428648.90645048,7223829.83122607,26.8662383944022,16359006.9399866,48913224.2189385,29705.1381695198,89782.3194200063,0.334149139008688,0,0,0,2944131.10085514,8885333.9357065,33.1134771472937,2973836.23902466,13.2088865783081,13.2088865783081,14.3232344389842,1.98062053465022,14.3232344389842,1.98062053465022,14.7028460668639,15.7928959562004,3.32741586268252,16.6102892479351,17.7055583722539,14.8953246290386,15.9999127156197,3.52969253046975,14.9053636765371
"Florida","FL","12099","Palm Beach County",1582055,21049428.5700434,20992741.0237387,51079322.5048108,165.308970999152,50946971.0216491,164.893878034878,25961800.2587609,78361928.8729431,287.592033633128,148234445.8174,439239443.680263,348858.090742353,887791.757804196,2.96725540044669,0,0,0,46662370.7380619,129308899.894592,452.485911668005,46954541.2824996,16.8623840189152,16.8596873180309,17.748890345204,5.11384732941711,17.7462958854773,5.11134829497771,17.0721368333238,18.1768487790291,5.66501404246997,18.8143056784828,19.9005552544189,17.6584486534857,18.6777146804648,6.11696420329095,17.6646905061699
"Florida","FL","12101","Pasco County",659114,11985308.4258429,11982700.3067928,30330156.4914949,100.778170947989,30324188.4833094,100.756305071592,16025388.0758948,48737108.9408192,180.815201049215,97090449.6733654,294888411.510142,175028.345750093,446795.376118316,1.5119212101169,0,0,0,27835668.1559876,79061297.4241286,281.571506120807,28008088.3826875,16.2991922432765,16.298974609941,17.2276530722492,4.62279565035655,17.227456284764,4.62258078870845,16.5896848397833,17.7019513089749,5.20299079238001,18.3911535831459,19.5021075800672,17.1418288194037,18.185734038973,5.64393163756899,17.1480039329386
"Florida","FL","12103","Pinellas County",965870,8195853.00263823,8148734.48928524,22784817.8995612,85.4103424951487,22674888.3986247,85.066191454577,18532716.3838347,48847493.4477945,178.211512986097,113489564.802397,305870785.050261,152717.103086721,417629.042627709,1.56194656418175,0,0,0,26575852.2833862,71522381.8464191,263.277704440674,26681450.87312,15.9191389749366,15.9133733184904,16.9416050344177,4.45910737345092,16.9367686762744,4.4551166682874,16.7350482353152,17.7042136444067,5.18856674505131,18.5472214594034,19.5386733029269,17.0955135901768,18.0855210054784,5.577000461036,17.0994791955641
"Florida","FL","12105","Polk County",852878,1518341.2528302,1518294.49183641,3955935.94195997,14.6545223140509,3955784.95631741,14.6539471538273,9771764.08851293,26714033.4224319,98.3306061474073,53435038.6538966,148315988.879219,36950.9598593493,103591.129790533,0.387158916137671,0,0,0,11253154.3814838,30669818.3787493,112.984553301235,11290058.5803493,14.2331296745222,14.2330988766479,15.1907280317494,2.75075984099765,15.1906898641733,2.75072309948754,16.0950076718274,17.1006996190724,4.59845374256853,17.7939772620368,18.8148556224639,16.2361591256421,17.2387896468898,4.73606294185631,16.2394332133794
"Florida","FL","12107","Putnam County",77301,156721.076170711,156721.076170711,405072.639784935,1.46243547570455,405072.639784935,1.46243547570455,871367.960433024,2443691.28627996,8.69279497752092,4759260.27959041,13519330.8379068,4910.52729288651,14729.0532563566,0.0525757365884387,0,0,0,1023178.50931085,2848763.9260649,10.1552304532255,1028089.03660374,11.9622293001743,11.9622293001743,12.9118241561897,0.901150890961236,12.9118241561897,0.901150890961236,13.677820771688,14.7090206855694,2.27138282368468,15.3756030208005,16.4196312070847,13.8384255029622,14.8623960990421,2.4119084868576,13.8432133054069
"Florida","FL","12109","St. Johns County",334928,666225.034618867,665896.987980936,1918451.21396531,6.82594522833861,1917341.31339274,6.82299280859723,6045075.64386248,17325377.9238659,61.7494138552318,37221070.9591172,107847578.71175,51136.1686327081,142649.630063023,0.508029478509339,0,0,0,6660164.50984864,19242719.2372587,68.5724066638291,6710972.63184342,13.4093842832619,13.4088917665908,14.4670292803398,2.05744452508479,14.4664505733232,2.05706719343846,15.6147547208361,16.6676829743085,4.13914923701579,17.4323856093847,18.4962294893028,15.7116548935364,16.7726433776809,4.24236803275146,15.7192546000377
"Florida","FL","12111","St. Lucie County",390670,5640154.45290272,5640131.07240583,13295190.9902208,43.1669702942384,13295115.4973995,43.1666827141266,6767566.87005522,17293998.8820896,63.2428027980208,35644320.5804367,91328514.5236231,79334.2285555557,191299.821679887,0.6261284999451,0,0,0,12328387.0944024,30589114.3794892,106.409485512147,12407697.942461,15.5454221856658,15.5454180402933,16.4029130233388,3.78797723132107,16.402907345118,3.78797072009682,15.7276523292426,16.6658701716845,4.16266969879292,17.3891004096816,18.3299736245516,16.3274151362136,17.2361547970914,4.67664849765479,16.333827720364
"Florida","FL","12113","Santa Rosa County",207653,612260.889174149,612260.889174149,1576022.96070289,6.01525687616632,1576022.96070289,6.01525687616632,6938255.90212917,17626084.1081091,66.1561556119342,41597614.5082053,105492435.265723,28199.4629962375,75083.9921705068,0.282123184840274,0,0,0,7522317.32830708,19202107.068812,72.1714124881005,7550516.79130332,13.3249153934485,13.3249153934485,14.2704157527761,1.94808733101177,14.2704157527761,1.94808733101177,15.7525611340951,16.684890471185,4.20702058834244,17.5435534040744,18.4741498141465,15.8333849367536,16.7705306262216,4.2928048049067,15.8371267005032
"Florida","FL","12115","Sarasota County",476604,1294215.29897114,1294215.29897114,3125871.09008448,11.5431024284428,3125871.09008448,11.5431024284428,10853979.9427672,27453271.3760429,103.884660407365,61206039.7697647,156344758.241197,24404.054665716,61416.8796395152,0.229330357567167,0,0,0,12123791.1870727,30579142.4661274,115.427762835808,12148195.2417384,14.0734158953841,14.0734158953841,14.9552238710472,2.52917090719295,14.9552238710472,2.52917090719295,16.2000424778243,17.1279959310566,4.65286127408382,17.9297564479998,18.8675741219024,16.3106803763888,17.235828748463,4.75727101919291,16.3126912592598
"Florida","FL","12117","Seminole County",494605,2349412.93110861,2349412.93110861,5480131.26636318,20.540258990769,5480131.26636318,20.540258990769,33389156.987334,76661190.3424955,284.718603125137,195913146.407647,451647551.843948,138485.577324697,352694.439571057,1.24124686695844,0,0,0,35600084.3411179,82141321.6088587,305.258862115906,35738569.9184426,14.6696764639996,14.6696764639996,15.5166397948306,3.06992369536854,15.5166397948306,3.06992369536854,17.3237417940917,18.1549061583972,5.65500742131058,19.0931819935145,19.9284126832878,17.3878585930418,18.2239517682484,5.72443069896158,17.3917410814021
"Florida","FL","12119","Sumter County",154693,2285757.36329681,2285710.60230302,5201981.91772476,19.5878333349047,5201830.9320822,19.587258174681,3908671.26954513,12167587.7832576,46.0824329726582,20525323.1724879,63658010.4610465,30078.0663181406,75983.1923516932,0.286031696564292,0,0,0,6164350.5665238,17369418.7153398,65.6696911473393,6194381.87184815,14.6422084149052,14.6421879571556,15.4645504411954,3.02470028650345,15.4645214161417,3.02467234921406,15.1787083012872,16.3142863174174,3.851899958471,16.8371700072091,17.9690357424633,15.6342935092473,16.6702217303674,4.19975044406095,15.6391534509482
"Florida","FL","12121","Suwannee County",47536,245630.593617681,245630.593617681,690979.313380811,2.54090264743151,690979.313380811,2.54090264743151,835417.854924998,2394717.22376678,8.9351085183564,10416240.7333361,27588319.3665543,10354.1451920639,28862.2590708223,0.108681917807187,0,0,0,1070694.30335062,3085696.53714759,11.4760111657879,1081048.44854268,12.4115881054904,12.4115881054904,13.4458666123017,1.26438167979264,13.4458666123017,1.26438167979264,13.6356885007271,14.6887761300337,2.29607479877819,16.1588768510468,17.1329030659987,13.8838188116145,14.9422882958081,2.52380769372655,13.8934428389079
"Florida","FL","12123","Taylor County",21843,372737.15793083,372737.15793083,1063641.91448097,3.77241080262171,1063641.91448097,3.77241080262171,88732.9383469434,266157.706299235,0.956454348897115,550000.197342625,1648874.25725626,5568.27421616195,15966.777900301,0.0566506156818116,0,0,0,455901.822061611,1329799.62078021,4.72886515151883,461470.096277773,12.8286314626544,12.8286314626544,13.8772102858644,1.56285158657862,13.8772102858644,1.56285158657862,11.393397714587,12.4918480500675,0.671133829350935,13.2176757341929,14.3156039511705,13.0300349562715,14.1005395797726,1.74551745727524,13.0421747010131
"Florida","FL","12125","Union County",15738,58401.7892141783,58401.7892141783,189152.464664119,0.67162057596305,189152.464664119,0.67162057596305,598834.141535545,1890557.54418147,6.67799820311797,3394310.71867541,10737710.9369068,4101.30030358697,13283.3440754045,0.0471649534912502,0,0,0,653134.630446137,2079710.00884559,7.34961877908102,657235.930749724,10.9751189281926,10.9751189281926,12.1503139469123,0.513793560658634,12.1503139469123,0.513793560658634,13.3027416164047,14.4523828693986,2.03835886254862,15.0376115646,16.1892725830921,13.389540090284,14.5477395039697,2.12221588262066,13.395799857647
"Florida","FL","12127","Volusia County",602772,2878090.08849009,2861222.29649009,7056463.99904063,27.3220842931601,7015820.75463216,27.1719609443601,22247161.8666231,54851860.3147063,210.633170525271,137593927.968078,340267087.71875,120089.577635216,305182.448917638,1.16882793145783,0,0,0,25005162.377478,61867681.0693385,237.805131469631,25108384.1631132,14.8726378158557,14.8667598173928,15.769454775722,3.34364186403964,15.7636784071573,3.33832719055394,16.9177250468338,17.8201466787443,5.3548544482149,18.7398173616186,19.6452414222427,17.0345928966062,17.9405085022723,5.47564786985386,17.0387124185565
"Florida","FL","12129","Wakulla County",37115,1109602.50423924,1109602.50423924,3102588.63398819,9.91523723184727,3102588.63398819,9.91523723184727,1791903.60247669,5061376.742652,16.1899441461546,10294630.0365401,29234931.750299,32855.2961578567,91975.7485665644,0.294605274958413,0,0,0,2868650.81055807,8163965.37664019,26.1051813780019,2901506.10671592,13.9195133060881,13.9195133060881,14.9477476865342,2.39015972424554,14.9477476865342,2.39015972424554,14.3987896358749,15.4371492853584,2.84432457018381,16.147133058709,17.1908748792745,14.8693527249488,15.9152406844125,3.29972490437048,14.8807408519346
"Florida","FL","12131","Walton County",89666,39733.2373373022,39733.2373373022,116327.992692902,0.431777896359853,116327.992692902,0.431777896359853,570936.96968644,1595848.35075143,5.86015426903381,3875941.92468028,10873711.6037624,5670.67006012768,15888.7315384342,0.0602498657055035,0,0,0,604999.536963614,1712176.34344433,6.29193216539366,610670.207023742,10.5899684964642,10.5899684964642,11.6641775997249,0.358916956201792,11.6641775997249,0.358916956201792,13.2550358482124,14.282916660777,1.92572992968229,15.1702995265697,16.2018587466682,13.3129846245557,14.3532764187794,1.98676855416668,13.322313970603
"Florida","FL","12133","Washington County",26503,7766.59812569919,7766.59812569919,21209.1630391163,0.0913221944714357,21209.1630391163,0.0913221944714357,233337.322072365,635985.214641507,2.74507010142476,1462532.31565936,3994199.321714,224.059492886301,632.465287472851,0.00263960014374608,0,0,0,240879.860705178,657194.377680624,2.83639229589619,241103.920198064,8.95771627404215,8.95771627404215,9.96223573442764,0.0873899835745935,9.96223573442764,0.0873899835745935,12.360244705439,13.3629321669954,1.32044033546549,14.1956806377667,15.2003539473621,12.3920577363192,13.3957366317678,1.34453241870996,12.3929874712529
"Georgia","GA","13001","Appling County",18669,17118.686503109,17118.686503109,49538.3985293446,0.189247001514927,49538.3985293446,0.189247001514927,179614.303899223,517833.71033564,1.96036446151587,1135580.19603334,3271799.40354238,1048.51557931279,3032.57406222627,0.0114720879030551,0,0,0,195684.474823019,567372.108864984,2.1496114630308,196732.990402332,9.74798433779378,9.74798433779378,10.8105235618583,0.17332033500265,10.8105235618583,0.17332033500265,12.0985726422402,13.1574113783048,1.08531238964673,13.9426551448258,15.0008509734818,12.1842639289792,13.2487724066225,1.14727910016032,12.1896077927139
"Georgia","GA","13003","Atkinson County",8435,14218.5477411182,14218.5477411182,41116.1792302485,0.155025364123436,41116.1792302485,0.155025364123436,159830.289968774,460874.126634674,1.73996143490692,1007278.9541964,2906401.9179847,1013.24488161936,2930.14532512604,0.0110558936702727,0,0,0,173035.592828272,501990.305864923,1.89498679903035,174048.837709892,9.56237289842939,9.56237289842939,10.6241812992899,0.144122304012664,10.6241812992899,0.144122304012664,11.9818741002103,13.0408824103065,1.00794384544944,13.822764141203,14.8824267638746,12.0612583703514,13.1263380795297,1.06298055109413,12.0670969608053
"Georgia","GA","13005","Bacon County",11045,602.608862372773,602.608862372773,1750.02108761111,0.00711078457599872,1750.02108761111,0.00711078457599872,10300.5331044862,28542.8519631945,0.115992023995936,57654.4428437206,160705.862753521,131.422005572732,381.659307536292,0.00155077966575824,0,0,0,10771.7199612862,30292.8730508056,0.123102808571935,10903.1419668589,6.40292640931204,6.40292640931204,7.46795437539501,0.00708562215995278,7.46795437539501,0.00708562215995278,9.24004800823714,10.2591968490993,0.109743716976533,10.9622399331005,11.9873372561873,9.28477228805955,10.318700761506,0.116095219715571,9.29689799299621
"Georgia","GA","13007","Baker County",2732,1315.5937848365,1315.5937848365,3820.58248716857,0.0155240066610707,3820.58248716857,0.0155240066610707,4740.83722222535,13767.7449335184,0.0559418792222592,33708.8804827484,97826.0699268969,263.84094218935,766.213777189558,0.00311332311783433,0,0,0,5792.59006487251,17588.327420687,0.0714658858833299,6056.43100706186,7.18280321440628,7.18280321440628,8.24841987947382,0.0154047419962674,8.24841987947382,0.0154047419962674,8.46417993921739,9.53015644258097,0.0544331451541048,10.4255462627679,11.4909566063426,8.66450742416465,9.77504760054162,0.0690276977049529,8.70904106295382
"Georgia","GA","13009","Baldwin County",43644,35207.5998367197,35207.5998367197,99691.5734685845,0.388059229896771,99691.5734685845,0.388059229896771,575622.26410877,1606533.39202791,5.97471836462024,3092266.85292724,8646273.32517047,3966.24954420462,11124.8917307978,0.0434826157166797,0,0,0,606863.614401285,1706224.9654965,6.36277759451701,610829.86394549,10.4690456452897,10.4690456452897,11.509846464395,0.327906534010443,11.509846464395,0.327906534010443,13.2632086703238,14.2895898653562,1.94229194906,14.944415312663,15.9726390722711,13.3160610046393,14.3497944516603,1.99643725210626,13.3225753814126
"Georgia","GA","13011","Banks County",20318,59272.0457665898,59272.0457665898,177829.621670867,0.679343676814452,177829.621670867,0.679343676814452,251002.285140532,667685.967180298,2.56478610321705,1838076.89877468,4901801.93503292,2189.01001442506,6283.14711178533,0.0245137740478946,0,0,0,308085.320892697,845515.588851165,3.24412978003151,310274.330907122,10.9899099414587,10.9899099414587,12.0885868126033,0.518403048521497,12.0885868126033,0.518403048521497,12.4332213062376,13.4115747306803,1.27110405296864,14.424230963358,15.4051136413304,12.6381352853281,13.6477030672953,1.44553679993346,12.6452153464934
"Georgia","GA","13013","Barrow County",96294,290976.304076497,290976.304076497,753375.401164544,3.06432491020408,753375.401164544,3.06432491020408,1770718.33093003,4611690.67487069,18.722828969198,11000014.0565937,28631536.8322289,19542.5467281885,51835.7373230321,0.210794265226081,0,0,0,2042152.08827834,5365066.07603524,21.7871538794021,2061694.63500653,12.5810005502478,12.5810005502478,13.5323202506337,1.40224765545747,13.5323202506337,1.40224765545747,14.3868964236466,15.3441053053329,2.98177679574142,16.213407199543,17.170019389646,14.5295152446706,15.4954194364917,3.12619695083411,14.5390393259747
"Georgia","GA","13015","Bartow County",117508,170927.369814471,161525.536919734,475487.835227561,1.84987027623426,453575.928411756,1.78123689610268,3899361.09672162,10355235.4004587,40.5292337710743,20192524.3363247,53846673.4119434,10657.3543412852,30221.5448817341,0.119972765363434,0,0,0,4059631.11219481,10808811.3288704,42.310470667177,4060886.63364135,12.048999857752,11.992424723439,13.0720986806237,1.04727347613384,13.0249201668123,1.02289575540767,15.1763235327785,16.1530028821465,3.72639760746221,16.8208230610372,17.8016512031498,15.2166029147124,16.1958723157599,3.7683944225694,15.2169121366578
"Georgia","GA","13017","Ben Hill County",16945,7334.01054221213,7334.01054221213,19977.4735087061,0.0785845759874296,19977.4735087061,0.0785845759874296,148097.993005214,410994.105741577,1.52093913444828,846963.334434888,2343807.39633264,1260.18427185775,3461.62839450403,0.0136242979363113,0,0,0,154171.819275568,430971.579250283,1.59952371043571,155432.003547426,8.90041412782378,8.90041412782378,9.90241064831818,0.0756496037885462,9.90241064831818,0.0756496037885462,11.9056362008082,12.9263365852361,0.924631504498331,13.6494138646424,14.6672876841591,11.9458294552847,12.9737997458329,0.955328239952452,11.9539700724067
"Georgia","GA","13019","Berrien County",18666,7205.43890183949,7205.43890183949,20312.360889797,0.0782341028843497,20312.360889797,0.0782341028843497,45900.0828561301,129663.609928235,0.502159066925322,311324.299193978,874726.265225417,1467.72539035319,4081.61092300205,0.0156975246458535,0,0,0,51637.7963676164,149975.970818032,0.580393169809672,53105.5217579696,8.88273019728552,8.88273019728552,9.91903412044092,0.0753246129957664,9.91903412044092,0.0753246129957664,10.7342439874072,11.7727064720707,0.406903451146904,12.6485936226231,13.6816674198669,10.8520285365483,11.918237033412,0.457673657734618,10.880055019989
"Georgia","GA","13021","Bibb County",157056,215485.486664247,212994.27009859,596548.760588399,2.34444562290617,590958.216509248,2.32401764706779,1639975.90498841,4362423.04260445,17.0556865214043,9993624.82797341,26810957.4452284,28359.2229486286,78271.446238106,0.305405241301869,0,0,0,1827102.16870402,4953381.2591137,19.3797041684721,1852970.175087,12.2806534796653,12.2690252383351,13.2989179379769,1.20730094678252,13.2895022864085,1.20117418596461,14.3101927173771,15.2885384339039,2.89346067790043,16.1174580305189,17.1043212591154,14.4182423026788,15.4155811858816,3.01453951191259,14.4323009493381
"Georgia","GA","13023","Bleckley County",12626,371.438859658619,371.438859658619,1078.68615572849,0.00438297854397171,1078.68615572849,0.00438297854397171,1737.55913855291,5042.29400208254,0.0204693518918434,18985.5075174291,51274.5361016531,0,0,0,0,0,0,2108.99799821153,6120.98015781103,0.0248523304358152,2108.99799821153,5.92007288920332,5.92007288920332,6.98442568133921,0.00437340126797921,6.98442568133921,0.00437340126797921,7.46081196786844,8.52581471942213,0.0202626703737061,9.85148387522474,10.8449690383058,7.65444227775475,8.71964087837156,0.0245485343441021,7.65444227775475
"Georgia","GA","13025","Brantley County",18795,943.975084870522,943.975084870522,2741.37406177241,0.0111389060014722,2741.37406177241,0.0111389060014722,9458.06270885603,27462.7237757981,0.111505532822041,64339.1601667885,182744.099548867,105.062718856138,305.109972654636,0.00123974008250243,0,0,0,10296.9750748704,30204.0978375705,0.122644438823513,10402.0377937265,6.8511585619298,6.8511585619298,7.91657927013688,0.0110773252607623,7.91657927013688,0.0110773252607623,9.15472857773512,10.2206212774041,0.105715432207332,11.0719392901712,12.1158475621984,9.23970256021768,10.315765991686,0.115687008368263,9.24985313802849
"Georgia","GA","13027","Brooks County",16344,1011.04728576069,1011.04728576069,2936.15673637181,0.0119303579719761,2936.15673637181,0.0119303579719761,11379.1163608637,33096.3021744254,0.134222775540548,74814.4414822732,214669.765237551,149.880065717936,435.26289106693,0.00176858477547165,0,0,0,12240.2835809065,36032.4589107972,0.146153133512524,12390.1636466244,6.9197305738158,6.9197305738158,7.98519729592104,0.0118597522641029,7.98519729592104,0.0118597522641029,9.33962293266001,10.407207052739,0.125947637105529,11.2227795795862,12.2768608089576,9.4125694182892,10.4922031999891,0.136411233722087,9.42473888842335
"Georgia","GA","13029","Bryan County",51105,283043.211738109,283043.211738109,798594.671043274,2.72159403266365,798594.671043274,2.72159403266365,2119973.64909521,6396075.88837407,19.8456461563578,12621893.1500815,37892777.6205151,15287.1989581379,43710.2922425682,0.157588657670061,0,0,0,2387729.66187518,7194670.55941734,22.5672401890214,2403016.86083332,12.5533583896465,12.5533583896465,13.5906100529145,1.3141520799079,13.5906100529145,1.3141520799079,14.5669146886027,15.6711953741855,3.03714510899854,16.3509434949464,17.4502711141808,14.6858539589741,15.7888512488138,3.15985762010611,14.692235947414
"Georgia","GA","13031","Bulloch County",85454,41154.8171122923,41154.8171122923,123565.358972337,0.486440659200071,123565.358972337,0.486440659200071,526946.197102295,1536652.9113396,5.9656623764062,3120007.89152333,8871912.03308696,3488.53498719329,10704.9284437398,0.0411552047982608,0,0,0,564612.479227394,1660218.27031193,6.45210303560627,568101.014214588,10.625120559718,10.625120559718,11.7245336103597,0.396384442847608,11.7245336103597,0.396384442847608,13.1748556272518,14.2451178256236,1.94099270341439,14.9533464096288,15.998401005562,13.2438966684581,14.3224602421589,2.00849627921465,13.2500562840672
"Georgia","GA","13033","Burke County",24472,118926.3632656,118926.3632656,341621.832566666,1.35373124536598,341621.832566666,1.35373124536598,826740.997639613,2325422.17066458,8.95905771394221,4437654.2342107,12506900.7255876,2565.69601185364,7148.13873595919,0.0265030471233817,0,0,0,943101.66489336,2667044.00323125,10.3127889593082,945667.360905213,11.6862681930021,11.6862681930021,12.7414625787292,0.856001832977014,12.7414625787292,0.856001832977014,13.6252479514983,14.65941258933,2.29848246008706,15.3056366945113,16.3417911879474,13.7569304262022,14.7964816771242,2.42593385206408,13.7596472167024
"Georgia","GA","13035","Butts County",27127,17661.0257823266,17661.0257823266,53362.5436449992,0.209849024198326,53362.5436449992,0.209849024198326,219099.78899204,680798.976294965,2.61460897420055,1354427.58013088,4218400.29778263,2301.16263284672,7045.74815917448,0.0276627124273413,0,0,0,234459.65214152,734161.519939965,2.82445799839887,236760.814774367,9.77917217779025,9.77917217779025,10.8848830885231,0.190495578433989,10.8848830885231,0.190495578433989,12.2972871266361,13.4310238214219,1.28498368218082,14.1188902112699,15.2549667748464,12.3650430580837,13.5064856998995,1.34141675747314,12.3748099138132
"Georgia","GA","13037","Calhoun County",5441,3580.92949589738,3580.92949589738,11556.1798465728,0.0412181339022767,11556.1798465728,0.0412181339022767,18414.5167996573,59300.2597432458,0.21207247775462,122446.678278233,394123.355579291,193.738792649627,618.911071713009,0.00223567908921845,0,0,0,21801.7075029051,70856.4395898186,0.253290611656897,21995.4462955547,8.18365689953956,8.18365689953956,9.35506215455487,0.0403913103353204,9.35506215455487,0.0403913103353204,9.82094889254497,10.9903858283225,0.192331685986741,11.7154391016308,12.8844217617792,9.98978943844629,11.1684252444025,0.225772581708772,9.99863618727251
"Georgia","GA","13039","Camden County",59099,63006.2804019017,63006.2804019017,183726.462983886,0.700909123066553,183726.462983886,0.700909123066553,342479.388889398,965207.875875132,3.66296443730565,2212985.57180208,6257678.11951945,6930.89460656456,20052.5881675232,0.0761508114921281,0,0,0,398554.774684735,1148934.33885902,4.3638735603722,405485.669291299,11.0510055606319,11.0510055606319,12.1212087591251,0.531162886393671,12.1212087591251,0.531162886393671,12.743969676328,13.7800998085829,1.53965139122744,14.609853551144,15.6493199266518,12.8956027289864,13.9543462792326,1.67968639324978,12.9128432772532
"Georgia","GA","13043","Candler County",11130,8909.84418222037,8909.84418222037,22476.7425956815,0.0810433186256102,22476.7425956815,0.0810433186256102,157243.882072249,388190.832328387,1.35527586082356,777327.933526188,1916415.57158158,532.803770491803,1269.25481164821,0.00431571054098361,0,0,0,165620.922483977,410667.574924069,1.43631917944917,166153.726254469,9.09502426145606,9.09502426145606,10.0202808806238,0.0779266105883251,10.0202808806238,0.0779266105883251,11.9655596275927,12.869254909641,0.856657858962173,13.5636188776391,14.4659676311994,12.0174628943212,12.9255417811274,0.890488367310945,12.0206747190867
"Georgia","GA","13045","Carroll County",129911,286662.305989139,286662.305989139,794030.999525652,3.1364724288166,794030.999525652,3.1364724288166,4456845.64094306,11598284.1761232,46.2177065313337,27350119.015834,70914171.8004068,32147.1890957039,90302.1041600607,0.353526047253164,0,0,0,4711360.7578365,12392315.1756488,49.3541789601503,4743507.9469322,12.5660636561992,12.5660636561992,13.5848790410868,1.4198433542848,13.5848790410868,1.4198433542848,15.3099520427531,16.2663678155042,3.85476896062042,17.1242314749701,18.0769808699796,15.3654875447651,16.3325871752505,3.91908161393591,15.372287703959
"Georgia","GA","13047","Catoosa County",68940,99529.627234236,99529.627234236,266119.790560171,1.02729486054886,266119.790560171,1.02729486054886,2644656.94052686,6894501.56948217,25.2466331476835,16017649.1876463,41363579.9111291,8857.04535829246,23802.5354925271,0.0923061377079958,0,0,0,2735329.5224028,7160621.36004234,26.2739280082323,2744186.56776109,11.5082206871818,11.5082206871818,12.491705584542,0.706702323367633,12.491705584542,0.706702323367633,14.7880522918594,15.7462349229497,3.26753771977085,16.5892018089237,17.5379113635059,14.8217628356783,15.784107456953,3.30593122785719,14.8249956210898
"Georgia","GA","13049","Charlton County",13021,279.809315276416,279.809315276416,846.911239385245,0.00327098786997067,846.911239385245,0.00327098786997067,3316.89900922922,9848.23872290153,0.0389460782230516,22329.9499034574,66687.3623707531,4.76963910129173,14.6081325770777,0.00005560352952097,0,0,0,3591.93868540435,10695.1499622868,0.0422170660930223,3596.70832450564,5.63767584566272,5.63767584566272,6.74277595977729,0.00326564982643084,6.74277595977729,0.00326564982643084,8.10708703304462,9.19514944416427,0.038206813006208,10.0137288832692,11.1077857394807,8.18672572195381,9.27763913909176,0.0413502384241753,8.18805234521712
"Georgia","GA","13051","Chatham County",307336,1159227.17606463,1159227.17606463,3304494.23035913,12.2686485451351,3304494.23035913,12.2686485451351,5582071.09858957,16054969.2194419,59.7922598708077,36180108.6540952,103139468.039257,106748.640405443,310162.671068811,1.16501645585328,0,0,0,6634549.63424875,19359463.449801,72.0609084159428,6741298.2746542,13.9632649761672,13.9632649761672,15.0107942905141,2.58540400028929,15.0107942905141,2.58540400028929,15.5350706092597,16.5915290305954,4.10746247611173,17.40402006872,18.4515926986124,15.707801496891,16.7786919767132,4.29129345512426,15.7237632350308
"Georgia","GA","13053","Chattahoochee County",8548,1994.78408567971,1994.78408567971,5793.0017846486,0.0235384522110206,5793.0017846486,0.0235384522110206,4875.16724534792,14117.7836422357,0.0561712115823206,324213.299622677,937551.067784706,28.1188453461733,81.6592243952734,0.000331802375084845,0,0,0,6841.83248568146,19910.7854268843,0.0797096637933412,6869.95133102763,7.59879227751307,7.59879227751307,8.66457848634592,0.0232656947452226,8.66457848634592,0.0232656947452226,8.49211478971514,9.55526136301901,0.054650304322296,12.6891599947221,13.7510275742548,8.83095703099211,9.89906706791887,0.0766921751739343,8.83505785176158
"Georgia","GA","13055","Chattooga County",25306,69647.6706549215,69647.6706549215,187091.944682264,0.727796194482443,187091.944682264,0.727796194482443,679804.909096409,1796124.89610749,7.02659112742091,3832716.05412492,10135874.7763563,3767.97948817032,10211.4987451777,0.0398978051184292,0,0,0,745684.60026316,1983216.84078976,7.75438732190335,749452.57975133,11.1512188929515,11.1512188929515,12.1393608027445,0.546846720418195,12.1393608027445,0.546846720418195,13.4295626086106,14.4011426234429,2.08275992069263,15.1590845232516,16.131591745221,13.5220593429836,14.5002312556236,2.16955498292395,13.5270996596519
"Georgia","GA","13057","Cherokee County",293513,655346.814211024,655323.433714129,1945026.74266115,7.52638504749137,1944951.24983988,7.52609746737957,4415405.61484811,12989983.3236104,50.4539719194811,27316181.0661297,79323539.8006925,62950.183652003,181233.739592897,0.701884393711937,0,0,0,5007802.24540713,14934934.5734503,57.9800693868607,5070729.04856224,13.3929213877419,13.3928857106351,14.480786798512,2.14316547888688,14.4807479845225,2.14313175006041,15.3006104862727,16.3796891818416,3.94068765890151,17.1229898342236,18.1890455000635,15.4265079029326,16.5192136958266,4.07719957983372,15.4389953590005
"Georgia","GA","13059","Clarke County",129995,862517.504071218,862517.504071218,2519319.47151508,10.1489614647761,2519319.47151508,10.1489614647761,4050514.03991344,11544348.925438,46.4280952106504,27171021.4712901,76614976.6405267,38406.8821501913,110611.565357971,0.446880024075925,0,0,0,4874624.66183447,14063668.3969531,56.5770566754265,4913031.54398466,13.6676118816531,13.6676118816531,14.7394997689637,2.41134635139558,14.7394997689637,2.41134635139558,15.2143546013463,16.2617066912978,3.85921477907147,17.117661613057,18.1543031461524,15.3995538721498,16.4591053915882,4.05312416674354,15.4074019351843
"Georgia","GA","13061","Clay County",2815,346.115289796155,346.115289796155,1005.14461984996,0.00408416041959463,1005.14461984996,0.00408416041959463,4695.26002527077,13670.7562899181,0.055372368063591,27891.084055915,81093.632752187,44.1821086702563,128.308139318808,0.000521348882309024,0,0,0,4997.19320639667,14675.9009097681,0.0594565284831856,5041.37531506693,5.84965697201613,5.84965697201613,6.91388109763372,0.0040758428755267,6.91388109763372,0.0040758428755267,8.45452173162548,9.52308739914782,0.0538936601643992,10.2360982019573,11.3033720572993,8.51683176738978,9.5940301701929,0.0577560676656582,8.52563254271391
"Georgia","GA","13063","Clayton County",297703,25261897.869149,25261874.4886521,63486249.9929393,257.115855291308,63486174.5001181,257.115567711196,21739202.6064263,56672093.5138453,227.38298860078,127892846.266064,333783960.464428,289232.063506705,764422.571856148,3.08766498072213,0,0,0,46711868.4120686,120158268.013963,484.498556311976,47001077.0950784,17.0448078450284,17.0448069195038,17.9663339206229,5.55340853564486,17.9663327315014,5.55340742149295,16.8946278063473,17.8527924872977,5.43102399427589,18.6667033405604,19.6260045196986,17.6595088533445,18.6043203402003,6.1851763141162,17.6656810976044
"Georgia","GA","13065","Clinch County",6871,35307.7114828523,35307.7114828523,102103.082185694,0.385162403528907,102103.082185694,0.385162403528907,59553.5062404219,172229.455991524,0.650453967297904,381503.399264516,1103294.99492547,5257.01588541667,15201.6426582692,0.0573014731510417,0,0,0,89604.2018378576,274332.538177218,1.03561637082681,94861.2177232743,10.471884996692,10.471884996692,11.5337479855836,0.325817391630656,11.5337479855836,0.325817391630656,10.9946472434641,12.0565887193994,0.501050381766404,12.851877661133,13.9138126166552,11.4031686535039,12.5220999376878,0.710798657961359,11.4601807780669
"Georgia","GA","13067","Cobb County",787538,5360695.06457163,5360695.06457163,14389622.9526834,53.5253107734807,14389622.9526834,53.5253107734807,33390375.389214,89367403.8959675,341.104903542727,208816378.605607,557088882.591063,368369.987910711,1022944.88525769,3.95015855506995,0,0,0,38382700.4658749,103757026.848651,394.630214316207,38751070.4537856,15.4946043874088,15.4946043874088,16.4820179459775,3.99866501172263,16.4820179459775,3.99866501172263,17.3237782843694,18.3082665751824,5.83511742553394,19.156965857283,20.1382353607282,17.4631174334007,18.4575624530812,5.98047997275776,17.4726689638016
"Georgia","GA","13069","Coffee County",43851,290339.764496703,290339.764496703,752632.377252232,2.5177609332009,752632.377252232,2.5177609332009,1004401.85479489,2579424.44357838,8.82910650511025,5416391.0897886,14006736.5952098,6609.2928015091,17673.196966339,0.0590002116474318,0,0,0,1288132.32649008,3332056.82083061,11.3468674383111,1294741.61929159,12.5788105621204,12.5788105621204,13.531333505417,1.25782468869103,13.531333505417,1.25782468869103,13.8199037485503,14.7630772358098,2.28534803532905,15.5049404856711,16.4550490286133,14.0687046946449,15.0191006353088,2.51340238217996,14.0738224837807
"Georgia","GA","13071","Colquitt County",46977,18192.5168697798,18192.5168697798,53671.5328963323,0.202907000632123,53671.5328963323,0.202907000632123,336957.794310851,864346.062702691,3.43713962275043,1816585.16252193,4739304.54984993,1689.91394060485,4827.74131970515,0.0184836001443218,0,0,0,353460.397240026,918017.595599023,3.64004662338255,355150.311180631,9.80882059365875,9.80882059365875,10.890656657952,0.184741127796551,10.890656657952,0.184741127796551,12.727715929784,13.6697296600721,1.49000993972913,14.4124695627813,15.3714011744674,12.7755295567718,13.7299729260413,1.53472441433047,12.7802992063257
"Georgia","GA","13073","Columbia County",167472,3150145.5720072,3150145.5720072,9495247.32035493,36.7427755444688,9495247.32035493,36.7427755444688,13624880.6440043,38702694.5522707,139.939842582968,73123840.5064485,207879918.790262,169782.953727626,490394.480125124,1.78363694158391,0,0,0,16605243.2622839,48197941.8726257,176.682618127437,16775026.2160115,14.9629595405152,14.9629595405152,16.0663020546359,3.63079408107479,16.0663020546359,3.63079408107479,16.4274082117973,17.4714198080878,4.94833315099012,18.1076650207439,19.1524711622581,16.6252291228494,17.6908268991189,5.17999891454873,16.6354018632357
"Georgia","GA","13075","Cook County",17984,12120.4244720429,12120.4244720429,35787.0019773136,0.135283914503794,35787.0019773136,0.135283914503794,49276.8183637231,147555.877266938,0.548245458198889,342383.7474434,1018396.3433138,1492.1284563094,4209.51515772915,0.0159343639482153,0,0,0,59905.1143794566,183342.879244251,0.683529372702682,61397.242835766,9.40272978341373,9.40272978341373,10.4853679759182,0.126882764589601,10.4853679759182,0.126882764589601,10.8052293270108,11.9019689890235,0.437122327325442,12.7436903762394,13.8337407175356,11.0005338553458,12.1191187900366,0.520892406869629,11.0251364954157
"Georgia","GA","13077","Coweta County",158233,365694.5074524,365682.817203953,1042478.58605246,4.10290519319862,1042440.83964182,4.10276140314272,4498268.58040788,12430666.96738,48.3547357593189,30812872.2820082,83459111.8713566,36816.5184581593,101233.996499544,0.403580070151102,0,0,0,4827146.56940212,13473107.8070218,52.4574971624616,4863951.39761183,12.8095563192723,12.8095243515968,13.8571126507391,1.62981002326896,13.8570764417864,1.62978184479487,15.3192033430998,16.3356772003681,3.89903372397686,17.2434431243229,18.2398674036841,15.3897662858352,16.4162063166366,3.97888689260138,15.3973619159051
"Georgia","GA","13079","Crawford County",12349,10572.0453284051,10572.0453284051,28686.3778947174,0.113971088424506,28686.3778947174,0.113971088424506,145304.2037333,388038.708032357,1.51909429175579,865132.558128277,2302136.27809671,1719.58613688357,4795.76567937145,0.0190452399436159,0,0,0,154156.662924822,416725.085927074,1.63306538018029,155876.249061705,9.26606314790815,9.26606314790815,10.2642125104006,0.107931188228009,10.2642125104006,0.107931188228009,11.8865916626356,12.8688629536586,0.923899428887367,13.6706391764556,14.649348500759,11.9457311429112,12.9401844166681,0.968148711265625,11.9568241115019
"Georgia","GA","13081","Crisp County",19468,11525.9178065136,11525.9178065136,35157.0880802275,0.135573123249689,35157.0880802275,0.135573123249689,118072.084508686,370062.272697775,1.42107256182785,578147.177231442,1800019.50423413,1336.34183465678,4228.75453573809,0.0162048070375786,0,0,0,128261.660480543,405219.360778002,1.55664568507754,129598.0023152,9.35244025805712,9.35244025805712,10.4676099726251,0.127137477891804,10.4676099726251,0.127137477891804,11.6790590719665,12.8214292772916,0.884210649348099,13.2675854767915,14.4033086140427,11.761835475358,12.912186298806,0.938696120058425,11.7722003646855
"Georgia","GA","13083","Dade County",16068,10297.2624211434,10297.2624211434,27588.1222950554,0.107173426203785,27588.1222950554,0.107173426203785,222652.289765326,598770.239489647,2.32238984302633,1297649.08045372,3489846.59892785,1794.93372991184,4831.62203151628,0.0187614850408607,0,0,0,231154.618456558,626358.361784703,2.42956326923012,232949.55218647,9.23973046301043,9.23973046301043,10.2251768542753,0.101810304693481,10.2251768542753,0.101810304693481,12.3133710861418,13.3026349001297,1.20068435621028,14.0760655562762,15.0653686252962,12.3508464356603,13.3476795457316,1.23243292631604,12.3585814876498
"Georgia","GA","13085","Dawson County",33748,582642.473623836,582642.473623836,1346203.7381719,4.94783767148246,1346203.7381719,4.94783767148246,543273.285718558,1431401.5346479,5.42129752527711,3495281.14342536,9191951.49510316,7892.40299095191,22842.6100044646,0.0874986450635218,0,0,0,1118023.35635144,2777605.2728198,10.3691351967596,1125915.75934239,13.2753307407439,13.2753307407439,14.1127998862167,1.78302773694817,14.1127998862167,1.78302773694817,13.2053696016175,14.1741653150325,1.85962020402204,15.0669246581243,16.0338389304277,13.9270737181052,14.8371000618053,2.43090224477822,13.9341081589654
"Georgia","GA","13087","Decatur County",29391,5695.17156153984,5695.17156153984,17958.2819070816,0.0659312137873752,17958.2819070816,0.0659312137873752,38444.279743008,121173.038807095,0.444822796204389,285694.628462954,900981.186946001,327.255519340149,1020.25192027681,0.00379898934639988,0,0,0,43812.1957852077,139131.320714176,0.510754009991764,44139.4513045479,8.64754957229058,8.64754957229058,9.79586235815494,0.063848796257707,9.79586235815494,0.063848796257707,10.5569912038869,11.7049831284114,0.367986681659924,12.5626822869571,13.7112407660798,10.6876903246256,11.8431807068821,0.41260887056133,10.6951319041479
"Georgia","GA","13089","DeKalb County",770307,9077716.19119423,9077716.19119423,24223550.2285936,93.5797711350632,24223550.2285936,93.5797711350632,61208374.6351921,166782985.043189,655.477664912228,367694225.587591,1002948014.31289,912250.310461289,2606530.22552454,10.3668731867957,0,0,0,69373840.515925,191006535.271782,749.057436047291,70286090.8263863,16.0213333083071,16.0213333083071,17.0028359091475,4.54944361741013,17.0028359091475,4.54944361741013,17.9297945949027,18.9322040405472,6.4868886717052,19.7227622447275,20.7262095153835,18.0550204310219,19.0678182067436,6.62014978499454,18.0680844969005
"Georgia","GA","13091","Dodge County",19630,959.716911748678,959.716911748678,2787.08950127959,0.0113246595586344,2787.08950127959,0.0113246595586344,8176.57183526152,23715.7276810249,0.0946980592447794,47744.4981533196,138528.247945059,54.4781320627674,158.208559276929,0.000642841958340655,0,0,0,9081.81061494743,26502.8171823045,0.106022718803414,9136.2887470102,6.86767978882969,6.86767978882969,7.93311187368925,0.0112610156479196,7.93311187368925,0.0112610156479196,9.00915054387552,10.0739358874829,0.0904785802618896,10.7736400619527,11.8388367588135,9.11413896278913,10.1850440462162,0.100770444302746,9.12011898444853
"Georgia","GA","13093","Dooly County",11186,707.888071117097,707.888071117097,2055.75976304998,0.00835307923918174,2055.75976304998,0.00835307923918174,9749.90370093743,28274.1409201673,0.114800641246161,70486.1638242266,201661.594884499,56.9870649164844,165.494687436606,0.000672447366014516,0,0,0,10400.804707138,30329.9006832173,0.123153720485342,10457.7917720545,6.56369764540538,6.56369764540538,7.62888709287136,0.00831838533950005,7.62888709287136,0.00831838533950005,9.18511524697233,10.2497382848859,0.108675591837332,11.1631858988078,12.2143512574857,9.24973459960746,10.3199222963583,0.116140550168935,9.25519822158338
"Georgia","GA","13095","Dougherty County",82418,36393.234998495,36393.234998495,100061.970922236,0.385172582536858,100061.970922236,0.385172582536858,646652.068046194,1708979.72138564,6.64120479143266,3738051.79016936,9979866.82280952,6861.98146514348,18792.7780447517,0.0723674905691712,0,0,0,676183.321579546,1809041.69230788,7.02637737396952,683045.303044689,10.5021656619193,10.5021656619193,11.5135549760089,0.32582474020619,11.5135549760089,0.32582474020619,13.3795652133557,14.3514076813938,2.03355528595954,15.1340753894686,16.1160804039925,13.4242209829172,14.408308364048,2.08273328967402,13.4343179298783
"Georgia","GA","13097","Douglas County",151887,632898.944876862,632898.944876862,1760438.69905598,7.00540640034979,1760438.69905598,7.00540640034979,4980385.22776644,13439610.1524813,52.6593663952312,40010704.1883832,105670210.880904,70180.0788717766,197849.913023779,0.784775749690643,0,0,0,5543104.09377153,15200048.8515373,59.664772795581,5613284.17264331,13.3580676236673,13.3580676236673,14.3810741648213,2.08011711347354,14.3810741648213,2.08011711347354,15.4210180017699,16.4137169605337,3.98265603716092,17.5046576059813,18.475833593534,15.5280653879501,16.5368092655175,4.10536318026615,15.5406466983782
"Georgia","GA","13099","Early County",10444,4004.73750298614,4004.73750298614,12786.9499128865,0.046219068385924,12786.9499128865,0.046219068385924,22218.2459854514,70347.9719068148,0.256955228447177,144380.620085435,457869.942953553,189.84524738023,607.603925813787,0.00218973525503956,0,0,0,26033.1382410573,83134.9218197014,0.303174296833101,26222.9834884375,8.29548298811432,8.29548298811432,9.45625859344439,0.0451827781177772,9.45625859344439,0.0451827781177772,10.0087141285698,11.1612234484601,0.228692311191106,11.8802152126126,13.0343426394436,10.1671639650322,11.3282321596394,0.264803054993562,10.1744296713479
"Georgia","GA","13101","Echols County",3698,352.191038336633,352.191038336633,1022.78904682867,0.00415585425237227,1022.78904682867,0.00415585425237227,5185.42019158908,14320.0721580908,0.052225074180328,27119.1308238433,74850.9549575603,6.40247812311406,18.5932740588991,0.0000755492418527459,0,0,0,5531.20875180259,15342.8612049195,0.0563809284327003,5537.61122992571,5.86700909563507,5.86700909563507,6.93126577542032,0.00414724254118845,6.93126577542032,0.00414724254118845,8.55379898703327,9.56948730908697,0.0509070402723449,10.2080315659307,11.2232675078442,8.61834242739492,9.6384707515218,0.054848847919963,8.61949906779689
"Georgia","GA","13103","Effingham County",73148,151342.0004811,151342.0004811,434860.825416907,1.65320542099301,434860.825416907,1.65320542099301,1047531.57786614,2951223.99673946,11.1263335830848,6764082.68238588,19007738.4683697,15749.4706269652,45495.3677185102,0.172368153167866,0,0,0,1183124.10772028,3386084.82215637,12.7795390040778,1198873.57834724,11.9273040661462,11.9273040661462,12.9827836168919,0.975768501857667,12.9827836168919,0.975768501857667,13.861948030883,14.8977308952543,2.4953794170093,15.7271373606547,16.7603567946306,13.983669891993,15.0351851875313,2.62318481104027,13.9968938233232
"Georgia","GA","13105","Elbert County",20152,1268643.44070841,1268643.44070841,4057380.60779901,15.4471547228104,4057380.60779901,15.4471547228104,807669.821083897,2470436.9764699,9.42573491686171,6094917.83076676,18823818.2584799,31363.178695081,95373.4059898556,0.361908742804592,0,0,0,2044950.08309722,6527817.58426891,24.8728896396721,2076313.2617923,14.0534595188693,14.0534595188693,15.2160483993374,2.80015249707248,15.2160483993374,2.80015249707248,13.6019098548448,14.719906011294,2.34427726082239,15.6229660034613,16.75063360769,14.5308844269271,15.6915833848399,3.25319568843992,14.546104890324
"Georgia","GA","13107","Emanuel County",23224,15383.2724082132,15383.2724082132,41276.0610458249,0.157429771692325,41276.0610458249,0.157429771692325,162875.282701487,411727.642355851,1.48593008562666,851524.462613485,2149782.26255531,544.224114322351,1302.42034202646,0.00445047059818407,0,0,0,177714.330995378,453003.703401676,1.64335985731899,178258.555109701,9.64110099435399,9.64110099435399,10.6280622020256,0.146201832733569,10.6280622020256,0.146201832733569,12.0007461897698,12.9281197762777,0.910646869453577,13.6547846818832,14.5808775869086,12.0879382850154,13.0236577871964,0.972050781223002,12.0909959419433
"Georgia","GA","13109","Evans County",10869,36689.5206708374,36689.5206708374,106049.431444243,0.400948714495201,106049.431444243,0.400948714495201,72208.7633431976,207877.38396723,0.783870628116164,471129.956204174,1354075.41372568,5272.08154791047,15246.1512108044,0.0574785697565943,0,0,0,103626.202466125,313926.815411473,1.18481934261137,108898.284014035,10.5102737083317,10.5102737083317,11.5716700282942,0.33714966032881,11.5716700282942,0.33714966032881,11.1873305420987,12.2447084952189,0.578785513656164,13.062891373003,14.1186301664053,11.5485551464083,12.6569183512377,0.78153314440225,11.598178734189
"Georgia","GA","13111","Fannin County",25854,11286.4794114996,11286.4794114996,31310.4366630393,0.122469407430925,31310.4366630393,0.122469407430925,107056.798086424,301045.138575408,1.08491637426237,969172.051336001,2695582.41985013,724.371610393388,2052.50827406124,0.00812604461526805,0,0,0,117618.90588753,332355.575238447,1.20738578169329,118343.277497923,9.33144937371469,9.33144937371469,10.3517386983856,0.115531086303789,10.3517386983856,0.115531086303789,11.5811241366373,12.6150188162879,0.734728746178958,13.7841984624781,14.8071252212155,11.6752135678736,12.7139636933524,0.791808911135075,11.6813532614108
"Georgia","GA","13113","Fayette County",125107,369606.478456216,360204.645561479,1044882.97246337,4.10864508699643,1022971.06564756,4.04001170686485,2582985.88729928,7049458.92412418,27.4371322986116,15910320.2128633,43496309.009909,45310.3762461782,129031.480198012,0.508103046085627,0,0,0,2907281.98950932,8072429.98977174,31.4771440054765,2943190.53286076,12.8201968524633,12.7944303850089,13.8594164060811,1.63093421974155,13.8382227382536,1.61740840487122,14.7644569955259,15.7684615653468,3.34769576646886,16.5824785894793,17.5881866651025,14.8827295224155,15.903965232773,3.48053658056146,14.8950051059205
"Georgia","GA","13115","Floyd County",101390,216077.877590767,216077.877590767,590870.06017214,2.29840075055823,590870.06017214,2.29840075055823,1253943.83838332,3395481.81492611,13.2340620655096,7627972.18096304,20698747.4673667,11623.1156002383,31821.4587025113,0.124772925777975,0,0,0,1458398.60037385,3986351.87509825,15.5324628160678,1470021.71597409,12.2833987940378,12.2833987940378,13.2893531002876,1.19343772996274,13.2893531002876,1.19343772996274,14.0418050106774,15.0379565223911,2.65563782923779,15.8473327298288,16.8455837958941,14.1928502283297,15.1983873044612,2.80532589142263,14.2007884116791
"Georgia","GA","13117","Forsyth County",280096,912012.407214468,911989.026717573,2616833.46262855,10.1365059436574,2616757.96980727,10.1362183635456,5421537.66797781,15462293.6701092,60.4161742947352,44967736.9820637,122521118.057194,94888.9436081739,269623.195025632,1.04488282271472,0,0,0,6238661.13158411,18079051.6399165,70.5523926582808,6333526.69469539,13.7234099698415,13.72338433338,14.7774759248798,2.4102285357189,14.7774470755539,2.41020271219522,15.5058902202083,16.5539150163778,4.11767322545851,17.6214558568828,18.6237939735567,15.6462763153685,16.7102645133208,4.27042994581065,15.6613679366278
"Georgia","GA","13119","Franklin County",25208,156731.353637631,156731.353637631,463386.219368062,1.76045286042288,463386.219368062,1.76045286042288,870381.552757945,2492136.3482009,9.47622225851775,5430743.89890858,15567022.5077461,4750.78875980351,13678.2004291735,0.052529349426085,0,0,0,1022362.11763577,2955522.56756896,11.2366751189406,1027112.90639558,11.9622948756835,11.9622948756835,13.0463183104707,1.01539474613279,13.0463183104707,1.01539474613279,13.6766881097978,14.7286512730211,2.34910814239194,15.507586864621,16.5606653571181,13.8376272876548,14.8991863733542,2.50443759957376,13.842263394538
"Georgia","GA","13121","Fulton County",1090354,10852010.0681725,10351482.6772252,30902983.6081145,114.918804057194,29531759.7200732,110.125582918278,67622527.7112554,192272747.051732,738.881054146508,419344783.011256,1189564336.86295,1105909.56952141,3207804.30491735,12.4371357245951,0,0,0,77368628.2099065,221804506.771806,849.006637064786,77974010.3884806,16.1998609726805,16.1526404178585,17.2463633264629,4.75288998099228,17.2009768767334,4.71066093942911,18.0294517504522,19.0744254847168,6.60648943563868,19.8542040130468,20.8968529744017,18.1640919490352,19.217306956262,6.74524415776539,18.1718861418075
"Georgia","GA","13123","Gilmer County",33327,31388.7082621522,31388.7082621522,86884.7227614424,0.342262202222146,86884.7227614424,0.342262202222146,206963.411080381,563890.814687892,2.19861159113087,1321446.8713236,3577698.4489819,2958.11195325468,8279.46203264565,0.03288225146479,0,0,0,235394.007389279,650775.537449334,2.54087379335302,238352.119342534,10.3542353558187,10.3542353558187,11.3723490027204,0.294356401150627,11.3723490027204,0.294356401150627,12.2403021303184,13.2426176941515,1.16271683788188,14.0942385656526,15.0902305397971,12.3690202645319,13.3859216018169,1.26437353096763,12.3815085477826
"Georgia","GA","13125","Glascock County",3008,6022.03372745233,6022.03372745233,17488.4351548545,0.0710599979839375,17488.4351548545,0.0710599979839375,53219.2359183688,147362.035352983,0.563217108836751,216336.995826598,604833.23313506,41.6731758165393,121.022011159131,0.000491743474635163,0,0,0,59199.5964700045,164850.470507837,0.634277106820689,59241.2696458211,8.70334635280429,8.70334635280429,9.76935227217122,0.0686488104230729,9.76935227217122,0.0686488104230729,10.8821939774112,11.9006544494921,0.44674594699876,12.284597259143,13.3127097046515,10.9886868963282,12.0128001687381,0.491200570076946,10.9893905803727
"Georgia","GA","13127","Glynn County",86540,487245.20578338,487245.20578338,1385811.01051188,4.94331894333573,1385811.01051188,4.94331894333573,2249934.38806789,6425099.05909615,23.3881413227054,14113211.0314639,40280782.1218811,40213.3940907276,115670.738900614,0.429186045196761,0,0,0,2696966.19976054,7810910.06960803,28.3314602660411,2737179.59385127,13.0965248303377,13.0965248303377,14.1417968149815,1.78226772200419,14.1417968149815,1.78226772200419,14.626412057354,15.6757227620245,3.19409700279282,16.462621940124,17.511385067579,14.807638440298,15.8710321692515,3.37866066920453,14.8224389682543
"Georgia","GA","13129","Gordon County",60765,132642.942827646,132642.942827646,357535.90853784,1.3834916963477,357535.90853784,1.3834916963477,751882.83031323,2030895.23409558,7.82189519041681,4286095.61040336,11580601.122686,13034.5793249392,35114.0192194747,0.135854335381082,0,0,0,871491.193815937,2388431.14263342,9.20538688676451,884525.773140876,11.7954236957087,11.7954236957087,12.7869938764525,0.86856651185038,12.7869938764525,0.86856651185038,13.5303371100321,14.5239877482163,2.17723672113346,15.2708869956863,16.2648420255351,13.6779621867202,14.6861477013744,2.32291570703407,13.6928080613617
"Georgia","GA","13131","Grady County",26271,15438.9636579248,15438.9636579248,47311.7268304781,0.172691746760542,47311.7268304781,0.172691746760542,167046.049049062,480666.112162485,1.8058360277831,1056307.19501931,3064804.75540082,1418.97102115514,4106.67651234029,0.0154196855570004,0,0,0,181066.041685831,527977.838992963,1.97852777454365,182485.012706987,9.64471446981465,9.64471446981465,10.7645346044717,0.159301744650397,10.7645346044717,0.159301744650397,12.0260307825529,13.0829302349875,1.03170154368738,13.8702905520121,14.935494750271,12.1066226377226,13.1768114842204,1.09142914305358,12.114428806366
"Georgia","GA","13133","Greene County",21091,41342.7676353991,41342.7676353991,118844.219609261,0.453185939141654,118844.219609261,0.453185939141654,142993.311248593,414203.29981161,1.49141310953178,892101.92986996,2545389.2788237,5579.49763306274,16057.9276436363,0.0607807786918219,0,0,0,178756.581250929,533047.519420871,1.94459904867344,184336.078883992,10.6296769668527,10.6296769668527,11.6855772499286,0.37375834552788,11.6855772499286,0.37375834552788,11.8705601269724,12.9341146088931,0.912850063369707,13.7013367971359,14.7497945474174,12.0937858722495,13.1863677298133,1.07997266137415,12.1245213110729
"Georgia","GA","13135","Gwinnett County",1003869,3991236.5211817,3991127.65275009,10917260.425889,41.3894001515706,10916934.7049595,41.388278806725,33106627.1210998,90987508.785758,354.033048895561,232789193.044888,629388250.004657,370870.210212223,1040094.99696452,4.12142385073045,0,0,0,36726993.4320693,101904443.490718,395.421327702286,37097754.7738499,15.1996118964624,15.1995846192292,16.2058557116542,3.74689833455837,16.2058258758029,3.74687188078282,17.3152440656513,18.3262327999592,5.87221088062275,19.2656438554113,20.2602588754433,17.4190225857537,18.4395461134412,5.98247760449558,17.4290670344771
"Georgia","GA","13137","Habersham County",49665,39205.2270164862,39205.2270164862,110893.625098448,0.431208355625629,110893.625098448,0.431208355625629,411800.632024263,1139710.41253496,4.35989854322701,2558205.6412146,7079584.88312049,2758.93449598207,7750.59653364386,0.0299876142607685,0,0,0,448246.924544767,1250604.0376334,4.79110689885264,451005.859040749,10.5765908656242,10.5765908656242,11.6163357059642,0.358519091390991,11.6163357059642,0.358519091390991,12.9282970367158,13.9462856414244,1.67894504640114,14.7548170401939,15.7727259728746,13.0131017613279,14.0391380222804,1.75632344755396,13.0192378268852
"Georgia","GA","13139","Hall County",221745,292648.059283484,292648.059283484,840661.413071732,3.26560235041597,840661.413071732,3.26560235041597,2635646.74666813,7195461.55089441,28.1014339444616,16825571.6596813,45719452.6925062,37488.9821094405,105687.132339377,0.411048745506213,0,0,0,2890805.82384217,8036122.96396614,31.3670362948776,2928294.80595161,12.5867294202378,12.5867294202378,13.6419454470383,1.4505834020186,13.6419454470383,1.4505834020186,14.7846395339103,15.7889611840613,3.37078744940538,16.6384104691525,17.6380344478367,14.8770461989258,15.8994574308764,3.47714050659108,14.8899311755833
"Georgia","GA","13141","Hancock County",8683,65452.945656101,65452.945656101,180176.443201555,0.677419996747911,180176.443201555,0.677419996747911,918459.092772443,2253896.41277615,8.38923273010056,5090582.17939733,12547430.133027,9523.11453027248,25494.9808494936,0.0953769123882187,0,0,0,974388.923898271,2434072.8559777,9.06665272684847,983912.038428544,11.0891020545645,11.0891020545645,12.1016974398592,0.517256896772847,12.1016974398592,0.517256896772847,13.7304537344326,14.6281714591371,2.23956357849722,15.4429029555191,16.3450265119946,13.7895668350574,14.7050768955276,2.3092282509616,13.7992927965483
"Georgia","GA","13143","Haralson County",32404,97824.0102657492,97824.0102657492,265960.620603712,1.03585384089727,265960.620603712,1.03585384089727,282885.144274394,773551.168318685,2.90399163700776,1752441.24643711,4796519.34142264,6155.74388076307,16655.1274137946,0.0648066347873062,0,0,0,374553.41065938,1039511.7889224,3.93984547790503,380709.154540143,11.4909355520185,11.4909355520185,12.4911072939093,0.710915308732886,12.4911072939093,0.710915308732886,12.5527997786225,13.5587483912183,1.36199952638865,14.3765209423904,15.3834012841198,12.8334923601961,13.8542626891602,1.5973340509343,12.8497936153538
"Georgia","GA","13145","Harris County",36929,19204.0519453933,19204.0519453933,52170.1862022416,0.201538419427772,52170.1862022416,0.201538419427772,225962.397551462,596130.806361623,2.13648330376999,1233423.36600059,3269055.21908347,2046.69986262528,5665.72199146004,0.0221796844281587,0,0,0,243119.74963423,648300.992563865,2.33802172319776,245166.449496855,9.86292864556121,9.86292864556121,10.8622856330062,0.183602751902694,10.8622856330062,0.183602751902694,12.328128307401,13.2982170732105,1.14310220533628,14.0253048964932,15.000011883198,12.4013135109778,13.3821119046797,1.20537833306681,12.4096967234035
"Georgia","GA","13147","Hart County",28052,359123.927030922,359123.927030922,964100.143573389,3.42954864332161,964100.143573389,3.42954864332161,2892082.30794684,7736635.95171239,27.4706971813057,16288962.9368269,43707683.3579243,30351.9717502314,79773.1432868362,0.278655812324607,0,0,0,3220854.26322753,8700736.09528578,30.9002458246274,3251206.23497777,12.7914255930958,12.7914255930958,13.7789514888082,1.48829769248289,13.7789514888082,1.48829769248289,14.8774876681899,15.8614776487797,3.3488753892692,16.6059983773786,17.5930344880379,14.9851574919506,15.978918303632,3.46261371586228,14.9945369422491
"Georgia","GA","13149","Heard County",12119,1157.3926182115,1157.3926182115,3361.15449835951,0.0136572328948957,3361.15449835951,0.0136572328948957,68412.076440361,174037.892601012,0.705809505841513,303323.966131489,781151.880310347,96.1513078793066,279.23057043606,0.00113458543297582,0,0,0,69473.3177506932,177399.047099371,0.719466738736409,69569.4690585725,7.05478864921085,7.05478864921085,8.12033726721356,0.0135648134019919,8.12033726721356,0.0135648134019919,11.1333192613675,12.0670340739151,0.534039781546222,12.6225600052626,13.5685261591025,11.1487124344933,12.0861626143557,0.542014207136016,11.1500954611484
"Georgia","GA","13151","Henry County",259315,3234861.83725855,3234850.1470101,8594879.06658652,33.9471609349073,8594841.32017588,33.9470171448514,22411176.4369875,59461289.5152458,234.627940843272,128837472.526346,340823772.267596,120899.746749062,332302.042152555,1.33259910120357,0,0,0,25525138.527497,68056130.8354217,268.574957988123,25646026.5839976,14.9894970854073,14.9894934715695,15.9666772428433,3.55383723318881,15.9666728511015,3.55383311868143,16.9250703850925,17.9008360792214,5.46225403915684,18.6740622728462,19.6468761077271,17.0551743883075,18.0358433907969,5.59684648892327,17.0598992475679
"Georgia","GA","13153","Houston County",174897,236608.963742116,231626.530610803,674296.426024713,2.58476828896905,663115.33786641,2.54391233729228,1766378.13184342,4685734.11427569,17.4513492558172,10543417.8160291,28194795.5961495,32045.6381865507,91634.1411500546,0.350534880133719,0,0,0,1970941.45739898,5348849.4521421,19.9952615931095,1998004.66245422,12.3741683418211,12.3528858889929,13.42142657746,1.27669383848131,13.4047057256696,1.2652312969099,14.3844423210478,15.360033369409,2.91513749820924,16.1710124143294,17.1546480010158,14.4940223910862,15.4923922270261,3.04429677383989,14.5076600722478
"Georgia","GA","13155","Irwin County",9155,316.042652635285,316.042652635285,917.811438282773,0.00372930330109636,917.811438282773,0.00372930330109636,332609.033718769,787167.023757564,2.71726497383188,1451465.11293293,3440720.20906506,17.8228219536622,51.758804437152,0.000210309299053214,0,0,0,332907.25354945,788084.835195846,2.72099427713297,332925.076371404,5.75903631572607,5.75903631572607,6.82308091989154,0.00372236669000936,6.82308091989154,0.00372236669000936,12.7147260128108,13.5761970036685,1.31298817578854,14.1880847159345,15.0511916611733,12.7156222161349,13.5773622908213,1.31399091137163,12.7156757514398
"Georgia","GA","13157","Jackson County",93825,333551.130727746,333551.130727746,989057.407515761,3.89853017758739,989057.407515761,3.89853017758739,1884717.99466846,5363998.69056993,21.0547108861226,11778496.8578863,33509172.6063879,14375.8307423435,40916.0691407538,0.16281853317824,0,0,0,2203893.29465386,6353056.09808569,24.95324106371,2218269.1253962,12.7175544461483,12.7175544461483,13.8045086660054,1.58893519636078,13.8045086660054,1.58893519636078,14.4492892933051,15.4952204656973,3.09352622470302,16.2817862117484,17.3273297983049,14.6057364874214,15.6644466877867,3.25629649829506,14.6122382273021
"Georgia","GA","13159","Jasper County",17219,4525.98808571193,4525.98808571193,13143.8070145289,0.0534066594114008,13143.8070145289,0.0534066594114008,50908.8641398606,141565.016183938,0.540491941602391,333458.172563427,923101.365783026,461.161423655397,1339.24717438103,0.00544170479913368,0,0,0,54973.6908019171,154708.823198467,0.593898601013791,55434.8522255725,8.4178121156039,8.4178121156039,9.48378205577275,0.052029349873067,9.48378205577275,0.052029349873067,10.8378119782592,11.8605214327365,0.432101808013569,12.7172757157446,13.7354954128425,10.9146281910673,11.9493065329193,0.466182965429825,10.9229818155089
"Georgia","GA","13161","Jeff Davis County",15119,2225.43681134763,2225.43681134763,6497.15862100168,0.026229392323611,6497.15862100168,0.026229392323611,15268.4466846585,43113.7691152883,0.171933864334762,86763.8049680141,246576.96255822,8.66318437068876,25.9152784763,0.000101547363699855,0,0,0,17485.2203116355,49610.92773629,0.198163256658373,17493.8834960061,7.70815774409747,7.70815774409747,8.77927412667314,0.0258913010212379,8.77927412667314,0.0258913010212379,9.63360916210485,10.6716208882819,0.158655259814106,11.3709563457034,12.4154335005862,9.76916843897723,10.8119865623569,0.180789764747963,9.76966374550589
"Georgia","GA","13163","Jefferson County",15019,51192.0131179035,51192.0131179035,144516.46884442,0.575329149885292,144516.46884442,0.575329149885292,383508.228110667,1065848.1998676,4.19669021762623,2143155.35908463,5980665.86365071,6909.58172372463,17415.0467145145,0.0700192620913253,0,0,0,427790.659504846,1210364.66871202,4.77201936751152,434700.24122857,10.8433583391748,10.8433583391748,11.8811556708847,0.454464234497624,11.8811556708847,0.454464234497624,12.85711896237,13.8792824101622,1.64802192632708,14.5777902345027,15.6040426353701,12.9663915791918,14.0064330774652,1.75302199633072,12.982414272341
"Georgia","GA","13165","Jenkins County",8836,4159.3045945028,4159.3045945028,12078.9308035018,0.049079794215133,12078.9308035018,0.049079794215133,32446.0000677468,94069.474711456,0.371519772299413,172310.083624779,496887.957764566,12.8049562462281,37.1865481177983,0.000151098483705492,0,0,0,36592.4997060034,106148.405514958,0.420599566514546,36605.3046622496,8.33334357040727,8.33334357040727,9.39930074328546,0.0479133934565207,9.39930074328546,0.0479133934565207,10.3873632700234,11.4517995113172,0.315919447842396,12.057056747927,13.1161218550947,10.507625899955,11.5726028666914,0.351079012439013,10.5079757630861
"Georgia","GA","13167","Johnson County",9178,6752.40724545608,6752.40724545608,18601.5316826773,0.0732476266900163,18601.5316826773,0.0732476266900163,126578.905681457,344624.996214935,1.34581022345339,738131.981261485,2010141.22518164,1128.71749969789,3094.92113666912,0.0121460099959464,0,0,0,132202.595427215,363226.527897612,1.41905785014341,133331.312926913,8.81780243361407,8.81780243361407,9.8310529624108,0.070689216790031,9.8310529624108,0.070689216790031,11.7486290531991,12.7502150390435,0.852630853290583,13.5118792787613,14.5137160363288,11.7920984029075,12.8027847155068,0.883378146242061,11.8005998843446
"Georgia","GA","13169","Jones County",29047,15696.8367152657,15696.8367152657,43145.9047227914,0.169711968544087,43145.9047227914,0.169711968544087,211070.661824103,562355.287981912,2.22355330299098,1153339.33159359,3091245.3960869,1320.24010698103,3620.95296432466,0.0142599368196445,0,0,0,225447.258432388,605501.192704703,2.39326527153507,226767.498539369,9.66127819300606,9.66127819300606,10.672365960979,0.156757537770664,10.672365960979,0.156757537770664,12.2599529842953,13.2398908923859,1.17048426138209,13.9581729262031,14.9440849319738,12.3258459589686,13.3138134632812,1.22179266474871,12.3316849458598
"Georgia","GA","13171","Lamar County",20690,4678.6390620406,4678.6390620406,12665.057933914,0.0512671453936135,12665.057933914,0.0512671453936135,28437.5869763193,77853.0564158678,0.315721023142698,215290.30058807,567919.776653236,498.721100080602,1368.09721131567,0.00555892989950766,0,0,0,32617.5049382793,90518.1143497819,0.366988168536311,33116.2260383599,8.45097626244192,8.45097626244192,9.44668109103671,0.0499962417022131,9.44668109103671,0.0499962417022131,10.2555021983059,11.2625912814393,0.274384821936998,12.2797472765355,13.2497372102522,10.3926350424539,11.4133163156716,0.312609902646794,10.4078088501111
"Georgia","GA","13173","Lanier County",10464,6945.82494942705,6945.82494942705,19422.898617408,0.0754216033597509,19422.898617408,0.0754216033597509,21261.1792566334,58794.9783036842,0.224304852892045,170142.074988569,470698.728443774,1240.81920964894,3410.57362332336,0.0130308624075614,0,0,0,26966.1849964115,78217.8769210922,0.299726456251796,28207.0042060605,8.84603999236577,8.84603999236577,9.87425947439585,0.0727127738654162,9.87425947439585,0.0727127738654162,9.96468515165834,10.9818287353517,0.202373215899437,12.0443949796507,13.0619756504691,10.2023760353215,11.2672662902557,0.262153824058612,10.2473610537464
"Georgia","GA","13175","Laurens County",50287,118464.924410926,118464.924410926,320452.701224812,1.25283802258557,320452.701224812,1.25283802258557,915370.807751751,2429881.65815387,9.57732837126494,5513649.44177842,14693045.0414834,16380.9882094275,44280.9799693673,0.173021685299223,0,0,0,1017454.74395325,2750334.35937869,10.8301663938505,1033835.73216268,11.682380640491,11.682380640491,12.6774930869509,0.812190764762437,12.6774930869509,0.812190764762437,13.7270856089906,14.7033535253252,2.35871287764872,15.5227374738843,16.5028848814191,13.8328157004667,14.8272334110726,2.47065274330562,13.8487874223207
"Georgia","GA","13177","Lee County",34073,29554.6922485971,29500.2580327929,73950.3574832851,0.299809203465246,73787.4970185777,0.299248531042462,28583.9951064245,85077.7443431664,0.332395433603178,191399.679584742,562941.904294991,291.378701572153,860.198541696657,0.00341899615765592,0,0,0,57847.3086534494,158865.241361744,0.631643964645641,58084.2531392173,10.2940316353695,10.2921881865981,11.2111628247424,0.26221748713103,11.2089581314831,0.261786044286158,10.2606372125042,11.3513325106623,0.286978400134861,12.1621243085942,13.2409334886488,10.9655794954347,11.9758178778564,0.489588073823685,10.9696670920205
"Georgia","GA","13179","Liberty County",68607,227620.308409462,227620.308409462,635249.917545123,2.10397510725963,635249.917545123,2.10397510725963,1118351.63990831,3132890.89013676,11.0360560815436,7536928.6621598,21046500.7940851,8096.65815409598,22894.3660829556,0.0791215967168641,0,0,0,1337875.29016368,3768140.80768188,13.1400311888032,1345971.94831777,12.3354385990377,12.3354385990377,13.3617753455657,1.1326835827204,13.3617753455657,1.1326835827204,13.9273673032742,14.9574670625202,2.48790681824046,15.8353254504429,16.8622449187282,14.1065940566242,15.1420925487053,2.6490098661805,14.1126276911526
"Georgia","GA","13181","Lincoln County",8049,30343.8541030899,30343.8541030899,87945.2717638783,0.345303979194702,87945.2717638783,0.345303979194702,233324.412683756,675597.505696109,2.60924039086118,1459596.31744063,4222400.5721221,1070.23194653585,3095.64001256265,0.0117283410362872,0,0,0,262598.03484031,763542.777459987,2.95454437005588,263668.266786846,10.3203822303194,10.3203822303194,11.3844813588622,0.296619994354314,11.3844813588622,0.296619994354314,12.3601893791402,13.4233542520959,1.28349733215981,14.1936711456698,15.2559146170602,12.4783835654454,13.5457257398621,1.37486539105749,12.4824508194244
"Georgia","GA","13183","Long County",20439,2129.39027502615,2129.39027502615,5523.64214244693,0.0222737451550175,5523.64214244693,0.0222737451550175,31637.0749938352,77604.7117736271,0.304676303779274,438010.611575369,1022959.46510811,184.267298613677,535.8827253314,0.00217367591176711,0,0,0,33582.1979702477,83128.353916074,0.326950048934292,33766.4652688613,7.66406046963113,7.66406046963113,8.61697375369041,0.0220293083176321,8.61697375369041,0.0220293083176321,10.3621165791279,11.2593963087928,0.265954966925868,12.9900006994532,13.8382113981539,10.4217811604701,11.3281531545242,0.282883112542336,10.4272530518969
"Georgia","GA","13185","Lowndes County",122082,1012915.03968854,1012915.03968854,2810941.43986198,8.92971686269048,2810941.43986198,8.92971686269048,2199363.58062296,6094752.11692064,20.2480016886185,12223368.2589862,33856660.5628379,38756.063336376,107102.279477156,0.356450516014544,0,0,0,3173522.55697512,8905693.55678262,29.177718551309,3212278.6203115,13.8283438969612,13.8283438969612,14.8490303729312,2.29553196432635,14.8490303729312,2.29553196432635,14.6036790496204,15.6229388142397,3.0562628527659,16.3188601904795,17.3376463344994,14.9703530607278,16.0022014679342,3.40710385576091,14.9824914051512
"Georgia","GA","13187","Lumpkin County",36016,10081.0124761308,10081.0124761308,28241.6367072855,0.112268317485532,28241.6367072855,0.112268317485532,144128.730150305,393828.380649153,1.53793670570038,1416090.90255058,3723736.75628861,1621.87806060731,4527.09619259407,0.0179653046146774,0,0,0,152587.864565828,422070.017356438,1.65020502318591,154209.742626436,9.21850817210767,9.21850817210767,10.2485880550704,0.106401459424804,10.2485880550704,0.106401459424804,11.8784690768094,12.8836730504517,0.931351430328891,14.1634114540609,15.1302384949985,11.9355024237796,12.9529288664339,0.974637004245408,11.9460754045228
"Georgia","GA","13189","McDuffie County",21764,160639.836917252,160639.836917252,463004.440787068,1.81569342326808,463004.440787068,1.81569342326808,629704.651248457,1794290.54356029,7.0928158397123,3615097.64102842,10255348.0500601,12000.4030556161,34472.8972376475,0.13055923948055,0,0,0,778344.085110093,2257294.98434736,8.90850926298038,790344.488165709,11.9869263253652,11.9869263253652,13.0454940841593,1.03520856279098,13.0454940841593,1.03520856279098,13.3530077689458,14.4001208187433,2.09097673475142,15.1006296997943,16.1433099859703,13.5649252589456,14.6296781878073,2.29339390947663,13.5802254556358
"Georgia","GA","13191","McIntosh County",11800,35767.031341915,35767.031341915,103616.76819592,0.390421248792334,103616.76819592,0.390421248792334,68755.9526391436,200498.532061771,0.755832238629615,439395.68051793,1280152.45741332,5362.66199336716,15521.28840618,0.058536588318965,0,0,0,99160.3219876914,304115.300257691,1.14625348742195,104522.983981059,10.4848097941692,10.4848097941692,11.5484641017844,0.329606757915332,11.5484641017844,0.329606757915332,11.1383331397122,12.2085671918695,0.562942954561144,12.993157884325,14.0624905173139,11.5045033179248,12.6251654738655,0.763723758119061,11.5571718358337
"Georgia","GA","13193","Macon County",11831,14130.0643822778,14130.0643822778,42853.6371764522,0.164231087943471,42853.6371764522,0.164231087943471,122873.493302127,384882.786801359,1.47117026786634,668889.295176974,2052697.16391065,2421.79259951369,7217.5339713419,0.0275490399507112,0,0,0,134581.765084891,427736.423977811,1.63540135580981,137003.557684404,9.5561308006744,9.5561308006744,10.665569136991,0.152060858765998,10.665569136991,0.152060858765998,11.7189187337553,12.8606967152393,0.904691831094021,13.4133753423706,14.5346656632296,11.8099346425625,12.9662647909197,0.969035487589614,11.8277694720263
"Georgia","GA","13195","Madison County",32771,104195.791881678,104195.791881678,296547.90911945,1.18349438919966,296547.90911945,1.18349438919966,618114.545236506,1708979.88455857,6.75834818301592,4115650.8152428,11290511.2377789,5478.30666203629,15556.335410626,0.0622867967051583,0,0,0,716832.030456147,2005527.79367802,7.94184257221557,722310.337118184,11.5540366197437,11.5540366197437,12.599967438688,0.780926524304115,12.599967438688,0.780926524304115,13.3344306853659,14.3514077768734,2.04876944852317,15.2303077793654,16.2394733060248,13.4825982200167,14.5114183214455,2.19074167222353,13.4902115397737
"Georgia","GA","13197","Marion County",7635,16764.5259798053,16764.5259798053,48509.8899512589,0.185067907339944,48509.8899512589,0.185067907339944,163076.432216202,471636.729818003,1.78340743168776,1034663.76791864,2992315.75494201,1096.59123325244,3172.1893474443,0.012039380619543,0,0,0,178744.366962755,520146.619769262,1.9684753390277,179840.958196007,9.72708003209177,9.72708003209177,10.7895435867988,0.169800078717286,10.7895435867988,0.169800078717286,12.0019804112623,13.0639664483002,1.02367587200356,13.8495880364853,14.9115584797664,12.0937175411309,13.1618679344418,1.08804846714067,12.0998337341736
"Georgia","GA","13199","Meriwether County",21439,7104.89590303859,7104.89590303859,20492.1593055118,0.0828713605643557,20492.1593055118,0.0828713605643557,70172.4872694376,203148.600957383,0.72435894474787,472087.948761009,1336986.83334075,541.408377075749,1570.25350741556,0.00636435495441009,0,0,0,76735.9747954004,223640.760262895,0.807230305312226,77277.3831724762,8.86868012730939,8.86868012730939,9.92784641702474,0.0796161803215435,9.92784641702474,0.0796161803215435,11.1587258444525,12.2216979371382,0.544855355180063,13.0649226975779,14.1059297560732,11.248138941541,12.3178007660759,0.591795455238794,11.2551695469863
"Georgia","GA","13201","Miller County",5824,95.9861005498266,95.9861005498266,278.750796027699,0.00113263598648795,278.750796027699,0.00113263598648795,1829.08783549754,5587.0963287614,0.0213365163842668,18007.9563656078,56023.979120819,25.6099124924562,74.3730962355965,0.000302196967410984,0,0,0,1899.46402355491,5865.84712478909,0.0224691523707548,1925.07393604736,4.57456767493516,4.57456767493516,5.63389919268468,0.00113199503827746,5.63389919268468,0.00113199503827746,7.51211924222326,8.62839395873246,0.0211120797696087,9.79862448899558,10.9335529259929,7.5498533582606,8.67707265179229,0.0222204396491737,7.56323898001553
"Georgia","GA","13205","Mitchell County",20329,51850.5127581835,51850.5127581835,138090.940780302,0.541709242456685,138090.940780302,0.541709242456685,284505.622323459,789213.987311324,3.01998255779254,1754647.24088001,4875780.44340269,3559.85993301126,9891.88184654302,0.037948952614165,0,0,0,332796.275148632,927304.928091626,3.56169180024922,336356.135081643,10.8561393888962,10.8561393888962,11.8356749798401,0.432891698643604,11.8356749798401,0.432891698643604,12.5585118093372,13.5787940434613,1.39127756376394,14.3777789622458,15.3997909456506,12.7152888002413,13.7400388096198,1.51769356354612,12.7259287764936
"Georgia","GA","13207","Monroe County",31437,8107.14126957302,8107.14126957302,23155.0986366711,0.093782640146918,23155.0986366711,0.093782640146918,52348.9432886146,150894.861479098,0.611296194149626,347682.300463896,999572.438276829,874.432084510315,2524.33394599431,0.0102452786261003,0,0,0,59581.6524736773,174049.960115769,0.705078834296544,60456.0845581876,9.00062393089975,9.00062393089975,10.0500134648491,0.0896420006644502,10.0500134648491,0.0896420006644502,10.8657061329861,11.924345218794,0.477038944619562,12.7590472882659,13.8150839052378,10.9951197448076,12.0671034095459,0.53361134679065,11.0096890461683
"Georgia","GA","13209","Montgomery County",8566,35172.3596369471,35172.3596369471,101710.010328688,0.383565251747226,101710.010328688,0.383565251747226,62811.1681616307,181665.625761002,0.687214238469336,410400.099656411,1184421.34781312,5305.09153935632,15341.2579434872,0.0578687658675296,0,0,0,92678.4362592215,283375.63608969,1.07077949021656,97983.5277985779,10.4680442465511,10.4680442465511,11.5298908389956,0.324663683387958,11.5298908389956,0.324663683387958,11.0479040942227,12.1099285598084,0.523078789258563,12.9248902523098,13.9847657434992,11.4369018958694,12.5545321613783,0.727925101716361,11.4925648655821
"Georgia","GA","13211","Morgan County",21940,631481.689783439,631481.689783439,2021007.53373888,7.69815500686286,2021007.53373888,7.69815500686286,373924.837033209,1166654.47314333,4.35353441111995,2933284.4412772,9149252.89860061,12796.3840129905,39431.8926309435,0.149861033853288,0,0,0,992610.142803658,3187662.00688221,12.0516894179828,1005406.52681665,13.3558258091277,13.3558258091277,14.5191072189097,2.16311093499422,14.5191072189097,2.16311093499422,12.8318127600306,13.9696516432969,1.67775698037548,14.8916336638097,16.0291828927905,13.8080942679476,14.9747986065553,2.56891758270652,13.8209035166027
"Georgia","GA","13213","Murray County",41316,78575.561255378,78575.561255378,211491.260468885,0.815823990613198,211491.260468885,0.815823990613198,510980.378904488,1378958.36826788,5.28745350752372,3071289.08704315,8282740.03929463,7503.66357685477,20200.5480444705,0.0779534031339462,0,0,0,582052.276583011,1590449.62873677,6.10327749813691,589555.940159866,11.2718287310882,11.2718287310882,12.2619436832712,0.596539354013409,12.2619436832712,0.596539354013409,13.1440884280218,14.136839691706,1.83855614096889,14.9376082550866,15.9296845149717,13.2743172630446,14.279527948342,1.96055629698969,13.287126584897
"Georgia","GA","13215","Muscogee County",201830,2818532.02519627,2818532.02519627,8614708.38126558,31.0643561446181,8614708.38126558,31.0643561446181,3512106.59647631,10038405.8706955,35.3524911937737,22019142.7896945,63585237.9608702,61416.0079374264,180952.983944993,0.638687161337603,0,0,0,6269222.61373516,18653114.2519611,66.4168473383917,6330638.62167258,14.8517271037302,14.8517271037302,15.9689816933375,3.46774501270542,15.9689816933375,3.46774501270542,15.0717268700777,16.1219289814196,3.59326273516006,16.907422805201,17.9678919095627,15.6511630793815,16.7415237277435,4.2108949471936,15.6609118350934
"Georgia","GA","13217","Newton County",124010,925871.545176647,925871.545176647,2845996.31840661,11.057301818066,2845996.31840661,11.057301818066,2584196.63198065,7389722.2894106,29.4246063616312,16629328.1372889,47545472.5792354,42476.2800937806,125046.459378255,0.500476100415272,0,0,0,3467591.89706352,10235718.6078172,40.4819081796972,3510068.1771573,13.738491863957,13.738491863957,14.8614241153991,2.48967043642251,14.8614241153991,2.48967043642251,14.7649256239246,15.8156008483006,3.41525170079914,16.6266785098436,17.6771971495588,15.058971221602,16.1413940831372,3.72525738470675,15.0711463038397
"Georgia","GA","13219","Oconee County",44751,1809287.29462399,1809287.29462399,5226703.05806658,20.6994130181466,5226703.05806658,20.6994130181466,7960159.88800831,22502997.2920627,87.9242532855012,46894536.805779,132988889.914334,89185.8935925693,250184.04278183,0.971154383526108,0,0,0,9680261.28903973,27729700.3501293,108.623666303648,9769447.1826323,14.4084441185257,14.4084441185257,15.4692914381597,3.07728521032556,15.4692914381597,3.07728521032556,15.8899597696777,16.9291591157217,4.48778492067248,17.6634117619384,18.7057761557376,16.0855995548608,17.1380146476144,4.69705328463109,16.0947705416288
"Georgia","GA","13221","Oglethorpe County",16172,868603.240412871,868603.240412871,2703636.17451282,10.3336962895314,2703636.17451282,10.3336962895314,1056333.56132231,3061496.52565391,11.9282413465427,7194589.83368251,21109586.1749731,47733.0335868004,137926.410353429,0.527843521024081,0,0,0,1877203.76814838,5765132.70016673,22.2619376360741,1924936.80173518,13.6746428809646,13.6746428809646,14.8101085261185,2.42778026098213,14.8101085261185,2.42778026098213,13.8703155125057,14.9344147416862,2.559414170118,15.7888400285396,16.8652378637343,14.4452944029313,15.5673389031192,3.14681844697757,14.4704042143951
"Georgia","GA","13223","Paulding County",188549,329047.896074037,329036.20582559,980907.998919865,3.87774157852504,980870.252509227,3.87759778846914,4720657.32133423,13026019.7415804,50.927808769884,24375512.37989,67517753.5987076,22426.5178003723,65364.8382806659,0.260576621777463,0,0,0,5027278.6996079,14006889.9940896,54.8054065583531,5049693.52715982,12.7039616389904,12.7039261109694,13.7962349706564,1.58468232145827,13.7961964888635,1.58465284220583,15.367458822695,16.3824595104088,3.94985446112317,17.0090896363655,18.0279011523481,15.4303895805953,16.4550599803456,4.02187075642032,15.4348383097506
"Georgia","GA","13225","Peach County",29213,19941.4555054845,19941.4555054845,55876.945513566,0.222328359652872,55876.945513566,0.222328359652872,248749.488309067,675176.466694446,2.6348503682894,1474358.22854289,4000378.60445205,2027.35275309003,5521.66626720621,0.0215770494854848,0,0,0,266663.591061462,731053.412208012,2.85717872794227,268690.943814552,9.90060618064249,9.90060618064249,10.9309250466529,0.200757531407787,10.9309250466529,0.200757531407787,12.4242056180704,13.4227308489203,1.29056794598124,14.2037340320409,15.2018998156944,12.4937469344321,13.5022431712668,1.34993601674266,12.5013208120721
"Georgia","GA","13227","Pickens County",36580,60022.2861419395,60022.2861419395,170915.650746262,0.658155168899974,170915.650746262,0.658155168899974,324627.775034765,908007.022093252,3.55161710716549,2299275.88780276,6274895.45881342,8381.42573688655,24017.9587143625,0.0925092995729824,0,0,0,376268.635439818,1078922.67283951,4.20977227606546,384650.061176705,11.0024878682777,11.0024878682777,12.0489312941193,0.505705640331592,12.0489312941193,0.505705640331592,12.690437577807,13.7190084924489,1.51548257798857,14.6481052348589,15.6520675422585,12.838061280899,13.8914745029425,1.65053614580146,12.8600918676944
"Georgia","GA","13229","Pierce County",20669,195877.346950613,195877.346950613,535297.741588713,1.74249411576864,535297.741588713,1.74249411576864,501283.760126709,1388434.4859101,4.39157515553519,2770250.7022505,7677640.78603248,4382.41526882079,12167.564067665,0.0381468605209225,0,0,0,692778.691808501,1923732.22749882,6.13406927130383,697161.107077322,12.1852490666884,12.1852490666884,13.1905802655263,1.00886776759289,13.1905802655263,1.00886776759289,13.1249296020847,14.1436881214951,1.68483757887655,14.8344487412738,15.8538229988612,13.4484673225913,14.4697782454481,1.96488179691252,13.4547732410037
"Georgia","GA","13231","Pike County",20669,14956.9281038934,14956.9281038934,40884.8383390554,0.15682342757881,40884.8383390554,0.15682342757881,604999.406965356,1644335.89174362,6.2069221908858,4114517.23552446,11210479.3154159,1371.02283822038,3850.50626295525,0.0149450354617729,0,0,0,618585.312231029,1685220.73008267,6.36374561846461,619956.33506925,9.612996746208,9.612996746208,10.6185390311934,0.145677824273664,10.6185390311934,0.145677824273664,13.3129844096828,14.3128477555898,1.97504197955903,15.2300323100328,16.2323596411791,13.3351920119774,14.3374077036648,1.99656871883944,13.337405940249
"Georgia","GA","13233","Polk County",44610,55415.1218871552,55415.1218871552,150408.525933344,0.582088620808847,150408.525933344,0.582088620808847,628929.70980145,1705270.1521664,6.53841450049755,3875708.22058398,10509084.0333704,5250.08240051597,14386.871231181,0.0564394833611704,0,0,0,679094.74928809,1855678.67809974,7.1205031213064,684344.831688606,10.9226258391939,10.9226258391939,11.9211170258149,0.458745885986897,11.9211170258149,0.458745885986897,13.3517763703164,14.3492346895839,2.02001188145965,15.1702392286894,16.1677506822957,13.428517411751,14.4337615902026,2.09439211300612,13.436218670715
"Georgia","GA","13235","Pulaski County",10180,892.476040151778,892.476040151778,2591.81699436592,0.010531217273791,2591.81699436592,0.010531217273791,7742.23242347243,22460.8801348486,0.0896771427746927,46564.2802599108,135092.411681412,48.0756539396533,139.61528521803,0.000567292716487909,0,0,0,8586.63280968455,25052.6971292145,0.100208360048484,8634.70846362421,6.79511951851725,6.79511951851725,7.86050020625122,0.0104761502827212,7.86050020625122,0.0104761502827212,8.95457450517403,10.0195749351562,0.085881453076106,10.7486104836193,11.8137217565224,9.05807840187647,10.1287766856113,0.0954995800928521,9.06366103279996
"Georgia","GA","13237","Putnam County",23383,22971.8181311532,22971.8181311532,65502.1528619917,0.251776662216821,65502.1528619917,0.251776662216821,309293.721364584,873135.355187895,3.34985776294254,1930301.29995723,5449001.63338053,2198.94944623374,6190.56114923177,0.0238743510322336,0,0,0,330066.590049504,938637.508049887,3.60163442515936,332265.539495737,10.0420669756262,10.0420669756262,11.0898535557625,0.224563871954598,11.0898535557625,0.224563871954598,12.6420498921343,13.6798470141347,1.47014314639187,14.4731871807177,15.5109431468429,12.7070527308021,13.7521857086156,1.52641155020472,12.7136927556096
"Georgia","GA","13239","Quitman County",2323,19.163485968618,19.163485968618,55.6521927426873,0.000226129134429692,55.6521927426873,0.000226129134429692,431.149425362443,1252.09009260959,0.00508756321927683,2612.45449439933,7586.76272635882,12.8049562462281,37.1865481177983,0.000151098483705492,0,0,0,437.507955084833,1307.74228535228,0.00531369235370653,450.312911331061,3.00387334336509,3.00387334336509,4.03693069356848,0.000226103571090606,4.03693069356848,0.000226103571090606,6.06877142047994,7.1333678538353,0.0050746652970218,7.86842818625444,8.93429206097702,6.08337795323225,7.17682186749863,0.00529962450330606,6.11216091562173
"Georgia","GA","13241","Rabun County",17711,16113.8375531196,16113.8375531196,44115.2824126227,0.17290573284274,44115.2824126227,0.17290573284274,148346.08853566,402675.417547123,1.56631356454891,936290.307537986,2557302.04128203,1750.57391982449,4836.87608132213,0.0190738842719588,0,0,0,162709.352168955,446790.699959745,1.73921929739165,164459.92608878,9.68749571372213,9.68749571372213,10.6945842089973,0.15948420228403,10.6945842089973,0.15948420228403,11.907309999882,12.9058885842783,0.942470458473928,13.7496819330411,14.7544637616359,11.9997269185275,13.0098477693702,1.00767295184105,12.0104282895973
"Georgia","GA","13243","Randolph County",6085,6047.64194534975,6047.64194534975,16780.1840584958,0.0648538059619298,16780.1840584958,0.0648538059619298,29977.3484344766,83893.400945006,0.327347425451496,218100.300064726,608186.702138838,1395.59042146655,3859.28402267785,0.0148578409188835,0,0,0,34629.3999583598,100673.585003502,0.392201231413426,36024.9903798263,8.7075890539843,8.7075890539843,9.72801354120844,0.062837518341559,9.72801354120844,0.062837518341559,10.3082306812291,11.3373141553656,0.283182533782049,12.2927149130373,13.318238833927,10.4524871868059,11.5196486635706,0.330886114261035,10.4919959119493
"Georgia","GA","13245","Richmond County",206303,3464999.95321159,3464999.95321159,10208189.6336311,39.9873989324733,10208189.6336311,39.9873989324733,18140150.4785932,51375357.6957047,190.170442608277,96029276.7088939,271728729.899262,179323.756009248,513144.500463484,1.86876720031232,0,0,0,21425826.6757956,61583547.3293359,230.15784154075,21605150.4318048,15.0582234657032,15.0582234657032,16.138700959317,3.71326467635433,16.138700959317,3.71326467635433,16.7136383531452,17.7546692126678,5.25316539979836,18.3801636790707,19.4203148137425,16.880107653011,17.9359053202578,5.44310077389409,16.8884423364328
"Georgia","GA","13247","Rockdale County",97610,1010743.94631679,1010732.25606834,3136170.61531161,12.1762448760183,3136132.86890097,12.1761010859624,2804604.31882107,8401965.21312442,33.2690055202825,18057175.2991741,53405758.096865,46841.2453014984,137734.774897565,0.549277103743536,0,0,0,3768507.01983636,11538098.0820254,45.4451066062448,3815336.57488941,13.8261981875566,13.826186621517,14.9585133832254,2.57841557770706,14.9585013473286,2.57840466482241,14.8467733807362,15.9439763094137,3.53424131650668,16.7090537426312,17.7934291463711,15.1421897303877,16.2611650812145,3.83827111215916,15.1545397049956
"Georgia","GA","13249","Schley County",4503,713.963819657575,713.963819657575,2073.40419002869,0.00842477307195938,2073.40419002869,0.00842477307195938,7069.69409126779,19788.9736425235,0.0786693416372485,29455.8882176139,83152.8491054497,19.2074343693422,55.7798221766974,0.000226647725558238,0,0,0,7764.45047655602,21862.3778325522,0.0870941147092078,7783.65791092536,6.57223193953617,6.57223193953617,7.63742925409741,0.00838948274145303,7.63742925409741,0.00838948274145303,8.86371392822571,9.89293070673739,0.0757281904112612,10.2906830570654,11.3284477746555,8.95743974762266,9.99256827095312,0.0835081864602499,8.95991014122495
"Georgia","GA","13251","Screven County",14325,454799.194268824,454799.194268824,1155616.96014648,4.30219549530069,1155616.96014648,4.30219549530069,3197285.12504225,8155661.25106532,29.8645133893602,17962619.3908517,45745822.9890311,37028.149775208,94630.7586749603,0.341822227704598,0,0,0,3615056.16953586,9311278.21121181,34.1667088846608,3652084.31931107,13.0276134680106,13.0276134680106,13.9601457892901,1.66812097917891,13.9601457892901,1.66812097917891,14.9778129220173,15.9142229987186,3.42960708994676,16.7038035116908,17.6386110665913,15.1006182279827,16.0467370416632,3.56009986475897,15.1108088827765
"Georgia","GA","13253","Seminole County",9274,8035.37295000662,8035.37295000662,24166.0314439169,0.0922013402051264,24166.0314439169,0.0922013402051264,30946.6451807213,95524.7492370716,0.354885365142375,208690.350956263,648719.545904042,217.761302493784,673.592177036764,0.00244612473425805,0,0,0,38764.2568282341,119690.780680989,0.447086705347502,38982.0181307279,8.99173313476417,8.99173313476417,10.0927446462918,0.0881952378044973,10.0927446462918,0.0881952378044973,10.3400521905888,11.4671511156455,0.303716849381826,12.2486116497353,13.3827573111276,10.5652796818919,11.6926752231984,0.369552366619547,10.5708813977381
"Georgia","GA","13255","Spalding County",70292,336365.791209089,184449.633209089,1011099.71263307,3.87937110764741,520580.652377784,2.01080236424741,2936439.55533316,7760288.92576022,29.9510713226617,15576438.026509,41362439.7625616,8977.81393379555,24871.933684101,0.0980124237861232,0,0,0,3263827.53260846,8280869.578138,31.9618736869091,3120889.18854225,12.7259574840424,12.1251371359769,13.8265501098889,1.5850163401767,13.1627020276979,1.10220660943348,14.8927087103661,15.8645302530285,3.43240761315711,16.5612700117251,17.5378837990577,14.9984114607844,15.9294586631216,3.49535155072252,14.953628835931
"Georgia","GA","13257","Stephens County",27498,41031.3929732332,41031.3929732332,119190.903000395,0.484131700945565,119190.903000395,0.484131700945565,242808.519037059,704428.566821057,2.82112121463182,1427053.132697,4140101.1994695,2332.71057323801,6775.12225679888,0.0275253065523343,0,0,0,281507.201437054,823619.469821452,3.30525291557738,283839.912010292,10.6221171062613,10.6221171062613,11.6884901034571,0.394829888075284,11.6884901034571,0.394829888075284,12.4000325426587,13.4651436291995,1.34054389123608,14.1711228303555,15.236231031359,12.547916860905,13.6214651079083,1.45983588541706,12.5561691912122
"Georgia","GA","13259","Stewart County",4809,3969.83219013936,3969.83219013936,12685.5822806367,0.0458071856943321,12685.5822806367,0.0458071856943321,25413.6331191985,79351.862445778,0.292552688439674,173534.20391936,537002.775366439,227.624877927372,717.318791073695,0.00263553489549584,0,0,0,29155.8404314105,92037.4447264147,0.338359874134006,29383.4653093379,8.28673097139656,8.28673097139656,9.44830020060736,0.0447890137507091,9.44830020060736,0.0447890137507091,10.1430803941757,11.2816597989747,0.256619091319819,12.0641357622211,13.1937604039438,10.2804448274197,11.4299616462057,0.291444889767358,10.2882214228403
"Georgia","GA","13261","Sumter County",28972,24300.1588678014,24300.1588678014,65282.1566148391,0.250392093113848,65282.1566148391,0.250392093113848,446966.354354101,1200550.72979956,4.58874769358538,2569254.81042139,6891534.6801406,3311.17990110492,8855.76499781978,0.0339943402209008,0,0,0,467955.333320798,1265832.8864144,4.83913978669923,471266.513221902,10.0982793182245,10.0982793182245,11.0864893434756,0.22345717661973,11.0864893434756,0.22345717661973,13.0102408381638,13.9982917839271,1.72075523587715,14.7591268470091,15.7458045035161,13.0561302656765,14.0512416617143,1.76458348919282,13.0631811803894
"Georgia","GA","13263","Talbot County",5755,4907.36850833953,4907.36850833953,14251.3642107048,0.0579069483984065,14251.3642107048,0.0579069483984065,14745.8462073277,42151.9092166727,0.170725067847448,85961.4203719021,246095.12198258,175.604114242988,509.9674468551,0.00207212854806726,0,0,0,19477.6106014242,56403.2734273775,0.228632016245855,19653.2147156672,8.49869688621096,8.49869688621096,9.56467808145848,0.056292379094142,9.56467808145848,0.056292379094142,9.59878452245361,10.6490589816098,0.157623272973864,11.3616655073156,12.4134774783622,9.87707225029062,10.9403002046047,0.205901368537129,9.88604708364479
"Georgia","GA","13265","Taliaferro County",1620,35307.7114828523,35307.7114828523,102103.082185694,0.385162403528907,102103.082185694,0.385162403528907,63598.0236791152,183312.270711664,0.693027900963908,414148.856860551,1194368.62882364,5257.01588541667,15201.6426582692,0.0573014731510417,0,0,0,93648.7192765509,285415.352897358,1.07819030449282,98905.7351619675,10.471884996692,10.471884996692,11.5337479855836,0.325817391630656,11.5337479855836,0.325817391630656,11.0603533982531,12.1189518300705,0.526518583206523,12.9339831604041,13.9931290969063,11.4473167102869,12.5617042805521,0.731497469086683,11.5019326160197
"Georgia","GA","13267","Tattnall County",24275,42136.5141694993,42136.5141694993,120973.90298191,0.459333991226017,120973.90298191,0.459333991226017,177281.328643328,491300.702735005,1.89162004616526,1061276.588602,2943608.57110113,6116.23866923984,17514.6877820646,0.0662667672877921,0,0,0,213301.604143587,612274.605716915,2.35095403739128,219417.842812827,10.6486936958104,10.6486936958104,11.7033383896931,0.377980161249739,11.7033383896931,0.377980161249739,12.0854988178526,13.1048136839252,1.06181691467125,13.8749840125968,14.8951471315244,12.2704671132156,13.3249377962623,1.20924509257375,12.2987377065121
"Georgia","GA","13269","Taylor County",7783,757.124194246585,757.124194246585,2198.74513735986,0.0089340654921097,2198.74513735986,0.0089340654921097,6699.41904976933,19455.6126600531,0.0790531447872781,39382.0388193637,114344.330381949,96.1513078793066,279.23057043606,0.00113458543297582,0,0,0,7360.39193613661,21654.3577974129,0.0879872102793878,7456.54324401592,6.63084721687379,6.63084721687379,7.69609678598106,0.00889439284592664,7.69609678598106,0.00889439284592664,8.80992534816491,9.87594227378764,0.076083938804757,10.5810905157818,11.6469783624295,8.90400431559935,9.98300817613578,0.0843293931067416,8.91698131510034
"Georgia","GA","13271","Telfair County",11000,14730.003178627,14730.003178627,42601.4839725146,0.16106053828604,42601.4839725146,0.16106053828604,160820.937202755,465118.386025484,1.75709819325069,1015266.14341763,2936209.68975112,1054.9180574359,3051.16733628517,0.0115476371449078,0,0,0,174496.022323946,507719.869997998,1.91815873153673,175550.940381382,9.59770961159301,9.59770961159301,10.6596678397715,0.149333844582907,10.6596678397715,0.149333844582907,11.9880530518122,13.0500493957572,1.01417874738519,13.8306623313135,14.8926304269563,12.0696629564329,13.1376871070396,1.0709528459949,12.0756902346906
"Georgia","GA","13273","Terrell County",8698,390.602345627237,390.602345627237,1134.33834847118,0.0046091076784014,1134.33834847118,0.0046091076784014,3365.17242465599,10022.0861935829,0.0394845502315876,26231.7506749556,79722.2382848327,12.8049562462281,37.1865481177983,0.000151098483705492,0,0,0,3742.969814037,11156.4245420541,0.044093657909989,3755.77477028323,5.97024690049347,5.97024690049347,7.03468598987111,0.00459851826762836,7.03468598987111,0.00459851826762836,8.12153159882677,9.21264633056715,0.0387249655134043,10.1747639348791,11.2863163942347,8.22790177507486,9.31986043350086,0.04314919607844,8.23131609442459
"Georgia","GA","13275","Thomas County",46054,43743.0602625473,43743.0602625473,141233.870983288,0.503441067264376,141233.870983288,0.503441067264376,245290.299569206,785983.38085238,2.81350988176785,1684197.1992278,5390069.08965009,2347.2331449119,7526.10955781356,0.0270614189197127,0,0,0,286686.126686841,927217.251835668,3.31695094903222,289033.359831753,10.6861111171413,10.6861111171413,11.8581795351893,0.407756525647545,11.8581795351893,0.407756525647545,12.410201761086,13.5746921995248,1.33854999387823,14.3368001623623,15.5000689464463,12.5661467491781,13.73994425571,1.46254935422763,12.5743008521789
"Georgia","GA","13277","Tift County",41708,8220.95944378777,8220.95944378777,22947.436775849,0.0902104663216083,22947.436775849,0.0902104663216083,135465.360679828,368495.702458215,1.4284463755347,812703.498334431,2215998.47340079,1056.42912925662,2885.74706143426,0.0112923290128651,0,0,0,142629.890994359,391443.139234064,1.51865684185631,143686.320123616,9.01456383480004,9.01456383480004,10.0410050988267,0.0863707659703406,10.0410050988267,0.0863707659703406,11.8164786278146,12.8171870420185,0.887251701248236,13.6081228517751,14.6112140892143,11.868015390391,12.8775981002839,0.923725760165363,11.8753948296465
"Georgia","GA","13279","Toombs County",27488,216277.985560589,216277.985560589,539490.03662437,2.1868605068857,539490.03662437,2.1868605068857,1350199.80547768,3420786.13106099,13.786932469163,7964950.78887396,20084236.7570255,12817.5597285242,32611.3872009234,0.131320594484111,0,0,0,1553660.23130975,3960276.16768536,15.9737929760487,1566477.79103827,12.2843244530863,12.2843244530863,13.198381449315,1.15903626506584,13.198381449315,1.15903626506584,14.1157638841515,15.0453812378381,2.69374384947506,15.8905614484359,16.8154458741978,14.2561247882746,15.1918245726211,2.8316705649401,14.2643408502073
"Georgia","GA","13281","Towns County",13184,1218.84637605773,1218.84637605773,3539.62079525464,0.0143823872374812,3539.62079525464,0.0143823872374812,13538.9316975501,39276.1358588076,0.15951393710645,86670.3890244321,250329.89675687,246.780747821381,716.66970014905,0.00291201282429229,0,0,0,14510.9973257865,42815.7566540623,0.173896324343932,14757.7780736079,7.1064802085344,7.1064802085344,8.17205735664416,0.0142799418110143,8.17205735664416,0.0142799418110143,9.51339850195946,10.5783978437918,0.148000897569154,11.3698791085885,12.4305389087027,9.58273098807889,10.6646848155585,0.160328407748218,9.59959330838655
"Georgia","GA","13283","Treutlen County",6420,1225.50359251979,1225.50359251979,3558.95384845191,0.0144609423917336,3558.95384845191,0.0144609423917336,6723.6730696619,19526.0484650583,0.0793393419334072,34616.7673617545,100510.439362932,41.6731758165393,121.022011159131,0.000491743474635163,0,0,0,7907.50348636515,23085.0023135102,0.0938002843251407,7949.17666218169,7.11192279277684,7.11192279277684,8.17750285984404,0.014357380175174,8.17750285984404,0.014357380175174,8.81353858911166,9.87955588418848,0.0763491335268171,10.4521223368111,11.5180268245105,8.97569385024117,10.0469817523875,0.0896581318730327,8.98094942905955
"Georgia","GA","13285","Troup County",71513,56945.4888016649,56945.4888016649,164346.627743165,0.653544491634867,164346.627743165,0.653544491634867,408147.856783974,1157239.72912884,4.52642422768626,2591462.2817095,7225407.58156007,6560.18220479239,19003.4476304913,0.0749415930889793,0,0,0,458533.163380846,1321586.356872,5.17996871932113,465093.345585638,10.9498673129213,10.9498673129213,12.0097391448121,0.502921160628278,12.0097391448121,0.502921160628278,12.9193872319053,13.9615490477392,1.70954099295132,14.7677332477712,15.7931143414448,13.0357900790933,14.0943441151716,1.82131320985827,13.0499955577219
"Georgia","GA","13287","Turner County",9023,2208.49808651789,2208.49808651789,5761.27424460712,0.0229018245096325,5761.27424460712,0.0229018245096325,9180.15968417581,24840.4827720667,0.0995142045197531,56755.9998385347,151309.601961872,108.925629874195,286.164043983339,0.0011392824902726,0,0,0,11279.7321408195,30601.7570166738,0.122416029029386,11388.6577706937,7.70052065854548,7.70052065854548,8.65908750989663,0.0226435141429668,8.65908750989663,0.0226435141429668,9.12490880288819,10.1202702271832,0.0948684500013093,10.9465342729097,11.9270899697727,9.33085142904676,10.3288453824659,0.115483530735312,9.34046100951868
"Georgia","GA","13289","Twiggs County",7728,4839.47352404706,4839.47352404706,14054.19211173,0.0571057875837553,14054.19211173,0.0571057875837553,14909.9941251857,43290.3299312827,0.175892395222102,108521.191038453,315087.067531877,527.681884378699,1532.42755437912,0.00622664623566865,0,0,0,19221.7857648541,57344.5220430127,0.232998182805858,19749.4676492328,8.48476783047201,8.48476783047201,9.5507471518157,0.0555347847408409,9.5507471518157,0.0555347847408409,9.60985408059886,10.6757076614075,0.162027344628517,11.5947099567502,12.660607458199,9.8638516129607,10.9568500383061,0.209448750382141,9.8909324484911
"Georgia","GA","13291","Union County",27601,2692.73895240107,2692.73895240107,7819.91478117137,0.0317743196383326,7819.91478117137,0.0317743196383326,1003391.73579659,3398289.3918665,7.94698940583222,7014129.44508262,23754545.0683018,428.787340187483,1245.23042106305,0.0050596906142123,0,0,0,1005655.6874088,3406109.30664767,7.97876372547056,1006084.47474899,7.89868545264683,7.89868545264683,8.9645568063872,0.0312799606238665,8.9645568063872,0.0312799606238665,13.8188975514173,15.0387830372054,2.19131709646196,15.7634373073255,16.9832844835299,13.8211513063965,15.0410815256603,2.19486220306733,13.8215775909917
"Georgia","GA","13293","Upson County",28358,25217.2560744165,25217.2560744165,75930.27042661,0.295651824569093,75930.27042661,0.295651824569093,155877.388175571,478971.298301722,1.83512772178647,853693.122257181,2589356.64609229,2239.00648271092,6919.48442301838,0.026854567296608,0,0,0,178855.637767277,554901.568728332,2.13077954635556,181094.644249988,10.1353234586116,10.1353234586116,11.2375838736176,0.259013907954291,11.2375838736176,0.259013907954291,11.9568314192373,13.0793980423652,1.04208698794145,13.6573282379532,14.7669203898236,12.094339857598,13.2265478254767,1.14128202988631,12.1067805919533
"Georgia","GA","13295","Walker County",69340,125186.428149121,125186.428149121,335910.161683295,1.293425205606,335910.161683295,1.293425205606,1241219.91062615,3339847.85930313,12.8781401288855,7323047.50093107,19711501.2862512,15891.1688510951,42750.8248423097,0.165337935213203,0,0,0,1350515.16992418,3675758.02098642,14.1715653344915,1366406.33877527,11.7375673184619,11.7375673184619,12.7246020042335,0.830046423058749,12.7246020042335,0.830046423058749,14.031606058519,15.0214361122233,2.63031494962234,15.8065372611171,16.7967128957196,14.1159974254302,15.1172702056262,2.7194229742264,14.1276954728856
"Georgia","GA","13297","Walton County",109792,703978.720682919,703978.720682919,2225126.97202812,8.55037626209473,2225126.97202812,8.55037626209473,1271625.80328538,3633578.79484787,14.3116271003783,9337387.66997715,26506622.8231092,22322.0321998494,65745.351419996,0.257943536245217,0,0,0,1953282.49176845,5858705.76687599,22.862003362473,1975604.5239683,13.4645048288772,13.4645048288772,14.6153249874468,2.25658055288874,14.6153249874468,2.25658055288874,14.0558075861903,15.105728889675,2.72861248099048,16.0495371854581,17.0929052153118,14.4850223564,15.5834394489515,3.17228737636689,14.4963855037412
"Georgia","GA","13299","Ware County",36222,1321.48969306962,1321.48969306962,3837.70464447961,0.0155935783782215,3837.70464447961,0.0155935783782215,30194.1955343615,80867.3381602462,0.3229516717713,206069.131955602,564741.542840733,67.2830883089955,195.395107394728,0.000793940442046147,0,0,0,31448.4021391221,84705.0428047258,0.338545250149522,31515.6852274311,7.18727137018195,7.18727137018195,8.25289025650571,0.0154732478451562,8.25289025650571,0.0154732478451562,10.3154381024409,11.3005776563578,0.279865355192215,12.2359718362194,13.2441252298885,10.3561352520631,11.3469422217166,0.291583390018361,10.3582723743373
"Georgia","GA","13301","Warren County",5148,9703.46151605098,9703.46151605098,28179.5760670501,0.114500845889402,28179.5760670501,0.114500845889402,44423.8085483104,129010.053794148,0.524200940870063,217556.716023581,631796.728882767,83.3463516330785,242.044022318262,0.000983486949270327,0,0,0,54043.9237127283,157189.629861198,0.638701786759465,54127.2700643614,9.18034100885519,9.18034100885519,10.2463882276515,0.108406632829054,10.2463882276515,0.108406632829054,10.7015533434651,11.7676533679995,0.421470299537488,12.2902194553368,13.3563245726662,10.8975709002983,11.9652145507198,0.493904334921229,10.8991118803733
"Georgia","GA","13303","Washington County",19834,48740.1609435675,48740.1609435675,143747.736978685,0.547639242340846,143747.736978685,0.547639242340846,225072.683017032,662012.361315421,2.55926971792044,1425115.43156454,4061169.47290018,6442.51068777657,19023.2470151226,0.0718716469378857,0,0,0,267370.333272823,805760.098294106,3.10690896026128,273812.8439606,10.7942791460085,10.7942791460085,11.8758221723858,0.436730700424295,11.8758221723858,0.436730700424295,12.3241831076524,13.4030410179714,1.26955538840518,14.1697640747082,15.216981783847,12.496393732491,13.5995425734508,1.41267066776045,12.5202037528687
"Georgia","GA","13305","Wayne County",32132,221404.247882469,221404.247882469,552594.901018084,2.23696972779137,552594.901018084,2.23696972779137,1363928.61408172,3441670.08331232,13.8263667241147,8172053.27073179,20628486.9908308,12040.8950481746,30148.3780446612,0.121846398492768,0,0,0,1573291.96691602,3994264.98433041,16.0633364519061,1585332.86196419,12.3077500021486,12.3077500021486,13.2223822738147,1.17463762296691,13.2223822738147,1.17463762296691,14.1258805134747,15.0514676914293,2.69640713113128,15.9162308759563,16.8421835905937,14.2686814119433,15.2003703867171,2.83693209456594,14.2763055815756
"Georgia","GA","13307","Webster County",2315,0,0,0,0,0,0,74.6465697635978,210.301294094396,0.000849466622523562,1406.72675799893,4045.81558953937,0,0,0,0,0,0,74.6465697635978,210.301294094396,0.000849466622523562,74.6465697635978,0,0,0,0,0,0,4.32607209569803,5.35328504904432,0.000849106029945342,7.24973145396393,8.3056855766371,4.32607209569803,5.35328504904432,0.000849106029945342,4.32607209569803
"Georgia","GA","13309","Wheeler County",7076,950.135168764369,950.135168764369,2759.26340490825,0.0112115949914196,2759.26340490825,0.0112115949914196,5928.12527587383,17215.7180064207,0.0699518782553112,34456.908612021,100065.43290368,48.0756539396533,139.61528521803,0.000567292716487909,0,0,0,6830.18479069854,19974.9814113289,0.0811634732467307,6878.2604446382,6.85765618574128,6.85765618574128,7.92308139071838,0.011149210910597,7.92308139071838,0.011149210910597,8.68763197282701,9.75363616785513,0.0676136738693054,10.4474938179332,11.5135895734382,8.8292534061444,9.90228590140896,0.0780377513188935,8.83626643163766
"Georgia","GA","13311","White County",29668,9588.02362974035,9588.02362974035,27844.3358341776,0.113138678830936,27844.3358341776,0.113138678830936,43246.4889188135,124660.367123518,0.499011301793668,286524.894869513,824807.745386331,1148.37090559145,3334.95477194113,0.0135507766859791,0,0,0,51686.1416429625,152504.702957696,0.612149980624604,52834.5125485539,9.16837435140556,9.16837435140556,10.2344207567942,0.107183663660904,10.2344207567942,0.107183663660904,10.6746944509939,11.7333562771206,0.404805758647521,12.5655841945413,13.6229068146674,10.852964318595,11.9349572707743,0.477568679846181,10.8749388297565
"Georgia","GA","13313","Whitfield County",105070,209579.027045373,209579.027045373,563659.5287699,2.18347246110516,563659.5287699,2.18347246110516,1686349.47933175,4536454.10096797,17.5304445827317,9892228.13924765,26610672.9465322,26248.3313247363,70696.713400982,0.274026711340845,0,0,0,1869680.17505239,5100113.62973787,19.7139170438369,1895928.50637712,12.2528609360745,12.2528609360745,13.2422074499219,1.1579725699287,13.2422074499219,1.1579725699287,14.3380772721754,15.3276564502581,2.91941503260156,16.1072600714522,17.0968229694476,14.4412784796705,15.4447735738612,3.03080579532314,14.4552197809251
"Georgia","GA","13315","Wilcox County",8904,540.285001815145,540.285001815145,1569.02794753725,0.00637536302141871,1569.02794753725,0.00637536302141871,3906.78210939634,11345.5866699751,0.0461000288908769,22412.7339637977,65134.1141165189,41.6731758165393,121.022011159131,0.000491743474635163,0,0,0,4405.39393539495,12914.6146175124,0.0524753919122956,4447.06711121149,6.29394594570642,6.29394594570642,7.35884869916306,0.00635512635975984,7.35884869916306,0.00635512635975984,8.27072525659202,9.33667224375714,0.0450689909852786,10.0174291733436,11.0842190701301,8.39081193221597,9.46619229382945,0.0511449056951738,8.40022492376882
"Georgia","GA","13317","Wilkes County",9567,84862.6217434753,84862.6217434753,244586.236671853,0.932064230680475,244586.236671853,0.932064230680475,277731.658714328,775869.422112522,2.99251270214984,1713051.47464367,4782492.33077017,11502.4158539817,33090.6677434527,0.125093021982745,0,0,0,351091.864603822,1020455.65878438,3.92457693283032,362594.280457804,11.3488007968873,11.3488007968873,12.4073273204643,0.658588980931528,12.4073273204643,0.658588980931528,12.5344142706808,13.5617408034086,1.38442078260475,14.3537874100208,15.3804725857886,12.768806038976,13.8357607897612,1.59423836897088,12.801042561382
"Georgia","GA","13319","Wilkinson County",8667,814.783322859175,814.783322859175,2366.19154790218,0.00961444320973827,2366.19154790218,0.00961444320973827,19886.8166041631,99060.7950190471,0.191859244766131,127154.268498824,614337.788273788,96.1513078793066,279.23057043606,0.00113458543297582,0,0,0,20605.4486191429,101426.986566949,0.201473687975869,20701.5999270222,6.70414878399146,6.70414878399146,7.76945953057531,0.00956851857583768,7.76945953057531,0.00956851857583768,9.89786259227611,11.5034991265014,0.175514478420892,11.7531642052952,13.3283018273917,9.93335934555517,11.5271043337042,0.183548876641958,9.93801457170564
"Georgia","GA","13321","Worth County",20262,82769.4185400312,82769.4185400312,263836.208672704,1.00667541103592,263836.208672704,1.00667541103592,141331.86578149,394704.257218805,1.52751038255845,925356.870553672,2627049.10821179,2016.15204717896,6003.0550187241,0.0230774054043998,0,0,0,222085.132274342,658540.465891508,2.53418579359438,224101.284321521,11.3238260125301,11.3238260125301,12.4830875581161,0.696479328302223,12.4830875581161,0.696479328302223,11.8588731373907,12.885894581093,0.927234779741225,13.7379358287581,14.7813721427955,12.3108205688261,13.3977827684054,1.26248294568887,12.3198578530504
"Hawaii","HI","15001","Hawaii County",209790,23264.231820023,23264.231820023,53809.9432382361,0.176372339661678,53809.9432382361,0.176372339661678,769281.831358042,1960623.67540348,6.55091576575737,4534097.34359561,11569228.9509579,3968.55737349734,9656.9029542128,0.0322248157653061,0,0,0,788577.505804568,2014433.61864172,6.72728810541905,792546.063178065,10.0547153285542,10.0547153285542,10.8932321313809,0.162435414722939,10.8932321313809,0.162435414722939,13.553213971972,14.4887736923694,2.02166884938327,15.3271368000648,16.2638595412901,13.5779872439099,14.5158491277092,2.04475797380302,13.583007168684
"Hawaii","HI","15003","Honolulu County",998747,3766210.55413943,3766210.55413943,8232453.45182357,29.5410074174041,8232453.45182357,29.5410074174041,30647922.464286,77312884.6098508,259.732316447715,160066159.643188,407172001.788816,101231.858520689,237646.178762137,0.818881242321852,0,0,0,34312901.1599047,85545338.0616744,289.273323865119,34414133.0184254,15.1415801613797,15.1415801613797,15.9235947604902,3.41907028606385,15.9235947604902,3.41907028606385,17.2380754681096,18.1633711957825,5.56349427354745,18.8910977917488,19.8247462654066,17.3510319976726,18.2645570747806,5.67082297519658,17.3539779105872
"Hawaii","HI","15005","Kalawao County",81,0,0,0,0,0,0,1045.26808267209,2912.48287723767,0.00972099316885047,6605.23971004861,18404.5106460998,0,0,0,0,0,0,1045.26808267209,2912.48287723767,0.00972099316885047,1045.26808267209,0,0,0,0,0,0,6.95298490497294,7.9771045095237,0.00967404830338226,8.7957698920088,9.82040539039427,6.95298490497294,7.9771045095237,0.00967404830338226,6.95298490497294
"Hawaii","HI","15007","Kauai County",73840,11275.8551201814,11275.8551201814,27859.0376808289,0.104085727331066,27859.0376808289,0.104085727331066,425557.271208131,1152308.70064296,3.91816078482101,2613728.49156242,7033943.54967912,1563.99319727891,4243.266589847,0.0160314069387755,0,0,0,435269.133131033,1180167.73832379,4.02224651215208,436833.126328312,9.33050768477736,9.33050768477736,10.2349485998393,0.099017596408171,10.2349485998393,0.099017596408171,12.9611571652293,13.9572789214714,1.59293463639115,14.7762886833288,15.7662582088003,12.9837221130363,13.981167984798,1.61387734598073,12.987308828402
"Hawaii","HI","15009","Maui County",163688,246207.325745835,246207.325745835,604618.243945079,2.19190723929568,604618.243945079,2.19190723929568,5357090.29378082,13980530.4565309,47.7958217639452,28374715.6841991,74108489.571226,55785.4011568117,140078.557090632,0.497476913212815,0,0,0,5547512.21836984,14585148.7004759,49.9877290032409,5603297.61952666,12.4139333091625,12.4139333091625,13.3123541900388,1.16061861879428,13.3123541900388,1.16061861879428,15.4939317166781,16.453176309536,3.88764468960225,17.1610090490182,18.1210406663099,15.5288603165476,16.4955144252338,3.93158499599404,15.5388660214911
"Idaho","ID","16001","Ada County",535799,699387.495904035,699115.324825013,2010299.43245896,7.52975106623162,2009485.13013543,7.5269477041177,20719509.9110771,55759764.7722389,197.733581580587,130532733.897966,352931281.983013,32267.2930344539,86995.0497376298,0.314572864908984,0,0,0,21386630.1139467,57769249.9023744,205.260529284705,21418625.2359021,13.4579616549546,13.457572423429,14.513794737751,2.14356017775203,14.5133895907005,2.14323146676558,16.8465863703992,17.8365631237664,5.29196514172262,18.6871345954014,19.6817839301772,16.8782765704752,17.8719672007766,5.32914007498908,16.8797714862821
"Idaho","ID","16003","Adams County",4998,0,0,0,0,0,0,6725.05201908393,20707.9739824922,0.0576410212865726,36610.9289261022,120668.46287705,0,0,0,0,0,0,6725.05201908393,20707.9739824922,0.0576410212865726,6725.05201908393,0,0,0,0,0,0,8.81374362630003,9.9383224110326,0.0560409765099934,10.5081293932295,11.7008103748855,8.81374362630003,9.9383224110326,0.0560409765099934,8.81374362630003
"Idaho","ID","16005","Bannock County",91010,59095.4817009413,59095.4817009413,158651.990384608,0.672442979588155,158651.990384608,0.672442979588155,1808294.2496589,5268216.1403665,20.8123617382758,11979094.5244916,35490651.7082105,1082.36049828443,2896.30407759724,0.0120928941008019,0,0,0,1866307.37086155,5426868.13075111,21.484804717864,1867389.73135984,10.9869266703352,10.9869266703352,11.9744746457755,0.514285419517189,11.9744746457755,0.514285419517189,14.4078951084045,15.4772025597442,3.08247686129618,16.2986736490111,17.384779915781,14.4394729044323,15.5068729382811,3.11283973518891,14.4400526836266
"Idaho","ID","16007","Bear Lake County",6779,10916.9946847134,10916.9946847134,28244.094333831,0.113485333529618,28244.094333831,0.113485333529618,161960.758887495,440542.249498368,1.88291955069052,997245.200689989,2705572.57240003,84.2490445859873,229.318711720699,0.00099413872611465,0,0,0,172793.504527623,468786.343832199,1.99640488422014,172877.753572209,9.29816759550456,9.29816759550456,10.2486750695956,0.107495036123931,10.2486750695956,0.107495036123931,11.9951155300988,12.9957639022819,1.05880351354632,13.8127529599735,14.8108244893378,12.0598583323442,13.0579045199355,1.09741319811968,12.0603457813688
"Idaho","ID","16009","Benewah County",10529,7470.65479062312,7470.65479062312,19606.663680889,0.0787489862932841,19606.663680889,0.0787489862932841,282165.508776908,763881.781411958,2.9586662282828,1823109.73191986,4961252.43952153,2024.71914254648,5294.19181216508,0.0188592020776483,0,0,0,287611.444424985,783488.445092847,3.03741521457609,289636.163567532,8.918871778443,8.918871778443,9.8836757729234,0.0758020237101082,9.8836757729234,0.0758020237101082,12.550252632325,13.5461696289062,1.37590715749311,14.4160547934068,15.4171689763564,12.569369173799,13.5715128692042,1.39560468884248,12.5763842584964
"Idaho","ID","16011","Bingham County",50889,50864.2702941383,50864.2702941383,136364.604312546,0.573023285291268,136364.604312546,0.573023285291268,2734964.24181278,7145172.92814981,27.5217703051984,16262909.9327503,42662126.8015821,6174.93322226154,15376.0238752342,0.054110944970217,0,0,0,2779653.57888465,7281537.53246236,28.0947935904896,2785828.51210692,10.8369356571651,10.8369356571651,11.8230948247953,0.452999427076091,11.8230948247953,0.452999427076091,14.8216292850967,15.781947711688,3.35066766603197,16.6043976702154,17.5688221479066,14.8378372257471,15.8008527347211,3.37055924375419,14.8400562369437
"Idaho","ID","16013","Blaine County",25261,2391.45659235669,2391.45659235669,6509.34081911741,0.0282191877898089,6509.34081911741,0.0282191877898089,89927.3624915956,281459.539871971,1.01909125967397,594023.107941132,1890839.25311335,167.060236578708,424.762475686699,0.00165897150591447,0,0,0,92151.7588473736,287968.880691088,1.04731044746378,92318.8190839523,7.78007597994692,7.78007597994692,8.78114708699927,0.0278283619996781,8.78114708699927,0.0278283619996781,11.4067686600426,12.5477475386613,0.702647538742064,13.2946751832807,14.452531866607,11.4312029013082,12.5706111727154,0.716526954908253,11.4330141220774
"Idaho","ID","16015","Boise County",8581,0,0,0,0,0,0,6057.33563470159,28894.7797723425,0.0563332214027248,50691.8795445044,222923.493370101,0,0,0,0,0,0,6057.33563470159,28894.7797723425,0.0563332214027248,6057.33563470159,0,0,0,0,0,0,8.70919039360175,10.2714508347986,0.0548036860792214,10.8335407368071,12.3145883983532,8.70919039360175,10.2714508347986,0.0548036860792214,8.70919039360175
"Idaho","ID","16017","Bonner County",53955,135307.594287352,135307.594287352,336818.648981697,1.19001617255562,336818.648981697,1.19001617255562,2980513.24488546,7564098.85239346,26.9914906460744,18421768.4626899,46956404.9130908,7074.89232387379,17740.4854165046,0.0616602544508178,0,0,0,3108745.94684893,7900917.50137516,28.1815068186301,3115820.83917281,11.8153133323733,11.8153133323733,12.7273028998555,0.783908928529738,12.7273028998555,0.783908928529738,14.9076064089917,15.8389239096772,3.33190055848923,16.7290436462131,17.6647301954847,14.9497302919839,15.8824895766757,3.37353518050815,14.9520035082062
"Idaho","ID","16019","Bonneville County",133644,1189445.89924536,1189445.89924536,3717216.50689101,14.1018636271912,3717216.50689101,14.1018636271912,11624926.8512724,34875439.1436284,132.286513565576,69306640.094891,207193928.799335,59966.4828815966,187396.812322995,0.707667702096038,0,0,0,12754406.2676362,38592655.6505194,146.388377192767,12814372.7505178,13.988998966489,13.988998966489,15.1284859643527,2.71481815522466,15.1284859643527,2.71481815522466,16.2686623030763,17.367293418632,4.8925010485147,18.0540512906637,19.1491657715852,16.3613874378892,17.4685725741222,4.99307112449405,16.3660780481131
"Idaho","ID","16021","Boundary County",14040,23181.3932493047,23181.3932493047,59791.459423683,0.238158830031453,59791.459423683,0.238158830031453,641244.114407574,1698949.3272025,6.5959908097084,3854630.5712805,10258296.313365,3777.47544584453,9921.81142264318,0.0354611125895346,0,0,0,660648.032211034,1758740.78662619,6.83414963973986,664425.507656879,10.0511483578673,10.0511483578673,10.9986348353939,0.213625461696752,10.9986348353939,0.213625461696752,13.3711670565805,14.3455211637361,2.02762058306363,15.16478598876,16.143597430072,13.4009780129371,14.3801092173934,2.05849233638108,13.406679553061
"Idaho","ID","16023","Butte County",2735,173.37037037037,173.37037037037,455.362585034014,0.00161234444444444,455.362585034014,0.00161234444444444,26012.778580318,67950.6977202177,0.235288676239549,275665.346140364,717802.866032365,205.154320987654,538.84410430839,0.00190793518518519,0,0,0,25980.9946297008,68406.0603052517,0.236901020683993,26186.1489506884,5.16118160237584,5.16118160237584,6.12328763617442,0.00161104601263288,6.12328763617442,0.00161104601263288,10.166381622029,11.1265524041122,0.211304688708568,12.5269465226056,13.4839516436276,10.1651590628626,11.1332313191208,0.212609074593727,10.1730240713503
"Idaho","ID","16025","Camas County",1247,0,0,0,0,0,0,1168.70690012419,3474.5037439879,0.00996330142233984,6759.19541991708,20480.140140413,0,0,0,0,0,0,1168.70690012419,3474.5037439879,0.00996330142233984,1168.70690012419,0,0,0,0,0,0,7.06450848369389,8.15349470979155,0.00991399496762177,8.81880707689093,9.92725974852248,7.06450848369389,8.15349470979155,0.00991399496762177,7.06450848369389
"Idaho","ID","16027","Canyon County",266892,284363.716729679,284309.282513874,825141.322565006,3.16740953068329,824978.462100299,3.16684885826051,8147383.15978153,21581677.4133416,80.4326254082627,50214627.4015165,133649058.146169,12288.3348759373,35177.5683432592,0.133766942711063,0,0,0,8419458.54163527,22406655.8754419,83.5994742665232,8431692.44229541,12.5580129070829,12.5578214648144,13.6233111626383,1.42729462711283,13.6231137705831,1.42716008066672,15.9132074717077,16.8873552911063,4.39977599624952,17.7318169446332,18.7107279608399,15.9460561967042,16.9248686546148,4.43792805224917,15.9475081926384
"Idaho","ID","16029","Caribou County",7239,4782.91318471338,4782.91318471338,13018.6816382348,0.0564383755796178,13018.6816382348,0.0564383755796178,172484.935185571,473221.408625716,1.98911900229777,1305350.65753021,3572198.15769227,84.2490445859873,229.318711720699,0.00099413872611465,0,0,0,177183.599325698,486240.09026395,2.04555737787739,177267.848370284,8.47301414845774,8.47301414845774,9.47421746371513,0.0549032275319085,9.47421746371513,0.0549032275319085,12.0580709769733,13.0673207654717,1.09497869592438,14.0819830318104,15.0886919746573,12.0849474021216,13.0944598503823,1.11368393133278,12.085422776514
"Idaho","ID","16031","Cassia County",25976,6134.0815,6134.0815,15225.4126955962,0.05704695795,15225.4126955962,0.05704695795,290445.605285605,800505.033187349,2.94510713550932,1769611.30027247,4944439.41783183,0,0,0,0,0,0,296579.686785605,815730.445882945,3.00215409345932,296579.686785605,8.72177864149035,8.72177864149035,9.63078687616166,0.0554791315872124,9.63078687616166,0.0554791315872124,12.5791750355769,13.5929993481642,1.37247611121915,14.3862710411633,15.4137743554288,12.6000745912105,13.61184046934,1.38683273953305,12.6000745912105
"Idaho","ID","16033","Clark County",794,0,0,0,0,0,0,599.449927643159,2859.50369739566,0.00557488432708138,65433.1943713499,182876.044686006,0,0,0,0,0,0,599.449927643159,2859.50369739566,0.00557488432708138,599.449927643159,0,0,0,0,0,0,6.39767925360233,7.95875300627746,0.00555940217360822,11.0888002505218,12.1165693190446,6.39767925360233,7.95875300627746,0.00555940217360822,6.39767925360233
"Idaho","ID","16035","Clearwater County",9151,6127.96167997594,6127.96167997594,16315.7659044599,0.0676046334749125,16315.7659044599,0.0676046334749125,274200.376180206,750730.557197572,2.89172345254598,1742689.70669093,4797065.35276277,1934.064862797,5072.00107826942,0.0181067715557276,0,0,0,278394.272997385,767046.323102032,2.95932808602089,280328.337860182,8.72078063121883,8.72078063121883,9.69994844126142,0.0654174786239699,9.69994844126142,0.0654174786239699,12.5216180649898,13.5288034197064,1.35885210644103,14.3709408599272,15.3835151125259,12.5367972281222,13.5503037774057,1.37607433562267,12.5437203976058
"Idaho","ID","16037","Custer County",4597,346.740740740741,346.740740740741,910.725170068027,0.00322468888888889,910.725170068027,0.00322468888888889,58892.6681944627,153257.992745072,0.527801396401889,888279.914900848,2321999.85099681,410.308641975309,1077.68820861678,0.00381587037037037,0,0,0,58829.1002932281,154168.71791514,0.531026085290778,59239.4089352035,5.85145720425422,5.85145720425422,6.8153385960501,0.00321950073014705,6.8153385960501,0.00321950073014705,10.9834888629181,11.9398845323057,0.42382970611992,13.6970433175566,14.6579398077329,10.9824089126544,11.9458093389526,0.425938154604064,10.989359171383
"Idaho","ID","16039","Elmore County",29729,49700.3066884661,49700.3066884661,119865.081438304,0.440721497794572,119865.081438304,0.440721497794572,286749.857798826,819830.732588041,2.54771048133819,1578190.73189821,4693793.24157232,2616.02962732002,6319.95342045908,0.0232238528331631,0,0,0,333834.134859972,939695.814026345,2.98843197913276,336450.164487292,10.8137865032575,10.8137865032575,11.6941304105717,0.365144028244332,11.6941304105717,0.365144028244332,12.566369026439,13.6168543940223,1.26630246059308,14.2717902761111,15.3617518200847,12.7184025418905,13.7533125639497,1.38339816597585,12.7262082897111
"Idaho","ID","16041","Franklin County",15638,33013.4795099306,33013.4795099306,92106.1129616727,0.363174778548666,92106.1129616727,0.363174778548666,671372.790823848,1867835.94592179,7.57101797690675,4593065.18833911,12831399.2241804,4415.75657871445,12539.500780969,0.0472627099934573,0,0,0,699970.513755064,1959942.05888346,7.93419275545542,704386.270333779,10.4047015172441,10.4047015172441,11.4307074501155,0.30981637527025,11.4307074501155,0.30981637527025,13.4170813261618,14.4402916059107,2.1483865093252,15.3400583739028,16.3674058673617,13.4587949185619,14.4884259791946,2.18988579819029,13.4650835837966
"Idaho","ID","16043","Fremont County",14399,14243.0512756862,14243.0512756862,35809.0697904981,0.133068245902184,35809.0697904981,0.133068245902184,190335.897531009,501972.56251464,1.90657033217042,1575749.66511283,4164251.35325421,815.050283266215,2081.11050005976,0.00732266182111037,0,0,0,203763.898523429,537781.632305138,2.0396385780726,204578.948806695,9.56409464420066,9.56409464420066,10.4859844119014,0.124929214920434,10.4859844119014,0.124929214920434,12.1565509258771,13.1263027329736,1.06697380610163,14.2702423294681,15.242047310448,12.2247221500172,13.1952097283295,1.11173861955839,12.2287141257749
"Idaho","ID","16045","Gem County",21857,27.7127700782429,27.7127700782429,74.3124673442086,0.00025218620771201,74.3124673442086,0.00025218620771201,14562.0820078029,59540.6207335985,0.144443916187216,147703.803059625,548309.161834384,8.21848531630469,22.0380683692907,0.0000747882163783727,0,0,0,14581.5762925648,59614.9332009427,0.144696102394928,14589.7947778811,3.3573419742659,3.3573419742659,4.32164569008101,0.000252154414115536,4.32164569008101,0.000252154414115536,9.58624497571048,10.9944308551196,0.134918856315279,11.9029709870132,13.2145963945678,9.58758269040322,10.9956781529119,0.135139189022483,9.5881461141854
"Idaho","ID","16047","Gooding County",16189,27.7127700782429,27.7127700782429,74.3124673442086,0.00025218620771201,74.3124673442086,0.00025218620771201,9446.1776268747,31828.5199201635,0.10145860677744,84669.7632285152,274393.086620827,8.21848531630469,22.0380683692907,0.0000747882163783727,0,0,0,9465.67191163663,31902.8323875077,0.101710792985152,9473.89039695294,3.3573419742659,3.3573419742659,4.32164569008101,0.000252154414115536,4.32164569008101,0.000252154414115536,9.15347131205608,10.3681494375411,0.0966353075958611,11.3465256407508,12.522320624386,9.15553268952716,10.3704814190964,0.0968642379802797,9.15640046227981
"Idaho","ID","16049","Idaho County",17912,5076.84281365105,5076.84281365105,13091.1363719757,0.0505078934265521,13091.1363719757,0.0505078934265521,157215.244696358,445488.380781403,1.59372877792013,1269087.92889943,3593494.68527662,223.43308179195,559.040823651666,0.00200193040689866,0,0,0,162068.654428217,458579.517153378,1.64423667134668,162292.087510009,8.53264180740409,8.53264180740409,9.47976705200248,0.0492737552457042,9.47976705200248,0.0492737552457042,11.9653774914014,13.0069286889791,0.953096522956703,14.0538098221761,15.0946360151877,11.9957814874121,13.0358911651921,0.972382430595636,11.9971591617763
"Idaho","ID","16051","Jefferson County",34854,113541.011054392,113541.011054392,278994.210822431,0.951107230565441,278994.210822431,0.951107230565441,2222284.33350563,5487737.10953406,18.7584368598642,13470017.592523,33499485.0341125,5068.55065233869,12506.3035658632,0.0426267148844119,0,0,0,2330756.79390768,5766731.32035649,19.7095440904296,2335825.34456002,11.6399281888665,11.6399281888665,12.5389498951452,0.668397021978623,12.5389498951452,0.668397021978623,14.6140466538563,15.5180267266832,2.98358058290848,16.4159769286768,17.3270406544123,14.6617040061017,15.567616155768,3.03059466118303,14.6638762813656
"Idaho","ID","16053","Jerome County",26056,6307.45187037037,6307.45187037037,15680.7752806302,0.0586593023944445,15680.7752806302,0.0586593023944445,41597.6412517475,129102.894001202,0.390421485615091,396676.07022308,1194839.12735471,330.090035273369,848.947224134739,0.00306983732804233,0,0,0,47575.0030868445,144783.669281832,0.449080788009535,47905.0931221179,8.74964558000848,8.74964558000848,9.66025450692351,0.0570032985160529,9.66025450692351,0.0570032985160529,10.6358227834983,11.7683727390538,0.329606928239783,12.8908778035288,13.9935229497574,10.7700837762688,11.8830028782031,0.370929416104231,10.7769979803638
"Idaho","ID","16055","Kootenai County",188323,469146.108761715,469146.108761715,1170528.45106392,4.18952218610288,1170528.45106392,4.18952218610288,17668892.3575038,44355520.4048075,157.052332686556,119068842.373384,299330839.481838,18454.4969494966,45894.0421447084,0.159501996888073,0,0,0,18119583.969316,45526048.8558714,161.241854872659,18138038.4662655,13.0586716629831,13.0586716629831,13.9729667266935,1.64664162860491,13.9729667266935,1.64664162860491,16.68731621401,17.6077477551334,5.06292619772105,18.5952123995428,19.517060009552,16.7125039537537,17.6337952443965,5.08908815323107,16.7135219188758
"Idaho","ID","16057","Latah County",42180,32275.4848056425,32275.4848056425,83833.2693542178,0.332613647284187,83833.2693542178,0.332613647284187,2287480.28024186,8448469.26705009,22.4656421915394,17573497.8954145,67043952.8267658,2688.61315275884,6978.44226094512,0.0251067015025383,0,0,0,2317067.15189474,8532302.53640431,22.7982558388236,2319755.7650475,10.382094219479,10.382094219479,11.3365971450506,0.287142162189603,11.3365971450506,0.287142162189603,14.6429618925975,15.9494959494596,3.15553731693237,16.681902580657,18.0208589895286,14.6558132168338,15.9593699341717,3.16961229390898,14.6569728954942
"Idaho","ID","16059","Lemhi County",8397,125172.471155048,125172.471155048,313954.564951227,1.08599337907758,313954.564951227,1.08599337907758,2292991.54750236,5728824.12368625,19.7547689184625,13639271.0872269,34088426.5633025,6256.42307557037,16359.2687326395,0.0573473169651944,0,0,0,2411907.59558184,6042778.68863748,20.84076229754,2418164.01865741,11.7374558234631,11.7374558234631,12.6570067419823,0.735245182593478,12.6570067419823,0.735245182593478,14.6453683117268,15.5610210281712,3.03277604766622,16.4284638429165,17.3444685170104,14.6959289404154,15.6143746773959,3.0837780540011,14.6985195537577
"Idaho","ID","16061","Lewis County",3728,2.35538461538462,2.35538461538462,6.18648979591837,0.0000219050769230769,6.18648979591837,0.0000219050769230769,102130.697792271,267817.844969073,0.934495937565834,734311.614214116,1913337.90646997,1759.16153846154,4620.49163265306,0.0163602023076923,0,0,0,100373.891638425,267824.031458869,0.934517842642757,102133.053176886,1.21056640331195,1.21056640331195,1.97220284611228,0.0000219048370103183,1.97220284611228,0.0000219048370103183,11.534018414269,12.4980660793268,0.65984679516441,13.5066901218488,14.4643603924126,11.5166673716811,12.4980891785913,0.659858118503208,11.5340414762322
"Idaho","ID","16063","Lincoln County",5556,0,0,0,0,0,0,1642.88690732144,5049.83914377561,0.0152788482380894,14963.3626752122,44448.5430034799,0,0,0,0,0,0,1642.88690732144,5049.83914377561,0.0152788482380894,1642.88690732144,0,0,0,0,0,0,7.4048187820829,8.52730967554946,0.0151633020912754,9.61342683168946,10.7021099597526,7.4048187820829,8.52730967554946,0.0151633020912754,7.4048187820829
"Idaho","ID","16065","Madison County",55549,136848.481989433,136848.481989433,339348.757048427,1.18890334204647,339348.757048427,1.18890334204647,4083712.84030853,10227512.088634,36.9944027782687,25813624.3738384,64929378.1014174,6437.7236707844,16110.6709564629,0.0559012375106024,0,0,0,4214123.59862718,10566860.8456824,38.1833061203152,4220561.32229796,11.8266369292182,11.8266369292182,12.7347865861995,0.783400661351314,12.7347865861995,0.783400661351314,15.2225173873271,16.140592008534,3.63743885356865,17.0664130257531,17.9888107618549,15.2539524406897,16.173233421209,3.6682507918128,15.2554789288643
"Idaho","ID","16067","Minidoka County",22691,48357.6135778189,48357.6135778189,116574.183661875,0.4295771449762,116574.183661875,0.4295771449762,220401.675441437,543520.146667472,1.97349165496268,1263802.52391265,3155568.7813012,2400.43963328483,5787.65956673707,0.0213095201683853,0,0,0,266358.849385971,660094.330329348,2.40306879993888,268759.289019256,10.7863996355382,10.7863996355382,11.6662916971578,0.357378697729272,11.6662916971578,0.357378697729272,12.3032114952137,13.2058238930983,1.08973690369099,14.0496364016644,14.9646796339439,12.4926034907715,13.4001395434651,1.22467761275163,12.501575142414
"Idaho","ID","16069","Nez Perce County",42847,34684.1741186431,34684.1741186431,89282.0564779119,0.350376286944724,89282.0564779119,0.350376286944724,842505.936593574,2544614.2832533,8.75948850049225,6686209.16410748,20146196.3971058,796.912369396713,2021.74291684154,0.00749917927985909,0,0,0,876393.198342821,2633896.33973121,9.10986478743698,877190.110712217,10.4540676158052,10.4540676158052,11.3995670117728,0.300383284682216,11.3995670117728,0.300383284682216,13.6441371745202,14.7494900308243,2.27823999131522,15.7155577789273,16.8185261137643,13.683571266808,14.7839751854807,2.31351165880219,13.6844801617675
"Idaho","ID","16071","Oneida County",4976,0,0,0,0,0,0,3695.96983131488,12255.4213083229,0.0397974088493141,36612.1506141897,114456.425769479,0,0,0,0,0,0,3695.96983131488,12255.4213083229,0.0397974088493141,3695.96983131488,0,0,0,0,0,0,8.21526879858818,9.41380526706863,0.0390258949941041,10.508162761253,11.6479582054907,8.21526879858818,9.41380526706863,0.0390258949941041,8.21526879858818
"Idaho","ID","16073","Owyhee County",12748,48357.6135778189,48357.6135778189,116574.183661875,0.4295771449762,116574.183661875,0.4295771449762,212782.70653123,526251.83577301,1.8916378232456,1089683.95454309,2740645.04634031,2400.43963328483,5787.65956673707,0.0213095201683853,0,0,0,258739.880475764,642826.019434885,2.3212149682218,261140.320109049,10.7863996355382,10.7863996355382,11.6662916971578,0.357378697729272,11.6662916971578,0.357378697729272,12.2680314664657,13.1735370526065,1.06182306244496,13.9013991798981,14.8237042339076,12.4635823784025,13.3736309459305,1.20033067026714,12.4728169961267
"Idaho","ID","16075","Payette County",27662,8996.70444072543,8996.70444072543,22057.0235661726,0.0746948170740836,22057.0235661726,0.0746948170740836,1345687.22398335,3350692.08211802,11.1875692791329,7855738.28369647,19663558.9235763,5310.41026506578,13017.5401677045,0.044082979988299,0,0,0,1349373.51815901,3372749.10568419,11.2622640962069,1354683.92842407,9.10472476164286,9.10472476164286,10.0014316952386,0.0720367301810455,10.0014316952386,0.0720367301810455,14.112416130843,15.0246777725869,2.50041652074948,15.8767549415636,16.7942777307357,14.1151517231666,15.0312390246358,2.50652658688437,14.1190794601095
"Idaho","ID","16077","Power County",8381,9565.82636942675,9565.82636942675,26037.3632764696,0.112876751159236,26037.3632764696,0.112876751159236,966768.374149939,2639384.03314207,11.3982086579645,6825487.11474031,18650098.8804482,168.498089171975,458.637423441399,0.0019882774522293,0,0,0,976165.702430194,2665421.39641854,11.5110854091237,976334.200519366,9.16605680660857,9.16605680660857,10.1673262401409,0.106948330455769,10.1673262401409,0.106948330455769,13.7817152497652,14.7860565059957,2.51755199910782,15.7361744151212,16.7413620595598,13.7913886524806,14.7958731007407,2.52661508403434,13.7915612495872
"Idaho","ID","16079","Shoshone County",14074,8521.67706917995,8521.67706917995,22831.2932736579,0.095843905239109,22831.2932736579,0.095843905239109,256858.994886529,723306.554867773,2.93342327655232,1617122.95349902,4599786.23009587,217.267403770342,566.811179782195,0.00224581858108378,0,0,0,265163.404551938,746137.848141431,3.02926718179143,265380.671955709,9.05048578046739,9.05048578046739,10.035931184486,0.0915247561557249,10.035931184486,0.0915247561557249,12.4562864484594,13.4915897977818,1.36951010946215,14.2961597920833,15.3415206060626,12.4881053071388,13.522666985381,1.39358451867702,12.4889243403031
"Idaho","ID","16081","Teton County",12932,8908.07348077377,8908.07348077377,24081.6483076924,0.100781007813871,24081.6483076924,0.100781007813871,431788.966306898,1159413.4121812,4.56053815961559,3574490.22391318,9635416.52314995,2177.91677675552,5732.41911066495,0.0205705599410238,0,0,0,438519.123010917,1183495.06048889,4.66131916742946,440697.039787672,9.09482552861275,9.09482552861275,10.0892468729308,0.0960199349720443,10.0892468729308,0.0960199349720443,12.9756945598936,13.9634256185343,1.71569489487628,15.0893334089932,16.0809561928979,12.9911609803022,13.9839833792351,1.73365693350929,12.9961152028685
"Idaho","ID","16083","Twin Falls County",96509,33013.4795099306,33013.4795099306,92106.1129616727,0.363174778548666,92106.1129616727,0.363174778548666,724522.825457258,2105926.44938881,8.06990900020554,5130958.80127274,14973560.0706456,4540.69229300016,12849.6039007953,0.0484246121363144,0,0,0,752995.612674188,2198032.56235048,8.43308377875421,757536.304967188,10.4047015172441,10.4047015172441,11.4307074501155,0.30981637527025,11.4307074501155,0.30981637527025,13.4932699255814,14.5602665215997,2.2049622310233,15.4508032954114,16.5217966085774,13.5318160083313,14.6030736833243,2.24422306108213,13.5378280626345
"Idaho","ID","16085","Valley County",12777,12268.163,12268.163,30450.8253911924,0.1140939159,30450.8253911924,0.1140939159,34622.6296201558,125195.498848152,0.320200314052406,347775.536858155,1155402.46095896,0,0,0,0,0,0,46890.7926201558,155646.324239344,0.434294229952406,46890.7926201558,9.41484432021927,9.41484432021927,10.3239012185069,0.108041443068312,10.3239012185069,0.108041443068312,10.4522916649492,11.7376397727855,0.277783478154951,12.7593154170343,13.9599601577887,10.7555979416825,11.9553479848408,0.360672902408457,10.7555979416825
"Idaho","ID","16087","Washington County",11539,0,0,0,0,0,0,9257.74767366193,28825.589033885,0.0926149482932704,115160.700238453,332127.200573183,124.935714285714,310.103119826349,0.00116190214285714,0,0,0,9132.81195937622,28825.589033885,0.0926149482932704,9257.74767366193,0,0,0,0,0,0,9.13332407806914,10.2690534705523,0.0885738582818914,11.6540925087579,12.7132763196681,9.11973840664626,10.2690534705523,0.0885738582818914,9.13332407806914
"Illinois","IL","17001","Adams County",64109,155928.235529747,155918.390848383,378720.205534047,1.41939453674521,378692.169845364,1.41929510546344,989102.766251003,2525438.04643823,9.32615849723373,6143133.54673699,15709117.1506606,4985.40055991795,12659.1081555297,0.047315969916799,0,0,0,1140045.60122083,2904130.2162836,10.7454536026972,1145021.15709939,11.9571575649167,11.9570944273523,12.8445556079231,0.8835173174379,12.8444815779347,0.883476219004588,13.8045545254762,14.7419254853538,2.33468033567471,15.630845682354,16.5697518756621,13.9465796977991,14.8816448385767,2.46346623828441,13.9509345459617
"Illinois","IL","17003","Alexander County",4594,6809.09961324969,6789.41025052192,18329.8739545431,0.0667350830186653,18273.8025771772,0.0665362204551148,128467.363506828,347754.580763362,1.26148091506281,900142.550431764,2450701.46396916,616.517014613779,1659.36506924984,0.00604186674321503,0,0,0,134659.946105464,366028.383340539,1.32801713551793,135256.77375735,8.82616202653286,8.82326663853931,9.81634201861385,0.0646026594106668,9.81327848166919,0.0644162203358031,11.7634379546152,12.7592551578621,0.816019870838827,13.7103095300673,14.711885261412,11.810515387958,12.8104688915122,0.845016890459769,11.814937672006
"Illinois","IL","17005","Bond County",16576,68859.0203424274,68839.3309796996,173826.981458375,0.644560299321776,173770.910081009,0.644361436758226,620678.928723664,1583695.47579224,5.97922605070878,3636008.48222195,9338873.56166218,2216.44103205323,5708.66599893316,0.0215414134395881,0,0,0,687321.508034038,1757466.38587325,6.623587487467,689518.259703364,11.1398310323097,11.13954505827,12.065821476889,0.497473053242473,12.0654988566626,0.497352124512786,13.3385708153615,14.2752722141772,1.94293802963925,15.1063973421479,16.0496963063347,13.4405589050589,14.3793843453814,2.03124705778772,13.4437499086801
"Illinois","IL","17007","Boone County",53313,338344.464742402,333989.717928763,859399.464634321,3.24154478948637,849238.998824622,3.20096688666861,16931860.2533072,39501796.8048447,157.676944213978,102460362.066666,239009113.210192,6600.80339062569,17147.8130268044,0.0641946101567858,0,0,0,17263603.914659,40351035.8036693,160.877911100646,17265849.971236,12.7318227375286,12.7188684809402,13.6639902909725,1.44492754003222,13.6520971094738,1.43531470990639,16.6447076862418,17.4918567428823,5.06687033792338,18.4449865799657,19.2920122439394,16.6641110812934,17.5131276476083,5.08684241592543,16.6642411763976
"Illinois","IL","17009","Brown County",6307,43369.7423321063,43359.8976507424,103038.192108612,0.387788802645183,103010.156419929,0.387689371363408,121928.900853293,292757.737500558,1.0979287193029,646765.089579729,1567039.92707439,759.176893939394,1790.83564555269,0.00675667435606061,0,0,0,164539.46629146,395767.893920488,1.4856180906663,165288.798504035,10.6775403529409,10.6773133381765,11.5428647007466,0.327711691029651,11.5425925761027,0.327640041190896,11.7112015754095,12.5871041273017,0.740950533850163,13.3797399773264,14.2646996391045,12.0109118146283,12.8885857186643,0.910521357259104,12.0154555668656
"Illinois","IL","17011","Bureau County",32486,115459.779688872,115449.935007508,310296.511311609,1.15749016431748,310268.475622926,1.1573907330357,1033049.65518965,2584820.83791938,9.35704884445691,6256176.84552354,15721251.4353476,3720.77402495784,9556.23275848831,0.0347884177781047,0,0,0,1144788.66085356,2895089.31354231,10.5144395774926,1148499.59019716,11.6566861814838,11.6566009135589,12.6452868301388,0.768945585131904,12.6451964750626,0.76889949751829,13.8480267838692,14.7651671420483,2.3376673356772,15.6490799887961,16.5705240132515,13.9507314757838,14.8785268648903,2.44360186317752,13.9539678149964
"Illinois","IL","17013","Calhoun County",4224,5896764.46049944,5534781.06248475,13911076.0781401,52.4838922350444,13057182.3001829,49.262228179096,40640248.1750412,95871937.8123979,361.710279707918,254222243.965268,599768261.358473,172837.366666667,407709.085433304,1.53825256333333,0,0,0,46364175.268874,108929120.112581,410.972507887014,46175029.237526,15.5899145315106,15.5265627489115,16.4481959928315,3.97938052884957,16.3848489847525,3.91725386418282,17.5202694924913,18.378523888197,5.89360438806511,19.353719422589,20.2120539091721,17.6520376558314,18.5062079636572,6.02095661869351,17.6479497388956
"Illinois","IL","17015","Carroll County",15444,92099.3892193729,87823.3998566451,218347.786300158,0.785391088600018,208411.605999922,0.745608636036467,15095952.613946,35102972.0290342,139.294485506526,88429053.4451654,205595515.736262,4491.79576767582,10684.1413140195,0.0369968721939132,0,0,0,15183560.2073977,35311383.6350342,140.040094142562,15183776.0138026,11.4306344482863,11.3830946437107,12.293849000392,0.579637488488216,12.2472750764749,0.557103283401381,16.5299372932877,17.373796386531,4.94374368132188,18.2977111438018,19.1414212855501,16.5357239010606,17.3797159808155,4.94904420557778,16.5357381141209
"Illinois","IL","17017","Cass County",12713,19290.9957342049,19281.151052841,50475.9414928981,0.186882107593821,50447.9058042152,0.186782676312045,805039.804684447,2017579.75414002,7.53843384683614,4822402.18618342,12164828.0264942,1505.79896964799,4033.46433946377,0.0152131081078289,0,0,0,822825.001449004,2068027.65994423,7.72521652314818,824320.955737288,9.86744556007153,9.86693513107192,10.829271906887,0.171329791060486,10.8287163368293,0.171246012354657,13.5986482441651,14.5174097051604,2.1445776006822,15.388782948119,16.3140594795588,13.6205000374393,14.5421063732882,2.16621728418724,13.6223164555614
"Illinois","IL","17019","Champaign County",212374,3859580.66621428,3842525.82526837,10359564.5579943,37.3800272263737,10318388.6355009,37.2280146832199,36466870.7215322,96084647.7373443,348.628232113911,201976645.086563,531141079.319726,134145.048024092,347165.752793584,1.27276547349029,0,0,0,40192306.3397224,106403036.372845,385.856246797131,40309396.5468006,15.1660693589394,15.1616407355724,16.1534208593598,3.64753719996892,16.1494382627701,3.64356861549981,17.411914782345,18.3807401185928,5.85687039599541,19.1236626352489,20.0905382319018,17.5091861755692,18.4827446812016,5.9580531687186,17.5120951894793
"Illinois","IL","17021","Christian County",33247,148906.055232048,148876.521187956,412716.484086558,1.45997441795516,412632.37702051,1.45967612410983,735624.946352648,1871886.49394953,6.58730058311686,7773553.23973655,20197247.8553815,3360.54171817985,8825.96031910459,0.0307446487306657,0,0,0,881170.459866516,2284518.87097004,8.0469767072267,884501.467540604,11.9110775999005,11.9108792414459,12.930518579967,0.900150950684979,12.9303147707259,0.900029684410823,13.5084770434565,14.4424578348277,2.02647587374921,15.8662380488656,16.8210569578179,13.6890075055811,14.6416664381179,2.20243063639971,13.6927805823357
"Illinois","IL","17023","Clark County",15076,21124.5577052077,21104.8683424799,56975.2760215314,0.207247563597128,56919.2046441655,0.207048701033578,442034.15670988,1195954.49289244,4.33508064519032,2769870.00993739,7486383.12374969,1849.55104384134,4978.09520774951,0.0181256002296451,0,0,0,461309.163371247,1252873.6975366,4.5421293462239,463139.02505236,9.95823885212341,9.9573064012925,10.9503902500286,0.188343027626697,10.9494056474919,0.188178290127896,12.9991446979643,13.9944559994996,1.67430400088882,14.8343113102696,15.828596478413,13.0418259013241,14.0409512269117,1.71237878543655,13.0457847172644
"Illinois","IL","17025","Clay County",12821,899.558775054545,899.558775054545,2561.76394514475,0.00908554362805091,2561.76394514475,0.00908554362805091,115200.490534037,312413.161715753,1.12550995336862,725967.100445552,1953993.02861786,0,0,0,0,0,0,116100.049309092,314974.925660898,1.13459549699667,116100.049309092,6.80301543184147,6.80301543184147,7.84884162112554,0.00904451838042689,7.84884162112554,0.00904451838042689,11.6544379658237,12.6520850279169,0.754011751642072,13.4952613540614,14.4853860556016,11.6622162056218,12.6602514884138,0.758277165965224,11.6622162056218
"Illinois","IL","17027","Clinton County",37087,12252141.2041369,11528154.7187448,28980975.4190409,109.243305508041,27273131.7917491,102.799778533581,82471510.1208535,194723004.660735,734.493578224292,516078870.703676,1218582678.17134,355435.415204367,840191.732787658,3.16840738873483,0,0,0,94368215.9097861,221996136.452484,837.293356757873,93999664.8395983,16.3212113534735,16.2603029244419,17.1821501871478,4.70268979146786,17.1214126287424,4.64246383714166,18.2279634719211,19.0870886228934,6.60054180883314,20.061770163904,20.9209542819663,18.3627148891468,19.2181705408225,6.73136810695283,18.3588017853301
"Illinois","IL","17029","Coles County",46423,81452.2996981215,81422.7656540298,206184.301444484,0.762238516666153,206100.194378435,0.761940222820827,1186611.31436128,3238839.51135155,11.6880358261589,6910952.17991749,18913990.642964,3844.75444730209,10096.1829787312,0.0369962321231032,0,0,0,1264218.8596121,3444939.70572998,12.4499760489797,1268034.08001531,11.3077851251571,11.3074224707299,12.2365305650198,0.566584885359599,12.2361225620021,0.566415601184142,13.9866130106066,14.9907259568521,2.54065948851389,15.7486181283317,16.7554125047136,14.0499657781297,15.0524172505924,2.59897732530126,14.0529790792238
"Illinois","IL","17031","Cook County",5182617,1183725827.14034,1183664348.87243,3356121001.42684,11887.9979920203,3355949593.28537,11887.3870278784,408753536.07164,1106973911.28859,3985.76545920408,2298784808.80591,6228629738.05104,18351012.481432,51775596.3109364,183.756016314746,0,0,0,1574128350.73055,4462923504.57396,15873.1524870824,1592417884.94407,20.8919327825225,20.8918808449344,21.9340516804517,9.38336871296462,21.9340006058573,9.38331732260848,19.8286229335246,20.8248959242603,8.29073551926628,21.5556464766962,22.5524221999765,21.1769675285538,22.219069882759,9.6724474356953,21.1885193810947
NA,NA,"09001",NA,NA,842821793.786715,839673800.288874,1954753775.22092,6186.67264407752,1947420366.34399,6163.65100436944,431605125.067764,1021814092.15334,3311.88866233535,2226448633.5512,5266338111.99122,14438695.3883083,33558187.5749441,106.231310800488,0,0,0,1259988223.46617,2969234458.49734,9475.53966670478,1271278925.35664,20.5522660995347,20.5485240425824,21.3935300767849,8.73031430856082,21.389771445191,8.72658680481027,19.8830216681725,20.7448454072432,8.10557579543738,21.5236736124178,22.384601102756,20.9543682122044,21.8115699987908,9.15657451455454,20.963289259331
