state,state_code,FIPS,county,pop_2024,terminated_loss,IDC_loss
Alabama,AL,1001,Autauga County,61464,48782.34739,149697.1213
Alabama,AL,1003,Baldwin County,261608,47996.87247,375820.9985
Alabama,AL,1005,Barbour County,24358,11566.24905,38335.79722
Alabama,AL,1007,Bibb County,22258,22886.30746,83349.7629
Alabama,AL,1009,Blount County,60163,365000.9386,1044698.444
Alabama,AL,1011,Bullock County,9901,4041.705152,29022.01244
Alabama,AL,1013,Butler County,18256,12981.9743,33420.07972
Alabama,AL,1015,Calhoun County,116427,103489.7765,313808.1211
Alabama,AL,1017,Chambers County,33813,42838.45358,207822.628
Alabama,AL,1019,Cherokee County,26138,8943.03895,28278.4258
Alabama,AL,1021,Chilton County,47262,88047.38009,262889.0557
Alabama,AL,1023,Choctaw County,12052,973.2115856,4914.177163
Alabama,AL,1025,Clarke County,22142,8168.927912,37641.6869
Alabama,AL,1027,Clay County,14239,11145.99387,33373.62148
Alabama,AL,1029,Cleburne County,15905,8239.657365,25153.27854
Alabama,AL,1031,Coffee County,56358,20195.81469,76554.9105
Alabama,AL,1033,Colbert County,58785,26981.23048,89815.16695
Alabama,AL,1035,Conecuh County,11109,6253.133373,23531.19055
Alabama,AL,1037,Coosa County,10291,12809.8481,41182.42525
Alabama,AL,1039,Covington County,37748,15177.83356,44481.07126
Alabama,AL,1041,Crenshaw County,13114,5597.013462,12442.69603
Alabama,AL,1043,Cullman County,92604,199053.7761,601224.9097
Alabama,AL,1045,Dale County,50067,22157.35772,102729.4846
Alabama,AL,1047,Dallas County,35545,31657.24664,111230.8066
Alabama,AL,1049,DeKalb County,73122,20066.11016,68601.1484
Alabama,AL,1051,Elmore County,91042,76738.74136,267332.2466
Alabama,AL,1053,Escambia County,36630,15085.03054,50316.6274
Alabama,AL,1055,Etowah County,103207,135117.2626,400539.9866
Alabama,AL,1057,Fayette County,15863,24147.08294,83683.19598
Alabama,AL,1059,Franklin County,31874,16095.34538,55112.57189
Alabama,AL,1061,Geneva County,27259,5847.890368,19299.35943
Alabama,AL,1063,Greene County,7127,5984.053359,28442.7863
Alabama,AL,1065,Hale County,15116,15389.47395,68959.26055
Alabama,AL,1067,Henry County,18141,7163.287534,19648.81049
Alabama,AL,1069,Houston County,109366,37611.00169,126446.9866
Alabama,AL,1071,Jackson County,53780,12769.91171,56440.92682
Alabama,AL,1073,Jefferson County,664744,10408786.99,29513954.59
Alabama,AL,1075,Lamar County,13543,5805.81408,25237.30224
Alabama,AL,1077,Lauderdale County,97502,35065.88311,127134.1083
Alabama,AL,1079,Lawrence County,33567,14380.3924,60785.94009
Alabama,AL,1081,Lee County,187847,176456.259,1500021.386
Alabama,AL,1083,Limestone County,118942,40880.54606,247673.5734
Alabama,AL,1085,Lowndes County,9485,1641.271327,12023.68374
Alabama,AL,1087,Macon County,18159,23276.70508,621195.7068
Alabama,AL,1089,Madison County,423355,181225.6021,1237771.42
Alabama,AL,1091,Marengo County,18512,17876.65894,58144.55268
Alabama,AL,1093,Marion County,29323,23194.79474,74795.86144
Alabama,AL,1095,Marshall County,102156,73313.50915,262865.5118
Alabama,AL,1097,Mobile County,412339,88821.39773,1476544.861
Alabama,AL,1099,Monroe County,19057,4673.487652,19546.53132
Alabama,AL,1101,Montgomery County,225894,297300.0856,679338.7676
Alabama,AL,1103,Morgan County,126084,69350.28949,298728.1583
Alabama,AL,1105,Perry County,7719,12410.70982,42312.87686
Alabama,AL,1107,Pickens County,18508,18415.6158,82867.05739
Alabama,AL,1109,Pike County,33124,17975.46078,64446.36705
Alabama,AL,1111,Randolph County,23067,13332.79605,49933.90056
Alabama,AL,1113,Russell County,58837,26559.46605,116599.9025
Alabama,AL,1115,St. Clair County,96927,681253.7577,1945692.094
Alabama,AL,1117,Shelby County,235969,2163138.177,6162071.537
Alabama,AL,1119,Sumter County,11607,8133.973518,28442.29385
Alabama,AL,1121,Talladega County,81375,201809.1858,591430.4729
Alabama,AL,1123,Tallapoosa County,40699,59841.8716,260515.4475
Alabama,AL,1125,Tuscaloosa County,241212,332096.2705,1939432.862
Alabama,AL,1127,Walker County,65260,319380.5916,915529.6365
Alabama,AL,1129,Washington County,15018,9036.742627,30881.30854
Alabama,AL,1131,Wilcox County,9865,3026.620095,9011.419338
Alabama,AL,1133,Winston County,23869,34268.48987,110583.365
Alaska,AK,2013,Aleutians East Borough,3632,0,216.9501347
Alaska,AK,2016,Aleutians West Census Area,5424,1.353625723,131.6979967
Alaska,AK,2020,Anchorage Municipality,289600,26920.04559,286497.6642
Alaska,AK,2050,Bethel Census Area,18237,15.56669581,104.8057407
Alaska,AK,2060,Bristol Bay Borough,884,0.676812861,4.215402093
Alaska,AK,2063,Chugach Census Area,6604,1033.672605,4215.652156
Alaska,AK,2066,Copper River Census Area,2631,8.121754338,50.58482512
Alaska,AK,2068,Denali Borough,1621,497.5471358,1919.093829
Alaska,AK,2070,Dillingham Census Area,4642,9.475380061,91.2873178
Alaska,AK,2090,Fairbanks North Star Borough,94951,243679.1068,941838.5774
Alaska,AK,2100,Haines Borough,2104,0,109.0058693
Alaska,AK,2105,Hoonah-Angoon Census Area,2312,0,233.5840057
Alaska,AK,2110,Juneau City and Borough,31572,437.2856022,5917.338806
Alaska,AK,2122,Kenai Peninsula Borough,61259,4967.173015,25936.64933
Alaska,AK,2130,Ketchikan Gateway Borough,13677,0,824.7993516
Alaska,AK,2150,Kodiak Island Borough,12654,16.24350868,718.680364
Alaska,AK,2158,Kusilvak Census Area,7946,12.18263151,104.6535259
Alaska,AK,2164,Lake and Peninsula Borough,1315,11.50581865,118.3786367
Alaska,AK,2170,Matanuska-Susitna Borough,117613,10170.02969,47245.02637
Alaska,AK,2180,Nome Census Area,9836,0,116.3265599
Alaska,AK,2185,North Slope Borough,10663,354.366023,1655.693522
Alaska,AK,2188,Northwest Arctic Borough,7134,0,36.62778071
Alaska,AK,2195,Petersburg Borough,3436,0,388.7758742
Alaska,AK,2198,Prince of Wales-Hyder Census Area,5746,0.676812861,1028.005469
Alaska,AK,2220,Sitka City and Borough,8355,0,46138.27674
Alaska,AK,2230,Skagway Municipality,1119,0,77.86133524
Alaska,AK,2240,Southeast Fairbanks Census Area,7313,2233.209202,8600.091314
Alaska,AK,2275,Wrangell City and Borough,2064,2.707251446,281.5901482
Alaska,AK,2282,Yakutat City and Borough,690,2.707251446,141.4397448
Alaska,AK,2290,Yukon-Koyukuk Census Area,5099,2243.361395,8710.039147
Arizona,AZ,4001,Apache County,64800,964.2772491,42181.93378
Arizona,AZ,4003,Cochise County,125773,7532.765155,335694.4371
Arizona,AZ,4005,Coconino County,145161,2615.473218,1463949.408
Arizona,AZ,4007,Gila County,54073,2931.836983,97736.67169
Arizona,AZ,4009,Graham County,40242,2447.876011,111345.8984
Arizona,AZ,4011,Greenlee County,9410,280.9067363,16156.14647
Arizona,AZ,4012,La Paz County,16992,275.5444864,10089.2185
Arizona,AZ,4013,Maricopa County,4673096,942714.5142,22611618.18
Arizona,AZ,4015,Mohave County,226479,1953.819069,135980.8085
Arizona,AZ,4017,Navajo County,109516,1352.008038,98443.12598
Arizona,AZ,4019,Pima County,1080149,610428.4144,24620462.27
Arizona,AZ,4021,Pinal County,513862,24742.99031,1252474.947
Arizona,AZ,4023,Santa Cruz County,50508,4261.745546,167777.748
Arizona,AZ,4025,Yavapai County,252013,6023.921195,307067.9407
Arizona,AZ,4027,Yuma County,220310,5054.198375,272897.3555
Arkansas,AR,5001,Arkansas County,16050,4403.124529,21701.09823
Arkansas,AR,5003,Ashley County,17984,3006.137764,12058.79976
Arkansas,AR,5005,Baxter County,43007,9450.443118,40119.50182
Arkansas,AR,5007,Benton County,321566,49374.3018,310921.4082
Arkansas,AR,5009,Boone County,38636,5916.492745,36799.30484
Arkansas,AR,5011,Bradley County,9935,2594.314254,11296.85696
Arkansas,AR,5013,Calhoun County,4690,1500.220139,5263.99864
Arkansas,AR,5015,Carroll County,28968,4654.304095,17722.44083
Arkansas,AR,5017,Chicot County,9272,2370.018262,9068.259479
Arkansas,AR,5019,Clark County,20920,8877.900162,37557.26857
Arkansas,AR,5021,Clay County,14112,1998.965674,19625.35854
Arkansas,AR,5023,Cleburne County,25646,6698.627307,19311.19931
Arkansas,AR,5025,Cleveland County,7367,2803.720616,12036.75126
Arkansas,AR,5027,Columbia County,22024,4235.672847,18313.30452
Arkansas,AR,5029,Conway County,21422,10902.67495,45844.62251
Arkansas,AR,5031,Craighead County,115852,21350.90429,142080.4804
Arkansas,AR,5033,Crawford County,62258,8700.183718,37960.69539
Arkansas,AR,5035,Crittenden County,46633,17782.75109,830456.4298
Arkansas,AR,5037,Cross County,16194,1524.373325,24764.93274
Arkansas,AR,5039,Dallas County,6076,2625.385243,9681.43891
Arkansas,AR,5041,Desha County,10321,3076.539757,14452.34581
Arkansas,AR,5043,Drew County,16935,4069.167572,20069.90874
Arkansas,AR,5045,Faulkner County,131611,211271.0891,892930.4714
Arkansas,AR,5047,Franklin County,17586,1060.725005,5509.901756
Arkansas,AR,5049,Fulton County,12546,2922.980226,12918.71528
Arkansas,AR,5051,Garland County,99902,71653.50186,271772.3168
Arkansas,AR,5053,Grant County,18546,28633.40368,127596.8524
Arkansas,AR,5055,Greene County,46928,7153.06065,54820.38876
Arkansas,AR,5057,Hempstead County,19105,5305.181607,23359.73997
Arkansas,AR,5059,Hot Spring County,33313,22513.2463,87896.98459
Arkansas,AR,5061,Howard County,12387,645.5021313,3711.892218
Arkansas,AR,5063,Independence County,38345,6349.914751,32473.44971
Arkansas,AR,5065,Izard County,14291,1770.667236,8948.618044
Arkansas,AR,5067,Jackson County,16673,6563.463108,25710.03026
Arkansas,AR,5069,Jefferson County,63672,93931.06544,355661.0787
Arkansas,AR,5071,Johnson County,26172,9563.903386,36421.3103
Arkansas,AR,5073,Lafayette County,6015,3213.075001,17128.83733
Arkansas,AR,5075,Lawrence County,16305,2777.584202,20310.73585
Arkansas,AR,5077,Lee County,8104,1804.618057,22139.2638
Arkansas,AR,5079,Lincoln County,12868,4153.799744,16607.48069
Arkansas,AR,5081,Little River County,11626,2559.950013,11248.53513
Arkansas,AR,5083,Logan County,21457,2088.640602,8134.705446
Arkansas,AR,5085,Lonoke County,76389,178635.4453,727210.795
Arkansas,AR,5087,Madison County,17865,1413.009935,8671.590691
Arkansas,AR,5089,Marion County,17593,2607.472286,15797.65169
Arkansas,AR,5091,Miller County,41958,8435.901739,34844.89737
Arkansas,AR,5093,Mississippi County,38095,4812.927115,56116.83699
Arkansas,AR,5095,Monroe County,6415,3000.440278,14666.54607
Arkansas,AR,5097,Montgomery County,8510,3541.334471,15149.6764
Arkansas,AR,5099,Nevada County,8004,1060.725005,5007.125214
Arkansas,AR,5101,Newton County,7026,1147.649942,7256.647053
Arkansas,AR,5103,Ouachita County,21684,5923.420504,24146.63741
Arkansas,AR,5105,Perry County,10251,3187.967795,13491.64192
Arkansas,AR,5107,Phillips County,14661,1991.818374,14322.5023
Arkansas,AR,5109,Pike County,10027,1763.847136,9449.657495
Arkansas,AR,5111,Poinsett County,22300,3541.718239,56534.377
Arkansas,AR,5113,Polk County,19434,1589.686021,8330.217595
Arkansas,AR,5115,Pope County,64829,22332.10618,92033.84776
Arkansas,AR,5117,Prairie County,7935,3750.550347,22890.45853
Arkansas,AR,5119,Pulaski County,401209,2413568.776,9219766.656
Arkansas,AR,5121,Randolph County,19040,3715.221789,24152.73182
Arkansas,AR,5123,St. Francis County,21822,6452.678436,64674.94978
Arkansas,AR,5125,Saline County,131252,452457.5476,1777773.953
Arkansas,AR,5127,Scott County,9837,621.2298707,4228.283969
Arkansas,AR,5129,Searcy County,7836,1494.427358,8006.323676
Arkansas,AR,5131,Sebastian County,130035,21684.67094,93723.18486
Arkansas,AR,5133,Sevier County,15735,696.100341,4126.808552
Arkansas,AR,5135,Sharp County,18130,2948.612295,14556.24378
Arkansas,AR,5137,Stone County,12785,1312.692622,6790.747352
Arkansas,AR,5139,Union County,37008,10532.32116,39334.6936
Arkansas,AR,5141,Van Buren County,16152,2778.175517,14390.19207
Arkansas,AR,5143,Washington County,266184,220042.0759,1864580.904
Arkansas,AR,5145,White County,79091,57877.20796,241086.3896
Arkansas,AR,5147,Woodruff County,5808,1610.287604,8724.055136
Arkansas,AR,5149,Yell County,20134,7827.425505,31613.58916
California,CA,6001,Alameda County,1649060,1363083.347,64925827.37
California,CA,6003,Alpine County,1099,176.2795285,8579.026247
California,CA,6005,Amador County,42026,18144.0901,622927.7001
California,CA,6007,Butte County,208334,4161.98296,489008.1902
California,CA,6009,Calaveras County,46505,3426.0934,305976.4932
California,CA,6011,Colusa County,22074,387.1130775,174768.1863
California,CA,6013,Contra Costa County,1172607,531259.9412,33110902.97
California,CA,6015,Del Norte County,27009,592.2213446,24782.90024
California,CA,6017,El Dorado County,192823,7824.860403,1216594.287
California,CA,6019,Fresno County,1024125,56498.17888,2799285.263
California,CA,6021,Glenn County,28304,33.34727467,26413.70502
California,CA,6023,Humboldt County,132380,1919.259159,91070.90707
California,CA,6025,Imperial County,181724,11936.12547,389195.3351
California,CA,6027,Inyo County,18485,382.499542,115837.9193
California,CA,6029,Kern County,922529,59443.53565,1183516.158
California,CA,6031,Kings County,154913,5069.262736,258492.814
California,CA,6033,Lake County,67764,1762.504338,95755.5726
California,CA,6035,Lassen County,28340,433.3520475,11772.31617
California,CA,6037,Los Angeles County,9757179,12574939.24,200635978.2
California,CA,6039,Madera County,165432,3638.507415,311988.1539
California,CA,6041,Marin County,256400,159957.39,11799867.31
California,CA,6043,Mariposa County,17048,356.9005027,159314.8848
California,CA,6045,Mendocino County,89175,1310.617133,210901.11
California,CA,6047,Merced County,296774,21859.94375,1592040.386
California,CA,6049,Modoc County,8491,32.28851525,1238.099703
California,CA,6051,Mono County,12991,256.1450409,53474.42338
California,CA,6053,Monterey County,436251,161943.2386,3723855.154
California,CA,6055,Napa County,132727,11323.54218,1460629.67
California,CA,6057,Nevada County,102195,1395.887524,251202.6272
California,CA,6059,Orange County,3170435,869884.6192,42286875.84
California,CA,6061,Placer County,433822,47956.91695,3547019.936
California,CA,6063,Plumas County,18834,270.9277614,48404.99327
California,CA,6065,Riverside County,2529933,598267.9855,16122057.15
California,CA,6067,Sacramento County,1611231,224657.7883,18326173.31
California,CA,6069,San Benito County,69159,11101.17659,318084.4265
California,CA,6071,San Bernardino County,2214281,457105.1667,15873977.73
California,CA,6073,San Diego County,3298799,3463529.393,203020873.1
California,CA,6075,San Francisco County,827526,819848.7313,76334180.71
California,CA,6077,San Joaquin County,816108,391222.8772,5858921.379
California,CA,6079,San Luis Obispo County,281843,30785.45307,807393.5688
California,CA,6081,San Mateo County,742893,1919867.221,60667166.1
California,CA,6083,Santa Barbara County,444500,17449.63186,3505281.846
California,CA,6085,Santa Clara County,1926325,2877768.25,58840667.81
California,CA,6087,Santa Cruz County,262406,158166.2542,8798866.085
California,CA,6089,Shasta County,181121,1896.017822,182415.0522
California,CA,6091,Sierra County,3113,147.4966097,2521.053541
California,CA,6093,Siskiyou County,42498,1189.658883,65597.71808
California,CA,6095,Solano County,455101,140956.3406,12188063.73
California,CA,6097,Sonoma County,485375,83626.33647,6619513.234
California,CA,6099,Stanislaus County,556972,83177.53053,2480771.801
California,CA,6101,Sutter County,98545,10029.50669,636829.038
California,CA,6103,Tehama County,64451,8520.944919,300387.4276
California,CA,6105,Trinity County,15642,118.5050004,2879.733489
California,CA,6107,Tulare County,483546,15263.83528,611470.605
California,CA,6109,Tuolumne County,53893,18497.60274,873377.4053
California,CA,6111,Ventura County,835427,291558.7177,5922003.503
California,CA,6113,Yolo County,225251,15767.90024,19229745.84
California,CA,6115,Yuba County,87469,9994.039779,715318.6118
Colorado,CO,8001,Adams County,542973,10923.85149,7439482.588
Colorado,CO,8003,Alamosa County,16689,39.18927223,11309.70515
Colorado,CO,8005,Arapahoe County,666918,64626.26942,16990929.73
Colorado,CO,8007,Archuleta County,14112,94.18825902,24376.20511
Colorado,CO,8009,Baca County,3367,0,8250.876265
Colorado,CO,8011,Bent County,5779,54.99898679,3486.793512
Colorado,CO,8013,Boulder County,330262,11398.93447,8050633.258
Colorado,CO,8014,Broomfield County,78323,4587.786185,1436377.329
Colorado,CO,8015,Chaffee County,20780,117.5678167,45128.33484
Colorado,CO,8017,Cheyenne County,1712,0,117.6802838
Colorado,CO,8019,Clear Creek County,9076,146.7214223,66886.2328
Colorado,CO,8021,Conejos County,7549,0,8744.260504
Colorado,CO,8023,Costilla County,3686,0,6780.796786
Colorado,CO,8025,Crowley County,5600,0.676812861,13361.22693
Colorado,CO,8027,Custer County,5553,0,6080.370369
Colorado,CO,8029,Delta County,32215,319.2882258,26947.32242
Colorado,CO,8031,Denver County,729019,106071.2317,21756049.77
Colorado,CO,8033,Dolores County,2467,0,2804.608897
Colorado,CO,8035,Douglas County,393995,17018.54781,4635083.666
Colorado,CO,8037,Eagle County,54330,352.7034501,226046.5166
Colorado,CO,8039,Elbert County,29382,913.7229195,315126.6474
Colorado,CO,8041,El Paso County,752772,16866.47353,3792968.24
Colorado,CO,8043,Fremont County,50093,1296.27048,143296.6669
Colorado,CO,8045,Garfield County,63167,621.69481,64385.16396
Colorado,CO,8047,Gilpin County,5963,0,80213.53967
Colorado,CO,8049,Grand County,16154,74.60311638,15275.55077
Colorado,CO,8051,Gunnison County,17310,275.7505853,23331.38744
Colorado,CO,8053,Hinsdale County,747,0,63.91924827
Colorado,CO,8055,Huerfano County,6988,78.37854447,2507.564766
Colorado,CO,8057,Jackson County,1273,0,11289.42407
Colorado,CO,8059,Jefferson County,578533,120058.1404,7963675.175
Colorado,CO,8061,Kiowa County,1392,0,3112.959996
Colorado,CO,8063,Kit Carson County,7080,0,4161.895182
Colorado,CO,8065,Lake County,7369,156.7570889,12373.42805
Colorado,CO,8067,La Plata County,56823,604.121857,88214.28577
Colorado,CO,8069,Larimer County,374574,6930.671865,9135391.849
Colorado,CO,8071,Las Animas County,14518,225.0999667,16888.78342
Colorado,CO,8073,Lincoln County,5598,68.34287782,11424.39412
Colorado,CO,8075,Logan County,20755,172.5668035,273339.436
Colorado,CO,8077,Mesa County,161260,830.1751598,89010.21825
Colorado,CO,8079,Mineral County,933,0,3782.519131
Colorado,CO,8081,Moffat County,13142,78.37854447,28839.64723
Colorado,CO,8083,Montezuma County,26841,197.9767997,6104.209428
Colorado,CO,8085,Montrose County,44806,442.6512303,41408.52443
Colorado,CO,8087,Morgan County,30300,484.7352637,103752.2955
Colorado,CO,8089,Otero County,17991,169.976063,4669.105312
Colorado,CO,8091,Ouray County,5197,0,1354.793948
Colorado,CO,8093,Park County,18316,408.4585797,20428.13088
Colorado,CO,8095,Phillips County,4488,0,15786.88364
Colorado,CO,8097,Pitkin County,16643,437.8283328,49589.14082
Colorado,CO,8099,Prowers County,11957,250.945348,30285.64885
Colorado,CO,8101,Pueblo County,169866,3065.411876,220366.448
Colorado,CO,8103,Rio Blanco County,6607,107.53215,5198.918479
Colorado,CO,8105,Rio Grande County,11132,39.18927223,12914.76987
Colorado,CO,8107,Routt County,25243,321.327161,90239.53159
Colorado,CO,8109,Saguache County,6670,78.37854447,4039.915034
Colorado,CO,8111,San Juan County,821,0,2498.134134
Colorado,CO,8113,San Miguel County,7819,54.99898679,5019.873092
Colorado,CO,8115,Sedgwick County,2257,0.676812861,1079.45069
Colorado,CO,8117,Summit County,30882,396.4337571,101787.46
Colorado,CO,8119,Teller County,24862,755.8835454,78590.45735
Colorado,CO,8121,Washington County,4771,0,25663.6899
Colorado,CO,8123,Weld County,369745,3334.143649,3760320.366
Colorado,CO,8125,Yuma County,10048,0,1394.032937
Connecticut,CT,9110,Capitol Planning Region,991508,2103679.385,25966794.98
Connecticut,CT,9120,Greater Bridgeport Planning Region,335666,853605.0016,11678623.14
Connecticut,CT,9130,Lower Connecticut River Valley Planning Region,177540,511177.895,7164678.555
Connecticut,CT,9140,Naugatuck Valley Planning Region,462220,1226598.468,17377172.7
Connecticut,CT,9150,Northeastern Connecticut Planning Region,97701,230758.3113,2051357.061
Connecticut,CT,9160,Northwest Hills Planning Region,114101,191861.5778,2879036.134
Connecticut,CT,9170,South Central Connecticut Planning Region,576718,6734428.204,87344041.5
Connecticut,CT,9180,Southeastern Connecticut Planning Region,282602,474877.8366,4900296.899
Connecticut,CT,9190,Western Connecticut Planning Region,637013,716843.4478,10577366.25
Delaware,DE,10001,Kent County,192690,25766.09056,1583081.391
Delaware,DE,10003,New Castle County,588093,300306.6951,11132100.05
Delaware,DE,10005,Sussex County,271134,14031.11406,545055.9367
District of Columbia,DC,11001,District of Columbia,702250,2028475.912,11733713.03
Florida,FL,12001,Alachua County,291782,3946969.992,35131238.53
Florida,FL,12003,Baker County,29325,10179.17419,114000.5904
Florida,FL,12005,Bay County,199718,13914.05001,149113.1438
Florida,FL,12007,Bradford County,28075,125911.9403,1125129.527
Florida,FL,12009,Brevard County,658447,55535.29804,585502.9035
Florida,FL,12011,Broward County,2037472,529589.8576,6136484.827
Florida,FL,12013,Calhoun County,13278,5014.10111,50546.96121
Florida,FL,12015,Charlotte County,212122,5709.104262,122363.7154
Florida,FL,12017,Citrus County,170174,16080.73797,192770.6875
Florida,FL,12019,Clay County,236760,129366.5411,1551303.853
Florida,FL,12021,Collier County,416233,11934.80975,304267.9552
Florida,FL,12023,Columbia County,73977,160925.5012,1478671.953
Florida,FL,12027,DeSoto County,36744,1771.60069,20793.69591
Florida,FL,12029,Dixie County,17614,38646.6792,345590.2491
Florida,FL,12031,Duval County,1055159,106945.0361,6884264.962
Florida,FL,12033,Escambia County,331275,11769.67544,302596.552
Florida,FL,12035,Flagler County,136744,52999.13432,509818.7367
Florida,FL,12037,Franklin County,12979,1938.114749,33745.95495
Florida,FL,12039,Gadsden County,44151,26901.99575,522901.4479
Florida,FL,12041,Gilchrist County,20233,86034.80833,775381.5677
Florida,FL,12043,Glades County,13132,1174.489158,14134.14502
Florida,FL,12045,Gulf County,15876,2801.940121,39541.56765
Florida,FL,12047,Hamilton County,14334,4897.23816,46099.51289
Florida,FL,12049,Hardee County,26068,1153.413135,14893.13822
Florida,FL,12051,Hendry County,46130,1248.094359,17477.53893
Florida,FL,12053,Hernando County,218150,9373.352892,362612.1266
Florida,FL,12055,Highlands County,109778,4338.367583,59919.08246
Florida,FL,12057,Hillsborough County,1581426,317715.5072,18928275.63
Florida,FL,12059,Holmes County,19876,967.6907367,19939.59587
Florida,FL,12061,Indian River County,172139,8335.728648,135180.3485
Florida,FL,12063,Jackson County,49980,5370.920003,52937.75401
Florida,FL,12065,Jefferson County,15921,6095.927422,111153.0817
Florida,FL,12067,Lafayette County,8640,5528.393803,53181.63259
Florida,FL,12069,Lake County,444204,25411.99028,308386.135
Florida,FL,12071,Lee County,860959,31510.76524,627499.4782
Florida,FL,12073,Leon County,300488,428756.6061,8076034.472
Florida,FL,12075,Levy County,47765,185611.9987,1654151.09
Florida,FL,12077,Liberty County,7955,1507.467311,22500.12333
Florida,FL,12079,Madison County,18364,4840.562555,53447.23046
Florida,FL,12081,Manatee County,458352,26746.05009,865698.9881
Florida,FL,12083,Marion County,428905,280737.8129,2551063.545
Florida,FL,12085,Martin County,165666,8996.246386,391857.7711
Florida,FL,12086,Miami-Dade County,2838461,3216661.532,29838352.66
Florida,FL,12087,Monroe County,80908,10452.73756,121345.8232
Florida,FL,12089,Nassau County,104376,8233.943657,262507.7485
Florida,FL,12091,Okaloosa County,220483,14759.67756,174855.6278
Florida,FL,12093,Okeechobee County,42369,876.8144444,31791.44614
Florida,FL,12095,Orange County,1533646,381872.4211,2670214.064
Florida,FL,12097,Osceola County,468058,30493.76231,328551.5785
Florida,FL,12099,Palm Beach County,1582055,132891.7911,3508214.009
Florida,FL,12101,Pasco County,659114,69141.67624,3944505.525
Florida,FL,12103,Pinellas County,965870,82465.24066,2834898.548
Florida,FL,12105,Polk County,852878,30791.6963,718043.5722
Florida,FL,12107,Putnam County,77301,46177.62221,446876.7765
Florida,FL,12109,St. Johns County,334928,29498.86752,1370613.955
Florida,FL,12111,St. Lucie County,390670,19289.27316,360831.5293
Florida,FL,12113,Santa Rosa County,207653,6252.481601,112040.7775
Florida,FL,12115,Sarasota County,476604,25298.35341,591101.4602
Florida,FL,12117,Seminole County,494605,198474.0815,1183430.388
Florida,FL,12119,Sumter County,154693,10857.34238,130205.5497
Florida,FL,12121,Suwannee County,47536,42356.38322,391411.5466
Florida,FL,12123,Taylor County,21843,1098.875833,22701.92803
Florida,FL,12125,Union County,15738,69515.77906,626526.5418
Florida,FL,12127,Volusia County,602772,47492.01346,495918.0096
Florida,FL,12129,Wakulla County,37115,19299.77122,358801.6639
Florida,FL,12131,Walton County,89666,4083.94898,52962.39806
Florida,FL,12133,Washington County,26503,1735.700363,21729.82328
Georgia,GA,13001,Appling County,18669,2837.194377,14206.6723
Georgia,GA,13003,Atkinson County,8435,464.0630188,4131.004293
Georgia,GA,13005,Bacon County,11045,450.7894212,3069.040057
Georgia,GA,13007,Baker County,2732,359.4020428,4956.571847
Georgia,GA,13009,Baldwin County,43644,15548.6533,96543.13521
Georgia,GA,13011,Banks County,20318,2525.006514,26407.10225
Georgia,GA,13013,Barrow County,96294,122509.7837,660517.223
Georgia,GA,13015,Bartow County,117508,62104.87415,409987.9276
Georgia,GA,13017,Ben Hill County,16945,1449.652848,6987.027198
Georgia,GA,13019,Berrien County,18666,10631.21948,46187.38273
Georgia,GA,13021,Bibb County,157056,75953.48079,436336.355
Georgia,GA,13023,Bleckley County,12626,1622.687279,13462.1028
Georgia,GA,13025,Brantley County,18795,1376.086891,12799.94236
Georgia,GA,13027,Brooks County,16344,5288.275955,19231.5138
Georgia,GA,13029,Bryan County,51105,6815.975002,36360.65637
Georgia,GA,13031,Bulloch County,85454,10647.80339,99723.38834
Georgia,GA,13033,Burke County,24472,83307.12213,362961.3381
Georgia,GA,13035,Butts County,27127,13678.14973,40127.75502
Georgia,GA,13037,Calhoun County,5441,840.1702071,7198.998504
Georgia,GA,13039,Camden County,59099,19303.39348,98976.42405
Georgia,GA,13043,Candler County,11130,1316.701368,9219.705481
Georgia,GA,13045,Carroll County,129911,102289.8197,533342.3638
Georgia,GA,13047,Catoosa County,68940,6281.744182,43226.44549
Georgia,GA,13049,Charlton County,13021,483.6972785,7771.474081
Georgia,GA,13051,Chatham County,307336,83252.23752,451719.7572
Georgia,GA,13053,Chattahoochee County,8548,3137.312049,11112.00321
Georgia,GA,13055,Chattooga County,25306,14043.19281,65265.5446
Georgia,GA,13057,Cherokee County,293513,201245.6446,1255340.212
Georgia,GA,13059,Clarke County,129995,848978.7848,3637974.814
Georgia,GA,13061,Clay County,2815,357.966856,4757.337633
Georgia,GA,13063,Clayton County,297703,771938.5967,3240305.934
Georgia,GA,13065,Clinch County,6871,296.1960448,2758.027949
Georgia,GA,13067,Cobb County,787538,1633332.311,8221653.847
Georgia,GA,13069,Coffee County,43851,1586.939341,13478.55883
Georgia,GA,13071,Colquitt County,46977,13381.44074,66126.24433
Georgia,GA,13073,Columbia County,167472,900356.6107,3911333.696
Georgia,GA,13075,Cook County,17984,2787.377961,21207.49456
Georgia,GA,13077,Coweta County,158233,115574.4139,823963.026
Georgia,GA,13079,Crawford County,12349,4028.170321,23267.35678
Georgia,GA,13081,Crisp County,19468,2735.25595,19867.45698
Georgia,GA,13083,Dade County,16068,9318.959477,45296.26858
Georgia,GA,13085,Dawson County,33748,14007.26093,155047.1503
Georgia,GA,13087,Decatur County,29391,6560.923896,52904.14944
Georgia,GA,13089,DeKalb County,770307,4440264.236,34913212.04
Georgia,GA,13091,Dodge County,19630,2557.980017,19917.16308
Georgia,GA,13093,Dooly County,11186,931.1688321,4851.846254
Georgia,GA,13095,Dougherty County,82418,16344.11941,91413.76282
Georgia,GA,13097,Douglas County,151887,280565.7857,1007912.252
Georgia,GA,13099,Early County,10444,1588.174843,10843.59266
Georgia,GA,13101,Echols County,3698,7346.345067,29663.28596
Georgia,GA,13103,Effingham County,73148,9825.891974,72242.76573
Georgia,GA,13105,Elbert County,20152,14112.46252,68859.38687
Georgia,GA,13107,Emanuel County,23224,8635.467995,46238.80183
Georgia,GA,13109,Evans County,10869,908.5225255,5690.687336
Georgia,GA,13111,Fannin County,25854,3688.872908,31749.83821
Georgia,GA,13113,Fayette County,125107,255896.6181,1120795.102
Georgia,GA,13115,Floyd County,101390,52833.60296,363869.9581
Georgia,GA,13117,Forsyth County,280096,130548.1539,1238799.518
Georgia,GA,13119,Franklin County,25208,12881.41838,99430.02264
Georgia,GA,13121,Fulton County,1090354,4240290.507,22964419.95
Georgia,GA,13123,Gilmer County,33327,7769.867733,44451.73404
Georgia,GA,13125,Glascock County,3008,4764.971345,22618.66315
Georgia,GA,13127,Glynn County,86540,23142.46367,157139.5802
Georgia,GA,13129,Gordon County,60765,9232.486627,73700.21116
Georgia,GA,13131,Grady County,26271,5555.873885,53061.32281
Georgia,GA,13133,Greene County,21091,13987.47735,63342.12554
Georgia,GA,13135,Gwinnett County,1003869,1448214.923,12872828.39
Georgia,GA,13137,Habersham County,49665,14142.88736,63504.62593
Georgia,GA,13139,Hall County,221745,68093.68325,452574.4085
Georgia,GA,13141,Hancock County,8683,3321.91653,17311.13586
Georgia,GA,13143,Haralson County,32404,11382.99336,36772.69794
Georgia,GA,13145,Harris County,36929,5349.903951,37844.14359
Georgia,GA,13147,Hart County,28052,20652.16856,113107.0395
Georgia,GA,13149,Heard County,12119,11816.98247,39724.47015
Georgia,GA,13151,Henry County,259315,396148.603,2634183.977
Georgia,GA,13153,Houston County,174897,28710.99223,167553.0182
Georgia,GA,13155,Irwin County,9155,448.9654811,3014.03269
Georgia,GA,13157,Jackson County,93825,118426.2389,599694.1292
Georgia,GA,13159,Jasper County,17219,2619.983087,24490.04883
Georgia,GA,13161,Jeff Davis County,15119,1885.040509,9164.870543
Georgia,GA,13163,Jefferson County,15019,37295.02698,161534.5623
Georgia,GA,13165,Jenkins County,8836,14149.01473,63335.357
Georgia,GA,13167,Johnson County,9178,955.0366111,9513.13091
Georgia,GA,13169,Jones County,29047,7412.933942,66033.46532
Georgia,GA,13171,Lamar County,20690,7305.267293,40078.45464
Georgia,GA,13173,Lanier County,10464,9028.783314,39499.58303
Georgia,GA,13175,Laurens County,50287,9509.996072,85710.26474
Georgia,GA,13177,Lee County,34073,4914.69772,18165.06206
Georgia,GA,13179,Liberty County,68607,15995.5844,94441.94064
Georgia,GA,13181,Lincoln County,8049,17328.88106,82946.2551
Georgia,GA,13183,Long County,20439,3251.3919,18979.66422
Georgia,GA,13185,Lowndes County,122082,20582.21345,116778.1258
Georgia,GA,13187,Lumpkin County,36016,2171.185546,21378.07022
Georgia,GA,13189,McDuffie County,21764,84932.6805,366061.5462
Georgia,GA,13191,McIntosh County,11800,4221.733163,27123.89678
Georgia,GA,13193,Macon County,11831,3119.432023,9572.722516
Georgia,GA,13195,Madison County,32771,150660.9376,646296.9523
Georgia,GA,13197,Marion County,7635,2002.87227,4475.930887
Georgia,GA,13199,Meriwether County,21439,13589.08595,46166.37798
Georgia,GA,13201,Miller County,5824,912.5598449,9579.819374
Georgia,GA,13205,Mitchell County,20329,3048.939346,23373.71521
Georgia,GA,13207,Monroe County,31437,8156.518641,46404.35566
Georgia,GA,13209,Montgomery County,8566,1294.055061,6005.600691
Georgia,GA,13211,Morgan County,21940,58834.53738,248751.9345
Georgia,GA,13213,Murray County,41316,3766.973691,37744.05111
Georgia,GA,13215,Muscogee County,201830,63869.23959,241357.0485
Georgia,GA,13217,Newton County,124010,193900.9733,1457808.835
Georgia,GA,13219,Oconee County,44751,672941.8613,2728527.755
Georgia,GA,13221,Oglethorpe County,16172,135396.4425,563993.4806
Georgia,GA,13223,Paulding County,188549,146762.5503,594050.637
Georgia,GA,13225,Peach County,29213,8330.611074,34275.43484
Georgia,GA,13227,Pickens County,36580,19308.80217,144050.6002
Georgia,GA,13229,Pierce County,20669,1013.403593,12121.3265
Georgia,GA,13231,Pike County,20669,13144.06462,42827.65776
Georgia,GA,13233,Polk County,44610,18893.79348,84281.06749
Georgia,GA,13235,Pulaski County,10180,707.4176816,5959.669499
Georgia,GA,13237,Putnam County,23383,6013.911815,36065.57158
Georgia,GA,13239,Quitman County,2323,297.6039683,2681.786442
Georgia,GA,13241,Rabun County,17711,1770.467326,17053.70037
Georgia,GA,13243,Randolph County,6085,3319.546375,10112.29483
Georgia,GA,13245,Richmond County,206303,1499882.91,6464425.909
Georgia,GA,13247,Rockdale County,97610,214211.8451,1361614.95
Georgia,GA,13249,Schley County,4503,213.1595872,5613.785271
Georgia,GA,13251,Screven County,14325,11965.48869,48666.5533
Georgia,GA,13253,Seminole County,9274,677.2226061,4118.253339
Georgia,GA,13255,Spalding County,70292,44897.76961,236094.184
Georgia,GA,13257,Stephens County,27498,27807.50305,145288.5337
Georgia,GA,13259,Stewart County,4809,2383.485987,17325.71531
Georgia,GA,13261,Sumter County,28972,3726.272592,24367.77389
Georgia,GA,13263,Talbot County,5755,4445.190013,7677.964562
Georgia,GA,13265,Taliaferro County,1620,1065.797936,4567.935916
Georgia,GA,13267,Tattnall County,24275,6137.398081,27576.07585
Georgia,GA,13269,Taylor County,7783,1334.329601,7132.386875
Georgia,GA,13271,Telfair County,11000,2491.849956,11335.45362
Georgia,GA,13273,Terrell County,8698,772.9427464,5789.919133
Georgia,GA,13275,Thomas County,46054,15472.33433,125739.705
Georgia,GA,13277,Tift County,41708,13763.33311,68472.51104
Georgia,GA,13279,Toombs County,27488,3451.75981,24888.17123
Georgia,GA,13281,Towns County,13184,10324.47593,46036.47269
Georgia,GA,13283,Treutlen County,6420,2389.558482,7133.025525
Georgia,GA,13285,Troup County,71513,21544.81374,103930.6273
Georgia,GA,13287,Turner County,9023,1410.302125,10073.99239
Georgia,GA,13289,Twiggs County,7728,2314.138589,8444.013809
Georgia,GA,13291,Union County,27601,12595.74009,49778.39091
Georgia,GA,13293,Upson County,28358,4260.233936,20198.21094
Georgia,GA,13295,Walker County,69340,11628.09994,41820.52368
Georgia,GA,13297,Walton County,109792,62758.29216,493769.2286
Georgia,GA,13299,Ware County,36222,2409.821744,21130.44771
Georgia,GA,13301,Warren County,5148,25189.53892,109448.6153
Georgia,GA,13303,Washington County,19834,15573.46712,68600.17911
Georgia,GA,13305,Wayne County,32132,3113.81404,21941.7824
Georgia,GA,13307,Webster County,2315,213.1595872,1047.881664
Georgia,GA,13309,Wheeler County,7076,1163.904668,10331.85626
Georgia,GA,13311,White County,29668,11161.35142,49206.31213
Georgia,GA,13313,Whitfield County,105070,29808.24874,198460.1379
Georgia,GA,13315,Wilcox County,8904,2807.644691,7660.426559
Georgia,GA,13317,Wilkes County,9567,13514.18083,59918.46698
Georgia,GA,13319,Wilkinson County,8667,3560.813579,26235.79537
Georgia,GA,13321,Worth County,20262,8569.299303,43607.59082
Hawaii,HI,15001,Hawaii County,209790,334.5510393,360656.3403
Hawaii,HI,15003,Honolulu County,998747,12806.43029,11117801.51
Hawaii,HI,15005,Kalawao County,81,0,16769.60356
Hawaii,HI,15007,Kauai County,73840,0.676812861,66698.29052
Hawaii,HI,15009,Maui County,163688,235.9280623,303625.1166
Idaho,ID,16001,Ada County,535799,5110.851976,1150482.904
Idaho,ID,16003,Adams County,4998,0,791.1987537
Idaho,ID,16005,Bannock County,91010,1571.88619,192868.6798
Idaho,ID,16007,Bear Lake County,6779,0,340.6227517
Idaho,ID,16009,Benewah County,10529,364.5577999,14796.00362
Idaho,ID,16011,Bingham County,50889,571.5358535,23293.98163
Idaho,ID,16013,Blaine County,25261,357.8771745,6927.762095
Idaho,ID,16015,Boise County,8581,0,6208.847967
Idaho,ID,16017,Bonner County,53955,81.40587824,83380.49856
Idaho,ID,16019,Bonneville County,133644,1727.28576,91978.08086
Idaho,ID,16021,Boundary County,14040,40.69379882,6946.016773
Idaho,ID,16023,Butte County,2735,0,158.1698218
Idaho,ID,16025,Camas County,1247,0,28.93003473
Idaho,ID,16027,Canyon County,266892,1036.799089,164589.1169
Idaho,ID,16029,Caribou County,7239,205.0286334,7043.729218
Idaho,ID,16031,Cassia County,25976,501.2435555,14638.17642
Idaho,ID,16033,Clark County,794,0,566.394865
Idaho,ID,16035,Clearwater County,9151,0,54565.81079
Idaho,ID,16037,Custer County,4597,0,980.3305952
Idaho,ID,16039,Elmore County,29729,0,10516.52097
Idaho,ID,16041,Franklin County,15638,273.3715113,9626.713505
Idaho,ID,16043,Fremont County,14399,70.92424242,11629.75211
Idaho,ID,16045,Gem County,21857,0,6813.226664
Idaho,ID,16047,Gooding County,16189,40.69379882,1236.453701
Idaho,ID,16049,Idaho County,17912,68.34287782,14606.83934
Idaho,ID,16051,Jefferson County,34854,353.388996,12403.90375
Idaho,ID,16053,Jerome County,26056,289.5342967,5626.56252
Idaho,ID,16055,Kootenai County,188323,1493.634934,581071.6986
Idaho,ID,16057,Latah County,42180,887.7775815,1689850.684
Idaho,ID,16059,Lemhi County,8397,388.199214,10189.09532
Idaho,ID,16061,Lewis County,3728,0,6078.217896
Idaho,ID,16063,Lincoln County,5556,0,277.7790184
Idaho,ID,16065,Madison County,55549,450.5251897,26728.75714
Idaho,ID,16067,Minidoka County,22691,0,1319.090411
Idaho,ID,16069,Nez Perce County,42847,309.6241498,222996.8477
Idaho,ID,16071,Oneida County,4976,0,890.4160064
Idaho,ID,16073,Owyhee County,12748,0,1808.88593
Idaho,ID,16075,Payette County,27662,0,5975.436679
Idaho,ID,16077,Power County,8381,68.34287782,5241.662749
Idaho,ID,16079,Shoshone County,14074,68.34287782,11509.59798
Idaho,ID,16081,Teton County,12932,0,2887.457007
Idaho,ID,16083,Twin Falls County,96509,0,7966.403996
Idaho,ID,16085,Valley County,12777,0,2694.182984
Idaho,ID,16087,Washington County,11539,0,2400.240025
Illinois,IL,17001,Adams County,64109,1912.948405,22012.38366
Illinois,IL,17003,Alexander County,4594,1376.248865,3829.557356
Illinois,IL,17005,Bond County,16576,1068.710251,17341.11044
Illinois,IL,17007,Boone County,53313,4177.416236,74847.52015
Illinois,IL,17009,Brown County,6307,206.4883455,3849.470149
Illinois,IL,17011,Bureau County,32486,3259.926828,44164.61108
Illinois,IL,17013,Calhoun County,4224,62.78952878,11529.20819
Illinois,IL,17015,Carroll County,15444,1416.408118,14155.2112
Illinois,IL,17017,Cass County,12713,47255.89716,392612.4666
Illinois,IL,17019,Champaign County,212374,61510.54589,10972313.6
Illinois,IL,17021,Christian County,33247,770.7992706,47755.6559
Illinois,IL,17023,Clark County,15076,108.0391561,18294.46461
Illinois,IL,17025,Clay County,12821,241.4079235,17509.26151
Illinois,IL,17027,Clinton County,37087,4996.198851,53269.7131
Illinois,IL,17029,Coles County,46423,4041.302109,321030.9209
Illinois,IL,17031,Cook County,5182617,19016148.98,171973036.1
Illinois,IL,17033,Crawford County,18388,226.0662311,30274.57266
Illinois,IL,17035,Cumberland County,10305,242.1941174,53317.12451
Illinois,IL,17037,DeKalb County,101335,15966.73879,268719.0801
Illinois,IL,17039,De Witt County,15319,4573.997595,117389.2349
Illinois,IL,17041,Douglas County,19824,1197.826053,449368.6979
Illinois,IL,17043,DuPage County,937142,961518.6691,10034680.16
Illinois,IL,17045,Edgar County,16398,353.1680741,73100.01842
Illinois,IL,17047,Edwards County,5984,445.0041748,6768.28677
Illinois,IL,17049,Effingham County,34602,498.988953,37079.43905
Illinois,IL,17051,Fayette County,21157,581.594094,23593.93332
Illinois,IL,17053,Ford County,13451,1038.522277,260876.0483
Illinois,IL,17055,Franklin County,37033,506.93132,23107.23983
Illinois,IL,17057,Fulton County,32510,2788.603243,38748.24376
Illinois,IL,17059,Gallatin County,4690,53.865466,1104.684308
Illinois,IL,17061,Greene County,11417,23831.04346,216765.1668
Illinois,IL,17063,Grundy County,53835,36816.46083,318117.2371
Illinois,IL,17065,Hamilton County,7818,71.10154814,1264.786639
Illinois,IL,17067,Hancock County,17008,3393.674189,37683.84518
Illinois,IL,17069,Hardin County,3550,720.7444285,4051.16611
Illinois,IL,17071,Henderson County,6048,8.571499014,762.5544788
Illinois,IL,17073,Henry County,48177,5581.391337,74502.48601
Illinois,IL,17075,Iroquois County,26067,1291.933422,144053.6281
Illinois,IL,17077,Jackson County,53199,2238.384507,47238.24123
Illinois,IL,17079,Jasper County,9092,342.763669,10344.4517
Illinois,IL,17081,Jefferson County,36107,673.6482459,17153.16553
Illinois,IL,17083,Jersey County,21150,29260.33683,212417.8417
Illinois,IL,17085,Jo Daviess County,21528,353.6706638,11707.13653
Illinois,IL,17087,Johnson County,13320,1808.869987,11551.19532
Illinois,IL,17089,Kane County,520997,214518.8418,2199868.838
Illinois,IL,17091,Kankakee County,106410,38731.36867,438743.2972
Illinois,IL,17093,Kendall County,143171,53488.24868,598116.3441
Illinois,IL,17095,Knox County,48716,6741.779397,89926.49685
Illinois,IL,17097,Lake County,718604,807692.677,7597426.994
Illinois,IL,17099,LaSalle County,108390,13741.91624,209426.9716
Illinois,IL,17101,Lawrence County,14801,1648.659189,14216.40462
Illinois,IL,17103,Lee County,33544,5752.175134,58660.75057
Illinois,IL,17105,Livingston County,35375,3449.885328,100837.6166
Illinois,IL,17107,Logan County,27518,3692.071142,53524.36104
Illinois,IL,17109,McDonough County,26662,3600.267656,38706.11453
Illinois,IL,17111,McHenry County,315959,124723.2122,1371390.328
Illinois,IL,17113,McLean County,172069,20256.02703,618547.8503
Illinois,IL,17115,Macon County,100737,13547.13077,287303.2934
Illinois,IL,17117,Macoupin County,43895,51949.20815,430470.9239
Illinois,IL,17119,Madison County,263017,420114.0285,2971765.598
Illinois,IL,17121,Marion County,36437,2572.523648,29775.66038
Illinois,IL,17123,Marshall County,11552,1235.583369,9317.761444
Illinois,IL,17125,Mason County,12543,56.63472904,14327.56564
Illinois,IL,17127,Massac County,13627,0,1390.245585
Illinois,IL,17129,Menard County,11963,1260.395788,31051.44282
Illinois,IL,17131,Mercer County,15292,1147.694183,52108.25174
Illinois,IL,17133,Monroe County,34969,26994.20875,268261.5206
Illinois,IL,17135,Montgomery County,27615,2626.439047,32683.58386
Illinois,IL,17137,Morgan County,32618,23994.08612,273069.174
Illinois,IL,17139,Moultrie County,14365,2236.431033,90687.13769
Illinois,IL,17141,Ogle County,51345,9265.453877,81781.26856
Illinois,IL,17143,Peoria County,179630,25097.4975,322361.2336
Illinois,IL,17145,Perry County,20272,442.7291627,11511.73296
Illinois,IL,17147,Piatt County,16628,4856.417144,599563.5783
Illinois,IL,17149,Pike County,14258,246.2705918,9901.587293
Illinois,IL,17151,Pope County,3703,3.644918107,510.1677769
Illinois,IL,17153,Pulaski County,4879,434.0029744,9081.672005
Illinois,IL,17155,Putnam County,5633,57.5592268,2974.311255
Illinois,IL,17157,Randolph County,29903,24392.8358,213587.11
Illinois,IL,17159,Richland County,15362,416.2915721,12302.89127
Illinois,IL,17161,Rock Island County,142731,24109.68734,339551.1076
Illinois,IL,17163,St. Clair County,251149,330980.9509,2833541.016
Illinois,IL,17165,Saline County,22826,1872.594223,14453.05762
Illinois,IL,17167,Sangamon County,194345,18539.72092,634748.0918
Illinois,IL,17169,Schuyler County,6750,41.85968585,5165.79153
Illinois,IL,17171,Scott County,4880,37.29163429,12407.31535
Illinois,IL,17173,Shelby County,20542,633.2169036,50045.25464
Illinois,IL,17175,Stark County,5272,29.50134194,2720.35866
Illinois,IL,17177,Stephenson County,43088,7515.513152,80553.09333
Illinois,IL,17179,Tazewell County,129821,16216.22641,212663.014
Illinois,IL,17181,Union County,16886,1479.361538,14667.87575
Illinois,IL,17183,Vermilion County,71106,5670.850677,1192944.666
Illinois,IL,17185,Wabash County,10979,1486.31633,6648.624297
Illinois,IL,17187,Warren County,16217,1276.746332,19903.08588
Illinois,IL,17189,Washington County,13535,470.6517786,11624.67227
Illinois,IL,17191,Wayne County,15928,87.4131325,9396.82143
Illinois,IL,17193,White County,13395,217.798397,4989.588594
Illinois,IL,17195,Whiteside County,54657,9716.629432,94360.182
Illinois,IL,17197,Will County,708583,512346.4594,5119520.872
Illinois,IL,17199,Williamson County,67064,2058.524535,32858.47992
Illinois,IL,17201,Winnebago County,283790,39484.8685,513699.517
Illinois,IL,17203,Woodford County,38290,4426.072469,65603.32223
Indiana,IN,18001,Adams County,36584,6389.92534,91665.09689
Indiana,IN,18003,Allen County,399295,327935.3229,1106755.119
Indiana,IN,18005,Bartholomew County,84741,23814.20092,517836.7673
Indiana,IN,18007,Benton County,8853,13931.5617,231880.8909
Indiana,IN,18009,Blackford County,11816,1240.979839,21784.58011
Indiana,IN,18011,Boone County,78773,85029.69176,1305359.659
Indiana,IN,18013,Brown County,15650,5816.082463,363195.9491
Indiana,IN,18015,Carroll County,20747,17575.29628,303961.5093
Indiana,IN,18017,Cass County,37559,6702.742184,88993.88262
Indiana,IN,18019,Clark County,127479,130325.9566,802693.0891
Indiana,IN,18021,Clay County,26424,4806.71954,74166.54816
Indiana,IN,18023,Clinton County,32895,16496.09515,261703.7771
Indiana,IN,18025,Crawford County,10523,6190.334219,63278.80409
Indiana,IN,18027,Daviess County,34097,3901.322611,169137.4282
Indiana,IN,18029,Dearborn County,51435,28919.71042,740315.855
Indiana,IN,18031,Decatur County,26421,6003.058439,96831.45529
Indiana,IN,18033,DeKalb County,44330,2182.076086,37674.23629
Indiana,IN,18035,Delaware County,112951,27841.80985,576747.1183
Indiana,IN,18037,Dubois County,43629,3632.158203,77514.06044
Indiana,IN,18039,Elkhart County,207436,19829.98493,360419.4367
Indiana,IN,18041,Fayette County,23335,4279.544506,80992.51404
Indiana,IN,18043,Floyd County,81931,186306.3152,640664.7448
Indiana,IN,18045,Fountain County,16833,10863.54284,166340.2639
Indiana,IN,18047,Franklin County,23136,9674.32526,228766.6016
Indiana,IN,18049,Fulton County,20004,2120.250228,41447.61811
Indiana,IN,18051,Gibson County,33038,2887.144944,44835.08167
Indiana,IN,18053,Grant County,66458,8461.254386,146532.9528
Indiana,IN,18055,Greene County,31219,8643.578105,625115.5639
Indiana,IN,18057,Hamilton County,379704,397153.5019,5845520.399
Indiana,IN,18059,Hancock County,88810,89625.38479,1242264.633
Indiana,IN,18061,Harrison County,39978,34661.45009,244934.0424
Indiana,IN,18063,Hendricks County,190629,230124.45,3607838.747
Indiana,IN,18065,Henry County,49081,9218.386921,163080.6956
Indiana,IN,18067,Howard County,84082,18485.15913,293073.5048
Indiana,IN,18069,Huntington County,36944,6065.283284,94621.88361
Indiana,IN,18071,Jackson County,47420,12715.65771,284161.4342
Indiana,IN,18073,Jasper County,33387,5739.490894,95036.08793
Indiana,IN,18075,Jay County,20164,2703.13167,60630.26505
Indiana,IN,18077,Jefferson County,32921,5690.900473,94489.5653
Indiana,IN,18079,Jennings County,27634,6299.165199,93296.38481
Indiana,IN,18081,Johnson County,170614,189065.6036,2858783.34
Indiana,IN,18083,Knox County,35872,4230.248559,144693.6149
Indiana,IN,18085,Kosciusko County,80669,5045.190829,193816.9637
Indiana,IN,18087,LaGrange County,41122,3200.747176,45344.01694
Indiana,IN,18089,Lake County,502955,453663.7494,4307694.056
Indiana,IN,18091,LaPorte County,111348,29053.31543,405653.8128
Indiana,IN,18093,Lawrence County,45192,9860.512692,473348.0964
Indiana,IN,18095,Madison County,134222,44411.65856,670429.423
Indiana,IN,18097,Marion County,981628,1651921.356,24356979.73
Indiana,IN,18099,Marshall County,46464,4128.291579,97970.19988
Indiana,IN,18101,Martin County,9864,810.0561114,12302.39495
Indiana,IN,18103,Miami County,35613,6021.146006,96836.78077
Indiana,IN,18105,Monroe County,140702,82455.46433,6398635.332
Indiana,IN,18107,Montgomery County,38633,14428.04637,234558.3948
Indiana,IN,18109,Morgan County,73825,69167.09392,1044874.315
Indiana,IN,18111,Newton County,14131,3158.190257,61262.65305
Indiana,IN,18113,Noble County,47811,3186.916489,56109.62979
Indiana,IN,18115,Ohio County,5996,2720.365942,78146.87216
Indiana,IN,18117,Orange County,19824,5000.004213,102292.9016
Indiana,IN,18119,Owen County,21851,9625.393356,539934.3
Indiana,IN,18121,Parke County,16508,4112.956631,89572.3567
Indiana,IN,18123,Perry County,19320,1989.268785,58998.08981
Indiana,IN,18125,Pike County,12116,1751.000569,16652.02334
Indiana,IN,18127,Porter County,175860,103600.9639,1033673.272
Indiana,IN,18129,Posey County,25067,2220.705834,44558.76892
Indiana,IN,18131,Pulaski County,12421,1868.28115,33229.09695
Indiana,IN,18133,Putnam County,37804,13384.52181,222442.4536
Indiana,IN,18135,Randolph County,24337,5328.486536,83280.27794
Indiana,IN,18137,Ripley County,29214,6201.295642,132324.7925
Indiana,IN,18139,Rush County,16759,3543.747564,52830.09966
Indiana,IN,18141,St. Joseph County,273744,169851.5498,4321405.709
Indiana,IN,18143,Scott County,24751,6041.802286,55915.08115
Indiana,IN,18145,Shelby County,45654,25443.221,370215.5687
Indiana,IN,18147,Spencer County,20192,1605.832444,21572.98315
Indiana,IN,18149,Starke County,23463,2896.747069,46414.35342
Indiana,IN,18151,Steuben County,34862,2307.355312,34487.30152
Indiana,IN,18153,Sullivan County,20768,2406.857428,65571.61477
Indiana,IN,18155,Switzerland County,9988,1158.570517,38569.73058
Indiana,IN,18157,Tippecanoe County,191650,565237.9133,9097650.721
Indiana,IN,18159,Tipton County,15324,3897.494767,58558.90532
Indiana,IN,18161,Union County,6884,1782.891489,59308.71403
Indiana,IN,18163,Vanderburgh County,180387,23261.72103,370108.0196
Indiana,IN,18165,Vermillion County,15516,1552.128096,30960.75993
Indiana,IN,18167,Vigo County,106166,15013.14927,362763.114
Indiana,IN,18169,Wabash County,30777,6030.498031,100665.5561
Indiana,IN,18171,Warren County,8451,12747.98904,200345.0364
Indiana,IN,18173,Warrick County,66339,9449.344267,155885.4251
Indiana,IN,18175,Washington County,28345,8707.294485,116749.9617
Indiana,IN,18177,Wayne County,66410,14292.51542,228852.4655
Indiana,IN,18179,Wells County,28798,3892.002818,54413.42867
Indiana,IN,18181,White County,24833,21017.26358,345646.0931
Indiana,IN,18183,Whitley County,34885,5256.636013,82899.24025
Iowa,IA,19001,Adair County,7431,493.7102163,9469.976066
Iowa,IA,19003,Adams County,3606,493.7102163,12129.30815
Iowa,IA,19005,Allamakee County,14184,1594.375717,45183.35783
Iowa,IA,19007,Appanoose County,12106,822.8503605,21586.67237
Iowa,IA,19009,Audubon County,5562,97.46425473,6369.95958
Iowa,IA,19011,Benton County,25799,14612.02747,278122.0007
Iowa,IA,19013,Black Hawk County,132348,7306.929426,197601.5027
Iowa,IA,19015,Boone County,26729,3051.503791,249083.2679
Iowa,IA,19017,Bremer County,25328,2042.285825,61510.77292
Iowa,IA,19019,Buchanan County,20733,2932.593487,65574.80821
Iowa,IA,19021,Buena Vista County,20816,79.75515515,12726.26493
Iowa,IA,19023,Butler County,14156,789.2344558,27378.37623
Iowa,IA,19025,Calhoun County,9711,76.11023705,8683.100977
Iowa,IA,19027,Carroll County,20407,926.030525,31559.22315
Iowa,IA,19029,Cass County,13024,2819.211341,56489.64988
Iowa,IA,19031,Cedar County,18231,48621.91967,882680.5311
Iowa,IA,19033,Cerro Gordo County,42493,1648.798073,82045.65102
Iowa,IA,19035,Cherokee County,11658,379.1036247,6772.512392
Iowa,IA,19037,Chickasaw County,11719,1090.03216,33915.67402
Iowa,IA,19039,Clarke County,9524,1139.886489,22972.41081
Iowa,IA,19041,Clay County,16474,0,5645.129242
Iowa,IA,19043,Clayton County,16931,2397.80072,60970.99247
Iowa,IA,19045,Clinton County,46015,7732.91341,155983.8483
Iowa,IA,19047,Crawford County,16378,5537.047155,81040.22495
Iowa,IA,19049,Dallas County,115343,5766.326424,203803.3777
Iowa,IA,19051,Davis County,9193,987.4204325,17924.92256
Iowa,IA,19053,Decatur County,7656,1485.63818,34854.05353
Iowa,IA,19055,Delaware County,17609,2102.925832,42214.21752
Iowa,IA,19057,Des Moines County,38411,8601.340552,154327.1777
Iowa,IA,19059,Dickinson County,18158,413.9647147,32509.85151
Iowa,IA,19061,Dubuque County,99242,17190.68892,338858.8086
Iowa,IA,19063,Emmet County,9162,58.40113746,8563.812367
Iowa,IA,19065,Fayette County,19152,936.0954283,30271.1312
Iowa,IA,19067,Floyd County,15008,747.2854407,18936.42208
Iowa,IA,19069,Franklin County,10024,619.6109339,26434.83935
Iowa,IA,19071,Fremont County,6494,2412.426063,39135.47432
Iowa,IA,19073,Greene County,8662,4497.753009,68868.04973
Iowa,IA,19075,Grundy County,12405,1458.329445,41279.06332
Iowa,IA,19077,Guthrie County,10774,1445.44169,18527.82874
Iowa,IA,19079,Hamilton County,14856,504.6449706,45339.3648
Iowa,IA,19081,Hancock County,10616,700.8136496,46339.41021
Iowa,IA,19083,Hardin County,16464,393.4971157,43248.22478
Iowa,IA,19085,Harrison County,14626,1748.801079,43905.67769
Iowa,IA,19087,Henry County,19361,13456.29005,250088.1424
Iowa,IA,19089,Howard County,9360,785.7159036,25577.57501
Iowa,IA,19091,Humboldt County,9617,0,12851.29413
Iowa,IA,19093,Ida County,6810,189.5690079,4418.560618
Iowa,IA,19095,Iowa County,16423,51179.41244,934646.7067
Iowa,IA,19097,Jackson County,19390,1864.136259,34749.08618
Iowa,IA,19099,Jasper County,38107,3331.106534,76148.77727
Iowa,IA,19101,Jefferson County,15781,1441.149077,24693.01332
Iowa,IA,19103,Johnson County,160080,1313300.693,23846391.28
Iowa,IA,19105,Jones County,21116,8962.883372,174311.5834
Iowa,IA,19107,Keokuk County,9855,2226.335875,43261.94591
Iowa,IA,19109,Kossuth County,14408,638.8549311,23304.31126
Iowa,IA,19111,Lee County,32376,5339.264472,103983.8106
Iowa,IA,19113,Linn County,231762,166558.2675,3103435.518
Iowa,IA,19115,Louisa County,10630,9691.38226,175128.5491
Iowa,IA,19117,Lucas County,8758,876.7158265,16111.11702
Iowa,IA,19119,Lyon County,12378,86.92493744,8436.464918
Iowa,IA,19121,Madison County,17161,822.8503605,29592.70974
Iowa,IA,19123,Mahaska County,22034,3239.971502,59761.86804
Iowa,IA,19125,Marion County,34048,3301.783508,55735.42685
Iowa,IA,19127,Marshall County,40392,2606.774695,99969.5612
Iowa,IA,19129,Mills County,14717,3341.686684,65114.27609
Iowa,IA,19131,Mitchell County,10632,1099.075609,33139.62428
Iowa,IA,19133,Monona County,8429,262.5986605,11884.3717
Iowa,IA,19135,Monroe County,7373,768.3477534,14958.28615
Iowa,IA,19137,Montgomery County,10063,1202.631915,17895.06325
Iowa,IA,19139,Muscatine County,42132,48182.51691,881273.9028
Iowa,IA,19141,O'Brien County,14260,116.7632462,5165.291641
Iowa,IA,19143,Osceola County,6036,63.14013238,1371.197543
Iowa,IA,19145,Page County,15038,7047.879807,80695.85626
Iowa,IA,19147,Palo Alto County,8809,81.345047,4748.753213
Iowa,IA,19149,Plymouth County,25825,851.6348715,27128.82457
Iowa,IA,19151,Pocahontas County,7006,122.3431366,8082.967226
Iowa,IA,19153,Polk County,516185,27323.97774,1028322.517
Iowa,IA,19155,Pottawattamie County,93529,36022.18882,668761.0153
Iowa,IA,19157,Poweshiek County,18454,5297.437077,97557.98036
Iowa,IA,19159,Ringgold County,4608,493.7102163,12245.2991
Iowa,IA,19161,Sac County,9533,260.4054062,5061.028556
Iowa,IA,19163,Scott County,175601,34947.05633,660409.5229
Iowa,IA,19165,Shelby County,11821,535.3858909,16387.49949
Iowa,IA,19167,Sioux County,36554,553.6718704,34377.69484
Iowa,IA,19169,Story County,102498,5908.079674,1512562.915
Iowa,IA,19171,Tama County,16738,2741.559101,61975.22569
Iowa,IA,19173,Taylor County,5825,493.7102163,9260.650432
Iowa,IA,19175,Union County,11955,1925.48293,40281.76615
Iowa,IA,19177,Van Buren County,7217,674.7917654,9584.383774
Iowa,IA,19179,Wapello County,35681,1975.058818,45900.59907
Iowa,IA,19181,Warren County,56343,3977.808655,106342.037
Iowa,IA,19183,Washington County,22631,76935.56871,1399781.249
Iowa,IA,19185,Wayne County,6622,566.7323812,16658.25682
Iowa,IA,19187,Webster County,36909,1327.154888,45788.03549
Iowa,IA,19189,Winnebago County,10383,573.3780343,17540.36848
Iowa,IA,19191,Winneshiek County,19723,1106.064031,45436.68725
Iowa,IA,19193,Woodbury County,107257,5673.011689,115388.462
Iowa,IA,19195,Worth County,7307,737.9481064,20142.46012
Iowa,IA,19197,Wright County,12729,253.3500822,11892.78329
Kansas,KS,20001,Allen County,12425,123.5843574,3791.014724
Kansas,KS,20003,Anderson County,7908,0,54.980262
Kansas,KS,20005,Atchison County,16249,2745.155785,80009.39477
Kansas,KS,20007,Barber County,4070,567.9366386,5449.412925
Kansas,KS,20009,Barton County,24835,23730.60309,201917.0824
Kansas,KS,20011,Bourbon County,14424,759.5276188,28141.8346
Kansas,KS,20013,Brown County,9142,1324.328433,54378.99612
Kansas,KS,20015,Butler County,69158,3239.012159,62543.16739
Kansas,KS,20017,Chase County,2507,617.9217868,14944.1262
Kansas,KS,20019,Chautauqua County,3339,0,51.18553818
Kansas,KS,20021,Cherokee County,19133,1071.818127,11841.81835
Kansas,KS,20023,Cheyenne County,2646,0,1652.252876
Kansas,KS,20025,Clark County,1873,512.3589041,23508.40826
Kansas,KS,20027,Clay County,7969,82.91957922,11830.43523
Kansas,KS,20029,Cloud County,8723,123.5843574,9677.531606
Kansas,KS,20031,Coffey County,8301,741.5061441,17258.02831
Kansas,KS,20033,Comanche County,1694,0,1587.060616
Kansas,KS,20035,Cowley County,34186,1549.703059,41915.74561
Kansas,KS,20037,Crawford County,38904,577.2570086,15319.61949
Kansas,KS,20039,Decatur County,2716,123.5843574,1966.607988
Kansas,KS,20041,Dickinson County,18621,1027.151405,43535.62639
Kansas,KS,20043,Doniphan County,7575,123.5843574,4820.713654
Kansas,KS,20045,Douglas County,121989,158097.4446,2657037.156
Kansas,KS,20047,Edwards County,2731,0,2441.842956
Kansas,KS,20049,Elk County,2436,0,104.220476
Kansas,KS,20051,Ellis County,29007,635.9432615,42465.86336
Kansas,KS,20053,Ellsworth County,6316,1623.417579,11570.01812
Kansas,KS,20055,Finney County,38354,918.8994296,19703.65372
Kansas,KS,20057,Ford County,34072,846.4525563,35989.04851
Kansas,KS,20059,Franklin County,26273,1587.9587,45528.9105
Kansas,KS,20061,Geary County,35459,1213.20027,104867.3214
Kansas,KS,20063,Gove County,2658,0,145.528258
Kansas,KS,20065,Graham County,2370,0,4128.293914
Kansas,KS,20067,Grant County,7097,462.3505906,7765.758984
Kansas,KS,20069,Gray County,5730,7.54876887,1075.046805
Kansas,KS,20071,Greeley County,1152,0,0
Kansas,KS,20073,Greenwood County,5871,0,308.1499622
Kansas,KS,20075,Hamilton County,2488,0.676812861,6.112764006
Kansas,KS,20077,Harper County,5413,0,1706.507578
Kansas,KS,20079,Harvey County,33642,1728.101065,64313.2204
Kansas,KS,20081,Haskell County,3591,0,202.2864286
Kansas,KS,20083,Hodgeman County,1673,247.1687147,3846.981382
Kansas,KS,20085,Jackson County,13525,247.1687147,7567.337242
Kansas,KS,20087,Jefferson County,18332,5103.001601,121234.8521
Kansas,KS,20089,Jewell County,2899,0,4178.051702
Kansas,KS,20091,Johnson County,632276,303583.9129,11131000.53
Kansas,KS,20093,Kearny County,3808,0,106.2527682
Kansas,KS,20095,Kingman County,6946,7.54876887,2737.145056
Kansas,KS,20097,Kiowa County,2436,247.1687147,5339.979811
Kansas,KS,20099,Labette County,19692,911.5863884,8243.867538
Kansas,KS,20101,Lane County,1482,0,3.794723825
Kansas,KS,20103,Leavenworth County,84670,8994.063466,244866.3833
Kansas,KS,20105,Lincoln County,2928,0,1602.910991
Kansas,KS,20107,Linn County,9841,36.76847458,238.3744439
Kansas,KS,20109,Logan County,2694,247.1687147,5397.726962
Kansas,KS,20111,Lyon County,32520,2742.708445,60039.98721
Kansas,KS,20113,McPherson County,30334,930.4049625,41242.84633
Kansas,KS,20115,Marion County,11670,494.3374294,11079.63773
Kansas,KS,20117,Marshall County,9950,123.5843574,9914.116043
Kansas,KS,20119,Meade County,3892,0,3.794723825
Kansas,KS,20121,Miami County,35737,5770.365983,220827.1727
Kansas,KS,20123,Mitchell County,5803,718.8628407,29611.4218
Kansas,KS,20125,Montgomery County,30459,1433.951733,17689.80214
Kansas,KS,20127,Morris County,5279,247.1687147,17257.51221
Kansas,KS,20129,Morton County,2485,0,2288.407169
Kansas,KS,20131,Nemaha County,10062,1671.179709,22279.8764
Kansas,KS,20133,Neosho County,15552,247.1687147,7017.319686
Kansas,KS,20135,Ness County,2617,512.3589041,23414.36462
Kansas,KS,20137,Norton County,5335,0,2472.560489
Kansas,KS,20139,Osage County,15737,2618.90128,72666.65594
Kansas,KS,20141,Osborne County,3353,0,888.5371883
Kansas,KS,20143,Ottawa County,5853,247.8455276,10347.41676
Kansas,KS,20145,Pawnee County,6012,1148.302166,50351.96697
Kansas,KS,20147,Phillips County,4733,0,1163.248385
Kansas,KS,20149,Pottawatomie County,26876,3378.428899,256414.2622
Kansas,KS,20151,Pratt County,9137,91.59751851,2943.718591
Kansas,KS,20153,Rawlins County,2432,0,852.595136
Kansas,KS,20155,Reno County,61417,842.447198,49798.37157
Kansas,KS,20157,Republic County,4613,123.5843574,7606.399298
Kansas,KS,20159,Rice County,9284,0,125.2184102
Kansas,KS,20161,Riley County,72557,3054.509436,1031287.237
Kansas,KS,20163,Rooks County,4748,0,2080.333401
Kansas,KS,20165,Rush County,2810,0,882.7063178
Kansas,KS,20167,Russell County,6620,247.1687147,8593.912377
Kansas,KS,20169,Saline County,53459,2163.197112,105500.5827
Kansas,KS,20171,Scott County,4914,0.676812861,904.781037
Kansas,KS,20173,Sedgwick County,536081,18534.28214,550051.802
Kansas,KS,20175,Seward County,21276,123.5843574,4272.733535
Kansas,KS,20177,Shawnee County,177942,17653.13959,505893.0445
Kansas,KS,20179,Sheridan County,2397,0,971.7573077
Kansas,KS,20181,Sherman County,5796,0,3387.752727
Kansas,KS,20183,Smith County,3541,0,2592.812933
Kansas,KS,20185,Stafford County,3901,512.3589041,25367.2309
Kansas,KS,20187,Stanton County,2071,0,415.0896766
Kansas,KS,20189,Stevens County,5035,0,147.9039994
Kansas,KS,20191,Sumner County,22336,536.5922305,14447.71897
Kansas,KS,20193,Thomas County,7802,0,2612.988999
Kansas,KS,20195,Trego County,2774,0,918.7410361
Kansas,KS,20197,Wabaunsee County,7112,123.5843574,7364.671336
Kansas,KS,20199,Wallace County,1472,0,0
Kansas,KS,20201,Washington County,5572,0,8068.802396
Kansas,KS,20203,Wichita County,2072,0,21.81040751
Kansas,KS,20205,Wilson County,8398,123.5843574,2144.553271
Kansas,KS,20207,Woodson County,3111,0,998.0534372
Kansas,KS,20209,Wyandotte County,169418,29627.6235,1298819.001
Kentucky,KY,21001,Adair County,19239,6323.330165,50545.09163
Kentucky,KY,21003,Allen County,22037,8655.754646,43883.08693
Kentucky,KY,21005,Anderson County,24883,111355.2943,233184.2575
Kentucky,KY,21007,Ballard County,7626,2033.679841,13648.73413
Kentucky,KY,21009,Barren County,45609,20610.30503,107376.4604
Kentucky,KY,21011,Bath County,12951,11825.03738,102524.0249
Kentucky,KY,21013,Bell County,23051,8706.743664,72340.27757
Kentucky,KY,21015,Boone County,144135,82943.46812,1750202.489
Kentucky,KY,21017,Bourbon County,20333,27971.15247,228569.5108
Kentucky,KY,21019,Boyd County,47777,11695.04344,104832.5457
Kentucky,KY,21021,Boyle County,31394,33233.58736,275984.8092
Kentucky,KY,21023,Bracken County,8497,2464.727793,24970.15346
Kentucky,KY,21025,Breathitt County,12804,306.0430059,5166.246349
Kentucky,KY,21027,Breckinridge County,21221,8811.74193,59104.83629
Kentucky,KY,21029,Bullitt County,85802,107223.6193,642017.7046
Kentucky,KY,21031,Butler County,12551,6569.409172,38443.47891
Kentucky,KY,21033,Caldwell County,12611,694.0447644,4339.910297
Kentucky,KY,21035,Calloway County,38975,6047.130579,48438.6902
Kentucky,KY,21037,Campbell County,94008,94158.6011,2247752.938
Kentucky,KY,21039,Carlisle County,4777,1154.78265,5639.228851
Kentucky,KY,21041,Carroll County,11111,2041.775208,24853.96358
Kentucky,KY,21043,Carter County,26098,2046.546389,17121.35283
Kentucky,KY,21045,Casey County,15948,2153.634367,18005.796
Kentucky,KY,21047,Christian County,71006,17592.86247,206924.7931
Kentucky,KY,21049,Clark County,37673,60758.10059,504090.6955
Kentucky,KY,21051,Clay County,19592,12016.36809,98252.51712
Kentucky,KY,21053,Clinton County,9183,2227.454776,17732.96271
Kentucky,KY,21055,Crittenden County,8982,1691.118713,11902.89242
Kentucky,KY,21057,Cumberland County,6047,2629.272557,21473.43474
Kentucky,KY,21059,Daviess County,104457,15872.87254,93496.87375
Kentucky,KY,21061,Edmonson County,12635,9724.082235,52592.92496
Kentucky,KY,21063,Elliott County,7263,2368.50962,19115.25369
Kentucky,KY,21065,Estill County,14002,11257.53236,94369.41044
Kentucky,KY,21067,Fayette County,329437,1910203.726,15302758.66
Kentucky,KY,21069,Fleming County,15591,9329.725814,82365.80016
Kentucky,KY,21071,Floyd County,34532,4281.148143,42718.84681
Kentucky,KY,21073,Franklin County,52442,46020.05584,376206.7544
Kentucky,KY,21075,Fulton County,6282,567.6076606,3052.319066
Kentucky,KY,21077,Gallatin County,8805,3882.828233,45139.50577
Kentucky,KY,21079,Garrard County,18040,21689.46864,189275.9963
Kentucky,KY,21081,Grant County,25722,7217.069524,103293.5194
Kentucky,KY,21083,Graves County,36821,7192.926861,70068.50262
Kentucky,KY,21085,Grayson County,27070,8461.050597,60994.31349
Kentucky,KY,21087,Green County,11552,5492.801473,38144.87392
Kentucky,KY,21089,Greenup County,35273,8295.852216,73111.75273
Kentucky,KY,21091,Hancock County,9013,199.6850369,3713.696997
Kentucky,KY,21093,Hardin County,112826,45906.81214,273021.3565
Kentucky,KY,21095,Harlan County,25052,5540.672466,45830.53316
Kentucky,KY,21097,Harrison County,19525,10333.88284,88800.24294
Kentucky,KY,21099,Hart County,19923,14077.58289,110069.254
Kentucky,KY,21101,Henderson County,44175,6435.988725,45799.93759
Kentucky,KY,21103,Henry County,16198,11573.74535,93705.10229
Kentucky,KY,21105,Hickman County,4393,53.865466,960.3744463
Kentucky,KY,21107,Hopkins County,45218,9589.817935,84460.11064
Kentucky,KY,21109,Jackson County,13358,4159.627915,35103.44811
Kentucky,KY,21111,Jefferson County,793881,2374888.911,12540140.01
Kentucky,KY,21113,Jessamine County,56495,152814.2593,1306320.725
Kentucky,KY,21115,Johnson County,22098,3408.416599,28626.66484
Kentucky,KY,21117,Kenton County,174862,132885.7091,2958451.964
Kentucky,KY,21119,Knott County,13438,2079.813958,18127.47204
Kentucky,KY,21121,Knox County,29657,4448.323578,36919.20268
Kentucky,KY,21123,Larue County,15128,12132.75088,88141.61767
Kentucky,KY,21125,Laurel County,63353,30128.97223,250327.1669
Kentucky,KY,21127,Lawrence County,15798,3985.807924,31898.06871
Kentucky,KY,21129,Lee County,7313,2079.813958,17430.26348
Kentucky,KY,21131,Leslie County,9729,3507.20877,28856.14663
Kentucky,KY,21133,Letcher County,20139,2079.813958,18193.82159
Kentucky,KY,21135,Lewis County,12875,2767.865203,29057.56931
Kentucky,KY,21137,Lincoln County,24910,13206.96425,112093.5798
Kentucky,KY,21139,Livingston County,8815,651.2117341,4082.565156
Kentucky,KY,21141,Logan County,28467,12426.19496,105423.6702
Kentucky,KY,21143,Lyon County,9078,847.3473177,18651.23282
Kentucky,KY,21145,McCracken County,67550,10284.4687,104607.3667
Kentucky,KY,21147,McCreary County,16824,4782.915462,41890.34385
Kentucky,KY,21149,McLean County,9126,1335.188616,9087.824486
Kentucky,KY,21151,Madison County,99582,143480.2589,1201068.565
Kentucky,KY,21153,Magoffin County,11118,2079.813958,18534.87335
Kentucky,KY,21155,Marion County,19851,6845.442749,54816.1786
Kentucky,KY,21157,Marshall County,31734,2088.1776,21756.50159
Kentucky,KY,21159,Martin County,10696,1516.880005,10768.73006
Kentucky,KY,21161,Mason County,16956,13155.37927,123083.3509
Kentucky,KY,21163,Meade County,30442,20121.19352,132063.9736
Kentucky,KY,21165,Menifee County,6341,3501.865869,31456.95477
Kentucky,KY,21167,Mercer County,23515,16299.88094,135678.8072
Kentucky,KY,21169,Metcalfe County,10558,2684.378493,24637.19848
Kentucky,KY,21171,Monroe County,11163,3364.421996,21790.23263
Kentucky,KY,21173,Montgomery County,28771,34810.93867,310905.7796
Kentucky,KY,21175,Morgan County,14300,1165.017197,11922.2516
Kentucky,KY,21177,Muhlenberg County,30512,5480.012065,49075.96923
Kentucky,KY,21179,Nelson County,48706,36509.66456,230474.5163
Kentucky,KY,21181,Nicholas County,7816,6528.137535,55293.2305
Kentucky,KY,21183,Ohio County,23933,3730.058231,29231.77668
Kentucky,KY,21185,Oldham County,70525,146297.9399,878567.7803
Kentucky,KY,21187,Owen County,11435,2308.288746,25376.43607
Kentucky,KY,21189,Owsley County,3928,20.53439143,2313.51501
Kentucky,KY,21191,Pendleton County,14844,5908.597982,114144.4906
Kentucky,KY,21193,Perry County,26739,5287.48185,46268.62971
Kentucky,KY,21195,Pike County,55430,9647.858472,141334.2105
Kentucky,KY,21197,Powell County,12928,7022.029907,58906.18097
Kentucky,KY,21199,Pulaski County,66842,11313.78789,92124.95107
Kentucky,KY,21201,Robertson County,2382,98.79217135,1794.449685
Kentucky,KY,21203,Rockcastle County,16226,3119.720936,26260.69922
Kentucky,KY,21205,Rowan County,24675,24812.60239,214392.0472
Kentucky,KY,21207,Russell County,18458,1402.42305,10655.062
Kentucky,KY,21209,Scott County,61700,98172.0904,863928.9611
Kentucky,KY,21211,Shelby County,50124,46063.14288,284456.2482
Kentucky,KY,21213,Simpson County,20350,10876.00909,64832.65453
Kentucky,KY,21215,Spencer County,20823,17735.0094,109512.2885
Kentucky,KY,21217,Taylor County,26809,3267.361755,26668.88034
Kentucky,KY,21219,Todd County,12757,2121.952983,30092.86863
Kentucky,KY,21221,Trigg County,14559,1641.818919,26031.19676
Kentucky,KY,21223,Trimble County,8591,1328.602641,13697.58486
Kentucky,KY,21225,Union County,13178,1123.795271,10790.54148
Kentucky,KY,21227,Warren County,147936,219305.0474,353109.2905
Kentucky,KY,21229,Washington County,12269,2663.890639,25560.22047
Kentucky,KY,21231,Wayne County,19629,5985.298279,47947.90401
Kentucky,KY,21233,Webster County,12854,398.7631274,4232.097314
Kentucky,KY,21235,Whitley County,37233,3722.084023,31126.57759
Kentucky,KY,21237,Wolfe County,6364,0,488.6284202
Kentucky,KY,21239,Woodford County,27728,99872.59278,830245.9471
Louisiana,LA,22001,Acadia Parish,56604,7915.90623,72706.08961
Louisiana,LA,22003,Allen Parish,22501,893.0950704,24177.56904
Louisiana,LA,22005,Ascension Parish,133534,51166.34413,547652.0312
Louisiana,LA,22007,Assumption Parish,20050,8567.153424,44306.52445
Louisiana,LA,22009,Avoyelles Parish,38373,1324.245915,20860.54164
Louisiana,LA,22011,Beauregard Parish,36695,1299.706462,15846.03335
Louisiana,LA,22013,Bienville Parish,12412,1599.323262,25881.25647
Louisiana,LA,22015,Bossier Parish,131102,4641.596074,588734.8965
Louisiana,LA,22017,Caddo Parish,224893,17905.18756,2110658.675
Louisiana,LA,22019,Calcasieu Parish,206861,19417.45037,114017.8055
Louisiana,LA,22021,Caldwell Parish,9393,502.3969388,5197.243391
Louisiana,LA,22023,Cameron Parish,4678,83.33999001,988.7773011
Louisiana,LA,22025,Catahoula Parish,8280,315.2898322,5864.352864
Louisiana,LA,22027,Claiborne Parish,13537,1170.426803,24158.65656
Louisiana,LA,22029,Concordia Parish,17797,219.7294978,3832.1297
Louisiana,LA,22031,De Soto Parish,27274,1494.737253,77571.87983
Louisiana,LA,22033,East Baton Rouge Parish,453022,633238.2143,4658569.42
Louisiana,LA,22035,East Carroll Parish,6892,441.9555134,3809.679629
Louisiana,LA,22037,East Feliciana Parish,19112,3506.231714,49707.93735
Louisiana,LA,22039,Evangeline Parish,31745,7728.381685,36302.96875
Louisiana,LA,22041,Franklin Parish,19107,1031.795006,8088.177079
Louisiana,LA,22043,Grant Parish,22109,691.1541141,7254.364506
Louisiana,LA,22045,Iberia Parish,67540,8219.253402,48761.17113
Louisiana,LA,22047,Iberville Parish,29766,14926.40235,146532.4141
Louisiana,LA,22049,Jackson Parish,14797,497.1868611,8749.546667
Louisiana,LA,22051,Jefferson Parish,427253,1377872.193,5586012.496
Louisiana,LA,22053,Jefferson Davis Parish,31436,864.5150854,12375.79607
Louisiana,LA,22055,Lafayette Parish,254241,30826.47623,309791.708
Louisiana,LA,22057,Lafourche Parish,95342,40957.96152,182736.2548
Louisiana,LA,22059,LaSalle Parish,14702,808.8536446,6232.331618
Louisiana,LA,22061,Lincoln Parish,48243,3462.579303,26748.60058
Louisiana,LA,22063,Livingston Parish,152886,55367.78832,522305.9639
Louisiana,LA,22065,Madison Parish,9093,368.6105901,2985.138752
Louisiana,LA,22067,Morehouse Parish,23787,917.1332375,9842.555604
Louisiana,LA,22069,Natchitoches Parish,35982,3384.950232,42783.2454
Louisiana,LA,22071,Orleans Parish,362701,3048226.848,11509503.38
Louisiana,LA,22073,Ouachita Parish,157874,7655.917557,113822.8625
Louisiana,LA,22075,Plaquemines Parish,22289,16637.47019,78105.05415
Louisiana,LA,22077,Pointe Coupee Parish,19845,5374.902152,69845.70724
Louisiana,LA,22079,Rapides Parish,125899,26183.03242,96748.70049
Louisiana,LA,22081,Red River Parish,7238,1196.005019,11851.87212
Louisiana,LA,22083,Richland Parish,19643,649.4744312,12972.00634
Louisiana,LA,22085,Sabine Parish,21746,926.0750622,13918.84153
Louisiana,LA,22087,St. Bernard Parish,44783,71085.82897,317771.2502
Louisiana,LA,22089,St. Charles Parish,50400,73197.66263,315838.0068
Louisiana,LA,22091,St. Helena Parish,10857,1785.965425,8170.730167
Louisiana,LA,22093,St. James Parish,19110,7296.604467,35615.57501
Louisiana,LA,22095,St. John the Baptist Parish,39694,55894.60188,234929.4521
Louisiana,LA,22097,St. Landry Parish,80869,13336.86437,86496.16197
Louisiana,LA,22099,St. Martin Parish,51218,13848.4708,76651.4322
Louisiana,LA,22101,St. Mary Parish,46799,5588.408004,49480.02769
Louisiana,LA,22103,St. Tammany Parish,277615,344360.0197,1401085.51
Louisiana,LA,22105,Tangipahoa Parish,139823,54440.79859,242313.7039
Louisiana,LA,22107,Tensas Parish,3844,262.5354172,2332.896966
Louisiana,LA,22109,Terrebonne Parish,103864,16811.81493,80630.82647
Louisiana,LA,22111,Union Parish,20617,1229.961304,10127.08564
Louisiana,LA,22113,Vermilion Parish,57641,10415.75755,52961.40839
Louisiana,LA,22115,Vernon Parish,45819,3055.422574,22214.49022
Louisiana,LA,22117,Washington Parish,45090,82118.61279,298493.2953
Louisiana,LA,22119,Webster Parish,35184,3047.332028,105448.2751
Louisiana,LA,22121,West Baton Rouge Parish,28425,19954.51543,159938.8203
Louisiana,LA,22123,West Carroll Parish,9254,257.6735039,1943.722404
Louisiana,LA,22125,West Feliciana Parish,15155,5859.910717,36772.01242
Louisiana,LA,22127,Winn Parish,13405,1158.825642,8024.211638
Maine,ME,23001,Androscoggin County,115272,14828.29089,418018.5045
Maine,ME,23003,Aroostook County,66776,2246.01488,101800.4087
Maine,ME,23005,Cumberland County,313809,40837.4598,3772584.04
Maine,ME,23007,Franklin County,30902,1878.324228,150750.7376
Maine,ME,23009,Hancock County,56946,250201.3186,17506216.91
Maine,ME,23011,Kennebec County,128461,15330.30178,431409.3854
Maine,ME,23013,Knox County,40981,2975.437093,200309.9801
Maine,ME,23015,Lincoln County,36491,3529.896203,191799.0236
Maine,ME,23017,Oxford County,60039,3216.753973,176535.1256
Maine,ME,23019,Penobscot County,156840,26272.34654,2139441.19
Maine,ME,23021,Piscataquis County,17432,1743.134501,127971.3369
Maine,ME,23023,Sagadahoc County,37582,2589.112178,137510.8306
Maine,ME,23025,Somerset County,51338,2429.397062,189170.0629
Maine,ME,23027,Waldo County,40617,3794.374197,286267.6064
Maine,ME,23029,Washington County,31383,12840.96738,902318.1637
Maine,ME,23031,York County,220143,15328.20094,1540795.308
Montana,MT,30001,Beaverhead County,10006,71.0522066,16623.17755
Montana,MT,30003,Big Horn County,12796,68.37943901,4183.161076
Montana,MT,30005,Blaine County,6903,23.64141414,4192.919
Montana,MT,30007,Broadwater County,8302,23.64141414,3185.207052
Montana,MT,30009,Carbon County,11498,68.36115841,4329.721961
Montana,MT,30011,Carter County,1399,73.82040926,10.846042
Montana,MT,30013,Cascade County,84523,714.0805744,1008812.786
Montana,MT,30015,Chouteau County,5880,23.67797534,11904.52095
Montana,MT,30017,Custer County,11964,279.5118093,5894.400646
Montana,MT,30019,Daniels County,1625,82.91957922,1378.484184
Montana,MT,30021,Dawson County,8731,23.64141414,4261.450011
Montana,MT,30023,Deer Lodge County,9811,94.9495491,26266.07679
Montana,MT,30025,Fallon County,2946,0,722.4097906
Montana,MT,30027,Fergus County,11862,47.28282828,6137.558609
Montana,MT,30029,Flathead County,114527,683.3165547,59352.70013
Montana,MT,30031,Gallatin County,126984,10248.65813,1181450.34
Montana,MT,30033,Garfield County,1181,0,0
Montana,MT,30035,Glacier County,13503,0.036561194,5351.309513
Montana,MT,30037,Golden Valley County,863,0,0
Montana,MT,30039,Granite County,3602,0.073122388,2672.882704
Montana,MT,30041,Hill County,16065,47.31938948,11321.25911
Montana,MT,30043,Jefferson County,13304,165.8189497,35922.95065
Montana,MT,30045,Judith Basin County,2111,0,3590.63531
Montana,MT,30047,Lake County,33403,536.8572393,37642.19445
Montana,MT,30049,Lewis and Clark County,75129,776.5617983,187442.9093
Montana,MT,30051,Liberty County,1934,73.82040926,427.835869
Montana,MT,30053,Lincoln County,22184,7427.763237,37366.05991
Montana,MT,30055,McCone County,1717,23.64141414,2781.725419
Montana,MT,30057,Madison County,9753,70.92424242,9089.277369
Montana,MT,30059,Meagher County,2065,47.30110888,6317.295934
Montana,MT,30061,Mineral County,5195,211.9991452,14470.55915
Montana,MT,30063,Missoula County,122546,3912.107947,1794948.751
Montana,MT,30065,Musselshell County,5452,23.64141414,2970.901389
Montana,MT,30067,Park County,18074,402.1234076,56191.79595
Montana,MT,30069,Petroleum County,525,0,66.97525253
Montana,MT,30071,Phillips County,4214,0.018280597,1215.79608
Montana,MT,30073,Pondera County,6078,187.5640786,5791.836936
Montana,MT,30075,Powder River County,1734,0,408.5562343
Montana,MT,30077,Powell County,7120,412.0417147,20354.85261
Montana,MT,30079,Prairie County,1112,0,219.5754286
Montana,MT,30081,Ravalli County,48187,489.9246053,189239.7345
Montana,MT,30083,Richland County,11028,68.36115841,8073.217308
Montana,MT,30085,Roosevelt County,10197,23.67797534,4452.943416
Montana,MT,30087,Rosebud County,8194,106.5975546,5405.976824
Montana,MT,30089,Sanders County,13895,40.73036002,2465.655406
Montana,MT,30091,Sheridan County,3448,23.64141414,2784.792183
Montana,MT,30093,Silver Bow County,36134,856.9554273,110139.0217
Montana,MT,30095,Stillwater County,9450,23.64141414,3411.604568
Montana,MT,30097,Sweet Grass County,3757,0,188.9808058
Montana,MT,30099,Teton County,6444,0,21735.70011
Montana,MT,30101,Toole County,5153,0,3822.127964
Montana,MT,30103,Treasure County,739,0,30.59462279
Montana,MT,30105,Valley County,7434,115.6257061,7885.070137
Montana,MT,30107,Wheatland County,2058,82.93785981,2218.621027
Montana,MT,30109,Wibaux County,911,0,30.59462279
Montana,MT,30111,Yellowstone County,171583,3290.64331,60746.50782
Nebraska,NE,31001,Adams County,31196,7013.417896,71234.65308
Nebraska,NE,31003,Antelope County,6358,297.4395719,3234.077634
Nebraska,NE,31005,Arthur County,423,0,87.15547812
Nebraska,NE,31007,Banner County,665,0,0
Nebraska,NE,31009,Blaine County,454,145.2904159,1700.109812
Nebraska,NE,31011,Boone County,5354,295.6514296,4285.305518
Nebraska,NE,31013,Box Butte County,10703,290.5808318,3872.505904
Nebraska,NE,31015,Boyd County,1700,0,17.22176166
Nebraska,NE,31017,Brown County,2877,164.161681,23.60536443
Nebraska,NE,31019,Buffalo County,51156,10179.35581,121824.7442
Nebraska,NE,31021,Burt County,6727,15635.61776,209181.4689
Nebraska,NE,31023,Butler County,8439,3358.014849,6780.350462
Nebraska,NE,31025,Cass County,27492,26445.85271,323109.217
Nebraska,NE,31027,Cedar County,8262,3373.227109,37299.5995
Nebraska,NE,31029,Chase County,3764,3.644918107,478.2163356
Nebraska,NE,31031,Cherry County,5558,54.72056034,269.3050905
Nebraska,NE,31033,Cheyenne County,9602,4895.492496,62423.76553
Nebraska,NE,31035,Clay County,6103,1414.487446,11131.76934
Nebraska,NE,31037,Colfax County,10826,543.7191067,6244.683682
Nebraska,NE,31039,Cuming County,8952,2487.900755,36043.57723
Nebraska,NE,31041,Custer County,10487,718.6571206,3742.003675
Nebraska,NE,31043,Dakota County,21335,503.8917522,8146.158104
Nebraska,NE,31045,Dawes County,8003,178.7413534,3709.725866
Nebraska,NE,31047,Dawson County,24554,4307.863911,49898.91181
Nebraska,NE,31049,Deuel County,1892,3.644918107,289.002353
Nebraska,NE,31051,Dixon County,5526,683.4221435,6031.744962
Nebraska,NE,31053,Dodge County,37884,11655.41796,151078.0784
Nebraska,NE,31055,Douglas County,601158,1079814.067,16066965.98
Nebraska,NE,31057,Dundy County,1581,54.72056034,291.9751586
Nebraska,NE,31059,Fillmore County,5512,441.4094008,807.4241217
Nebraska,NE,31061,Franklin County,2817,0,181.5452511
Nebraska,NE,31063,Frontier County,2536,2245.912813,29451.37101
Nebraska,NE,31065,Furnas County,4468,145.2904159,1779.53318
Nebraska,NE,31067,Gage County,21687,7348.473604,33616.65343
Nebraska,NE,31069,Garden County,1804,0,347.349847
Nebraska,NE,31071,Garfield County,1707,1356.121968,10634.3248
Nebraska,NE,31073,Gosper County,1808,145.2904159,4234.520546
Nebraska,NE,31075,Grant County,573,54.72056034,0
Nebraska,NE,31077,Greeley County,2197,3.644918107,457.7443965
Nebraska,NE,31079,Hall County,62869,12351.10596,112319.1502
Nebraska,NE,31081,Hamilton County,9564,2020.058528,11486.51672
Nebraska,NE,31083,Harlan County,3018,54.72056034,215.7110228
Nebraska,NE,31085,Hayes County,846,54.72056034,0
Nebraska,NE,31087,Hitchcock County,2460,58.36547845,445.0448778
Nebraska,NE,31089,Holt County,10120,346.5479526,1393.223561
Nebraska,NE,31091,Hooker County,698,0,0
Nebraska,NE,31093,Howard County,6572,2639.891489,30370.28972
Nebraska,NE,31095,Jefferson County,7136,1781.521846,19242.71783
Nebraska,NE,31097,Johnson County,5219,4605.661002,60044.61072
Nebraska,NE,31099,Kearney County,6749,1469.208006,13103.35806
Nebraska,NE,31101,Keith County,8148,1582.294045,11216.87301
Nebraska,NE,31103,Keya Paha County,819,3.644918107,236.2903982
Nebraska,NE,31105,Kimball County,3305,165.5279488,669.3701996
Nebraska,NE,31107,Knox County,8306,437.145107,3060.741542
Nebraska,NE,31109,Lancaster County,332857,750880.7332,4020797.508
Nebraska,NE,31111,Lincoln County,33319,3307.004899,41124.02362
Nebraska,NE,31113,Logan County,694,2191.192252,29605.97945
Nebraska,NE,31115,Loup County,582,0,0
Nebraska,NE,31117,McPherson County,376,0,17.22176166
Nebraska,NE,31119,Madison County,35579,16818.06994,222301.1846
Nebraska,NE,31121,Merrick County,7837,773.377681,1050.885661
Nebraska,NE,31123,Morrill County,4485,10.93475432,749.6983207
Nebraska,NE,31125,Nance County,3262,465.5701672,6306.979719
Nebraska,NE,31127,Nemaha County,7046,1848.423721,18641.57552
Nebraska,NE,31129,Nuckolls County,4094,65.65531466,851.5920745
Nebraska,NE,31131,Otoe County,16591,9298.488859,94734.68404
Nebraska,NE,31133,Pawnee County,2521,3598.389862,40024.10766
Nebraska,NE,31135,Perkins County,2779,116.7309569,542.5145129
Nebraska,NE,31137,Phelps County,9042,1469.208006,11734.33851
Nebraska,NE,31139,Pierce County,7334,1604.111448,16044.01802
Nebraska,NE,31141,Platte County,35499,9163.373941,116754.4201
Nebraska,NE,31143,Polk County,5269,459.6339913,2330.5885
Nebraska,NE,31145,Red Willow County,10409,579.4099805,1952.558514
Nebraska,NE,31147,Richardson County,7666,5150.877888,52410.88434
Nebraska,NE,31149,Rock County,1241,62.01039655,643.4161795
Nebraska,NE,31151,Saline County,14740,8008.260999,41683.1333
Nebraska,NE,31153,Sarpy County,204828,171965.6866,2523044.661
Nebraska,NE,31155,Saunders County,23406,18076.12144,131189.9997
Nebraska,NE,31157,Scotts Bluff County,35734,1033.505819,9667.884435
Nebraska,NE,31159,Seward County,17769,20428.18398,95490.38354
Nebraska,NE,31161,Sheridan County,4927,94.21477365,1901.956687
Nebraska,NE,31163,Sherman County,2949,171.4515172,976.8064477
Nebraska,NE,31165,Sioux County,1099,54.72056034,259.1476991
Nebraska,NE,31167,Stanton County,5756,497.4505482,4416.243877
Nebraska,NE,31169,Thayer County,4870,3656.75534,41506.30207
Nebraska,NE,31171,Thomas County,634,0,17.22176166
Nebraska,NE,31173,Thurston County,6637,162.5684194,1367.56963
Nebraska,NE,31175,Valley County,4032,192.8055349,1070.414702
Nebraska,NE,31177,Washington County,21254,17582.83609,235994.9454
Nebraska,NE,31179,Wayne County,9870,726.4566733,10423.09339
Nebraska,NE,31181,Webster County,3326,62.01039655,589.7781612
Nebraska,NE,31183,Wheeler County,808,1297.756489,10316.4691
Nebraska,NE,31185,York County,14375,4247.647856,45804.17684
Nevada,NV,32001,Churchill County,26033,134.124101,19341.50229
Nevada,NV,32003,Clark County,2398871,27423.45625,1809326.436
Nevada,NV,32005,Douglas County,49564,253.1611939,42545.63097
Nevada,NV,32007,Elko County,54363,202.4669788,15461.91494
Nevada,NV,32009,Esmeralda County,720,0,0
Nevada,NV,32011,Eureka County,1877,0,2205.239433
Nevada,NV,32013,Humboldt County,17116,64.5770305,10523.98553
Nevada,NV,32015,Lander County,5785,119.2249953,3055.937588
Nevada,NV,32017,Lincoln County,4345,0,725.8915351
Nevada,NV,32019,Lyon County,63718,83.06228054,50785.26657
Nevada,NV,32021,Mineral County,4475,0,1774.534582
Nevada,NV,32023,Nye County,55990,119.3676967,22468.11666
Nevada,NV,32027,Pershing County,6536,50.88211752,2025.109581
Nevada,NV,32029,Storey County,4112,0.071350661,12743.90472
Nevada,NV,32031,Washoe County,507280,2030.649421,2929245.902
Nevada,NV,32033,White Pine County,8534,142.6689087,13247.66868
Nevada,NV,32510,Carson City,58148,198.5214286,96285.92834
New Hampshire,NH,33001,Belknap County,65257,9668.735795,289310.9735
New Hampshire,NH,33003,Carroll County,52580,17933.87662,330551.592
New Hampshire,NH,33005,Cheshire County,78078,36039.8814,1678549.588
New Hampshire,NH,33007,Coos County,31094,4490.337779,136965.7919
New Hampshire,NH,33009,Grafton County,93045,207117.9169,11727205.79
New Hampshire,NH,33011,Hillsborough County,430462,257187.1158,5508960.65
New Hampshire,NH,33013,Merrimack County,157869,47911.59541,1702047.927
New Hampshire,NH,33015,Rockingham County,322433,224179.9774,5344986.528
New Hampshire,NH,33017,Strafford County,134202,24891.38223,1177244.366
New Hampshire,NH,33019,Sullivan County,44012,18821.24047,1280221.206
New Jersey,NJ,34001,Atlantic County,279114,159234.816,1468844.733
New Jersey,NJ,34003,Bergen County,978641,767430.8866,22892412.74
New Jersey,NJ,34005,Burlington County,475515,569962.546,8251458.119
New Jersey,NJ,34007,Camden County,533988,1122816.355,14976271.31
New Jersey,NJ,34009,Cape May County,93875,31086.68949,457137.0589
New Jersey,NJ,34011,Cumberland County,155678,20348.5735,672148.6451
New Jersey,NJ,34013,Essex County,881527,259247.7952,6444052.777
New Jersey,NJ,34015,Gloucester County,311783,587158.2789,7614208.649
New Jersey,NJ,34017,Hudson County,736185,713741.66,13213511.45
New Jersey,NJ,34019,Hunterdon County,131708,37679.91708,1237702.757
New Jersey,NJ,34021,Mercer County,392138,367511.3826,10389286.56
New Jersey,NJ,34023,Middlesex County,890119,258847.4205,25311973.89
New Jersey,NJ,34025,Monmouth County,647520,227187.8011,7062397.794
New Jersey,NJ,34027,Morris County,523053,114562.5589,3013592.888
New Jersey,NJ,34029,Ocean County,666434,92245.6911,3050990.723
New Jersey,NJ,34031,Passaic County,526597,162010.5952,3095019.773
New Jersey,NJ,34033,Salem County,65874,50008.28043,800916.0761
New Jersey,NJ,34035,Somerset County,357467,95708.71491,9263319.938
New Jersey,NJ,34037,Sussex County,147444,33225.2858,657617.5376
New Jersey,NJ,34039,Union County,594160,170041.1673,6363656.597
New Jersey,NJ,34041,Warren County,112031,11113.33704,490805.1311
New Mexico,NM,35001,Bernalillo County,671747,7850.445605,15121073.2
New Mexico,NM,35003,Catron County,3795,0,3179.036479
New Mexico,NM,35005,Chaves County,63697,5965.943582,41263.64276
New Mexico,NM,35006,Cibola County,26686,836.4266711,53341.1539
New Mexico,NM,35007,Colfax County,12307,0,9267.235607
New Mexico,NM,35009,Curry County,47156,0.676812861,43250.90991
New Mexico,NM,35011,De Baca County,1657,0,1951.782934
New Mexico,NM,35013,Do�a Ana County,229366,112233.5992,884868.7773
New Mexico,NM,35015,Eddy County,61436,803.1797849,30422.58519
New Mexico,NM,35017,Grant County,27541,1918.252291,19869.10411
New Mexico,NM,35019,Guadalupe County,4385,0.676812861,4245.319966
New Mexico,NM,35021,Harding County,635,0,2087.084993
New Mexico,NM,35023,Hidalgo County,3966,1634.691588,3063.725751
New Mexico,NM,35025,Lea County,75151,677.3123838,40440.04161
New Mexico,NM,35027,Lincoln County,20025,0,30217.45997
New Mexico,NM,35028,Los Alamos County,19675,90.79710225,58421.48395
New Mexico,NM,35029,Luna County,25878,1312.800056,14604.53629
New Mexico,NM,35031,McKinley County,68945,424.834969,107758.514
New Mexico,NM,35033,Mora County,4096,0,4219.958677
New Mexico,NM,35035,Otero County,69711,4536.648877,85489.51482
New Mexico,NM,35037,Quay County,8403,0,20686.41204
New Mexico,NM,35039,Rio Arriba County,39955,0,58933.4442
New Mexico,NM,35041,Roosevelt County,18713,0,15537.24342
New Mexico,NM,35043,Sandoval County,157757,1920.415895,1641230.645
New Mexico,NM,35045,San Juan County,120817,429.339009,60917.87386
New Mexico,NM,35047,San Miguel County,26428,0,25619.82568
New Mexico,NM,35049,Santa Fe County,157765,3165.221841,404489.4897
New Mexico,NM,35051,Sierra County,11389,985.2768546,17907.74501
New Mexico,NM,35053,Socorro County,15967,80.47288319,55728.4175
New Mexico,NM,35055,Taos County,34482,0,97306.32827
New Mexico,NM,35057,Torrance County,15986,248.4039436,67870.66623
New Mexico,NM,35059,Union County,3926,0,95.47845455
New Mexico,NM,35061,Valencia County,80813,2836.505413,837435.3203
New York,NY,36001,Albany County,319964,220040.1869,4731135.248
New York,NY,36003,Allegany County,47299,17439.50367,197746.8169
New York,NY,36005,Bronx County,1384724,3952166.638,93833076.98
New York,NY,36007,Broome County,196397,24266.83699,2670434.339
New York,NY,36009,Cattaraugus County,75475,20310.52241,322323.8159
New York,NY,36011,Cayuga County,74567,9029.926839,1064686.6
New York,NY,36013,Chautauqua County,124105,74363.05163,767100.8467
New York,NY,36015,Chemung County,81115,8790.455723,660048.2795
New York,NY,36017,Chenango County,45776,4560.59585,236137.2009
New York,NY,36019,Clinton County,77871,4023.072716,261035.138
New York,NY,36021,Columbia County,60299,28462.15314,486978.5366
New York,NY,36023,Cortland County,45945,3699.478119,1342634.971
New York,NY,36025,Delaware County,44191,7299.751941,242987.544
New York,NY,36027,Dutchess County,299963,159910.0428,3682610.778
New York,NY,36029,Erie County,950602,2534547.398,20129004.35
New York,NY,36031,Essex County,36744,3236.892699,149633.8892
New York,NY,36033,Franklin County,47086,5485.01749,137817.6286
New York,NY,36035,Fulton County,52073,7101.166474,252229.2237
New York,NY,36037,Genesee County,57604,101424.961,861105.6898
New York,NY,36039,Greene County,46903,49103.02784,443774.2585
New York,NY,36041,Hamilton County,5082,509.2749178,19408.337
New York,NY,36043,Herkimer County,59585,4055.261663,334272.363
New York,NY,36045,Jefferson County,113140,6231.47924,399325.1274
New York,NY,36047,Kings County,2617631,6553744.871,123367490
New York,NY,36049,Lewis County,26570,1535.200178,55344.31023
New York,NY,36051,Livingston County,61561,149203.8909,1067696.902
New York,NY,36053,Madison County,67072,16762.44796,566357.1251
New York,NY,36055,Monroe County,752202,5387565.845,29510875.81
New York,NY,36057,Montgomery County,49648,5667.975949,196983.2416
New York,NY,36059,Nassau County,1392438,1489791.823,34087352.77
New York,NY,36061,New York County,1660664,4278352.393,105899853.8
New York,NY,36063,Niagara County,209570,231760.894,2405816.621
New York,NY,36065,Oneida County,228347,20377.49707,1166775.091
New York,NY,36067,Onondaga County,469812,101449.6202,5894822.487
New York,NY,36069,Ontario County,113012,229022.7803,1484601.808
New York,NY,36071,Orange County,411767,268623.7366,4847757.99
New York,NY,36073,Orleans County,39686,182951.7302,1174728.382
New York,NY,36075,Oswego County,118305,13529.03897,674099.9797
New York,NY,36077,Otsego County,60524,3927.129541,210215.0105
New York,NY,36079,Putnam County,98409,82420.21264,1564114.559
New York,NY,36081,Queens County,2316841,5056577.461,86305269.46
New York,NY,36083,Rensselaer County,160749,408963.1461,2446611.506
New York,NY,36085,Richmond County,498212,727453.2869,14648526.26
New York,NY,36087,Rockland County,348144,268220.3265,7564023.22
New York,NY,36089,St. Lawrence County,106198,30459.32278,460587.5537
New York,NY,36091,Saratoga County,240360,110035.7636,1776040.726
New York,NY,36093,Schenectady County,162261,71186.43532,1603961.84
New York,NY,36095,Schoharie County,30151,3480.493796,106139.806
New York,NY,36097,Schuyler County,17121,1042.214065,817257.1761
New York,NY,36099,Seneca County,32650,3404.346631,505582.8824
New York,NY,36101,Steuben County,92015,89919.36328,688148.7817
New York,NY,36103,Suffolk County,1535909,999072.5321,30563322.03
New York,NY,36105,Sullivan County,80450,69989.94363,621899.1616
New York,NY,36107,Tioga County,47574,5194.268378,1783462.222
New York,NY,36109,Tompkins County,105602,19553.12438,16299646.85
New York,NY,36111,Ulster County,182977,78376.54275,1867989.684
New York,NY,36113,Warren County,65288,11239.33945,169866.1124
New York,NY,36115,Washington County,59839,7599.672629,165898.3635
New York,NY,36117,Wayne County,90757,433871.9558,2463679.674
New York,NY,36119,Westchester County,1006447,1245557.211,26627086.08
New York,NY,36121,Wyoming County,39588,55678.27596,479516.0476
New York,NY,36123,Yates County,24387,660.5392618,57864.76954
North Carolina,NC,37001,Alamance County,183040,4602731.176,8725197.102
North Carolina,NC,37003,Alexander County,36693,194970.8863,182775.1414
North Carolina,NC,37005,Alleghany County,11379,5612.237184,28212.91516
North Carolina,NC,37007,Anson County,22432,20562.69276,80824.4286
North Carolina,NC,37009,Ashe County,27266,98682.51764,104856.4625
North Carolina,NC,37011,Avery County,17811,4592.482278,27502.54378
North Carolina,NC,37013,Beaufort County,44576,19681.59001,177725.8311
North Carolina,NC,37015,Bertie County,16939,9013.103349,57657.8057
North Carolina,NC,37017,Bladen County,29777,20472.30235,110051.6761
North Carolina,NC,37019,Brunswick County,167112,316554.4172,631719.2176
North Carolina,NC,37021,Buncombe County,279210,526259.3954,685527.7816
North Carolina,NC,37023,Burke County,88545,209716.3337,247234.2273
North Carolina,NC,37025,Cabarrus County,244925,482533.4688,1014412.251
North Carolina,NC,37027,Caldwell County,80739,128655.7651,245132.6814
North Carolina,NC,37029,Camden County,11184,5020.216757,25582.80916
North Carolina,NC,37031,Carteret County,70259,207024.2618,266244.8445
North Carolina,NC,37033,Caswell County,22363,1226939.881,983076.8531
North Carolina,NC,37035,Catawba County,167054,177288.4557,535491.6242
North Carolina,NC,37037,Chatham County,83874,3610931.283,9504427.012
North Carolina,NC,37039,Cherokee County,30373,5004.756544,37574.53258
North Carolina,NC,37041,Chowan County,13891,100905.6085,104729.4195
North Carolina,NC,37043,Clay County,12042,4804.846836,28694.73573
North Carolina,NC,37045,Cleveland County,102194,119146.1653,195135.6469
North Carolina,NC,37047,Columbus County,50054,203182.7988,242305.4691
North Carolina,NC,37049,Craven County,104167,316251.4215,436555.5507
North Carolina,NC,37051,Cumberland County,338430,1260122.167,1318701.447
North Carolina,NC,37053,Currituck County,32278,189794.5581,143241.3418
North Carolina,NC,37055,Dare County,38183,106703.4129,148711.9251
North Carolina,NC,37057,Davidson County,177809,885544.3567,2322392.969
North Carolina,NC,37059,Davie County,45383,395547.9793,872803.7033
North Carolina,NC,37061,Duplin County,50539,471429.7816,352398.5404
North Carolina,NC,37063,Durham County,343628,90008070.24,70440569.26
North Carolina,NC,37065,Edgecombe County,49124,388171.0202,376116.0852
North Carolina,NC,37067,Forsyth County,398143,3912701.24,11453395.05
North Carolina,NC,37069,Franklin County,79771,2012559.386,1757520.926
North Carolina,NC,37071,Gaston County,242010,750711.1369,1047532.482
North Carolina,NC,37073,Gates County,10299,4418.409545,19351.69268
North Carolina,NC,37075,Graham County,8179,2241.840761,12312.95947
North Carolina,NC,37077,Granville County,61544,5133790,3397143.375
North Carolina,NC,37079,Greene County,20671,18131.60362,111489.3239
North Carolina,NC,37081,Guilford County,558816,3312005.675,6284125.752
North Carolina,NC,37083,Halifax County,46992,293259.3259,288778.1085
North Carolina,NC,37085,Harnett County,146096,1516600.784,1617858.689
North Carolina,NC,37087,Haywood County,63048,17840.89322,88863.89736
North Carolina,NC,37089,Henderson County,120771,478780.9157,428370.6633
North Carolina,NC,37091,Hertford County,19169,101489.3266,100407.368
North Carolina,NC,37093,Hoke County,55382,203783.0912,196200.6617
North Carolina,NC,37095,Hyde County,4583,1480.333777,11973.31245
North Carolina,NC,37097,Iredell County,206361,939781.3845,1242746.963
North Carolina,NC,37099,Jackson County,45281,103589.6648,123680.6038
North Carolina,NC,37101,Johnston County,249794,3881320.256,3584946.309
North Carolina,NC,37103,Jones County,9462,4689.601346,29696.51949
North Carolina,NC,37105,Lee County,68537,535727.8763,744685.2268
North Carolina,NC,37107,Lenoir County,55332,117426.1028,188912.1047
North Carolina,NC,37109,Lincoln County,97611,215622.5949,375269.162
North Carolina,NC,37111,McDowell County,45269,17156.24258,68168.96156
North Carolina,NC,37113,Macon County,38717,191979.6956,178365.7309
North Carolina,NC,37115,Madison County,22352,98105.38875,91963.66318
North Carolina,NC,37117,Martin County,21523,186253.4355,138337.4208
North Carolina,NC,37119,Mecklenburg County,1206285,5953331.563,6776100.404
North Carolina,NC,37121,Mitchell County,15030,6011.196407,33364.50065
North Carolina,NC,37123,Montgomery County,26364,13357.21086,53494.0402
North Carolina,NC,37125,Moore County,108417,230427.8289,331832.7169
North Carolina,NC,37127,Nash County,97990,141577.8218,343498.3907
North Carolina,NC,37129,New Hanover County,243333,541782.4102,2383184.762
North Carolina,NC,37131,Northampton County,16580,10673.18619,49225.0424
North Carolina,NC,37133,Onslow County,212954,806525.4336,885855.4365
North Carolina,NC,37135,Orange County,152877,29570046.77,47622442.5
North Carolina,NC,37137,Pamlico County,12550,185199.2651,144005.8416
North Carolina,NC,37139,Pasquotank County,41418,18289.84619,150439.9513
North Carolina,NC,37141,Pender County,70077,204314.6793,395456.7581
North Carolina,NC,37143,Perquimans County,13460,5638.990473,34376.18252
North Carolina,NC,37145,Person County,40143,4285581.393,3160874
North Carolina,NC,37147,Pitt County,180783,989494.5148,1493297.251
North Carolina,NC,37149,Polk County,20320,5842.893886,29900.0279
North Carolina,NC,37151,Randolph County,148389,918881.0899,1091758.337
North Carolina,NC,37153,Richmond County,41990,206061.215,235232.8544
North Carolina,NC,37155,Robeson County,118624,872618.2877,708289.2544
North Carolina,NC,37157,Rockingham County,93517,1176764.211,1274477.461
North Carolina,NC,37159,Rowan County,153384,458495.9216,791772.2583
North Carolina,NC,37161,Rutherford County,65587,26727.88349,124568.1252
North Carolina,NC,37163,Sampson County,60404,122043.2442,195100.2313
North Carolina,NC,37165,Scotland County,33898,109246.3663,139010.6198
North Carolina,NC,37167,Stanly County,67326,128739.3864,208219.6207
North Carolina,NC,37169,Stokes County,45857,377116.4176,767817.9258
North Carolina,NC,37171,Surry County,71547,448381.1642,720045.4875
North Carolina,NC,37173,Swain County,13945,4345.335248,19468.31727
North Carolina,NC,37175,Transylvania County,34103,17436.95557,80841.60067
North Carolina,NC,37177,Tyrrell County,3517,3425.031066,18164.90367
North Carolina,NC,37179,Union County,263386,728524.3881,961747.4705
North Carolina,NC,37181,Vance County,42337,1217483.9,923691.8664
North Carolina,NC,37183,Wake County,1232444,42292664.45,48968296.4
North Carolina,NC,37185,Warren County,19081,560926.0005,413711.8463
North Carolina,NC,37187,Washington County,10654,5643.565536,32840.58872
North Carolina,NC,37189,Watauga County,54997,102379.3725,155556.4482
North Carolina,NC,37191,Wayne County,120338,338316.5877,495452.1728
North Carolina,NC,37193,Wilkes County,66186,128431.5815,716042.4164
North Carolina,NC,37195,Wilson County,79958,309390.9353,350476.7282
North Carolina,NC,37197,Yadkin County,37995,72275.04076,418072.0879
North Carolina,NC,37199,Yancey County,18993,96836.75069,87054.14048
North Dakota,ND,38001,Adams County,2141,0,0
North Dakota,ND,38003,Barnes County,10798,90.52221919,7880.445672
North Dakota,ND,38005,Benson County,5756,54.31333151,3086.540723
North Dakota,ND,38007,Billings County,1063,0,0
North Dakota,ND,38009,Bottineau County,6391,94.61002514,5812.591627
North Dakota,ND,38011,Bowman County,2886,18.10444384,1329.802412
North Dakota,ND,38013,Burke County,2154,36.20888767,1017.511861
North Dakota,ND,38015,Burleigh County,103107,1020.991314,62894.12768
North Dakota,ND,38017,Cass County,200945,2940.275064,1130243.721
North Dakota,ND,38019,Cavalier County,3567,18.10444384,2399.583095
North Dakota,ND,38021,Dickey County,4930,18.10444384,1356.772497
North Dakota,ND,38023,Divide County,2124,58.40113746,2029.057172
North Dakota,ND,38025,Dunn County,4031,18.10444384,1556.456923
North Dakota,ND,38027,Eddy County,2309,54.31333151,3156.587876
North Dakota,ND,38029,Emmons County,3209,36.20888767,3589.824943
North Dakota,ND,38031,Foster County,3323,0,0
North Dakota,ND,38033,Golden Valley County,1795,18.10444384,508.7559306
North Dakota,ND,38035,Grand Forks County,73771,48737.16281,1400477.075
North Dakota,ND,38037,Grant County,2247,18.10444384,1465.853199
North Dakota,ND,38039,Griggs County,2227,0,314.9794157
North Dakota,ND,38041,Hettinger County,2419,0,1630.320084
North Dakota,ND,38043,Kidder County,2371,18.10444384,508.7559306
North Dakota,ND,38045,LaMoure County,4051,54.31333151,2478.782959
North Dakota,ND,38047,Logan County,1880,0,1630.320084
North Dakota,ND,38049,McHenry County,5135,36.20888767,6790.648484
North Dakota,ND,38051,McIntosh County,2461,72.41777535,2444.691095
North Dakota,ND,38053,McKenzie County,14782,18.10444384,508.7559306
North Dakota,ND,38055,McLean County,9845,72.02243109,5274.710839
North Dakota,ND,38057,Mercer County,8348,36.20888767,2768.815605
North Dakota,ND,38059,Morton County,34194,180.6490941,8870.937564
North Dakota,ND,38061,Mountrail County,9474,90.52221919,3393.298179
North Dakota,ND,38063,Nelson County,3007,75.47242885,4490.518074
North Dakota,ND,38065,Oliver County,1882,0,141.9372264
North Dakota,ND,38067,Pembina County,6588,108.626663,8512.141162
North Dakota,ND,38069,Pierce County,3853,72.41777535,6433.237959
North Dakota,ND,38071,Ramsey County,11510,343.9844329,11969.45918
North Dakota,ND,38073,Ransom County,5590,18.10444384,8975.335768
North Dakota,ND,38075,Renville County,2376,18.10444384,610.3120763
North Dakota,ND,38077,Richland County,16658,18.10444384,17086.66546
North Dakota,ND,38079,Rolette County,11692,126.3357626,8635.774293
North Dakota,ND,38081,Sargent County,3710,36.20888767,2342.518412
North Dakota,ND,38083,Sheridan County,1268,36.20888767,1017.511861
North Dakota,ND,38085,Sioux County,3713,0,90.77601714
North Dakota,ND,38087,Slope County,660,18.10444384,508.7559306
North Dakota,ND,38089,Stark County,33767,159.3427128,6913.194761
North Dakota,ND,38091,Steele County,1767,18.10444384,508.7559306
North Dakota,ND,38093,Stutsman County,21546,91.94789886,11722.86225
North Dakota,ND,38095,Towner County,2051,1.425679675,0.956262281
North Dakota,ND,38097,Traill County,7989,923.3266357,26888.54546
North Dakota,ND,38099,Walsh County,10214,271.5666576,11931.94949
North Dakota,ND,38101,Ward County,68427,839.7464521,48554.62025
North Dakota,ND,38103,Wells County,3803,18.10444384,600.5136976
North Dakota,ND,38105,Williams County,40763,295.6751112,12410.49471
Ohio,OH,39001,Adams County,27671,3141.994642,37695.26417
Ohio,OH,39003,Allen County,100866,21861.34664,239433.4909
Ohio,OH,39005,Ashland County,52420,7659.373431,142491.9277
Ohio,OH,39007,Ashtabula County,96906,30087.90535,408921.7334
Ohio,OH,39009,Athens County,63218,11600.05727,470693.7886
Ohio,OH,39011,Auglaize County,45922,2942.724537,47917.77871
Ohio,OH,39013,Belmont County,64692,10288.73108,122706.0254
Ohio,OH,39015,Brown County,44292,11994.79449,232248.7128
Ohio,OH,39017,Butler County,399542,193264.0853,4868228.273
Ohio,OH,39019,Carroll County,26460,2612.488573,35246.4713
Ohio,OH,39021,Champaign County,38907,7319.735317,75475.39837
Ohio,OH,39023,Clark County,134985,23135.04934,401828.2504
Ohio,OH,39025,Clermont County,214123,142648.1981,3618594.836
Ohio,OH,39027,Clinton County,42019,13303.01394,166435.9909
Ohio,OH,39029,Columbiana County,99823,15628.86194,136607.086
Ohio,OH,39031,Coshocton County,37003,9554.39572,107826.2827
Ohio,OH,39033,Crawford County,41626,15965.53655,165038.0479
Ohio,OH,39035,Cuyahoga County,1240594,2709310.637,50297515.76
Ohio,OH,39037,Darke County,51462,5341.327143,75377.78684
Ohio,OH,39039,Defiance County,38644,533.8637979,40012.78035
Ohio,OH,39041,Delaware County,237966,537197.7333,5286783.518
Ohio,OH,39043,Erie County,73841,10697.88217,195307.8928
Ohio,OH,39045,Fairfield County,167762,167231.9615,2231240.11
Ohio,OH,39047,Fayette County,28782,6494.928546,96174.31547
Ohio,OH,39049,Franklin County,1356303,4545863.741,45324789.61
Ohio,OH,39051,Fulton County,42028,18144.58767,230651.21
Ohio,OH,39053,Gallia County,28886,2048.479072,42258.15233
Ohio,OH,39055,Geauga County,95362,104861.4027,2133584.433
Ohio,OH,39057,Greene County,172347,28683.86879,690753.2155
Ohio,OH,39059,Guernsey County,38219,1520.846999,32876.82842
Ohio,OH,39061,Hamilton County,837359,1214906.861,29944308.49
Ohio,OH,39063,Hancock County,75016,6765.337575,89294.00032
Ohio,OH,39065,Hardin County,30402,425.5012456,12535.49011
Ohio,OH,39067,Harrison County,14042,599.8928444,13227.66062
Ohio,OH,39069,Henry County,27536,2164.549483,34488.83535
Ohio,OH,39071,Highland County,43785,9459.376817,134147.3332
Ohio,OH,39073,Hocking County,27429,3322.157503,58297.74247
Ohio,OH,39075,Holmes County,44668,5619.234383,76381.24975
Ohio,OH,39077,Huron County,58168,6565.420697,125396.8848
Ohio,OH,39079,Jackson County,32723,525.3748161,32297.56502
Ohio,OH,39081,Jefferson County,63900,15108.00761,179256.4276
Ohio,OH,39083,Knox County,63848,9530.980204,95812.84942
Ohio,OH,39085,Lake County,232360,255018.8182,5122971.08
Ohio,OH,39087,Lawrence County,55829,2371.220247,139430.9375
Ohio,OH,39089,Licking County,184898,164471.0734,1959151.777
Ohio,OH,39091,Logan County,46085,7768.411875,90627.79265
Ohio,OH,39093,Lorain County,322030,150185.0908,3888661.738
Ohio,OH,39095,Lucas County,426291,164467.5388,3346716.006
Ohio,OH,39097,Madison County,45531,65487.46672,682191.0145
Ohio,OH,39099,Mahoning County,225786,56746.16702,784877.4278
Ohio,OH,39101,Marion County,64976,24323.84089,250396.6801
Ohio,OH,39103,Medina County,184625,115436.6057,2406238.984
Ohio,OH,39105,Meigs County,21491,3433.220946,80890.64296
Ohio,OH,39107,Mercer County,42648,324.949318,21840.21494
Ohio,OH,39109,Miami County,111950,15579.38318,191635.096
Ohio,OH,39111,Monroe County,13051,3633.044231,40777.07631
Ohio,OH,39113,Montgomery County,537443,94542.07945,1662926.935
Ohio,OH,39115,Morgan County,13532,185.6182468,5713.380903
Ohio,OH,39117,Morrow County,35927,9598.912293,94261.93505
Ohio,OH,39119,Muskingum County,86582,26652.31733,294245.8771
Ohio,OH,39121,Noble County,14269,147.818018,7571.185934
Ohio,OH,39123,Ottawa County,39692,11893.37347,148899.311
Ohio,OH,39125,Paulding County,18755,1712.507601,15330.14785
Ohio,OH,39127,Perry County,35682,8779.18937,119662.9603
Ohio,OH,39129,Pickaway County,62158,81921.68517,897140.479
Ohio,OH,39131,Pike County,27065,6766.626854,79880.99439
Ohio,OH,39133,Portage County,163839,198733.3396,2273872.317
Ohio,OH,39135,Preble County,40801,2898.867275,117184.4678
Ohio,OH,39137,Putnam County,34206,2498.211191,37895.75203
Ohio,OH,39139,Richland County,124853,11993.58794,234846.1454
Ohio,OH,39141,Ross County,76046,17194.86329,224159.1202
Ohio,OH,39143,Sandusky County,58866,7171.384045,167101.7942
Ohio,OH,39145,Scioto County,71798,10619.13119,112078.0148
Ohio,OH,39147,Seneca County,54730,8492.089994,85345.708
Ohio,OH,39149,Shelby County,47952,6650.706091,77916.78598
Ohio,OH,39151,Stark County,374091,87778.60663,856097.5387
Ohio,OH,39153,Summit County,538370,301496.5567,4986121.43
Ohio,OH,39155,Trumbull County,200300,54769.9037,784765.9881
Ohio,OH,39157,Tuscarawas County,92048,16752.82835,187331.0883
Ohio,OH,39159,Union County,71721,120842.7713,1135752.572
Ohio,OH,39161,Van Wert County,28887,488.6054908,13446.54711
Ohio,OH,39163,Vinton County,12545,1054.033526,18074.25284
Ohio,OH,39165,Warren County,256059,119117.422,2766461.897
Ohio,OH,39167,Washington County,58332,9853.050409,120978.2463
Ohio,OH,39169,Wayne County,116632,9403.085822,326680.5541
Ohio,OH,39171,Williams County,36554,4389.463114,45373.95845
Ohio,OH,39173,Wood County,133077,28610.40503,633263.0354
Ohio,OH,39175,Wyandot County,21394,146.4519358,10161.09626
Oklahoma,OK,40001,Adair County,19821,25892.18802,15290.72987
Oklahoma,OK,40003,Alfalfa County,5712,977.9295266,5036.221715
Oklahoma,OK,40005,Atoka County,14600,1079.34132,9302.66394
Oklahoma,OK,40007,Beaver County,5025,268.018525,1977.557085
Oklahoma,OK,40009,Beckham County,22248,1858.307693,50791.24745
Oklahoma,OK,40011,Blaine County,8573,1088.050733,12664.37495
Oklahoma,OK,40013,Bryan County,50305,1794.915546,19344.16768
Oklahoma,OK,40015,Caddo County,26337,2883.308749,20409.23059
Oklahoma,OK,40017,Canadian County,181760,54605.65839,1226652.032
Oklahoma,OK,40019,Carter County,49135,1286.146933,16338.38752
Oklahoma,OK,40021,Cherokee County,48729,140128.4607,57959.28273
Oklahoma,OK,40023,Choctaw County,14174,91.59751851,2375.025338
Oklahoma,OK,40025,Cimarron County,2133,86.93697584,731.5762511
Oklahoma,OK,40027,Cleveland County,303952,952796.3757,3929873.047
Oklahoma,OK,40029,Coal County,5414,183.195037,3151.837585
Oklahoma,OK,40031,Comanche County,121396,14203.67678,249500.1081
Oklahoma,OK,40033,Cotton County,5503,91.59751851,1844.351763
Oklahoma,OK,40035,Craig County,14506,1018.740511,13664.64019
Oklahoma,OK,40037,Creek County,73971,16345.60573,278018.6493
Oklahoma,OK,40039,Custer County,28266,3127.830364,37973.08776
Oklahoma,OK,40041,Delaware County,41771,3344.301191,45522.37973
Oklahoma,OK,40043,Dewey County,4268,178.5344944,2845.504633
Oklahoma,OK,40045,Ellis County,3601,521.621855,5460.297253
Oklahoma,OK,40047,Garfield County,62007,4235.048598,45283.81939
Oklahoma,OK,40049,Garvin County,26149,5954.909015,20294.60204
Oklahoma,OK,40051,Grady County,58353,19990.18954,247233.6658
Oklahoma,OK,40053,Grant County,4123,874.0303011,8433.817448
Oklahoma,OK,40055,Greer County,5433,891.6356968,4814.836727
Oklahoma,OK,40057,Harmon County,2315,350.9381042,2531.304856
Oklahoma,OK,40059,Harper County,3209,268.018525,3072.338431
Oklahoma,OK,40061,Haskell County,11811,2220.242146,29379.71921
Oklahoma,OK,40063,Hughes County,13371,1347.359845,10516.34037
Oklahoma,OK,40065,Jackson County,24541,2248.750194,12097.84588
Oklahoma,OK,40067,Jefferson County,5374,350.9663652,23200.07871
Oklahoma,OK,40069,Johnston County,10293,542.8110805,7921.460851
Oklahoma,OK,40071,Kay County,43437,5215.390335,54760.65136
Oklahoma,OK,40073,Kingfisher County,15820,1848.690966,26389.04665
Oklahoma,OK,40075,Kiowa County,8257,627.6345684,3652.624054
Oklahoma,OK,40077,Latimer County,9509,4557.466686,3924.764772
Oklahoma,OK,40079,Le Flore County,49854,4403.025976,53561.57187
Oklahoma,OK,40081,Lincoln County,34972,10744.65895,215651.1564
Oklahoma,OK,40083,Logan County,53860,19254.9529,331775.5029
Oklahoma,OK,40085,Love County,10423,719.875233,5993.961046
Oklahoma,OK,40087,McClain County,48434,45464.75458,204960.8131
Oklahoma,OK,40089,McCurtain County,30805,3268.191092,59624.18265
Oklahoma,OK,40091,McIntosh County,19710,1112.451518,17373.99073
Oklahoma,OK,40093,Major County,7569,627.2010016,8466.498367
Oklahoma,OK,40095,Marshall County,16147,1162.694466,6442.817693
Oklahoma,OK,40097,Mayes County,40144,5776.477224,68348.08543
Oklahoma,OK,40099,Murray County,13754,818.0372029,6231.559549
Oklahoma,OK,40101,Muskogee County,66752,21057.18795,70118.90425
Oklahoma,OK,40103,Noble County,10896,6102.116992,52012.23715
Oklahoma,OK,40105,Nowata County,9561,717.118599,7475.471653
Oklahoma,OK,40107,Okfuskee County,11364,1297.730649,33519.73698
Oklahoma,OK,40109,Oklahoma County,816490,571301.3619,12502938.99
Oklahoma,OK,40111,Okmulgee County,37084,2952.260139,129458.4738
Oklahoma,OK,40113,Osage County,46495,6437.936073,156452.8945
Oklahoma,OK,40115,Ottawa County,30404,902.0990616,12183.76046
Oklahoma,OK,40117,Pawnee County,16111,4734.062724,75724.31157
Oklahoma,OK,40119,Payne County,84199,137769.8495,1163461.098
Oklahoma,OK,40121,Pittsburg County,43395,6721.586769,39081.2869
Oklahoma,OK,40123,Pontotoc County,38310,1800.627272,12451.47267
Oklahoma,OK,40125,Pottawatomie County,74446,21326.98422,375664.0126
Oklahoma,OK,40127,Pushmataha County,10800,361.4014691,2917.479763
Oklahoma,OK,40129,Roger Mills County,3304,362.1630982,628.9020644
Oklahoma,OK,40131,Rogers County,101371,16735.80037,294411.5417
Oklahoma,OK,40133,Seminole County,23351,4050.447494,73784.26716
Oklahoma,OK,40135,Sequoyah County,40555,12560.32953,25031.4819
Oklahoma,OK,40137,Stephens County,44075,2911.730865,34153.18657
Oklahoma,OK,40139,Texas County,20577,912.7471363,11717.46185
Oklahoma,OK,40141,Tillman County,6736,723.8926296,5786.907426
Oklahoma,OK,40143,Tulsa County,693514,66943.56824,3195839.113
Oklahoma,OK,40145,Wagoner County,91257,15409.68324,297937.1665
Oklahoma,OK,40147,Washington County,54060,6166.382415,38961.29675
Oklahoma,OK,40149,Washita County,10839,902.8606908,3935.749788
Oklahoma,OK,40151,Woods County,8582,890.9925507,6039.217493
Oklahoma,OK,40153,Woodward County,19991,1211.015038,32304.02215
Oregon,OR,41001,Baker County,16750,39.18927223,21028.80879
Oregon,OR,41003,Benton County,98899,3972.129537,1829157.473
Oregon,OR,41005,Clackamas County,425857,87204.55872,6851742.383
Oregon,OR,41007,Clatsop County,41043,2366.878364,117670.1405
Oregon,OR,41009,Columbia County,54063,7319.412051,591843.6527
Oregon,OR,41011,Coos County,64326,691.4008429,65007.85487
Oregon,OR,41013,Crook County,27336,655.6786151,45922.17255
Oregon,OR,41015,Curry County,22774,163.4520082,19639.64981
Oregon,OR,41017,Deschutes County,211535,4862.303394,311656.9485
Oregon,OR,41019,Douglas County,112255,938.8073257,222499.0291
Oregon,OR,41021,Gilliam County,1971,0,10587.53003
Oregon,OR,41023,Grant County,7093,203.4689941,14214.2694
Oregon,OR,41025,Harney County,7402,90.2780103,18449.65202
Oregon,OR,41027,Hood River County,23764,367.1822693,37557.57221
Oregon,OR,41029,Jackson County,221331,1636.086015,189660.2376
Oregon,OR,41031,Jefferson County,25536,736.1113895,53851.98737
Oregon,OR,41033,Josephine County,88276,490.5700764,91719.24763
Oregon,OR,41035,Klamath County,70438,460.533587,130600.2032
Oregon,OR,41037,Lake County,8194,0,8960.631874
Oregon,OR,41039,Lane County,382396,9723.276876,7699006.255
Oregon,OR,41041,Lincoln County,51212,1171.714882,105681.7997
Oregon,OR,41043,Linn County,132474,3867.354707,553915.4979
Oregon,OR,41045,Malheur County,32315,81.38759764,43025.28585
Oregon,OR,41047,Marion County,352867,16214.59246,784413.0193
Oregon,OR,41049,Morrow County,12360,162.7751953,47982.12824
Oregon,OR,41051,Multnomah County,795897,207468.192,25438264.06
Oregon,OR,41053,Polk County,90549,3554.016264,221348.4448
Oregon,OR,41055,Sherman County,2002,0,439.7221408
Oregon,OR,41057,Tillamook County,27264,1546.435706,71495.45731
Oregon,OR,41059,Umatilla County,80491,251.576134,67755.89343
Oregon,OR,41061,Union County,26058,0,22546.52319
Oregon,OR,41063,Wallowa County,7522,39.18927223,9098.185998
Oregon,OR,41065,Wasco County,26507,546.370425,47583.05685
Oregon,OR,41067,Washington County,611272,122592.3213,11155341.37
Oregon,OR,41069,Wheeler County,1456,0,1141.140026
Oregon,OR,41071,Yamhill County,110886,5300.144578,490195.466
Maryland,MD,24001,Allegany County,67097,6900.49141,152727.6169
Maryland,MD,24003,Anne Arundel County,602350,714385.0716,12627067.88
Maryland,MD,24005,Baltimore County,852425,4197348.392,69036910.47
Maryland,MD,24009,Calvert County,94913,48253.01904,680900.6617
Maryland,MD,24011,Caroline County,34248,13673.12451,237121.9092
Maryland,MD,24013,Carroll County,177108,167825.0008,3233187.444
Maryland,MD,24015,Cecil County,106305,72769.16308,1769835.542
Maryland,MD,24017,Charles County,174478,182147.2679,1327895.115
Maryland,MD,24019,Dorchester County,33138,56917.99189,839770.5343
Maryland,MD,24021,Frederick County,299317,161410.8938,2868388.698
Maryland,MD,24023,Garrett County,28393,8370.134007,133349.4459
Maryland,MD,24025,Harford County,265514,426253.787,7403268.322
Maryland,MD,24027,Howard County,339668,804265.4787,16360859.09
Maryland,MD,24029,Kent County,19557,10105.30524,179744.9392
Maryland,MD,24031,Montgomery County,1082273,1414370.45,18059376.73
Maryland,MD,24033,Prince George's County,966629,2110929.702,14974839.42
Maryland,MD,24035,Queen Anne's County,53688,14619.40898,302110.9621
Maryland,MD,24037,St. Mary's County,116469,38773.41956,521658.2593
Maryland,MD,24039,Somerset County,25241,7613.453434,174203.8753
Maryland,MD,24041,Talbot County,38244,9782.064514,226674.5541
Maryland,MD,24043,Washington County,157228,52572.1342,749073.6233
Maryland,MD,24045,Wicomico County,106329,47722.44945,776535.1179
Maryland,MD,24047,Worcester County,54337,3768.379773,113052.8131
Maryland,MD,24510,Baltimore city,568271,4213499.856,68612954.49
Massachusetts,MA,25001,Barnstable County,232570,179337.7474,4556627.091
Massachusetts,MA,25003,Berkshire County,128726,60900.83345,1458989.33
Massachusetts,MA,25005,Bristol County,588593,803300.5998,16411793.84
Massachusetts,MA,25007,Dukes County,21061,11453.17091,211659.6651
Massachusetts,MA,25009,Essex County,823938,1845608.17,38016866.59
Massachusetts,MA,25011,Franklin County,70871,45931.42885,1990205.854
Massachusetts,MA,25013,Hampden County,464151,275469.6809,6629610.457
Massachusetts,MA,25015,Hampshire County,165399,77735.7515,4948221.206
Massachusetts,MA,25017,Middlesex County,1668956,10902469.83,192381729.8
Massachusetts,MA,25019,Nantucket County,14670,6400.98537,155617.7216
Massachusetts,MA,25021,Norfolk County,740754,5445367.13,97931384.1
Massachusetts,MA,25023,Plymouth County,542090,1487088.975,27994017.89
Massachusetts,MA,25025,Suffolk County,793144,8985217.347,154204506.2
Massachusetts,MA,25027,Worcester County,881248,1457946.859,38568516.47
Michigan,MI,26001,Alcona County,10624,2732.6046,20696.54732
Michigan,MI,26003,Alger County,8695,2221.761406,18666.31636
Michigan,MI,26005,Allegan County,122429,21374.03856,480302.5491
Michigan,MI,26007,Alpena County,28903,3581.573131,29155.76753
Michigan,MI,26009,Antrim County,24536,3771.563854,30755.62971
Michigan,MI,26011,Arenac County,15087,2253.411897,15274.3197
Michigan,MI,26013,Baraga County,8169,554.4197462,23570.06325
Michigan,MI,26015,Barry County,64025,11982.84548,249409.3524
Michigan,MI,26017,Bay County,102651,24676.38919,169710.6393
Michigan,MI,26019,Benzie County,18520,2859.082053,23476.05646
Michigan,MI,26021,Berrien County,152703,48905.04346,640965.2896
Michigan,MI,26023,Branch County,46187,8882.974553,91981.01033
Michigan,MI,26025,Calhoun County,133785,30053.17036,342262.5651
Michigan,MI,26027,Cass County,51550,12427.19138,255836.591
Michigan,MI,26029,Charlevoix County,26105,4536.7927,33404.65424
Michigan,MI,26031,Cheboygan County,25964,3146.355164,32067.58652
Michigan,MI,26033,Chippewa County,36253,4594.893068,43668.90812
Michigan,MI,26035,Clare County,31405,20781.09052,108399.0712
Michigan,MI,26037,Clinton County,80050,67811.63401,1458717.731
Michigan,MI,26039,Crawford County,13599,889.7889216,7466.388872
Michigan,MI,26041,Delta County,36687,5116.738814,48693.92654
Michigan,MI,26043,Dickinson County,25995,3162.073799,44237.10768
Michigan,MI,26045,Eaton County,109494,117439.7728,2478567.906
Michigan,MI,26047,Emmet County,33949,5766.6652,42536.17009
Michigan,MI,26049,Genesee County,402279,467381.809,4382824.762
Michigan,MI,26051,Gladwin County,25995,4711.539521,25730.4842
Michigan,MI,26053,Gogebic County,14217,547.5679413,9401.428815
Michigan,MI,26055,Grand Traverse County,96625,11308.11149,99517.04518
Michigan,MI,26057,Gratiot County,41372,25936.45726,95074.39664
Michigan,MI,26059,Hillsdale County,45590,114437.4846,944223.8157
Michigan,MI,26061,Houghton County,38041,5788.354349,666850.983
Michigan,MI,26063,Huron County,30780,7637.143199,77087.61223
Michigan,MI,26065,Ingham County,290427,547980.6059,11117033.74
Michigan,MI,26067,Ionia County,66250,18487.51292,369875.8157
Michigan,MI,26069,Iosco County,25361,6677.912594,59274.12634
Michigan,MI,26071,Iron County,11709,1384.664674,14289.40839
Michigan,MI,26073,Isabella County,65072,177435.4692,294910.0513
Michigan,MI,26075,Jackson County,160233,317117.9263,2811528.118
Michigan,MI,26077,Kalamazoo County,264780,74462.37887,1220832.865
Michigan,MI,26079,Kalkaska County,18618,2737.839706,21072.89036
Michigan,MI,26081,Kent County,673002,169564.8569,7110394.129
Michigan,MI,26083,Keweenaw County,2161,0,12627.04635
Michigan,MI,26085,Lake County,13005,2996.963216,24288.25906
Michigan,MI,26087,Lapeer County,89168,18583.91552,213226.8055
Michigan,MI,26089,Leelanau County,22871,2895.741036,29226.11387
Michigan,MI,26091,Lenawee County,97746,214315.048,1801128.295
Michigan,MI,26093,Livingston County,196976,1132195.041,9341114.936
Michigan,MI,26095,Luce County,6328,51.60783002,1437.152094
Michigan,MI,26097,Mackinac County,11144,1384.664674,12224.37493
Michigan,MI,26099,Macomb County,886175,388572.0633,4490588.962
Michigan,MI,26101,Manistee County,25519,5926.896133,30295.46255
Michigan,MI,26103,Marquette County,67979,9359.936483,98565.61093
Michigan,MI,26105,Mason County,29093,7988.987612,77651.83209
Michigan,MI,26107,Mecosta County,41947,14813.55299,120340.9081
Michigan,MI,26109,Menominee County,23050,4462.398104,44303.06488
Michigan,MI,26111,Midland County,84022,36718.59792,199788.063
Michigan,MI,26113,Missaukee County,15239,1177.008403,10338.30399
Michigan,MI,26115,Monroe County,156045,353040.6794,3157103.137
Michigan,MI,26117,Montcalm County,69314,16008.76418,286355.633
Michigan,MI,26119,Montmorency County,9828,1896.878333,16711.03742
Michigan,MI,26121,Muskegon County,177428,29034.07608,433237.0096
Michigan,MI,26123,Newaygo County,51504,9382.661666,172004.5278
Michigan,MI,26125,Oakland County,1296888,1655688.4,16496791.56
Michigan,MI,26127,Oceana County,27014,5782.474445,89730.86689
Michigan,MI,26129,Ogemaw County,20985,6332.745198,51270.77244
Michigan,MI,26131,Ontonagon County,5824,2221.761406,24014.78964
Michigan,MI,26133,Osceola County,23484,4499.339785,42180.47287
Michigan,MI,26135,Oscoda County,8596,1063.497105,15037.86955
Michigan,MI,26137,Otsego County,26083,4701.561963,37429.31245
Michigan,MI,26139,Ottawa County,306235,44843.94636,1510515.823
Michigan,MI,26141,Presque Isle County,13230,1357.690305,11037.51295
Michigan,MI,26143,Roscommon County,23932,5206.26881,32893.84203
Michigan,MI,26145,Saginaw County,187714,44520.6697,407719.9793
Michigan,MI,26147,St. Clair County,160308,43560.29105,446754.0097
Michigan,MI,26149,St. Joseph County,61171,10062.91164,130431.8539
Michigan,MI,26151,Sanilac County,40293,7260.303507,79731.35792
Michigan,MI,26153,Schoolcraft County,8178,1409.636436,12956.08884
Michigan,MI,26155,Shiawassee County,67982,90437.79929,873411.2661
Michigan,MI,26157,Tuscola County,52757,11353.34373,108809.7133
Michigan,MI,26159,Van Buren County,76129,16871.94481,243483.5312
Michigan,MI,26161,Washtenaw County,373875,9096791.166,71988585.01
Michigan,MI,26163,Wayne County,1771063,3126399.366,29140603.45
Michigan,MI,26165,Wexford County,34460,6309.664231,51674.96484
Minnesota,MN,27001,Aitkin County,16335,674.0499995,21802.8365
Minnesota,MN,27003,Anoka County,376840,204138.0014,5149234.444
Minnesota,MN,27005,Becker County,35444,1270.297853,62656.08824
Minnesota,MN,27007,Beltrami County,46762,1417.883324,52963.16041
Minnesota,MN,27009,Benton County,41881,4120.257723,85171.87626
Minnesota,MN,27011,Big Stone County,5067,181.4428201,6252.735552
Minnesota,MN,27013,Blue Earth County,70700,17227.71531,558183.5619
Minnesota,MN,27015,Brown County,25710,1910.962171,42230.59669
Minnesota,MN,27017,Carlton County,36745,2536.013914,82117.8923
Minnesota,MN,27019,Carver County,112628,32950.61948,839295.1262
Minnesota,MN,27021,Cass County,31442,546.1688511,20315.51815
Minnesota,MN,27023,Chippewa County,12299,755.8750826,23850.18328
Minnesota,MN,27025,Chisago County,59105,15738.33746,434198.8032
Minnesota,MN,27027,Clay County,66848,2856.32321,318189.044
Minnesota,MN,27029,Clearwater County,8630,126.9302977,8016.665061
Minnesota,MN,27031,Cook County,5571,172.0664571,6347.253341
Minnesota,MN,27033,Cottonwood County,11338,1502.7793,53253.29776
Minnesota,MN,27035,Crow Wing County,68642,4260.930268,101803.0971
Minnesota,MN,27037,Dakota County,453156,243921.4678,5513326.896
Minnesota,MN,27039,Dodge County,21242,85411.2858,2966338.05
Minnesota,MN,27041,Douglas County,39933,1933.304373,43235.26555
Minnesota,MN,27043,Faribault County,13886,3879.066312,48302.62908
Minnesota,MN,27045,Fillmore County,21502,54039.10716,1891530.341
Minnesota,MN,27047,Freeborn County,30314,18236.19831,628091.5862
Minnesota,MN,27049,Goodhue County,47982,59446.13861,1984362.177
Minnesota,MN,27051,Grant County,6109,343.0892876,12785.08096
Minnesota,MN,27053,Hennepin County,1273334,1329714.378,34139939.8
Minnesota,MN,27055,Houston County,18352,5209.129256,161970.7078
Minnesota,MN,27057,Hubbard County,22050,701.3316155,26313.91855
Minnesota,MN,27059,Isanti County,43687,6425.405227,179061.2733
Minnesota,MN,27061,Itasca County,45442,962.28936,36409.66858
Minnesota,MN,27063,Jackson County,9861,1120.052203,42480.15119
Minnesota,MN,27065,Kanabec County,16608,1025.511052,35167.40173
Minnesota,MN,27067,Kandiyohi County,44674,2444.048336,63755.91143
Minnesota,MN,27069,Kittson County,3992,297.5968128,11850.85017
Minnesota,MN,27071,Koochiching County,11594,320.5407223,10833.6009
Minnesota,MN,27073,Lac qui Parle County,6636,99.05414658,5008.131458
Minnesota,MN,27075,Lake County,10698,338.6451661,19456.01274
Minnesota,MN,27077,Lake of the Woods County,3797,180.7945378,5565.42046
Minnesota,MN,27079,Le Sueur County,29458,6982.213207,235962.1462
Minnesota,MN,27081,Lincoln County,5564,221.0912315,14309.21987
Minnesota,MN,27083,Lyon County,25577,1456.838406,47380.44555
Minnesota,MN,27085,McLeod County,36780,2933.988969,87963.54142
Minnesota,MN,27087,Mahnomen County,5296,162.690094,6292.052127
Minnesota,MN,27089,Marshall County,8771,728.0156589,21694.5748
Minnesota,MN,27091,Martin County,19561,1660.234584,59877.77785
Minnesota,MN,27093,Meeker County,23491,1664.346161,54090.62349
Minnesota,MN,27095,Mille Lacs County,27577,1351.568053,47365.88593
Minnesota,MN,27097,Morrison County,34520,849.6870485,19790.12579
Minnesota,MN,27099,Mower County,40900,51012.79477,1777725.81
Minnesota,MN,27101,Murray County,8044,764.4105682,28183.58349
Minnesota,MN,27103,Nicollet County,34493,8364.232328,270101.9365
Minnesota,MN,27105,Nobles County,21969,2122.685129,77186.0818
Minnesota,MN,27107,Norman County,6284,170.008185,8146.881737
Minnesota,MN,27109,Olmsted County,166424,1169986.987,40543732.54
Minnesota,MN,27111,Otter Tail County,60884,7374.092987,106400.3416
Minnesota,MN,27113,Pennington County,13652,488.9245721,19003.81587
Minnesota,MN,27115,Pine County,30319,2547.523544,73010.6802
Minnesota,MN,27117,Pipestone County,9100,769.6453782,37427.88423
Minnesota,MN,27119,Polk County,30413,6453.359576,200391.4515
Minnesota,MN,27121,Pope County,11495,743.3617642,23667.31276
Minnesota,MN,27123,Ramsey County,542015,723976.9352,15640392.79
Minnesota,MN,27125,Red Lake County,3882,144.8355507,5921.894958
Minnesota,MN,27127,Redwood County,15254,1687.141628,46554.96926
Minnesota,MN,27129,Renville County,14453,1145.069319,34691.87012
Minnesota,MN,27131,Rice County,69025,19405.16737,533610.956
Minnesota,MN,27133,Rock County,9525,1673.688088,71846.70406
Minnesota,MN,27135,Roseau County,15265,677.2903323,22228.60645
Minnesota,MN,27137,St. Louis County,200794,14351.00782,603174.5598
Minnesota,MN,27139,Scott County,157206,56270.09412,1230970.902
Minnesota,MN,27141,Sherburne County,103059,19319.86784,518535.5318
Minnesota,MN,27143,Sibley County,15194,781.6650546,23917.59514
Minnesota,MN,27145,Stearns County,163997,12868.83342,303307.0643
Minnesota,MN,27147,Steele County,37434,17689.42758,607599.6288
Minnesota,MN,27149,Stevens County,9819,325.4515387,15737.51525
Minnesota,MN,27151,Swift County,9666,356.3542657,14362.10703
Minnesota,MN,27153,Todd County,25955,1129.200517,25749.21632
Minnesota,MN,27155,Traverse County,3134,81.345047,2764.325668
Minnesota,MN,27157,Wabasha County,21574,58596.91262,2032748.047
Minnesota,MN,27159,Wadena County,14437,961.8849594,27865.63767
Minnesota,MN,27161,Waseca County,18684,4561.728662,147360.168
Minnesota,MN,27163,Washington County,283960,170407.7926,3774324.772
Minnesota,MN,27165,Watonwan County,11204,908.2983058,31684.15679
Minnesota,MN,27167,Wilkin County,6268,172.0664571,7237.37203
Minnesota,MN,27169,Winona County,49973,45133.08876,1534359.798
Minnesota,MN,27171,Wright County,154593,25968.45016,793381.6501
Minnesota,MN,27173,Yellow Medicine County,9373,895.3364498,27699.89353
Mississippi,MS,28001,Adams County,28674,3201.137038,35600.21124
Mississippi,MS,28003,Alcorn County,34228,2769.098742,21717.3852
Mississippi,MS,28005,Amite County,12451,404.0069961,9241.246487
Mississippi,MS,28007,Attala County,17222,3116.447284,36120.66544
Mississippi,MS,28009,Benton County,7566,1698.896988,27748.91102
Mississippi,MS,28011,Bolivar County,28395,4458.803668,40557.21173
Mississippi,MS,28013,Calhoun County,12754,4649.131638,36843.88868
Mississippi,MS,28015,Carroll County,9378,1045.327025,10064.8799
Mississippi,MS,28017,Chickasaw County,16774,1072.334995,10387.86524
Mississippi,MS,28019,Choctaw County,8091,1293.410056,26152.62202
Mississippi,MS,28021,Claiborne County,8122,702.9426881,12828.23542
Mississippi,MS,28023,Clarke County,15155,610.9297401,10326.67469
Mississippi,MS,28025,Clay County,18213,2365.512262,36690.0413
Mississippi,MS,28027,Coahoma County,20105,2148.120045,39640.41192
Mississippi,MS,28029,Copiah County,27536,7977.675165,134837.2446
Mississippi,MS,28031,Covington County,18015,624.3772857,19204.557
Mississippi,MS,28033,DeSoto County,195871,57952.92164,2771746.964
Mississippi,MS,28035,Forrest County,78435,11495.13639,189072.8799
Mississippi,MS,28037,Franklin County,7516,381.9479887,10715.23961
Mississippi,MS,28039,George County,25880,2857.791311,25726.08592
Mississippi,MS,28041,Greene County,13675,278.6274346,7588.009753
Mississippi,MS,28043,Grenada County,20931,4199.307066,48663.33879
Mississippi,MS,28045,Hancock County,46492,5028.25629,50628.19667
Mississippi,MS,28047,Harrison County,213730,21118.02335,162072.3211
Mississippi,MS,28049,Hinds County,211975,148353.9626,2739369.87
Mississippi,MS,28051,Holmes County,15560,2373.580479,39620.11955
Mississippi,MS,28053,Humphreys County,7121,689.003683,5789.821805
Mississippi,MS,28055,Issaquena County,1295,63.18865055,1072.281247
Mississippi,MS,28057,Itawamba County,24198,1244.828529,10362.2421
Mississippi,MS,28059,Jackson County,147002,13877.78329,114358.8809
Mississippi,MS,28061,Jasper County,15799,1019.123484,18498.80617
Mississippi,MS,28063,Jefferson County,6900,352.7117273,6944.379992
Mississippi,MS,28065,Jefferson Davis County,11059,993.5156821,17345.75916
Mississippi,MS,28067,Jones County,65837,4504.498366,54910.62334
Mississippi,MS,28069,Kemper County,8562,458.530705,7226.720899
Mississippi,MS,28071,Lafayette County,59843,177863.2001,723260.1987
Mississippi,MS,28073,Lamar County,66734,7957.856366,114033.5064
Mississippi,MS,28075,Lauderdale County,70588,5881.587097,67409.30883
Mississippi,MS,28077,Lawrence County,11672,731.7199034,15649.24714
Mississippi,MS,28079,Leake County,21462,2961.592944,52723.40232
Mississippi,MS,28081,Lee County,83012,9982.119656,82847.78424
Mississippi,MS,28083,Leflore County,26157,3157.950241,27984.25482
Mississippi,MS,28085,Lincoln County,34956,4869.975418,61831.10819
Mississippi,MS,28087,Lowndes County,57210,3911.190614,66954.77587
Mississippi,MS,28089,Madison County,114247,79155.20457,1293311.586
Mississippi,MS,28091,Marion County,24008,2477.258696,23139.21539
Mississippi,MS,28093,Marshall County,34374,7438.890984,87710.07344
Mississippi,MS,28095,Monroe County,33483,2114.533165,24947.40125
Mississippi,MS,28097,Montgomery County,9411,1154.955733,17508.92737
Mississippi,MS,28099,Neshoba County,28973,3049.273856,34305.85913
Mississippi,MS,28101,Newton County,21063,1557.853434,19141.05625
Mississippi,MS,28103,Noxubee County,9825,295.9216451,9371.34504
Mississippi,MS,28105,Oktibbeha County,51965,4381.709055,305776.1677
Mississippi,MS,28107,Panola County,32764,13247.36075,78970.08329
Mississippi,MS,28109,Pearl River County,59030,6777.761034,59465.53051
Mississippi,MS,28111,Perry County,11406,257.8050243,11015.96189
Mississippi,MS,28113,Pike County,38980,2342.790214,42230.04937
Mississippi,MS,28115,Pontotoc County,32014,3674.133258,35189.02114
Mississippi,MS,28117,Prentiss County,25489,1140.68965,15609.88923
Mississippi,MS,28119,Quitman County,5542,848.1429496,11237.08976
Mississippi,MS,28121,Rankin County,160573,95008.89812,1621116.63
Mississippi,MS,28123,Scott County,27666,3608.296521,65035.48419
Mississippi,MS,28125,Sharkey County,3234,420.7998124,5465.797218
Mississippi,MS,28127,Simpson County,25597,5073.379073,90279.46395
Mississippi,MS,28129,Smith County,14051,2157.190697,30035.86892
Mississippi,MS,28131,Stone County,19569,993.2694742,17694.72426
Mississippi,MS,28133,Sunflower County,23029,3134.27892,23098.80767
Mississippi,MS,28135,Tallahatchie County,10921,1732.427405,12480.93628
Mississippi,MS,28137,Tate County,28551,6382.517117,166722.7448
Mississippi,MS,28139,Tippah County,21423,2016.657683,35334.62403
Mississippi,MS,28141,Tishomingo County,18553,1514.99103,15239.92153
Mississippi,MS,28143,Tunica County,9157,2078.014773,27751.04844
Mississippi,MS,28145,Union County,28363,3841.544337,30735.04555
Mississippi,MS,28147,Walthall County,13839,563.883871,9851.864277
Mississippi,MS,28149,Warren County,42105,5418.633959,95375.01585
Mississippi,MS,28151,Washington County,41181,18611.09908,80043.40493
Mississippi,MS,28153,Wayne County,19749,1032.216128,20034.73136
Mississippi,MS,28155,Webster County,10039,1198.000775,28431.70186
Mississippi,MS,28157,Wilkinson County,7820,1174.395551,17220.6801
Mississippi,MS,28159,Winston County,17418,1294.158624,24257.87529
Mississippi,MS,28161,Yalobusha County,12458,9641.917907,47680.01838
Mississippi,MS,28163,Yazoo County,23024,4669.234414,81613.83955
Missouri,MO,29001,Adair County,25660,7224.223072,29273.07058
Missouri,MO,29003,Andrew County,18091,3264.856633,36768.3461
Missouri,MO,29005,Atchison County,5139,1376.248865,4705.779983
Missouri,MO,29007,Audrain County,24304,36129.31972,103817.8859
Missouri,MO,29009,Barry County,35618,3104.882098,22768.34592
Missouri,MO,29011,Barton County,11717,1376.248865,6833.688389
Missouri,MO,29013,Bates County,16394,1585.596548,10338.20943
Missouri,MO,29015,Benton County,20614,164.5700721,6740.819939
Missouri,MO,29017,Bollinger County,10610,0,3153.834207
Missouri,MO,29019,Boone County,192154,3530633.718,9195875.306
Missouri,MO,29021,Buchanan County,83574,13135.09231,68179.15195
Missouri,MO,29023,Butler County,41814,1805.240716,11117.52915
Missouri,MO,29025,Caldwell County,9000,0,6506.390107
Missouri,MO,29027,Callaway County,45126,157075.3063,550150.3016
Missouri,MO,29029,Camden County,44135,16619.14739,49068.56269
Missouri,MO,29031,Cape Girardeau County,83658,4389.049968,50197.79525
Missouri,MO,29033,Carroll County,8414,26666.96803,202864.93
Missouri,MO,29035,Carter County,5359,24979.57384,193934.6721
Missouri,MO,29037,Cass County,113873,14117.03943,392533.8554
Missouri,MO,29039,Cedar County,15023,164.5700721,4994.791609
Missouri,MO,29041,Chariton County,7397,6884.889241,22535.18556
Missouri,MO,29043,Christian County,96045,67430.11971,535067.8798
Missouri,MO,29045,Clark County,6623,270.8868812,7027.499345
Missouri,MO,29047,Clay County,263370,66231.70154,1407126.138
Missouri,MO,29049,Clinton County,21721,34045.97727,287670.9899
Missouri,MO,29051,Cole County,77625,126285.8672,362242.6174
Missouri,MO,29053,Cooper County,17122,103218.6648,269949.2758
Missouri,MO,29055,Crawford County,22808,7255.162078,32673.20571
Missouri,MO,29057,Dade County,7622,0,1436.230178
Missouri,MO,29059,Dallas County,17877,25491.93274,221238.8782
Missouri,MO,29061,Daviess County,8541,2945.733324,15885.75953
Missouri,MO,29063,DeKalb County,9884,3264.856633,35380.25686
Missouri,MO,29065,Dent County,14721,4145.982676,17428.10749
Missouri,MO,29067,Douglas County,12290,2752.56908,10805.10726
Missouri,MO,29069,Dunklin County,27002,4605.258115,23485.28494
Missouri,MO,29071,Franklin County,107256,160996.7589,1276178.863
Missouri,MO,29073,Gasconade County,14655,1376.248865,6980.131759
Missouri,MO,29075,Gentry County,6298,1888.607769,29899.27832
Missouri,MO,29077,Greene County,307942,59205.59029,475522.4757
Missouri,MO,29079,Grundy County,9766,1701.646784,78043.70545
Missouri,MO,29081,Harrison County,8186,4363.002279,16391.74554
Missouri,MO,29083,Henry County,22575,3187.514898,19576.13244
Missouri,MO,29085,Hickory County,8766,164.5700721,6516.062764
Missouri,MO,29087,Holt County,4241,4128.746594,12589.48014
Missouri,MO,29089,Howard County,10150,39676.9046,114342.0131
Missouri,MO,29091,Howell County,40762,7121.21375,25783.76167
Missouri,MO,29093,Iron County,9420,1376.248865,8048.29617
Missouri,MO,29095,Jackson County,727362,218655.3933,6241232.672
Missouri,MO,29097,Jasper County,126479,75141.03886,503867.8639
Missouri,MO,29099,Jefferson County,231888,724313.8599,5991109.721
Missouri,MO,29101,Johnson County,55880,12264.88016,63708.57613
Missouri,MO,29103,Knox County,3740,1463.173802,5072.581506
Missouri,MO,29105,Laclede County,36738,31710.07697,262522.1171
Missouri,MO,29107,Lafayette County,33511,5332.918199,54003.36817
Missouri,MO,29109,Lawrence County,39151,28358.7705,214436.8475
Missouri,MO,29111,Lewis County,9852,4881.950341,19202.37312
Missouri,MO,29113,Lincoln County,65888,53883.31288,432330.2832
Missouri,MO,29115,Linn County,11910,2752.497729,8122.097131
Missouri,MO,29117,Livingston County,14658,2752.497729,11038.11741
Missouri,MO,29119,McDonald County,24054,50297.41697,389627.5765
Missouri,MO,29121,Macon County,15177,2752.497729,11058.2954
Missouri,MO,29123,Madison County,12852,1428.690775,9493.320424
Missouri,MO,29125,Maries County,8506,2752.497729,9604.734551
Missouri,MO,29127,Marion County,28425,56921.73705,406674.785
Missouri,MO,29129,Mercer County,3452,191.662973,4419.973768
Missouri,MO,29131,Miller County,25668,38742.06249,230820.1118
Missouri,MO,29133,Mississippi County,11750,26408.26461,199541.528
Missouri,MO,29135,Moniteau County,15294,2807.496716,14712.6712
Missouri,MO,29137,Monroe County,8890,7045.814395,22582.67756
Missouri,MO,29139,Montgomery County,11511,35646.12797,229544.3926
Missouri,MO,29141,Morgan County,22399,9958.116273,33619.95683
Missouri,MO,29143,New Madrid County,15212,8309.935097,28425.43962
Missouri,MO,29145,Newton County,61519,8440.688224,34331.92419
Missouri,MO,29147,Nodaway County,20503,5696.658431,27592.80397
Missouri,MO,29149,Oregon County,8699,1428.690775,6262.825113
Missouri,MO,29151,Osage County,13478,2752.497729,9218.43574
Missouri,MO,29153,Ozark County,9090,2752.497729,7422.234876
Missouri,MO,29155,Pemiscot County,14407,1445.926857,5975.738255
Missouri,MO,29157,Perry County,19100,5504.995458,18939.90615
Missouri,MO,29159,Pettis County,43791,18366.68617,69959.83841
Missouri,MO,29161,Phelps County,45672,15386.22716,97314.49482
Missouri,MO,29163,Pike County,17961,17891.23524,49281.23797
Missouri,MO,29165,Platte County,113207,36545.39242,838257.1404
Missouri,MO,29167,Polk County,33070,164.5700721,11438.27416
Missouri,MO,29169,Pulaski County,53964,15795.53174,75398.89402
Missouri,MO,29171,Putnam County,4539,0,47.94286087
Missouri,MO,29173,Ralls County,10499,2752.497729,8260.169455
Missouri,MO,29175,Randolph County,24077,56549.7878,152875.3438
Missouri,MO,29177,Ray County,23199,1912.841095,28841.12651
Missouri,MO,29179,Reynolds County,5927,2752.497729,9572.958041
Missouri,MO,29181,Ripley County,10715,1376.248865,4599.394148
Missouri,MO,29183,St. Charles County,423726,1149877.469,9315994.753
Missouri,MO,29185,St. Clair County,9848,23603.32498,192033.2342
Missouri,MO,29186,Ste. Genevieve County,18546,71.10154814,5708.18231
Missouri,MO,29187,St. Francois County,67503,28176.8046,224255.9572
Missouri,MO,29189,St. Louis County,992929,7821865.908,64261874.39
Missouri,MO,29195,Saline County,23325,42002.24935,257730.4937
Missouri,MO,29197,Schuyler County,4069,1376.248865,3603.887296
Missouri,MO,29199,Scotland County,4698,0,17.17765455
Missouri,MO,29201,Scott County,37957,25108.11523,203874.4583
Missouri,MO,29203,Shannon County,7275,1376.248865,3871.42583
Missouri,MO,29205,Shelby County,5926,1376.248865,4807.593591
Missouri,MO,29207,Stoddard County,28438,4164.331075,11778.69768
Missouri,MO,29209,Stone County,32630,5934.365331,22765.39017
Missouri,MO,29211,Sullivan County,5750,81.345047,3971.012326
Missouri,MO,29213,Taney County,56744,28891.41642,215415.0829
Missouri,MO,29215,Texas County,25715,1945.372804,8249.880629
Missouri,MO,29217,Vernon County,19787,2917.067801,13676.58609
Missouri,MO,29219,Warren County,38478,54348.9502,427937.9967
Missouri,MO,29221,Washington County,23583,7063.050477,26033.84166
Missouri,MO,29223,Wayne County,10820,1376.248865,4006.169283
Missouri,MO,29225,Webster County,42041,29195.24537,208995.3691
Missouri,MO,29227,Worth County,1872,1376.248865,3539.723267
Missouri,MO,29229,Wright County,19505,0,3433.612535
Missouri,MO,29510,St. Louis city,279695,3744006.686,31775096.82
Pennsylvania,PA,42001,Adams County,107914,26197.14345,393088.0194
Pennsylvania,PA,42003,Allegheny County,1231814,7479049.118,93431566.51
Pennsylvania,PA,42005,Armstrong County,63679,154155.3505,834125.1508
Pennsylvania,PA,42007,Beaver County,165540,150821.4078,1873427.309
Pennsylvania,PA,42009,Bedford County,47643,23523.36871,230449.3537
Pennsylvania,PA,42011,Berks County,439117,202455.6597,1724715.301
Pennsylvania,PA,42013,Blair County,120269,92194.02768,1090334.917
Pennsylvania,PA,42015,Bradford County,59699,7324.376856,163587.9215
Pennsylvania,PA,42017,Bucks County,650131,821332.3822,11972174.34
Pennsylvania,PA,42019,Butler County,199341,232746.955,2796034.276
Pennsylvania,PA,42021,Cambria County,130108,82816.0972,967232.8923
Pennsylvania,PA,42023,Cameron County,4348,503.417052,2103.30993
Pennsylvania,PA,42025,Carbon County,65743,59281.68465,380191.8802
Pennsylvania,PA,42027,Centre County,159805,990365.5336,11182805.47
Pennsylvania,PA,42029,Chester County,560745,867991.6364,11097628.57
Pennsylvania,PA,42031,Clarion County,36855,26259.64443,327404.0607
Pennsylvania,PA,42033,Clearfield County,78132,160478.2832,1902099.437
Pennsylvania,PA,42035,Clinton County,37865,75028.92931,845794.4681
Pennsylvania,PA,42037,Columbia County,66012,17982.24436,496488.7262
Pennsylvania,PA,42039,Crawford County,82089,29239.33506,350551.4706
Pennsylvania,PA,42041,Cumberland County,275516,589836.9796,2819174.4
Pennsylvania,PA,42043,Dauphin County,293029,1840843.407,7625763.636
Pennsylvania,PA,42045,Delaware County,584882,2780337.551,32213964.07
Pennsylvania,PA,42047,Elk County,30124,4828.548828,60715.82055
Pennsylvania,PA,42049,Erie County,267750,162109.8208,1883958.038
Pennsylvania,PA,42051,Fayette County,123941,81085.28314,1278981.199
Pennsylvania,PA,42053,Forest County,6601,8041.439522,103352.1303
Pennsylvania,PA,42055,Franklin County,159285,68831.90826,610530.7836
Pennsylvania,PA,42057,Fulton County,14452,6907.708837,84683.88764
Pennsylvania,PA,42059,Greene County,33960,19792.97295,409541.5173
Pennsylvania,PA,42061,Huntingdon County,43359,39223.28241,487570.6319
Pennsylvania,PA,42063,Indiana County,82953,41740.84271,501331.3315
Pennsylvania,PA,42065,Jefferson County,43367,37835.39366,468483.3558
Pennsylvania,PA,42067,Juniata County,23395,27446.80371,290100.7212
Pennsylvania,PA,42069,Lackawanna County,216859,93696.31406,747431.0868
Pennsylvania,PA,42071,Lancaster County,563293,575241.3113,3839591.723
Pennsylvania,PA,42073,Lawrence County,84233,89042.18514,1064384.821
Pennsylvania,PA,42075,Lebanon County,145319,547202.6224,2336182.243
Pennsylvania,PA,42077,Lehigh County,385655,204997.635,2086973.812
Pennsylvania,PA,42079,Luzerne County,331379,80834.42035,838551.4571
Pennsylvania,PA,42081,Lycoming County,113236,25723.06826,396202.8575
Pennsylvania,PA,42083,McKean County,39478,10769.06397,150021.7911
Pennsylvania,PA,42085,Mercer County,108140,69446.64023,831950.0921
Pennsylvania,PA,42087,Mifflin County,45935,56437.27043,612680.7377
Pennsylvania,PA,42089,Monroe County,166523,31813.66275,857642.9744
Pennsylvania,PA,42091,Montgomery County,879190,2830375.753,34179102.04
Pennsylvania,PA,42093,Montour County,18115,6979.334273,400442.269
Pennsylvania,PA,42095,Northampton County,322989,172527.5764,1653566.675
Pennsylvania,PA,42097,Northumberland County,90027,19934.79739,655957.1583
Pennsylvania,PA,42099,Perry County,46816,72523.27124,345579.3697
Pennsylvania,PA,42101,Philadelphia County,1573916,9573488.136,110260702.9
Pennsylvania,PA,42103,Pike County,62376,6762.771799,184314.9886
Pennsylvania,PA,42105,Potter County,15993,6017.676486,76191.99443
Pennsylvania,PA,42107,Schuylkill County,144523,63446.95889,630727.0105
Pennsylvania,PA,42109,Snyder County,39627,22980.52537,307593.7223
Pennsylvania,PA,42111,Somerset County,72134,54883.78083,651385.5424
Pennsylvania,PA,42113,Sullivan County,5927,1123.487613,17543.9312
Pennsylvania,PA,42115,Susquehanna County,38100,2505.5996,113576.2035
Pennsylvania,PA,42117,Tioga County,40698,4519.249327,109932.404
Pennsylvania,PA,42119,Union County,42159,11622.65509,240169.6858
Pennsylvania,PA,42121,Venango County,49476,55359.8834,682499.2435
Pennsylvania,PA,42123,Warren County,37373,23148.35417,207370.3246
Pennsylvania,PA,42125,Washington County,210434,351221.7124,4353432.346
Pennsylvania,PA,42127,Wayne County,51419,17197.89418,193992.745
Pennsylvania,PA,42129,Westmoreland County,350935,750112.902,9349535.296
Pennsylvania,PA,42131,Wyoming County,25771,13854.46557,106703.5265
Pennsylvania,PA,42133,York County,471240,541827.4662,4953317.266
Rhode Island,RI,44001,Bristol County,50145,71070.21234,2403894.226
Rhode Island,RI,44003,Kent County,172450,204003.5091,4947105.468
Rhode Island,RI,44005,Newport County,83468,58530.94792,1636572.962
Rhode Island,RI,44007,Providence County,675912,866630.8414,26420142.7
Rhode Island,RI,44009,Washington County,130333,95468.92982,2719173.419
South Carolina,SC,45001,Abbeville County,24607,8734.100125,45143.47492
South Carolina,SC,45003,Aiken County,179245,548546.3106,2274862.418
South Carolina,SC,45005,Allendale County,7551,8441.327032,21218.92006
South Carolina,SC,45007,Anderson County,217183,221684.9403,1145010.308
South Carolina,SC,45009,Bamberg County,12870,14873.20557,41918.5877
South Carolina,SC,45011,Barnwell County,20495,14512.21469,47306.9916
South Carolina,SC,45013,Beaufort County,201775,149332.4196,256475.6355
South Carolina,SC,45015,Berkeley County,264276,370731.9726,3449548.083
South Carolina,SC,45017,Calhoun County,14249,20148.54278,42727.30163
South Carolina,SC,45019,Charleston County,431001,1433476.31,14678688.88
South Carolina,SC,45021,Cherokee County,57770,115260.6873,135382.7552
South Carolina,SC,45023,Chester County,32323,18699.25213,52651.85328
South Carolina,SC,45025,Chesterfield County,44488,119432.7568,113854.5241
South Carolina,SC,45027,Clarendon County,31030,10866.887,36867.09459
South Carolina,SC,45029,Colleton County,39259,44479.52529,209341.6296
South Carolina,SC,45031,Darlington County,62425,13220.04318,55704.90454
South Carolina,SC,45033,Dillon County,27577,101608.9024,79516.20638
South Carolina,SC,45035,Dorchester County,174663,294167.9827,2655348.167
South Carolina,SC,45037,Edgefield County,29455,92749.17309,376022.4175
South Carolina,SC,45039,Fairfield County,20369,120913.8419,133089.8158
South Carolina,SC,45041,Florence County,138049,59911.17715,130489.4711
South Carolina,SC,45043,Georgetown County,66035,38577.75897,177222.4365
South Carolina,SC,45045,Greenville County,570745,180299.8744,1155943.756
South Carolina,SC,45047,Greenwood County,70041,42030.45807,142146.6963
South Carolina,SC,45049,Hampton County,18172,13022.00017,40426.61174
South Carolina,SC,45051,Horry County,413391,183582.4544,348155.1434
South Carolina,SC,45053,Jasper County,35618,7210.415985,46962.91107
South Carolina,SC,45055,Kershaw County,71698,116097.7149,256803.5529
South Carolina,SC,45057,Lancaster County,111652,50113.70972,128597.9704
South Carolina,SC,45059,Laurens County,70545,57071.17925,163627.9154
South Carolina,SC,45061,Lee County,15958,20189.56055,42389.67646
South Carolina,SC,45063,Lexington County,313774,1575804.143,2832183.216
South Carolina,SC,45065,McCormick County,9983,16537.08601,64117.04389
South Carolina,SC,45067,Marion County,28368,17561.33833,34999.90868
South Carolina,SC,45069,Marlboro County,25498,94717.83743,65923.97803
South Carolina,SC,45071,Newberry County,39203,66242.51227,160924.8818
South Carolina,SC,45073,Oconee County,82475,158592.3563,933733.7046
South Carolina,SC,45075,Orangeburg County,83129,148862.2339,166084.8436
South Carolina,SC,45077,Pickens County,138207,317608.5807,1916558.983
South Carolina,SC,45079,Richland County,430651,3259216.323,5646490.192
South Carolina,SC,45081,Saluda County,19452,10266.27404,30189.95235
South Carolina,SC,45083,Spartanburg County,369256,143173.6494,597535.1105
South Carolina,SC,45085,Sumter County,104776,91415.21265,236881.9399
South Carolina,SC,45087,Union County,26678,9563.551582,27239.10821
South Carolina,SC,45089,Williamsburg County,29865,8143.348884,44356.33279
South Carolina,SC,45091,York County,303001,101563.3916,359126.9804
South Dakota,SD,46003,Aurora County,2752,141.6727967,3384.507025
South Dakota,SD,46005,Beadle County,19459,375.199289,26875.04995
South Dakota,SD,46007,Bennett County,3289,115.3567827,2690.026908
South Dakota,SD,46009,Bon Homme County,7071,338.0661537,11559.04384
South Dakota,SD,46011,Brookings County,36359,1787.682922,425684.7853
South Dakota,SD,46013,Brown County,37495,936.7180155,61504.80617
South Dakota,SD,46015,Brule County,5261,126.1494637,8836.416859
South Dakota,SD,46017,Buffalo County,1825,17.70909958,851.871468
South Dakota,SD,46019,Butte County,10891,9.376363071,6701.018908
South Dakota,SD,46021,Campbell County,1342,17.70909958,1344.988082
South Dakota,SD,46023,Charles Mix County,9343,348.5748023,10278.2193
South Dakota,SD,46025,Clark County,3974,141.6727967,3135.360638
South Dakota,SD,46027,Clay County,15245,32237.95907,303638.7196
South Dakota,SD,46029,Codington County,29278,1313.057108,59583.63104
South Dakota,SD,46031,Corson County,3747,58.40113746,4247.23975
South Dakota,SD,46033,Custer County,9330,212.5711886,7821.54748
South Dakota,SD,46035,Davison County,19907,658.5448823,44788.07051
South Dakota,SD,46037,Day County,5408,143.2660583,6634.147504
South Dakota,SD,46039,Deuel County,4335,129.2375358,13374.0261
South Dakota,SD,46041,Dewey County,5322,81.345047,22222.6447
South Dakota,SD,46043,Douglas County,2849,99.05414658,4786.439392
South Dakota,SD,46045,Edmunds County,4027,53.12729875,6203.286123
South Dakota,SD,46047,Fall River County,7359,90.72141007,5376.653367
South Dakota,SD,46049,Faulk County,2136,35.41819917,2448.60704
South Dakota,SD,46051,Grant County,7618,230.2182946,17048.5315
South Dakota,SD,46053,Gregory County,4110,205.3087441,17012.80403
South Dakota,SD,46055,Haakon County,1834,73.02216491,1766.760497
South Dakota,SD,46057,Hamlin County,6596,194.8000954,14999.70818
South Dakota,SD,46059,Hand County,3097,76.11023705,5012.812195
South Dakota,SD,46061,Hanson County,3477,35.41819917,4992.263173
South Dakota,SD,46063,Harding County,1325,0,423.1355729
South Dakota,SD,46065,Hughes County,17526,597.0848471,32606.81531
South Dakota,SD,46067,Hutchinson County,7416,212.509195,13168.3738
South Dakota,SD,46069,Hyde County,1215,180.3991936,5436.328348
South Dakota,SD,46071,Jackson County,2737,0,1237.781444
South Dakota,SD,46073,Jerauld County,1689,9.376363071,1494.533914
South Dakota,SD,46075,Jones County,874,0,340.4197285
South Dakota,SD,46077,Kingsbury County,5261,481.4538865,26535.10131
South Dakota,SD,46079,Lake County,11006,479.7389503,41016.36603
South Dakota,SD,46081,Lawrence County,28809,395.221088,41560.06428
South Dakota,SD,46083,Lincoln County,75244,3016.477894,665717.9388
South Dakota,SD,46085,Lyman County,3721,0,1733.764593
South Dakota,SD,46087,McCook County,5771,106.2545975,34052.16228
South Dakota,SD,46089,McPherson County,2307,0,2402.405372
South Dakota,SD,46091,Marshall County,4395,53.12729875,2627.677585
South Dakota,SD,46093,Meade County,30918,254.9063909,13825.17622
South Dakota,SD,46095,Mellette County,1834,0,184.3802399
South Dakota,SD,46097,Miner County,2303,235.4963688,8943.361758
South Dakota,SD,46099,Minnehaha County,208639,10407.65015,2497332.801
South Dakota,SD,46101,Moody County,6529,106.2545975,37291.53899
South Dakota,SD,46102,Oglala Lakota County,13360,0,1400.189193
South Dakota,SD,46103,Pennington County,115979,1714.378581,302299.0222
South Dakota,SD,46105,Perkins County,2832,81.345047,3519.718452
South Dakota,SD,46107,Potter County,2402,0,1214.001006
South Dakota,SD,46109,Roberts County,10283,187.5996445,8099.134561
South Dakota,SD,46111,Sanborn County,2392,17.70909958,4011.19688
South Dakota,SD,46115,Spink County,6108,134.4723458,8176.700022
South Dakota,SD,46117,Stanley County,3015,35.41819917,3155.775154
South Dakota,SD,46119,Sully County,1468,70.83639833,2556.797033
South Dakota,SD,46121,Todd County,9172,0,1719.274325
South Dakota,SD,46123,Tripp County,5717,238.8150063,11070.67698
South Dakota,SD,46125,Turner County,9087,513.9592321,47888.91961
South Dakota,SD,46127,Union County,17402,3733.233937,52638.69463
South Dakota,SD,46129,Walworth County,5270,45.18990649,5793.136155
South Dakota,SD,46135,Yankton County,23509,2610.61198,56512.27312
South Dakota,SD,46137,Ziebach County,2418,0,2360.651224
Tennessee,TN,47001,Anderson County,81449,26722.03732,294386.2094
Tennessee,TN,47003,Bedford County,54228,17803.68825,375204.8608
Tennessee,TN,47005,Benton County,16173,1924.892482,28641.47316
Tennessee,TN,47007,Bledsoe County,15591,1513.719676,22144.41383
Tennessee,TN,47009,Blount County,142211,58555.8133,184675.1729
Tennessee,TN,47011,Bradley County,113782,6730.946573,94709.79268
Tennessee,TN,47013,Campbell County,40238,7024.814182,26256.17164
Tennessee,TN,47015,Cannon County,15142,7813.763698,173853.1257
Tennessee,TN,47017,Carroll County,29107,3361.815603,59041.36701
Tennessee,TN,47019,Carter County,57434,51146.54799,165722.3592
Tennessee,TN,47021,Cheatham County,42604,106298.6415,2409192.711
Tennessee,TN,47023,Chester County,17876,653.8066073,33325.95872
Tennessee,TN,47025,Claiborne County,33070,4426.410787,24907.73075
Tennessee,TN,47027,Clay County,7857,1560.18621,20091.58042
Tennessee,TN,47029,Cocke County,37596,6025.237601,37633.2588
Tennessee,TN,47031,Coffee County,61285,9232.589405,158169.8399
Tennessee,TN,47033,Crockett County,13973,493.7121911,25944.18034
Tennessee,TN,47035,Cumberland County,65618,5659.896186,119046.9586
Tennessee,TN,47037,Davidson County,729505,2680511.76,59894411.01
Tennessee,TN,47039,Decatur County,11800,830.4629338,23989.47442
Tennessee,TN,47041,DeKalb County,21747,7857.487211,170209.5724
Tennessee,TN,47043,Dickson County,57641,69190.59306,1597775.58
Tennessee,TN,47045,Dyer County,36403,1057.128763,72570.18881
Tennessee,TN,47047,Fayette County,44476,11588.02908,599567.3866
Tennessee,TN,47049,Fentress County,20129,1546.773576,30536.91463
Tennessee,TN,47051,Franklin County,45137,5833.301406,125354.6186
Tennessee,TN,47053,Gibson County,51422,1754.422388,87631.72675
Tennessee,TN,47055,Giles County,30971,11071.15712,216743.0357
Tennessee,TN,47057,Grainger County,25073,4739.628498,19391.10988
Tennessee,TN,47059,Greene County,73398,16424.91538,80937.30144
Tennessee,TN,47061,Grundy County,14148,2438.678027,18988.65973
Tennessee,TN,47063,Hamblen County,67715,7779.733063,41142.81653
Tennessee,TN,47065,Hamilton County,386256,57630.94203,688760.8285
Tennessee,TN,47067,Hancock County,7038,1333.173557,3568.391722
Tennessee,TN,47069,Hardeman County,25434,1252.497192,42935.55517
Tennessee,TN,47071,Hardin County,27617,963.3262469,36220.33436
Tennessee,TN,47073,Hawkins County,59371,19662.5888,75018.33723
Tennessee,TN,47075,Haywood County,17097,1151.206551,36743.71275
Tennessee,TN,47077,Henderson County,28183,1975.858729,60507.09924
Tennessee,TN,47079,Henry County,32883,4255.095288,87247.24498
Tennessee,TN,47081,Hickman County,25859,7652.491419,128382.1213
Tennessee,TN,47083,Houston County,8538,773.5269084,21734.9171
Tennessee,TN,47085,Humphreys County,19554,1454.30448,35087.02948
Tennessee,TN,47087,Jackson County,12376,2923.394554,62343.87616
Tennessee,TN,47089,Jefferson County,59217,24161.09386,83386.20453
Tennessee,TN,47091,Johnson County,18506,3069.382799,23721.15761
Tennessee,TN,47093,Knox County,506748,624851.1849,2209558.488
Tennessee,TN,47095,Lake County,6422,112.4140764,8588.053522
Tennessee,TN,47097,Lauderdale County,24630,2531.65125,112973.0639
Tennessee,TN,47099,Lawrence County,46467,14644.6854,306309.1098
Tennessee,TN,47101,Lewis County,13418,4575.506929,93143.47553
Tennessee,TN,47103,Lincoln County,36751,3624.595296,98353.71587
Tennessee,TN,47105,Loudon County,62129,18814.59287,71275.8425
Tennessee,TN,47107,McMinn County,56754,10199.83597,79213.17644
Tennessee,TN,47109,McNairy County,26103,667.4446241,28583.23692
Tennessee,TN,47111,Macon County,27189,5980.638237,119648.5892
Tennessee,TN,47113,Madison County,100409,9536.787637,225514.9929
Tennessee,TN,47115,Marion County,29826,4372.017777,44326.50646
Tennessee,TN,47117,Marshall County,37847,19144.43816,388193.27
Tennessee,TN,47119,Maury County,113411,74552.33289,1619835.486
Tennessee,TN,47121,Meigs County,13937,1727.365793,14924.06966
Tennessee,TN,47123,Monroe County,49154,2609.235664,23924.57366
Tennessee,TN,47125,Montgomery County,246025,87573.11697,1853941.582
Tennessee,TN,47127,Moore County,6773,570.8717164,13339.08378
Tennessee,TN,47129,Morgan County,21954,123.4729932,13839.69129
Tennessee,TN,47131,Obion County,30261,1112.340464,65935.54627
Tennessee,TN,47133,Overton County,23551,2851.589181,63465.36043
Tennessee,TN,47135,Perry County,8987,1150.625928,25660.46916
Tennessee,TN,47137,Pickett County,5108,220.13493,5389.0472
Tennessee,TN,47139,Polk County,18338,11111.57694,55457.10228
Tennessee,TN,47141,Putnam County,84894,9597.638658,182883.4055
Tennessee,TN,47143,Rhea County,34759,6879.103969,36438.76384
Tennessee,TN,47145,Roane County,56742,12150.47368,77831.12901
Tennessee,TN,47147,Robertson County,78459,99239.12818,2234547.742
Tennessee,TN,47149,Rutherford County,376996,357795.8753,7873737.939
Tennessee,TN,47151,Scott County,22517,2003.979019,22396.98352
Tennessee,TN,47153,Sequatchie County,17620,1961.413998,12513.15224
Tennessee,TN,47155,Sevier County,100184,21227.57912,82282.32526
Tennessee,TN,47157,Shelby County,910530,548926.5897,29140094.16
Tennessee,TN,47159,Smith County,20783,7608.502075,179139.193
Tennessee,TN,47161,Stewart County,14365,3552.52206,32827.43841
Tennessee,TN,47163,Sullivan County,162703,80150.62787,292080.2505
Tennessee,TN,47165,Sumner County,211721,277987.3893,6189710.924
Tennessee,TN,47167,Tipton County,62187,21924.8255,1146624.176
Tennessee,TN,47169,Trousdale County,12159,4830.337658,101873.9247
Tennessee,TN,47171,Unicoi County,17872,13499.29567,36037.37737
Tennessee,TN,47173,Union County,21064,7633.065287,32994.12819
Tennessee,TN,47175,Van Buren County,6686,1153.536136,25377.79084
Tennessee,TN,47177,Warren County,43619,16559.58266,342078.9135
Tennessee,TN,47179,Washington County,139642,163773.4212,517072.61
Tennessee,TN,47181,Wayne County,15974,3606.557741,83571.32897
Tennessee,TN,47183,Weakley County,33162,1774.077075,83576.68918
Tennessee,TN,47185,White County,29108,3783.372075,44162.34555
Tennessee,TN,47187,Williamson County,269136,593159.4,13316708.05
Tennessee,TN,47189,Wilson County,169948,216515.4285,4795165.175
Texas,TX,48001,Anderson County,59512,35435.8757,109815.3822
Texas,TX,48003,Andrews County,18923,767.2558756,10635.52923
Texas,TX,48005,Angelina County,88094,195918.8702,235147.5651
Texas,TX,48007,Aransas County,25595,2685.738157,15317.65089
Texas,TX,48009,Archer County,9155,2333.233565,17128.08516
Texas,TX,48011,Armstrong County,1809,0,181.1455974
Texas,TX,48013,Atascosa County,52783,70203.16817,348889.1164
Texas,TX,48015,Austin County,32546,34508.39542,199565.6923
Texas,TX,48017,Bailey County,7031,507.3236117,9632.428443
Texas,TX,48019,Bandera County,22830,35864.78769,213523.8177
Texas,TX,48021,Bastrop County,114931,84652.44831,417056.2558
Texas,TX,48023,Baylor County,3533,248.7587377,3512.047242
Texas,TX,48025,Bee County,31226,3217.612051,39956.44399
Texas,TX,48027,Bell County,399578,182318.4449,588183.5827
Texas,TX,48029,Bexar County,2127737,5459753.708,31801617.83
Texas,TX,48031,Blanco County,13358,5999.005849,24753.22337
Texas,TX,48033,Borden County,557,138.7972923,1370.524839
Texas,TX,48035,Bosque County,19013,33090.36763,39727.27906
Texas,TX,48037,Bowie County,91992,31342.44652,74162.8442
Texas,TX,48039,Brazoria County,413224,3516466.061,12731297.63
Texas,TX,48041,Brazos County,249624,1117129.658,9508629.06
Texas,TX,48043,Brewster County,9508,1577.931999,25606.63792
Texas,TX,48045,Briscoe County,1494,82.91957922,1832.880514
Texas,TX,48047,Brooks County,6740,261.2733173,5888.183662
Texas,TX,48049,Brown County,38631,25457.59784,86988.75291
Texas,TX,48051,Burleson County,20179,55709.99489,398527.4092
Texas,TX,48053,Burnet County,55722,19454.84858,81851.63559
Texas,TX,48055,Caldwell County,52430,65662.93737,177451.2353
Texas,TX,48057,Calhoun County,19942,13795.50765,55508.94076
Texas,TX,48059,Callahan County,14615,5165.436206,17159.22962
Texas,TX,48061,Cameron County,431874,77397.59557,336502.1502
Texas,TX,48063,Camp County,13164,2696.593361,25678.22968
Texas,TX,48065,Carson County,5822,264.0011283,3559.32172
Texas,TX,48067,Cass County,28622,2806.388663,22198.80842
Texas,TX,48069,Castro County,7380,12.02482258,2048.78537
Texas,TX,48071,Chambers County,56179,90140.81353,346492.7266
Texas,TX,48073,Cherokee County,53223,153780.7438,147316.9559
Texas,TX,48075,Childress County,6679,331.6783169,4649.084481
Texas,TX,48077,Clay County,10730,3907.517217,11784.45902
Texas,TX,48079,Cochran County,2583,82.91957922,8025.680207
Texas,TX,48081,Coke County,3396,381.6013371,2395.612377
Texas,TX,48083,Coleman County,7990,2643.403545,14997.9885
Texas,TX,48085,Collin County,1254658,662678.6558,8633030.228
Texas,TX,48087,Collingsworth County,2611,0,1155.313462
Texas,TX,48089,Colorado County,21475,46473.24407,185359.624
Texas,TX,48091,Comal County,201628,246500.769,693138.9404
Texas,TX,48093,Comanche County,14359,5699.397229,18876.46151
Texas,TX,48095,Concho County,3326,209.3476836,2958.328351
Texas,TX,48097,Cooke County,44258,9069.100485,65472.69855
Texas,TX,48099,Coryell County,86370,39047.7919,77881.235
Texas,TX,48101,Cottle County,1263,0,67.59771818
Texas,TX,48103,Crane County,4594,82.91957922,3451.948947
Texas,TX,48105,Crockett County,2799,344.5073071,1406.816483
Texas,TX,48107,Crosby County,5030,0,29879.52313
Texas,TX,48109,Culberson County,2254,1486.362784,2279.276445
Texas,TX,48111,Dallam County,7526,0,930.3238859
Texas,TX,48113,Dallas County,2656028,3440143.01,39144580.18
Texas,TX,48115,Dawson County,11758,971.7767635,9110.294304
Texas,TX,48117,Deaf Smith County,18495,503.9319704,8388.63488
Texas,TX,48119,Delta County,5647,1083.112989,7059.237759
Texas,TX,48121,Denton County,1045120,669643.6511,7231143.872
Texas,TX,48123,DeWitt County,20252,19301.89273,81302.10213
Texas,TX,48125,Dickens County,1725,424.4040324,10085.14987
Texas,TX,48127,Dimmit County,8181,2680.457421,6854.380556
Texas,TX,48129,Donley County,3193,255.4593577,1989.980899
Texas,TX,48131,Duval County,9585,1046.738418,9360.250077
Texas,TX,48133,Eastland County,18290,4765.470517,24803.00833
Texas,TX,48135,Ector County,170022,11524.93806,167538.0387
Texas,TX,48137,Edwards County,1383,283.7094431,3686.372813
Texas,TX,48139,Ellis County,232387,197879.2947,1615084.824
Texas,TX,48141,El Paso County,875784,2899739.189,3363063.273
Texas,TX,48143,Erath County,44496,8805.364872,85643.50772
Texas,TX,48145,Falls County,17752,54803.06127,84088.98872
Texas,TX,48147,Fannin County,38650,13385.0602,76160.14013
Texas,TX,48149,Fayette County,25488,19988.68021,78602.93652
Texas,TX,48151,Fisher County,3665,547.4404956,3771.226038
Texas,TX,48153,Floyd County,5042,7637.593516,12148.02282
Texas,TX,48155,Foard County,1053,448.5169946,2931.626332
Texas,TX,48157,Fort Bend County,958434,3743214.796,23930460.55
Texas,TX,48159,Franklin County,10912,1539.642212,8070.724929
Texas,TX,48161,Freestone County,20645,24689.08485,62642.79367
Texas,TX,48163,Frio County,19520,11022.35056,34186.4438
Texas,TX,48165,Gaines County,22892,1190.169758,14046.18266
Texas,TX,48167,Galveston County,367407,25135928.82,14074155.51
Texas,TX,48169,Garza County,4645,5052.144357,16435.56134
Texas,TX,48171,Gillespie County,28159,17639.46782,69354.0598
Texas,TX,48173,Glasscock County,1153,0,73.27872268
Texas,TX,48175,Goliad County,7221,7495.202638,32437.54004
Texas,TX,48177,Gonzales County,20040,11847.24956,56117.06932
Texas,TX,48179,Gray County,20888,2296.135372,25842.45258
Texas,TX,48181,Grayson County,150532,44307.83575,188985.8926
Texas,TX,48183,Gregg County,126679,38655.60541,312767.788
Texas,TX,48185,Grimes County,33448,62669.43349,459580.8931
Texas,TX,48187,Guadalupe County,195166,268654.9723,1032811.183
Texas,TX,48189,Hale County,31953,10093.23668,73052.90367
Texas,TX,48191,Hall County,2828,257.4366769,4585.768607
Texas,TX,48193,Hamilton County,8644,3710.353712,9894.097901
Texas,TX,48195,Hansford County,5006,210.6492581,2612.726584
Texas,TX,48197,Hardeman County,3417,2545.864505,2557.480867
Texas,TX,48199,Hardin County,58670,135020.5803,187198.8528
Texas,TX,48201,Harris County,5009302,18517977.71,112557634.2
Texas,TX,48203,Harrison County,71370,30527.58399,154619.3617
Texas,TX,48205,Hartley County,4996,210.6492581,2403.329318
Texas,TX,48207,Haskell County,5435,702.4048102,11082.57709
Texas,TX,48209,Hays County,292029,559618.0939,1305642.161
Texas,TX,48211,Hemphill County,3134,553.9740564,3750.219542
Texas,TX,48213,Henderson County,87467,29225.29848,185982.5125
Texas,TX,48215,Hidalgo County,914820,142147.2153,2801008.383
Texas,TX,48217,Hill County,38771,47100.87913,101384.972
Texas,TX,48219,Hockley County,21505,7344.880676,97316.28306
Texas,TX,48221,Hood County,69126,20550.91882,107517.3053
Texas,TX,48223,Hopkins County,38784,6448.620233,33291.23831
Texas,TX,48225,Houston County,22197,67818.38508,60724.75665
Texas,TX,48227,Howard County,30833,4409.039268,34625.42146
Texas,TX,48229,Hudspeth County,3608,247.7271307,993.7540592
Texas,TX,48231,Hunt County,118729,34123.06424,235238.5979
Texas,TX,48233,Hutchinson County,19721,1164.49691,10599.61756
Texas,TX,48235,Irion County,1526,0,156.6189181
Texas,TX,48237,Jack County,9398,1096.907264,8756.57751
Texas,TX,48239,Jackson County,15284,9230.514335,24502.24521
Texas,TX,48241,Jasper County,32907,35477.25125,51492.22348
Texas,TX,48243,Jeff Davis County,1778,142.9001587,13230.14941
Texas,TX,48245,Jefferson County,253948,472501.2392,699479.6868
Texas,TX,48247,Jim Hogg County,4583,725.7942337,4053.423463
Texas,TX,48249,Jim Wells County,38886,3737.56282,27714.30623
Texas,TX,48251,Johnson County,210547,134192.7992,795574.8328
Texas,TX,48253,Jones County,20850,2223.185119,22793.92618
Texas,TX,48255,Karnes County,15137,15701.67078,83579.55757
Texas,TX,48257,Kaufman County,197829,106045.726,1052037.462
Texas,TX,48259,Kendall County,51828,87831.26526,415311.9616
Texas,TX,48261,Kenedy County,330,0,98.13332402
Texas,TX,48263,Kent County,703,172.2536535,65.18574877
Texas,TX,48265,Kerr County,53900,30039.50032,96156.63978
Texas,TX,48267,Kimble County,4401,855.4685875,5834.628721
Texas,TX,48269,King County,215,0,0
Texas,TX,48271,Kinney County,3191,2557.889328,2108.9577
Texas,TX,48273,Kleberg County,30442,9026.778211,114341.0088
Texas,TX,48275,Knox County,3255,82.91957922,1611.16915
Texas,TX,48277,Lamar County,51249,9565.174924,56265.68408
Texas,TX,48279,Lamb County,12687,3053.188117,56747.48456
Texas,TX,48281,Lampasas County,23539,6394.228567,22934.51184
Texas,TX,48283,La Salle County,6679,1106.975866,23237.7259
Texas,TX,48285,Lavaca County,20605,25641.70101,102101.7909
Texas,TX,48287,Lee County,18451,16354.96182,168992.7149
Texas,TX,48289,Leon County,16698,14338.28576,115128.1037
Texas,TX,48291,Liberty County,115042,168461.9299,575783.6128
Texas,TX,48293,Limestone County,22569,43972.41016,91120.90285
Texas,TX,48295,Lipscomb County,2880,165.8391584,2548.457809
Texas,TX,48297,Live Oak County,11967,8797.437807,25634.35052
Texas,TX,48299,Llano County,23163,9811.499129,42769.30688
Texas,TX,48301,Loving County,48,0,36.63936134
Texas,TX,48303,Lubbock County,327394,97770.41502,3122066.33
Texas,TX,48305,Lynn County,5952,82.91957922,18863.84787
Texas,TX,48307,McCulloch County,7448,427.4268863,3248.200255
Texas,TX,48309,McLennan County,270358,1614680.2,1138005.216
Texas,TX,48311,McMullen County,565,0,98.59540095
Texas,TX,48313,Madison County,13877,18202.05173,99594.00347
Texas,TX,48315,Marion County,9704,9199.190927,16669.51149
Texas,TX,48317,Martin County,5179,255.4593577,3585.287586
Texas,TX,48319,Mason County,3987,464.5209163,3869.264227
Texas,TX,48321,Matagorda County,36391,33630.26033,175818.9056
Texas,TX,48323,Maverick County,58829,15711.18576,49352.58509
Texas,TX,48325,Medina County,55619,60008.30766,467725.5765
Texas,TX,48327,Menard County,1911,3109.387987,6878.760318
Texas,TX,48329,Midland County,183587,14152.07812,122647.534
Texas,TX,48331,Milam County,26159,21221.17227,164514.5583
Texas,TX,48333,Mills County,4563,2409.593018,9936.39597
Texas,TX,48335,Mitchell County,8968,773.1650851,5877.480642
Texas,TX,48337,Montague County,21890,5473.151435,35776.56035
Texas,TX,48339,Montgomery County,749613,1039721.659,5206364.648
Texas,TX,48341,Moore County,21872,557.991453,8843.472113
Texas,TX,48343,Morris County,12184,1357.935469,8419.987758
Texas,TX,48345,Motley County,1015,82.91957922,3196.283338
Texas,TX,48347,Nacogdoches County,65728,127824.3288,190158.065
Texas,TX,48349,Navarro County,56533,61799.76246,193486.229
Texas,TX,48351,Newton County,11908,24338.05556,34913.28608
Texas,TX,48353,Nolan County,14182,3874.955323,25445.91494
Texas,TX,48355,Nueces County,353125,50714.37881,358209.8647
Texas,TX,48357,Ochiltree County,9717,542.3275749,7835.218376
Texas,TX,48359,Oldham County,1823,82.91957922,1124.758742
Texas,TX,48361,Orange County,86115,227812.5518,280360.4906
Texas,TX,48363,Palo Pinto County,30231,3062.67194,17495.69544
Texas,TX,48365,Panola County,23022,44678.14324,85821.5226
Texas,TX,48367,Parker County,179707,73337.70942,580339.0175
Texas,TX,48369,Parmer County,9669,631.6616493,7151.780145
Texas,TX,48371,Pecos County,14712,990.6177119,11263.49885
Texas,TX,48373,Polk County,54258,141587.4594,147287.5517
Texas,TX,48375,Potter County,114649,4706.656785,101795.1761
Texas,TX,48377,Presidio County,5686,450.6233184,5899.156193
Texas,TX,48379,Rains County,13306,1386.344086,16620.89305
Texas,TX,48381,Randall County,150547,6284.347986,180820.1381
Texas,TX,48383,Reagan County,3139,0,1085.489029
Texas,TX,48385,Real County,2772,761.4813949,2697.595432
Texas,TX,48387,Red River County,11696,1312.024219,10713.24435
Texas,TX,48389,Reeves County,11956,907.1801275,10284.47792
Texas,TX,48391,Refugio County,6739,431.0645551,4487.426051
Texas,TX,48393,Roberts County,837,0,119.4651116
Texas,TX,48395,Robertson County,17659,49829.36374,397125.3673
Texas,TX,48397,Rockwall County,137044,71853.895,790879.9875
Texas,TX,48399,Runnels County,9751,829.6704924,5605.148046
Texas,TX,48401,Rusk County,53391,111252.7004,152625.1902
Texas,TX,48403,Sabine County,10058,14159.19682,16643.55351
Texas,TX,48405,San Augustine County,7767,12910.55054,9227.628395
Texas,TX,48407,San Jacinto County,29326,64677.86378,71801.11083
Texas,TX,48409,San Patricio County,71467,7496.846718,63119.41163
Texas,TX,48411,San Saba County,5508,1363.95014,3406.64429
Texas,TX,48413,Schleicher County,2302,0,722.6923717
Texas,TX,48415,Scurry County,16211,1203.410557,9243.302933
Texas,TX,48417,Shackelford County,3169,1198.651232,13822.10031
Texas,TX,48419,Shelby County,24192,20349.52922,45083.11926
Texas,TX,48421,Sherman County,2771,82.91957922,1732.78123
Texas,TX,48423,Smith County,249091,108245.4396,1090392.318
Texas,TX,48425,Somervell County,10098,3357.693906,8140.924841
Texas,TX,48427,Starr County,66587,14805.14343,60548.57022
Texas,TX,48429,Stephens County,9475,2663.73479,4190.232643
Texas,TX,48431,Sterling County,1387,0,195.9874459
Texas,TX,48433,Stonewall County,1235,343.3247983,1691.697346
Texas,TX,48435,Sutton County,3269,424.4040324,545.6010483
Texas,TX,48437,Swisher County,6877,165.8391584,2918.174656
Texas,TX,48439,Tarrant County,2230708,2099963.907,15734194.85
Texas,TX,48441,Taylor County,148813,22507.82231,133518.343
Texas,TX,48443,Terrell County,718,0,124.2141151
Texas,TX,48445,Terry County,11602,257.4366769,22661.24019
Texas,TX,48447,Throckmorton County,1532,375.186842,3629.882476
Texas,TX,48449,Titus County,31547,3428.627586,23845.79089
Texas,TX,48451,Tom Green County,120103,16275.41574,77935.83713
Texas,TX,48453,Travis County,1363767,1603232.546,13253027.38
Texas,TX,48455,Trinity County,14489,24479.95914,32867.33636
Texas,TX,48457,Tyler County,20560,27402.2576,34771.03846
Texas,TX,48459,Upshur County,44050,16357.93894,127298.2257
Texas,TX,48461,Upton County,3128,82.91957922,2008.599017
Texas,TX,48463,Uvalde County,25138,15148.62253,29511.96121
Texas,TX,48465,Val Verde County,47999,18285.1,89334.29836
Texas,TX,48467,Van Zandt County,65304,14717.24099,135819.2623
Texas,TX,48469,Victoria County,91949,40967.15937,159812.9302
Texas,TX,48471,Walker County,83722,183978.1312,268315.3497
Texas,TX,48473,Waller County,65109,152698.7826,518477.4021
Texas,TX,48475,Ward County,11038,943.680445,12254.42936
Texas,TX,48477,Washington County,37810,47465.05989,261208.8092
Texas,TX,48479,Webb County,272823,54759.31197,269877.9576
Texas,TX,48481,Wharton County,42035,52602.08909,321809.7619
Texas,TX,48483,Wheeler County,4824,0,916.2979437
Texas,TX,48485,Wichita County,129984,45691.76985,140301.8589
Texas,TX,48487,Wilbarger County,12455,6452.010036,12619.56694
Texas,TX,48489,Willacy County,20027,931.0444462,29139.67323
Texas,TX,48491,Williamson County,727480,490237.5137,2995200.477
Texas,TX,48493,Wilson County,55415,79635.98972,296358.1367
Texas,TX,48495,Winkler County,7381,507.8997695,5110.367746
Texas,TX,48497,Wise County,81275,26568.43102,92672.25817
Texas,TX,48499,Wood County,48742,18659.65492,115001.1646
Texas,TX,48501,Yoakum County,7581,209.1740845,8895.080138
Texas,TX,48503,Young County,18236,6674.496007,13741.60101
Texas,TX,48505,Zapata County,13819,4265.760798,22457.87357
Texas,TX,48507,Zavala County,9209,8403.229704,30061.7303
Utah,UT,49001,Beaver County,7424,273.3715113,8753.986902
Utah,UT,49003,Box Elder County,64120,8337.831094,295132.992
Utah,UT,49005,Cache County,145487,19038.73129,1074551.525
Utah,UT,49007,Carbon County,20613,2118.629212,86391.53764
Utah,UT,49009,Daggett County,956,68.34287782,2410.755104
Utah,UT,49011,Davis County,378470,202952.7253,6480863.007
Utah,UT,49013,Duchesne County,20803,478.4001447,15914.89793
Utah,UT,49015,Emery County,10161,341.7143891,11583.59758
Utah,UT,49017,Garfield County,5290,205.0286334,6570.63006
Utah,UT,49019,Grand County,9788,410.0572669,12950.58977
Utah,UT,49021,Iron County,65936,2567.875751,86191.0199
Utah,UT,49023,Juab County,13297,751.771656,30204.3738
Utah,UT,49025,Kane County,8525,561.3197239,16092.89283
Utah,UT,49027,Millard County,13572,751.771656,24215.06887
Utah,UT,49029,Morgan County,13093,3622.172524,115078.4364
Utah,UT,49031,Piute County,1534,136.6857556,4411.434473
Utah,UT,49033,Rich County,2752,205.0286334,6675.953523
Utah,UT,49035,Salt Lake County,1216274,1010940.67,32142404.08
Utah,UT,49037,San Juan County,14601,683.6459289,41187.76028
Utah,UT,49039,Sanpete County,30732,1244.819853,53772.0657
Utah,UT,49041,Sevier County,22520,1230.388951,55129.97574
Utah,UT,49043,Summit County,43109,32598.44904,1037499.603
Utah,UT,49045,Tooele County,84488,22279.92087,753350.5322
Utah,UT,49047,Uintah County,38307,2050.503485,66534.40311
Utah,UT,49049,Utah County,747234,95222.72262,4484370.489
Utah,UT,49051,Wasatch County,37858,15308.80463,492909.5285
Utah,UT,49053,Washington County,207943,8681.489659,240681.5656
Utah,UT,49055,Wayne County,2608,273.3715113,8677.105782
Utah,UT,49057,Weber County,276118,61397.13772,1930287.613
Vermont,VT,50001,Addison County,38047,3661.198955,494944.3637
Vermont,VT,50003,Bennington County,37039,4073.523117,95509.41903
Vermont,VT,50005,Caledonia County,30535,2126.073123,169900.0109
Vermont,VT,50007,Chittenden County,170851,13410.45287,7022142.711
Vermont,VT,50009,Essex County,6037,1394.961644,51931.52501
Vermont,VT,50011,Franklin County,51066,2137.093216,700195.6507
Vermont,VT,50013,Grand Isle County,7528,403.6402725,177365.7836
Vermont,VT,50015,Lamoille County,26248,2160.955286,212754.0708
Vermont,VT,50017,Orange County,30050,47733.3226,2656668.998
Vermont,VT,50019,Orleans County,27726,2097.375473,124150.3196
Vermont,VT,50021,Rutland County,60198,7806.608615,315910.2246
Vermont,VT,50023,Washington County,59844,8881.449558,719562.1492
Vermont,VT,50025,Windham County,45627,3297.566082,141185.0421
Vermont,VT,50027,Windsor County,57697,85957.29819,4976826.926
Virginia,VA,51001,Accomack County,33411,5805.529892,60045.22563
Virginia,VA,51003,Albemarle County,117313,255923.8808,13676946.01
Virginia,VA,51005,Alleghany County,14632,95088.61421,116286.637
Virginia,VA,51007,Amelia County,13716,23530.87123,112396.9428
Virginia,VA,51009,Amherst County,31650,35339.82772,177249.8118
Virginia,VA,51011,Appomattox County,16957,13596.72197,104129.6925
Virginia,VA,51013,Arlington County,239807,336800.6882,2618572.273
Virginia,VA,51015,Augusta County,78622,141063.3269,1088916.698
Virginia,VA,51017,Bath County,4071,9638.152244,30368.61168
Virginia,VA,51019,Bedford County,82182,145645.9565,320597.6532
Virginia,VA,51021,Bland County,6186,15831.50796,30809.90487
Virginia,VA,51023,Botetourt County,34129,70424.49674,236533.5491
Virginia,VA,51025,Brunswick County,15750,5389.461172,16465.87867
Virginia,VA,51027,Buchanan County,18632,13945.38403,47175.97257
Virginia,VA,51029,Buckingham County,17115,24510.07174,424480.2849
Virginia,VA,51031,Campbell County,55342,131840.2773,259468.3564
Virginia,VA,51033,Caroline County,33477,35938.38986,177575.669
Virginia,VA,51035,Carroll County,29242,149349.0541,159309.8193
Virginia,VA,51036,Charles City County,6564,9428.807213,37773.37195
Virginia,VA,51037,Charlotte County,11258,5364.342896,67297.35337
Virginia,VA,51041,Chesterfield County,389793,1258005.2,4400172.386
Virginia,VA,51043,Clarke County,15598,12422.72533,143674.1754
Virginia,VA,51045,Craig County,4829,1321.97801,51882.51872
Virginia,VA,51047,Culpeper County,56125,23668.22528,207556.3481
Virginia,VA,51049,Cumberland County,10062,16552.65849,102623.0504
Virginia,VA,51051,Dickenson County,13411,9289.585455,28257.64265
Virginia,VA,51053,Dinwiddie County,28576,21931.94721,106505.4254
Virginia,VA,51057,Essex County,10683,13875.48525,80452.4677
Virginia,VA,51059,Fairfax County,1160925,1045748.054,8928916.912
Virginia,VA,51061,Fauquier County,75865,34682.49969,365353.6415
Virginia,VA,51063,Floyd County,15658,151565.2671,253166.257
Virginia,VA,51065,Fluvanna County,28746,58269.61577,2148119.703
Virginia,VA,51067,Franklin County,55637,91958.50398,228685.1843
Virginia,VA,51069,Frederick County,98109,112226.505,253289.4016
Virginia,VA,51071,Giles County,16533,238520.1476,414858.5861
Virginia,VA,51073,Gloucester County,40154,12141.73402,61417.39911
Virginia,VA,51075,Goochland County,28223,158800.0624,299482.818
Virginia,VA,51077,Grayson County,15265,22166.87425,43464.35897
Virginia,VA,51079,Greene County,21744,39010.81378,1493893.376
Virginia,VA,51081,Greensville County,11150,4055.269283,23373.20383
Virginia,VA,51083,Halifax County,33448,101002.4949,138528.8629
Virginia,VA,51085,Hanover County,115309,373462.3601,1404868.275
Virginia,VA,51087,Henrico County,338696,1670739.531,5504781.989
Virginia,VA,51089,Henry County,49385,62288.69358,157794.7265
Virginia,VA,51091,Highland County,2348,148.8994625,10847.5297
Virginia,VA,51093,Isle of Wight County,40942,12311.72791,60696.34397
Virginia,VA,51095,James City County,82797,31172.20528,197356.5516
Virginia,VA,51097,King and Queen County,6747,14962.58573,51146.55888
Virginia,VA,51099,King George County,28816,12193.98414,82970.79777
Virginia,VA,51101,King William County,19232,25103.18054,83974.9842
Virginia,VA,51103,Lancaster County,11062,8219.703691,33291.89909
Virginia,VA,51105,Lee County,21780,13340.08789,26011.98364
Virginia,VA,51107,Loudoun County,443380,238163.2266,2416084.019
Virginia,VA,51109,Louisa County,42109,33874.24028,1138744.344
Virginia,VA,51111,Lunenburg County,12060,5579.671102,21204.77146
Virginia,VA,51113,Madison County,14252,9152.267671,237540.4249
Virginia,VA,51115,Mathews County,8602,3267.048291,19323.71547
Virginia,VA,51117,Mecklenburg County,30824,9358.330593,48545.56683
Virginia,VA,51119,Middlesex County,10949,16219.11171,57102.20833
Virginia,VA,51121,Montgomery County,98998,2723137.983,4608406.205
Virginia,VA,51125,Nelson County,14766,12951.27013,675296.7371
Virginia,VA,51127,New Kent County,27218,65577.01844,209053.7176
Virginia,VA,51131,Northampton County,12004,7393.061517,32117.97923
Virginia,VA,51133,Northumberland County,12397,5328.045005,30152.54609
Virginia,VA,51135,Nottoway County,15632,14768.02089,80593.72308
Virginia,VA,51137,Orange County,38986,25511.22693,783015.1241
Virginia,VA,51139,Page County,23686,8834.5994,158523.3516
Virginia,VA,51141,Patrick County,17308,25616.27001,52226.87838
Virginia,VA,51143,Pittsylvania County,59410,134064.6663,226156.5629
Virginia,VA,51145,Powhatan County,32392,44822.17891,209862.6362
Virginia,VA,51147,Prince Edward County,22276,28242.46666,173944.07
Virginia,VA,51149,Prince George County,43589,41074.01522,158338.3274
Virginia,VA,51153,Prince William County,497003,331840.4968,2494930.242
Virginia,VA,51155,Pulaski County,33579,568167.8962,962868.1256
Virginia,VA,51157,Rappahannock County,7479,4029.131739,40071.93995
Virginia,VA,51159,Richmond County,9215,93602.89976,95030.67131
Virginia,VA,51161,Roanoke County,97334,481046.8411,790583.7929
Virginia,VA,51163,Rockbridge County,22368,19528.95924,176017.8184
Virginia,VA,51165,Rockingham County,87674,217551.2051,799839.7455
Virginia,VA,51167,Russell County,25420,16160.5122,38785.16163
Virginia,VA,51169,Scott County,21388,14549.31524,37925.68327
Virginia,VA,51171,Shenandoah County,45441,16336.16456,133229.9824
Virginia,VA,51173,Smyth County,29137,26518.40736,72229.57652
Virginia,VA,51175,Southampton County,17941,10005.81939,46965.77897
Virginia,VA,51177,Spotsylvania County,152021,48180.42264,764784.0531
Virginia,VA,51179,Stafford County,168919,73303.28544,541098.1315
Virginia,VA,51181,Surry County,6579,2163.306479,19243.09988
Virginia,VA,51183,Sussex County,10753,186018.5763,127254.6997
Virginia,VA,51185,Tazewell County,38875,128959.533,151838.1408
Virginia,VA,51187,Warren County,42461,14005.97295,179226.7807
Virginia,VA,51191,Washington County,54098,46777.089,114886.2952
Virginia,VA,51193,Westmoreland County,19235,6188.451088,41505.91474
Virginia,VA,51195,Wise County,34973,7706.729225,46666.17188
Virginia,VA,51197,Wythe County,28100,104606.1082,246495.1207
Virginia,VA,51199,York County,71410,26442.06675,172622.8786
Virginia,VA,51510,Alexandria city,159102,207297.5658,1558159.515
Virginia,VA,51520,Bristol city,16316,18494.13441,50042.13521
Virginia,VA,51530,Buena Vista city,6581,4886.29421,25604.9445
Virginia,VA,51540,Charlottesville city,44767,162235.616,8651468.305
Virginia,VA,51550,Chesapeake city,254997,237609.5777,546829.8794
Virginia,VA,51570,Colonial Heights city,18674,31289.54012,95381.90288
Virginia,VA,51580,Covington city,5663,10120.63827,58235.66009
Virginia,VA,51590,Danville city,41993,56921.27004,210089.9524
Virginia,VA,51595,Emporia city,5402,5035.009115,26402.15308
Virginia,VA,51600,Fairfax city,26340,13360.66677,224686.9937
Virginia,VA,51610,Falls Church city,15034,13679.42041,102982.4959
Virginia,VA,51620,Franklin city,8373,4845.091809,15863.3554
Virginia,VA,51630,Fredericksburg city,29992,10512.15167,125474.0524
Virginia,VA,51640,Galax city,6739,12845.21163,35468.25078
Virginia,VA,51650,Hampton city,137596,135693.7812,539319.9146
Virginia,VA,51660,Harrisonburg city,51164,23010.0045,463696.521
Virginia,VA,51670,Hopewell city,22970,18368.8479,55620.50358
Virginia,VA,51678,Lexington city,7802,10981.43495,52289.16643
Virginia,VA,51680,Lynchburg city,80301,237237.169,459643.2403
Virginia,VA,51683,Manassas city,43616,30382.03396,250420.7143
Virginia,VA,51685,Manassas Park city,16611,9129.568287,60225.91291
Virginia,VA,51690,Martinsville city,13834,17511.96535,55227.801
Virginia,VA,51700,Newport News city,183056,107791.2494,567253.8841
Virginia,VA,51710,Norfolk city,231105,341919.9716,1000606.156
Virginia,VA,51720,Norton city,3478,148.8994625,11467.76012
Virginia,VA,51730,Petersburg city,34058,31619.14993,119683.4742
Virginia,VA,51735,Poquoson city,12854,10252.06435,43800.7813
Virginia,VA,51740,Portsmouth city,96482,22921.37662,192360.415
Virginia,VA,51750,Radford city,17273,500462.0545,855801.6824
Virginia,VA,51760,Richmond city,233655,2286475.302,6548491.214
Virginia,VA,51770,Roanoke city,97912,217328.3999,481688.2096
Virginia,VA,51775,Salem city,25908,60744.81279,148835.5237
Virginia,VA,51790,Staunton city,26361,22010.94056,360885.3222
Virginia,VA,51800,Suffolk city,103105,122570.5643,241082.5465
Virginia,VA,51810,Virginia Beach city,454808,175378.9472,1371151.571
Virginia,VA,51820,Waynesboro city,23498,25349.98965,724146.7925
Virginia,VA,51830,Williamsburg city,16030,7490.32133,52060.62997
Virginia,VA,51840,Winchester city,27800,99291.32065,144807.1623
Washington,WA,53001,Adams County,21039,12.14869627,97056.39277
Washington,WA,53003,Asotin County,22523,3100.270376,93138.50563
Washington,WA,53005,Benton County,218190,12431.47198,3518314.249
Washington,WA,53007,Chelan County,81228,5358.448958,619902.5115
Washington,WA,53009,Clallam County,77958,6997.694955,753538.2976
Washington,WA,53011,Clark County,527269,57856.12399,4851742.235
Washington,WA,53013,Columbia County,4025,12.14869627,2312.263945
Washington,WA,53015,Cowlitz County,113982,6436.108586,638891.2921
Washington,WA,53017,Douglas County,45795,5953.604712,191357.2136
Washington,WA,53019,Ferry County,7543,0,48278.995
Washington,WA,53021,Franklin County,101238,7177.267439,788395.83
Washington,WA,53023,Garfield County,2404,729.1155997,14714.64801
Washington,WA,53025,Grant County,104717,2198.875089,263314.0387
Washington,WA,53027,Grays Harbor County,77893,7681.461986,601227.4515
Washington,WA,53029,Island County,86478,14057.77432,713826.2323
Washington,WA,53031,Jefferson County,33944,3124.568045,89319.81327
Washington,WA,53033,King County,2340211,3516996.771,142090319.9
Washington,WA,53035,Kitsap County,281420,104520.6858,4522393.789
Washington,WA,53037,Kittitas County,48172,5873.696833,354413.6853
Washington,WA,53039,Klickitat County,24124,905.4584676,37781.77362
Washington,WA,53041,Lewis County,87049,9446.805036,521126.2942
Washington,WA,53043,Lincoln County,11862,364.5577999,195993.5719
Washington,WA,53045,Mason County,69632,5564.001494,498985.6314
Washington,WA,53047,Okanogan County,44942,1926.745828,154405.2875
Washington,WA,53049,Pacific County,24245,1448.670409,42042.08336
Washington,WA,53051,Pend Oreille County,14332,481.0163187,155601.8253
Washington,WA,53053,Pierce County,941170,171502.7206,6938134.425
Washington,WA,53055,San Juan County,18668,767.9271269,76904.69575
Washington,WA,53057,Skagit County,132736,22633.53043,1603662.94
Washington,WA,53059,Skamania County,12660,1797.299287,46593.56955
Washington,WA,53061,Snohomish County,864113,661391.7002,28149737.7
Washington,WA,53063,Spokane County,555947,18809.82151,1853950.834
Washington,WA,53065,Stevens County,49015,1771.981187,91436.25888
Washington,WA,53067,Thurston County,302912,29034.72226,1568240.831
Washington,WA,53069,Wahkiakum County,4800,104.5772358,3848.885604
Washington,WA,53071,Walla Walla County,62068,11096.57421,758300.6664
Washington,WA,53073,Whatcom County,234954,9470.890571,1041887.126
Washington,WA,53075,Whitman County,48399,8255.357437,2023743.859
Washington,WA,53077,Yakima County,258523,19477.34522,935495.3428
West Virginia,WV,54001,Barbour County,15369,613.2683369,57364.72712
West Virginia,WV,54003,Berkeley County,136287,14669.69015,264230.8377
West Virginia,WV,54005,Boone County,20496,434.5572672,9679.541528
West Virginia,WV,54007,Braxton County,12051,379.0094732,70484.8152
West Virginia,WV,54009,Brooke County,21285,764.8391506,40020.81464
West Virginia,WV,54011,Cabell County,91489,1589.9084,198373.1826
West Virginia,WV,54013,Calhoun County,5873,0,7312.346948
West Virginia,WV,54015,Clay County,7689,0,958.4251186
West Virginia,WV,54017,Doddridge County,7615,444.3522812,44476.24224
West Virginia,WV,54019,Fayette County,38600,14964.03792,72963.71755
West Virginia,WV,54021,Gilmer County,7116,91.17807071,29621.5016
West Virginia,WV,54023,Grant County,10971,432.556152,23472.11248
West Virginia,WV,54025,Greenbrier County,31851,3224.681273,49422.77302
West Virginia,WV,54027,Hampshire County,23793,4148.721231,43673.21312
West Virginia,WV,54029,Hancock County,28054,13060.29475,208879.0018
West Virginia,WV,54031,Hardy County,14335,290.7564354,8600.676597
West Virginia,WV,54033,Harrison County,64472,6625.614034,482003.902
West Virginia,WV,54035,Jackson County,27718,151.131262,22623.52438
West Virginia,WV,54037,Jefferson County,61264,12612.51483,204559.6649
West Virginia,WV,54039,Kanawha County,173906,92923.14154,177308.8061
West Virginia,WV,54041,Lewis County,16477,9.127070236,55578.07939
West Virginia,WV,54043,Lincoln County,19377,432.0487661,12150.22491
West Virginia,WV,54045,Logan County,30560,975.7929986,29219.50481
West Virginia,WV,54047,McDowell County,17147,8958.703917,16663.05116
West Virginia,WV,54049,Marion County,55649,1997.471219,804958.3775
West Virginia,WV,54051,Marshall County,29354,9361.197655,157036.222
West Virginia,WV,54053,Mason County,24770,432.0487661,39170.31723
West Virginia,WV,54055,Mercer County,57524,22100.7285,132550.9088
West Virginia,WV,54057,Mineral County,26778,3793.98145,43912.98775
West Virginia,WV,54059,Mingo County,21712,351.4030204,10639.81761
West Virginia,WV,54061,Monongalia County,108697,16396.30005,3419622.652
West Virginia,WV,54063,Monroe County,12462,26735.51857,50536.42413
West Virginia,WV,54065,Morgan County,17780,841.4230816,31872.27403
West Virginia,WV,54067,Nicholas County,24017,6893.636733,23483.058
West Virginia,WV,54069,Ohio County,41090,14409.92628,262923.9771
West Virginia,WV,54071,Pendleton County,5944,347.5237908,13413.44011
West Virginia,WV,54073,Pleasants County,7358,110.067465,18871.96928
West Virginia,WV,54075,Pocahontas County,7653,577.4806979,3315.656956
West Virginia,WV,54077,Preston County,34055,8416.369746,695807.3859
West Virginia,WV,54079,Putnam County,57067,87.4153477,36315.57394
West Virginia,WV,54081,Raleigh County,72379,18773.58859,92717.47822
West Virginia,WV,54083,Randolph County,27190,2623.742283,31980.39066
West Virginia,WV,54085,Ritchie County,8170,90.48033212,1557.724084
West Virginia,WV,54087,Roane County,13540,725.421771,27323.54322
West Virginia,WV,54089,Summers County,11544,15903.08254,74912.89886
West Virginia,WV,54091,Taylor County,16438,4110.997771,187168.5572
West Virginia,WV,54093,Tucker County,6573,7458.738202,137838.7954
West Virginia,WV,54095,Tyler County,7843,1.425679675,9112.50994
West Virginia,WV,54097,Upshur County,23650,122.2875605,63038.57841
West Virginia,WV,54099,Wayne County,37589,2.851359349,72479.38186
West Virginia,WV,54101,Webster County,7947,43.48902956,10491.58426
West Virginia,WV,54103,Wetzel County,13766,94.08004574,2886.891381
West Virginia,WV,54105,Wirt County,4924,80.65642088,15664.36048
West Virginia,WV,54107,Wood County,82757,1796.021318,96841.66981
West Virginia,WV,54109,Wyoming County,19964,2972.016374,6253.038871
Wisconsin,WI,55001,Adams County,21352,1182.945223,58451.59394
Wisconsin,WI,55003,Ashland County,16196,736.0335965,15289.68176
Wisconsin,WI,55005,Barron County,46810,2707.512275,121185.2266
Wisconsin,WI,55007,Bayfield County,16838,529.8256553,17413.80566
Wisconsin,WI,55009,Brown County,273909,25215.44264,810281.6307
Wisconsin,WI,55011,Buffalo County,13464,1565.862882,57053.03681
Wisconsin,WI,55013,Burnett County,17187,235.4597219,33682.66707
Wisconsin,WI,55015,Calumet County,53602,3994.56399,152725.7107
Wisconsin,WI,55017,Chippewa County,67323,2732.512067,121867.2181
Wisconsin,WI,55019,Clark County,34801,1246.86198,32073.46265
Wisconsin,WI,55021,Columbia County,58113,7164.270481,1691058.865
Wisconsin,WI,55023,Crawford County,16008,891.9194599,31366.69964
Wisconsin,WI,55025,Dane County,588347,66708.87201,53534332.72
Wisconsin,WI,55027,Dodge County,88635,11976.79067,663154.057
Wisconsin,WI,55029,Door County,30512,3506.796574,61110.17873
Wisconsin,WI,55031,Douglas County,44276,1241.246792,104675.8384
Wisconsin,WI,55033,Dunn County,46135,2812.939003,97858.94862
Wisconsin,WI,55035,Eau Claire County,108830,8041.180732,297045.1833
Wisconsin,WI,55037,Florence County,4673,286.1817522,1988.928819
Wisconsin,WI,55039,Fond du Lac County,104269,6724.193013,483984.7686
Wisconsin,WI,55041,Forest County,9506,334.4909477,88621.54494
Wisconsin,WI,55043,Grant County,52330,2258.426429,460572.263
Wisconsin,WI,55045,Green County,37183,1355.319471,623996.5945
Wisconsin,WI,55047,Green Lake County,19370,1629.062649,153655.5383
Wisconsin,WI,55049,Iowa County,23963,747.6188776,383098.9474
Wisconsin,WI,55051,Iron County,6235,170.7604391,32508.00562
Wisconsin,WI,55053,Jackson County,21027,1075.048554,25095.42389
Wisconsin,WI,55055,Jefferson County,86245,11180.68159,754842.6937
Wisconsin,WI,55057,Juneau County,26590,732.6636844,71753.97045
Wisconsin,WI,55059,Kenosha County,168754,34949.35013,727505.1307
Wisconsin,WI,55061,Kewaunee County,20751,1054.549582,20454.72088
Wisconsin,WI,55063,La Crosse County,121060,6810.832331,352613.0323
Wisconsin,WI,55065,Lafayette County,17306,614.725523,131457.1628
Wisconsin,WI,55067,Langlade County,19535,411.0794178,119187.6056
Wisconsin,WI,55069,Lincoln County,28461,1110.986966,90646.52943
Wisconsin,WI,55071,Manitowoc County,81513,6389.429698,197194.4969
Wisconsin,WI,55073,Marathon County,139091,5413.977314,598185.4557
Wisconsin,WI,55075,Marinette County,42343,2446.577819,129010.1814
Wisconsin,WI,55077,Marquette County,15743,1176.9792,97577.87631
Wisconsin,WI,55078,Menominee County,4286,227.3893768,4095.172342
Wisconsin,WI,55079,Milwaukee County,924740,819747.8177,15466294.63
Wisconsin,WI,55081,Monroe County,46370,3004.180753,72697.57579
Wisconsin,WI,55083,Oconto County,40037,2087.536207,117330.6443
Wisconsin,WI,55085,Oneida County,38175,1395.208499,133136.1795
Wisconsin,WI,55087,Outagamie County,195390,14812.29286,689796.5423
Wisconsin,WI,55089,Ozaukee County,93956,50894.61779,1193500.694
Wisconsin,WI,55091,Pepin County,7555,1520.537283,52009.51264
Wisconsin,WI,55093,Pierce County,43380,6268.171339,264996.6823
Wisconsin,WI,55095,Polk County,45831,6506.75434,201234.9045
Wisconsin,WI,55097,Portage County,72040,6065.61362,250172.2596
Wisconsin,WI,55099,Price County,14087,634.1146118,19767.67444
Wisconsin,WI,55101,Racine County,198651,58943.55513,991603.7469
Wisconsin,WI,55103,Richland County,17123,432.4016361,358279.5067
Wisconsin,WI,55105,Rock County,165461,16043.24575,1542934.887
Wisconsin,WI,55107,Rusk County,14168,371.5253293,37034.82629
Wisconsin,WI,55109,St. Croix County,97954,20603.69681,569002.0676
Wisconsin,WI,55111,Sauk County,66486,7681.680936,1597537.817
Wisconsin,WI,55113,Sawyer County,18835,472.2254618,38849.03122
Wisconsin,WI,55115,Shawano County,41299,2802.487239,173816.1058
Wisconsin,WI,55117,Sheboygan County,118331,13217.05391,332596.7174
Wisconsin,WI,55119,Taylor County,20167,1197.687504,60204.21208
Wisconsin,WI,55121,Trempealeau County,30801,1922.634524,102295.8897
Wisconsin,WI,55123,Vernon County,31351,1607.894183,76725.57542
Wisconsin,WI,55125,Vilas County,23948,1063.419645,83469.52524
Wisconsin,WI,55127,Walworth County,106029,14253.20283,871919.9594
Wisconsin,WI,55129,Washburn County,16982,553.9757075,40160.69842
Wisconsin,WI,55131,Washington County,138727,136427.1404,2148383.242
Wisconsin,WI,55133,Waukesha County,417029,434337.9411,7240364.167
Wisconsin,WI,55135,Waupaca County,51171,3029.490454,167209.7094
Wisconsin,WI,55137,Waushara County,25079,1229.200716,75351.38858
Wisconsin,WI,55139,Winnebago County,173307,10154.2924,993035.5594
Wisconsin,WI,55141,Wood County,73943,3930.703319,680816.6438
Wyoming,WY,56001,Albany County,39288,266.1918353,1571717.131
Wyoming,WY,56003,Big Horn County,12084,0,4693.061408
Wyoming,WY,56005,Campbell County,47946,223.6106931,15862.06183
Wyoming,WY,56007,Carbon County,14250,0.676812861,25700.98623
Wyoming,WY,56009,Converse County,13766,780.779633,23408.66967
Wyoming,WY,56011,Crook County,7775,82.91957922,8917.86962
Wyoming,WY,56013,Fremont County,39721,0,17077.75559
Wyoming,WY,56015,Goshen County,12635,205.0286334,16539.50313
Wyoming,WY,56017,Hot Springs County,4625,0,2623.550807
Wyoming,WY,56019,Johnson County,8803,86.92493744,5489.077979
Wyoming,WY,56021,Laramie County,101783,243.149729,272896.6094
Wyoming,WY,56023,Lincoln County,21000,151.262457,9348.218837
Wyoming,WY,56025,Natrona County,80410,974.0756272,99305.72286
Wyoming,WY,56027,Niobrara County,2301,82.91957922,12579.6505
Wyoming,WY,56029,Park County,31082,87.78149252,7385.713253
Wyoming,WY,56031,Platte County,8512,0,6282.630748
Wyoming,WY,56033,Sheridan County,32978,151.262457,34620.06894
Wyoming,WY,56035,Sublette County,8965,68.34287782,2434.645402
Wyoming,WY,56037,Sweetwater County,41273,172.1039548,13177.75796
Wyoming,WY,56039,Teton County,23272,82.91957922,1377.05851
Wyoming,WY,56041,Uinta County,20621,0,3271.443805
Wyoming,WY,56043,Washakie County,7662,35.41384415,102.3309842
Wyoming,WY,56045,Weston County,6866,0,3163.398953
