state,state_code,FIPS,county,pop_2024,terminated_econ_loss,IDC_econ_loss
Alabama,AL,1001,Autauga County,61464,144772.4138,437396.6022
Alabama,AL,1003,Baldwin County,261608,125437.0374,954090.1942
Alabama,AL,1005,Barbour County,24358,29457.26102,109573.4439
Alabama,AL,1007,Bibb County,22258,57722.9206,204501.7517
Alabama,AL,1009,Blount County,60163,998610.4613,2863563.142
Alabama,AL,1011,Bullock County,9901,7028.757897,77401.37367
Alabama,AL,1013,Butler County,18256,24576.69528,69042.00158
Alabama,AL,1015,Calhoun County,116427,438452.4818,1298942.375
Alabama,AL,1017,Chambers County,33813,97874.20129,461927.2839
Alabama,AL,1019,Cherokee County,26138,67729.17982,201018.7671
Alabama,AL,1021,Chilton County,47262,301199.875,878197.0498
Alabama,AL,1023,Choctaw County,12052,11842.73037,50626.12242
Alabama,AL,1025,Clarke County,22142,12515.08043,64125.64985
Alabama,AL,1027,Clay County,14239,27328.60455,100920.8863
Alabama,AL,1029,Cleburne County,15905,16659.60967,60329.00761
Alabama,AL,1031,Coffee County,56358,56689.24095,155481.26
Alabama,AL,1033,Colbert County,58785,88945.06324,532757.323
Alabama,AL,1035,Conecuh County,11109,4998.568502,36409.94896
Alabama,AL,1037,Coosa County,10291,30740.8286,106227.1462
Alabama,AL,1039,Covington County,37748,34226.9003,95710.18708
Alabama,AL,1041,Crenshaw County,13114,6339.761908,30456.28069
Alabama,AL,1043,Cullman County,92604,693997.6478,2065844.176
Alabama,AL,1045,Dale County,50067,49767.80198,172774.1335
Alabama,AL,1047,Dallas County,35545,85724.02215,261516.2293
Alabama,AL,1049,DeKalb County,73122,73253.72729,259838.1127
Alabama,AL,1051,Elmore County,91042,211380.4617,789453.631
Alabama,AL,1053,Escambia County,36630,31149.2501,160289.9396
Alabama,AL,1055,Etowah County,103207,382640.1238,1156357.158
Alabama,AL,1057,Fayette County,15863,52099.89207,190473.2509
Alabama,AL,1059,Franklin County,31874,54607.29622,176969.2432
Alabama,AL,1061,Geneva County,27259,28390.24064,85090.79657
Alabama,AL,1063,Greene County,7127,21430.26733,84701.00318
Alabama,AL,1065,Hale County,15116,32743.70336,170501.4579
Alabama,AL,1067,Henry County,18141,12772.98503,36048.23649
Alabama,AL,1069,Houston County,109366,87913.59725,265580.6504
Alabama,AL,1071,Jackson County,53780,44412.48404,183583.2059
Alabama,AL,1073,Jefferson County,664744,23280311.57,66633106.83
Alabama,AL,1075,Lamar County,13543,29006.3497,99037.50611
Alabama,AL,1077,Lauderdale County,97502,72974.74311,311848.7326
Alabama,AL,1079,Lawrence County,33567,58496.98675,230220.4202
Alabama,AL,1081,Lee County,187847,473860.4277,3677064.201
Alabama,AL,1083,Limestone County,118942,138816.3422,740819.2473
Alabama,AL,1085,Lowndes County,9485,13157.15217,53155.62087
Alabama,AL,1087,Macon County,18159,47817.67849,1183234.38
Alabama,AL,1089,Madison County,423355,568733.1432,3683208.661
Alabama,AL,1091,Marengo County,18512,36309.83475,110686.7518
Alabama,AL,1093,Marion County,29323,64140.78424,202217.5795
Alabama,AL,1095,Marshall County,102156,181773.4061,681515.7375
Alabama,AL,1097,Mobile County,412339,279912.6142,3825448.851
Alabama,AL,1099,Monroe County,19057,12665.23496,56491.89064
Alabama,AL,1101,Montgomery County,225894,699115.8191,1900469.878
Alabama,AL,1103,Morgan County,126084,168163.711,770734.6544
Alabama,AL,1105,Perry County,7719,14197.01414,45546.03777
Alabama,AL,1107,Pickens County,18508,47259.82013,214504.5533
Alabama,AL,1109,Pike County,33124,33780.77063,95387.22154
Alabama,AL,1111,Randolph County,23067,30795.22626,128549.2824
Alabama,AL,1113,Russell County,58837,57728.27776,294606.8777
Alabama,AL,1115,St. Clair County,96927,1820146.273,5216608.532
Alabama,AL,1117,Shelby County,235969,5202770.522,14993043.07
Alabama,AL,1119,Sumter County,11607,7892.240024,39405.08994
Alabama,AL,1121,Talladega County,81375,509857.341,1538953.172
Alabama,AL,1123,Tallapoosa County,40699,148251.6396,579890.2197
Alabama,AL,1125,Tuscaloosa County,241212,900939.9703,4925304.338
Alabama,AL,1127,Walker County,65260,803096.2344,2311965.609
Alabama,AL,1129,Washington County,15018,9634.84528,43870.65768
Alabama,AL,1131,Wilcox County,9865,12842.02402,44459.3801
Alabama,AL,1133,Winston County,23869,89226.14428,279738.9292
Alaska,AK,2013,Aleutians East Borough,3632,904.2451923,925.8427197
Alaska,AK,2016,Aleutians West Census Area,5424,1189.563905,2621.638292
Alaska,AK,2020,Anchorage Municipality,289600,111464.8643,560698.7286
Alaska,AK,2050,Bethel Census Area,18237,65.52737495,1408.064125
Alaska,AK,2060,Bristol Bay Borough,884,2.849016302,17.74456422
Alaska,AK,2063,Chugach Census Area,6604,4351.202924,17812.12961
Alaska,AK,2066,Copper River Census Area,2631,34.18819562,508.4294624
Alaska,AK,2068,Denali Borough,1621,2094.404497,8134.666969
Alaska,AK,2070,Dillingham Census Area,4642,39.88622823,351.1098996
Alaska,AK,2090,Fairbanks North Star Borough,94951,1025039.688,3963293.275
Alaska,AK,2100,Haines Borough,2104,0,833.714733
Alaska,AK,2105,Hoonah-Angoon Census Area,2312,214.9134942,9172.427427
Alaska,AK,2110,Juneau City and Borough,31572,1306.213886,20818.7367
Alaska,AK,2122,Kenai Peninsula Borough,61259,20879.98937,108943.3291
Alaska,AK,2130,Ketchikan Gateway Borough,13677,154.037157,9228.927811
Alaska,AK,2150,Kodiak Island Borough,12654,97.62257457,3576.457631
Alaska,AK,2158,Kusilvak Census Area,7946,51.28229344,329.2936989
Alaska,AK,2164,Lake and Peninsula Borough,1315,48.43327713,498.3100722
Alaska,AK,2170,Matanuska-Susitna Borough,117613,44452.91665,205541.255
Alaska,AK,2180,Nome Census Area,9836,0,681.3106021
Alaska,AK,2185,North Slope Borough,10663,1331.096453,5905.243378
Alaska,AK,2188,Northwest Arctic Borough,7134,0,295.4946919
Alaska,AK,2195,Petersburg Borough,3436,0,1182.45341
Alaska,AK,2198,Prince of Wales-Hyder Census Area,5746,2.849016302,3321.416617
Alaska,AK,2220,Sitka City and Borough,8355,0,192875.0748
Alaska,AK,2230,Skagway Municipality,1119,29.24618332,498.3821758
Alaska,AK,2240,Southeast Fairbanks Census Area,7313,9477.564357,36681.87977
Alaska,AK,2275,Wrangell City and Borough,2064,11.39606521,1210.314857
Alaska,AK,2282,Yakutat City and Borough,690,11.39606521,595.3848715
Alaska,AK,2290,Yukon-Koyukuk Census Area,5099,9472.585028,36823.2791
Arizona,AZ,4001,Apache County,64800,462.1114711,74096.96841
Arizona,AZ,4003,Cochise County,125773,26177.03117,1197687.17
Arizona,AZ,4005,Coconino County,145161,15794.90226,3505304.281
Arizona,AZ,4007,Gila County,54073,7047.735687,314138.4271
Arizona,AZ,4009,Graham County,40242,9356.495768,371744.7596
Arizona,AZ,4011,Greenlee County,9410,864.8127328,46363.92812
Arizona,AZ,4012,La Paz County,16992,1725.425083,81592.49128
Arizona,AZ,4013,Maricopa County,4673096,3220061.72,71156140.46
Arizona,AZ,4015,Mohave County,226479,12034.56759,653548.4378
Arizona,AZ,4017,Navajo County,109516,3728.739474,355694.456
Arizona,AZ,4019,Pima County,1080149,1751715.978,71369378.28
Arizona,AZ,4021,Pinal County,513862,89396.91254,4608007.673
Arizona,AZ,4023,Santa Cruz County,50508,16055.4372,706238.9287
Arizona,AZ,4025,Yavapai County,252013,20080.61769,1219692.694
Arizona,AZ,4027,Yuma County,220310,15111.93836,687258.1974
Arkansas,AR,5001,Arkansas County,16050,11038.02961,51878.84524
Arkansas,AR,5003,Ashley County,17984,13977.5206,58626.79839
Arkansas,AR,5005,Baxter County,43007,16708.62543,82386.45459
Arkansas,AR,5007,Benton County,321566,167651.0616,1138072.016
Arkansas,AR,5009,Boone County,38636,15659.74518,76514.92996
Arkansas,AR,5011,Bradley County,9935,11012.46143,50795.04291
Arkansas,AR,5013,Calhoun County,4690,501.7286188,6524.747991
Arkansas,AR,5015,Carroll County,28968,10062.22889,53848.02746
Arkansas,AR,5017,Chicot County,9272,5344.939742,23837.51077
Arkansas,AR,5019,Clark County,20920,30430.59868,102382.5133
Arkansas,AR,5021,Clay County,14112,3567.791856,38020.50005
Arkansas,AR,5023,Cleburne County,25646,13268.47212,57600.00669
Arkansas,AR,5025,Cleveland County,7367,5059.877228,25668.48952
Arkansas,AR,5027,Columbia County,22024,16636.93546,47334.59606
Arkansas,AR,5029,Conway County,21422,17058.77304,73988.30639
Arkansas,AR,5031,Craighead County,115852,50365.84836,458786.8169
Arkansas,AR,5033,Crawford County,62258,20370.96801,96718.04748
Arkansas,AR,5035,Crittenden County,46633,36381.95399,1667550.806
Arkansas,AR,5037,Cross County,16194,9734.831231,80629.39468
Arkansas,AR,5039,Dallas County,6076,2508.643094,11693.20266
Arkansas,AR,5041,Desha County,10321,11447.42239,44395.52272
Arkansas,AR,5043,Drew County,16935,14015.95644,58088.98662
Arkansas,AR,5045,Faulkner County,131611,664046.8733,2746568.572
Arkansas,AR,5047,Franklin County,17586,2516.007503,12313.31361
Arkansas,AR,5049,Fulton County,12546,6294.561368,26422.90509
Arkansas,AR,5051,Garland County,99902,161836.9304,628060.619
Arkansas,AR,5053,Grant County,18546,101852.1689,435258.3762
Arkansas,AR,5055,Greene County,46928,20181.4754,142215.8943
Arkansas,AR,5057,Hempstead County,19105,8677.775786,34312.0359
Arkansas,AR,5059,Hot Spring County,33313,64934.38218,241773.9512
Arkansas,AR,5061,Howard County,12387,1786.368208,11372.45414
Arkansas,AR,5063,Independence County,38345,34328.47209,129582.8445
Arkansas,AR,5065,Izard County,14291,12098.06158,39887.09847
Arkansas,AR,5067,Jackson County,16673,16055.3158,62660.46542
Arkansas,AR,5069,Jefferson County,63672,208736.0859,805282.4786
Arkansas,AR,5071,Johnson County,26172,34648.37565,119741.946
Arkansas,AR,5073,Lafayette County,6015,1581.610726,8762.038927
Arkansas,AR,5075,Lawrence County,16305,5566.040336,58785.42009
Arkansas,AR,5077,Lee County,8104,4515.557569,21251.93333
Arkansas,AR,5079,Lincoln County,12868,6468.536939,38438.25957
Arkansas,AR,5081,Little River County,11626,3010.371713,57377.58408
Arkansas,AR,5083,Logan County,21457,7449.210997,32735.04846
Arkansas,AR,5085,Lonoke County,76389,507684.6369,2080900.108
Arkansas,AR,5087,Madison County,17865,9643.974834,41634.49561
Arkansas,AR,5089,Marion County,17593,5214.847721,25932.0057
Arkansas,AR,5091,Miller County,41958,13701.00118,62603.60454
Arkansas,AR,5093,Mississippi County,38095,7928.662792,144375.6368
Arkansas,AR,5095,Monroe County,6415,6030.076135,34293.54477
Arkansas,AR,5097,Montgomery County,8510,4314.474329,24266.19948
Arkansas,AR,5099,Nevada County,8004,4451.165198,17011.32805
Arkansas,AR,5101,Newton County,7026,1551.093123,9622.474882
Arkansas,AR,5103,Ouachita County,21684,17754.81631,88664.51403
Arkansas,AR,5105,Perry County,10251,13586.09162,58838.09152
Arkansas,AR,5107,Phillips County,14661,5393.85956,62103.19148
Arkansas,AR,5109,Pike County,10027,2280.732418,10205.54581
Arkansas,AR,5111,Poinsett County,22300,9452.458067,148153.9644
Arkansas,AR,5113,Polk County,19434,10114.46342,19797.12945
Arkansas,AR,5115,Pope County,64829,56528.2578,268996.6325
Arkansas,AR,5117,Prairie County,7935,17280.19536,79323.97289
Arkansas,AR,5119,Pulaski County,401209,6265184.356,23950866.16
Arkansas,AR,5121,Randolph County,19040,7312.248771,76561.09676
Arkansas,AR,5123,St. Francis County,21822,10572.62004,146692.7118
Arkansas,AR,5125,Saline County,131252,1314515.2,5237332.255
Arkansas,AR,5127,Scott County,9837,2572.582237,8159.058893
Arkansas,AR,5129,Searcy County,7836,2006.914475,7982.542936
Arkansas,AR,5131,Sebastian County,130035,53491.74976,255069.635
Arkansas,AR,5133,Sevier County,15735,5792.832749,21219.4513
Arkansas,AR,5135,Sharp County,18130,10037.41673,50957.29968
Arkansas,AR,5137,Stone County,12785,5328.599034,21753.49583
Arkansas,AR,5139,Union County,37008,17464.25906,82485.76254
Arkansas,AR,5141,Van Buren County,16152,10058.99324,44593.28818
Arkansas,AR,5143,Washington County,266184,584192.5893,4903844.275
Arkansas,AR,5145,White County,79091,190001.111,785320.567
Arkansas,AR,5147,Woodruff County,5808,4007.340597,20437.71164
Arkansas,AR,5149,Yell County,20134,17895.53938,85203.5772
California,CA,6001,Alameda County,1649060,3144491.8,166954959.9
California,CA,6003,Alpine County,1099,0,33787.56342
California,CA,6005,Amador County,42026,14650.54608,1260615.019
California,CA,6007,Butte County,208334,20246.6997,2221711.796
California,CA,6009,Calaveras County,46505,20946.65164,1499788.499
California,CA,6011,Colusa County,22074,2432.300348,516524.8095
California,CA,6013,Contra Costa County,1172607,1134393.455,81634832.44
California,CA,6015,Del Norte County,27009,928.0095674,263189.1279
California,CA,6017,El Dorado County,192823,49344.39913,3908825.046
California,CA,6019,Fresno County,1024125,113712.5217,7904095.557
California,CA,6021,Glenn County,28304,1971.038079,318528.2611
California,CA,6023,Humboldt County,132380,5376.340866,645497.9013
California,CA,6025,Imperial County,181724,184950.1808,2708502.167
California,CA,6027,Inyo County,18485,381.7813658,221231.1173
California,CA,6029,Kern County,922529,155006.3976,4530211.642
California,CA,6031,Kings County,154913,9436.149202,779474.3295
California,CA,6033,Lake County,67764,6695.966581,741908.9181
California,CA,6035,Lassen County,28340,1984.765576,180922.4472
California,CA,6037,Los Angeles County,9757179,34874310.97,534706146.6
California,CA,6039,Madera County,165432,19026.07663,1621923.061
California,CA,6041,Marin County,256400,251232.0912,25433135.33
California,CA,6043,Mariposa County,17048,3926.282784,560735.8252
California,CA,6045,Mendocino County,89175,5979.081982,1066467.653
California,CA,6047,Merced County,296774,57244.64938,4416613.62
California,CA,6049,Modoc County,8491,26.48286147,160805.5059
California,CA,6051,Mono County,12991,362.7374616,147012.4792
California,CA,6053,Monterey County,436251,180122.0005,7774789.783
California,CA,6055,Napa County,132727,52291.00561,5738468.359
California,CA,6057,Nevada County,102195,20637.00046,1496352.104
California,CA,6059,Orange County,3170435,2165796.315,147891008.6
California,CA,6061,Placer County,433822,108902.0301,9432748.671
California,CA,6063,Plumas County,18834,2321.114327,376933.5132
California,CA,6065,Riverside County,2529933,1191806.041,66097743.44
California,CA,6067,Sacramento County,1611231,396108.6457,54521775.28
California,CA,6069,San Benito County,69159,24726.09715,1222145.337
California,CA,6071,San Bernardino County,2214281,1471046.681,50188202.29
California,CA,6073,San Diego County,3298799,8971085.898,493868258.3
California,CA,6075,San Francisco County,827526,2556455.098,178895980.5
California,CA,6077,San Joaquin County,816108,1206305.035,17337564.06
California,CA,6079,San Luis Obispo County,281843,64429.17814,5730889.732
California,CA,6081,San Mateo County,742893,5492207.572,144572823.5
California,CA,6083,Santa Barbara County,444500,108290.1859,16335182.09
California,CA,6085,Santa Clara County,1926325,9079474.941,188533517.2
California,CA,6087,Santa Cruz County,262406,287576.5428,16499992
California,CA,6089,Shasta County,181121,7132.913174,641721.4243
California,CA,6091,Sierra County,3113,1140.820587,158356.6323
California,CA,6093,Siskiyou County,42498,1369.458003,307339.3825
California,CA,6095,Solano County,455101,292679.4715,27083428.26
California,CA,6097,Sonoma County,485375,188262.9699,19806312.66
California,CA,6099,Stanislaus County,556972,169844.313,6988604.152
California,CA,6101,Sutter County,98545,35839.67925,2121392.049
California,CA,6103,Tehama County,64451,7364.001574,780923.0123
California,CA,6105,Trinity County,15642,1001.280759,20560.86192
California,CA,6107,Tulare County,483546,51387.66405,1820830.715
California,CA,6109,Tuolumne County,53893,18483.95533,1278263.679
California,CA,6111,Ventura County,835427,745544.7523,15868502.26
California,CA,6113,Yolo County,225251,220691.4037,54685989.83
California,CA,6115,Yuba County,87469,11421.85399,1997182.761
Colorado,CO,8001,Adams County,542973,45237.957,23560774.78
Colorado,CO,8003,Alamosa County,16689,1077.450597,38644.94635
Colorado,CO,8005,Arapahoe County,666918,169142.5183,46624584.77
Colorado,CO,8007,Archuleta County,14112,240.0285924,31625.16489
Colorado,CO,8009,Baca County,3367,0,5551.25413
Colorado,CO,8011,Bent County,5779,76.9607569,16969.41305
Colorado,CO,8013,Boulder County,330262,24983.99264,24990899.45
Colorado,CO,8014,Broomfield County,78323,6967.506602,4321784.06
Colorado,CO,8015,Chaffee County,20780,775.6161595,173348.1057
Colorado,CO,8017,Cheyenne County,1712,0,2692.1049
Colorado,CO,8019,Clear Creek County,9076,1543.247641,168336.4834
Colorado,CO,8021,Conejos County,7549,297.2695396,23390.18177
Colorado,CO,8023,Costilla County,3686,0,3505.932227
Colorado,CO,8025,Crowley County,5600,2.849016302,8479.62128
Colorado,CO,8027,Custer County,5553,741.9435988,40702.69852
Colorado,CO,8029,Delta County,32215,973.1254474,62386.67233
Colorado,CO,8031,Denver County,729019,297505.3281,58143945.93
Colorado,CO,8033,Dolores County,2467,76.9607569,3937.520643
Colorado,CO,8035,Douglas County,393995,69132.43252,15924709.02
Colorado,CO,8037,Eagle County,54330,726.4661562,545072.8752
Colorado,CO,8039,Elbert County,29382,2325.368622,1141030.472
Colorado,CO,8041,El Paso County,752772,19062.76143,12404384.62
Colorado,CO,8043,Fremont County,50093,1230.199113,484889.2102
Colorado,CO,8045,Garfield County,63167,3309.772589,453713.6274
Colorado,CO,8047,Gilpin County,5963,413.0761993,227868.1109
Colorado,CO,8049,Grand County,16154,615.6860552,150140.3463
Colorado,CO,8051,Gunnison County,17310,649.5053993,67694.95659
Colorado,CO,8053,Hinsdale County,747,0,560.7396782
Colorado,CO,8055,Huerfano County,6988,0,11591.08629
Colorado,CO,8057,Jackson County,1273,0,5835.08099
Colorado,CO,8059,Jefferson County,578533,93424.97906,21674487.27
Colorado,CO,8061,Kiowa County,1392,0,6182.865753
Colorado,CO,8063,Kit Carson County,7080,0,29220.49747
Colorado,CO,8065,Lake County,7369,153.9215138,59044.16335
Colorado,CO,8067,La Plata County,56823,1051.328685,158577.1234
Colorado,CO,8069,Larimer County,374574,19470.74416,18008017.06
Colorado,CO,8071,Las Animas County,14518,677.5001632,42870.18319
Colorado,CO,8073,Lincoln County,5598,291.8742511,15809.24765
Colorado,CO,8075,Logan County,20755,708.7020256,176984.0295
Colorado,CO,8077,Mesa County,161260,3162.783726,303764.1888
Colorado,CO,8079,Mineral County,933,0,159.773526
Colorado,CO,8081,Moffat County,13142,51.76782736,92112.40525
Colorado,CO,8083,Montezuma County,26841,1056.748572,67919.0082
Colorado,CO,8085,Montrose County,44806,1173.828869,52488.0774
Colorado,CO,8087,Morgan County,30300,5398.4114,591328.3642
Colorado,CO,8089,Otero County,17991,701.7931338,36852.84638
Colorado,CO,8091,Ouray County,5197,307.8430276,12691.28519
Colorado,CO,8093,Park County,18316,928.1022436,152525.2247
Colorado,CO,8095,Phillips County,4488,599.7172786,33399.54347
Colorado,CO,8097,Pitkin County,16643,235.4554315,44500.33603
Colorado,CO,8099,Prowers County,11957,76.9607569,28501.79771
Colorado,CO,8101,Pueblo County,169866,5594.103328,1144158.208
Colorado,CO,8103,Rio Blanco County,6607,81.53391775,87023.68096
Colorado,CO,8105,Rio Grande County,11132,316.9893493,35690.007
Colorado,CO,8107,Routt County,25243,3968.442683,430878.5239
Colorado,CO,8109,Saguache County,6670,76.9607569,11005.12862
Colorado,CO,8111,San Juan County,821,0,162.8812335
Colorado,CO,8113,San Miguel County,7819,153.9215138,4267.72813
Colorado,CO,8115,Sedgwick County,2257,2.849016302,7580.01521
Colorado,CO,8117,Summit County,30882,1774.670569,238870.9268
Colorado,CO,8119,Teller County,24862,1101.306438,188733.5969
Colorado,CO,8121,Washington County,4771,0,25772.96148
Colorado,CO,8123,Weld County,369745,15493.95057,12182627.77
Colorado,CO,8125,Yuma County,10048,81.53391775,36691.38558
Connecticut,CT,9110,Capitol Planning Region,991508,4510236.622,55947839.06
Connecticut,CT,9120,Greater Bridgeport Planning Region,335666,1890023.505,26919767.4
Connecticut,CT,9130,Lower Connecticut River Valley Planning Region,177540,1544240.519,21213264.71
Connecticut,CT,9140,Naugatuck Valley Planning Region,462220,2777620.637,39416768.46
Connecticut,CT,9150,Northeastern Connecticut Planning Region,97701,484262.2642,4840420.907
Connecticut,CT,9160,Northwest Hills Planning Region,114101,281746.905,4643257.933
Connecticut,CT,9170,South Central Connecticut Planning Region,576718,14483490.46,187365718.2
Connecticut,CT,9180,Southeastern Connecticut Planning Region,282602,1334539.549,13946389.38
Connecticut,CT,9190,Western Connecticut Planning Region,637013,1921164.29,28350890.54
Delaware,DE,10001,Kent County,192690,101416.8213,4356069.587
Delaware,DE,10003,New Castle County,588093,903656.535,27949781.58
Delaware,DE,10005,Sussex County,271134,104032.0982,2317618.805
District of Columbia,DC,11001,District of Columbia,702250,524922.4114,9451683.998
Florida,FL,12001,Alachua County,291782,11729263.13,104250232.2
Florida,FL,12003,Baker County,29325,30622.14417,301369.7288
Florida,FL,12005,Bay County,199718,78572.49984,992283.343
Florida,FL,12007,Bradford County,28075,408269.1779,3624704.416
Florida,FL,12009,Brevard County,658447,218393.6712,2594953.632
Florida,FL,12011,Broward County,2037472,1763899.044,20666013.18
Florida,FL,12013,Calhoun County,13278,22650.79217,226245.5854
Florida,FL,12015,Charlotte County,212122,48619.00306,576039.4703
Florida,FL,12017,Citrus County,170174,87491.50096,1101390.408
Florida,FL,12019,Clay County,236760,373708.9446,4728155.763
Florida,FL,12021,Collier County,416233,105116.4067,1267080.487
Florida,FL,12023,Columbia County,73977,652209.9877,5897279.954
Florida,FL,12027,DeSoto County,36744,7313.046885,103814.4414
Florida,FL,12029,Dixie County,17614,125298.6378,1104719.903
Florida,FL,12031,Duval County,1055159,359645.366,20991345.43
Florida,FL,12033,Escambia County,331275,132352.7758,1663181.14
Florida,FL,12035,Flagler County,136744,225222.6345,2210020.466
Florida,FL,12037,Franklin County,12979,6513.464634,105065.7975
Florida,FL,12039,Gadsden County,44151,94553.44795,1685757.239
Florida,FL,12041,Gilchrist County,20233,363798.3336,3229276.873
Florida,FL,12043,Glades County,13132,6767.833034,63843.66021
Florida,FL,12045,Gulf County,15876,11817.81721,180882.2151
Florida,FL,12047,Hamilton County,14334,23319.24392,223930.2055
Florida,FL,12049,Hardee County,26068,11310.56208,135279.2492
Florida,FL,12051,Hendry County,46130,20687.08726,225625.7983
Florida,FL,12053,Hernando County,218150,58194.38497,1725501.008
Florida,FL,12055,Highlands County,109778,37045.38602,419289.0818
Florida,FL,12057,Hillsborough County,1581426,1067231.582,57386042.2
Florida,FL,12059,Holmes County,19876,5380.561397,44360.66258
Florida,FL,12061,Indian River County,172139,43319.99362,678340.217
Florida,FL,12063,Jackson County,49980,15410.35137,165016.5015
Florida,FL,12065,Jefferson County,15921,28311.31504,540723.2035
Florida,FL,12067,Lafayette County,8640,35492.02072,317362.6717
Florida,FL,12069,Lake County,444204,130571.6529,1468792.691
Florida,FL,12071,Lee County,860959,142879.2047,2485298.807
Florida,FL,12073,Leon County,300488,1181520.938,22365059.93
Florida,FL,12075,Levy County,47765,810921.3039,7190423.167
Florida,FL,12077,Liberty County,7955,12967.04074,222275.2513
Florida,FL,12079,Madison County,18364,19305.74617,345690.8484
Florida,FL,12081,Manatee County,458352,82681.70273,2745750.336
Florida,FL,12083,Marion County,428905,1070138.161,9329860.124
Florida,FL,12085,Martin County,165666,48483.01793,1455654.351
Florida,FL,12086,Miami-Dade County,2838461,10143131.77,94674154.11
Florida,FL,12087,Monroe County,80908,78093.21833,783593.4528
Florida,FL,12089,Nassau County,104376,23071.04248,689636.0907
Florida,FL,12091,Okaloosa County,220483,56999.67478,761591.0881
Florida,FL,12093,Okeechobee County,42369,11534.86898,162993.2679
Florida,FL,12095,Orange County,1533646,1110889.344,8494303.452
Florida,FL,12097,Osceola County,468058,132206.3972,1305605.861
Florida,FL,12099,Palm Beach County,1582055,581721.983,12604035.34
Florida,FL,12101,Pasco County,659114,310932.0781,15745491.21
Florida,FL,12103,Pinellas County,965870,367892.9538,9384335.459
Florida,FL,12105,Polk County,852878,167818.317,3720631.143
Florida,FL,12107,Putnam County,77301,131242.1678,1250263.234
Florida,FL,12109,St. Johns County,334928,152017.8083,5601898.278
Florida,FL,12111,St. Lucie County,390670,73196.13226,1465801.955
Florida,FL,12113,Santa Rosa County,207653,51603.61313,698024.8112
Florida,FL,12115,Sarasota County,476604,94671.42256,2054654.556
Florida,FL,12117,Seminole County,494605,638094.0858,4272122.391
Florida,FL,12119,Sumter County,154693,152807.7402,1157411.341
Florida,FL,12121,Suwannee County,47536,135550.1882,1178115.741
Florida,FL,12123,Taylor County,21843,18110.27631,269489.5596
Florida,FL,12125,Union County,15738,205052.4488,1880474.226
Florida,FL,12127,Volusia County,602772,218221.0098,2465570.402
Florida,FL,12129,Wakulla County,37115,66218.83405,1175099.094
Florida,FL,12131,Walton County,89666,25398.14287,340539.6642
Florida,FL,12133,Washington County,26503,8867.837619,165634.6491
Georgia,GA,13001,Appling County,18669,10516.91698,64985.42666
Georgia,GA,13003,Atkinson County,8435,1970.785439,21362.16324
Georgia,GA,13005,Bacon County,11045,753.7707431,12678.65839
Georgia,GA,13007,Baker County,2732,3414.276971,52245.67838
Georgia,GA,13009,Baldwin County,43644,28725.4888,214073.6802
Georgia,GA,13011,Banks County,20318,108074.7494,496930.9448
Georgia,GA,13013,Barrow County,96294,415353.8685,2285748.286
Georgia,GA,13015,Bartow County,117508,211646.0958,1210409.578
Georgia,GA,13017,Ben Hill County,16945,2356.297367,23228.32587
Georgia,GA,13019,Berrien County,18666,2864.213319,32191.84915
Georgia,GA,13021,Bibb County,157056,338760.3153,1181020.18
Georgia,GA,13023,Bleckley County,12626,4165.126245,28563.76724
Georgia,GA,13025,Brantley County,18795,5630.935343,45603.01504
Georgia,GA,13027,Brooks County,16344,9194.914736,30790.3342
Georgia,GA,13029,Bryan County,51105,29622.64428,202098.7092
Georgia,GA,13031,Bulloch County,85454,131546.3554,682412.5574
Georgia,GA,13033,Burke County,24472,199964.9328,888000.9611
Georgia,GA,13035,Butts County,27127,25268.82017,188638.9817
Georgia,GA,13037,Calhoun County,5441,2965.235288,53038.48528
Georgia,GA,13039,Camden County,59099,47308.87734,273109.9723
Georgia,GA,13043,Candler County,11130,12648.96939,72608.44296
Georgia,GA,13045,Carroll County,129911,319729.9053,1455315.234
Georgia,GA,13047,Catoosa County,68940,17116.86013,128545.2482
Georgia,GA,13049,Charlton County,13021,3465.201202,20204.09887
Georgia,GA,13051,Chatham County,307336,152043.1655,1142112.314
Georgia,GA,13053,Chattahoochee County,8548,2147.43937,20966.59551
Georgia,GA,13055,Chattooga County,25306,42741.66442,122392.7707
Georgia,GA,13057,Cherokee County,293513,552322.2071,3733140.125
Georgia,GA,13059,Clarke County,129995,2856582.004,12100475.07
Georgia,GA,13061,Clay County,2815,42.57418438,2100.304789
Georgia,GA,13063,Clayton County,297703,2432542.212,9777849.705
Georgia,GA,13065,Clinch County,6871,263.9965072,6884.44273
Georgia,GA,13067,Cobb County,787538,4533632.62,23629752.64
Georgia,GA,13069,Coffee County,43851,10060.58843,78159.19346
Georgia,GA,13071,Colquitt County,46977,27812.79716,104806.9127
Georgia,GA,13073,Columbia County,167472,2782088.131,12127683.75
Georgia,GA,13075,Cook County,17984,5123.262226,31969.19845
Georgia,GA,13077,Coweta County,158233,347061.5637,2287566.558
Georgia,GA,13079,Crawford County,12349,16802.28322,75946.89931
Georgia,GA,13081,Crisp County,19468,8320.902623,74631.52334
Georgia,GA,13083,Dade County,16068,2298.28378,20437.31114
Georgia,GA,13085,Dawson County,33748,30841.82545,288929.1395
Georgia,GA,13087,Decatur County,29391,13510.32099,136260.5148
Georgia,GA,13089,DeKalb County,770307,11840894.22,95805230.85
Georgia,GA,13091,Dodge County,19630,4735.31668,34836.85161
Georgia,GA,13093,Dooly County,11186,5099.125453,37431.45279
Georgia,GA,13095,Dougherty County,82418,38401.8248,197627.1106
Georgia,GA,13097,Douglas County,151887,964941.9088,3303375.663
Georgia,GA,13099,Early County,10444,12888.22053,123029.8405
Georgia,GA,13101,Echols County,3698,1238.301788,10872.46626
Georgia,GA,13103,Effingham County,73148,117413.947,555141.4109
Georgia,GA,13105,Elbert County,20152,104657.1193,472527.0442
Georgia,GA,13107,Emanuel County,23224,16927.08582,95788.66878
Georgia,GA,13109,Evans County,10869,6605.048979,53207.26896
Georgia,GA,13111,Fannin County,25854,26856.09077,74480.14245
Georgia,GA,13113,Fayette County,125107,619604.8516,2805919.911
Georgia,GA,13115,Floyd County,101390,73819.81127,314229.3714
Georgia,GA,13117,Forsyth County,280096,518794.8035,3810464.598
Georgia,GA,13119,Franklin County,25208,126209.6894,607579.4575
Georgia,GA,13121,Fulton County,1090354,12129920.22,68283710.61
Georgia,GA,13123,Gilmer County,33327,15978.22166,82456.75919
Georgia,GA,13125,Glascock County,3008,11827.60231,54637.43515
Georgia,GA,13127,Glynn County,86540,52537.9856,345695.8308
Georgia,GA,13129,Gordon County,60765,19794.66324,178478.7507
Georgia,GA,13131,Grady County,26271,15749.06515,139619.0818
Georgia,GA,13133,Greene County,21091,111244.0912,494065.0936
Georgia,GA,13135,Gwinnett County,1003869,4170401.088,33503070.19
Georgia,GA,13137,Habersham County,49665,24968.95741,171820.0656
Georgia,GA,13139,Hall County,221745,216312.8673,1500120.547
Georgia,GA,13141,Hancock County,8683,14808.78337,74276.28322
Georgia,GA,13143,Haralson County,32404,16712.13482,72875.23493
Georgia,GA,13145,Harris County,36929,51594.28656,244518.4564
Georgia,GA,13147,Hart County,28052,117328.8949,601347.5789
Georgia,GA,13149,Heard County,12119,9372.323117,81566.27709
Georgia,GA,13151,Henry County,259315,1889915.338,9594488.161
Georgia,GA,13153,Houston County,174897,272248.5998,1045551.157
Georgia,GA,13155,Irwin County,9155,8943.835303,52349.14348
Georgia,GA,13157,Jackson County,93825,58696.35473,480098.8574
Georgia,GA,13159,Jasper County,17219,7569.701335,69391.15194
Georgia,GA,13161,Jeff Davis County,15119,5940.725642,41963.58842
Georgia,GA,13163,Jefferson County,15019,77231.87769,347029.1096
Georgia,GA,13165,Jenkins County,8836,9390.14844,48462.46499
Georgia,GA,13167,Johnson County,9178,8477.810213,52577.29998
Georgia,GA,13169,Jones County,29047,20986.66716,156632.0441
Georgia,GA,13171,Lamar County,20690,31384.65962,98795.90787
Georgia,GA,13173,Lanier County,10464,7135.958573,11420.37903
Georgia,GA,13175,Laurens County,50287,188576.5191,326495.9218
Georgia,GA,13177,Lee County,34073,19639.66494,114641.3891
Georgia,GA,13179,Liberty County,68607,34931.91762,235995.9459
Georgia,GA,13181,Lincoln County,8049,53420.5429,226304.5812
Georgia,GA,13183,Long County,20439,7792.523363,60378.63318
Georgia,GA,13185,Lowndes County,122082,64015.49671,471071.2939
Georgia,GA,13187,Lumpkin County,36016,18952.49333,99382.83848
Georgia,GA,13189,McDuffie County,21764,162418.6971,755246.4491
Georgia,GA,13191,McIntosh County,11800,3658.52604,40593.22363
Georgia,GA,13193,Macon County,11831,11753.65229,15134.2945
Georgia,GA,13195,Madison County,32771,211476.2047,995335.4781
Georgia,GA,13197,Marion County,7635,2519.177761,29262.58465
Georgia,GA,13199,Meriwether County,21439,19498.49698,79373.50712
Georgia,GA,13201,Miller County,5824,106.435461,7322.300001
Georgia,GA,13205,Mitchell County,20329,7989.013047,96156.45303
Georgia,GA,13207,Monroe County,31437,15186.8405,147467.6321
Georgia,GA,13209,Montgomery County,8566,3546.810461,18661.82075
Georgia,GA,13211,Morgan County,21940,116906.8336,518438.6626
Georgia,GA,13213,Murray County,41316,7043.036065,79847.36776
Georgia,GA,13215,Muscogee County,201830,205760.3535,1056714.303
Georgia,GA,13217,Newton County,124010,569206.7112,4394658.158
Georgia,GA,13219,Oconee County,44751,3207878.822,13086107.17
Georgia,GA,13221,Oglethorpe County,16172,112996.195,486797.6064
Georgia,GA,13223,Paulding County,188549,634890.6353,2423665.646
Georgia,GA,13225,Peach County,29213,28799.3032,175433.349
Georgia,GA,13227,Pickens County,36580,41195.94756,417335.7276
Georgia,GA,13229,Pierce County,20669,5200.752752,27966.87176
Georgia,GA,13231,Pike County,20669,10512.77664,91723.77214
Georgia,GA,13233,Polk County,44610,35711.37259,99798.62884
Georgia,GA,13235,Pulaski County,10180,1518.342197,9244.033241
Georgia,GA,13237,Putnam County,23383,19255.42101,96363.10276
Georgia,GA,13239,Quitman County,2323,21.28709219,579.7075918
Georgia,GA,13241,Rabun County,17711,10755.28333,53937.26631
Georgia,GA,13243,Randolph County,6085,1518.342197,9473.227514
Georgia,GA,13245,Richmond County,206303,4200166.194,18240727.72
Georgia,GA,13247,Rockdale County,97610,971464.4083,4951014.224
Georgia,GA,13249,Schley County,4503,1930.712166,17883.89746
Georgia,GA,13251,Screven County,14325,22873.93384,110527.9502
Georgia,GA,13253,Seminole County,9274,5529.159797,8827.766693
Georgia,GA,13255,Spalding County,70292,135942.6981,776007.4011
Georgia,GA,13257,Stephens County,27498,13138.4847,149938.1009
Georgia,GA,13259,Stewart County,4809,8080.907549,54690.55787
Georgia,GA,13261,Sumter County,28972,20178.73009,110171.4731
Georgia,GA,13263,Talbot County,5755,8187.660495,34316.85642
Georgia,GA,13265,Taliaferro County,1620,2124.042798,6433.412455
Georgia,GA,13267,Tattnall County,24275,8924.517794,72466.10719
Georgia,GA,13269,Taylor County,7783,812.3306962,4617.584068
Georgia,GA,13271,Telfair County,11000,2677.873818,26275.97998
Georgia,GA,13273,Terrell County,8698,6686.902507,105189.4984
Georgia,GA,13275,Thomas County,46054,45102.47687,618799.0468
Georgia,GA,13277,Tift County,41708,12002.38514,57045.56957
Georgia,GA,13279,Toombs County,27488,4914.563135,35939.39188
Georgia,GA,13281,Towns County,13184,2786.269592,30177.32051
Georgia,GA,13283,Treutlen County,6420,2124.042798,7126.762454
Georgia,GA,13285,Troup County,71513,91503.58102,476734.7127
Georgia,GA,13287,Turner County,9023,1609.869651,15155.01829
Georgia,GA,13289,Twiggs County,7728,10358.31849,29513.29272
Georgia,GA,13291,Union County,27601,10727.19273,98588.43016
Georgia,GA,13293,Upson County,28358,25934.34971,142713.9311
Georgia,GA,13295,Walker County,69340,26636.89938,153799.5105
Georgia,GA,13297,Walton County,109792,272573.3532,1844362.717
Georgia,GA,13299,Ware County,36222,7635.078241,43244.37122
Georgia,GA,13301,Warren County,5148,30842.40271,141241.0136
Georgia,GA,13303,Washington County,19834,15333.8936,76770.40529
Georgia,GA,13305,Wayne County,32132,17747.09489,106799.1989
Georgia,GA,13307,Webster County,2315,21.28709219,697.5213417
Georgia,GA,13309,Wheeler County,7076,574.9226047,7925.275469
Georgia,GA,13311,White County,29668,22896.49524,109086.754
Georgia,GA,13313,Whitfield County,105070,47949.06535,287424.2734
Georgia,GA,13315,Wilcox County,8904,5336.697858,7114.581631
Georgia,GA,13317,Wilkes County,9567,27195.60749,117121.6583
Georgia,GA,13319,Wilkinson County,8667,5833.032699,51424.62256
Georgia,GA,13321,Worth County,20262,4785.534348,81730.16702
Hawaii,HI,15001,Hawaii County,209790,1660.899755,635202.3053
Hawaii,HI,15003,Honolulu County,998747,8553.531513,28450774.25
Hawaii,HI,15005,Kalawao County,81,0,125.6222206
Hawaii,HI,15007,Kauai County,73840,141.6238812,1072482.891
Hawaii,HI,15009,Maui County,163688,456.7910012,2826697.12
Idaho,ID,16001,Ada County,535799,12737.30256,4613656.82
Idaho,ID,16003,Adams County,4998,0,4416.227615
Idaho,ID,16005,Bannock County,91010,2649.627926,710657.5089
Idaho,ID,16007,Bear Lake County,6779,251.1205367,11243.00675
Idaho,ID,16009,Benewah County,10529,81.53391775,25399.04839
Idaho,ID,16011,Bingham County,50889,3771.824383,131478.8487
Idaho,ID,16013,Blaine County,25261,0,18934.87398
Idaho,ID,16015,Boise County,8581,0,34592.18527
Idaho,ID,16017,Bonner County,53955,684.7624139,170556.4953
Idaho,ID,16019,Bonneville County,133644,3237.930683,205598.7318
Idaho,ID,16021,Boundary County,14040,81.58525792,2152453.352
Idaho,ID,16023,Butte County,2735,0,1814.804494
Idaho,ID,16025,Camas County,1247,0,320.3282076
Idaho,ID,16027,Canyon County,266892,7767.192828,879070.3552
Idaho,ID,16029,Caribou County,7239,333.4816916,21879.8179
Idaho,ID,16031,Cassia County,25976,81.53391775,29199.03123
Idaho,ID,16033,Clark County,794,7.346020591,1436.785755
Idaho,ID,16035,Clearwater County,9151,81.53391775,43261.6264
Idaho,ID,16037,Custer County,4597,170.4138561,8010.215515
Idaho,ID,16039,Elmore County,29729,205.3515857,64593.34108
Idaho,ID,16041,Franklin County,15638,570.7374243,36245.77037
Idaho,ID,16043,Fremont County,14399,199.7979385,24128.30477
Idaho,ID,16045,Gem County,21857,14.69204118,51979.35251
Idaho,ID,16047,Gooding County,16189,239.9789757,29855.97678
Idaho,ID,16049,Idaho County,17912,961.9215056,117670.0068
Idaho,ID,16051,Jefferson County,34854,342.6145615,42455.46212
Idaho,ID,16053,Jerome County,26056,322.699847,36725.01636
Idaho,ID,16055,Kootenai County,188323,4614.136833,5050281.543
Idaho,ID,16057,Latah County,42180,482.8170981,6600670.528
Idaho,ID,16059,Lemhi County,8397,185.1058973,20780.2764
Idaho,ID,16061,Lewis County,3728,0,29689.85694
Idaho,ID,16063,Lincoln County,5556,0,11785.00803
Idaho,ID,16065,Madison County,55549,871.4856204,81133.19951
Idaho,ID,16067,Minidoka County,22691,1340.746038,36848.01833
Idaho,ID,16069,Nez Perce County,42847,326.135671,601521.73
Idaho,ID,16071,Oneida County,4976,29.24618332,3882.237813
Idaho,ID,16073,Owyhee County,12748,1307.197689,33801.53717
Idaho,ID,16075,Payette County,27662,35.37603657,52386.67649
Idaho,ID,16077,Power County,8381,524.5795431,58458.81466
Idaho,ID,16079,Shoshone County,14074,192.3140188,53324.81643
Idaho,ID,16081,Teton County,12932,177.7598767,15147.81533
Idaho,ID,16083,Twin Falls County,96509,812.8661142,135670.9034
Idaho,ID,16085,Valley County,12777,157.6178208,19946.979
Idaho,ID,16087,Washington County,11539,88.0527012,26975.50135
Illinois,IL,17001,Adams County,64109,39314.48832,381781.8146
Illinois,IL,17003,Alexander County,4594,1336.348649,22814.1742
Illinois,IL,17005,Bond County,16576,9150.723109,101426.6014
Illinois,IL,17007,Boone County,53313,19483.22186,529996.948
Illinois,IL,17009,Brown County,6307,211.4468867,13793.1625
Illinois,IL,17011,Bureau County,32486,5438.485392,125134.9078
Illinois,IL,17013,Calhoun County,4224,1444.056823,28075.69974
Illinois,IL,17015,Carroll County,15444,7713.224401,71622.31724
Illinois,IL,17017,Cass County,12713,1272.772354,45657.54626
Illinois,IL,17019,Champaign County,212374,138478.0028,26002784.4
Illinois,IL,17021,Christian County,33247,2546.991377,168003.4333
Illinois,IL,17023,Clark County,15076,1612.021979,172537.139
Illinois,IL,17025,Clay County,12821,736.6257853,140309.2579
Illinois,IL,17027,Clinton County,37087,84034.00558,717068.9126
Illinois,IL,17029,Coles County,46423,9649.585134,951442.8769
Illinois,IL,17031,Cook County,5182617,54733320.54,493541369.8
Illinois,IL,17033,Crawford County,18388,2065.542409,205147.2426
Illinois,IL,17035,Cumberland County,10305,1055.235532,145524.5891
Illinois,IL,17037,DeKalb County,101335,30252.59,674830.2395
Illinois,IL,17039,De Witt County,15319,6813.210709,510384.0594
Illinois,IL,17041,Douglas County,19824,8598.927494,1228516.988
Illinois,IL,17043,DuPage County,937142,2337748.29,24669918.56
Illinois,IL,17045,Edgar County,16398,551.3638047,141097.2561
Illinois,IL,17047,Edwards County,5984,41.68847471,539.2353345
Illinois,IL,17049,Effingham County,34602,3501.175112,132856.1889
Illinois,IL,17051,Fayette County,21157,2030.186473,70912.87433
Illinois,IL,17053,Ford County,13451,8096.6931,798750.9806
Illinois,IL,17055,Franklin County,37033,14305.7882,92223.28546
Illinois,IL,17057,Fulton County,32510,6117.506867,131683.8396
Illinois,IL,17059,Gallatin County,4690,221.4223228,6198.990398
Illinois,IL,17061,Greene County,11417,273.0544868,42459.76897
Illinois,IL,17063,Grundy County,53835,79629.34314,828129.1913
Illinois,IL,17065,Hamilton County,7818,985.2072939,15007.8932
Illinois,IL,17067,Hancock County,17008,2821.284336,34463.07988
Illinois,IL,17069,Hardin County,3550,49.32968754,6014.28076
Illinois,IL,17071,Henderson County,6048,3972.305283,46101.1275
Illinois,IL,17073,Henry County,48177,14673.40935,286765.9461
Illinois,IL,17075,Iroquois County,26067,7236.987715,708943.4381
Illinois,IL,17077,Jackson County,53199,3798.24185,118281.1184
Illinois,IL,17079,Jasper County,9092,2406.273126,99280.01197
Illinois,IL,17081,Jefferson County,36107,40336.10947,349141.104
Illinois,IL,17083,Jersey County,21150,10069.126,74701.24482
Illinois,IL,17085,Jo Daviess County,21528,2811.972485,65730.22526
Illinois,IL,17087,Johnson County,13320,1175.635361,13214.03958
Illinois,IL,17089,Kane County,520997,507826.5167,6342157.257
Illinois,IL,17091,Kankakee County,106410,73623.48741,869152.6587
Illinois,IL,17093,Kendall County,143171,209456.5688,2651805.692
Illinois,IL,17095,Knox County,48716,6818.468275,215939.2485
Illinois,IL,17097,Lake County,718604,2369482.499,22083363.16
Illinois,IL,17099,LaSalle County,108390,14751.37359,427132.1215
Illinois,IL,17101,Lawrence County,14801,2555.223624,112128.7352
Illinois,IL,17103,Lee County,33544,7987.312602,137975.2985
Illinois,IL,17105,Livingston County,35375,5504.136073,407262.2123
Illinois,IL,17107,Logan County,27518,9170.041577,175598.5323
Illinois,IL,17109,McDonough County,26662,5720.311797,77983.41822
Illinois,IL,17111,McHenry County,315959,379352.4272,4230334.348
Illinois,IL,17113,McLean County,172069,48393.98279,4373860.3
Illinois,IL,17115,Macon County,100737,35285.01848,1099892.9
Illinois,IL,17117,Macoupin County,43895,82297.44397,695028.6495
Illinois,IL,17119,Madison County,263017,952957.9718,6470845.619
Illinois,IL,17121,Marion County,36437,110447.2947,923625.3431
Illinois,IL,17123,Marshall County,11552,1053.170746,37636.4057
Illinois,IL,17125,Mason County,12543,3439.016823,62442.8358
Illinois,IL,17127,Massac County,13627,1661.942582,20362.86781
Illinois,IL,17129,Menard County,11963,1113.482183,77359.80606
Illinois,IL,17131,Mercer County,15292,2757.327208,52483.02568
Illinois,IL,17133,Monroe County,34969,161516.4133,1365479.98
Illinois,IL,17135,Montgomery County,27615,4942.429715,103504.997
Illinois,IL,17137,Morgan County,32618,5901.530576,250667.6395
Illinois,IL,17139,Moultrie County,14365,3907.909491,165378.1352
Illinois,IL,17141,Ogle County,51345,21955.46593,439568.6815
Illinois,IL,17143,Peoria County,179630,36348.94843,1236794.908
Illinois,IL,17145,Perry County,20272,2308.695517,34852.62256
Illinois,IL,17147,Piatt County,16628,9081.639265,1336983.792
Illinois,IL,17149,Pike County,14258,1828.230668,24996.8695
Illinois,IL,17151,Pope County,3703,60.232168,2373.72443
Illinois,IL,17153,Pulaski County,4879,0,2139.184829
Illinois,IL,17155,Putnam County,5633,277.0008829,7561.546131
Illinois,IL,17157,Randolph County,29903,39173.93839,354755.6303
Illinois,IL,17159,Richland County,15362,2015.964464,151931.9642
Illinois,IL,17161,Rock Island County,142731,55316.35662,903768.107
Illinois,IL,17163,St. Clair County,251149,772454.5266,6700776.807
Illinois,IL,17165,Saline County,22826,1799.410966,40456.0694
Illinois,IL,17167,Sangamon County,194345,45178.09656,1606608.334
Illinois,IL,17169,Schuyler County,6750,694.7019916,18294.44678
Illinois,IL,17171,Scott County,4880,276.2801428,26639.09128
Illinois,IL,17173,Shelby County,20542,6330.875225,171139.0011
Illinois,IL,17175,Stark County,5272,666.8432784,14057.28077
Illinois,IL,17177,Stephenson County,43088,8813.692607,283934.4217
Illinois,IL,17179,Tazewell County,129821,39666.08715,826431.7827
Illinois,IL,17181,Union County,16886,1514.636255,37435.36633
Illinois,IL,17183,Vermilion County,71106,29126.39059,3151367.266
Illinois,IL,17185,Wabash County,10979,219.3092425,4110.775559
Illinois,IL,17187,Warren County,16217,6516.864782,70227.34204
Illinois,IL,17189,Washington County,13535,1307.927698,11262.65602
Illinois,IL,17191,Wayne County,15928,396.6666755,143530.2254
Illinois,IL,17193,White County,13395,841.4921201,15787.90316
Illinois,IL,17195,Whiteside County,54657,8624.632915,147773.7543
Illinois,IL,17197,Will County,708583,1646084.975,17485667.69
Illinois,IL,17199,Williamson County,67064,17438.80328,166538.961
Illinois,IL,17201,Winnebago County,283790,62858.98091,1195699.845
Illinois,IL,17203,Woodford County,38290,9610.68169,309382.453
Indiana,IN,18001,Adams County,36584,169166.4316,301121.1375
Indiana,IN,18003,Allen County,399295,309898.4602,2594215.196
Indiana,IN,18005,Bartholomew County,84741,48100.71857,1561935.806
Indiana,IN,18007,Benton County,8853,35287.94496,584974.3207
Indiana,IN,18009,Blackford County,11816,5507.941654,140703.4088
Indiana,IN,18011,Boone County,78773,290383.1745,4328535.585
Indiana,IN,18013,Brown County,15650,10336.96251,296616.2996
Indiana,IN,18015,Carroll County,20747,40464.76396,709948.315
Indiana,IN,18017,Cass County,37559,13675.64592,213389.536
Indiana,IN,18019,Clark County,127479,357675.0868,2268074.155
Indiana,IN,18021,Clay County,26424,7396.528806,178191.2358
Indiana,IN,18023,Clinton County,32895,21257.26735,345622.6969
Indiana,IN,18025,Crawford County,10523,12451.50032,107080.433
Indiana,IN,18027,Daviess County,34097,9064.499462,248331.9489
Indiana,IN,18029,Dearborn County,51435,66621.2324,1774145.996
Indiana,IN,18031,Decatur County,26421,9344.112473,155126.4156
Indiana,IN,18033,DeKalb County,44330,8362.6502,134728.93
Indiana,IN,18035,Delaware County,112951,103780.6284,1869715.878
Indiana,IN,18037,Dubois County,43629,7576.48484,81915.73722
Indiana,IN,18039,Elkhart County,207436,53967.31183,1086761.265
Indiana,IN,18041,Fayette County,23335,13232.75584,297810.7536
Indiana,IN,18043,Floyd County,81931,263456.9927,1692612.295
Indiana,IN,18045,Fountain County,16833,13085.07565,224597.6008
Indiana,IN,18047,Franklin County,23136,21753.13619,570195.0344
Indiana,IN,18049,Fulton County,20004,5528.740181,86390.4551
Indiana,IN,18051,Gibson County,33038,11316.04534,147062.1653
Indiana,IN,18053,Grant County,66458,41774.94032,653592.4294
Indiana,IN,18055,Greene County,31219,31320.22216,778163.5408
Indiana,IN,18057,Hamilton County,379704,1264815.635,19336966.47
Indiana,IN,18059,Hancock County,88810,260138.0883,3891071.054
Indiana,IN,18061,Harrison County,39978,73638.12706,683236.7784
Indiana,IN,18063,Hendricks County,190629,695075.0911,10440354.37
Indiana,IN,18065,Henry County,49081,31357.51384,548274.5625
Indiana,IN,18067,Howard County,84082,61783.73198,920420.2219
Indiana,IN,18069,Huntington County,36944,5901.196258,98285.59405
Indiana,IN,18071,Jackson County,47420,22795.08328,428392.6845
Indiana,IN,18073,Jasper County,33387,17836.95903,258363.3087
Indiana,IN,18075,Jay County,20164,8548.444673,148956.9983
Indiana,IN,18077,Jefferson County,32921,12636.82698,192170.3688
Indiana,IN,18079,Jennings County,27634,10551.80941,212017.1047
Indiana,IN,18081,Johnson County,170614,514459.9547,8040872.586
Indiana,IN,18083,Knox County,35872,10497.74241,321426.5518
Indiana,IN,18085,Kosciusko County,80669,31712.02583,791048.347
Indiana,IN,18087,LaGrange County,41122,7010.50253,172261.9758
Indiana,IN,18089,Lake County,502955,1295973.142,12778914.17
Indiana,IN,18091,LaPorte County,111348,87534.77875,1141890.045
Indiana,IN,18093,Lawrence County,45192,34042.34913,1773771.831
Indiana,IN,18095,Madison County,134222,122143.4453,1944445.043
Indiana,IN,18097,Marion County,981628,4399890.894,64720734.28
Indiana,IN,18099,Marshall County,46464,12075.66105,286947.0792
Indiana,IN,18101,Martin County,9864,1982.272897,132454.8221
Indiana,IN,18103,Miami County,35613,13640.6963,282259.9565
Indiana,IN,18105,Monroe County,140702,299698.484,19089645.26
Indiana,IN,18107,Montgomery County,38633,24938.83448,527341.4056
Indiana,IN,18109,Morgan County,73825,184071.9893,2785635.114
Indiana,IN,18111,Newton County,14131,4065.867458,51824.84649
Indiana,IN,18113,Noble County,47811,11978.86009,226976.7498
Indiana,IN,18115,Ohio County,5996,4279.900579,103678.4592
Indiana,IN,18117,Orange County,19824,12112.35191,151707.8227
Indiana,IN,18119,Owen County,21851,29424.25495,1432958.307
Indiana,IN,18121,Parke County,16508,7194.80539,101984.984
Indiana,IN,18123,Perry County,19320,2704.022439,41222.85298
Indiana,IN,18125,Pike County,12116,5901.524464,53012.90708
Indiana,IN,18127,Porter County,175860,272451.4177,2957378.72
Indiana,IN,18129,Posey County,25067,3764.153915,53802.87388
Indiana,IN,18131,Pulaski County,12421,16762.06966,263396.7115
Indiana,IN,18133,Putnam County,37804,38253.77421,686843.4262
Indiana,IN,18135,Randolph County,24337,17819.67139,288100.6236
Indiana,IN,18137,Ripley County,29214,17166.43744,386102.2712
Indiana,IN,18139,Rush County,16759,6720.978707,155790.2625
Indiana,IN,18141,St. Joseph County,273744,436942.6186,11246331.62
Indiana,IN,18143,Scott County,24751,14028.36805,126107.35
Indiana,IN,18145,Shelby County,45654,68052.04695,1030980.228
Indiana,IN,18147,Spencer County,20192,9393.265571,128756.9026
Indiana,IN,18149,Starke County,23463,16741.07148,283265.5369
Indiana,IN,18151,Steuben County,34862,14124.62783,249669.1076
Indiana,IN,18153,Sullivan County,20768,4304.543923,63690.26546
Indiana,IN,18155,Switzerland County,9988,3565.787412,128580.6617
Indiana,IN,18157,Tippecanoe County,191650,1068193.58,17230147.29
Indiana,IN,18159,Tipton County,15324,12240.77105,187631.2251
Indiana,IN,18161,Union County,6884,3166.150103,179538.7695
Indiana,IN,18163,Vanderburgh County,180387,56990.05699,1000648.053
Indiana,IN,18165,Vermillion County,15516,6098.190084,98151.70854
Indiana,IN,18167,Vigo County,106166,32401.08943,836709.3444
Indiana,IN,18169,Wabash County,30777,14256.14449,267735.7532
Indiana,IN,18171,Warren County,8451,2861.314871,55704.44459
Indiana,IN,18173,Warrick County,66339,26335.83272,465859.0897
Indiana,IN,18175,Washington County,28345,32690.68873,366966.6159
Indiana,IN,18177,Wayne County,66410,52539.57805,858494.184
Indiana,IN,18179,Wells County,28798,15033.66438,229239.7645
Indiana,IN,18181,White County,24833,53620.96018,939207.6523
Indiana,IN,18183,Whitley County,34885,163401.0404,270398.405
Iowa,IA,19001,Adair County,7431,2495.174866,67589.8201
Iowa,IA,19003,Adams County,3606,156.5365469,13186.34141
Iowa,IA,19005,Allamakee County,14184,4645.643061,95201.58844
Iowa,IA,19007,Appanoose County,12106,2618.545797,60832.75326
Iowa,IA,19009,Audubon County,5562,389.0314937,28348.26097
Iowa,IA,19011,Benton County,25799,31633.29258,635274.5729
Iowa,IA,19013,Black Hawk County,132348,24319.84472,580667.0255
Iowa,IA,19015,Boone County,26729,5645.690919,658309.9577
Iowa,IA,19017,Bremer County,25328,6089.30595,158511.6344
Iowa,IA,19019,Buchanan County,20733,5640.38402,148693.5729
Iowa,IA,19021,Buena Vista County,20816,1257.877872,39051.90309
Iowa,IA,19023,Butler County,14156,5498.493926,146558.2997
Iowa,IA,19025,Calhoun County,9711,469.6096406,101015.589
Iowa,IA,19027,Carroll County,20407,1822.564047,39778.24129
Iowa,IA,19029,Cass County,13024,7362.796732,98734.31188
Iowa,IA,19031,Cedar County,18231,129316.4885,2336931.944
Iowa,IA,19033,Cerro Gordo County,42493,5931.645127,149764.3461
Iowa,IA,19035,Cherokee County,11658,437.1924905,11040.37576
Iowa,IA,19037,Chickasaw County,11719,3739.389998,92354.53346
Iowa,IA,19039,Clarke County,9524,2504.58475,47716.72573
Iowa,IA,19041,Clay County,16474,1847.034058,51341.39588
Iowa,IA,19043,Clayton County,16931,6157.570617,153077.4946
Iowa,IA,19045,Clinton County,46015,18724.23345,351940.1811
Iowa,IA,19047,Crawford County,16378,883.4096237,28908.42546
Iowa,IA,19049,Dallas County,115343,19547.11258,538042.9113
Iowa,IA,19051,Davis County,9193,2034.975109,37061.54081
Iowa,IA,19053,Decatur County,7656,1095.755828,31015.5699
Iowa,IA,19055,Delaware County,17609,6594.181997,103651.8866
Iowa,IA,19057,Des Moines County,38411,17802.59084,346133.8478
Iowa,IA,19059,Dickinson County,18158,1673.375277,50235.78002
Iowa,IA,19061,Dubuque County,99242,27709.79619,521146.0642
Iowa,IA,19063,Emmet County,9162,419.669732,14860.87056
Iowa,IA,19065,Fayette County,19152,6264.500887,170040.3806
Iowa,IA,19067,Floyd County,15008,3847.064705,92450.03455
Iowa,IA,19069,Franklin County,10024,2203.596868,51967.56405
Iowa,IA,19071,Fremont County,6494,857.7649066,24264.40927
Iowa,IA,19073,Greene County,8662,737.1969994,43683.65963
Iowa,IA,19075,Grundy County,12405,2737.711383,74899.33103
Iowa,IA,19077,Guthrie County,10774,590.7001236,11517.79992
Iowa,IA,19079,Hamilton County,14856,633.5105966,96958.15769
Iowa,IA,19081,Hancock County,10616,1628.739019,50052.68963
Iowa,IA,19083,Hardin County,16464,1866.070369,72200.25034
Iowa,IA,19085,Harrison County,14626,15466.98969,250109.4976
Iowa,IA,19087,Henry County,19361,29921.98566,519640.9018
Iowa,IA,19089,Howard County,9360,1742.052479,49215.13665
Iowa,IA,19091,Humboldt County,9617,469.6096406,8754.382104
Iowa,IA,19093,Ida County,6810,4445.916848,64947.47354
Iowa,IA,19095,Iowa County,16423,103514.7619,1877724.922
Iowa,IA,19097,Jackson County,19390,8000.433797,141102.9856
Iowa,IA,19099,Jasper County,38107,6206.20528,185639.8906
Iowa,IA,19101,Jefferson County,15781,2611.181388,50492.13948
Iowa,IA,19103,Johnson County,160080,3094484.964,56217305.91
Iowa,IA,19105,Jones County,21116,19645.99608,378252.2914
Iowa,IA,19107,Keokuk County,9855,2042.339518,47691.06322
Iowa,IA,19109,Kossuth County,14408,2530.32071,83614.85625
Iowa,IA,19111,Lee County,32376,13628.76938,242289.4582
Iowa,IA,19113,Linn County,231762,424297.3691,7703562.94
Iowa,IA,19115,Louisa County,10630,25521.08468,462009.7058
Iowa,IA,19117,Lucas County,8758,1408.828922,35855.59096
Iowa,IA,19119,Lyon County,12378,469.6096406,19666.11059
Iowa,IA,19121,Madison County,17161,3808.902006,147381.9055
Iowa,IA,19123,Mahaska County,22034,7533.200054,190609.531
Iowa,IA,19125,Marion County,34048,5313.657401,170865.6751
Iowa,IA,19127,Marshall County,40392,8296.176257,263833.2707
Iowa,IA,19129,Mills County,14717,18266.82561,280423.6626
Iowa,IA,19131,Mitchell County,10632,1905.305847,56494.73856
Iowa,IA,19133,Monona County,8429,532.7940641,8191.689
Iowa,IA,19135,Monroe County,7373,2465.653607,52279.80217
Iowa,IA,19137,Montgomery County,10063,4707.3898,81321.75079
Iowa,IA,19139,Muscatine County,42132,99238.81373,1766700.923
Iowa,IA,19141,O'Brien County,14260,1252.292375,31046.20283
Iowa,IA,19143,Osceola County,6036,313.0730937,10518.43246
Iowa,IA,19145,Page County,15038,5770.102062,89033.3948
Iowa,IA,19147,Palo Alto County,8809,270.4975943,12061.27283
Iowa,IA,19149,Plymouth County,25825,5225.436355,105350.4687
Iowa,IA,19151,Pocahontas County,7006,156.5365469,3380.783099
Iowa,IA,19153,Polk County,516185,101347.8102,2807322.974
Iowa,IA,19155,Pottawattamie County,93529,108278.0565,1810331.521
Iowa,IA,19157,Poweshiek County,18454,10583.38649,198917.9936
Iowa,IA,19159,Ringgold County,4608,1252.292375,25241.97328
Iowa,IA,19161,Sac County,9533,1188.106335,23457.93402
Iowa,IA,19163,Scott County,175601,88605.26546,1687861.912
Iowa,IA,19165,Shelby County,11821,8991.254004,134553.3947
Iowa,IA,19167,Sioux County,36554,1633.840781,56925.02637
Iowa,IA,19169,Story County,102498,22373.27657,4455593.909
Iowa,IA,19171,Tama County,16738,2974.478787,70905.81934
Iowa,IA,19173,Taylor County,5825,1408.828922,45555.03446
Iowa,IA,19175,Union County,11955,2298.108294,45624.41986
Iowa,IA,19177,Van Buren County,7217,1565.365469,28303.20606
Iowa,IA,19179,Wapello County,35681,9480.091019,191064.3221
Iowa,IA,19181,Warren County,56343,8679.71312,248712.472
Iowa,IA,19183,Washington County,22631,183542.3565,3336115.799
Iowa,IA,19185,Wayne County,6622,626.1461875,21435.10009
Iowa,IA,19187,Webster County,36909,1277.232748,74929.84355
Iowa,IA,19189,Winnebago County,10383,951.5215996,33876.38042
Iowa,IA,19191,Winneshiek County,19723,6266.634951,177443.004
Iowa,IA,19193,Woodbury County,107257,25220.63093,324797.9292
Iowa,IA,19195,Worth County,7307,1868.645985,38269.77728
Iowa,IA,19197,Wright County,12729,156.5365469,24115.24868
Kansas,KS,20001,Allen County,12425,0,3012.230115
Kansas,KS,20003,Anderson County,7908,0,391.6408548
Kansas,KS,20005,Atchison County,16249,1076.4083,29499.93903
Kansas,KS,20007,Barber County,4070,387.3302528,11205.58003
Kansas,KS,20009,Barton County,24835,1161.990758,38074.21844
Kansas,KS,20011,Bourbon County,14424,1403.680126,17272.51303
Kansas,KS,20013,Brown County,9142,4237.917396,53979.63204
Kansas,KS,20015,Butler County,69158,5190.044691,159258.1039
Kansas,KS,20017,Chase County,2507,898.3915809,14746.31304
Kansas,KS,20019,Chautauqua County,3339,0,53.38830364
Kansas,KS,20021,Cherokee County,19133,567.7935924,12619.66922
Kansas,KS,20023,Cheyenne County,2646,387.3302528,8632.450259
Kansas,KS,20025,Clark County,1873,254.7381125,3212.248837
Kansas,KS,20027,Clay County,7969,0,27285.45052
Kansas,KS,20029,Cloud County,8723,387.3302528,11880.49004
Kansas,KS,20031,Coffey County,8301,4152.973399,132583.8045
Kansas,KS,20033,Comanche County,1694,0,350.0326979
Kansas,KS,20035,Cowley County,34186,1112.684864,52717.21905
Kansas,KS,20037,Crawford County,38904,1520.933547,38314.81892
Kansas,KS,20039,Decatur County,2716,0,122.2181513
Kansas,KS,20041,Dickinson County,18621,41.68847471,31214.86904
Kansas,KS,20043,Doniphan County,7575,1481.672614,36700.82007
Kansas,KS,20045,Douglas County,121989,410529.3771,7250707.756
Kansas,KS,20047,Edwards County,2731,0,2706.55979
Kansas,KS,20049,Elk County,2436,0,251.6976459
Kansas,KS,20051,Ellis County,29007,2966.049882,73145.52595
Kansas,KS,20053,Ellsworth County,6316,0,32494.21431
Kansas,KS,20055,Finney County,38354,3485.972275,75404.44179
Kansas,KS,20057,Ford County,34072,1029.398618,41697.74659
Kansas,KS,20059,Franklin County,26273,13700.0909,452140.1285
Kansas,KS,20061,Geary County,35459,4614.319085,309197.9837
Kansas,KS,20063,Gove County,2658,501.7286188,4443.596192
Kansas,KS,20065,Graham County,2370,387.3302528,6036.7854
Kansas,KS,20067,Grant County,7097,387.3302528,16774.99162
Kansas,KS,20069,Gray County,5730,0,5663.520855
Kansas,KS,20071,Greeley County,1152,0,80.20541792
Kansas,KS,20073,Greenwood County,5871,2234.205224,78187.7575
Kansas,KS,20075,Hamilton County,2488,390.1792691,5893.332806
Kansas,KS,20077,Harper County,5413,387.3302528,13999.74482
Kansas,KS,20079,Harvey County,33642,3437.975369,146018.4884
Kansas,KS,20081,Haskell County,3591,0,2727.201771
Kansas,KS,20083,Hodgeman County,1673,0,2681.73302
Kansas,KS,20085,Jackson County,13525,4890.531902,200276.5639
Kansas,KS,20087,Jefferson County,18332,12711.35599,360358.0576
Kansas,KS,20089,Jewell County,2899,0,5370.372166
Kansas,KS,20091,Johnson County,632276,813181.084,28279150.88
Kansas,KS,20093,Kearny County,3808,0,5407.88747
Kansas,KS,20095,Kingman County,6946,774.6605055,14843.99433
Kansas,KS,20097,Kiowa County,2436,0,248.5796323
Kansas,KS,20099,Labette County,19692,387.3302528,10109.82688
Kansas,KS,20101,Lane County,1482,0,5838.093515
Kansas,KS,20103,Leavenworth County,84670,54753.47562,1862558.23
Kansas,KS,20105,Lincoln County,2928,387.3302528,14044.25159
Kansas,KS,20107,Linn County,9841,0,4002.411809
Kansas,KS,20109,Logan County,2694,531.0928232,5996.174035
Kansas,KS,20111,Lyon County,32520,6523.411604,152262.3457
Kansas,KS,20113,McPherson County,30334,1161.990758,57025.09186
Kansas,KS,20115,Marion County,11670,774.6605055,32692.16488
Kansas,KS,20117,Marshall County,9950,1161.990758,56525.13156
Kansas,KS,20119,Meade County,3892,0,2776.361525
Kansas,KS,20121,Miami County,35737,15970.00484,531095.6811
Kansas,KS,20123,Mitchell County,5803,0,757.7917828
Kansas,KS,20125,Montgomery County,30459,3384.085676,140452.9705
Kansas,KS,20127,Morris County,5279,45.72457147,33041.28345
Kansas,KS,20129,Morton County,2485,0,2672.135513
Kansas,KS,20131,Nemaha County,10062,774.6605055,29819.49116
Kansas,KS,20133,Neosho County,15552,511.0613281,13448.57471
Kansas,KS,20135,Ness County,2617,387.3302528,13791.15933
Kansas,KS,20137,Norton County,5335,0,440.9018077
Kansas,KS,20139,Osage County,15737,2757.036341,45496.72957
Kansas,KS,20141,Osborne County,3353,387.3302528,8649.021177
Kansas,KS,20143,Ottawa County,5853,2.849016302,8351.886698
Kansas,KS,20145,Pawnee County,6012,241.3768019,10202.51917
Kansas,KS,20147,Phillips County,4733,0,616.071075
Kansas,KS,20149,Pottawatomie County,26876,1161.990758,463052.968
Kansas,KS,20151,Pratt County,9137,1161.990758,28749.55395
Kansas,KS,20153,Rawlins County,2432,0,2926.733125
Kansas,KS,20155,Reno County,61417,2561.374353,145589.3904
Kansas,KS,20157,Republic County,4613,0,5575.845105
Kansas,KS,20159,Rice County,9284,387.3302528,11532.04761
Kansas,KS,20161,Riley County,72557,4016.977303,2790797.797
Kansas,KS,20163,Rooks County,4748,0,8351.217139
Kansas,KS,20165,Rush County,2810,387.3302528,6230.346539
Kansas,KS,20167,Russell County,6620,151.8587372,3180.930267
Kansas,KS,20169,Saline County,53459,4492.668277,198184.8349
Kansas,KS,20171,Scott County,4914,146.6115867,13831.57951
Kansas,KS,20173,Sedgwick County,536081,64694.16309,1576153.796
Kansas,KS,20175,Seward County,21276,1705.857558,40526.61911
Kansas,KS,20177,Shawnee County,177942,84925.11972,2591770.31
Kansas,KS,20179,Sheridan County,2397,387.3302528,11480.14276
Kansas,KS,20181,Sherman County,5796,1242.847048,60083.09178
Kansas,KS,20183,Smith County,3541,0,3675.410101
Kansas,KS,20185,Stafford County,3901,642.0683652,17239.44066
Kansas,KS,20187,Stanton County,2071,0,35.30395509
Kansas,KS,20189,Stevens County,5035,2168.68676,65506.79047
Kansas,KS,20191,Sumner County,22336,2305.787742,50789.28085
Kansas,KS,20193,Thomas County,7802,387.3302528,6624.849127
Kansas,KS,20195,Trego County,2774,387.3302528,5996.867002
Kansas,KS,20197,Wabaunsee County,7112,511.0613281,31132.26744
Kansas,KS,20199,Wallace County,1472,0,227.3858044
Kansas,KS,20201,Washington County,5572,387.3302528,19756.93728
Kansas,KS,20203,Wichita County,2072,0,35.30395509
Kansas,KS,20205,Wilson County,8398,0,8266.677456
Kansas,KS,20207,Woodson County,3111,1242.847048,59234.13019
Kansas,KS,20209,Wyandotte County,169418,126977.5481,5095932.054
Kentucky,KY,21001,Adair County,19239,15156.61986,106938.1418
Kentucky,KY,21003,Allen County,22037,19431.88672,62785.33968
Kentucky,KY,21005,Anderson County,24883,68011.75098,539017.7989
Kentucky,KY,21007,Ballard County,7626,1987.168546,15805.844
Kentucky,KY,21009,Barren County,45609,46015.84761,215974.6335
Kentucky,KY,21011,Bath County,12951,54212.47046,456368.7082
Kentucky,KY,21013,Bell County,23051,4974.337311,37868.28921
Kentucky,KY,21015,Boone County,144135,236214.0043,4378795.686
Kentucky,KY,21017,Bourbon County,20333,112981.9452,930343.8073
Kentucky,KY,21019,Boyd County,47777,18292.3967,178032.7429
Kentucky,KY,21021,Boyle County,31394,110269.9204,897595.7976
Kentucky,KY,21023,Bracken County,8497,12299.71746,108934.2262
Kentucky,KY,21025,Breathitt County,12804,3782.495255,33844.1302
Kentucky,KY,21027,Breckinridge County,21221,15377.48152,111853.0858
Kentucky,KY,21029,Bullitt County,85802,210905.714,1160618.801
Kentucky,KY,21031,Butler County,12551,16778.8131,95563.6814
Kentucky,KY,21033,Caldwell County,12611,3563.794746,23015.46165
Kentucky,KY,21035,Calloway County,38975,13344.53058,106001.5045
Kentucky,KY,21037,Campbell County,94008,249957.3474,5642776.656
Kentucky,KY,21039,Carlisle County,4777,724.2890518,5726.265557
Kentucky,KY,21041,Carroll County,11111,20621.77856,163557.3582
Kentucky,KY,21043,Carter County,26098,17889.51632,95828.99002
Kentucky,KY,21045,Casey County,15948,9819.754504,79208.06241
Kentucky,KY,21047,Christian County,71006,25500.78554,446556.8794
Kentucky,KY,21049,Clark County,37673,238011.5227,1990187.103
Kentucky,KY,21051,Clay County,19592,19308.80383,161817.6959
Kentucky,KY,21053,Clinton County,9183,991.8844999,4918.782372
Kentucky,KY,21055,Crittenden County,8982,6711.975629,49520.27722
Kentucky,KY,21057,Cumberland County,6047,1448.578104,7287.279793
Kentucky,KY,21059,Daviess County,104457,64670.8587,394385.6949
Kentucky,KY,21061,Edmonson County,12635,17900.75591,39023.23632
Kentucky,KY,21063,Elliott County,7263,724.2890518,5061.684745
Kentucky,KY,21065,Estill County,14002,74504.39797,614490.0278
Kentucky,KY,21067,Fayette County,329437,4310994.071,35877500.38
Kentucky,KY,21069,Fleming County,15591,36187.51452,319703.8352
Kentucky,KY,21071,Floyd County,34532,6703.851376,63490.9581
Kentucky,KY,21073,Franklin County,52442,145934.9284,1202118.488
Kentucky,KY,21075,Fulton County,6282,4995.802077,40389.72966
Kentucky,KY,21077,Gallatin County,8805,4505.390353,119500.7553
Kentucky,KY,21079,Garrard County,18040,85137.1995,710342.3721
Kentucky,KY,21081,Grant County,25722,32260.91377,427868.7024
Kentucky,KY,21083,Graves County,36821,22055.18915,173826.1801
Kentucky,KY,21085,Grayson County,27070,17930.73556,137794.7573
Kentucky,KY,21087,Green County,11552,3304.393897,30553.09597
Kentucky,KY,21089,Greenup County,35273,14872.44983,129526.6958
Kentucky,KY,21091,Hancock County,9013,945.7113745,9729.990262
Kentucky,KY,21093,Hardin County,112826,106085.4991,551952.8724
Kentucky,KY,21095,Harlan County,25052,17867.65818,73567.45364
Kentucky,KY,21097,Harrison County,19525,58659.57973,471147.193
Kentucky,KY,21099,Hart County,19923,16701.63123,107317.979
Kentucky,KY,21101,Henderson County,44175,25974.69117,177985.2866
Kentucky,KY,21103,Henry County,16198,21247.32934,153624.0945
Kentucky,KY,21105,Hickman County,4393,3074.776975,17279.11014
Kentucky,KY,21107,Hopkins County,45218,12256.73832,71121.35555
Kentucky,KY,21109,Jackson County,13358,20190.80926,166255.0778
Kentucky,KY,21111,Jefferson County,793881,5754014.814,30900847.15
Kentucky,KY,21113,Jessamine County,56495,546272.8748,4633903.519
Kentucky,KY,21115,Johnson County,22098,11177.09913,96326.70144
Kentucky,KY,21117,Kenton County,174862,370186.373,7311761.142
Kentucky,KY,21119,Knott County,13438,322.1976126,5339.405281
Kentucky,KY,21121,Knox County,29657,9189.064456,71947.75751
Kentucky,KY,21123,Larue County,15128,20615.64011,149642.5494
Kentucky,KY,21125,Laurel County,63353,43516.33104,351430.596
Kentucky,KY,21127,Lawrence County,15798,7564.990509,69281.45979
Kentucky,KY,21129,Lee County,7313,4506.784306,35411.48781
Kentucky,KY,21131,Leslie County,9729,428.8007085,6997.098776
Kentucky,KY,21133,Letcher County,20139,2172.867155,16173.02789
Kentucky,KY,21135,Lewis County,12875,9517.082977,85941.17162
Kentucky,KY,21137,Lincoln County,24910,37535.97595,307116.6773
Kentucky,KY,21139,Livingston County,8815,12580.7629,106524.1363
Kentucky,KY,21141,Logan County,28467,27508.50134,192442.5124
Kentucky,KY,21143,Lyon County,9078,1433.632015,34693.79604
Kentucky,KY,21145,McCracken County,67550,24563.14694,243748.1328
Kentucky,KY,21147,McCreary County,16824,3462.440029,20446.00658
Kentucky,KY,21149,McLean County,9126,2745.261876,17696.42327
Kentucky,KY,21151,Madison County,99582,466137.3949,3882453.195
Kentucky,KY,21153,Magoffin County,11118,51.76782736,2508.118607
Kentucky,KY,21155,Marion County,19851,15553.69459,118608.6344
Kentucky,KY,21157,Marshall County,31734,20269.7461,146792.5535
Kentucky,KY,21159,Martin County,10696,5955.36241,45917.66963
Kentucky,KY,21161,Mason County,16956,29298.21848,261174.998
Kentucky,KY,21163,Meade County,30442,33698.33844,199137.228
Kentucky,KY,21165,Menifee County,6341,20003.86979,172283.1531
Kentucky,KY,21167,Mercer County,23515,97131.1848,822170.6317
Kentucky,KY,21169,Metcalfe County,10558,6066.18387,41320.21015
Kentucky,KY,21171,Monroe County,11163,6066.18387,41486.81377
Kentucky,KY,21173,Montgomery County,28771,100834.0074,861256.5716
Kentucky,KY,21175,Morgan County,14300,13817.78895,123874.8699
Kentucky,KY,21177,Muhlenberg County,30512,5632.838263,49938.76144
Kentucky,KY,21179,Nelson County,48706,82922.01531,501107.0909
Kentucky,KY,21181,Nicholas County,7816,31515.33105,274189.8112
Kentucky,KY,21183,Ohio County,23933,14489.63289,113845.9197
Kentucky,KY,21185,Oldham County,70525,563598.6274,2522234.255
Kentucky,KY,21187,Owen County,11435,2338.918564,52149.04451
Kentucky,KY,21189,Owsley County,3928,0,423.7592988
Kentucky,KY,21191,Pendleton County,14844,10773.42617,249048.9588
Kentucky,KY,21193,Perry County,26739,2172.867155,16088.52541
Kentucky,KY,21195,Pike County,55430,20693.31625,322542.9533
Kentucky,KY,21197,Powell County,12928,39368.09809,329940.6027
Kentucky,KY,21199,Pulaski County,66842,32906.18428,238124.6937
Kentucky,KY,21201,Robertson County,2382,49.572672,3247.975232
Kentucky,KY,21203,Rockcastle County,16226,22744.5442,192533.0921
Kentucky,KY,21205,Rowan County,24675,45981.22435,407380.7825
Kentucky,KY,21207,Russell County,18458,11836.50353,102388.8179
Kentucky,KY,21209,Scott County,61700,393625.822,3245511.196
Kentucky,KY,21211,Shelby County,50124,115103.1095,636743.5299
Kentucky,KY,21213,Simpson County,20350,17558.30719,135738.8888
Kentucky,KY,21215,Spencer County,20823,46843.53717,294785.9343
Kentucky,KY,21217,Taylor County,26809,6688.14805,56590.88137
Kentucky,KY,21219,Todd County,12757,6821.548384,84490.84895
Kentucky,KY,21221,Trigg County,14559,2763.263082,45556.75149
Kentucky,KY,21223,Trimble County,8591,7721.108633,58652.64552
Kentucky,KY,21225,Union County,13178,8327.725089,78532.48375
Kentucky,KY,21227,Warren County,147936,576675.2608,1248927.756
Kentucky,KY,21229,Washington County,12269,9548.759509,73051.21471
Kentucky,KY,21231,Wayne County,19629,12609.81473,101472.8243
Kentucky,KY,21233,Webster County,12854,3517.62162,28021.90416
Kentucky,KY,21235,Whitley County,37233,14696.80042,116147.0094
Kentucky,KY,21237,Wolfe County,6364,724.2890518,4665.708269
Kentucky,KY,21239,Woodford County,27728,283136.9497,2342603.396
Louisiana,LA,22001,Acadia Parish,56604,26173.18817,231107.1022
Louisiana,LA,22003,Allen Parish,22501,3641.630576,44492.45546
Louisiana,LA,22005,Ascension Parish,133534,186825.8279,1654040.231
Louisiana,LA,22007,Assumption Parish,20050,10935.77695,114884.3666
Louisiana,LA,22009,Avoyelles Parish,38373,13938.65168,49574.39974
Louisiana,LA,22011,Beauregard Parish,36695,17337.28029,87462.08078
Louisiana,LA,22013,Bienville Parish,12412,8000.966811,83934.09702
Louisiana,LA,22015,Bossier Parish,131102,26150.67499,1878657.611
Louisiana,LA,22017,Caddo Parish,224893,40175.18345,4961430.088
Louisiana,LA,22019,Calcasieu Parish,206861,84792.75611,443404.0063
Louisiana,LA,22021,Caldwell Parish,9393,841.7057382,8850.396617
Louisiana,LA,22023,Cameron Parish,4678,2218.743719,24817.72713
Louisiana,LA,22025,Catahoula Parish,8280,833.902044,10268.94771
Louisiana,LA,22027,Claiborne Parish,13537,3247.599778,57290.01168
Louisiana,LA,22029,Concordia Parish,17797,8093.189594,19897.49923
Louisiana,LA,22031,De Soto Parish,27274,3063.020808,319046.8986
Louisiana,LA,22033,East Baton Rouge Parish,453022,1643622.396,12779597.75
Louisiana,LA,22035,East Carroll Parish,6892,772.5874496,11481.51326
Louisiana,LA,22037,East Feliciana Parish,19112,17132.25269,194144.2189
Louisiana,LA,22039,Evangeline Parish,31745,7455.138372,53036.04405
Louisiana,LA,22041,Franklin Parish,19107,11305.58648,41518.24197
Louisiana,LA,22043,Grant Parish,22109,2451.501487,32733.64876
Louisiana,LA,22045,Iberia Parish,67540,36961.48025,149386.9497
Louisiana,LA,22047,Iberville Parish,29766,44436.605,372007.5263
Louisiana,LA,22049,Jackson Parish,14797,9820.164913,52101.70756
Louisiana,LA,22051,Jefferson Parish,427253,3414746.962,14007336.13
Louisiana,LA,22053,Jefferson Davis Parish,31436,13128.42975,53515.67242
Louisiana,LA,22055,Lafayette Parish,254241,92963.15149,770360.0822
Louisiana,LA,22057,Lafourche Parish,95342,108349.2346,465945.6057
Louisiana,LA,22059,LaSalle Parish,14702,2059.638714,22522.74116
Louisiana,LA,22061,Lincoln Parish,48243,9027.752383,128039.9074
Louisiana,LA,22063,Livingston Parish,152886,151753.3059,1623367.909
Louisiana,LA,22065,Madison Parish,9093,886.0111848,18474.38723
Louisiana,LA,22067,Morehouse Parish,23787,3007.184986,46285.65281
Louisiana,LA,22069,Natchitoches Parish,35982,5941.310523,119934.647
Louisiana,LA,22071,Orleans Parish,362701,8559151.844,32380637.33
Louisiana,LA,22073,Ouachita Parish,157874,40084.75008,536438.6539
Louisiana,LA,22075,Plaquemines Parish,22289,62134.96198,263927.0449
Louisiana,LA,22077,Pointe Coupee Parish,19845,17270.28563,165727.3285
Louisiana,LA,22079,Rapides Parish,125899,60135.50405,216933.2963
Louisiana,LA,22081,Red River Parish,7238,638.8421554,29761.31262
Louisiana,LA,22083,Richland Parish,19643,2576.304863,38569.70219
Louisiana,LA,22085,Sabine Parish,21746,6068.467639,73306.21014
Louisiana,LA,22087,St. Bernard Parish,44783,264771.2547,1063705.176
Louisiana,LA,22089,St. Charles Parish,50400,217375.6186,908908.8729
Louisiana,LA,22091,St. Helena Parish,10857,2772.643465,23350.63278
Louisiana,LA,22093,St. James Parish,19110,17110.25915,98619.03177
Louisiana,LA,22095,St. John the Baptist Parish,39694,97395.53182,459545.8053
Louisiana,LA,22097,St. Landry Parish,80869,21567.24669,162206.3945
Louisiana,LA,22099,St. Martin Parish,51218,22026.39974,217555.3156
Louisiana,LA,22101,St. Mary Parish,46799,9265.787622,150680.2582
Louisiana,LA,22103,St. Tammany Parish,277615,1006900.229,4024967.143
Louisiana,LA,22105,Tangipahoa Parish,139823,205990.3409,858801.523
Louisiana,LA,22107,Tensas Parish,3844,259.5058278,1862.208893
Louisiana,LA,22109,Terrebonne Parish,103864,73874.17,328276.2796
Louisiana,LA,22111,Union Parish,20617,4505.359207,50380.13196
Louisiana,LA,22113,Vermilion Parish,57641,12042.80604,101114.0999
Louisiana,LA,22115,Vernon Parish,45819,16721.72748,116487.0237
Louisiana,LA,22117,Washington Parish,45090,161263.5471,637882.2679
Louisiana,LA,22119,Webster Parish,35184,3527.023301,193093.0806
Louisiana,LA,22121,West Baton Rouge Parish,28425,50607.46703,501116.6116
Louisiana,LA,22123,West Carroll Parish,9254,6778.756457,11026.84397
Louisiana,LA,22125,West Feliciana Parish,15155,14712.44604,91846.3362
Louisiana,LA,22127,Winn Parish,13405,905.5536136,12580.8726
Maine,ME,23001,Androscoggin County,115272,35002.24965,1102591.62
Maine,ME,23003,Aroostook County,66776,10855.34393,455843.1258
Maine,ME,23005,Cumberland County,313809,106865.2871,7911144.045
Maine,ME,23007,Franklin County,30902,5176.751891,367684.7207
Maine,ME,23009,Hancock County,56946,544302.2998,37644837.32
Maine,ME,23011,Kennebec County,128461,35646.4867,1223058.645
Maine,ME,23013,Knox County,40981,8923.096867,600902.7346
Maine,ME,23015,Lincoln County,36491,11905.61386,716177.2225
Maine,ME,23017,Oxford County,60039,12403.11329,639979.2713
Maine,ME,23019,Penobscot County,156840,94225.66694,6546097.759
Maine,ME,23021,Piscataquis County,17432,2656.353671,206415.726
Maine,ME,23023,Sagadahoc County,37582,11025.47827,556850.2865
Maine,ME,23025,Somerset County,51338,8604.781978,510501.5138
Maine,ME,23027,Waldo County,40617,14807.0986,899498.9612
Maine,ME,23029,Washington County,31383,24823.97564,1395288.149
Maine,ME,23031,York County,220143,55079.67172,4347854.245
Montana,MT,30001,Beaverhead County,10006,243.5057519,35237.30459
Montana,MT,30003,Big Horn County,12796,284.1221948,8269.343039
Montana,MT,30005,Blaine County,6903,44.12746371,6933.54911
Montana,MT,30007,Broadwater County,8302,390.1725973,38970.26912
Montana,MT,30009,Carbon County,11498,58.76816473,9029.626972
Montana,MT,30011,Carter County,1399,7.346020591,2752.517311
Montana,MT,30013,Cascade County,84523,5369.978481,2561057.292
Montana,MT,30015,Chouteau County,5880,103.6746599,29788.78682
Montana,MT,30017,Custer County,11964,103.2421608,19557.4376
Montana,MT,30019,Daniels County,1625,22.03806177,2951.028462
Montana,MT,30021,Dawson County,8731,125.6100413,11537.60339
Montana,MT,30023,Deer Lodge County,9811,192.6483496,52801.96831
Montana,MT,30025,Fallon County,2946,7.346020591,1221.683116
Montana,MT,30027,Fergus County,11862,353.3516173,21447.85382
Montana,MT,30029,Flathead County,114527,4128.074547,281249.1104
Montana,MT,30031,Gallatin County,126984,31575.80085,3399214.239
Montana,MT,30033,Garfield County,1181,7.346020591,986.8708368
Montana,MT,30035,Glacier County,13503,328.1983184,16290.72752
Montana,MT,30037,Golden Valley County,863,0,0
Montana,MT,30039,Granite County,3602,346.6850561,21483.75899
Montana,MT,30041,Hill County,16065,224.8709378,40405.87831
Montana,MT,30043,Jefferson County,13304,221.0641613,62999.55885
Montana,MT,30045,Judith Basin County,2111,14.74338135,8838.386599
Montana,MT,30047,Lake County,33403,370.1881421,120170.6568
Montana,MT,30049,Lewis and Clark County,75129,2381.248751,374216.1731
Montana,MT,30051,Liberty County,1934,14.69204118,4107.557913
Montana,MT,30053,Lincoln County,22184,488.325659,44553.48344
Montana,MT,30055,McCone County,1717,0.051340164,1812.490223
Montana,MT,30057,Madison County,9753,250.5085128,26566.57292
Montana,MT,30059,Meagher County,2065,7.397360755,2618.125419
Montana,MT,30061,Mineral County,5195,879.9549506,27797.33457
Montana,MT,30063,Missoula County,122546,3904.69008,4838657.944
Montana,MT,30065,Musselshell County,5452,22.1407421,8538.173554
Montana,MT,30067,Park County,18074,1287.522388,153067.1195
Montana,MT,30069,Petroleum County,525,0,0
Montana,MT,30071,Phillips County,4214,7.346020591,1221.683116
Montana,MT,30073,Pondera County,6078,73.46020591,26300.63739
Montana,MT,30075,Powder River County,1734,0,186.4820264
Montana,MT,30077,Powell County,7120,371.3345675,28063.8949
Montana,MT,30079,Prairie County,1112,7.346020591,805.6351959
Montana,MT,30081,Ravalli County,48187,397.7767362,314562.7909
Montana,MT,30083,Richland County,11028,58.81950489,9635.475605
Montana,MT,30085,Roosevelt County,10197,125.7127216,18085.70514
Montana,MT,30087,Rosebud County,8194,36.73010296,4401.896283
Montana,MT,30089,Sanders County,13895,36.98680378,22285.649
Montana,MT,30091,Sheridan County,3448,58.81950489,9089.66763
Montana,MT,30093,Silver Bow County,36134,805.0874256,313962.9314
Montana,MT,30095,Stillwater County,9450,402.4375557,16768.4648
Montana,MT,30097,Sweet Grass County,3757,229.1820208,12344.62151
Montana,MT,30099,Teton County,6444,365.7074527,63261.08141
Montana,MT,30101,Toole County,5153,7.346020591,13436.9018
Montana,MT,30103,Treasure County,739,14.69204118,1611.270392
Montana,MT,30105,Valley County,7434,51.4734843,8700.080354
Montana,MT,30107,Wheatland County,2058,14.69204118,2443.366232
Montana,MT,30109,Wibaux County,911,0,0
Montana,MT,30111,Yellowstone County,171583,8706.918615,225190.1515
Nebraska,NE,31001,Adams County,31196,23659.72841,225929.2511
Nebraska,NE,31003,Antelope County,6358,4385.771695,62207.15125
Nebraska,NE,31005,Arthur County,423,0,45.02846
Nebraska,NE,31007,Banner County,665,3832.769845,51362.74954
Nebraska,NE,31009,Blaine County,454,0,45.02846
Nebraska,NE,31011,Boone County,5354,158.4913888,2036.174821
Nebraska,NE,31013,Box Butte County,10703,744.4302054,7717.407309
Nebraska,NE,31015,Boyd County,1700,143.7625704,746.416458
Nebraska,NE,31017,Brown County,2877,165.855798,1635.380512
Nebraska,NE,31019,Buffalo County,51156,28321.72211,345733.2765
Nebraska,NE,31021,Burt County,6727,4794.154809,70404.92673
Nebraska,NE,31023,Butler County,8439,7528.763824,28189.69943
Nebraska,NE,31025,Cass County,27492,52765.71217,594790.3448
Nebraska,NE,31027,Cedar County,8262,2106.238249,27745.89385
Nebraska,NE,31029,Chase County,3764,302.2539592,968.7857705
Nebraska,NE,31031,Cherry County,5558,151.1269796,5373.020971
Nebraska,NE,31033,Cheyenne County,9602,7982.522468,106700.689
Nebraska,NE,31035,Clay County,6103,10671.97031,122789.2514
Nebraska,NE,31037,Colfax County,10826,11556.99429,144736.6045
Nebraska,NE,31039,Cuming County,8952,1087.975964,14493.02518
Nebraska,NE,31041,Custer County,10487,7005.056263,74364.38151
Nebraska,NE,31043,Dakota County,21335,3756.609455,29383.23475
Nebraska,NE,31045,Dawes County,8003,493.3661567,7575.346904
Nebraska,NE,31047,Dawson County,24554,21897.07533,267114.0452
Nebraska,NE,31049,Deuel County,1892,3847.498663,52593.524
Nebraska,NE,31051,Dixon County,5526,2139.434552,16381.63772
Nebraska,NE,31053,Dodge County,37884,52409.80681,685495.3676
Nebraska,NE,31055,Douglas County,601158,2704212.201,40296444.21
Nebraska,NE,31057,Dundy County,1581,151.1269796,1194.531702
Nebraska,NE,31059,Fillmore County,5512,6849.00794,44503.08901
Nebraska,NE,31061,Franklin County,2817,287.5251409,1097.5784
Nebraska,NE,31063,Frontier County,2536,294.88955,477.4151641
Nebraska,NE,31065,Furnas County,4468,151.108591,1855.836021
Nebraska,NE,31067,Gage County,21687,25692.40059,190861.0898
Nebraska,NE,31069,Garden County,1804,7.364409173,5652.623045
Nebraska,NE,31071,Garfield County,1707,294.88955,1304.822805
Nebraska,NE,31073,Gosper County,1808,2504.888684,18271.84631
Nebraska,NE,31075,Grant County,573,151.1269796,522.4436241
Nebraska,NE,31077,Greeley County,2197,4271.421966,51933.47672
Nebraska,NE,31079,Hall County,62869,39369.50061,417688.7231
Nebraska,NE,31081,Hamilton County,9564,6731.602064,73425.58657
Nebraska,NE,31083,Harlan County,3018,136.1729532,3578.319926
Nebraska,NE,31085,Hayes County,846,0,5.076420605
Nebraska,NE,31087,Hitchcock County,2460,322.3923448,5235.32446
Nebraska,NE,31089,Holt County,10120,335.2357216,13340.11587
Nebraska,NE,31091,Hooker County,698,0,90.05692
Nebraska,NE,31093,Howard County,6572,766.7486409,5466.089628
Nebraska,NE,31095,Jefferson County,7136,4858.650389,36236.53487
Nebraska,NE,31097,Johnson County,5219,2111.656702,5836.198547
Nebraska,NE,31099,Kearney County,6749,2438.744747,26648.82137
Nebraska,NE,31101,Keith County,8148,15968.13639,211319.0055
Nebraska,NE,31103,Keya Paha County,819,151.1269796,477.4151641
Nebraska,NE,31105,Kimball County,3305,287.2999328,4175.907522
Nebraska,NE,31107,Knox County,8306,876.3471248,11501.29344
Nebraska,NE,31109,Lancaster County,332857,1941123.871,10580394.72
Nebraska,NE,31111,Lincoln County,33319,13808.91487,151563.839
Nebraska,NE,31113,Logan County,694,0,0
Nebraska,NE,31115,Loup County,582,151.1269796,477.4151641
Nebraska,NE,31117,McPherson County,376,0,0
Nebraska,NE,31119,Madison County,35579,55226.03193,702297.2389
Nebraska,NE,31121,Merrick County,7837,6862.209013,54335.40539
Nebraska,NE,31123,Morrill County,4485,279.9355237,3938.325391
Nebraska,NE,31125,Nance County,3262,307.4383184,7956.599126
Nebraska,NE,31127,Nemaha County,7046,5812.761894,46822.59557
Nebraska,NE,31129,Nuckolls County,4094,438.6521205,822.7298961
Nebraska,NE,31131,Otoe County,16591,10253.63356,74410.65605
Nebraska,NE,31133,Pawnee County,2521,14.72881835,3802.082579
Nebraska,NE,31135,Perkins County,2779,438.6521205,962.0584624
Nebraska,NE,31137,Phelps County,9042,2890.170844,25583.07798
Nebraska,NE,31139,Pierce County,7334,5094.191224,62039.36804
Nebraska,NE,31141,Platte County,35499,30403.41403,337290.4737
Nebraska,NE,31143,Polk County,5269,12243.88978,117503.4607
Nebraska,NE,31145,Red Willow County,10409,1481.586951,12097.39671
Nebraska,NE,31147,Richardson County,7666,12089.54063,94304.17777
Nebraska,NE,31149,Rock County,1241,143.7625704,960.5800603
Nebraska,NE,31151,Saline County,14740,13305.3359,37795.26225
Nebraska,NE,31153,Sarpy County,204828,496937.3361,7493378.997
Nebraska,NE,31155,Saunders County,23406,27869.69228,146184.6847
Nebraska,NE,31157,Scotts Bluff County,35734,10713.03876,137409.9651
Nebraska,NE,31159,Seward County,17769,42690.95811,80963.84196
Nebraska,NE,31161,Sheridan County,4927,4090.612141,54262.11658
Nebraska,NE,31163,Sherman County,2949,14.72881835,7187.567172
Nebraska,NE,31165,Sioux County,1099,265.2067053,2542.498415
Nebraska,NE,31167,Stanton County,5756,794.2514357,9241.233493
Nebraska,NE,31169,Thayer County,4870,552.7318462,5101.738492
Nebraska,NE,31171,Thomas County,634,2353.761705,17603.04232
Nebraska,NE,31173,Thurston County,6637,2486.905744,20763.14928
Nebraska,NE,31175,Valley County,4032,7.364409173,2149.083422
Nebraska,NE,31177,Washington County,21254,64029.63375,857604.3527
Nebraska,NE,31179,Wayne County,9870,1033.531932,13313.37684
Nebraska,NE,31181,Webster County,3326,214.0167948,1568.972973
Nebraska,NE,31183,Wheeler County,808,143.7625704,0
Nebraska,NE,31185,York County,14375,11302.39319,85220.06517
Nevada,NV,32001,Churchill County,26033,1593.403252,174740.1568
Nevada,NV,32003,Clark County,2398871,128383.731,12867373.18
Nevada,NV,32005,Douglas County,49564,239.854291,288121.1611
Nevada,NV,32007,Elko County,54363,5187.414787,162356.0761
Nevada,NV,32009,Esmeralda County,720,0,0.538881203
Nevada,NV,32011,Eureka County,1877,0,27177.58909
Nevada,NV,32013,Humboldt County,17116,0,57300.98994
Nevada,NV,32015,Lander County,5785,0,8404.273933
Nevada,NV,32017,Lincoln County,4345,0,4046.169167
Nevada,NV,32019,Lyon County,63718,2543.404201,522386.0237
Nevada,NV,32021,Mineral County,4475,143.7625704,13026.9202
Nevada,NV,32023,Nye County,55990,1189.705418,91162.26972
Nevada,NV,32027,Pershing County,6536,167.5025684,32691.05385
Nevada,NV,32029,Storey County,4112,0,35926.84907
Nevada,NV,32031,Washoe County,507280,15015.94497,15402750.19
Nevada,NV,32033,White Pine County,8534,81.8900437,27013.83174
Nevada,NV,32510,Carson City,58148,769.3555304,431013.5114
New Hampshire,NH,33001,Belknap County,65257,30128.47315,854510.9477
New Hampshire,NH,33003,Carroll County,52580,26475.08067,765007.485
New Hampshire,NH,33005,Cheshire County,78078,86565.9949,4389828.298
New Hampshire,NH,33007,Coos County,31094,12716.06596,395714.0235
New Hampshire,NH,33009,Grafton County,93045,483696.8528,28262972.61
New Hampshire,NH,33011,Hillsborough County,430462,584774.1488,11537319.88
New Hampshire,NH,33013,Merrimack County,157869,88532.35928,3081765.976
New Hampshire,NH,33015,Rockingham County,322433,543333.1646,13011732.73
New Hampshire,NH,33017,Strafford County,134202,68449.27638,2815757.535
New Hampshire,NH,33019,Sullivan County,44012,56430.03893,4024424.185
New Jersey,NJ,34001,Atlantic County,279114,171940.3105,3335960.579
New Jersey,NJ,34003,Bergen County,978641,1692692.32,58878492.25
New Jersey,NJ,34005,Burlington County,475515,1483127.635,24942501.5
New Jersey,NJ,34007,Camden County,533988,2570083.058,37449465.05
New Jersey,NJ,34009,Cape May County,93875,53191.04932,890691.322
New Jersey,NJ,34011,Cumberland County,155678,36435.89208,1222126.489
New Jersey,NJ,34013,Essex County,881527,846819.6761,25092562.24
New Jersey,NJ,34015,Gloucester County,311783,1363218.137,19480626.36
New Jersey,NJ,34017,Hudson County,736185,1924393.781,36786535.95
New Jersey,NJ,34019,Hunterdon County,131708,198845.0716,4025891.68
New Jersey,NJ,34021,Mercer County,392138,805386.3742,30548407.74
New Jersey,NJ,34023,Middlesex County,890119,730683.513,83043322.63
New Jersey,NJ,34025,Monmouth County,647520,479662.6136,19597635.07
New Jersey,NJ,34027,Morris County,523053,299522.0601,9385498.096
New Jersey,NJ,34029,Ocean County,666434,196381.26,8733648.647
New Jersey,NJ,34031,Passaic County,526597,341088.8028,9185626.882
New Jersey,NJ,34033,Salem County,65874,117853.1679,1896544.889
New Jersey,NJ,34035,Somerset County,357467,284658.0831,31494483.48
New Jersey,NJ,34037,Sussex County,147444,50731.41063,2113765.091
New Jersey,NJ,34039,Union County,594160,482973.4734,23661439.97
New Jersey,NJ,34041,Warren County,112031,43025.04804,1675147.476
New Mexico,NM,35001,Bernalillo County,671747,36863.22553,34663329.4
New Mexico,NM,35003,Catron County,3795,0,9386.690287
New Mexico,NM,35005,Chaves County,63697,21341.40823,131094.5621
New Mexico,NM,35006,Cibola County,26686,1781.062533,94563.55302
New Mexico,NM,35007,Colfax County,12307,76.9607569,14786.89805
New Mexico,NM,35009,Curry County,47156,1811.339401,85126.29924
New Mexico,NM,35011,De Baca County,1657,0,17141.55104
New Mexico,NM,35013,Do�a Ana County,229366,451290.8592,2401298.627
New Mexico,NM,35015,Eddy County,61436,2539.277607,116522.3593
New Mexico,NM,35017,Grant County,27541,4993.413866,89163.41235
New Mexico,NM,35019,Guadalupe County,4385,2.849016302,10875.63992
New Mexico,NM,35021,Harding County,635,0,2855.506459
New Mexico,NM,35023,Hidalgo County,3966,0,2470.664201
New Mexico,NM,35025,Lea County,75151,5646.850815,137181.9559
New Mexico,NM,35027,Lincoln County,20025,904.2451923,95409.1095
New Mexico,NM,35028,Los Alamos County,19675,423.3833082,153412.2006
New Mexico,NM,35029,Luna County,25878,4335.003134,20408.30391
New Mexico,NM,35031,McKinley County,68945,158.4946746,159265.0976
New Mexico,NM,35033,Mora County,4096,0,14434.12007
New Mexico,NM,35035,Otero County,69711,15812.74035,197060.2746
New Mexico,NM,35037,Quay County,8403,0,32523.82824
New Mexico,NM,35039,Rio Arriba County,39955,153.9215138,120527.0069
New Mexico,NM,35041,Roosevelt County,18713,0,37906.76735
New Mexico,NM,35043,Sandoval County,157757,4361.68298,4260284.755
New Mexico,NM,35045,San Juan County,120817,3024.656414,138260.9395
New Mexico,NM,35047,San Miguel County,26428,904.2451923,102391.6185
New Mexico,NM,35049,Santa Fe County,157765,7427.557678,1179874.531
New Mexico,NM,35051,Sierra County,11389,3855.049315,45554.54872
New Mexico,NM,35053,Socorro County,15967,1996.524002,133407.6604
New Mexico,NM,35055,Taos County,34482,0,199524.1205
New Mexico,NM,35057,Torrance County,15986,190.8826335,158780.259
New Mexico,NM,35059,Union County,3926,0,45.73483793
New Mexico,NM,35061,Valencia County,80813,2020.183513,2162632.274
New York,NY,36001,Albany County,319964,600734.5563,12426709.74
New York,NY,36003,Allegany County,47299,34554.44936,484730.7266
New York,NY,36005,Bronx County,1384724,9270799.631,191815326.1
New York,NY,36007,Broome County,196397,63576.02232,5679690.077
New York,NY,36009,Cattaraugus County,75475,65280.27938,922832.138
New York,NY,36011,Cayuga County,74567,18925.8465,1935109.434
New York,NY,36013,Chautauqua County,124105,164381.5609,2190554.818
New York,NY,36015,Chemung County,81115,30938.18542,1630330.145
New York,NY,36017,Chenango County,45776,14554.67995,675063.98
New York,NY,36019,Clinton County,77871,12779.43027,525616.2745
New York,NY,36021,Columbia County,60299,57458.173,1103248.414
New York,NY,36023,Cortland County,45945,15610.30588,2453644.253
New York,NY,36025,Delaware County,44191,17736.72758,521005.9808
New York,NY,36027,Dutchess County,299963,350477.2677,7661120.324
New York,NY,36029,Erie County,950602,5611382.217,47572226.81
New York,NY,36031,Essex County,36744,5788.81792,191710.8931
New York,NY,36033,Franklin County,47086,7844.0785,276424.9609
New York,NY,36035,Fulton County,52073,16756.125,533403.5118
New York,NY,36037,Genesee County,57604,555816.2324,4019144.426
New York,NY,36039,Greene County,46903,29688.77367,828846.6331
New York,NY,36041,Hamilton County,5082,310.5222665,25436.38502
New York,NY,36043,Herkimer County,59585,26516.31927,959695.8389
New York,NY,36045,Jefferson County,113140,19692.34817,497634.6661
New York,NY,36047,Kings County,2617631,14350167.27,279984009.7
New York,NY,36049,Lewis County,26570,3162.669667,132202.5671
New York,NY,36051,Livingston County,61561,242740.6668,1955370.107
New York,NY,36053,Madison County,67072,19087.96094,1040161.536
New York,NY,36055,Monroe County,752202,14211088.69,78371655.23
New York,NY,36057,Montgomery County,49648,29717.4656,769301.6462
New York,NY,36059,Nassau County,1392438,3756296.919,85304299.47
New York,NY,36061,New York County,1660664,11524475.54,240626671.9
New York,NY,36063,Niagara County,209570,607009.6123,6362609.117
New York,NY,36065,Oneida County,228347,66392.21051,3433940.775
New York,NY,36067,Onondaga County,469812,116842.9826,13113030.71
New York,NY,36069,Ontario County,113012,566559.8137,3797809.806
New York,NY,36071,Orange County,411767,570574.8609,11770872.36
New York,NY,36073,Orleans County,39686,213144.9945,1970308.986
New York,NY,36075,Oswego County,118305,29876.49003,1597163.561
New York,NY,36077,Otsego County,60524,33695.14635,1153813.806
New York,NY,36079,Putnam County,98409,304348.5562,6824029.003
New York,NY,36081,Queens County,2316841,10107827.78,181149501.1
New York,NY,36083,Rensselaer County,160749,865870.0345,5286480.611
New York,NY,36085,Richmond County,498212,1747678.679,36301769.47
New York,NY,36087,Rockland County,348144,601854.1648,17109367.88
New York,NY,36089,St. Lawrence County,106198,62920.77219,1144775.914
New York,NY,36091,Saratoga County,240360,244268.8237,5404254.109
New York,NY,36093,Schenectady County,162261,254848.9045,4376214.809
New York,NY,36095,Schoharie County,30151,12283.84976,262942.8674
New York,NY,36097,Schuyler County,17121,3914.794995,991736.9569
New York,NY,36099,Seneca County,32650,8812.891189,1006130.526
New York,NY,36101,Steuben County,92015,28644.0128,666123.8541
New York,NY,36103,Suffolk County,1535909,2325507.741,78256859.13
New York,NY,36105,Sullivan County,80450,82259.70614,1623939.148
New York,NY,36107,Tioga County,47574,12612.96044,2814461.161
New York,NY,36109,Tompkins County,105602,30198.97633,36753366.11
New York,NY,36111,Ulster County,182977,206379.0205,4103863.427
New York,NY,36113,Warren County,65288,19537.38821,385022.0203
New York,NY,36115,Washington County,59839,18723.94691,433229.1471
New York,NY,36117,Wayne County,90757,219551.1892,1972327.996
New York,NY,36119,Westchester County,1006447,3483923.265,85913537.53
New York,NY,36121,Wyoming County,39588,208127.2608,1548248.647
New York,NY,36123,Yates County,24387,6268.216469,168625.7309
North Carolina,NC,37001,Alamance County,183040,13971393.33,23763377.42
North Carolina,NC,37003,Alexander County,36693,73541.50286,519295.6207
North Carolina,NC,37005,Alleghany County,11379,14430.26393,91155.52598
North Carolina,NC,37007,Anson County,22432,486037.8405,430954.3678
North Carolina,NC,37009,Ashe County,27266,22388.20666,155670.6418
North Carolina,NC,37011,Avery County,17811,11025.97672,86219.31485
North Carolina,NC,37013,Beaufort County,44576,140688.253,773304.901
North Carolina,NC,37015,Bertie County,16939,4928.87472,46164.13221
North Carolina,NC,37017,Bladen County,29777,32874.58645,196353.7026
North Carolina,NC,37019,Brunswick County,167112,3027182.733,5729483.479
North Carolina,NC,37021,Buncombe County,279210,1392602.266,2428918.765
North Carolina,NC,37023,Burke County,88545,218219.7211,549410.9849
North Carolina,NC,37025,Cabarrus County,244925,1636964.41,4008792.811
North Carolina,NC,37027,Caldwell County,80739,214440.8224,511486.556
North Carolina,NC,37029,Camden County,11184,6957.53807,67672.04461
North Carolina,NC,37031,Carteret County,70259,488842.9278,553981.5603
North Carolina,NC,37033,Caswell County,22363,774393.8915,1275336.37
North Carolina,NC,37035,Catawba County,167054,445869.9491,1111483.693
North Carolina,NC,37037,Chatham County,83874,11485436.4,15715461.05
North Carolina,NC,37039,Cherokee County,30373,18774.92306,117269.4447
North Carolina,NC,37041,Chowan County,13891,4966.909777,28708.23768
North Carolina,NC,37043,Clay County,12042,12661.20769,32924.70256
North Carolina,NC,37045,Cleveland County,102194,223778.8883,527923.1005
North Carolina,NC,37047,Columbus County,50054,347204.8394,1838177.715
North Carolina,NC,37049,Craven County,104167,815918.5188,873574.6783
North Carolina,NC,37051,Cumberland County,338430,5454797.923,4565092.363
North Carolina,NC,37053,Currituck County,32278,162367.7215,198558.3747
North Carolina,NC,37055,Dare County,38183,14007.90278,192168.6376
North Carolina,NC,37057,Davidson County,177809,1804801.071,6245582.579
North Carolina,NC,37059,Davie County,45383,272714.1878,1559623.458
North Carolina,NC,37061,Duplin County,50539,516932.4824,564276.1982
North Carolina,NC,37063,Durham County,343628,175418838.3,127583890.5
North Carolina,NC,37065,Edgecombe County,49124,974970.1057,817023.6149
North Carolina,NC,37067,Forsyth County,398143,12113795.84,32851043.16
North Carolina,NC,37069,Franklin County,79771,7527439.393,6477734.351
North Carolina,NC,37071,Gaston County,242010,1454208.049,3552822.284
North Carolina,NC,37073,Gates County,10299,9160.05168,42640.07283
North Carolina,NC,37075,Graham County,8179,5748.443019,29516.26364
North Carolina,NC,37077,Granville County,61544,12772253.42,9015000.663
North Carolina,NC,37079,Greene County,20671,169425.8382,212258.0431
North Carolina,NC,37081,Guilford County,558816,10846246.22,20038325.44
North Carolina,NC,37083,Halifax County,46992,338071.3951,384707.9536
North Carolina,NC,37085,Harnett County,146096,4144963.571,5066609.108
North Carolina,NC,37087,Haywood County,63048,646614.5229,577822.279
North Carolina,NC,37089,Henderson County,120771,367439.4033,598614.9849
North Carolina,NC,37091,Hertford County,19169,17965.75825,138284.1974
North Carolina,NC,37093,Hoke County,55382,464562.2903,955835.8885
North Carolina,NC,37095,Hyde County,4583,3979.320562,23944.27107
North Carolina,NC,37097,Iredell County,206361,1967807.186,4059973.257
North Carolina,NC,37099,Jackson County,45281,623311.4129,424353.1489
North Carolina,NC,37101,Johnston County,249794,14629155.87,16150804.9
North Carolina,NC,37103,Jones County,9462,1526.837632,27186.02346
North Carolina,NC,37105,Lee County,68537,3188972.802,2458368.804
North Carolina,NC,37107,Lenoir County,55332,725641.0207,1655768.2
North Carolina,NC,37109,Lincoln County,97611,1359876.322,2315150.892
North Carolina,NC,37111,McDowell County,45269,382979.5183,740350.3329
North Carolina,NC,37113,Macon County,38717,21599.06513,133655.8533
North Carolina,NC,37115,Madison County,22352,8056.701189,67018.34404
North Carolina,NC,37117,Martin County,21523,11482.7173,84060.01064
North Carolina,NC,37119,Mecklenburg County,1206285,13223314.03,23890681.71
North Carolina,NC,37121,Mitchell County,15030,269338.2916,677733.8836
North Carolina,NC,37123,Montgomery County,26364,22122.21406,140477.1061
North Carolina,NC,37125,Moore County,108417,946829.713,1375942.112
North Carolina,NC,37127,Nash County,97990,1179514.524,1261332.379
North Carolina,NC,37129,New Hanover County,243333,1939729.899,8220595.032
North Carolina,NC,37131,Northampton County,16580,159215.446,131755.1676
North Carolina,NC,37133,Onslow County,212954,2218078.31,6059318.992
North Carolina,NC,37135,Orange County,152877,61290143.04,90217202.2
North Carolina,NC,37137,Pamlico County,12550,8125.515286,57061.29473
North Carolina,NC,37139,Pasquotank County,41418,170865.7495,325068.1808
North Carolina,NC,37141,Pender County,70077,199604.8016,843539.2149
North Carolina,NC,37143,Perquimans County,13460,155753.3973,143445.6904
North Carolina,NC,37145,Person County,40143,13342481.51,9042410.764
North Carolina,NC,37147,Pitt County,180783,1322006.577,3476047.758
North Carolina,NC,37149,Polk County,20320,11926.36418,72127.89254
North Carolina,NC,37151,Randolph County,148389,3995228.037,3807869.851
North Carolina,NC,37153,Richmond County,41990,17277.4151,111608.3829
North Carolina,NC,37155,Robeson County,118624,500602.7455,1157945.931
North Carolina,NC,37157,Rockingham County,93517,3232135.845,2975891.156
North Carolina,NC,37159,Rowan County,153384,431195.131,1761299.063
North Carolina,NC,37161,Rutherford County,65587,136473.8515,740658.7492
North Carolina,NC,37163,Sampson County,60404,520604.9714,602201.6355
North Carolina,NC,37165,Scotland County,33898,640488.6932,494979.7646
North Carolina,NC,37167,Stanly County,67326,589970.2732,1591463.204
North Carolina,NC,37169,Stokes County,45857,504206.0977,1384241.544
North Carolina,NC,37171,Surry County,71547,389493.7313,1449400.259
North Carolina,NC,37173,Swain County,13945,155216.4956,100706.4586
North Carolina,NC,37175,Transylvania County,34103,16222.16178,79380.87789
North Carolina,NC,37177,Tyrrell County,3517,1010.93211,19478.2699
North Carolina,NC,37179,Union County,263386,2283629.468,4310269.328
North Carolina,NC,37181,Vance County,42337,2397310.835,1894673.414
North Carolina,NC,37183,Wake County,1232444,138918697,150634845.4
North Carolina,NC,37185,Warren County,19081,1874132.166,1226514.856
North Carolina,NC,37187,Washington County,10654,3054.423335,26627.35611
North Carolina,NC,37189,Watauga County,54997,39731.56569,330384.1443
North Carolina,NC,37191,Wayne County,120338,2099804.437,1835905.417
North Carolina,NC,37193,Wilkes County,66186,632830.041,1275656.433
North Carolina,NC,37195,Wilson County,79958,996262.3392,982253.6398
North Carolina,NC,37197,Yadkin County,37995,386041.451,1433050.959
North Carolina,NC,37199,Yancey County,18993,121388.5534,612910.5513
North Dakota,ND,38001,Adams County,2141,246.0422255,10839.92856
North Dakota,ND,38003,Barnes County,10798,348.6139682,25930.96543
North Dakota,ND,38005,Benson County,5756,94.66316698,12879.26023
North Dakota,ND,38007,Billings County,1063,176.3194319,5659.243011
North Dakota,ND,38009,Bottineau County,6391,418.3367618,22076.29313
North Dakota,ND,38011,Bowman County,2886,139.4455873,10356.29404
North Dakota,ND,38013,Burke County,2154,69.72279364,2085.503748
North Dakota,ND,38015,Burleigh County,103107,6988.678315,256737.3746
North Dakota,ND,38017,Cass County,200945,34537.44296,4165726.602
North Dakota,ND,38019,Cavalier County,3567,278.8911746,8954.844137
North Dakota,ND,38021,Dickey County,4930,139.4455873,7170.768489
North Dakota,ND,38023,Divide County,2124,69.72279364,1959.291602
North Dakota,ND,38025,Dunn County,4031,69.72279364,2107.751895
North Dakota,ND,38027,Eddy County,2309,69.72279364,11828.25768
North Dakota,ND,38029,Emmons County,3209,383.1439516,18168.23248
North Dakota,ND,38031,Foster County,3323,209.1683809,7002.905991
North Dakota,ND,38033,Golden Valley County,1795,0,0
North Dakota,ND,38035,Grand Forks County,73771,158534.0746,4502567.246
North Dakota,ND,38037,Grant County,2247,209.1683809,6389.695986
North Dakota,ND,38039,Griggs County,2227,69.72279364,1959.291602
North Dakota,ND,38041,Hettinger County,2419,69.72279364,3402.564425
North Dakota,ND,38043,Kidder County,2371,69.72279364,5178.14702
North Dakota,ND,38045,LaMoure County,4051,69.72279364,6295.824751
North Dakota,ND,38047,Logan County,1880,69.72279364,1968.098087
North Dakota,ND,38049,McHenry County,5135,348.6139682,19120.71449
North Dakota,ND,38051,McIntosh County,2461,69.72279364,1988.848097
North Dakota,ND,38053,McKenzie County,14782,352.6388638,19843.8798
North Dakota,ND,38055,McLean County,9845,455.2106065,20392.35361
North Dakota,ND,38057,Mercer County,8348,394.1836997,10064.22724
North Dakota,ND,38059,Morton County,34194,429.0797475,41406.79988
North Dakota,ND,38061,Mountrail County,9474,209.1683809,13766.64338
North Dakota,ND,38063,Nelson County,3007,488.0595555,15266.46706
North Dakota,ND,38065,Oliver County,1882,0,1113.545808
North Dakota,ND,38067,Pembina County,6588,613.3077551,23844.71327
North Dakota,ND,38069,Pierce County,3853,69.72279364,5616.027061
North Dakota,ND,38071,Ramsey County,11510,1537.926356,61850.31875
North Dakota,ND,38073,Ransom County,5590,246.0422255,17396.88287
North Dakota,ND,38075,Renville County,2376,139.4455873,10376.8559
North Dakota,ND,38077,Richland County,16658,557.7823491,68487.12852
North Dakota,ND,38079,Rolette County,11692,697.2279364,31282.89591
North Dakota,ND,38081,Sargent County,3710,0,1119.372632
North Dakota,ND,38083,Sheridan County,1268,0,0
North Dakota,ND,38085,Sioux County,3713,0,2.538526776
North Dakota,ND,38087,Slope County,660,0,0
North Dakota,ND,38089,Stark County,33767,905.8521508,46525.94694
North Dakota,ND,38091,Steele County,1767,209.1683809,10592.76322
North Dakota,ND,38093,Stutsman County,21546,582.7227225,58524.6188
North Dakota,ND,38095,Towner County,2051,0,3345.713844
North Dakota,ND,38097,Traill County,7989,3904.476444,121039.239
North Dakota,ND,38099,Walsh County,10214,7830.545938,42852.52535
North Dakota,ND,38101,Ward County,68427,6166.525142,180367.2811
North Dakota,ND,38103,Wells County,3803,209.1683809,9362.779164
North Dakota,ND,38105,Williams County,40763,681.410785,47587.31957
Ohio,OH,39001,Adams County,27671,12158.16829,143836.9061
Ohio,OH,39003,Allen County,100866,28002.50889,356475.921
Ohio,OH,39005,Ashland County,52420,21379.26732,401936.7385
Ohio,OH,39007,Ashtabula County,96906,113343.4088,1394901.626
Ohio,OH,39009,Athens County,63218,18033.70905,1009591.87
Ohio,OH,39011,Auglaize County,45922,7395.610796,86328.51438
Ohio,OH,39013,Belmont County,64692,32374.34025,362832.6822
Ohio,OH,39015,Brown County,44292,27613.30629,685321.635
Ohio,OH,39017,Butler County,399542,459549.3798,12763845.5
Ohio,OH,39019,Carroll County,26460,20831.4643,276118.2849
Ohio,OH,39021,Champaign County,38907,16152.13907,181111.9828
Ohio,OH,39023,Clark County,134985,87177.75198,1046405.147
Ohio,OH,39025,Clermont County,214123,421539.348,10475935.63
Ohio,OH,39027,Clinton County,42019,48630.94649,525737.6849
Ohio,OH,39029,Columbiana County,99823,61593.30256,672889.8455
Ohio,OH,39031,Coshocton County,37003,72296.24472,636364.6266
Ohio,OH,39033,Crawford County,41626,57050.38458,496162.8634
Ohio,OH,39035,Cuyahoga County,1240594,6677646.721,125193808.6
Ohio,OH,39037,Darke County,51462,4749.417307,170582.1607
Ohio,OH,39039,Defiance County,38644,16823.41456,218924.9339
Ohio,OH,39041,Delaware County,237966,1876128.891,17573539.82
Ohio,OH,39043,Erie County,73841,15858.51053,482552.8845
Ohio,OH,39045,Fairfield County,167762,331979.9936,4401684.263
Ohio,OH,39047,Fayette County,28782,38965.43487,449079.712
Ohio,OH,39049,Franklin County,1356303,11353444.43,112868434.2
Ohio,OH,39051,Fulton County,42028,96499.86434,1008102.932
Ohio,OH,39053,Gallia County,28886,1980.818476,76406.09571
Ohio,OH,39055,Geauga County,95362,272423.8752,5507656.88
Ohio,OH,39057,Greene County,172347,143687.3448,2550622.253
Ohio,OH,39059,Guernsey County,38219,6988.837734,162312.2051
Ohio,OH,39061,Hamilton County,837359,2994548.153,74051477.28
Ohio,OH,39063,Hancock County,75016,14962.63275,232472.2699
Ohio,OH,39065,Hardin County,30402,10389.05162,98586.86808
Ohio,OH,39067,Harrison County,14042,5720.778903,59240.09929
Ohio,OH,39069,Henry County,27536,646.1468758,34463.17565
Ohio,OH,39071,Highland County,43785,39561.8993,441464.1119
Ohio,OH,39073,Hocking County,27429,11743.1205,202755.4505
Ohio,OH,39075,Holmes County,44668,18454.51189,296251.3004
Ohio,OH,39077,Huron County,58168,16704.35038,387887.6579
Ohio,OH,39079,Jackson County,32723,1871.447157,83369.93845
Ohio,OH,39081,Jefferson County,63900,42298.10163,414811.3831
Ohio,OH,39083,Knox County,63848,43959.52761,474754.8206
Ohio,OH,39085,Lake County,232360,841552.92,15036614.66
Ohio,OH,39087,Lawrence County,55829,11737.57255,301624.8707
Ohio,OH,39089,Licking County,184898,422259.1508,4954155.979
Ohio,OH,39091,Logan County,46085,20760.69413,185675.6729
Ohio,OH,39093,Lorain County,322030,500616.513,11779086.06
Ohio,OH,39095,Lucas County,426291,266825.8426,7854387.289
Ohio,OH,39097,Madison County,45531,159334.9829,1594176.69
Ohio,OH,39099,Mahoning County,225786,94085.67289,1345235.205
Ohio,OH,39101,Marion County,64976,53620.98299,505135.8123
Ohio,OH,39103,Medina County,184625,297933.429,6750224.533
Ohio,OH,39105,Meigs County,21491,6961.821633,260518.4612
Ohio,OH,39107,Mercer County,42648,6721.668172,70368.34556
Ohio,OH,39109,Miami County,111950,23577.78152,571710.4905
Ohio,OH,39111,Monroe County,13051,278.5243372,15766.61775
Ohio,OH,39113,Montgomery County,537443,895675.0135,5803722.968
Ohio,OH,39115,Morgan County,13532,10150.43284,95626.76165
Ohio,OH,39117,Morrow County,35927,12574.9245,189635.2594
Ohio,OH,39119,Muskingum County,86582,17717.28186,390305.0609
Ohio,OH,39121,Noble County,14269,1106.397357,37004.35818
Ohio,OH,39123,Ottawa County,39692,10466.94494,285388.519
Ohio,OH,39125,Paulding County,18755,527.9827761,13483.91952
Ohio,OH,39127,Perry County,35682,11992.61771,254121.9786
Ohio,OH,39129,Pickaway County,62158,280811.0687,2768003.274
Ohio,OH,39131,Pike County,27065,11351.41246,160349.8519
Ohio,OH,39133,Portage County,163839,579266.9512,6643508.471
Ohio,OH,39135,Preble County,40801,7513.43212,257152.1579
Ohio,OH,39137,Putnam County,34206,13814.41413,227880.0736
Ohio,OH,39139,Richland County,124853,80382.22197,963916.8612
Ohio,OH,39141,Ross County,76046,36726.36823,626773.1865
Ohio,OH,39143,Sandusky County,58866,11260.90793,320005.6695
Ohio,OH,39145,Scioto County,71798,40744.23248,425926.0224
Ohio,OH,39147,Seneca County,54730,57565.83287,504595.5245
Ohio,OH,39149,Shelby County,47952,6505.642692,181639.5631
Ohio,OH,39151,Stark County,374091,243940.2862,3404141.991
Ohio,OH,39153,Summit County,538370,947221.9753,14764375.75
Ohio,OH,39155,Trumbull County,200300,111110.2185,1544105.369
Ohio,OH,39157,Tuscarawas County,92048,4994.640949,194153.0231
Ohio,OH,39159,Union County,71721,462406.9514,4216583.038
Ohio,OH,39161,Van Wert County,28887,1244.38162,59955.36388
Ohio,OH,39163,Vinton County,12545,5075.216418,66522.02293
Ohio,OH,39165,Warren County,256059,364510.3835,8282750.7
Ohio,OH,39167,Washington County,58332,15192.6689,236930.6246
Ohio,OH,39169,Wayne County,116632,58563.26337,1156870.495
Ohio,OH,39171,Williams County,36554,6160.703765,113626.358
Ohio,OH,39173,Wood County,133077,97404.04721,1831247.5
Ohio,OH,39175,Wyandot County,21394,10703.05788,121863.0844
Oklahoma,OK,40001,Adair County,19821,36739.7417,63298.68364
Oklahoma,OK,40003,Alfalfa County,5712,2833.85113,23539.57551
Oklahoma,OK,40005,Atoka County,14600,505.9972188,15666.70079
Oklahoma,OK,40007,Beaver County,5025,2301.401023,16175.20492
Oklahoma,OK,40009,Beckham County,22248,8952.174182,89794.15175
Oklahoma,OK,40011,Blaine County,8573,4575.927965,55669.09513
Oklahoma,OK,40013,Bryan County,50305,6497.677538,87595.86149
Oklahoma,OK,40015,Caddo County,26337,6787.169856,94048.54704
Oklahoma,OK,40017,Canadian County,181760,234936.4332,4853025.398
Oklahoma,OK,40019,Carter County,49135,12118.67772,78063.54142
Oklahoma,OK,40021,Cherokee County,48729,307044.6875,165956.0998
Oklahoma,OK,40023,Choctaw County,14174,3177.934797,18719.04445
Oklahoma,OK,40025,Cimarron County,2133,542.7536049,742.9159325
Oklahoma,OK,40027,Cleveland County,303952,2604806.527,11555462.21
Oklahoma,OK,40029,Coal County,5414,0,4584.066747
Oklahoma,OK,40031,Comanche County,121396,57904.93528,962013.0806
Oklahoma,OK,40033,Cotton County,5503,1160.582816,17044.51894
Oklahoma,OK,40035,Craig County,14506,5518.758646,60187.76468
Oklahoma,OK,40037,Creek County,73971,76086.39187,831867.0732
Oklahoma,OK,40039,Custer County,28266,5783.810011,110729.7763
Oklahoma,OK,40041,Delaware County,41771,11081.79156,118561.0985
Oklahoma,OK,40043,Dewey County,4268,2618.725932,38200.08563
Oklahoma,OK,40045,Ellis County,3601,666.0386561,7207.233442
Oklahoma,OK,40047,Garfield County,62007,29087.63836,285910.3678
Oklahoma,OK,40049,Garvin County,26149,13249.79232,61343.69615
Oklahoma,OK,40051,Grady County,58353,70784.76219,916539.7276
Oklahoma,OK,40053,Grant County,4123,2620.634183,36007.56355
Oklahoma,OK,40055,Greer County,5433,1741.473691,24042.3779
Oklahoma,OK,40057,Harmon County,2315,183.2850524,2742.004031
Oklahoma,OK,40059,Harper County,3209,1085.50721,1683.856262
Oklahoma,OK,40061,Haskell County,11811,4315.71776,31791.5923
Oklahoma,OK,40063,Hughes County,13371,2559.761682,41410.01842
Oklahoma,OK,40065,Jackson County,24541,5491.654973,80304.74849
Oklahoma,OK,40067,Jefferson County,5374,1218.674565,20657.88023
Oklahoma,OK,40069,Johnston County,10293,2354.299472,7615.833366
Oklahoma,OK,40071,Kay County,43437,18711.37062,196206.7892
Oklahoma,OK,40073,Kingfisher County,15820,6019.416509,87983.08044
Oklahoma,OK,40075,Kiowa County,8257,4653.792243,24614.10953
Oklahoma,OK,40077,Latimer County,9509,366.5701048,8422.120516
Oklahoma,OK,40079,Le Flore County,49854,16612.81348,80391.76645
Oklahoma,OK,40081,Lincoln County,34972,46352.17451,629552.3886
Oklahoma,OK,40083,Logan County,53860,77215.10497,1416933.757
Oklahoma,OK,40085,Love County,10423,1164.061822,9909.843941
Oklahoma,OK,40087,McClain County,48434,140575.1191,940414.452
Oklahoma,OK,40089,McCurtain County,30805,7431.293648,72848.74546
Oklahoma,OK,40091,McIntosh County,19710,22700.23545,104166.3439
Oklahoma,OK,40093,Major County,7569,2368.502577,22479.85497
Oklahoma,OK,40095,Marshall County,16147,1052.22983,10026.78744
Oklahoma,OK,40097,Mayes County,40144,38202.59516,117969.1508
Oklahoma,OK,40099,Murray County,13754,3572.974037,24257.9071
Oklahoma,OK,40101,Muskogee County,66752,43222.8598,316820.7728
Oklahoma,OK,40103,Noble County,10896,22247.44785,154900.7281
Oklahoma,OK,40105,Nowata County,9561,1292.960578,19442.27985
Oklahoma,OK,40107,Okfuskee County,11364,8813.091112,71720.08577
Oklahoma,OK,40109,Oklahoma County,816490,1598276.878,33086020.73
Oklahoma,OK,40111,Okmulgee County,37084,21177.02976,178306.9222
Oklahoma,OK,40113,Osage County,46495,21417.70466,420169.8273
Oklahoma,OK,40115,Ottawa County,30404,12425.01713,109851.2361
Oklahoma,OK,40117,Pawnee County,16111,20958.65598,192864.1971
Oklahoma,OK,40119,Payne County,84199,410049.1071,3489545.206
Oklahoma,OK,40121,Pittsburg County,43395,12910.1625,88558.92359
Oklahoma,OK,40123,Pontotoc County,38310,10338.3862,59752.73074
Oklahoma,OK,40125,Pottawatomie County,74446,67762.61409,1157281.459
Oklahoma,OK,40127,Pushmataha County,10800,994.364527,14631.21308
Oklahoma,OK,40129,Roger Mills County,3304,1280.245321,7990.229333
Oklahoma,OK,40131,Rogers County,101371,47459.19834,763139.6525
Oklahoma,OK,40133,Seminole County,23351,9354.294116,148423.2153
Oklahoma,OK,40135,Sequoyah County,40555,30799.19612,105423.2613
Oklahoma,OK,40137,Stephens County,44075,13730.21181,133273.1836
Oklahoma,OK,40139,Texas County,20577,3382.135967,40598.27934
Oklahoma,OK,40141,Tillman County,6736,2131.477281,18740.14703
Oklahoma,OK,40143,Tulsa County,693514,328330.354,9457971.271
Oklahoma,OK,40145,Wagoner County,91257,49694.08524,950017.4872
Oklahoma,OK,40147,Washington County,54060,11122.91276,186907.1451
Oklahoma,OK,40149,Washita County,10839,1718.937508,21252.2389
Oklahoma,OK,40151,Woods County,8582,2307.466824,32368.58071
Oklahoma,OK,40153,Woodward County,19991,2297.58452,29607.92319
Oregon,OR,41001,Baker County,16750,3188.896214,106098.1101
Oregon,OR,41003,Benton County,98899,13174.27378,4941989.676
Oregon,OR,41005,Clackamas County,425857,163919.6174,17443865.03
Oregon,OR,41007,Clatsop County,41043,6516.146753,587347.3234
Oregon,OR,41009,Columbia County,54063,15293.52945,1548626.71
Oregon,OR,41011,Coos County,64326,2880.160042,272970.6995
Oregon,OR,41013,Crook County,27336,3862.726141,221730.1552
Oregon,OR,41015,Curry County,22774,531.1652235,62684.10787
Oregon,OR,41017,Deschutes County,211535,34432.01849,1670323.369
Oregon,OR,41019,Douglas County,112255,4696.219347,844094.4641
Oregon,OR,41021,Gilliam County,1971,0,32535.19647
Oregon,OR,41023,Grant County,7093,352.2108048,31319.1489
Oregon,OR,41025,Harney County,7402,176.1054024,36921.03375
Oregon,OR,41027,Hood River County,23764,3543.214751,205450.4656
Oregon,OR,41029,Jackson County,221331,10297.64516,1000859.712
Oregon,OR,41031,Jefferson County,25536,4967.003842,225249.6594
Oregon,OR,41033,Josephine County,88276,5234.116026,342712.7069
Oregon,OR,41035,Klamath County,70438,6932.269009,546255.5214
Oregon,OR,41037,Lake County,8194,180.3082395,73628.31373
Oregon,OR,41039,Lane County,382396,35368.88524,17641154.76
Oregon,OR,41041,Lincoln County,51212,6414.689504,591715.1119
Oregon,OR,41043,Linn County,132474,13440.18976,2047929.674
Oregon,OR,41045,Malheur County,32315,2227.025407,238935.3412
Oregon,OR,41047,Marion County,352867,42715.16244,2716915.125
Oregon,OR,41049,Morrow County,12360,1799.453194,78065.45333
Oregon,OR,41051,Multnomah County,795897,573197.785,59788806.69
Oregon,OR,41053,Polk County,90549,10941.26235,621013.3948
Oregon,OR,41055,Sherman County,2002,264.1581036,4372.69052
Oregon,OR,41057,Tillamook County,27264,5068.846865,179809.4984
Oregon,OR,41059,Umatilla County,80491,8682.766362,503087.9604
Oregon,OR,41061,Union County,26058,2455.118022,252879.0608
Oregon,OR,41063,Wallowa County,7522,322.6504702,18646.80934
Oregon,OR,41065,Wasco County,26507,6483.575772,280098.7896
Oregon,OR,41067,Washington County,611272,281636.9545,27798990.21
Oregon,OR,41069,Wheeler County,1456,176.1054024,2697.371506
Oregon,OR,41071,Yamhill County,110886,14866.05305,1286698.328
Maryland,MD,24001,Allegany County,67097,6728.78317,231661.8933
Maryland,MD,24003,Anne Arundel County,602350,1472194.732,29964820.22
Maryland,MD,24005,Baltimore County,852425,9003661.316,147506344
Maryland,MD,24009,Calvert County,94913,29578.45096,780705.5775
Maryland,MD,24011,Caroline County,34248,38112.73055,688326.2092
Maryland,MD,24013,Carroll County,177108,316366.9245,6394604.796
Maryland,MD,24015,Cecil County,106305,125487.1376,3587831.231
Maryland,MD,24017,Charles County,174478,55874.2656,1675161.02
Maryland,MD,24019,Dorchester County,33138,87557.07145,1349206.329
Maryland,MD,24021,Frederick County,299317,177414.731,5473239.873
Maryland,MD,24023,Garrett County,28393,9395.072871,166938.7961
Maryland,MD,24025,Harford County,265514,949087.759,16796353.23
Maryland,MD,24027,Howard County,339668,1462200.54,32249751.28
Maryland,MD,24029,Kent County,19557,43940.94418,669774.6845
Maryland,MD,24031,Montgomery County,1082273,1168803.85,32060189.74
Maryland,MD,24033,Prince George's County,966629,675089.5209,19030553.87
Maryland,MD,24035,Queen Anne's County,53688,76088.27775,1156132.75
Maryland,MD,24037,St. Mary's County,116469,63826.80365,1301463.772
Maryland,MD,24039,Somerset County,25241,20080.50223,369051.6057
Maryland,MD,24041,Talbot County,38244,1018.56709,205731.4361
Maryland,MD,24043,Washington County,157228,81330.6578,1664769.798
Maryland,MD,24045,Wicomico County,106329,210033.7159,3085864.263
Maryland,MD,24047,Worcester County,54337,60061.39967,922778.2211
Maryland,MD,24510,Baltimore city,568271,9466238.224,155467339.5
Massachusetts,MA,25001,Barnstable County,232570,424394.6378,10007139.96
Massachusetts,MA,25003,Berkshire County,128726,167674.8794,3954010.362
Massachusetts,MA,25005,Bristol County,588593,2149217.291,40975043.2
Massachusetts,MA,25007,Dukes County,21061,35338.19151,670527.5202
Massachusetts,MA,25009,Essex County,823938,4376281.857,88746453.77
Massachusetts,MA,25011,Franklin County,70871,105805.9426,4476915.919
Massachusetts,MA,25013,Hampden County,464151,644437.1586,18132569.51
Massachusetts,MA,25015,Hampshire County,165399,286604.3943,12535104.84
Massachusetts,MA,25017,Middlesex County,1668956,23596678.15,410921745.3
Massachusetts,MA,25019,Nantucket County,14670,27352.18048,453545.0327
Massachusetts,MA,25021,Norfolk County,740754,11794183.01,210748187
Massachusetts,MA,25023,Plymouth County,542090,3599352.843,67145486.69
Massachusetts,MA,25025,Suffolk County,793144,19170688.96,331411374.1
Massachusetts,MA,25027,Worcester County,881248,3550825.981,93410040.67
Michigan,MI,26001,Alcona County,10624,960.3570939,8307.17403
Michigan,MI,26003,Alger County,8695,45813.31465,369516.0958
Michigan,MI,26005,Allegan County,122429,333781.9432,3543453.024
Michigan,MI,26007,Alpena County,28903,47054.04819,363341.2538
Michigan,MI,26009,Antrim County,24536,2367.591564,90211.6714
Michigan,MI,26011,Arenac County,15087,3892.22738,34665.14616
Michigan,MI,26013,Baraga County,8169,1215.476991,52651.5988
Michigan,MI,26015,Barry County,64025,142712.7578,1653686.203
Michigan,MI,26017,Bay County,102651,64965.00362,553696.6981
Michigan,MI,26019,Benzie County,18520,2542.473986,25371.00082
Michigan,MI,26021,Berrien County,152703,467592.414,5620388.062
Michigan,MI,26023,Branch County,46187,52395.73503,499938.6169
Michigan,MI,26025,Calhoun County,133785,75908.76849,910924.3582
Michigan,MI,26027,Cass County,51550,21479.45929,534359.0849
Michigan,MI,26029,Charlevoix County,26105,1595.558055,26991.70961
Michigan,MI,26031,Cheboygan County,25964,50904.5029,446203.0918
Michigan,MI,26033,Chippewa County,36253,4028.484988,24071.69306
Michigan,MI,26035,Clare County,31405,89080.67694,535762.425
Michigan,MI,26037,Clinton County,80050,352917.2006,4770310.432
Michigan,MI,26039,Crawford County,13599,2119.937456,28990.42395
Michigan,MI,26041,Delta County,36687,2653.128597,35863.77031
Michigan,MI,26043,Dickinson County,25995,855.751057,24794.77892
Michigan,MI,26045,Eaton County,109494,280774.1286,6959594.323
Michigan,MI,26047,Emmet County,33949,4919.278496,43296.50373
Michigan,MI,26049,Genesee County,402279,660783.0872,7178518.336
Michigan,MI,26051,Gladwin County,25995,15854.64394,53784.90175
Michigan,MI,26053,Gogebic County,14217,221.4223228,12811.96099
Michigan,MI,26055,Grand Traverse County,96625,56121.77182,549418.9423
Michigan,MI,26057,Gratiot County,41372,89204.42002,748049.6895
Michigan,MI,26059,Hillsdale County,45590,52511.69223,540055.8978
Michigan,MI,26061,Houghton County,38041,752.9787082,1640518.136
Michigan,MI,26063,Huron County,30780,4032.138402,52343.87595
Michigan,MI,26065,Ingham County,290427,1614860.606,28705897.57
Michigan,MI,26067,Ionia County,66250,28396.47427,726034.0675
Michigan,MI,26069,Iosco County,25361,4710.364095,69752.4869
Michigan,MI,26071,Iron County,11709,442.8446456,19905.54571
Michigan,MI,26073,Isabella County,65072,411198.677,1362260.162
Michigan,MI,26075,Jackson County,160233,878965.7187,7765498.299
Michigan,MI,26077,Kalamazoo County,264780,548463.2212,6122400.493
Michigan,MI,26079,Kalkaska County,18618,91835.12622,720041.8996
Michigan,MI,26081,Kent County,673002,927323.6011,19479296.87
Michigan,MI,26083,Keweenaw County,2161,0,37634.57239
Michigan,MI,26085,Lake County,13005,4115.387245,58348.768
Michigan,MI,26087,Lapeer County,89168,147105.0937,1391822.963
Michigan,MI,26089,Leelanau County,22871,46897.13168,376631.2155
Michigan,MI,26091,Lenawee County,97746,351944.1162,3177222.473
Michigan,MI,26093,Livingston County,196976,2239606.675,18817260.01
Michigan,MI,26095,Luce County,6328,221.4223228,9217.703744
Michigan,MI,26097,Mackinac County,11144,746.4698796,11570.44315
Michigan,MI,26099,Macomb County,886175,1958481.042,19382000.12
Michigan,MI,26101,Manistee County,25519,45940.34107,383428.3959
Michigan,MI,26103,Marquette County,67979,49419.53249,547366.7102
Michigan,MI,26105,Mason County,29093,50821.20012,569510.4047
Michigan,MI,26107,Mecosta County,41947,105441.7878,1002195.291
Michigan,MI,26109,Menominee County,23050,90424.29039,747982.3619
Michigan,MI,26111,Midland County,84022,184868.1571,1200891.923
Michigan,MI,26113,Missaukee County,15239,2341.139036,19317.06042
Michigan,MI,26115,Monroe County,156045,567617.0654,5101994.566
Michigan,MI,26117,Montcalm County,69314,72136.93388,1180953.996
Michigan,MI,26119,Montmorency County,9828,1063.112771,5117.324092
Michigan,MI,26121,Muskegon County,177428,148834.9942,1803451.504
Michigan,MI,26123,Newaygo County,51504,55017.43987,818544.3382
Michigan,MI,26125,Oakland County,1296888,6362851.383,58925990.5
Michigan,MI,26127,Oceana County,27014,5621.664275,114665.2414
Michigan,MI,26129,Ogemaw County,20985,4239.874912,66410.5112
Michigan,MI,26131,Ontonagon County,5824,531.5563854,8420.725475
Michigan,MI,26133,Osceola County,23484,9582.431102,142783.4506
Michigan,MI,26135,Oscoda County,8596,4239.874912,56718.06857
Michigan,MI,26137,Otsego County,26083,6988.510196,110773.78
Michigan,MI,26139,Ottawa County,306235,204305.5724,4446510.524
Michigan,MI,26141,Presque Isle County,13230,3859.197915,32833.38596
Michigan,MI,26143,Roscommon County,23932,55163.24207,426644.746
Michigan,MI,26145,Saginaw County,187714,455158.7059,3984828.783
Michigan,MI,26147,St. Clair County,160308,166762.516,1739633.764
Michigan,MI,26149,St. Joseph County,61171,9091.978884,200907.4938
Michigan,MI,26151,Sanilac County,40293,51103.72617,474716.6422
Michigan,MI,26153,Schoolcraft County,8178,1063.112771,5389.343501
Michigan,MI,26155,Shiawassee County,67982,70634.90167,1013131.768
Michigan,MI,26157,Tuscola County,52757,51906.79972,468443.0385
Michigan,MI,26159,Van Buren County,76129,160233.5255,1666454.382
Michigan,MI,26161,Washtenaw County,373875,17587953.13,140362541.7
Michigan,MI,26163,Wayne County,1771063,7766021.454,72674453.55
Michigan,MI,26165,Wexford County,34460,5149.371488,69259.9143
Minnesota,MN,27001,Aitkin County,16335,2018.609034,76589.12228
Minnesota,MN,27003,Anoka County,376840,456319.5242,11694425.57
Minnesota,MN,27005,Becker County,35444,3220.063033,147334.9373
Minnesota,MN,27007,Beltrami County,46762,3467.141819,154622.7709
Minnesota,MN,27009,Benton County,41881,5197.016617,150949.3319
Minnesota,MN,27011,Big Stone County,5067,214.9134942,17657.17764
Minnesota,MN,27013,Blue Earth County,70700,32718.00181,940601.5386
Minnesota,MN,27015,Brown County,25710,2725.205352,79688.63533
Minnesota,MN,27017,Carlton County,36745,4779.04472,213851.2475
Minnesota,MN,27019,Carver County,112628,85251.04251,2101710.893
Minnesota,MN,27021,Cass County,31442,3100.996811,114284.4883
Minnesota,MN,27023,Chippewa County,12299,805.1423091,30636.9802
Minnesota,MN,27025,Chisago County,59105,33108.53739,831765.4036
Minnesota,MN,27027,Clay County,66848,5232.751507,996249.2566
Minnesota,MN,27029,Clearwater County,8630,780.7456345,38045.73484
Minnesota,MN,27031,Cook County,5571,751.3371207,25290.71943
Minnesota,MN,27033,Cottonwood County,11338,1786.011991,70961.42352
Minnesota,MN,27035,Crow Wing County,68642,12400.4901,296418.5609
Minnesota,MN,27037,Dakota County,453156,600333.8927,13196581.82
Minnesota,MN,27039,Dodge County,21242,210795.8915,7290622.596
Minnesota,MN,27041,Douglas County,39933,4097.551202,94280.90597
Minnesota,MN,27043,Faribault County,13886,1892.60863,71821.46127
Minnesota,MN,27045,Fillmore County,21502,125493.2125,4361232.961
Minnesota,MN,27047,Freeborn County,30314,29286.15435,997575.6987
Minnesota,MN,27049,Goodhue County,47982,149552.536,5100084.164
Minnesota,MN,27051,Grant County,6109,321.5101324,15028.17203
Minnesota,MN,27053,Hennepin County,1273334,3623450.561,93219902.74
Minnesota,MN,27055,Houston County,18352,14512.97093,514984.5528
Minnesota,MN,27057,Hubbard County,22050,1043.87882,52818.59583
Minnesota,MN,27059,Isanti County,43687,20621.60972,494839.131
Minnesota,MN,27061,Itasca County,45442,5917.399878,209074.4095
Minnesota,MN,27063,Jackson County,9861,3068.876176,88411.88721
Minnesota,MN,27065,Kanabec County,16608,2564.568666,71298.21579
Minnesota,MN,27067,Kandiyohi County,44674,5774.139262,139481.8358
Minnesota,MN,27069,Kittson County,3992,459.235502,21481.67043
Minnesota,MN,27071,Koochiching County,11594,755.2610946,32115.67359
Minnesota,MN,27073,Lac qui Parle County,6636,1072.847253,38596.38152
Minnesota,MN,27075,Lake County,10698,1508.961158,55317.43317
Minnesota,MN,27077,Lake of the Woods County,3797,201.2598052,12731.25796
Minnesota,MN,27079,Le Sueur County,29458,16107.93724,431595.0845
Minnesota,MN,27081,Lincoln County,5564,1039.410679,52718.59887
Minnesota,MN,27083,Lyon County,25577,3247.493918,92392.28338
Minnesota,MN,27085,McLeod County,36780,4253.496259,114484.1399
Minnesota,MN,27087,Mahnomen County,5296,598.6810893,28917.86213
Minnesota,MN,27089,Marshall County,8771,1654.939098,46742.93116
Minnesota,MN,27091,Martin County,19561,4066.437665,97498.74435
Minnesota,MN,27093,Meeker County,23491,1869.012275,63796.44957
Minnesota,MN,27095,Mille Lacs County,27577,3742.494743,96739.53738
Minnesota,MN,27097,Morrison County,34520,2676.631421,68078.57081
Minnesota,MN,27099,Mower County,40900,117797.0162,3948243.336
Minnesota,MN,27101,Murray County,8044,2745.73317,56919.47651
Minnesota,MN,27103,Nicollet County,34493,21085.44516,519323.8505
Minnesota,MN,27105,Nobles County,21969,3483.839368,115540.1705
Minnesota,MN,27107,Norman County,6284,431.0575444,26367.20174
Minnesota,MN,27109,Olmsted County,166424,2796642.983,96982757.54
Minnesota,MN,27111,Otter Tail County,60884,9830.207449,297693.9017
Minnesota,MN,27113,Pennington County,13652,1863.093284,59945.09449
Minnesota,MN,27115,Pine County,30319,3331.310155,118918.1785
Minnesota,MN,27117,Pipestone County,9100,2319.259273,91028.57646
Minnesota,MN,27119,Polk County,30413,21053.19209,610638.4826
Minnesota,MN,27121,Pope County,11495,993.938911,43276.07233
Minnesota,MN,27123,Ramsey County,542015,2054694.114,41235202.56
Minnesota,MN,27125,Red Lake County,3882,708.7181629,29267.41388
Minnesota,MN,27127,Redwood County,15254,1208.838438,41044.92063
Minnesota,MN,27129,Renville County,14453,1551.364503,49302.63617
Minnesota,MN,27131,Rice County,69025,45023.34956,1132584.496
Minnesota,MN,27133,Rock County,9525,2652.411709,137744.0989
Minnesota,MN,27135,Roseau County,15265,960.5055017,41121.75015
Minnesota,MN,27137,St. Louis County,200794,29347.23014,1397053.979
Minnesota,MN,27139,Scott County,157206,115729.3356,2515051.375
Minnesota,MN,27141,Sherburne County,103059,42435.29685,1358289.24
Minnesota,MN,27143,Sibley County,15194,1212.695659,42509.82412
Minnesota,MN,27145,Stearns County,163997,24793.89707,650957.9858
Minnesota,MN,27147,Steele County,37434,33656.89212,1111101.766
Minnesota,MN,27149,Stevens County,9819,1888.949366,67143.65745
Minnesota,MN,27151,Swift County,9666,745.5920075,28078.80953
Minnesota,MN,27153,Todd County,25955,1540.664946,60020.6011
Minnesota,MN,27155,Traverse County,3134,631.0867936,19276.71149
Minnesota,MN,27157,Wabasha County,21574,135101.1557,4698831.866
Minnesota,MN,27159,Wadena County,14437,1789.716517,41418.91387
Minnesota,MN,27161,Waseca County,18684,6466.981856,217751.1505
Minnesota,MN,27163,Washington County,283960,384077.0334,9369614.477
Minnesota,MN,27165,Watonwan County,11204,1412.416888,56588.88659
Minnesota,MN,27167,Wilkin County,6268,656.0271669,28019.58717
Minnesota,MN,27169,Winona County,49973,115146.4872,3965693.498
Minnesota,MN,27171,Wright County,154593,63634.97245,1890056.046
Minnesota,MN,27173,Yellow Medicine County,9373,1234.969297,53803.74024
Mississippi,MS,28001,Adams County,28674,7253.351338,93011.34532
Mississippi,MS,28003,Alcorn County,34228,9506.583428,95382.45649
Mississippi,MS,28005,Amite County,12451,5487.466325,51467.7686
Mississippi,MS,28007,Attala County,17222,13822.58658,128071.0508
Mississippi,MS,28009,Benton County,7566,2516.668669,58703.46729
Mississippi,MS,28011,Bolivar County,28395,16599.74123,106161.9042
Mississippi,MS,28013,Calhoun County,12754,30740.5976,167610.4056
Mississippi,MS,28015,Carroll County,9378,2692.598551,34967.42709
Mississippi,MS,28017,Chickasaw County,16774,6371.369155,61759.22594
Mississippi,MS,28019,Choctaw County,8091,5370.870478,53488.5663
Mississippi,MS,28021,Claiborne County,8122,1679.03454,30015.5062
Mississippi,MS,28023,Clarke County,15155,3026.787983,51207.32277
Mississippi,MS,28025,Clay County,18213,6740.172755,82589.40738
Mississippi,MS,28027,Coahoma County,20105,10204.08177,83581.47237
Mississippi,MS,28029,Copiah County,27536,31075.43979,417415.4961
Mississippi,MS,28031,Covington County,18015,12534.96746,99620.80507
Mississippi,MS,28033,DeSoto County,195871,220892.5156,8783698.406
Mississippi,MS,28035,Forrest County,78435,27712.30644,543178.5472
Mississippi,MS,28037,Franklin County,7516,725.9896158,21154.48752
Mississippi,MS,28039,George County,25880,5785.080195,69642.32233
Mississippi,MS,28041,Greene County,13675,1435.16849,22088.52269
Mississippi,MS,28043,Grenada County,20931,23302.94797,160770.5797
Mississippi,MS,28045,Hancock County,46492,19880.04766,159229.6367
Mississippi,MS,28047,Harrison County,213730,76050.28067,581520.3677
Mississippi,MS,28049,Hinds County,211975,447649.9636,7655314.921
Mississippi,MS,28051,Holmes County,15560,13126.74286,188807.3917
Mississippi,MS,28053,Humphreys County,7121,4308.407761,37164.9419
Mississippi,MS,28055,Issaquena County,1295,482.4468101,6492.575536
Mississippi,MS,28057,Itawamba County,24198,9315.531511,86941.85495
Mississippi,MS,28059,Jackson County,147002,47503.89223,399510.0472
Mississippi,MS,28061,Jasper County,15799,5239.236674,59797.36729
Mississippi,MS,28063,Jefferson County,6900,8716.017166,39089.73689
Mississippi,MS,28065,Jefferson Davis County,11059,3323.410375,50983.82509
Mississippi,MS,28067,Jones County,65837,14596.64326,189184.0712
Mississippi,MS,28069,Kemper County,8562,1916.679497,28225.70375
Mississippi,MS,28071,Lafayette County,59843,294493.2923,1401251.569
Mississippi,MS,28073,Lamar County,66734,23965.74035,463775.7453
Mississippi,MS,28075,Lauderdale County,70588,22600.63011,218666.6687
Mississippi,MS,28077,Lawrence County,11672,5674.10342,66825.78859
Mississippi,MS,28079,Leake County,21462,8831.501625,156454.6762
Mississippi,MS,28081,Lee County,83012,67850.30465,382371.165
Mississippi,MS,28083,Leflore County,26157,13092.90917,124171.7044
Mississippi,MS,28085,Lincoln County,34956,19272.89364,214006.2005
Mississippi,MS,28087,Lowndes County,57210,20394.40498,245613.1943
Mississippi,MS,28089,Madison County,114247,250705.9063,4245428.884
Mississippi,MS,28091,Marion County,24008,6280.008526,80597.54868
Mississippi,MS,28093,Marshall County,34374,38587.64348,345663.7562
Mississippi,MS,28095,Monroe County,33483,11043.09946,102796.0184
Mississippi,MS,28097,Montgomery County,9411,11391.45033,73961.35573
Mississippi,MS,28099,Neshoba County,28973,11338.47479,144842.6045
Mississippi,MS,28101,Newton County,21063,4454.147124,55573.80597
Mississippi,MS,28103,Noxubee County,9825,2977.474303,35743.33591
Mississippi,MS,28105,Oktibbeha County,51965,22413.52866,699133.2146
Mississippi,MS,28107,Panola County,32764,72484.94828,409091.3448
Mississippi,MS,28109,Pearl River County,59030,24533.29499,179700.574
Mississippi,MS,28111,Perry County,11406,984.9243192,28472.65058
Mississippi,MS,28113,Pike County,38980,15287.69678,142409.1909
Mississippi,MS,28115,Pontotoc County,32014,23235.48967,158527.8723
Mississippi,MS,28117,Prentiss County,25489,15376.33395,110368.8561
Mississippi,MS,28119,Quitman County,5542,4251.75249,36667.46034
Mississippi,MS,28121,Rankin County,160573,305994.1595,5214203.999
Mississippi,MS,28123,Scott County,27666,17198.8338,236735.1338
Mississippi,MS,28125,Sharkey County,3234,3241.564523,24771.36548
Mississippi,MS,28127,Simpson County,25597,12849.21456,234740.9279
Mississippi,MS,28129,Smith County,14051,4653.785773,81843.1442
Mississippi,MS,28131,Stone County,19569,6543.554459,68934.9081
Mississippi,MS,28133,Sunflower County,23029,14486.94344,123785.9245
Mississippi,MS,28135,Tallahatchie County,10921,3663.655884,35967.30251
Mississippi,MS,28137,Tate County,28551,25300.54963,485526.8146
Mississippi,MS,28139,Tippah County,21423,17441.00582,158948.5901
Mississippi,MS,28141,Tishomingo County,18553,5399.484363,45595.5653
Mississippi,MS,28143,Tunica County,9157,4064.717086,43171.0178
Mississippi,MS,28145,Union County,28363,27282.24445,130501.6427
Mississippi,MS,28147,Walthall County,13839,5208.881231,53960.82063
Mississippi,MS,28149,Warren County,42105,20828.34209,315628.8836
Mississippi,MS,28151,Washington County,41181,60183.99072,273166.6216
Mississippi,MS,28153,Wayne County,19749,2353.524455,33675.69806
Mississippi,MS,28155,Webster County,10039,7993.696127,98972.61702
Mississippi,MS,28157,Wilkinson County,7820,1583.783077,38754.41986
Mississippi,MS,28159,Winston County,17418,12160.62745,95763.46952
Mississippi,MS,28161,Yalobusha County,12458,24802.8194,130803.9553
Mississippi,MS,28163,Yazoo County,23024,15047.16588,258388.609
Missouri,MO,29001,Adair County,25660,30778.08282,106475.5377
Missouri,MO,29003,Andrew County,18091,2299.879028,21443.81736
Missouri,MO,29005,Atchison County,5139,0,5805.673673
Missouri,MO,29007,Audrain County,24304,196616.8767,728225.1111
Missouri,MO,29009,Barry County,35618,49195.16381,357281.543
Missouri,MO,29011,Barton County,11717,3092.039447,16789.52299
Missouri,MO,29013,Bates County,16394,4360.849465,29390.8004
Missouri,MO,29015,Benton County,20614,3586.18896,22959.03719
Missouri,MO,29017,Bollinger County,10610,38631.55002,306169.1138
Missouri,MO,29019,Boone County,192154,7866574.611,21155762.63
Missouri,MO,29021,Buchanan County,83574,17506.00039,235994.9371
Missouri,MO,29023,Butler County,41814,10416.82487,40215.27582
Missouri,MO,29025,Caldwell County,9000,2045.140915,13804.97107
Missouri,MO,29027,Callaway County,45126,433715.0009,1368067.793
Missouri,MO,29029,Camden County,44135,23982.78435,97000.31863
Missouri,MO,29031,Cape Girardeau County,83658,274531.6274,2163325.647
Missouri,MO,29033,Carroll County,8414,9798.72905,39015.45532
Missouri,MO,29035,Carter County,5359,2775.933947,8711.338105
Missouri,MO,29037,Cass County,113873,71490.46817,1318500.892
Missouri,MO,29039,Cedar County,15023,4246.818377,19767.86509
Missouri,MO,29041,Chariton County,7397,24541.69098,67656.77659
Missouri,MO,29043,Christian County,96045,14816.20811,111856.9844
Missouri,MO,29045,Clark County,6623,2045.140915,9624.981584
Missouri,MO,29047,Clay County,263370,189516.3143,4630093.95
Missouri,MO,29049,Clinton County,21721,6353.905795,123991.5911
Missouri,MO,29051,Cole County,77625,364673.7208,1255352.648
Missouri,MO,29053,Cooper County,17122,232300.6296,626755.8117
Missouri,MO,29055,Crawford County,22808,108929.5887,502859.9853
Missouri,MO,29057,Dade County,7622,3999.110048,17847.23197
Missouri,MO,29059,Dallas County,17877,4771.995469,23639.90005
Missouri,MO,29061,Daviess County,8541,5453.709107,20625.96004
Missouri,MO,29063,DeKalb County,9884,3408.568192,24367.38847
Missouri,MO,29065,Dent County,14721,36130.82283,115087.3209
Missouri,MO,29067,Douglas County,12290,2045.140915,8544.259757
Missouri,MO,29069,Dunklin County,27002,11548.28328,25862.10003
Missouri,MO,29071,Franklin County,107256,305967.914,2421737.677
Missouri,MO,29073,Gasconade County,14655,35605.64574,108059.0994
Missouri,MO,29075,Gentry County,6298,2432.471168,30789.6189
Missouri,MO,29077,Greene County,307942,221618.3485,1736311.671
Missouri,MO,29079,Grundy County,9766,3287.987963,73180.03691
Missouri,MO,29081,Harrison County,8186,2726.854553,15958.86036
Missouri,MO,29083,Henry County,22575,3667.722877,22826.19447
Missouri,MO,29085,Hickory County,8766,2981.592666,13049.94524
Missouri,MO,29087,Holt County,4241,2045.140915,11225.77812
Missouri,MO,29089,Howard County,10150,171360.1563,655554.0482
Missouri,MO,29091,Howell County,40762,10456.1337,53225.70444
Missouri,MO,29093,Iron County,9420,2348.958421,24370.62023
Missouri,MO,29095,Jackson County,727362,539962.412,14786596.39
Missouri,MO,29097,Jasper County,126479,100944.9291,779507.1734
Missouri,MO,29099,Jefferson County,231888,2279600.392,18693492.61
Missouri,MO,29101,Johnson County,55880,34652.19868,225186.4611
Missouri,MO,29103,Knox County,3740,2726.854553,8232.596087
Missouri,MO,29105,Laclede County,36738,59599.23283,376810.7027
Missouri,MO,29107,Lafayette County,33511,9120.895148,110516.614
Missouri,MO,29109,Lawrence County,39151,47486.7894,365024.7317
Missouri,MO,29111,Lewis County,9852,7655.386569,26493.45376
Missouri,MO,29113,Lincoln County,65888,467331.9339,3762226.451
Missouri,MO,29115,Linn County,11910,11858.59878,50996.29521
Missouri,MO,29117,Livingston County,14658,8834.643937,92204.20858
Missouri,MO,29119,McDonald County,24054,155828.0512,107960.5374
Missouri,MO,29121,Macon County,15177,49695.50478,335915.8496
Missouri,MO,29123,Madison County,12852,2045.140915,18326.92983
Missouri,MO,29125,Maries County,8506,26670.58318,78154.50363
Missouri,MO,29127,Marion County,28425,33560.50483,110314.0657
Missouri,MO,29129,Mercer County,3452,696.4424567,4918.949067
Missouri,MO,29131,Miller County,25668,11885.55844,41014.45521
Missouri,MO,29133,Mississippi County,11750,38631.55002,297664.4855
Missouri,MO,29135,Moniteau County,15294,54578.77954,161613.5347
Missouri,MO,29137,Monroe County,8890,22653.08661,65852.30931
Missouri,MO,29139,Montgomery County,11511,28631.97281,77631.19875
Missouri,MO,29141,Morgan County,22399,14748.34529,53479.38754
Missouri,MO,29143,New Madrid County,15212,5164.598832,21842.6572
Missouri,MO,29145,Newton County,61519,48168.09867,372552.2914
Missouri,MO,29147,Nodaway County,20503,3909.97817,34697.78059
Missouri,MO,29149,Oregon County,8699,2045.140915,6848.992675
Missouri,MO,29151,Osage County,13478,43884.41097,126693.1523
Missouri,MO,29153,Ozark County,9090,681.7136384,2957.573872
Missouri,MO,29155,Pemiscot County,14407,8358.184428,32874.08646
Missouri,MO,29157,Perry County,19100,40044.30699,320800.4764
Missouri,MO,29159,Pettis County,43791,117130.51,745363.2955
Missouri,MO,29161,Phelps County,45672,163545.1879,564157.5421
Missouri,MO,29163,Pike County,17961,14315.98641,47252.2446
Missouri,MO,29165,Platte County,113207,87411.86203,2608997.742
Missouri,MO,29167,Polk County,33070,12113.51042,56075.59261
Missouri,MO,29169,Pulaski County,53964,101706.761,689758.6926
Missouri,MO,29171,Putnam County,4539,4090.28183,10783.02527
Missouri,MO,29173,Ralls County,10499,53785.78661,342599.9194
Missouri,MO,29175,Randolph County,24077,188540.2944,506784.2128
Missouri,MO,29177,Ray County,23199,11325.29522,124079.8634
Missouri,MO,29179,Reynolds County,5927,0,487.1085854
Missouri,MO,29181,Ripley County,10715,3228.583172,12131.00635
Missouri,MO,29183,St. Charles County,423726,4009063.862,32585074.15
Missouri,MO,29185,St. Clair County,9848,1246.664659,17187.58085
Missouri,MO,29186,Ste. Genevieve County,18546,39396.64061,314479.4416
Missouri,MO,29187,St. Francois County,67503,159089.0478,1288423.563
Missouri,MO,29189,St. Louis County,992929,18307785.87,150993947
Missouri,MO,29195,Saline County,23325,73797.98867,416827.1818
Missouri,MO,29197,Schuyler County,4069,3565.104739,14648.82159
Missouri,MO,29199,Scotland County,4698,1370.791686,4534.380013
Missouri,MO,29201,Scott County,37957,47029.1592,356933.2571
Missouri,MO,29203,Shannon County,7275,501.7286188,2271.027127
Missouri,MO,29205,Shelby County,5926,5046.484316,16197.11988
Missouri,MO,29207,Stoddard County,28438,7753.588135,32691.60123
Missouri,MO,29209,Stone County,32630,11518.87652,62199.88636
Missouri,MO,29211,Sullivan County,5750,2883.3911,13661.29509
Missouri,MO,29213,Taney County,56744,18263.64668,122465.2352
Missouri,MO,29215,Texas County,25715,40832.47184,308027.886
Missouri,MO,29217,Vernon County,19787,3817.185537,25911.06482
Missouri,MO,29219,Warren County,38478,158309.9707,1266385.419
Missouri,MO,29221,Washington County,23583,64258.70277,179794.6333
Missouri,MO,29223,Wayne County,10820,2734.495766,14071.86509
Missouri,MO,29225,Webster County,42041,11889.59454,55572.77346
Missouri,MO,29227,Worth County,1872,1370.791686,4200.494508
Missouri,MO,29229,Wright County,19505,6316.772476,28772.69841
Missouri,MO,29510,St. Louis city,279695,7070289.946,59587934.78
Pennsylvania,PA,42001,Adams County,107914,95116.17979,741390.7228
Pennsylvania,PA,42003,Allegheny County,1231814,17643279.86,220215525
Pennsylvania,PA,42005,Armstrong County,63679,239588.1501,2915843.928
Pennsylvania,PA,42007,Beaver County,165540,323747.9449,3638112.984
Pennsylvania,PA,42009,Bedford County,47643,82514.56404,905140.5774
Pennsylvania,PA,42011,Berks County,439117,432960.6964,4077033.549
Pennsylvania,PA,42013,Blair County,120269,343729.9769,4073454.199
Pennsylvania,PA,42015,Bradford County,59699,51786.45898,599114.184
Pennsylvania,PA,42017,Bucks County,650131,1768914.392,27835990.34
Pennsylvania,PA,42019,Butler County,199341,630830.4965,7759550.559
Pennsylvania,PA,42021,Cambria County,130108,166419.9106,1792206.164
Pennsylvania,PA,42023,Cameron County,4348,8110.212197,97935.61421
Pennsylvania,PA,42025,Carbon County,65743,39029.79088,428558.5361
Pennsylvania,PA,42027,Centre County,159805,2341026.776,27512099.82
Pennsylvania,PA,42029,Chester County,560745,2129024.674,27488925.28
Pennsylvania,PA,42031,Clarion County,36855,104403.3278,1261982.363
Pennsylvania,PA,42033,Clearfield County,78132,309449.0177,3693718.292
Pennsylvania,PA,42035,Clinton County,37865,200453.7517,2239058.094
Pennsylvania,PA,42037,Columbia County,66012,33592.20854,1201801.121
Pennsylvania,PA,42039,Crawford County,82089,96768.60185,1206352.989
Pennsylvania,PA,42041,Cumberland County,275516,1225926.779,6637976.006
Pennsylvania,PA,42043,Dauphin County,293029,4477444.087,19698542.31
Pennsylvania,PA,42045,Delaware County,584882,6377843.102,74086310.99
Pennsylvania,PA,42047,Elk County,30124,14881.81985,205811.2779
Pennsylvania,PA,42049,Erie County,267750,262064.831,3222399.178
Pennsylvania,PA,42051,Fayette County,123941,166524.4278,2677147.917
Pennsylvania,PA,42053,Forest County,6601,4851.406923,42705.12808
Pennsylvania,PA,42055,Franklin County,159285,131495.8095,1315130.779
Pennsylvania,PA,42057,Fulton County,14452,13518.94757,164796.945
Pennsylvania,PA,42059,Greene County,33960,63264.22302,1226958.909
Pennsylvania,PA,42061,Huntingdon County,43359,60970.84115,742170.7369
Pennsylvania,PA,42063,Indiana County,82953,142649.9503,1765783.559
Pennsylvania,PA,42065,Jefferson County,43367,60629.13756,580546.6768
Pennsylvania,PA,42067,Juniata County,23395,62378.56368,638554.396
Pennsylvania,PA,42069,Lackawanna County,216859,128887.5468,1427592.097
Pennsylvania,PA,42071,Lancaster County,563293,1704362.026,10122526.73
Pennsylvania,PA,42073,Lawrence County,84233,134573.0914,1594458.852
Pennsylvania,PA,42075,Lebanon County,145319,1809190.276,7671292.492
Pennsylvania,PA,42077,Lehigh County,385655,302497.6761,4627046.233
Pennsylvania,PA,42079,Luzerne County,331379,226545.8864,2665769.55
Pennsylvania,PA,42081,Lycoming County,113236,111561.7438,1620027.885
Pennsylvania,PA,42083,McKean County,39478,45094.61092,502826.058
Pennsylvania,PA,42085,Mercer County,108140,168725.4326,2039728.351
Pennsylvania,PA,42087,Mifflin County,45935,219709.39,2340611.789
Pennsylvania,PA,42089,Monroe County,166523,98417.46274,1689086.423
Pennsylvania,PA,42091,Montgomery County,879190,6650808.836,80534922.01
Pennsylvania,PA,42093,Montour County,18115,8230.429194,770752.7257
Pennsylvania,PA,42095,Northampton County,322989,255074.0126,4457349.05
Pennsylvania,PA,42097,Northumberland County,90027,81125.9096,1959479.638
Pennsylvania,PA,42099,Perry County,46816,242934.0443,1344839.325
Pennsylvania,PA,42101,Philadelphia County,1573916,22852888.08,263770561.9
Pennsylvania,PA,42103,Pike County,62376,22945.04953,482176.3515
Pennsylvania,PA,42105,Potter County,15993,13709.49348,178905.5877
Pennsylvania,PA,42107,Schuylkill County,144523,212060.9742,1660866.14
Pennsylvania,PA,42109,Snyder County,39627,77662.27102,774887.4853
Pennsylvania,PA,42111,Somerset County,72134,74856.37301,875096.5156
Pennsylvania,PA,42113,Sullivan County,5927,3068.308891,47175.98773
Pennsylvania,PA,42115,Susquehanna County,38100,23922.55013,381727.1961
Pennsylvania,PA,42117,Tioga County,40698,8734.233576,279127.9786
Pennsylvania,PA,42119,Union County,42159,91164.06782,1058796.023
Pennsylvania,PA,42121,Venango County,49476,75447.73765,935065.0936
Pennsylvania,PA,42123,Warren County,37373,34169.11885,366855.4666
Pennsylvania,PA,42125,Washington County,210434,778546.2811,9556931.976
Pennsylvania,PA,42127,Wayne County,51419,27150.68547,501248.4384
Pennsylvania,PA,42129,Westmoreland County,350935,1865677.12,23037411.59
Pennsylvania,PA,42131,Wyoming County,25771,16818.28498,189968.0413
Pennsylvania,PA,42133,York County,471240,1145360.081,7846610.055
Rhode Island,RI,44001,Bristol County,50145,168500.0791,4699378.342
Rhode Island,RI,44003,Kent County,172450,534602.1522,11172118.53
Rhode Island,RI,44005,Newport County,83468,146356.707,3820252.343
Rhode Island,RI,44007,Providence County,675912,1982140.682,59176117.65
Rhode Island,RI,44009,Washington County,130333,205301.9814,5930340.507
South Carolina,SC,45001,Abbeville County,24607,38556.74229,171074.364
South Carolina,SC,45003,Aiken County,179245,1869736.824,7036816.068
South Carolina,SC,45005,Allendale County,7551,24547.11879,104496.1491
South Carolina,SC,45007,Anderson County,217183,496114.8559,3093079.39
South Carolina,SC,45009,Bamberg County,12870,35944.86459,172353.1002
South Carolina,SC,45011,Barnwell County,20495,80794.18505,395969.2428
South Carolina,SC,45013,Beaufort County,201775,481531.6859,1034351.714
South Carolina,SC,45015,Berkeley County,264276,1205351.229,12342386.56
South Carolina,SC,45017,Calhoun County,14249,89071.06699,268350.6696
South Carolina,SC,45019,Charleston County,431001,3156273.444,33256310.33
South Carolina,SC,45021,Cherokee County,57770,83399.62516,262806.0839
South Carolina,SC,45023,Chester County,32323,36930.29124,129265.3349
South Carolina,SC,45025,Chesterfield County,44488,75372.55786,313495.367
South Carolina,SC,45027,Clarendon County,31030,58984.17356,321185.1156
South Carolina,SC,45029,Colleton County,39259,91706.61917,715711.995
South Carolina,SC,45031,Darlington County,62425,270341.7541,481737.5132
South Carolina,SC,45033,Dillon County,27577,56323.06771,158217.1356
South Carolina,SC,45035,Dorchester County,174663,857890.3159,8496341.026
South Carolina,SC,45037,Edgefield County,29455,295345.8186,1197158.939
South Carolina,SC,45039,Fairfield County,20369,270479.3069,329945.6993
South Carolina,SC,45041,Florence County,138049,592221.2507,2258434.025
South Carolina,SC,45043,Georgetown County,66035,112365.5376,623159.5
South Carolina,SC,45045,Greenville County,570745,649037.3342,3432549.617
South Carolina,SC,45047,Greenwood County,70041,89096.50312,317699.1495
South Carolina,SC,45049,Hampton County,18172,60677.32707,293526.5571
South Carolina,SC,45051,Horry County,413391,687933.5039,1426324.985
South Carolina,SC,45053,Jasper County,35618,44442.79501,139061.2481
South Carolina,SC,45055,Kershaw County,71698,373849.3901,915610.9326
South Carolina,SC,45057,Lancaster County,111652,309810.6211,819115.125
South Carolina,SC,45059,Laurens County,70545,85782.50059,368262.1407
South Carolina,SC,45061,Lee County,15958,44849.52057,123698.3136
South Carolina,SC,45063,Lexington County,313774,4575447.393,8253623.857
South Carolina,SC,45065,McCormick County,9983,24553.50924,88832.5553
South Carolina,SC,45067,Marion County,28368,147814.7555,476748.172
South Carolina,SC,45069,Marlboro County,25498,42503.72854,136240.8775
South Carolina,SC,45071,Newberry County,39203,84948.34776,220264.888
South Carolina,SC,45073,Oconee County,82475,334965.9898,2104432.171
South Carolina,SC,45075,Orangeburg County,83129,449454.8538,1133855.719
South Carolina,SC,45077,Pickens County,138207,819166.8941,5202192.075
South Carolina,SC,45079,Richland County,430651,9870242.489,17616170.39
South Carolina,SC,45081,Saluda County,19452,42528.54832,181205.3908
South Carolina,SC,45083,Spartanburg County,369256,762871.667,2479914.453
South Carolina,SC,45085,Sumter County,104776,463672.7511,938072.264
South Carolina,SC,45087,Union County,26678,33228.55391,149842.634
South Carolina,SC,45089,Williamsburg County,29865,227510.9835,545610.6869
South Carolina,SC,45091,York County,303001,285814.0731,1309533.312
South Dakota,SD,46003,Aurora County,2752,106.5966383,12098.1639
South Dakota,SD,46005,Beadle County,19459,492.5405241,50631.70352
South Dakota,SD,46007,Bennett County,3289,55.52540598,4879.649027
South Dakota,SD,46009,Bon Homme County,7071,1325.421614,51696.62862
South Dakota,SD,46011,Brookings County,36359,3264.35665,1291502.547
South Dakota,SD,46013,Brown County,37495,1262.407268,154490.0855
South Dakota,SD,46015,Brule County,5261,599.1371623,29399.10984
South Dakota,SD,46017,Buffalo County,1825,0,3615.553938
South Dakota,SD,46019,Butte County,10891,291.8244176,38064.19665
South Dakota,SD,46021,Campbell County,1342,0,2962.275199
South Dakota,SD,46023,Charles Mix County,9343,492.5405241,31672.32706
South Dakota,SD,46025,Clark County,3974,610.7794658,13002.75847
South Dakota,SD,46027,Clay County,15245,98104.48402,905196.3615
South Dakota,SD,46029,Codington County,29278,3242.302599,174465.8914
South Dakota,SD,46031,Corson County,3747,0,10580.86169
South Dakota,SD,46033,Custer County,9330,557.2540248,12027.02682
South Dakota,SD,46035,Davison County,19907,2135.413786,158653.6317
South Dakota,SD,46037,Day County,5408,111.050812,17992.51081
South Dakota,SD,46039,Deuel County,4335,659.116742,37383.02521
South Dakota,SD,46041,Dewey County,5322,143.7625704,52473.36363
South Dakota,SD,46043,Douglas County,2849,55.52540598,16380.12001
South Dakota,SD,46045,Edmunds County,4027,254.8133824,13840.59971
South Dakota,SD,46047,Fall River County,7359,0,7235.756475
South Dakota,SD,46049,Faulk County,2136,111.050812,4708.938266
South Dakota,SD,46051,Grant County,7618,1101.599772,59112.49402
South Dakota,SD,46053,Gregory County,4110,499.7286538,40308.50418
South Dakota,SD,46055,Haakon County,1834,0,3644.120535
South Dakota,SD,46057,Hamlin County,6596,495.2744801,40254.16496
South Dakota,SD,46059,Hand County,3097,162.1220442,13932.5718
South Dakota,SD,46061,Hanson County,3477,384.2236682,29617.07485
South Dakota,SD,46063,Harding County,1325,0,2159.654422
South Dakota,SD,46065,Hughes County,17526,1054.982714,77930.73639
South Dakota,SD,46067,Hutchinson County,7416,659.116742,46599.91294
South Dakota,SD,46069,Hyde County,1215,111.050812,5984.5884
South Dakota,SD,46071,Jackson County,2737,0,1260.463985
South Dakota,SD,46073,Jerauld County,1689,162.1220442,10586.02472
South Dakota,SD,46075,Jones County,874,0,1053.389016
South Dakota,SD,46077,Kingsbury County,5261,333.1524359,57117.53077
South Dakota,SD,46079,Lake County,11006,1581.966677,168126.4477
South Dakota,SD,46081,Lawrence County,28809,444.2032479,123280.2813
South Dakota,SD,46083,Lincoln County,75244,11448.20312,2357433.805
South Dakota,SD,46085,Lyman County,3721,273.1728562,9172.682278
South Dakota,SD,46087,McCook County,5771,550.7998861,104915.2793
South Dakota,SD,46089,McPherson County,2307,0,4948.902388
South Dakota,SD,46091,Marshall County,4395,111.050812,9068.146625
South Dakota,SD,46093,Meade County,30918,1291.292419,64240.80936
South Dakota,SD,46095,Mellette County,1834,55.52540598,1590.890358
South Dakota,SD,46097,Miner County,2303,277.6270299,19672.6547
South Dakota,SD,46099,Minnehaha County,208639,24432.39249,7344884.602
South Dakota,SD,46101,Moody County,6529,333.1524359,85085.97314
South Dakota,SD,46102,Oglala Lakota County,13360,304.6188591,10366.96923
South Dakota,SD,46103,Pennington County,115979,3573.438376,272604.624
South Dakota,SD,46105,Perkins County,2832,0,4802.95041
South Dakota,SD,46107,Potter County,2402,437.0151181,14961.10768
South Dakota,SD,46109,Roberts County,10283,328.6982622,27737.46343
South Dakota,SD,46111,Sanborn County,2392,222.1016239,9298.35027
South Dakota,SD,46115,Spink County,6108,381.4897121,25337.07795
South Dakota,SD,46117,Stanley County,3015,55.52540598,9121.420586
South Dakota,SD,46119,Sully County,1468,0,4760.598748
South Dakota,SD,46121,Todd County,9172,270.4389001,9697.229165
South Dakota,SD,46123,Tripp County,5717,610.7794658,27297.35879
South Dakota,SD,46125,Turner County,9087,1603.048644,151957.8669
South Dakota,SD,46127,Union County,17402,6929.033444,160887.6204
South Dakota,SD,46129,Walworth County,5270,331.7271759,26315.68631
South Dakota,SD,46135,Yankton County,23509,7580.850906,171687.9946
South Dakota,SD,46137,Ziebach County,2418,106.5966383,11020.84511
Tennessee,TN,47001,Anderson County,81449,105260.1811,978092.0144
Tennessee,TN,47003,Bedford County,54228,104850.0906,2358455.287
Tennessee,TN,47005,Benton County,16173,5519.143332,100629.351
Tennessee,TN,47007,Bledsoe County,15591,5875.866692,35093.02503
Tennessee,TN,47009,Blount County,142211,190723.5851,870706.9431
Tennessee,TN,47011,Bradley County,113782,46138.59535,345609.7911
Tennessee,TN,47013,Campbell County,40238,13580.95359,95547.11871
Tennessee,TN,47015,Cannon County,15142,26635.77686,578147.9702
Tennessee,TN,47017,Carroll County,29107,9864.597293,210505.4927
Tennessee,TN,47019,Carter County,57434,114892.2297,354708.3418
Tennessee,TN,47021,Cheatham County,42604,229703.9355,5120746.409
Tennessee,TN,47023,Chester County,17876,3607.925879,127614.6193
Tennessee,TN,47025,Claiborne County,33070,8627.102083,76802.24428
Tennessee,TN,47027,Clay County,7857,1937.619314,38467.3768
Tennessee,TN,47029,Cocke County,37596,16754.20863,134202.8582
Tennessee,TN,47031,Coffee County,61285,74467.50232,1474520.853
Tennessee,TN,47033,Crockett County,13973,2052.725388,83863.96926
Tennessee,TN,47035,Cumberland County,65618,22323.61312,414062.4528
Tennessee,TN,47037,Davidson County,729505,6473280.075,144031996.3
Tennessee,TN,47039,Decatur County,11800,2186.789941,66380.35704
Tennessee,TN,47041,DeKalb County,21747,24095.34959,540188.5079
Tennessee,TN,47043,Dickson County,57641,181762.9565,4045274.961
Tennessee,TN,47045,Dyer County,36403,5901.412827,251892.2067
Tennessee,TN,47047,Fayette County,44476,33339.20133,1742082.688
Tennessee,TN,47049,Fentress County,20129,4997.503398,88629.35284
Tennessee,TN,47051,Franklin County,45137,47455.4617,968055.9635
Tennessee,TN,47053,Gibson County,51422,116106.4626,919968.3235
Tennessee,TN,47055,Giles County,30971,26082.76173,470274.0545
Tennessee,TN,47057,Grainger County,25073,16082.31892,93078.18002
Tennessee,TN,47059,Greene County,73398,54998.5276,274442.568
Tennessee,TN,47061,Grundy County,14148,5580.243282,53016.19547
Tennessee,TN,47063,Hamblen County,67715,56332.63956,445980.7239
Tennessee,TN,47065,Hamilton County,386256,195833.214,1575388.24
Tennessee,TN,47067,Hancock County,7038,1024.339227,21368.45182
Tennessee,TN,47069,Hardeman County,25434,7091.910827,175434.3298
Tennessee,TN,47071,Hardin County,27617,5739.578433,165458.6111
Tennessee,TN,47073,Hawkins County,59371,38105.33312,191143.2895
Tennessee,TN,47075,Haywood County,17097,3028.076842,117191.7025
Tennessee,TN,47077,Henderson County,28183,4660.498383,171514.0064
Tennessee,TN,47079,Henry County,32883,12542.0698,237017.5817
Tennessee,TN,47081,Hickman County,25859,15806.05678,362276.433
Tennessee,TN,47083,Houston County,8538,1472.579192,24638.45624
Tennessee,TN,47085,Humphreys County,19554,9874.447153,179194.2078
Tennessee,TN,47087,Jackson County,12376,7632.666349,146341.5832
Tennessee,TN,47089,Jefferson County,59217,46186.5807,305990.7329
Tennessee,TN,47091,Johnson County,18506,6944.560294,33707.73223
Tennessee,TN,47093,Knox County,506748,1624244.054,7540319.306
Tennessee,TN,47095,Lake County,6422,1268.286918,53953.09535
Tennessee,TN,47097,Lauderdale County,24630,8827.862122,227971.0759
Tennessee,TN,47099,Lawrence County,46467,29942.34447,706625.3832
Tennessee,TN,47101,Lewis County,13418,8911.103475,177917.6541
Tennessee,TN,47103,Lincoln County,36751,40131.30315,892167.1386
Tennessee,TN,47105,Loudon County,62129,43788.86345,267355.0879
Tennessee,TN,47107,McMinn County,56754,25033.65477,231233.9477
Tennessee,TN,47109,McNairy County,26103,4508.24871,120749.463
Tennessee,TN,47111,Macon County,27189,26877.88039,596450.1145
Tennessee,TN,47113,Madison County,100409,19701.23563,703060.3936
Tennessee,TN,47115,Marion County,29826,8210.726365,63023.46898
Tennessee,TN,47117,Marshall County,37847,59145.94248,1276621.527
Tennessee,TN,47119,Maury County,113411,236914.5886,5284675.079
Tennessee,TN,47121,Meigs County,13937,3888.109115,30028.9303
Tennessee,TN,47123,Monroe County,49154,17918.74422,193598.5771
Tennessee,TN,47125,Montgomery County,246025,386720.4455,8129743.24
Tennessee,TN,47127,Moore County,6773,10349.89013,177127.1374
Tennessee,TN,47129,Morgan County,21954,7324.124268,79374.55807
Tennessee,TN,47131,Obion County,30261,4883.240284,171688.0162
Tennessee,TN,47133,Overton County,23551,9350.100253,160356.4824
Tennessee,TN,47135,Perry County,8987,5660.071242,129955.202
Tennessee,TN,47137,Pickett County,5108,2610.550782,54149.55438
Tennessee,TN,47139,Polk County,18338,9219.37064,50463.41001
Tennessee,TN,47141,Putnam County,84894,35051.87911,658952.259
Tennessee,TN,47143,Rhea County,34759,13268.05583,121170.0365
Tennessee,TN,47145,Roane County,56742,36522.63287,302175.2948
Tennessee,TN,47147,Robertson County,78459,256402.752,5686990.805
Tennessee,TN,47149,Rutherford County,376996,1031648.97,22229609.81
Tennessee,TN,47151,Scott County,22517,1971.645353,30114.29449
Tennessee,TN,47153,Sequatchie County,17620,6112.106385,79913.82898
Tennessee,TN,47155,Sevier County,100184,78065.059,524139.3838
Tennessee,TN,47157,Shelby County,910530,1374479.229,74213743.26
Tennessee,TN,47159,Smith County,20783,37137.41565,841336.3108
Tennessee,TN,47161,Stewart County,14365,5956.303275,91723.54406
Tennessee,TN,47163,Sullivan County,162703,239635.8815,1019702.895
Tennessee,TN,47165,Sumner County,211721,760992.1595,16836394.12
Tennessee,TN,47167,Tipton County,62187,59491.93055,2939230.902
Tennessee,TN,47169,Trousdale County,12159,30321.09354,680335.156
Tennessee,TN,47171,Unicoi County,17872,27948.60723,89534.17293
Tennessee,TN,47173,Union County,21064,22063.43815,179837.0498
Tennessee,TN,47175,Van Buren County,6686,2167.706136,45193.88807
Tennessee,TN,47177,Warren County,43619,39645.87612,845654.7819
Tennessee,TN,47179,Washington County,139642,460853.2023,1391960.9
Tennessee,TN,47181,Wayne County,15974,9015.587383,211102.0773
Tennessee,TN,47183,Weakley County,33162,5328.886371,182814.7749
Tennessee,TN,47185,White County,29108,13571.65537,268120.373
Tennessee,TN,47187,Williamson County,269136,1442801.247,31860957.5
Tennessee,TN,47189,Wilson County,169948,704458.2346,15588838.07
Texas,TX,48001,Anderson County,59512,41155.63101,584545.1958
Texas,TX,48003,Andrews County,18923,13616.09589,67618.95645
Texas,TX,48005,Angelina County,88094,519833.0137,1080986.889
Texas,TX,48007,Aransas County,25595,44088.87602,68314.05613
Texas,TX,48009,Archer County,9155,4532.901733,25908.83748
Texas,TX,48011,Armstrong County,1809,0,2490.966093
Texas,TX,48013,Atascosa County,52783,279666.7788,1401474.842
Texas,TX,48015,Austin County,32546,99547.74451,883618.3149
Texas,TX,48017,Bailey County,7031,2921.994533,26237.61699
Texas,TX,48019,Bandera County,22830,89211.64604,784192.521
Texas,TX,48021,Bastrop County,114931,275656.5581,1676086.574
Texas,TX,48023,Baylor County,3533,2272.487453,12220.58784
Texas,TX,48025,Bee County,31226,40043.26456,158495.9886
Texas,TX,48027,Bell County,399578,908046.0609,2852462.308
Texas,TX,48029,Bexar County,2127737,16543701.82,94614356.38
Texas,TX,48031,Blanco County,13358,21048.98786,143314.1539
Texas,TX,48033,Borden County,557,925.8397127,1277.256728
Texas,TX,48035,Bosque County,19013,102929.0441,121476.0231
Texas,TX,48037,Bowie County,91992,86082.81287,444353.2425
Texas,TX,48039,Brazoria County,413224,14152438.46,46689185.23
Texas,TX,48041,Brazos County,249624,3587250.964,28907522.59
Texas,TX,48043,Brewster County,9508,6934.833988,31403.62201
Texas,TX,48045,Briscoe County,1494,0,1241.89022
Texas,TX,48047,Brooks County,6740,3414.386243,26494.31578
Texas,TX,48049,Brown County,38631,62079.65338,232177.5032
Texas,TX,48051,Burleson County,20179,180305.563,1160306.154
Texas,TX,48053,Burnet County,55722,62060.19384,332159.5561
Texas,TX,48055,Caldwell County,52430,204299.4642,1000233.168
Texas,TX,48057,Calhoun County,19942,36000.01198,114118.6104
Texas,TX,48059,Callahan County,14615,12040.87258,87557.24213
Texas,TX,48061,Cameron County,431874,315334.5741,2077544.433
Texas,TX,48063,Camp County,13164,17391.4341,48826.40713
Texas,TX,48065,Carson County,5822,1186.408233,7236.432434
Texas,TX,48067,Cass County,28622,20179.78543,197931.071
Texas,TX,48069,Castro County,7380,590.5418562,15838.99525
Texas,TX,48071,Chambers County,56179,335358.9684,1560457.473
Texas,TX,48073,Cherokee County,53223,224459.4521,494330.2623
Texas,TX,48075,Childress County,6679,692.7612773,17954.23173
Texas,TX,48077,Clay County,10730,10412.02328,31832.08492
Texas,TX,48079,Cochran County,2583,1451.860157,26007.45732
Texas,TX,48081,Coke County,3396,391.9118269,4556.547564
Texas,TX,48083,Coleman County,7990,8941.001673,33661.57181
Texas,TX,48085,Collin County,1254658,2690330.481,33472866.43
Texas,TX,48087,Collingsworth County,2611,0,26.03425714
Texas,TX,48089,Colorado County,21475,90775.79866,544667.3968
Texas,TX,48091,Comal County,201628,1039368.706,3734824.355
Texas,TX,48093,Comanche County,14359,21705.43483,155889.36
Texas,TX,48095,Concho County,3326,183.2850524,11863.8821
Texas,TX,48097,Cooke County,44258,59437.87233,312514.7973
Texas,TX,48099,Coryell County,86370,153399.6501,422465.2012
Texas,TX,48101,Cottle County,1263,45.72457147,428.4845492
Texas,TX,48103,Crane County,4594,3261.525274,11403.31858
Texas,TX,48105,Crockett County,2799,1891.356032,14595.5128
Texas,TX,48107,Crosby County,5030,8773.908221,80943.53125
Texas,TX,48109,Culberson County,2254,941.8082171,2258.997091
Texas,TX,48111,Dallam County,7526,2960.643155,18694.59951
Texas,TX,48113,Dallas County,2656028,10457218.63,121307272.4
Texas,TX,48115,Dawson County,11758,7644.365707,48569.75643
Texas,TX,48117,Deaf Smith County,18495,4193.441377,49324.45579
Texas,TX,48119,Delta County,5647,9865.678476,13629.11387
Texas,TX,48121,Denton County,1045120,2343197.141,25884115.67
Texas,TX,48123,DeWitt County,20252,65258.37665,334639.2362
Texas,TX,48125,Dickens County,1725,0,13773.70668
Texas,TX,48127,Dimmit County,8181,14315.10048,43484.77197
Texas,TX,48129,Donley County,3193,254.7381125,3082.345536
Texas,TX,48131,Duval County,9585,10681.66821,23154.12144
Texas,TX,48133,Eastland County,18290,19601.94015,110793.7477
Texas,TX,48135,Ector County,170022,59487.92535,610944.5815
Texas,TX,48137,Edwards County,1383,838.8620395,4738.558222
Texas,TX,48139,Ellis County,232387,783502.3625,6803283.433
Texas,TX,48141,El Paso County,875784,9528530.614,11649884.6
Texas,TX,48143,Erath County,44496,54480.44935,356447.6145
Texas,TX,48145,Falls County,17752,131970.3388,120027.4296
Texas,TX,48147,Fannin County,38650,26744.28901,246389.3198
Texas,TX,48149,Fayette County,25488,86204.41195,736942.7683
Texas,TX,48151,Fisher County,3665,16154.13588,18871.66596
Texas,TX,48153,Floyd County,5042,7385.474561,31375.19106
Texas,TX,48155,Foard County,1053,2130.970516,9971.205533
Texas,TX,48157,Fort Bend County,958434,13501461.79,86945143.55
Texas,TX,48159,Franklin County,10912,7145.865232,28796.52865
Texas,TX,48161,Freestone County,20645,71626.72772,137286.1942
Texas,TX,48163,Frio County,19520,39656.81176,353320.5189
Texas,TX,48165,Gaines County,22892,9062.705508,62637.97281
Texas,TX,48167,Galveston County,367407,77538533.27,45637773.48
Texas,TX,48169,Garza County,4645,1542.371293,57307.7456
Texas,TX,48171,Gillespie County,28159,64930.81081,297641.4679
Texas,TX,48173,Glasscock County,1153,1172.239477,8082.656261
Texas,TX,48175,Goliad County,7221,14777.33769,53800.93765
Texas,TX,48177,Gonzales County,20040,63907.10783,280259.6496
Texas,TX,48179,Gray County,20888,5946.911357,67331.76809
Texas,TX,48181,Grayson County,150532,114587.8196,658253.9392
Texas,TX,48183,Gregg County,126679,142992.1102,956139.588
Texas,TX,48185,Grimes County,33448,239260.5346,1860168.285
Texas,TX,48187,Guadalupe County,195166,1023072.075,4631291.985
Texas,TX,48189,Hale County,31953,28470.77718,346719.9153
Texas,TX,48191,Hall County,2828,632.2303309,5675.864257
Texas,TX,48193,Hamilton County,8644,7747.191243,21440.24274
Texas,TX,48195,Hansford County,5006,558.3033521,16795.66082
Texas,TX,48197,Hardeman County,3417,2580.400536,3078.249761
Texas,TX,48199,Hardin County,58670,243487.0564,314598.308
Texas,TX,48201,Harris County,5009302,59649217.4,338583287.8
Texas,TX,48203,Harrison County,71370,84609.79674,472974.3808
Texas,TX,48205,Hartley County,4996,1111.809071,21495.41501
Texas,TX,48207,Haskell County,5435,1851.357816,14845.05299
Texas,TX,48209,Hays County,292029,1898004.142,4690589.825
Texas,TX,48211,Hemphill County,3134,1147.35691,12139.95203
Texas,TX,48213,Henderson County,87467,106794.8822,789142.545
Texas,TX,48215,Hidalgo County,914820,556204.0642,8966052.806
Texas,TX,48217,Hill County,38771,147329.2297,340882.1314
Texas,TX,48219,Hockley County,21505,12547.62871,350880.3264
Texas,TX,48221,Hood County,69126,68861.67714,429175.484
Texas,TX,48223,Hopkins County,38784,30672.37658,145377.8527
Texas,TX,48225,Houston County,22197,155658.4731,174141.5334
Texas,TX,48227,Howard County,30833,27926.39929,179344.5716
Texas,TX,48229,Hudspeth County,3608,7387.743856,10660.8549
Texas,TX,48231,Hunt County,118729,124441.1885,1196592.974
Texas,TX,48233,Hutchinson County,19721,16630.24885,31320.4217
Texas,TX,48235,Irion County,1526,1404.133348,5940.973798
Texas,TX,48237,Jack County,9398,8633.797818,59403.75034
Texas,TX,48239,Jackson County,15284,10862.45865,78610.01149
Texas,TX,48241,Jasper County,32907,179893.783,143401.3061
Texas,TX,48243,Jeff Davis County,1778,254.7381125,3108.595111
Texas,TX,48245,Jefferson County,253948,996660.0989,1832411.733
Texas,TX,48247,Jim Hogg County,4583,3082.021171,20940.95954
Texas,TX,48249,Jim Wells County,38886,49295.12506,173553.3668
Texas,TX,48251,Johnson County,210547,463745.9328,2850702.495
Texas,TX,48253,Jones County,20850,14119.68388,107661.0855
Texas,TX,48255,Karnes County,15137,32223.32377,176011.3216
Texas,TX,48257,Kaufman County,197829,613497.5161,6440409.717
Texas,TX,48259,Kendall County,51828,246221.1053,1163637.677
Texas,TX,48261,Kenedy County,330,0,717.7231513
Texas,TX,48263,Kent County,703,4227.310787,46195.06272
Texas,TX,48265,Kerr County,53900,147451.4697,725427.0391
Texas,TX,48267,Kimble County,4401,3823.317685,34462.86559
Texas,TX,48269,King County,215,0,2483.78044
Texas,TX,48271,Kinney County,3191,534.3587923,5083.020263
Texas,TX,48273,Kleberg County,30442,32745.69955,350722.4473
Texas,TX,48275,Knox County,3255,1221.674312,8626.831056
Texas,TX,48277,Lamar County,51249,45395.48924,285548.9391
Texas,TX,48279,Lamb County,12687,3033.84465,172050.1307
Texas,TX,48281,Lampasas County,23539,32147.77795,104538.3404
Texas,TX,48283,La Salle County,6679,6415.740918,112745.3599
Texas,TX,48285,Lavaca County,20605,16624.82193,156591.155
Texas,TX,48287,Lee County,18451,55357.78037,263275.284
Texas,TX,48289,Leon County,16698,69339.30169,623612.9506
Texas,TX,48291,Liberty County,115042,461377.5008,1810560.611
Texas,TX,48293,Limestone County,22569,115784.5171,216152.3773
Texas,TX,48295,Lipscomb County,2880,254.7381125,3095.236758
Texas,TX,48297,Live Oak County,11967,31203.96083,40465.26728
Texas,TX,48299,Llano County,23163,23165.8839,146565.4663
Texas,TX,48301,Loving County,48,0,5.004108013
Texas,TX,48303,Lubbock County,327394,373294.0334,9903855.432
Texas,TX,48305,Lynn County,5952,18757.63287,141283.943
Texas,TX,48307,McCulloch County,7448,5683.02688,41437.80687
Texas,TX,48309,McLennan County,270358,4899204.544,3235484.594
Texas,TX,48311,McMullen County,565,6900.880904,4576.974851
Texas,TX,48313,Madison County,13877,46381.45754,261375.111
Texas,TX,48315,Marion County,9704,25496.9809,68907.55296
Texas,TX,48317,Martin County,5179,4323.556291,23720.36564
Texas,TX,48319,Mason County,3987,2924.73912,19314.85855
Texas,TX,48321,Matagorda County,36391,83199.28912,336952.8266
Texas,TX,48323,Maverick County,58829,70672.49325,288455.9813
Texas,TX,48325,Medina County,55619,252322.1362,2393937.797
Texas,TX,48327,Menard County,1911,1496.646721,8425.208345
Texas,TX,48329,Midland County,183587,108380.0494,525278.1385
Texas,TX,48331,Milam County,26159,49832.06815,459217.0674
Texas,TX,48333,Mills County,4563,13704.47475,113553.9911
Texas,TX,48335,Mitchell County,8968,10751.30976,81750.34884
Texas,TX,48337,Montague County,21890,32468.53404,91082.89377
Texas,TX,48339,Montgomery County,749613,4504370.875,24056455.92
Texas,TX,48341,Moore County,21872,5918.810579,34223.01897
Texas,TX,48343,Morris County,12184,6200.294159,41304.271
Texas,TX,48345,Motley County,1015,0,1394.48972
Texas,TX,48347,Nacogdoches County,65728,431176.5824,837354.9138
Texas,TX,48349,Navarro County,56533,159727.6548,581214.618
Texas,TX,48351,Newton County,11908,44223.19943,55736.03047
Texas,TX,48353,Nolan County,14182,19088.2747,49575.50502
Texas,TX,48355,Nueces County,353125,650527.5283,1959582.99
Texas,TX,48357,Ochiltree County,9717,1224.620668,18109.70274
Texas,TX,48359,Oldham County,1823,837.924032,3060.104149
Texas,TX,48361,Orange County,86115,302672.1941,420354.7823
Texas,TX,48363,Palo Pinto County,30231,11325.0631,108159.8759
Texas,TX,48365,Panola County,23022,97055.2147,174071.0481
Texas,TX,48367,Parker County,179707,218598.4811,2081287.474
Texas,TX,48369,Parmer County,9669,8271.03213,16972.64732
Texas,TX,48371,Pecos County,14712,16387.17414,50464.92236
Texas,TX,48373,Polk County,54258,300601.1749,539128.4242
Texas,TX,48375,Potter County,114649,62050.1371,228358.7888
Texas,TX,48377,Presidio County,5686,2404.372282,81919.97381
Texas,TX,48379,Rains County,13306,3706.835214,47048.20915
Texas,TX,48381,Randall County,150547,51229.84195,442771.8324
Texas,TX,48383,Reagan County,3139,2040.399776,9724.871646
Texas,TX,48385,Real County,2772,2548.0945,7931.908168
Texas,TX,48387,Red River County,11696,11447.40192,34807.07668
Texas,TX,48389,Reeves County,11956,6316.198791,47713.18947
Texas,TX,48391,Refugio County,6739,1487.420944,8006.57403
Texas,TX,48393,Roberts County,837,0,1241.89022
Texas,TX,48395,Robertson County,17659,98936.51319,741918.5072
Texas,TX,48397,Rockwall County,137044,314346.7025,3381872.974
Texas,TX,48399,Runnels County,9751,9755.171582,35943.41055
Texas,TX,48401,Rusk County,53391,290389.1069,556413.262
Texas,TX,48403,Sabine County,10058,50193.34907,50676.63646
Texas,TX,48405,San Augustine County,7767,27629.57586,23215.94306
Texas,TX,48407,San Jacinto County,29326,145939.223,216423.9265
Texas,TX,48409,San Patricio County,71467,103828.1007,340441.1323
Texas,TX,48411,San Saba County,5508,7347.622258,18569.26212
Texas,TX,48413,Schleicher County,2302,1207.800264,2939.476034
Texas,TX,48415,Scurry County,16211,4152.228632,32944.23118
Texas,TX,48417,Shackelford County,3169,1064.615363,9121.420789
Texas,TX,48419,Shelby County,24192,149753.5611,176187.6719
Texas,TX,48421,Sherman County,2771,0,1502.470033
Texas,TX,48423,Smith County,249091,346711.9864,3610131.338
Texas,TX,48425,Somervell County,10098,13170.20772,51546.39375
Texas,TX,48427,Starr County,66587,53711.08131,245248.3991
Texas,TX,48429,Stephens County,9475,2871.001124,17018.10239
Texas,TX,48431,Sterling County,1387,354.7467294,3141.147777
Texas,TX,48433,Stonewall County,1235,604.0279236,681.2361405
Texas,TX,48435,Sutton County,3269,650.6905026,5438.16886
Texas,TX,48437,Swisher County,6877,14878.95786,29973.06674
Texas,TX,48439,Tarrant County,2230708,6261906.043,48315689.58
Texas,TX,48441,Taylor County,148813,79862.39312,354825.4456
Texas,TX,48443,Terrell County,718,925.8397127,751.8723571
Texas,TX,48445,Terry County,11602,16794.72495,162657.375
Texas,TX,48447,Throckmorton County,1532,45.72457147,8123.447318
Texas,TX,48449,Titus County,31547,31322.35645,111257.4611
Texas,TX,48451,Tom Green County,120103,49604.14392,304838.5827
Texas,TX,48453,Travis County,1363767,4384165.012,34657087.98
Texas,TX,48455,Trinity County,14489,62907.58592,108271.9336
Texas,TX,48457,Tyler County,20560,72538.45932,85405.20883
Texas,TX,48459,Upshur County,44050,23789.87885,271819.037
Texas,TX,48461,Upton County,3128,2177.024677,4326.972599
Texas,TX,48463,Uvalde County,25138,41171.48367,193983.117
Texas,TX,48465,Val Verde County,47999,72387.72443,350665.5783
Texas,TX,48467,Van Zandt County,65304,74061.05397,421500.1405
Texas,TX,48469,Victoria County,91949,194780.1185,746981.6537
Texas,TX,48471,Walker County,83722,467539.4801,815827.7498
Texas,TX,48473,Waller County,65109,390952.1787,1917795.914
Texas,TX,48475,Ward County,11038,5771.364777,37082.64465
Texas,TX,48477,Washington County,37810,205280.2134,1323346.371
Texas,TX,48479,Webb County,272823,158833.5616,748222.5441
Texas,TX,48481,Wharton County,42035,156081.1567,1128654.649
Texas,TX,48483,Wheeler County,4824,0,1290.13314
Texas,TX,48485,Wichita County,129984,158659.2534,532779.0965
Texas,TX,48487,Wilbarger County,12455,25251.73704,27029.43606
Texas,TX,48489,Willacy County,20027,19668.61513,171916.0776
Texas,TX,48491,Williamson County,727480,1674389.676,11621937.61
Texas,TX,48493,Wilson County,55415,280441.2279,1273713.684
Texas,TX,48495,Winkler County,7381,12993.19152,25068.77101
Texas,TX,48497,Wise County,81275,78075.60651,262911.4118
Texas,TX,48499,Wood County,48742,45382.22291,326415.7348
Texas,TX,48501,Yoakum County,7581,9186.379115,40910.92238
Texas,TX,48503,Young County,18236,12657.68891,37798.74765
Texas,TX,48505,Zapata County,13819,5226.765404,52144.61301
Texas,TX,48507,Zavala County,9209,33088.42776,282002.8534
Utah,UT,49001,Beaver County,7424,489.2035065,16236.6747
Utah,UT,49003,Box Elder County,64120,16296.34328,628499.5576
Utah,UT,49005,Cache County,145487,37809.00108,2316566.391
Utah,UT,49007,Carbon County,20613,3353.026987,140736.5387
Utah,UT,49009,Daggett County,956,163.0678355,5277.765746
Utah,UT,49011,Davis County,378470,508674.6094,16382145.53
Utah,UT,49013,Duchesne County,20803,1335.383294,65905.37391
Utah,UT,49015,Emery County,10161,326.135671,12624.28081
Utah,UT,49017,Garfield County,5290,326.135671,16034.90636
Utah,UT,49019,Grand County,9788,733.8052598,50602.95821
Utah,UT,49021,Iron County,65936,4921.975856,203590.6641
Utah,UT,49023,Juab County,13297,407.6695888,59519.02019
Utah,UT,49025,Kane County,8525,489.2035065,17349.29599
Utah,UT,49027,Millard County,13572,1151.611208,60418.00816
Utah,UT,49029,Morgan County,13093,6604.247338,213638.48
Utah,UT,49031,Piute County,1534,254.7381125,3123.816666
Utah,UT,49033,Rich County,2752,244.6017533,9020.900887
Utah,UT,49035,Salt Lake County,1216274,2854374.991,90390357.92
Utah,UT,49037,San Juan County,14601,978.407013,77436.5832
Utah,UT,49039,Sanpete County,30732,2237.218006,113904.1373
Utah,UT,49041,Sevier County,22520,1223.008766,42892.82501
Utah,UT,49043,Summit County,43109,64900.99853,2119523.06
Utah,UT,49045,Tooele County,84488,87827.26069,2871276.54
Utah,UT,49047,Uintah County,38307,5234.64885,159226.8664
Utah,UT,49049,Utah County,747234,260708.8516,11889452.62
Utah,UT,49051,Wasatch County,37858,25325.2712,849778.6593
Utah,UT,49053,Washington County,207943,20077.9516,618257.1827
Utah,UT,49055,Wayne County,2608,580.8737835,13794.70473
Utah,UT,49057,Weber County,276118,439753.4291,4597149.303
Vermont,VT,50001,Addison County,38047,14255.74306,1201271.63
Vermont,VT,50003,Bennington County,37039,18940.83298,683246.428
Vermont,VT,50005,Caledonia County,30535,24348.49304,983947.2047
Vermont,VT,50007,Chittenden County,170851,50786.89587,15820571.98
Vermont,VT,50009,Essex County,6037,1070.725271,20178.40384
Vermont,VT,50011,Franklin County,51066,6938.202495,1633437.72
Vermont,VT,50013,Grand Isle County,7528,3910.441398,418878.8007
Vermont,VT,50015,Lamoille County,26248,9167.54988,716393.3448
Vermont,VT,50017,Orange County,30050,145329.7396,7594158.891
Vermont,VT,50019,Orleans County,27726,14296.77328,580077.0256
Vermont,VT,50021,Rutland County,60198,31032.67516,1035022.971
Vermont,VT,50023,Washington County,59844,17633.61045,1582527.66
Vermont,VT,50025,Windham County,45627,12295.71046,567389.776
Vermont,VT,50027,Windsor County,57697,200403.2298,11348679.98
Virginia,VA,51001,Accomack County,33411,14508.14774,129326.2575
Virginia,VA,51003,Albemarle County,117313,765267.3349,39178453.22
Virginia,VA,51005,Alleghany County,14632,25884.27393,368916.4458
Virginia,VA,51007,Amelia County,13716,102908.1104,384516.6246
Virginia,VA,51009,Amherst County,31650,53166.26967,410366.2252
Virginia,VA,51011,Appomattox County,16957,106705.9922,302404.5938
Virginia,VA,51013,Arlington County,239807,383305.4884,3134288.088
Virginia,VA,51015,Augusta County,78622,176595.6724,3060342.775
Virginia,VA,51017,Bath County,4071,3215.211643,233553.2936
Virginia,VA,51019,Bedford County,82182,335664.8424,1079855.399
Virginia,VA,51021,Bland County,6186,39206.82868,77916.58233
Virginia,VA,51023,Botetourt County,34129,157174.6325,451244.5359
Virginia,VA,51025,Brunswick County,15750,25364.42701,77470.99116
Virginia,VA,51027,Buchanan County,18632,22120.1702,89619.90271
Virginia,VA,51029,Buckingham County,17115,95285.34894,929740.8488
Virginia,VA,51031,Campbell County,55342,125481.895,699459.8336
Virginia,VA,51033,Caroline County,33477,133052.4226,691693.4974
Virginia,VA,51035,Carroll County,29242,160606.0948,323557.9929
Virginia,VA,51036,Charles City County,6564,80312.83974,220991.7577
Virginia,VA,51037,Charlotte County,11258,52222.49682,179528.6144
Virginia,VA,51041,Chesterfield County,389793,4210071.063,12990233.51
Virginia,VA,51043,Clarke County,15598,26960.2331,151614.088
Virginia,VA,51045,Craig County,4829,5021.131267,44673.00295
Virginia,VA,51047,Culpeper County,56125,50120.70936,630725.9322
Virginia,VA,51049,Cumberland County,10062,90273.04564,234638.3669
Virginia,VA,51051,Dickenson County,13411,9608.59397,22683.70079
Virginia,VA,51053,Dinwiddie County,28576,98682.00236,363559.5428
Virginia,VA,51057,Essex County,10683,5185.091937,22988.48845
Virginia,VA,51059,Fairfax County,1160925,1364967.428,16575837.79
Virginia,VA,51061,Fauquier County,75865,88681.68015,1091036.073
Virginia,VA,51063,Floyd County,15658,394368.1183,663087.1965
Virginia,VA,51065,Fluvanna County,28746,142651.4119,6458486.082
Virginia,VA,51067,Franklin County,55637,256333.5844,672116.2983
Virginia,VA,51069,Frederick County,98109,60826.73018,597748.2909
Virginia,VA,51071,Giles County,16533,871702.4773,1488457.617
Virginia,VA,51073,Gloucester County,40154,48348.9114,282104.7026
Virginia,VA,51075,Goochland County,28223,438538.5325,991612.3022
Virginia,VA,51077,Grayson County,15265,126150.0471,292199.2232
Virginia,VA,51079,Greene County,21744,90064.85175,4218044.876
Virginia,VA,51081,Greensville County,11150,12408.5843,39403.70027
Virginia,VA,51083,Halifax County,33448,215503.4818,985852.6489
Virginia,VA,51085,Hanover County,115309,1113185.892,3887683.537
Virginia,VA,51087,Henrico County,338696,4915208.525,15406959.69
Virginia,VA,51089,Henry County,49385,192377.8854,439127.4274
Virginia,VA,51091,Highland County,2348,9624.625974,48438.38519
Virginia,VA,51093,Isle of Wight County,40942,18891.5949,217388.8196
Virginia,VA,51095,James City County,82797,58033.6468,417307.9472
Virginia,VA,51097,King and Queen County,6747,40289.03979,121719.2468
Virginia,VA,51099,King George County,28816,4732.706647,89627.55669
Virginia,VA,51101,King William County,19232,75302.40534,225660.1032
Virginia,VA,51103,Lancaster County,11062,12763.7254,104328.576
Virginia,VA,51105,Lee County,21780,21352.71188,89434.99808
Virginia,VA,51107,Loudoun County,443380,321943.0688,4832999.15
Virginia,VA,51109,Louisa County,42109,78978.32974,3276740.04
Virginia,VA,51111,Lunenburg County,12060,17510.85343,77948.17273
Virginia,VA,51113,Madison County,14252,29433.30827,832359.0931
Virginia,VA,51115,Mathews County,8602,11604.18084,36683.07815
Virginia,VA,51117,Mecklenburg County,30824,35339.17862,115728.6644
Virginia,VA,51119,Middlesex County,10949,10192.40699,78522.7562
Virginia,VA,51121,Montgomery County,98998,6439219.609,11037225.07
Virginia,VA,51125,Nelson County,14766,29038.58111,1394647.928
Virginia,VA,51127,New Kent County,27218,194610.0938,582589.5908
Virginia,VA,51131,Northampton County,12004,5924.309269,33152.43034
Virginia,VA,51133,Northumberland County,12397,11806.30689,83515.78655
Virginia,VA,51135,Nottoway County,15632,90738.8153,231898.0215
Virginia,VA,51137,Orange County,38986,50175.47794,1420683.037
Virginia,VA,51139,Page County,23686,26190.0187,845371.0993
Virginia,VA,51141,Patrick County,17308,48005.77377,137456.8372
Virginia,VA,51143,Pittsylvania County,59410,104314.4237,450554.4113
Virginia,VA,51145,Powhatan County,32392,168455.6446,676204.335
Virginia,VA,51147,Prince Edward County,22276,204417.0567,704552.4224
Virginia,VA,51149,Prince George County,43589,102329.5726,343115.0367
Virginia,VA,51153,Prince William County,497003,465935.7712,4024890.074
Virginia,VA,51155,Pulaski County,33579,1716606.571,2892750.973
Virginia,VA,51157,Rappahannock County,7479,10888.72924,86099.84063
Virginia,VA,51159,Richmond County,9215,8893.441215,31669.90187
Virginia,VA,51161,Roanoke County,97334,668021.985,1645054.332
Virginia,VA,51163,Rockbridge County,22368,48094.46914,422289.9914
Virginia,VA,51165,Rockingham County,87674,65954.90911,1697627.938
Virginia,VA,51167,Russell County,25420,3894.745179,25167.60632
Virginia,VA,51169,Scott County,21388,41771.77636,111110.7598
Virginia,VA,51171,Shenandoah County,45441,14855.20442,259606.954
Virginia,VA,51173,Smyth County,29137,53917.79287,162296.038
Virginia,VA,51175,Southampton County,17941,113729.1789,589905.6841
Virginia,VA,51177,Spotsylvania County,152021,103962.0159,1727974.148
Virginia,VA,51179,Stafford County,168919,122167.455,1081923.206
Virginia,VA,51181,Surry County,6579,111939.079,545511.0317
Virginia,VA,51183,Sussex County,10753,15655.41054,81738.80466
Virginia,VA,51185,Tazewell County,38875,149771.5315,343099.5843
Virginia,VA,51187,Warren County,42461,39851.87878,451237.9438
Virginia,VA,51191,Washington County,54098,132967.2725,319812.0793
Virginia,VA,51193,Westmoreland County,19235,31097.07616,151963.1529
Virginia,VA,51195,Wise County,34973,40726.54578,93198.11538
Virginia,VA,51197,Wythe County,28100,151138.4029,363014.5291
Virginia,VA,51199,York County,71410,87549.9993,410813.7157
Virginia,VA,51510,Alexandria city,159102,346214.1488,1959333.044
Virginia,VA,51520,Bristol city,16316,32592.51691,100675.1261
Virginia,VA,51530,Buena Vista city,6581,7540.808846,320666.7175
Virginia,VA,51540,Charlottesville city,44767,435563.4757,22842514.08
Virginia,VA,51550,Chesapeake city,254997,134808.3344,1284474.088
Virginia,VA,51570,Colonial Heights city,18674,92222.72191,331811.3676
Virginia,VA,51580,Covington city,5663,15472.43879,152617.0291
Virginia,VA,51590,Danville city,41993,130912.0733,392884.9437
Virginia,VA,51595,Emporia city,5402,8893.441215,27942.3271
Virginia,VA,51600,Fairfax city,26340,43143.17715,647656.0349
Virginia,VA,51610,Falls Church city,15034,21193.00257,191534.571
Virginia,VA,51620,Franklin city,8373,15624.25946,54154.75769
Virginia,VA,51630,Fredericksburg city,29992,24032.19773,390076.776
Virginia,VA,51640,Galax city,6739,22500.35475,59061.99773
Virginia,VA,51650,Hampton city,137596,282345.7499,905239.7173
Virginia,VA,51660,Harrisonburg city,51164,84621.49814,1080518.295
Virginia,VA,51670,Hopewell city,22970,68129.01021,209717.6762
Virginia,VA,51678,Lexington city,7802,2358.089005,160266.6124
Virginia,VA,51680,Lynchburg city,80301,179052.1641,974441.9449
Virginia,VA,51683,Manassas city,43616,79250.48548,678985.9818
Virginia,VA,51685,Manassas Park city,16611,6103.32663,118316.5284
Virginia,VA,51690,Martinsville city,13834,20495.30223,110499.4732
Virginia,VA,51700,Newport News city,183056,295549.64,1196899.242
Virginia,VA,51710,Norfolk city,231105,197128.787,2199547.532
Virginia,VA,51720,Norton city,3478,10001.21163,47979.75563
Virginia,VA,51730,Petersburg city,34058,84706.65737,330491.9321
Virginia,VA,51735,Poquoson city,12854,33854.60254,172327.5767
Virginia,VA,51740,Portsmouth city,96482,245516.0654,610623.1337
Virginia,VA,51750,Radford city,17273,1558977.283,2601847.726
Virginia,VA,51760,Richmond city,233655,6128380.551,18249525.62
Virginia,VA,51770,Roanoke city,97912,629485.6531,1524516.152
Virginia,VA,51775,Salem city,25908,149536.0371,406066.0024
Virginia,VA,51790,Staunton city,26361,76429.08996,1225757.099
Virginia,VA,51800,Suffolk city,103105,56418.35977,548700.1498
Virginia,VA,51810,Virginia Beach city,454808,396560.3319,2838946.817
Virginia,VA,51820,Waynesboro city,23498,55865.44494,1832295.857
Virginia,VA,51830,Williamsburg city,16030,17293.98908,106616.5761
Virginia,VA,51840,Winchester city,27800,17959.3822,226361.3387
Washington,WA,53001,Adams County,21039,2034.915195,53448.84909
Washington,WA,53003,Asotin County,22523,12903.49428,526400.5696
Washington,WA,53005,Benton County,218190,35851.93801,6622757.282
Washington,WA,53007,Chelan County,81228,20167.69071,1195953.885
Washington,WA,53009,Clallam County,77958,17697.07422,1849615.762
Washington,WA,53011,Clark County,527269,172089.9922,13024464.45
Washington,WA,53013,Columbia County,4025,3195.339901,69899.24358
Washington,WA,53015,Cowlitz County,113982,10854.52709,1283653.363
Washington,WA,53017,Douglas County,45795,3792.189918,284118.2098
Washington,WA,53019,Ferry County,7543,873.0558468,29810.21877
Washington,WA,53021,Franklin County,101238,14784.44511,2016687.441
Washington,WA,53023,Garfield County,2404,0,16371.17196
Washington,WA,53025,Grant County,104717,7898.776055,809241.656
Washington,WA,53027,Grays Harbor County,77893,13893.05699,1437587.218
Washington,WA,53029,Island County,86478,36967.65952,2353709.356
Washington,WA,53031,Jefferson County,33944,10079.42546,447592.7924
Washington,WA,53033,King County,2340211,8190769.857,329060934.4
Washington,WA,53035,Kitsap County,281420,233240.4652,11835842.26
Washington,WA,53037,Kittitas County,48172,28157.75647,1420226.315
Washington,WA,53039,Klickitat County,24124,2809.666438,307722.7759
Washington,WA,53041,Lewis County,87049,18581.97043,2491659.782
Washington,WA,53043,Lincoln County,11862,146.2309166,30108.02101
Washington,WA,53045,Mason County,69632,18680.98935,1032718.886
Washington,WA,53047,Okanogan County,44942,4786.807015,582581.8073
Washington,WA,53049,Pacific County,24245,3190.610942,397545.5368
Washington,WA,53051,Pend Oreille County,14332,407.9616716,29089.49703
Washington,WA,53053,Pierce County,941170,577353.5154,26366626.72
Washington,WA,53055,San Juan County,18668,7290.569044,509737.7819
Washington,WA,53057,Skagit County,132736,57996.14502,5476361.484
Washington,WA,53059,Skamania County,12660,2233.563136,115896.827
Washington,WA,53061,Snohomish County,864113,1771631.933,67636650.37
Washington,WA,53063,Spokane County,555947,60542.09938,7726127.137
Washington,WA,53065,Stevens County,49015,4787.15856,146146.4902
Washington,WA,53067,Thurston County,302912,79033.0767,6129898.565
Washington,WA,53069,Wahkiakum County,4800,1071.657178,40197.76374
Washington,WA,53071,Walla Walla County,62068,36955.48795,1049235.548
Washington,WA,53073,Whatcom County,234954,42952.10593,1947862.99
Washington,WA,53075,Whitman County,48399,19043.43429,3852213.898
Washington,WA,53077,Yakima County,258523,47286.13443,1827227.657
West Virginia,WV,54001,Barbour County,15369,0,334617.311
West Virginia,WV,54003,Berkeley County,136287,4219.55073,591921.5151
West Virginia,WV,54005,Boone County,20496,5277.041669,90743.68158
West Virginia,WV,54007,Braxton County,12051,80.44461968,144063.4238
West Virginia,WV,54009,Brooke County,21285,32537.51011,479898.8181
West Virginia,WV,54011,Cabell County,91489,16087.83589,605361.6725
West Virginia,WV,54013,Calhoun County,5873,0,31174.23453
West Virginia,WV,54015,Clay County,7689,0,11102.66195
West Virginia,WV,54017,Doddridge County,7615,0,32732.60032
West Virginia,WV,54019,Fayette County,38600,37367.19347,143046.7097
West Virginia,WV,54021,Gilmer County,7116,9165.310025,50479.08813
West Virginia,WV,54023,Grant County,10971,45.5509035,25647.95969
West Virginia,WV,54025,Greenbrier County,31851,19438.26587,80404.19061
West Virginia,WV,54027,Hampshire County,23793,12.6973266,110966.8488
West Virginia,WV,54029,Hancock County,28054,69921.68044,959161.3244
West Virginia,WV,54031,Hardy County,14335,0,62590.21572
West Virginia,WV,54033,Harrison County,64472,6849.686525,963287.6661
West Virginia,WV,54035,Jackson County,27718,1191.316814,60005.23152
West Virginia,WV,54037,Jefferson County,61264,1309.315936,257886.2096
West Virginia,WV,54039,Kanawha County,173906,9652.26448,288695.3168
West Virginia,WV,54041,Lewis County,16477,34.15590694,261293.4434
West Virginia,WV,54043,Lincoln County,19377,9165.310025,48857.25685
West Virginia,WV,54045,Logan County,30560,23.14435637,29996.29022
West Virginia,WV,54047,McDowell County,17147,1134.074137,20971.82121
West Virginia,WV,54049,Marion County,55649,3932.336593,2062068.68
West Virginia,WV,54051,Marshall County,29354,21417.42397,451600.935
West Virginia,WV,54053,Mason County,24770,49.572672,42372.61342
West Virginia,WV,54055,Mercer County,57524,83264.63797,286702.0663
West Virginia,WV,54057,Mineral County,26778,507.8549586,99375.71266
West Virginia,WV,54059,Mingo County,21712,724.2890518,29157.60224
West Virginia,WV,54061,Monongalia County,108697,21152.32346,9564750.91
West Virginia,WV,54063,Monroe County,12462,37128.73186,68482.74276
West Virginia,WV,54065,Morgan County,17780,0,34791.82659
West Virginia,WV,54067,Nicholas County,24017,10449.23131,64392.67557
West Virginia,WV,54069,Ohio County,41090,49826.07705,905450.5137
West Virginia,WV,54071,Pendleton County,5944,57.30026331,13214.14831
West Virginia,WV,54073,Pleasants County,7358,0,11392.00571
West Virginia,WV,54075,Pocahontas County,7653,18376.90876,32501.04485
West Virginia,WV,54077,Preston County,34055,14724.86503,1627815.077
West Virginia,WV,54079,Putnam County,57067,9981.891129,165331.8123
West Virginia,WV,54081,Raleigh County,72379,95051.42921,321137.6539
West Virginia,WV,54083,Randolph County,27190,5389.675413,539493.3405
West Virginia,WV,54085,Ritchie County,8170,0,41145.42285
West Virginia,WV,54087,Roane County,13540,0,42084.60853
West Virginia,WV,54089,Summers County,11544,3782.495255,42400.00421
West Virginia,WV,54091,Taylor County,16438,649.7764671,415928.2203
West Virginia,WV,54093,Tucker County,6573,54.89392466,32676.87307
West Virginia,WV,54095,Tyler County,7843,0,54290.65068
West Virginia,WV,54097,Upshur County,23650,2236.05763,304661.7419
West Virginia,WV,54099,Wayne County,37589,1986.075216,192022.456
West Virginia,WV,54101,Webster County,7947,26597.61469,266277.9214
West Virginia,WV,54103,Wetzel County,13766,2396.333423,174211.4041
West Virginia,WV,54105,Wirt County,4924,0,20122.28362
West Virginia,WV,54107,Wood County,82757,8388.305704,425941.298
West Virginia,WV,54109,Wyoming County,19964,37828.3738,95912.49715
Wisconsin,WI,55001,Adams County,21352,2229.931086,175605.3539
Wisconsin,WI,55003,Ashland County,16196,1065.666031,89042.1362
Wisconsin,WI,55005,Barron County,46810,9179.568751,376690.8848
Wisconsin,WI,55007,Bayfield County,16838,956.7440944,96519.6236
Wisconsin,WI,55009,Brown County,273909,84783.61174,1682901.557
Wisconsin,WI,55011,Buffalo County,13464,1666.381073,127144.8861
Wisconsin,WI,55013,Burnett County,17187,4213.197086,62077.78448
Wisconsin,WI,55015,Calumet County,53602,8475.82771,499094.5349
Wisconsin,WI,55017,Chippewa County,67323,7063.809868,458804.0599
Wisconsin,WI,55019,Clark County,34801,2793.332463,206164.7162
Wisconsin,WI,55021,Columbia County,58113,21804.93593,2619176.762
Wisconsin,WI,55023,Crawford County,16008,1626.09391,102566.5477
Wisconsin,WI,55025,Dane County,588347,191802.7081,120586763.9
Wisconsin,WI,55027,Dodge County,88635,31306.61204,2578837.894
Wisconsin,WI,55029,Door County,30512,17506.26329,253014.8224
Wisconsin,WI,55031,Douglas County,44276,4135.601087,168530.2391
Wisconsin,WI,55033,Dunn County,46135,8238.823522,473743.114
Wisconsin,WI,55035,Eau Claire County,108830,12257.46072,679783.5623
Wisconsin,WI,55037,Florence County,4673,1173.146177,16321.77006
Wisconsin,WI,55039,Fond du Lac County,104269,32370.69964,866239.93
Wisconsin,WI,55041,Forest County,9506,172.3079197,74262.50194
Wisconsin,WI,55043,Grant County,52330,3943.701106,1096990.435
Wisconsin,WI,55045,Green County,37183,4599.816916,1669549.05
Wisconsin,WI,55047,Green Lake County,19370,2189.76817,171667.657
Wisconsin,WI,55049,Iowa County,23963,1996.076056,1475063.082
Wisconsin,WI,55051,Iron County,6235,519.6419339,13959.6285
Wisconsin,WI,55053,Jackson County,21027,1185.882354,48004.5832
Wisconsin,WI,55055,Jefferson County,86245,39369.79369,2427490.152
Wisconsin,WI,55057,Juneau County,26590,1124.914585,98785.69821
Wisconsin,WI,55059,Kenosha County,168754,129935.3197,2840325.731
Wisconsin,WI,55061,Kewaunee County,20751,4679.23155,131282.333
Wisconsin,WI,55063,La Crosse County,121060,34108.61087,1523728.231
Wisconsin,WI,55065,Lafayette County,17306,799.4373469,298712.3171
Wisconsin,WI,55067,Langlade County,19535,1130.376488,91928.72439
Wisconsin,WI,55069,Lincoln County,28461,2129.26574,193663.9365
Wisconsin,WI,55071,Manitowoc County,81513,19309.74842,632467.7877
Wisconsin,WI,55073,Marathon County,139091,12050.55439,1185392.376
Wisconsin,WI,55075,Marinette County,42343,11036.981,278777.7371
Wisconsin,WI,55077,Marquette County,15743,2963.124376,111784.2204
Wisconsin,WI,55078,Menominee County,4286,374.1920864,4581.974065
Wisconsin,WI,55079,Milwaukee County,924740,1993021.042,36109696.64
Wisconsin,WI,55081,Monroe County,46370,6091.727588,289459.4544
Wisconsin,WI,55083,Oconto County,40037,14205.5864,243636.0265
Wisconsin,WI,55085,Oneida County,38175,4474.471342,333867.0599
Wisconsin,WI,55087,Outagamie County,195390,37004.25545,2098997.799
Wisconsin,WI,55089,Ozaukee County,93956,159158.7253,2852609.202
Wisconsin,WI,55091,Pepin County,7555,3761.588445,124675.2528
Wisconsin,WI,55093,Pierce County,43380,7009.629768,347823.4017
Wisconsin,WI,55095,Polk County,45831,16705.41667,560892.4165
Wisconsin,WI,55097,Portage County,72040,4793.64978,507172.7759
Wisconsin,WI,55099,Price County,14087,2043.727118,47320.30083
Wisconsin,WI,55101,Racine County,198651,131354.5999,3539606.953
Wisconsin,WI,55103,Richland County,17123,1669.134087,307951.3856
Wisconsin,WI,55105,Rock County,165461,33194.0861,3831427.395
Wisconsin,WI,55107,Rusk County,14168,1020.735158,157699.594
Wisconsin,WI,55109,St. Croix County,97954,67322.51702,1394657.595
Wisconsin,WI,55111,Sauk County,66486,27912.375,3231376.681
Wisconsin,WI,55113,Sawyer County,18835,722.2019321,84864.09922
Wisconsin,WI,55115,Shawano County,41299,5004.378123,87111.53901
Wisconsin,WI,55117,Sheboygan County,118331,36617.47815,1156671.137
Wisconsin,WI,55119,Taylor County,20167,1067.214992,158958.0505
Wisconsin,WI,55121,Trempealeau County,30801,4419.958727,209000.3629
Wisconsin,WI,55123,Vernon County,31351,4670.713171,231869.7481
Wisconsin,WI,55125,Vilas County,23948,2418.024424,132225.7241
Wisconsin,WI,55127,Walworth County,106029,71005.39132,3117388.706
Wisconsin,WI,55129,Washburn County,16982,866.0588483,26017.4739
Wisconsin,WI,55131,Washington County,138727,308915.8382,4742859.792
Wisconsin,WI,55133,Waukesha County,417029,909661.128,15499098.26
Wisconsin,WI,55135,Waupaca County,51171,6453.641922,290051.1952
Wisconsin,WI,55137,Waushara County,25079,4041.244515,315409.0892
Wisconsin,WI,55139,Winnebago County,173307,36849.3036,1705057.121
Wisconsin,WI,55141,Wood County,73943,6879.248696,1144204.793
Wyoming,WY,56001,Albany County,39288,736.162805,6247829.132
Wyoming,WY,56003,Big Horn County,12084,252.0175026,22321.75256
Wyoming,WY,56005,Campbell County,47946,582.2412912,73789.54344
Wyoming,WY,56007,Carbon County,14250,84.38293406,86990.41072
Wyoming,WY,56009,Converse County,13766,330.2567402,77480.17379
Wyoming,WY,56011,Crook County,7775,76.9607569,10371.04289
Wyoming,WY,56013,Fremont County,39721,679.0668499,118859.0979
Wyoming,WY,56015,Goshen County,12635,237.3148175,80686.73022
Wyoming,WY,56017,Hot Springs County,4625,0,15146.8735
Wyoming,WY,56019,Johnson County,8803,338.2207491,42188.41643
Wyoming,WY,56021,Laramie County,101783,1487.209778,642059.848
Wyoming,WY,56023,Lincoln County,21000,165.8590838,18575.20893
Wyoming,WY,56025,Natrona County,80410,1897.179504,294352.9947
Wyoming,WY,56027,Niobrara County,2301,0,20337.46506
Wyoming,WY,56029,Park County,31082,856.4452188,47563.11374
Wyoming,WY,56031,Platte County,8512,7.364409173,21269.66974
Wyoming,WY,56033,Sheridan County,32978,358.3293903,89816.46361
Wyoming,WY,56035,Sublette County,8965,81.53391775,8818.240818
Wyoming,WY,56037,Sweetwater County,41273,650.4710409,89198.53223
Wyoming,WY,56039,Teton County,23272,404.4959775,42476.37313
Wyoming,WY,56041,Uinta County,20621,403.0964279,53380.75357
Wyoming,WY,56043,Washakie County,7662,0,1029.233526
Wyoming,WY,56045,Weston County,6866,419.7546669,10723.06275
