"FIPS","IDC_econ_loss","IDC_loss","IDC_job_loss","static_IDC_loss","terminated_econ_loss","static_term_loss","county","state","urban"
"01073",68071585.4984134,26590463.0853177,293.490878385642,117893006.08,25968939.8502446,45342771.4816,"Jefferson County","Alabama",TRUE
"01081",3683023.65934073,1438681.11692997,15.8793693577213,4344436.096,707198.177734891,862047.4624,"Lee County","Alabama",TRUE
"01087",1614872.39024405,630809.527439084,6.96252794500424,3271462.784,65758.7892725915,0,"Macon County","Alabama",TRUE
"01089",3819476.50139468,1491983.0083573,16.4676862623359,2558710.912,757601.327143748,0,"Madison County","Alabama",TRUE
"01097",4525649.44422507,1767831.81415042,19.512353369264,4002075.264,558566.895113927,0,"Mobile County","Alabama",TRUE
"01101",2141676.39621151,836592.342270122,9.23384525480993,46474.24,971519.328394993,813647.3344,"Montgomery County","Alabama",TRUE
"01117",15108648.2352419,5901815.71689137,65.1409895819773,398387.584,5710076.55201566,0,"Shelby County","Alabama",TRUE
"01125",5209361.01831719,2034906.64778015,22.4601782065069,3543751.168,1458556.94437794,575209.3184,"Tuscaloosa County","Alabama",TRUE
"02020",412066.072153312,160963.309434887,1.77662430783275,156734.72,125890.512939176,85859.456,"Anchorage Municipality","Alaska",TRUE
"02050",8806.27437047083,3439.95092596517,0.0379682826743427,0,1331.87255697137,0,"Bethel Census Area","Alaska",FALSE
"02090",2556121.05571186,998484.787387445,11.0207248502886,2925863.296,671884.551899349,759694.3616,"Fairbanks North Star Borough","Alaska",TRUE
"02220",120670.025118141,47136.7285617738,0.520269234327825,153161.344,178.031094161887,0,"Sitka City and Borough","Alaska",FALSE
"04001",179775.270230979,70224.7149339761,0.775101704856513,0,22901.5279497775,0,"Apache County","Arizona",FALSE
"04005",3480529.86438695,1359581.97827615,15.006316654255,4762694.016,69017.2311601778,0,"Coconino County","Arizona",TRUE
"04013",59213791.5746837,23130387.3338608,255.300468977666,56897938.688,4193740.51154489,2166715.008,"Maricopa County","Arizona",TRUE
"04017",445496.107541851,174021.917008535,1.9207580220515,0,51511.4392373118,0,"Navajo County","Arizona",FALSE
"04019",61002502.480401,23829102.5314066,263.012502288675,69861735.552,4140225.91729034,4357871.3344,"Pima County","Arizona",TRUE
"04023",832262.158030988,325102.405480855,3.58830119820461,0,58254.9680762905,0,"Santa Cruz County","Arizona",FALSE
"04027",667850.210573144,260878.988505134,2.87943851308879,0,112168.524501581,0,"Yuma County","Arizona",TRUE
"05019",240198.960543814,93827.7189624274,1.03561865646519,0,25685.2728864637,0,"Clark County","Arkansas",FALSE
"05031",699509.471786459,273245.887416586,3.01593752827264,238504.96,75283.005843663,0,"Craighead County","Arkansas",TRUE
"05119",38760100.204786,15140664.1424945,167.114307271178,69511080.32,4069600.75366414,7253078.85495768,"Pulaski County","Arkansas",TRUE
"05143",4351338.57567738,1699741.63112398,18.7608114513309,5831312.256,571645.690628342,731668.8128,"Washington County","Arkansas",TRUE
"06001",202325340.949518,79033336.3084056,872.326413439168,205589686.016,7996682.75071896,799670.8352,"Alameda County","California",TRUE
"06013",84959449.7625252,33187285.0634864,366.302964083972,1480203.776,4076532.34271311,0,"Contra Costa County","California",TRUE
"06017",4098523.64352083,1600985.79825032,17.6707989892389,0,422059.563186561,0,"El Dorado County","California",TRUE
"06019",8445616.4472797,3299068.92471863,36.4133047801291,326210.56,3102029.8264702,0,"Fresno County","California",TRUE
"06023",768640.77537345,300250.302880254,3.31399738489465,83200,92135.0402226604,0,"Humboldt County","California",FALSE
"06029",9530402.65803228,3722813.53829386,41.090364312727,0,9704930.44774931,0,"Kern County","California",TRUE
"06037",679101508.251789,265274026.660855,2927.94852228728,747237641.216,1057359080.98953,1365067735.87692,"Los Angeles County","California",TRUE
"06041",28476715.6335814,11123717.0443677,122.777458812572,19834555.648,740358.6871768,0,"Marin County","California",TRUE
"06047",6078135.61663353,2374271.72524747,26.2059029183977,3456191.616,551886.77887678,0,"Merced County","California",TRUE
"06053",9713193.59125661,3794216.24658461,41.8784680591013,0,920435.206755511,0,"Monterey County","California",TRUE
"06055",4490606.10582966,1754143.01008971,19.3612638935021,403038.976,332157.001735798,0,"Napa County","California",TRUE
"06059",211887955.158048,82768732.4836124,913.555657964252,225687132.928,97407680.9855627,0,"Orange County","California",TRUE
"06065",77052537.7950291,30098647.5761833,332.212285548029,19753506.816,35838936.6052472,0,"Riverside County","California",TRUE
"06067",61522532.4264878,24032239.2290968,265.25461321567,940214.784,3529718.40778071,0,"Sacramento County","California",TRUE
"06071",62357421.0638792,24358367.6030778,268.854238488801,5125138.176,60224809.3258836,584786.2272,"San Bernardino County","California",TRUE
"06073",494864875.956105,193306592.170354,2133.61163932261,563295551.36,34263578.4584485,8927904.9728,"San Diego County","California",TRUE
"06075",199049744.386151,77753806.4008401,858.203667427292,429431050.24,5287864.80916116,2519844.352,"San Francisco County","California",TRUE
"06077",22186003.7837211,8666407.72801607,95.6550327229158,271010.048,2479893.33124812,1088513.5872,"San Joaquin County","California",TRUE
"06079",3672190.32375247,1434449.34521581,15.8326613935339,178493.696,2084015.98602411,0,"San Luis Obispo County","California",TRUE
"06081",90127864.6391816,35206197.1246803,388.586602857842,16952507.008,4251978.78599554,0,"San Mateo County","California",TRUE
"06083",12049218.7371492,4706726.06919889,51.9502486262652,10955744.896,3627154.61495703,0,"Santa Barbara County","California",TRUE
"06085",239184289.386925,93431363.0417676,1031.24389823196,305423466.624,21313305.1165996,26053745.3056,"Santa Clara County","California",TRUE
"06087",22082436.4185144,8625951.72598219,95.2085016664691,19032726.784,972821.167704187,0,"Santa Cruz County","California",TRUE
"06095",22985897.8952678,8978866.365339,99.1037789757677,165985.28,1060275.48397852,0,"Solano County","California",TRUE
"06097",15606566.8595036,6096315.1794936,67.2877674677744,84224,1114212.47287779,0,"Sonoma County","California",TRUE
"06111",27505498.581893,10744335.3835519,118.590053105535,552803.968,35753976.8186017,0,"Ventura County","California",TRUE
"06113",46987300.7303541,18354414.3477946,202.585911042771,134165662.976,290849.836468261,0,"Yolo County","California",TRUE
"08001",54291248.3458914,21207518.8851138,234.076906671435,147298430.72,449257.987054404,0,"Adams County","Colorado",TRUE
"08005",25928969.0687871,10128503.542495,111.792840609094,0,802658.421139221,0,"Arapahoe County","Colorado",TRUE
"08013",22460924.6217013,8773798.68035208,96.8403548750963,31584695.04,198753.704214741,0,"Boulder County","Colorado",TRUE
"08014",5563258.34967153,2173147.79284044,23.9860077854277,523232,58517.2173259771,0,"Broomfield County","Colorado",TRUE
"08031",31947388.0311974,12479448.4496865,137.741274964451,19985661.696,1145600.96108711,2799803.776,"Denver County","Colorado",TRUE
"08035",7988671.37865771,3120574.75728817,34.4431845224339,72006.016,343881.683093207,0,"Douglas County","Colorado",TRUE
"08037",739449.4901667,288847.457096367,3.18813905687415,569818.752,16880.0907269454,0,"Eagle County","Colorado",FALSE
"08041",6183725.83871153,2415517.90574669,26.6611555293029,178156.928,2336734.92622392,2724551.68,"El Paso County","Colorado",TRUE
"08049",151876.11027915,59326.6055777931,0.654814379380974,0,8667.35635773699,0,"Grand County","Colorado",FALSE
"08059",25886880.7214857,10112062.7818304,111.611376552854,2634243.328,646246.741524113,0,"Jefferson County","Colorado",TRUE
"08067",223306.31319396,87229.0285913907,0.962785948475994,76800,10882.6762100898,0,"La Plata County","Colorado",FALSE
"08069",19397704.0336253,7577228.13813488,83.6332686216937,20577733.632,153571.357256835,0,"Larimer County","Colorado",TRUE
"08123",15150525.6630046,5918174.08711117,65.3215442578911,333825.792,151504.499733938,0,"Weld County","Colorado",TRUE
"09110",72792684.2734343,28434642.2943103,313.845912226576,55254525.312,13481331.7598436,1891355.69382325,"Capitol Planning Region","Connecticut",TRUE
"09120",30444563.8382411,11892407.7493129,131.261843213001,1676498.304,8434505.99508809,0,"Greater Bridgeport Planning Region","Connecticut",TRUE
"09130",23854215.1878097,9318052.80773816,102.847532012216,905036.8,3283715.38616789,0,"Lower Connecticut River Valley Planning Region","Connecticut",TRUE
"09140",51562201.344449,20141484.9001754,222.310611002771,335040,9853411.99443754,0,"Naugatuck Valley Planning Region","Connecticut",TRUE
"09150",4659055.56892186,1819943.5816101,20.0875343413628,0,4703371.12649863,0,"Northeastern Connecticut Planning Region","Connecticut",FALSE
"09170",217442345.109319,84938416.0583279,937.503429619036,370914416,20985847.8237814,27668334.5664,"South Central Connecticut Planning Region","Connecticut",TRUE
"09190",26669367.830865,10417721.8089316,114.985072455126,682594.432,27658369.1192003,0,"Western Connecticut Planning Region","Connecticut",TRUE
"10001",4547641.23034561,1776422.35560375,19.6071710318545,3355993.728,282237.213047736,0,"Kent County","Delaware",TRUE
"10003",26672799.1908451,10419062.1839239,114.999866775652,26739533.44,1477500.3723356,0,"New Castle County","Delaware",TRUE
"10005",2654818.9554501,1037038.65447269,11.4462611893778,120822.016,346052.925141494,0,"Sussex County","Delaware",FALSE
"11001",38637090.7442742,15092613.5719821,166.583951552988,101330092.416,10493141.4111002,28918511.5904,"District of Columbia","District of Columbia",TRUE
"12001",77744250.8429283,30368847.9855189,335.194608767509,129652770.048,7595453.26450998,12623998.2592,"Alachua County","Florida",TRUE
"12009",2563286.89480727,1001283.94328409,11.0516203905508,435176.192,483787.711454004,0,"Brevard County","Florida",TRUE
"12011",19154771.6149641,7482332.66209534,82.5858646510179,2239870.08,3387411.83737773,120791.0912,"Broward County","Florida",TRUE
"12031",19490732.8106723,7613567.50416888,84.0343625185197,20977545.728,1085476.36198868,335531.4688,"Duval County","Florida",TRUE
"12033",1244573.74964129,486161.620953628,5.36598406403281,604346.88,172826.186497383,0,"Escambia County","Florida",TRUE
"12057",44250942.7485845,17285524.5111658,190.788094056918,69808959.488,3940379.47614188,5221067.9296,"Hillsborough County","Florida",TRUE
"12071",2682695.55055948,1047927.9494373,11.5664512264564,478429.312,433992.300973368,0,"Lee County","Florida",TRUE
"12073",17184882.1776749,6712844.60065427,74.0926794689854,25282915.712,1835558.55574675,2653037.2352,"Leon County","Florida",TRUE
"12081",3633801.27218587,1419453.6219476,15.6671468637608,2637653.504,331953.453265586,0,"Manatee County","Florida",TRUE
"12085",744791.110060238,290934.027367281,3.21116946968264,0,115160.546745408,0,"Martin County","Florida",TRUE
"12086",71024126.4624109,27743799.3993793,306.220769053657,89751493.12,12464136.2172653,15159967.4649319,"Miami-Dade County","Florida",TRUE
"12095",10012179.5144941,3911007.62284927,43.1675469103346,8371551.488,4528490.77722919,6877895.936,"Orange County","Florida",TRUE
"12099",11691818.735579,4567116.69358556,50.4093172724878,9866497.408,1603008.64625887,0,"Palm Beach County","Florida",TRUE
"12105",4622284.54562741,1805579.90063571,19.9289959461307,0,731892.306075967,0,"Polk County","Florida",TRUE
"12117",3063884.52262789,1196829.89165152,13.2099488095395,0,1041262.73436964,0,"Seminole County","Florida",TRUE
"13021",1574243.42800228,614938.839063392,6.78735603253994,429005.824,303528.477772797,0,"Bibb County","Georgia",TRUE
"13031",443686.9634249,173315.220087851,1.91295789087896,168599.04,85229.9500474642,0,"Bulloch County","Georgia",FALSE
"13059",11254503.3953118,4396290.38879368,48.5238306570845,29133317.12,3469714.70272539,9290137.8304,"Clarke County","Georgia",TRUE
"13067",24209656.3396369,9456897.00767067,104.380017778493,912788.608,6717541.34698681,1782424.7808,"Cobb County","Georgia",TRUE
"13073",9866764.09636134,3854204.72514115,42.5405878276847,146558.208,2308192.21762754,0,"Columbia County","Georgia",TRUE
"13089",69522812.9036771,27157348.7904989,299.747850406928,211719792.384,11488334.2647961,21566738.8416,"DeKalb County","Georgia",TRUE
"13095",471959.255970272,184359.084363387,2.03485397883347,42536.96,91118.4821653742,0,"Dougherty County","Georgia",TRUE
"13121",49467186.3312842,19323119.6606579,213.277946463774,46487336.192,13335090.408609,30940399.6928,"Fulton County","Georgia",TRUE
"13245",17854766.4576924,6974518.14753607,76.9808878795803,39928556.544,4176217.91074468,9352389.6064,"Richmond County","Georgia",TRUE
"15001",620083.463086919,242220.102768328,2.67349201463851,202090.368,14821.5009508671,0,"Hawaii County","Hawaii",FALSE
"15003",27298641.4875402,10663531.8310704,117.698188021486,29917639.936,206165.54959595,0,"Honolulu County","Hawaii",TRUE
"16001",2421268.15653608,945807.873646907,10.4393061049756,2642780.928,69637.8108314698,0,"Ada County","Idaho",TRUE
"16005",425772.85659299,166317.522106637,1.8357211567689,439159.04,8995.23294911628,0,"Bannock County","Idaho",TRUE
"16027",688033.220429979,268762.97673046,2.96645763050727,0,27706.0389284911,0,"Canyon County","Idaho",TRUE
"16057",5399869.97121727,2109324.20750675,23.2815582216422,4373620.48,400598.849246319,623225.6,"Latah County","Idaho",FALSE
"16069",721513.827867304,281841.339010666,3.11080938629081,64000,41174.1461087557,0,"Nez Perce County","Idaho",TRUE
"17019",27903353.731132,10899747.5512234,120.305406969639,42069027.328,3229088.35758736,86494.2848,"Champaign County","Illinois",TRUE
"17029",890155.470744021,347716.980759383,3.83790841796298,26140.16,403497.783345134,0,"Coles County","Illinois",FALSE
"17031",381633876.571816,149075733.035866,1645.41579040186,527102355.328,1158097333.95358,1635473967.30945,"Cook County","Illinois",TRUE
"17037",1271488.73275488,496675.286232375,5.4820281076364,314779.136,2848991.83727584,0,"DeKalb County","Illinois",TRUE
"17043",39986624.426245,15619775.1665019,172.402470731476,1068435.328,116897016.708638,0,"DuPage County","Illinois",TRUE
"17077",290260.207836006,113382.89368594,1.25145789883466,160512.768,289944.012888079,0,"Jackson County","Illinois",FALSE
"17097",27360888.8044332,10687847.1892317,117.966567545458,5702780.928,71485664.4169546,0,"Lake County","Illinois",TRUE
"17113",2323460.05359033,907601.583433725,10.0176061278619,778251.904,2751771.9436619,0,"McLean County","Illinois",TRUE
"17115",1135496.80343464,443553.438841658,4.89569842988143,94137.728,1420366.53832182,0,"Macon County","Illinois",TRUE
"17119",10859465.0361468,4241978.52974485,46.8206213932123,162616.32,3246439.04575777,411679.4624,"Madison County","Illinois",TRUE
"17137",515174.486574602,201240.033818204,2.22117659636672,336598.528,266489.839228138,0,"Morgan County","Illinois",FALSE
"17167",2032976.43663565,794131.420560803,8.76518499983253,1011406.336,2534773.64618961,0,"Sangamon County","Illinois",TRUE
"17197",24940452.0109087,9742364.06676122,107.530845865007,0,73302365.513192,0,"Will County","Illinois",TRUE
"18011",3038023.10252728,1186727.77442472,13.0984472065424,255814.656,332386.913974764,0,"Boone County","Indiana",TRUE
"18035",1518563.65571582,593188.928013991,6.54729250005399,556143.36,195856.5339165,0,"Delaware County","Indiana",TRUE
"18085",676040.31599949,264078.248437301,2.91475018121066,471700.224,124477.51412552,0,"Kosciusko County","Indiana",FALSE
"18089",10862756.8722662,4243264.40322899,46.8348141561266,77191.296,26393293.822059,0,"Lake County","Indiana",TRUE
"18097",63421951.3650557,24774199.7519749,273.443964596586,121638682.88,6813558.78299738,11559715.2512,"Marion County","Indiana",TRUE
"18105",14840878.2351737,5797218.06061474,63.9864982924045,24990715.52,274862.602162395,1564.13439999999,"Monroe County","Indiana",TRUE
"18127",1947962.28294992,760922.766777311,8.39864617959275,79498.24,3102629.08957384,0,"Porter County","Indiana",TRUE
"18141",9212113.72243945,3598481.92282791,39.7180604563735,12055239.168,2220863.96088473,1723835.3408,"St. Joseph County","Indiana",TRUE
"18157",20517838.3216045,8014780.59437675,88.4627315125874,33166793.728,793825.676499165,721560.7552,"Tippecanoe County","Indiana",TRUE
"18167",1032774.25301169,403427.442582693,4.45280979532263,0,114926.887422623,0,"Vigo County","Indiana",TRUE
"19103",102461104.164468,40023868.8142454,441.761408103142,183762070.912,982291.484389275,1614283.92198919,"Johnson County","Iowa",TRUE
"19153",6562824.38119766,2563603.27390534,28.2956402179483,282542.592,198048.974738399,0,"Polk County","Iowa",TRUE
"19163",3505720.56974991,1369422.09755856,15.1149264683205,0,235952.924591942,0,"Scott County","Iowa",TRUE
"19169",9432011.33557825,3684379.42796026,40.6661497826683,17085972.992,36840.577184444,0,"Story County","Iowa",TRUE
"20045",7315458.94750769,2857601.15137019,31.5406267766185,9857660.16,543818.868562402,799297.7664,"Douglas County","Kansas",TRUE
"20051",62425.2020450974,24384.8445488662,0.269146476425818,11783.68,2001.64151691273,0,"Ellis County","Kansas",FALSE
"20091",27837067.6300673,10873854.542995,120.019614213619,43842892.928,1009241.77444488,957496.32,"Johnson County","Kansas",TRUE
"20161",2820562.66254195,1101782.29005545,12.1608657608023,5227758.976,14967.3423431669,0,"Riley County","Kansas",TRUE
"20173",1437313.34113286,561450.523880025,6.19698148523833,56913.92,111731.112303391,0,"Sedgwick County","Kansas",TRUE
"20209",3923521.10466058,1532625.43150804,16.9162749323398,128716.8,139359.590599219,0,"Wyandotte County","Kansas",TRUE
"21037",3979995.62672553,1554685.79168966,17.1597650312687,350682.112,319418.373140464,0,"Campbell County","Kentucky",TRUE
"21067",37723051.213117,14735566.8801238,162.64306692522,73213958.272,4174645.31202313,7880010.0608,"Fayette County","Kentucky",TRUE
"21093",1207664.05923508,471743.773138703,5.20684780506449,0,214979.134174852,0,"Hardin County","Kentucky",TRUE
"21111",27246548.2730726,10643182.919169,117.47358794555,37159382.016,5373579.47713863,7650868.4544,"Jefferson County","Kentucky",TRUE
"21113",3814803.96335945,1490157.79818728,16.447540598294,361807.616,415680.977606594,0,"Jessamine County","Kentucky",TRUE
"21185",2146259.89853604,838382.772865639,9.25360704107445,851797.76,342582.531947684,0,"Oldham County","Kentucky",TRUE
"21195",366759.386745488,143265.385447456,1.58128437561692,213625.856,33549.761386186,0,"Pike County","Kentucky",FALSE
"21227",1056470.27505768,412683.701194406,4.55497527705192,229536,500669.573033495,701872.64,"Warren County","Kentucky",TRUE
"22017",5081436.1881961,1984936.0110141,21.908629855096,7517636.992,109315.962215041,0,"Caddo Parish","Louisiana",TRUE
"22033",10138790.6514688,3960465.09823001,43.7134312691611,17201808.768,1583652.75538891,2619864.9856,"East Baton Rouge Parish","Louisiana",TRUE
"22055",1001390.51951531,391168.171685669,4.31749871885169,373442.304,165913.444871495,0,"Lafayette Parish","Louisiana",TRUE
"22061",178110.776331782,69574.5220046023,0.767925233602524,0,20231.5369173632,0,"Lincoln Parish","Louisiana",FALSE
"22071",26055562.3597162,10177954.0467641,112.338648024633,54190726.784,4497033.74314371,9240124.928,"Orleans Parish","Louisiana",TRUE
"22073",460701.257820834,179961.428836263,1.98631508053177,38400,54011.1197049643,0,"Ouachita Parish","Louisiana",TRUE
"23001",1517668.10696039,592839.104281401,6.54343133847029,100520.832,982757.88252959,0,"Androscoggin County","Maine",TRUE
"23005",8983325.04452372,3509111.34551708,38.731637273271,9474419.712,2963505.92763379,0,"Cumberland County","Maine",TRUE
"23009",38464272.3120532,15025106.3718958,165.838844279485,55639296.384,665891.751168888,845486.6432,"Hancock County","Maine",FALSE
"23015",503211.351610385,196566.934222806,2.16959749822781,178660.096,317465.325183258,0,"Lincoln County","Maine",FALSE
"23019",7965882.81898312,3111672.97616528,34.3449315678851,1447868.032,405044.1365615,0,"Penobscot County","Maine",TRUE
"23031",5294814.64628028,2068286.97120324,22.8286118216268,2245592.064,2031531.37246039,0,"York County","Maine",TRUE
"24003",43300377.8047511,16914210.0799809,186.689729984955,0,3658100.7373809,0,"Anne Arundel County","Maryland",TRUE
"24005",167540170.820111,65445379.226606,722.350031056953,4102154.24,12144816.3733164,0,"Baltimore County","Maryland",TRUE
"24021",7275838.96862482,2842124.59711907,31.3698050994266,599010.816,659460.762115691,0,"Frederick County","Maryland",TRUE
"24027",32777551.6085811,12803731.097102,141.320528124872,3579068.672,2683631.36149585,0,"Howard County","Maryland",TRUE
"24031",47455823.2158287,18537430.9436831,204.605947373621,27743207.552,7987826.60374233,1761747.5072,"Montgomery County","Maryland",TRUE
"24033",48780648.4986545,19054940.8197869,210.317936202985,26861095.552,7521927.61454644,0,"Prince George's County","Maryland",TRUE
"24039",626541.158793777,244742.640153819,2.70133439221024,253739.52,57238.0161346978,0,"Somerset County","Maryland",TRUE
"24045",1842439.94331811,719703.102858639,7.94368624409122,0,198363.141906576,0,"Wicomico County","Maryland",TRUE
"24510",175624930.987367,68603488.6669402,757.207502726691,505368802.048,12618008.688201,34175164.4416,"Baltimore city","Maryland",TRUE
"25001",13275246.4944499,5185643.16189448,57.2362715796125,3468521.6,22701258.8247739,0,"Barnstable County","Massachusetts",TRUE
"25005",47472114.8344391,18543794.8572028,204.676188744103,634121.088,125243906.814266,0,"Bristol County","Massachusetts",TRUE
"25009",124327330.967986,48565363.6593694,536.037721260173,1608043.52,271116466.375358,0,"Essex County","Massachusetts",TRUE
"25013",23668116.8289747,9245358.13631826,102.045168288782,1936775.936,26646317.5141227,0,"Hampden County","Massachusetts",TRUE
"25015",15054401.7708769,5880625.69174879,64.9071057615958,20300075.776,10238344.9859871,677895.3984,"Hampshire County","Massachusetts",TRUE
"25017",435807152.051075,170237168.769951,1878.98405664719,235970987.008,947177890.798435,482263836.672,"Middlesex County","Massachusetts",TRUE
"25021",212933037.70788,83176967.8546407,918.061535024263,10142716.672,476480688.987547,0,"Norfolk County","Massachusetts",TRUE
"25023",77559610.6645096,30296722.9158241,334.398531994027,142781.44,171036201.984052,0,"Plymouth County","Massachusetts",TRUE
"25025",395794011.875728,154607035.888956,1706.46726317095,1175550816,904526526.528141,2728279579.47694,"Suffolk County","Massachusetts",TRUE
"25027",137691071.952818,53785574.9815696,593.655537143838,109964942.976,147894368.675251,2771166.3616,"Worcester County","Massachusetts",TRUE
"26005",2535773.96734214,990536.705993025,10.9329983077893,90404.096,275649.525487941,0,"Allegan County","Michigan",FALSE
"26049",8859684.69133432,3460814.33255247,38.1985614591001,314880,1272739.48149804,0,"Genesee County","Michigan",TRUE
"26061",1687082.50294708,659016.602713703,7.27386209787234,2025037.44,31252.6631641247,0,"Houghton County","Michigan",FALSE
"26065",27429034.7448095,10714466.6971912,118.260379005159,50292285.312,2473445.84400597,3171560.2176,"Ingham County","Michigan",TRUE
"26073",840821.327614902,328445.831099571,3.62520408772954,652095.232,463403.865607402,789657.6,"Isabella County","Michigan",FALSE
"26077",3795748.71064651,1482714.34009629,16.3653838097363,1628182.4,798871.121650145,0,"Kalamazoo County","Michigan",TRUE
"26081",29032873.4094362,11340966.175561,125.175335003666,42791598.848,1600230.06505508,270460.5696,"Kent County","Michigan",TRUE
"26099",14039024.2904851,5483993.86347074,60.529302212123,0,2089131.69387279,61807.36,"Macomb County","Michigan",TRUE
"26103",326721.230593886,127625.480700737,1.40865972567177,0,66733.0068262187,0,"Marquette County","Michigan",FALSE
"26121",2366325.18724058,924345.776265853,10.2024193011561,40379.776,482124.447851897,209156.3776,"Muskegon County","Michigan",TRUE
"26125",36953406.4815919,14434924.4068718,159.324740979874,4069492.992,5696577.42058327,0,"Oakland County","Michigan",TRUE
"26139",6121239.66842783,2391109.24547962,26.3917461881036,111684.864,566382.045277111,0,"Ottawa County","Michigan",TRUE
"26149",661491.996795534,258395.311248256,2.85202505220212,65352.448,137302.04256346,0,"St. Joseph County","Michigan",FALSE
"26155",2384796.38155997,931561.086546862,10.2820579199121,71401.984,295414.042656029,0,"Shiawassee County","Michigan",FALSE
"26161",158256399.16071,61818905.9221524,682.323017155347,340325985.152,24750912.8128471,52943449.3786022,"Washtenaw County","Michigan",TRUE
"26163",86250097.6427519,33691444.3916999,371.867596922781,38820378.752,11819123.4523268,2105824.5376,"Wayne County","Michigan",TRUE
"27017",305390.410199352,119293.128984122,1.31669181911516,0,7736.72003767931,0,"Carlton County","Minnesota",TRUE
"27053",97066408.4525642,37916565.8017829,418.502158718583,185984717.952,2216975.11719042,2416143.4624,"Hennepin County","Minnesota",TRUE
"27109",99046546.3547049,38690057.1698066,427.039530192581,147318560.512,52821.432144744,6946.73920000003,"Olmsted County","Minnesota",TRUE
"27123",20679159.7904056,8077796.79312718,89.1582695881917,2267570.688,942673.572383403,1519862.0672,"Ramsey County","Minnesota",TRUE
"27137",1574754.72370597,615138.563947645,6.78956048575036,762340.352,51133.0407930862,0,"St. Louis County","Minnesota",TRUE
"27163",7666216.65399938,2994615.88046851,33.0529198519896,248853.504,350562.852777388,0,"Washington County","Minnesota",TRUE
"27171",5965015.0848169,2330084.0175066,25.7181833507803,49077.376,107680.889676518,0,"Wright County","Minnesota",TRUE
"28035",508334.575343923,198568.19349372,2.19168629523045,837716.992,35726.192252335,0,"Forrest County","Mississippi",TRUE
"28049",7801792.2304235,3047575.09000918,33.6374544227802,17387671.424,1369037.74679491,3043828.1728,"Hinds County","Mississippi",TRUE
"28071",3109560.1538171,1214671.93508481,13.4068794527791,5523648.64,660354.022307125,1256099.9936,"Lafayette County","Mississippi",FALSE
"28089",2372555.68191735,926779.563248964,10.2292821006938,59898.496,415581.428348281,0,"Madison County","Mississippi",TRUE
"28105",784932.824427289,306614.38454191,3.38424061123502,1294899.2,30765.6315142072,0,"Oktibbeha County","Mississippi",FALSE
"28151",308083.150464574,120344.980650224,1.32830157816393,198416.896,199395.183650153,267935.7952,"Washington County","Mississippi",FALSE
"29019",23144291.187931,9040738.74528556,99.7866922097366,36334964.864,9703863.01266475,15830309.8185143,"Boone County","Missouri",TRUE
"29077",1313181.43294612,512961.497244579,5.66178632998135,211200,239535.710249514,0,"Greene County","Missouri",TRUE
"29095",16457330.0378712,6428644.54604344,70.9558358797123,12575283.072,894439.861479204,0,"Jackson County","Missouri",TRUE
"29161",824466.992910229,322057.419105558,3.55469231658827,231582.848,139851.342985441,0,"Phelps County","Missouri",FALSE
"29189",154855897.852522,60490585.0986415,667.661743900373,302881519.488,19548574.0755941,37853966.8224,"St. Louis County","Missouri",TRUE
"29510",36930355.8159534,14425920.2406068,159.225357954548,17858531.456,4300191.33165603,0,"St. Louis city","Missouri",TRUE
"30005",11247.070924809,4393.3870800035,0.0484917855345786,0,912.585359021793,0,"Blaine County","Montana",FALSE
"30013",2410337.3309398,941538.019898359,10.3921778122784,2851947.136,26249.2604706997,0,"Cascade County","Montana",TRUE
"30031",3270102.12720259,1277383.64343851,14.0990567311792,3942631.168,710782.28437711,888330.24,"Gallatin County","Montana",TRUE
"30035",25718.4613502491,10046.273964941,0.110885235846133,0,2581.91166907667,0,"Glacier County","Montana",FALSE
"30047",123166.036632857,48111.7330597099,0.531030796682384,0,10848.7530034169,0,"Lake County","Montana",FALSE
"30049",350886.810318861,137065.160280805,1.51284970697236,0,38346.1687487756,0,"Lewis and Clark County","Montana",TRUE
"30063",4367437.82563902,1706030.40064024,18.8302234237125,5658984.192,293491.813658539,352533.2224,"Missoula County","Montana",TRUE
"30111",339287.601918834,132534.219499544,1.46283967948473,0,43959.9559344219,0,"Yellowstone County","Montana",TRUE
"31019",231476.548498743,90420.5267573214,0.998011946499412,127633.92,18768.9888847607,0,"Buffalo County","Nebraska",FALSE
"31055",37111289.2555839,14496597.3654625,160.005453110811,56342151.424,3859968.77876098,5648278.7328,"Douglas County","Nebraska",TRUE
"31109",9703869.8790294,3790574.17149586,41.8382688413023,10889188.224,1501097.61552682,1757576.8576,"Lancaster County","Nebraska",TRUE
"32003",6222357.02221546,2430608.21180291,26.8277140117685,3674925.568,1435567.33805824,0,"Clark County","Nevada",TRUE
"32031",7323884.39367437,2860892.34127905,31.5769531171635,8024030.976,192237.863018937,0,"Washoe County","Nevada",TRUE
"33005",4179497.80832704,1632616.33137775,18.0199193833286,178649.6,1167061.13855363,0,"Cheshire County","New Hampshire",FALSE
"33009",59473695.8599536,23231912.4452944,256.421047210442,120595674.752,1461866.77977998,1281015.8848,"Grafton County","New Hampshire",FALSE
"33011",20845358.3299796,8142718.09764828,89.87483517145,263942.4,33649253.5608236,0,"Hillsborough County","New Hampshire",TRUE
"33013",7738432.8978253,3022825.35071301,33.3642804392154,23204.736,3888066.34714485,0,"Merrimack County","New Hampshire",FALSE
"33015",17943175.4886205,7009052.9252424,77.362063724896,0,31200490.8120639,0,"Rockingham County","New Hampshire",TRUE
"33017",4822358.86189185,1883733.9304265,20.791617058786,3518613.632,3068008.81438709,0,"Strafford County","New Hampshire",TRUE
"34003",48779962.3471859,19054672.7918695,210.314977858534,10136224.64,85707327.6761666,0,"Bergen County","New Jersey",TRUE
"34007",33623712.7634241,13134262.7982126,144.968754896327,7170397.312,3927676.00649331,0,"Camden County","New Jersey",TRUE
"34013",29059907.6446745,11351526.423701,125.291893203221,8661044.992,43514932.8890162,0,"Essex County","New Jersey",TRUE
"34015",17224938.5148709,6728491.60737145,74.2653825065669,2726979.456,1879238.2205801,0,"Gloucester County","New Jersey",TRUE
"34017",48627784.4411521,18995228.297325,209.658862285704,1006282.496,97519601.0744174,0,"Hudson County","New Jersey",TRUE
"34019",3880651.53081745,1515879.50422557,16.7314426151385,142390.016,2189660.22249661,0,"Hunterdon County","New Jersey",TRUE
"34021",22644591.0260696,8845543.36955843,97.6322332183623,33472700.544,7570613.73471322,422600.9344,"Mercer County","New Jersey",TRUE
"34023",62312521.0494579,24340828.5349445,268.660651919963,111799191.552,29243611.5786108,0,"Middlesex County","New Jersey",TRUE
"34027",12427701.8268735,4854571.02612247,53.5820797881808,725451.904,15572849.3674233,0,"Morris County","New Jersey",TRUE
"34035",15848136.6998868,6190678.39839328,68.3292966774502,1504704.896,9004298.47910927,0,"Somerset County","New Jersey",TRUE
"34039",21718494.6512759,8483786.97315466,93.6393654671875,737782.784,22279109.7381977,0,"Union County","New Jersey",TRUE
"35001",35398936.6512898,13827709.6294101,152.622638882811,48027319.424,97703.4631127796,0,"Bernalillo County","New Mexico",TRUE
"35013",2562449.0695206,1000956.66778148,11.0480081039041,2206257.28,386238.316176976,0,"Doña Ana County","New Mexico",TRUE
"35043",4986308.90228123,1947776.91495361,21.4984882299645,33388.672,31432.0338435269,0,"Sandoval County","New Mexico",TRUE
"36001",13468255.513631,5261037.31001211,58.0684306392417,22449353.088,6548820.2601325,0,"Albany County","New York",TRUE
"36005",158019678.803499,61726437.0326169,681.302396509289,99879805.44,245565438.067833,10597229.824,"Bronx County","New York",TRUE
"36007",7305903.93018625,2853868.722729,31.4994302860986,6424093.696,9282401.56285833,0,"Broome County","New York",TRUE
"36027",7664946.62252768,2994119.77442488,33.0474441068681,131320.32,12027637.6713356,0,"Dutchess County","New York",TRUE
"36029",89867417.8410126,35104460.0941456,387.46368557881,109437931.136,10670261.5901656,5359978.7264,"Erie County","New York",TRUE
"36033",351842.877377817,137438.62397571,1.51697179343287,0,359989.56710412,0,"Franklin County","New York",FALSE
"36047",341090391.332606,133238434.114299,1470.61241233234,228748554.624,520105809.586487,13072849.28,"Kings County","New York",TRUE
"36055",73803786.1061036,28829603.9476967,318.205281305976,92132033.92,21682487.1705209,17744584.2549166,"Monroe County","New York",TRUE
"36059",110227320.818663,43057547.1947901,475.245478304884,60313362.432,135102380.87591,703155.7632,"Nassau County","New York",TRUE
"36061",275242637.771166,107516655.379362,1186.70959310215,1074535821.824,614153240.816149,2684614288.45714,"New York County","New York",TRUE
"36065",3693685.52461086,1442845.90805112,15.9253380270339,1889988.352,3083135.02319146,0,"Oneida County","New York",TRUE
"36067",18028266.4153755,7042291.56850607,77.7289335524917,18936046.08,11371317.0049288,34380.7488,"Onondaga County","New York",TRUE
"36075",2777139.20925175,1084820.00361397,11.9736453904324,278203.264,2193505.01518443,0,"Oswego County","New York",TRUE
"36079",4941475.56374594,1930263.89208826,21.3051891344412,81915.392,7774172.97999513,0,"Putnam County","New York",TRUE
"36081",231127092.753422,90284020.6068056,996.505266834173,4778863.616,423510732.486657,507893.5808,"Queens County","New York",TRUE
"36083",6508437.42356921,2542358.36858172,28.0611506603711,3977425.92,4256208.7615638,2544163.84,"Rensselaer County","New York",TRUE
"36085",42908862.9555388,16761274.5920073,185.001712346538,485464.32,70057198.963746,0,"Richmond County","New York",TRUE
"36087",17663225.7506971,6899697.55886606,76.1550594530638,8524366.976,21871839.8554357,0,"Rockland County","New York",TRUE
"36089",1282726.17366796,501064.911589049,5.53047837334183,864774.528,969462.21829835,104928.1536,"St. Lawrence County","New York",FALSE
"36091",5718661.0716204,2233851.98110172,24.6560271633274,1392024.192,3505649.51832986,0,"Saratoga County","New York",TRUE
"36093",4985167.80455512,1947331.17365434,21.493568383137,1175052.672,3234730.38865233,0,"Schenectady County","New York",TRUE
"36097",2095146.65529331,818416.662223949,9.03323211449372,80890.496,11766753.1716406,0,"Schuyler County","New York",FALSE
"36103",108865021.43681,42525398.998754,469.371919766815,78314577.024,78774953.6599541,0,"Suffolk County","New York",TRUE
"36107",4001355.41734367,1563029.45989987,17.2518578430454,131200,18910469.1035239,0,"Tioga County","New York",TRUE
"36109",32684068.8389954,12767214.3902326,140.917476837632,57028478.208,194585514.928446,348911974.0416,"Tompkins County","New York",TRUE
"36119",64664948.9800073,25259745.6953153,278.803153150405,9923420.544,108266876.033282,2709369.9328,"Westchester County","New York",TRUE
"37001",30289815.4568917,11831959.1628483,130.594645026879,244839.424,4906060.1097046,0,"Alamance County","North Carolina",TRUE
"37021",1731145.81315357,676228.833263113,7.46384121356934,39405.44,254878.729253196,0,"Buncombe County","North Carolina",TRUE
"37025",2701560.94549545,1055297.24433416,11.6477894425462,0,391338.535623828,0,"Cabarrus County","North Carolina",TRUE
"37037",22217717.7744701,8678796.00565239,95.7917677046836,203783.552,3578794.72886435,0,"Chatham County","North Carolina",TRUE
"37051",5163788.18065185,2017104.75806713,22.2636907579041,0,767457.812999767,241994.9568,"Cumberland County","North Carolina",TRUE
"37063",174547094.074448,68182458.6228314,752.560405115952,383952771.328,18158768.151385,26664728.7777055,"Durham County","North Carolina",TRUE
"37067",36640336.9178946,14312631.6085526,157.974940463659,62313180.288,6470741.2310942,11632144.1792,"Forsyth County","North Carolina",TRUE
"37081",18790216.1931975,7339928.20046779,81.0140826780977,4356907.392,2854216.34482137,546798.7712,"Guilford County","North Carolina",TRUE
"37109",1128266.8553628,440729.240376094,4.8645264835436,480414.848,134027.345712019,0,"Lincoln County","North Carolina",TRUE
"37119",18610123.1798355,7269579.36712325,80.237611022623,10146752,2911142.52212627,1225623.7056,"Mecklenburg County","North Carolina",TRUE
"37129",6184171.55889776,2415692.01519444,26.6630772534409,6481025.152,322849.289915346,0,"New Hanover County","North Carolina",TRUE
"37135",100771649.974536,39363925.7713032,434.477320468559,222660384.128,16483961.8542461,44502809.6391033,"Orange County","North Carolina",TRUE
"37147",4600303.21972933,1796993.44520677,19.8342233828258,3462924.928,445010.04000672,202743.7056,"Pitt County","North Carolina",TRUE
"37155",1220512.82109488,476762.820740189,5.26224528665378,0,223236.080692691,118237.2608,"Robeson County","North Carolina",FALSE
"37179",2692430.94309321,1051730.83714579,11.6084254053334,0,382396.288051545,0,"Union County","North Carolina",TRUE
"37183",165835987.974821,64779682.8026646,715.002440773405,20910319.232,16907110.0658342,2513502.5152,"Wake County","North Carolina",TRUE
"37189",444316.873144331,173561.278572004,1.91567374883212,233198.08,53694.5915647315,0,"Watauga County","North Carolina",FALSE
"37197",1687862.79294558,659321.403494369,7.27722632092341,0,289888.70396145,0,"Yadkin County","North Carolina",TRUE
"38017",2958242.52401681,1155563.48594407,12.7544729639313,4194681.984,34836.375307298,0,"Cass County","North Dakota",TRUE
"38035",3187015.5711019,1244927.95746168,13.7408287546529,4765537.152,288769.764569072,438835.84,"Grand Forks County","North Dakota",TRUE
"39005",517576.084482727,202178.158001065,2.23153109412704,48529.92,48174.5974247563,0,"Ashland County","Ohio",FALSE
"39009",1496369.92643236,584519.502512641,6.45160415881202,1695502.592,88624.5359656341,0,"Athens County","Ohio",FALSE
"39017",16092526.9048373,6286143.32220208,69.3829858987986,2065593.472,1229480.0872349,0,"Butler County","Ohio",TRUE
"39035",112253964.536803,43849204.8971888,483.983359766829,175252066.048,6106222.68376232,7851196.6208,"Cuyahoga County","Ohio",TRUE
"39049",108979134.95881,42569974.5932851,469.863920615071,165769575.04,16456997.5816879,25100271.2064,"Franklin County","Ohio",TRUE
"39057",2563914.38572879,1001529.05692531,11.0543258198484,2587746.432,196201.294929537,0,"Greene County","Ohio",TRUE
"39061",65814183.2968762,25708665.3503423,283.75808091739,121493206.4,4969559.10863917,8343250.2272,"Hamilton County","Ohio",TRUE
"39089",7250966.18133839,2832408.66458531,31.2625659902572,28031.616,1063389.10881402,0,"Licking County","Ohio",TRUE
"39095",8695779.06022287,3396788.69539956,37.4918817586784,6888673.024,1190396.95063623,920620.7744,"Lucas County","Ohio",TRUE
"39113",6921289.41785726,2703628.67885049,29.84116347423,767936.128,679701.05221123,0,"Montgomery County","Ohio",TRUE
"39133",6726087.01124356,2627377.73876702,28.9995476170324,6760235.776,735807.039676812,1074470.4,"Portage County","Ohio",TRUE
"39153",14961056.3028354,5844162.61829506,64.5046464504421,542542.08,1213725.15406059,0,"Summit County","Ohio",TRUE
"39159",2457624.14895757,960009.433186551,10.5960550931509,0,361030.61315195,0,"Union County","Ohio",TRUE
"39169",1103265.30671714,430963.010436382,4.75673221932468,0,116492.838605058,0,"Wayne County","Ohio",FALSE
"39173",1749245.19613803,683298.904741419,7.5418767664576,241920,224036.685486968,0,"Wood County","Ohio",TRUE
"40021",175531.667809293,68567.0577380052,0.756805398209021,0,1786533.61702083,3053924.1472,"Cherokee County","Oklahoma",FALSE
"40027",8511705.53020993,3324884.97273825,36.6982480917749,4030524.928,1732057.7448744,2944588.8,"Cleveland County","Oklahoma",TRUE
"40109",30474642.1166057,11904157.0767991,131.391525815116,50253496.832,1966205.52248404,1931978.29260659,"Oklahoma County","Oklahoma",TRUE
"40119",2871050.4125884,1121504.06741734,12.3785438712849,4341232,409833.51948449,646416.4864,"Payne County","Oklahoma",FALSE
"40125",1052048.5542215,410956.466492775,4.53591101223888,173043.072,106626.81399566,0,"Pottawatomie County","Oklahoma",FALSE
"40143",7627764.40505604,2979595.47072501,32.8871328465062,8625515.008,450402.239462438,0,"Tulsa County","Oklahoma",TRUE
"41003",4521719.13174319,1766296.53583718,19.4954078132851,7024840.832,15729.8407145743,0,"Benton County","Oregon",TRUE
"41005",18073599.2213032,7059999.69582156,77.9243861034199,711608.704,240269.138595209,0,"Clackamas County","Oregon",TRUE
"41039",20014298.6352348,7818085.40438859,86.2917183978993,22621179.392,263339.708045364,261984.9216,"Lane County","Oregon",TRUE
"41051",64097264.8849207,25037994.0956721,276.355581193727,124198857.344,841860.775705122,1343639.3984,"Multnomah County","Oregon",TRUE
"41067",20582858.4243121,8040179.07199692,88.7430659122736,439514.624,292170.619780069,0,"Washington County","Oregon",TRUE
"42003",224658537.195978,87757241.092179,968.616066978753,325027990.784,24139994.4312044,33374113.4848,"Allegheny County","Pennsylvania",TRUE
"42017",42883826.5403471,16751494.7423231,184.893767755084,5743501.312,6572373.93907659,0,"Bucks County","Pennsylvania",TRUE
"42027",28025187.0341906,10947338.6852307,120.830691680866,48107600.512,4332667.8927865,7196526.1312,"Centre County","Pennsylvania",TRUE
"42029",21738134.8502682,8491458.92588603,93.7240442536697,4092742.656,3168709.48771027,0,"Chester County","Pennsylvania",TRUE
"42043",20949740.9518095,8183492.55930059,90.3248812096721,45121175.936,5323764.49143944,12212926.464,"Dauphin County","Pennsylvania",TRUE
"42045",58267435.412899,22760716.9581637,251.220251084191,805384.576,6500397.76913517,0,"Delaware County","Pennsylvania",TRUE
"42055",2251557.89492162,879514.802703757,9.70759971988715,0,378599.334248915,0,"Franklin County","Pennsylvania",TRUE
"42061",1354704.25666454,529181.350259584,5.84081212932098,40709.504,196456.585211262,0,"Huntingdon County","Pennsylvania",FALSE
"42071",9108822.64004708,3558133.84376839,39.2727205942449,904316.288,1727350.86201665,0,"Lancaster County","Pennsylvania",TRUE
"42091",67473413.2745387,26356802.0603667,290.911856755318,1606052.864,8810773.2438374,0,"Montgomery County","Pennsylvania",TRUE
"42093",1207169.67510858,471550.654339289,5.20471626617812,4738394.624,60898.024242691,0,"Montour County","Pennsylvania",FALSE
"42095",6849541.86474151,2675602.29091465,29.5318236486363,3767047.808,1561700.03991581,0,"Northampton County","Pennsylvania",TRUE
"42101",323441105.961143,126344182.016072,1394.51745687299,589784227.456,32515923.3660603,54035129.6385407,"Philadelphia County","Pennsylvania",TRUE
"42119",944315.908517206,368873.401764533,4.07142133439377,161935.488,145353.727470641,0,"Union County","Pennsylvania",FALSE
"44003",14999416.967029,5859147.25274569,64.6700385879574,0,82248216.5495085,0,"Kent County","Rhode Island",TRUE
"44005",4277127.17686561,1670752.80346313,18.4408487464222,822527.616,16461675.5968656,0,"Newport County","Rhode Island",TRUE
"44007",74710608.910119,29183831.6055152,322.115050989492,91632343.552,424498418.62001,626846212.2752,"Providence County","Rhode Island",TRUE
"44009",8286257.20415623,3236819.22037353,35.7262268473804,5525551.744,29674057.3471979,218785.92,"Washington County","Rhode Island",TRUE
"45003",4627591.92136886,1807653.09428471,19.9518787151579,73597.44,1204296.70720767,0,"Aiken County","South Carolina",TRUE
"45019",30386674.5411633,11869794.7426419,131.012253306668,55455522.944,2877130.52914413,4280532.57311648,"Charleston County","South Carolina",TRUE
"45045",4867070.84902692,1901199.55040114,20.9843929473239,2124211.84,716433.663341482,0,"Greenville County","South Carolina",TRUE
"45047",504028.298298104,196886.054022697,2.17311976672233,72655.616,154262.942212881,0,"Greenwood County","South Carolina",FALSE
"45063",6756853.43685108,2639395.87376995,29.1321971683866,112311.936,4063306.47996179,0,"Lexington County","South Carolina",TRUE
"45075",1245579.68703272,486554.565247155,5.37032116660579,0,1445724.44320028,1790882.304,"Orangeburg County","South Carolina",FALSE
"45077",5203054.77815177,2032443.27271553,22.4329888300305,10918591.36,449974.984328646,690648.4224,"Pickens County","South Carolina",TRUE
"45079",14276809.1377035,5576878.56941541,61.5545124105624,28999232.512,8950870.63471115,19619325.312,"Richland County","South Carolina",TRUE
"45083",2130261.36639073,832133.346246378,9.18462931390933,216036.992,491983.43839852,0,"Spartanburg County","South Carolina",TRUE
"45091",1794991.05411083,701168.380512044,7.73911019271964,87057.152,453605.685432856,0,"York County","South Carolina",TRUE
"46011",1156396.86326956,451717.524714674,4.9858091107823,1571484.416,8066.40108409711,0,"Brookings County","South Dakota",FALSE
"46027",766711.192270079,299496.5594805,3.30567798061194,1311883.264,79449.5093010085,152054.5792,"Clay County","South Dakota",FALSE
"46041",47559.3981820185,18577.889914851,0.205052511201732,92131.328,13.4206585801875,0,"Dewey County","South Dakota",FALSE
"46081",123853.998941627,48380.4683365729,0.533996948577019,97589.504,2625.84139320696,0,"Lawrence County","South Dakota",FALSE
"46099",9937791.51139516,3881949.80913874,42.8468227754255,14668096.256,32584.3014589238,0,"Minnehaha County","South Dakota",TRUE
"46103",262749.262746088,102636.430760191,1.13284436309077,0,10224.173386753,0,"Pennington County","South Dakota",TRUE
"47001",1070026.30000525,417979.023439552,4.61342212591185,846589.824,58156.4333316357,0,"Anderson County","Tennessee",TRUE
"47037",132897028.072828,51912901.5909484,572.986000228313,282569449.344,9395981.86460779,19590940.8256,"Davidson County","Tennessee",TRUE
"47065",3327190.15000643,1299683.65234626,14.3451919406843,132674.304,275755.964730438,0,"Hamilton County","Tennessee",TRUE
"47093",6538418.17588112,2554069.59995356,28.1904127785701,4868833.408,352613.552004969,0,"Knox County","Tennessee",TRUE
"47149",25208528.2228504,9847081.33705093,108.686657388141,191903.104,1823589.0334854,0,"Rutherford County","Tennessee",TRUE
"47157",70102635.4574751,27383841.9755762,302.247757370693,89399109.888,1667585.84949191,1417991.168,"Shelby County","Tennessee",TRUE
"47167",3205276.46381147,1252061.11867635,13.8195606572845,310556.928,81515.9363622211,0,"Tipton County","Tennessee",TRUE
"47179",1755554.4773288,685763.467706563,7.56907925432537,2750451.072,705095.353292212,1402754.3808,"Washington County","Tennessee",TRUE
"47183",369619.646544628,144382.674431495,1.59361639572067,0,29273.6146013593,0,"Weakley County","Tennessee",FALSE
"48029",74516828.5214006,29108136.1411721,321.279566167411,85361051.52,15457273.9251804,17098721.7168879,"Bexar County","Texas",TRUE
"48039",16191682.9240492,6324876.14220673,69.810497421597,0,9042651.46508357,0,"Brazoria County","Texas",TRUE
"48041",23853987.469014,9317963.85508361,102.846550201834,40238165.76,4290266.00223149,6981225.0624,"Brazos County","Texas",TRUE
"48085",27942756.783263,10915139.3684621,120.475293366384,12906495.616,4009888.28545149,158745.6768,"Collin County","Texas",TRUE
"48113",92163725.5283851,36001455.2845254,397.364224184986,168977080.576,15816195.0129344,20638282.7359247,"Dallas County","Texas",TRUE
"48121",20916871.4847647,8170652.92373621,90.1831643878232,1199487.36,4576729.74779065,692077.184,"Denton County","Texas",TRUE
"48135",728073.947869091,284403.885886364,3.13909336656749,274636.928,121484.554623853,0,"Ector County","Texas",TRUE
"48141",9141227.83769154,3570792.12409826,39.4124357169542,8595036.928,8745170.47167444,9516539.0848,"El Paso County","Texas",TRUE
"48143",332125.354670288,129736.466668081,1.43195962548276,183617.024,95753.797780346,0,"Erath County","Texas",FALSE
"48157",37448844.722297,14628454.9696473,161.460824683313,854133.12,6015684.27448707,0,"Fort Bend County","Texas",TRUE
"48167",32732919.3275414,12786296.6123209,141.128095889443,39062065.408,62703068.9563284,114641966.464,"Galveston County","Texas",TRUE
"48201",287822180.287726,112430539.174893,1240.94633455371,402585288.448,56053377.7299202,38043339.9588009,"Harris County","Texas",TRUE
"48209",4630237.91606776,1808686.68596397,19.9632869305344,877122.688,1959871.97803389,3279587.5328,"Hays County","Texas",TRUE
"48215",8043422.45182344,3141961.89524353,34.6792439654204,6536819.456,763611.91865499,0,"Hidalgo County","Texas",TRUE
"48273",373344.82377937,145837.821788816,1.60967751036582,449686.144,28926.5742872526,0,"Kleberg County","Texas",FALSE
"48303",7977943.80758213,3116384.29983677,34.3969325623118,9745182.336,607512.063395196,501030.8096,"Lubbock County","Texas",TRUE
"48309",3332577.30385552,1301788.00931856,14.368418673301,1781454.08,4142180.13866987,5582231.04,"McLennan County","Texas",TRUE
"48339",21617146.5199181,8444197.85934301,93.2024026452236,148008.96,4048056.49830218,0,"Montgomery County","Texas",TRUE
"48423",4890667.9100238,1910417.15235305,21.0861317581447,6305656.064,312560.039464052,0,"Smith County","Texas",TRUE
"48439",38930029.9817296,15207042.9616131,167.846960097374,17188536.32,21876306.3369235,29785441.8432,"Tarrant County","Texas",TRUE
"48453",39845527.8811176,15564659.3285615,171.794132484858,55737888.512,6670505.34723647,6811811.3792,"Travis County","Texas",TRUE
"48471",944933.21018782,369114.535229617,4.07408283270046,70400,311069.178592895,153967.6672,"Walker County","Texas",FALSE
"48473",1902819.61414131,743288.911773949,8.20401340551672,82393.6,359868.569029382,81333.6576,"Waller County","Texas",TRUE
"48491",13135629.9130198,5131105.43477337,56.6343142016393,41449.984,2323480.81332202,0,"Williamson County","Texas",TRUE
"49005",2606875.76856842,1018310.84709704,11.2395539718584,1679036.672,73558.3333398051,0,"Cache County","Utah",TRUE
"49011",10784969.604634,4212878.75181017,46.4994340803222,0,455846.740365119,0,"Davis County","Utah",TRUE
"49035",85892064.0090203,33551587.5035235,370.323933661729,122125796.608,3493987.10391247,4741732.4288,"Salt Lake County","Utah",TRUE
"49037",82573.0199423638,32255.0859149858,0.35601386358783,70827.264,3667.95929436173,0,"San Juan County","Utah",FALSE
"49049",15483161.4874026,6048109.95601664,66.7557047753859,4585965.568,559584.709212292,0,"Utah County","Utah",TRUE
"49051",699365.633175193,273189.70045906,3.01531736759829,0,27148.7828269176,0,"Wasatch County","Utah",FALSE
"50001",1404619.14936291,548679.355219887,6.05602036334855,242300.16,247274.61113499,0,"Addison County","Vermont",FALSE
"50007",16504847.2588349,6447205.96048237,71.1607065436899,23196397.824,1146009.77377665,356527.8976,"Chittenden County","Vermont",TRUE
"50015",787765.914158453,307721.060218146,3.3964554874959,56360.96,140019.392310523,0,"Lamoille County","Vermont",FALSE
"50027",12823631.8658601,5009231.1976016,55.2891335327147,0,441227.489701936,0,"Windsor County","Vermont",FALSE
"51003",37728066.8574067,14737526.1161745,162.664691893075,4772825.472,744005.195433777,0,"Albemarle County","Virginia",TRUE
"51013",8074834.25931504,3154232.13254494,34.8146760830197,0,2455914.71565478,166831.872,"Arlington County","Virginia",TRUE
"51041",12708827.6333851,4964385.79429106,54.7941546838343,103402.496,4328632.02356261,0,"Chesterfield County","Virginia",TRUE
"51053",457289.42935412,178628.683341453,1.97160497019329,90022.784,137840.209825335,0,"Dinwiddie County","Virginia",TRUE
"51059",23787090.7285629,9291832.31584487,102.558124671969,11180489.344,6648818.1356737,0,"Fairfax County","Virginia",TRUE
"51087",13629347.6049629,5323963.90818862,58.762979753087,9710.97600000001,4671908.68512678,0,"Henrico County","Virginia",TRUE
"51107",5727055.61900094,2237131.10117224,24.6922202836481,796441.6,1171658.30150897,0,"Loudoun County","Virginia",TRUE
"51121",14493738.7924509,5661616.71580111,62.4898053738971,28873235.456,9600595.932743,19307931.776,"Montgomery County","Virginia",TRUE
"51153",6172040.18351431,2410953.19668528,26.6107727861475,0,1507677.08591678,0,"Prince William County","Virginia",TRUE
"51510",4816200.27277678,1881328.23155343,20.7650642803284,1166683.392,1704966.34669477,3133230.5664,"Alexandria city","Virginia",TRUE
"51540",20450114.1447723,7988325.83780166,88.1707384878782,103795464.32,392266.443801356,1607461.6064,"Charlottesville city","Virginia",TRUE
"51650",897913.020672025,350747.27370001,3.87135512154451,121811.2,280634.599415194,271902.72,"Hampton city","Virginia",TRUE
"51660",933025.066774811,364462.91670891,4.02274083082645,218107.904,109972.748229,0,"Harrisonburg city","Virginia",TRUE
"51710",2075878.54257674,810890.05569404,8.95015757928769,3533172.736,336128.318774942,208973.2608,"Norfolk city","Virginia",TRUE
"51760",13494820.5344696,5271414.2712772,58.1829658192757,52014065.28,4763314.41488245,19099203.7376,"Richmond city","Virginia",TRUE
"51770",1340150.49553133,523496.287316927,5.7780635374155,249975.04,593566.042267874,0,"Roanoke city","Virginia",TRUE
"51800",524847.47179013,205018.543668019,2.26288170587357,0,113908.887119865,0,"Suffolk city","Virginia",TRUE
"53005",7073480.79822832,2763078.43680794,30.4973371417122,8658637.44,50484.2640789535,0,"Benton County","Washington",TRUE
"53033",344115624.754485,134420165.919721,1483.65571678614,509549549.44,6983227.20378348,9524839.24625101,"King County","Washington",TRUE
"53035",9996019.27198885,3904695.02812065,43.0978719683882,203796.48,243744.135811024,0,"Kitsap County","Washington",TRUE
"53061",63908562.071749,24964282.059277,275.541988356333,730277.76,1240090.59501043,0,"Snohomish County","Washington",TRUE
"53063",5104668.91144659,1994011.29353382,22.008797822452,145586.56,124900.370069511,0,"Spokane County","Washington",TRUE
"53073",3304929.95007582,1290988.26174837,14.2492170110152,254497.28,94617.5400765998,0,"Whatcom County","Washington",TRUE
"53075",9528899.82261842,3722226.49321032,41.0838848325966,15707680.256,47256.9795177183,0,"Whitman County","Washington",FALSE
"53077",2672182.08148792,1043821.12558122,11.5211223678717,0,55309.0418823361,0,"Yakima County","Washington",TRUE
"54011",580833.191500312,226887.965429809,2.50426433174435,950921.728,22706.1059834654,0,"Cabell County","West Virginia",TRUE
"54061",9563253.80912282,3735646.0191886,41.2320021652751,18807477.248,46281.9124018426,0,"Monongalia County","West Virginia",TRUE
"55009",1664255.6369943,650099.858200897,7.17544398567147,0,306784.906893352,0,"Brown County","Wisconsin",TRUE
"55025",128375600.379559,50146718.8982653,553.491848953028,184755266.56,893970.412221541,67875.3792,"Dane County","Wisconsin",TRUE
"55035",526760.087926635,205765.659346342,2.27112795701944,108404.992,47959.6470623004,0,"Eau Claire County","Wisconsin",TRUE
"55063",1385794.82694116,541326.104273889,5.97485923154704,145804.416,101082.692173696,0,"La Crosse County","Wisconsin",TRUE
"55079",42101820.612684,16446023.6768297,181.52214646946,59308333.312,4477088.45976952,4477913.5744,"Milwaukee County","Wisconsin",TRUE
"55125",171852.710559567,67129.965062331,0.740943561190542,10453.12,12954.4438465185,0,"Vilas County","Wisconsin",FALSE
"55133",11704085.8623351,4571908.53997463,50.4622070322977,455553.024,1427022.32228546,0,"Waukesha County","Wisconsin",TRUE
"55141",1897050.4089292,741035.315987969,8.17913945711533,2469583.488,28985.3878247439,0,"Wood County","Wisconsin",FALSE
"56001",4021045.80644495,1570721.01814256,17.3367530243575,5308113.28,5870.95829614256,0,"Albany County","Wyoming",FALSE
"56013",90733.8509863739,35442.9105415523,0.391199315108115,3682.56,4911.97749179403,0,"Fremont County","Wyoming",FALSE
"01001",536841.611974846,209703.754677674,2.31459448312885,0,238021.932206802,0,"Autauga County","Alabama",TRUE
"01003",1214822.40764653,474540.002986924,5.2377110492167,0,254064.395107343,0,"Baldwin County","Alabama",TRUE
"01005",154212.016038148,60239.0687649014,0.664885645211122,0,43709.5824549321,0,"Barbour County","Alabama",FALSE
"01007",547371.751995586,213817.090623276,2.35999521856908,0,190820.675147381,0,"Bibb County","Alabama",TRUE
"01009",3160033.41827218,1234388.05401257,13.6244951085839,0,1196262.60237948,0,"Blount County","Alabama",TRUE
"01011",129562.964702947,50610.5330870888,0.558611174376161,0,23101.834784298,0,"Bullock County","Alabama",FALSE
"01013",103843.562692723,40563.8916768449,0.447721882871262,0,35616.206379742,0,"Butler County","Alabama",FALSE
"01015",1094600.5943925,427578.357184569,4.71937428190486,0,380718.373775178,0,"Calhoun County","Alabama",TRUE
"01017",472007.59915132,184377.968418484,2.03506241062723,0,126334.606634505,0,"Chambers County","Alabama",FALSE
"01019",188944.65528676,73806.5059713906,0.814635540517504,0,65496.1659212135,0,"Cherokee County","Alabama",FALSE
"01021",1095686.17017462,428002.41022446,4.72405474567717,0,404266.830012709,0,"Chilton County","Alabama",TRUE
"01023",68295.7878911162,26678.0421449673,0.294457527784047,0,22099.5647662393,0,"Choctaw County","Alabama",FALSE
"01025",142481.683052339,55656.90744232,0.61431027361439,0,37278.7454088071,0,"Clarke County","Alabama",FALSE
"01027",157155.733558155,61388.9584211543,0.677577493569587,0,58376.5922850771,0,"Clay County","Alabama",FALSE
"01029",157884.194061582,61673.5133053056,0.680718253571793,0,54099.8674471591,0,"Cleburne County","Alabama",FALSE
"01031",238918.963765444,93327.7202208767,1.0300999458892,0,75759.7571412847,0,"Coffee County","Alabama",FALSE
"01033",288907.383252555,112854.446583029,1.24562519092296,0,96731.3590253107,0,"Colbert County","Alabama",TRUE
"01035",61991.4710305802,24215.4183713204,0.267276443643392,0,18492.8504017691,0,"Conecuh County","Alabama",FALSE
"01037",156825.338286149,61259.8977680268,0.676152993201546,0,57813.1708543684,0,"Coosa County","Alabama",FALSE
"01039",165978.794752988,64835.4667003861,0.715618152695741,0,55407.2236872347,0,"Covington County","Alabama",FALSE
"01041",66693.0247177523,26051.962780372,0.287547208769871,0,25641.8528275193,0,"Crenshaw County","Alabama",FALSE
"01043",1812183.38971211,707884.136606294,7.8132350076505,0,658757.378912452,0,"Cullman County","Alabama",FALSE
"01045",221654.13545024,86583.64666025,0.955662578369314,0,74938.6332025028,0,"Dale County","Alabama",FALSE
"01047",408086.032166878,159408.606315187,1.75946435154445,0,145131.995591739,0,"Dallas County","Alabama",FALSE
"01049",313334.287523395,122396.206063826,1.35094187391483,0,100439.247414299,0,"DeKalb County","Alabama",FALSE
"01051",811739.295126218,317085.662158679,3.49981680318418,0,333950.101783128,0,"Elmore County","Alabama",TRUE
"01053",174024.08671628,67978.1588735469,0.750305457066379,0,48443.327367167,0,"Escambia County","Alabama",FALSE
"01055",1085069.12541402,423855.127114851,4.67827932014781,0,384943.48221428,0,"Etowah County","Alabama",TRUE
"01057",264552.042432194,103340.641575076,1.14061705399751,0,86213.8013214779,0,"Fayette County","Alabama",FALSE
"01059",247120.454401261,96531.4275004927,1.06546070138143,0,88792.604167861,0,"Franklin County","Alabama",FALSE
"01061",116600.577169971,45547.1004570199,0.50272379530054,0,35267.7043737027,0,"Geneva County","Alabama",TRUE
"01063",115966.134396651,45299.2712486916,0.499988393069729,0,34491.5622846034,0,"Greene County","Alabama",TRUE
"01065",240402.917047271,93907.3894715902,1.03649801564147,0,74239.5288892492,0,"Hale County","Alabama",TRUE
"01067",106083.632192742,41438.9188252898,0.457379950336442,0,30577.5868531729,0,"Henry County","Alabama",TRUE
"01069",483029.997376393,188683.592725154,2.08258551903299,0,150856.070647021,0,"Houston County","Alabama",TRUE
"01071",264806.340781103,103439.976867618,1.14171346221611,0,75794.6849120735,0,"Jackson County","Alabama",FALSE
"01075",112702.5968602,44024.4518985158,0.485917639594483,0,36648.7317771177,0,"Lamar County","Alabama",FALSE
"01077",494999.291083443,193359.09807947,2.13419117061311,0,167212.680277582,0,"Lauderdale County","Alabama",TRUE
"01079",267401.815361154,104453.834125451,1.1529038599239,0,84915.5172286248,0,"Lawrence County","Alabama",TRUE
"01083",752020.297055231,293757.9285372,3.24233813463498,0,188828.109730231,0,"Limestone County","Alabama",TRUE
"01085",44694.2311243943,17458.6840329665,0.192699333435904,0,18389.0179087597,0,"Lowndes County","Alabama",TRUE
"01091",190182.135218645,74289.8965697833,0.819970939561531,0,64931.8789114487,0,"Marengo County","Alabama",FALSE
"01093",309963.010723409,121079.301063832,1.33640660222894,0,112960.207979373,0,"Marion County","Alabama",FALSE
"01095",996363.443539797,389204.470132733,4.29582446324324,0,329092.618548158,0,"Marshall County","Alabama",FALSE
"01099",111364.104264705,43501.6032284002,0.480146724098855,0,31334.7657574974,0,"Monroe County","Alabama",FALSE
"01103",1057293.70638468,413005.354056516,4.55852550409133,0,313451.84885667,0,"Morgan County","Alabama",TRUE
"01105",113290.023602826,44253.9154698541,0.488450332044912,0,37965.0480560005,0,"Perry County","Alabama",FALSE
"01107",267365.102662474,104439.493227529,1.15274557299544,0,76605.0874573904,0,"Pickens County","Alabama",TRUE
"01109",182900.907135961,71445.6668499849,0.788577899278035,0,58732.7029605581,0,"Pike County","Alabama",FALSE
"01111",200154.238431879,78185.2493874527,0.86296569735915,0,63433.5237081214,0,"Randolph County","Alabama",FALSE
"01113",430981.237218062,168352.045788306,1.85817710800651,0,105104.074659986,0,"Russell County","Alabama",TRUE
"01115",5259851.36231275,2054629.43840342,22.6778675008101,0,1997631.64526954,0,"St. Clair County","Alabama",TRUE
"01119",114657.465901582,44788.0726178055,0.494346064287153,0,36461.6630564788,0,"Sumter County","Alabama",FALSE
"01121",1813422.34575207,708368.103809402,7.81857677093963,0,659672.374166259,0,"Talladega County","Alabama",FALSE
"01123",689906.975148345,269494.912167322,2.97453633051324,0,204071.415316719,0,"Tallapoosa County","Alabama",FALSE
"01127",2456239.81714459,959468.678572105,10.5900865417092,0,922825.393004537,0,"Walker County","Alabama",TRUE
"01129",125992.51907015,49215.8277617772,0.543217185572676,0,28675.57912441,0,"Washington County","Alabama",FALSE
"01131",48162.2709742034,18813.3870992982,0.207651799348727,0,15207.3884671224,0,"Wilcox County","Alabama",FALSE
"01133",355143.133968439,138727.786706422,1.5312008612383,0,129349.608962346,0,"Winston County","Alabama",FALSE
"02013",2600.00062162497,1015.62524282225,0.0112099117518236,0,101.299492286279,0,"Aleutians East Borough","Alaska",FALSE
"02016",4256.45509102639,1662.67776993218,0.0183517209761992,0,194.167343624305,0,"Aleutians West Census Area","Alaska",FALSE
"02060",1032.44749371132,403.299802230985,0.00445140097145898,0,117.0322532246,0,"Bristol Bay Borough","Alaska",FALSE
"02063",8865.41068916178,3463.05105045382,0.0382232491187119,0,2004.82561099577,0,"Chugach Census Area","Alaska",FALSE
"02066",3267.52216861664,1276.37584711588,0.0140879332307341,0,756.130527274745,0,"Copper River Census Area","Alaska",FALSE
"02068",8579.57910468801,3351.39808776875,0.0369908852449555,0,2204.42525768153,0,"Denali Borough","Alaska",FALSE
"02070",2499.55777783136,976.389756965376,0.0107768520803513,0,159.845270701396,0,"Dillingham Census Area","Alaska",FALSE
"02100",876.644474425105,342.439247822306,0.00377965571019262,0,96.2564666218269,0,"Haines Borough","Alaska",FALSE
"02105",1128.35993190714,440.765598401228,0.00486492778338929,0,7.43666252567497,0,"Hoonah-Angoon Census Area","Alaska",FALSE
"02110",28407.4611282394,11096.6645032185,0.122478867771154,0,2834.44171928338,0,"Juneau City and Borough","Alaska",FALSE
"02122",61747.5817730991,24120.1491301169,0.266224914258806,0,16533.7049203856,0,"Kenai Peninsula Borough","Alaska",FALSE
"02130",7172.90386510139,2801.91557230523,0.0309260000414334,0,1301.62506010292,0,"Ketchikan Gateway Borough","Alaska",FALSE
"02150",9246.38491952758,3611.86910919046,0.0398658208421949,0,1097.8029282902,0,"Kodiak Island Borough","Alaska",FALSE
"02158",2488.35691264686,972.014419002678,0.0107285595110273,0,341.698613822132,0,"Kusilvak Census Area","Alaska",FALSE
"02164",771.09701157518,301.209770146555,0.00332458745584849,0,132.575735933924,0,"Lake and Peninsula Borough","Alaska",FALSE
"02170",103308.070470198,40354.7150274211,0.445413106285455,0,27433.8300473997,0,"Matanuska-Susitna Borough","Alaska",TRUE
"02180",4900.10120405355,1914.10203283342,0.0211268034382678,0,607.246664105802,0,"Nome Census Area","Alaska",FALSE
"02185",8362.93439646033,3266.77124861732,0.0360568208295346,0,856.00838107007,0,"North Slope Borough","Alaska",FALSE
"02188",6654.83745344904,2599.54588025353,0.0286923549000038,0,1052.97611938511,0,"Northwest Arctic Borough","Alaska",FALSE
"02195",3603.3640986,1407.56410101563,0.0155359168836467,0,88.1415925712306,0,"Petersburg Borough","Alaska",FALSE
"02198",3492.64662896218,1364.31508943835,0.0150585581269978,0,231.631543041126,0,"Prince of Wales-Hyder Census Area","Alaska",FALSE
"02230",178.511240692879,69.7309533956559,0.000769651837092658,0,0.531190180405355,0,"Skagway Municipality","Alaska",FALSE
"02240",24965.8573185468,9752.28801505733,0.107640380937531,0,6030.23641264006,0,"Southeast Fairbanks Census Area","Alaska",FALSE
"02275",1749.7985144718,683.515044715549,0.00754426240038424,0,30.1840410363413,0,"Wrangell City and Borough","Alaska",FALSE
"02282",997.223765040985,389.540533219135,0.00429953374239736,0,194.757489699087,0,"Yakutat City and Borough","Alaska",FALSE
"02290",21393.3221259619,8356.76645545387,0.0922373829897335,0,5536.90960023787,0,"Yukon-Koyukuk Census Area","Alaska",FALSE
"04003",1626561.11460936,635375.43539428,7.01292392088848,0,135291.924850313,0,"Cochise County","Arizona",TRUE
"04007",401357.014710751,156780.083871387,1.73045216930408,0,29125.2425264805,0,"Gila County","Arizona",FALSE
"04009",282546.591298123,110369.762225829,1.21820061421792,0,24661.3780359274,0,"Graham County","Arizona",FALSE
"04011",50112.4090964563,19575.1598033033,0.216059826667067,0,3391.62337240292,0,"Greenlee County","Arizona",FALSE
"04012",72404.9183704591,28283.1712384606,0.312174058182941,0,12034.7959147557,0,"La Paz County","Arizona",FALSE
"04015",673413.178449456,263052.022831819,2.90342326849731,0,100223.421764292,0,"Mohave County","Arizona",TRUE
"04021",4987085.79384512,1948080.38822075,21.5018378006529,0,325799.53213708,0,"Pinal County","Arizona",TRUE
"04025",1571061.44834078,613695.878258116,6.77363691612708,0,127898.335208694,0,"Yavapai County","Arizona",TRUE
"05001",209577.252583257,81866.1142903346,0.903593055750746,0,23646.9141398001,0,"Arkansas County","Arkansas",FALSE
"05003",119425.202384669,46650.4696815115,0.51490217676914,0,15122.1805826781,0,"Ashley County","Arkansas",FALSE
"05005",217060.835110554,84789.38871506,0.935858547928228,0,31055.8861676203,0,"Baxter County","Arkansas",FALSE
"05007",2233140.97357996,872320.692804671,9.62819509926393,0,309653.887910403,0,"Benton County","Arkansas",TRUE
"05009",197146.975525914,77010.5373148101,0.849999872847412,0,29063.9658410785,0,"Boone County","Arkansas",FALSE
"05011",68890.4694316695,26910.3396217459,0.297021499321051,0,9520.32485822652,0,"Bradley County","Arkansas",FALSE
"05013",24405.8293948737,9533.52710737253,0.105225818590615,0,2920.36418984401,0,"Calhoun County","Arkansas",FALSE
"05015",159564.514575162,62329.8885059226,0.687962961328914,0,21710.4015777008,0,"Carroll County","Arkansas",FALSE
"05017",64798.5267970359,25311.9245300922,0.279379074374592,0,11702.3202168551,0,"Chicot County","Arkansas",FALSE
"05021",82547.6658625599,32245.1819775625,0.355904549384293,0,8180.15442078893,0,"Clay County","Arkansas",FALSE
"05023",148122.478776093,57860.3432719115,0.638630584058711,0,19897.2599985576,0,"Cleburne County","Arkansas",FALSE
"05025",49802.9233021513,19454.2669149029,0.214725477585091,0,6113.86510948576,0,"Cleveland County","Arkansas",FALSE
"05027",130948.803650535,51151.8764259901,0.564586223834027,0,14176.5357649464,0,"Columbia County","Arkansas",FALSE
"05029",275083.514280787,107454.497765932,1.18602353161818,0,29505.7957910009,0,"Conway County","Arkansas",FALSE
"05033",315838.35041496,123374.355630844,1.36173814980877,0,43667.9003057825,0,"Crawford County","Arkansas",TRUE
"05035",1353563.33113761,528735.676225629,5.83589302493082,0,44690.5521584481,0,"Crittenden County","Arkansas",TRUE
"05037",170586.828359266,66635.4798278383,0.735485705667142,0,11416.954358126,0,"Cross County","Arkansas",FALSE
"05039",45400.4389886392,17734.5464799372,0.195744151106632,0,4960.98948412124,0,"Dallas County","Arkansas",FALSE
"05041",78896.1482196822,30818.8078983133,0.340161018326479,0,8867.63623242372,0,"Desha County","Arkansas",FALSE
"05043",108271.769506123,42293.6599633294,0.466814111997737,0,12902.4906675384,0,"Drew County","Arkansas",FALSE
"05045",4404852.35600135,1720645.45156303,18.9915363019131,0,466218.524504615,0,"Faulkner County","Arkansas",TRUE
"05047",58973.0856553452,23036.3615841192,0.254262664566589,0,7388.03039798309,0,"Franklin County","Arkansas",FALSE
"05049",72256.2446975332,28225.0955849739,0.311533051123382,0,8918.6495237841,0,"Fulton County","Arkansas",FALSE
"05051",1345088.60712432,525425.237157939,5.7993542227783,0,151619.733557469,0,"Garland County","Arkansas",TRUE
"05053",626884.979039553,244876.944937325,2.70281677439952,0,65970.8984959215,0,"Grant County","Arkansas",TRUE
"05055",229308.73395137,89573.7241997537,0.988665406514669,0,26119.4963641299,0,"Greene County","Arkansas",FALSE
"05057",96865.9587761496,37838.2651469334,0.41763791923933,0,11610.826295931,0,"Hempstead County","Arkansas",FALSE
"05059",567596.533842744,221717.396032322,2.44719443606959,0,64732.8325804833,0,"Hot Spring County","Arkansas",FALSE
"05061",54884.1083242312,21439.1048141528,0.2366330245366,0,6388.37168245581,0,"Howard County","Arkansas",FALSE
"05063",200416.186500658,78287.5728518196,0.864095087371658,0,25050.5473727326,0,"Independence County","Arkansas",FALSE
"05065",82322.4248727854,32157.1972159318,0.354933422070989,0,9861.88988935542,0,"Izard County","Arkansas",FALSE
"05067",140261.603449764,54789.6888475642,0.604738392661787,0,24397.7264898331,0,"Jackson County","Arkansas",FALSE
"05069",1426612.61082784,557270.551104625,6.1508452491922,0,155818.215756396,0,"Jefferson County","Arkansas",FALSE
"05071",207060.806835472,80883.1276701064,0.892743391129019,0,23905.6596285637,0,"Johnson County","Arkansas",FALSE
"05073",29366.3020390322,11471.211733997,0.126612913703538,0,4133.57237416288,0,"Lafayette County","Arkansas",FALSE
"05075",94656.7359123813,36975.2874657739,0.408112847153972,0,9769.94012668112,0,"Lawrence County","Arkansas",FALSE
"05077",80480.8318049527,31437.8249238096,0.346993387133508,0,6043.70842438802,0,"Lee County","Arkansas",FALSE
"05079",81708.7654836895,31917.4865170662,0.352287627473778,0,10961.6746931032,0,"Lincoln County","Arkansas",FALSE
"05081",53362.3377168737,20844.6631706538,0.230071905253354,0,5398.63970596716,0,"Little River County","Arkansas",TRUE
"05083",89123.0220262181,34813.6804789915,0.384254220426044,0,11688.9054404721,0,"Logan County","Arkansas",FALSE
"05085",3990210.43808337,1558675.95237631,17.2038062260786,0,421916.525755915,0,"Lonoke County","Arkansas",TRUE
"05087",147416.072021503,57584.4031333997,0.635584908871565,0,19632.628047277,0,"Madison County","Arkansas",TRUE
"05089",95723.64038043,37392.0470236055,0.412712809490511,0,12557.8283661829,0,"Marion County","Arkansas",FALSE
"05091",177401.564426071,69297.4861039338,0.764867463996531,0,20094.29445994,0,"Miller County","Arkansas",TRUE
"05093",301876.691296193,117920.582537576,1.30154240780444,0,26973.4588183333,0,"Mississippi County","Arkansas",FALSE
"05095",100248.703794728,39159.6499198156,0.432222636189699,0,12264.5168824178,0,"Monroe County","Arkansas",FALSE
"05097",72777.2360582259,28428.6078352445,0.313779307192805,0,8086.74782272536,0,"Montgomery County","Arkansas",FALSE
"05099",41404.5142118555,16173.6383640061,0.178515707489309,0,8286.51591423174,0,"Nevada County","Arkansas",FALSE
"05101",46826.603738918,18291.6420855148,0.201893065403504,0,5092.85159949396,0,"Newton County","Arkansas",FALSE
"05103",148604.425053054,58048.6035363491,0.640708497113389,0,15987.1792613891,0,"Ouachita County","Arkansas",FALSE
"05105",207034.745217884,80872.9473507361,0.892631026373856,0,22600.3533972112,0,"Perry County","Arkansas",TRUE
"05107",150132.351491127,58645.4498012215,0.647296157282245,0,12817.5762719773,0,"Phillips County","Arkansas",FALSE
"05109",50318.3268890623,19655.5964410399,0.216947641948357,0,5691.36838413441,0,"Pike County","Arkansas",FALSE
"05111",216941.639186318,84742.8278071555,0.935344634284998,0,18548.749828474,0,"Poinsett County","Arkansas",TRUE
"05113",77005.3471834189,30080.213743523,0.332008823061418,0,9101.96964167821,0,"Polk County","Arkansas",FALSE
"05115",577612.574775523,225629.912021689,2.49037863149833,0,69181.407556723,0,"Pope County","Arkansas",FALSE
"05117",158736.426446438,62006.4165806398,0.68439265647263,0,17273.1407073335,0,"Prairie County","Arkansas",FALSE
"05121",103499.880844495,40429.6409548807,0.446240097383481,0,12133.4909151759,0,"Randolph County","Arkansas",FALSE
"05123",235945.893178695,92166.3645229279,1.01728154168106,0,19671.9431577608,0,"St. Francis County","Arkansas",FALSE
"05125",7566673.78955018,2955731.94904304,32.6237404446009,0,793800.793090099,0,"Saline County","Arkansas",TRUE
"05127",40098.0243179371,15663.2907491942,0.172882771753193,0,5615.64610967329,0,"Scott County","Arkansas",FALSE
"05129",46414.7597281779,18130.7655188195,0.20011739851423,0,6209.83997688298,0,"Searcy County","Arkansas",FALSE
"05131",630861.455517483,246430.256061517,2.71996136660848,0,88444.0220572808,0,"Sebastian County","Arkansas",TRUE
"05133",62750.7675610727,24512.018578544,0.27055015328388,0,11918.2060539039,0,"Sevier County","Arkansas",FALSE
"05135",92354.8970939529,36076.1316773253,0.39818846105695,0,10971.1101485375,0,"Sharp County","Arkansas",FALSE
"05137",68768.9748137006,26862.8807866018,0.296497674851771,0,7776.34337503264,0,"Stone County","Arkansas",FALSE
"05139",228277.051908348,89170.7234016986,0.984217305786531,0,26296.6176974436,0,"Union County","Arkansas",FALSE
"05141",92853.4214593619,36270.8677575632,0.400337850597817,0,10860.4292339895,0,"Van Buren County","Arkansas",FALSE
"05145",1497639.42212121,585015.399266098,6.45707759390391,0,166334.058507828,0,"White County","Arkansas",FALSE
"05147",58139.5762810542,22710.7719847868,0.250668985991128,0,7034.01133606875,0,"Woodruff County","Arkansas",FALSE
"05149",169362.08908546,66157.0660490076,0.730205238014875,0,18933.635783277,0,"Yell County","Arkansas",FALSE
"06003",55490.1451593515,21675.8379528717,0.23924595446575,0,2765.95255994406,0,"Alpine County","California",FALSE
"06005",1255749.09272436,490526.989345452,5.41416659472746,0,96433.0720143878,0,"Amador County","California",FALSE
"06007",2493035.61124061,973842.035640863,10.7487317363387,0,214193.537528779,0,"Butte County","California",TRUE
"06009",1474103.26592362,575821.588251412,6.35560137433774,0,115190.494829806,0,"Calaveras County","California",FALSE
"06011",1125495.89857149,439646.835379487,4.85257949366968,0,22464.6042494303,0,"Colusa County","California",FALSE
"06015",123005.874070789,48049.1695589021,0.530340255237203,0,22716.3652645299,0,"Del Norte County","California",FALSE
"06021",534952.759413293,208965.921645818,2.3064506887193,0,22918.238864383,0,"Glenn County","California",FALSE
"06025",3960916.18138596,1547232.88335389,17.0775039361168,0,1515622.63542647,0,"Imperial County","California",TRUE
"06027",223044.500328968,87126.757941003,0.961657141395084,0,35176.5396286595,0,"Inyo County","California",FALSE
"06031",1089044.33318804,425407.942651578,4.69541844233544,0,705929.459782523,0,"Kings County","California",TRUE
"06033",665547.365285367,259979.439564596,2.86950978759566,0,60532.7351434811,0,"Lake County","California",FALSE
"06035",163059.633812288,63695.1694579249,0.703032180114637,0,26936.405033946,0,"Lassen County","California",FALSE
"06039",1479551.22913694,577949.698881615,6.37909028674051,0,290616.919967201,0,"Madera County","California",TRUE
"06043",524942.308826441,205055.589385328,2.26329059608653,0,45048.824494016,0,"Mariposa County","California",FALSE
"06045",844575.232300091,329912.200117223,3.64138906087752,0,85056.7330997544,0,"Mendocino County","California",FALSE
"06049",56351.3586283826,22012.2494642119,0.242959079342346,0,4242.71816184687,0,"Modoc County","California",FALSE
"06051",211140.405846105,82476.7210336348,0.91033259649753,0,26192.0334464329,0,"Mono County","California",FALSE
"06057",1369332.31864086,534895.436969087,5.90388106957082,0,135914.953692807,0,"Nevada County","California",FALSE
"06061",10357986.4131138,4046088.44262259,44.6584945602917,0,865423.157634474,0,"Placer County","California",TRUE
"06063",284814.736556297,111255.756467303,1.22797973041235,0,29772.7940530373,0,"Plumas County","California",FALSE
"06069",2412982.07455121,942571.122871568,10.4035806335868,0,215431.993230657,0,"San Benito County","California",TRUE
"06089",926016.606703595,361725.236993592,3.99252383077612,0,119014.478592108,0,"Shasta County","California",TRUE
"06091",38629.0483665604,15089.4720181877,0.166549276813414,0,3803.90055117594,0,"Sierra County","California",FALSE
"06093",230544.381529548,90056.3990349795,0.993992905359294,0,26721.2851394189,0,"Siskiyou County","California",FALSE
"06099",10724276.8318879,4189170.63745623,46.2377569788637,0,1142885.69235186,0,"Stanislaus County","California",TRUE
"06101",3762459.11834581,1469710.59310383,16.2218556163807,0,143575.116219486,0,"Sutter County","California",TRUE
"06103",825793.1542219,322575.45086793,3.56041006571067,0,60527.6324803089,0,"Tehama County","California",FALSE
"06105",133139.836052062,52007.7484578369,0.574032867677967,0,10187.3159527632,0,"Trinity County","California",FALSE
"06107",3040926.37690588,1187861.86597886,13.1109646841556,0,1879453.93256548,0,"Tulare County","California",TRUE
"06109",1453618.27356146,567819.638109947,6.26728025829394,0,126466.433249677,0,"Tuolumne County","California",FALSE
"06115",2177538.72212285,850601.063329238,9.38846579810425,0,102911.197521856,0,"Yuba County","California",TRUE
"08003",80237.0100617591,31342.5820553747,0.345942148837008,0,5598.11071492249,0,"Alamosa County","Colorado",FALSE
"08007",44107.2165369997,17229.3814597655,0.190168417994194,0,2533.5373652499,0,"Archuleta County","Colorado",FALSE
"08009",12875.892037606,5029.64532718983,0.0555144534455386,0,473.839221378647,0,"Baca County","Colorado",FALSE
"08011",23285.7725304042,9096.00489468913,0.100396689511453,0,2686.26617599891,0,"Bent County","Colorado",FALSE
"08015",143994.764505503,56247.9548849622,0.620833929579014,0,10542.4817004845,0,"Chaffee County","Colorado",FALSE
"08017",12304.030788416,4806.262026725,0.0530488716743693,0,532.874820995619,0,"Cheyenne County","Colorado",FALSE
"08019",255914.201654566,99966.4850213149,1.1033749733464,0,7739.59633049212,0,"Clear Creek County","Colorado",TRUE
"08021",46030.3129997633,17980.5910155325,0.198459855103293,0,4732.09882600349,0,"Conejos County","Colorado",FALSE
"08023",16420.5251015458,6414.26761779132,0.0707971512683289,0,1076.97687418252,0,"Costilla County","Colorado",FALSE
"08025",24375.7075962772,9521.76077979577,0.105095948350868,0,2063.08391546876,0,"Crowley County","Colorado",FALSE
"08027",33194.4542388993,12966.58368707,0.143118005270108,0,1974.86522566625,0,"Custer County","Colorado",FALSE
"08029",92259.4331517684,36038.8410749095,0.397776867937137,0,3742.69607171631,0,"Delta County","Colorado",FALSE
"08033",8793.76215058012,3435.06334007036,0.0379143361946274,0,202.620810823101,0,"Dolores County","Colorado",FALSE
"08039",811876.459447362,317139.241971626,3.50040818763337,0,23614.9367871796,0,"Elbert County","Colorado",TRUE
"08043",349990.266087263,136714.947690337,1.50898425338968,0,38091.2614337696,0,"Fremont County","Colorado",FALSE
"08045",622729.347645563,243253.651424048,2.68489975514488,0,14095.5270333211,0,"Garfield County","Colorado",FALSE
"08047",177689.883369709,69410.1106912924,0.766110552128003,0,3862.33779008081,0,"Gilpin County","Colorado",TRUE
"08051",107473.677481929,41981.9052663785,0.463373135450793,0,4202.93112748249,0,"Gunnison County","Colorado",FALSE
"08053",9461.35122252334,3695.84032129818,0.0407926488076022,0,825.56251655963,0,"Hinsdale County","Colorado",FALSE
"08055",23776.1224826031,9287.54784476682,0.102510835041244,0,3727.63808138886,0,"Huerfano County","Colorado",FALSE
"08057",33140.5871383238,12945.5418509078,0.142885757078029,0,250.334503199386,0,"Jackson County","Colorado",FALSE
"08061",17794.5773961911,6951.00679538716,0.0767213825309116,0,713.75724612288,0,"Kiowa County","Colorado",FALSE
"08063",102202.055690404,39922.6780040639,0.440644519703364,0,3503.09322524177,0,"Kit Carson County","Colorado",FALSE
"08065",125663.211184592,49087.1918689812,0.541797373475103,0,2827.48919132027,0,"Lake County","Colorado",FALSE
"08071",71356.1615952,27873.500623125,0.307652339687184,0,6297.4855487793,0,"Las Animas County","Colorado",FALSE
"08073",75677.6455132048,29561.5802785956,0.326284432677793,0,3729.73621015608,0,"Lincoln County","Colorado",FALSE
"08075",323434.018220512,126341.413367388,1.39448689805452,0,8370.36240205877,0,"Logan County","Colorado",FALSE
"08077",926304.698190429,361837.772730636,3.99376593822679,0,31385.0095140508,0,"Mesa County","Colorado",TRUE
"08079",12038.2785816689,4702.45257096442,0.0519030801077407,0,361.594750622825,0,"Mineral County","Colorado",FALSE
"08081",179679.909621796,70187.464696014,0.774690557257297,0,3071.5901862694,0,"Moffat County","Colorado",FALSE
"08083",74110.9473314045,28949.5888013299,0.319529608000579,0,3893.82724604456,0,"Montezuma County","Colorado",FALSE
"08085",128504.980150428,50197.2578712611,0.554049670286551,0,8519.65559902297,0,"Montrose County","Colorado",FALSE
"08087",619028.710447919,241808.090018718,2.66894444495531,0,13234.2841680425,0,"Morgan County","Colorado",FALSE
"08089",84363.8973173717,32954.6473895983,0.363735237638744,0,11099.0204038201,0,"Otero County","Colorado",FALSE
"08091",23739.4480594086,9273.22189820647,0.10235271313768,0,1374.01219509297,0,"Ouray County","Colorado",FALSE
"08093",168937.920951479,65991.3753716716,0.72837643562525,0,14162.7187875709,0,"Park County","Colorado",TRUE
"08095",45922.8482364145,17938.6125923494,0.197996520401158,0,1602.46311818977,0,"Phillips County","Colorado",FALSE
"08097",119059.974217203,46507.8024285948,0.513327494250786,0,4972.2861263733,0,"Pitkin County","Colorado",FALSE
"08099",101315.96384238,39576.5483759296,0.436824131608937,0,5476.57701569413,0,"Prowers County","Colorado",FALSE
"08101",1284039.69579168,501578.006168624,5.53614162856123,0,108281.627822194,0,"Pueblo County","Colorado",TRUE
"08103",35761.107405129,13969.1825801285,0.154184139351642,0,4871.25859796745,0,"Rio Blanco County","Colorado",FALSE
"08105",46032.6510358122,17981.5043108641,0.198469935553876,0,2949.85667950578,0,"Rio Grande County","Colorado",FALSE
"08107",251750.708006811,98340.1203151605,1.08542405595721,0,7744.44613058761,0,"Routt County","Colorado",FALSE
"08109",22286.4760567768,8705.65470967844,0.0960882192787541,0,1624.36781767366,0,"Saguache County","Colorado",FALSE
"08111",4791.37855835259,1871.63224935648,0.0206580453719828,0,358.501829527759,0,"San Juan County","Colorado",FALSE
"08113",21783.7575082167,8509.28027664714,0.0939207465025969,0,2392.36788493346,0,"San Miguel County","Colorado",FALSE
"08115",21605.8115243949,8439.77012671675,0.0931535317724761,0,457.650175903533,0,"Sedgwick County","Colorado",FALSE
"08117",338686.02582008,132299.228835969,1.46024598203599,0,11222.4513618598,0,"Summit County","Colorado",FALSE
"08119",211605.008035028,82658.2062636827,0.912335730456119,0,43254.9325563519,0,"Teller County","Colorado",TRUE
"08121",65647.4116566359,25643.5201783734,0.28303904440861,0,1776.16880017383,0,"Washington County","Colorado",FALSE
"08125",58271.8008649317,22762.4222128639,0.251239072745861,0,2436.93178490488,0,"Yuma County","Colorado",FALSE
"09160",6190826.62042915,2418291.64860514,26.6917705744538,0,2030152.57955076,0,"Northwest Hills Planning Region","Connecticut",FALSE
"09180",11317498.4817729,4420897.84444255,48.7954341921583,0,6504446.36891273,0,"Southeastern Connecticut Planning Region","Connecticut",TRUE
"12003",574568.967999363,224441.003124751,2.47725611026344,0,56998.7896258461,0,"Baker County","Florida",TRUE
"12005",691560.081386299,270140.656791523,2.98166370382605,0,89356.9340411855,0,"Bay County","Florida",TRUE
"12007",2211087.45840245,863706.038438455,9.53311129162895,0,215629.515815861,0,"Bradford County","Florida",FALSE
"12013",151609.772788066,59222.5674953384,0.653666064358884,0,18105.996449607,0,"Calhoun County","Florida",FALSE
"12015",623209.742070323,243441.30549622,2.68697097738338,0,128763.182415327,0,"Charlotte County","Florida",TRUE
"12017",966094.985443591,377380.853688903,4.16532190055147,0,106189.733338827,0,"Citrus County","Florida",TRUE
"12019",4472469.30947629,1747058.32401418,19.2830670327433,0,363378.110156201,0,"Clay County","Florida",TRUE
"12021",1168049.06189953,456269.164804505,5.0360476058312,0,266804.189245493,0,"Collier County","Florida",TRUE
"12023",3956062.00662175,1545336.72133662,17.0565751446842,0,384261.052283872,0,"Columbia County","Florida",FALSE
"12027",134948.298966435,52714.1792837637,0.58183006184321,0,24988.484486839,0,"DeSoto County","Florida",FALSE
"12029",573397.124214215,223983.251646178,2.47220370169508,0,56926.6146791853,0,"Dixie County","Florida",FALSE
"12035",1520956.41079388,594123.597966358,6.55760887192164,0,169440.520290041,0,"Flagler County","Florida",TRUE
"12037",107647.975709192,42049.9905114033,0.464124622865784,0,15485.1837142409,0,"Franklin County","Florida",FALSE
"12039",1503360.45455816,587250.177561781,6.48174384521713,0,160340.139323758,0,"Gadsden County","Florida",TRUE
"12041",2253265.47316242,880181.825454069,9.71496194943028,0,219915.183549664,0,"Gilchrist County","Florida",TRUE
"12043",50117.0094617255,19576.9568209865,0.216079661157976,0,12661.4387271987,0,"Glades County","Florida",FALSE
"12045",107112.514701296,41840.8260551936,0.461815980861956,0,11665.7961376268,0,"Gulf County","Florida",FALSE
"12047",256947.666028194,100370.182042263,1.10783075859917,0,25524.9467611574,0,"Hamilton County","Florida",FALSE
"12049",112380.629383572,43898.6833529578,0.48452947569562,0,20154.7746659145,0,"Hardee County","Florida",FALSE
"12051",157817.931697189,61647.6295692143,0.680432563156513,0,30233.4665307374,0,"Hendry County","Florida",FALSE
"12053",1346571.24353335,526004.392005215,5.80574661482889,0,154597.204813638,0,"Hernando County","Florida",TRUE
"12055",379057.094719074,148069.177624638,1.63430598645309,0,84051.760428046,0,"Highlands County","Florida",TRUE
"12059",73292.4687631688,28629.8706106128,0.316000734797869,0,10157.8031419256,0,"Holmes County","Florida",FALSE
"12061",533690.698116363,208472.928951704,2.30100930703411,0,120245.214025284,0,"Indian River County","Florida",TRUE
"12063",188162.230689991,73500.8713632779,0.811262114138571,0,24366.3668410805,0,"Jackson County","Florida",FALSE
"12065",484519.526879417,189265.440187272,2.08900763068241,0,55809.3680029614,0,"Jefferson County","Florida",TRUE
"12067",180377.04762419,70459.7842281993,0.777696270187011,0,17933.868877752,0,"Lafayette County","Florida",FALSE
"12069",1880785.66660149,734681.901016208,8.10901396381994,0,507173.298631245,0,"Lake County","Florida",TRUE
"12075",3720208.08963473,1453206.28501357,16.0396901586745,0,364794.852761642,0,"Levy County","Florida",TRUE
"12077",118085.02030347,46126.961056043,0.509123977050007,0,12528.7369625641,0,"Liberty County","Florida",FALSE
"12079",230983.164459052,90227.798616817,0.995884719490811,0,29361.9098043971,0,"Madison County","Florida",FALSE
"12083",6458768.34789669,2522956.38589715,27.8470022673082,0,700047.567786243,0,"Marion County","Florida",TRUE
"12087",666097.430581924,260194.308821064,2.871881396041,0,123683.516088789,0,"Monroe County","Florida",FALSE
"12089",1074915.44406192,419888.845336686,4.6345016875709,0,73383.2532970987,0,"Nassau County","Florida",TRUE
"12091",702512.243854941,274418.845255836,3.0288839905229,0,86483.174979007,0,"Okaloosa County","Florida",TRUE
"12093",154810.601387139,60472.8911668512,0.667466448031828,0,25014.6477822915,0,"Okeechobee County","Florida",FALSE
"12097",2127977.10849129,831241.058004411,9.17478072800588,0,826722.08986902,0,"Osceola County","Florida",TRUE
"12101",7354277.27883937,2872764.56204663,31.7079921475965,0,672045.70263776,0,"Pasco County","Florida",TRUE
"12103",9207591.72460343,3596715.51742321,39.6985638469257,0,1033787.38486819,0,"Pinellas County","Florida",TRUE
"12107",1622929.81844216,633956.960328968,6.99726757479362,0,171581.682255469,0,"Putnam County","Florida",FALSE
"12109",3260321.55753585,1273563.10841244,14.0568877709356,0,273811.799830325,0,"St. Johns County","Florida",TRUE
"12111",1173107.98229607,458245.305584403,5.05785915877201,0,216800.779515698,0,"St. Lucie County","Florida",TRUE
"12113",551480.793233387,215422.184856792,2.37771136420276,0,69857.3952976972,0,"Santa Rosa County","Florida",TRUE
"12115",2117785.23980245,827259.859297833,9.1308384505934,0,320928.106588388,0,"Sarasota County","Florida",TRUE
"12119",674552.573004567,263497.098829909,2.90833577209715,0,79298.1146536831,0,"Sumter County","Florida",TRUE
"12121",1142743.79166747,446384.293620104,4.92694384493279,0,117761.920251341,0,"Suwannee County","Florida",FALSE
"12123",239116.516664571,93404.8893220981,1.03095169590307,0,29400.3681359056,0,"Taylor County","Florida",FALSE
"12125",1210816.40206926,472975.157058304,5.22043914219292,0,117299.157996319,0,"Union County","Florida",FALSE
"12127",3070143.65811074,1199274.86644951,13.2369350940126,0,540412.649720081,0,"Volusia County","Florida",TRUE
"12129",1246106.24344748,486760.251346673,5.37259141642526,0,132671.437171691,0,"Wakulla County","Florida",TRUE
"12131",218482.948858364,85344.9018977984,0.941989996313823,0,26117.9602255627,0,"Walton County","Florida",TRUE
"12133",100716.249955239,39342.2851387653,0.434238463092064,0,12317.6567629003,0,"Washington County","Florida",TRUE
"13001",91630.9666103349,35793.3463321621,0.395067232250958,0,20817.6962405563,0,"Appling County","Georgia",FALSE
"13003",29101.3805574823,11367.7267802665,0.125470703811495,0,6243.598166204,0,"Atkinson County","Georgia",FALSE
"13005",40962.892061006,16001.1297113305,0.176611652045053,0,8517.85396096831,0,"Bacon County","Georgia",FALSE
"13007",20344.1005978373,7946.91429603021,0.0877136607103754,0,3693.22948407454,0,"Baker County","Georgia",FALSE
"13009",438284.775453661,171204.990411586,1.88966633859214,0,93498.3785188458,0,"Baldwin County","Georgia",FALSE
"13011",310851.22483713,121426.259702004,1.34023614047933,0,79410.1991237536,0,"Banks County","Georgia",FALSE
"13013",2875270.3180313,1123152.46798098,12.3967380083256,0,668056.607964359,0,"Barrow County","Georgia",TRUE
"13015",1467047.00534767,573065.236463933,6.32517828224449,0,357937.614724384,0,"Bartow County","Georgia",TRUE
"13017",76432.9445603172,29856.6189688739,0.32954090715474,0,14448.3549021815,0,"Ben Hill County","Georgia",FALSE
"13019",85138.7692065777,33257.3317213194,0.367076100492669,0,17056.0072387524,0,"Berrien County","Georgia",FALSE
"13023",64967.446546919,25377.9088073902,0.280107372465592,0,16121.8970048315,0,"Bleckley County","Georgia",FALSE
"13025",71764.7188994787,28033.0933201089,0.309413835930083,0,13771.557691842,0,"Brantley County","Georgia",TRUE
"13027",82570.1588364177,32253.9682954756,0.356001527919561,0,16624.4466655829,0,"Brooks County","Georgia",TRUE
"13029",163968.275308389,64050.1075423393,0.706949791095425,0,34331.2834143846,0,"Bryan County","Georgia",TRUE
"13033",928526.41725918,362705.631741867,4.00334488774353,0,215361.6202408,0,"Burke County","Georgia",TRUE
"13035",315044.815704338,123064.381134507,1.35831682213519,0,70058.5900704119,0,"Butts County","Georgia",TRUE
"13037",34594.8700642443,13513.6211188454,0.149155902987288,0,6233.23956485631,0,"Calhoun County","Georgia",FALSE
"13039",285414.545936359,111490.05700639,1.23056581064729,0,54695.2038807513,0,"Camden County","Georgia",FALSE
"13043",49650.6338520261,19394.7788484477,0.214068881089521,0,10986.300132015,0,"Candler County","Georgia",FALSE
"13045",1753611.3429256,685004.430830314,7.56070142356617,0,424845.797402133,0,"Carroll County","Georgia",TRUE
"13047",342260.399796574,133695.468670537,1.47565690790702,0,60804.4957138453,0,"Catoosa County","Georgia",TRUE
"13049",54383.6290579886,21243.6051007768,0.234475206433968,0,9926.53218160974,0,"Charlton County","Georgia",FALSE
"13051",1467062.03831695,573071.10871756,6.32524309694401,0,327396.499094559,0,"Chatham County","Georgia",TRUE
"13053",54650.928867039,21348.0190886871,0.235627670493327,0,13043.1959651443,0,"Chattahoochee County","Georgia",TRUE
"13055",234847.68252393,91737.3759859103,1.01254660261126,0,47574.9643238487,0,"Chattooga County","Georgia",FALSE
"13057",5485904.10722427,2142931.29188448,23.652494699219,0,1565923.16811326,0,"Cherokee County","Georgia",TRUE
"13061",19911.6361585335,7777.98287442716,0.0858490887714012,0,3080.64218091301,0,"Clay County","Georgia",FALSE
"13063",10057671.4527642,3928777.91123603,43.3636855609125,0,2338499.90937267,0,"Clayton County","Georgia",TRUE
"13065",27574.4338296291,10771.2632146989,0.118887267666672,0,5406.67140936435,0,"Clinch County","Georgia",FALSE
"13069",172243.147200407,67282.479375159,0.742626930129799,0,34947.5743172683,0,"Coffee County","Georgia",FALSE
"13071",229857.508462759,89788.0892432651,0.991031449735257,0,45026.3027087463,0,"Colquitt County","Georgia",FALSE
"13075",80427.8393698355,31417.124753842,0.346764910064604,0,18908.6148366894,0,"Cook County","Georgia",FALSE
"13077",2894710.62688816,1130746.33862819,12.4805549677914,0,792532.917696346,0,"Coweta County","Georgia",TRUE
"13079",144664.373423868,56509.5208686983,0.62372095076688,0,29047.7873852426,0,"Crawford County","Georgia",TRUE
"13081",117073.680757498,45731.9065458975,0.504763583068872,0,28741.9915188179,0,"Crisp County","Georgia",FALSE
"13083",69767.4771293314,27252.9207536451,0.300802721069497,0,12702.7233604455,0,"Dade County","Georgia",TRUE
"13085",421792.236643695,164762.592438943,1.8185586999687,0,105802.553765766,0,"Dawson County","Georgia",TRUE
"13087",282384.841618351,110306.578757168,1.21750322990922,0,42559.489830173,0,"Decatur County","Georgia",FALSE
"13091",99215.4820556566,38756.0476779909,0.427767897056669,0,22255.3739967663,0,"Dodge County","Georgia",FALSE
"13093",72323.358027246,28251.311729393,0.311822410478605,0,17261.0151132334,0,"Dooly County","Georgia",FALSE
"13097",3011269.83348019,1176277.2787032,12.9831003937008,0,930261.567499539,0,"Douglas County","Georgia",TRUE
"13099",83603.8190096944,32657.7418006619,0.360458157363197,0,14002.1645017306,0,"Early County","Georgia",FALSE
"13101",18408.8523680075,7190.95795625293,0.0793698312151706,0,4268.81708113738,0,"Echols County","Georgia",TRUE
"13103",306076.154184418,119560.997728288,1.31964840669941,0,65358.109041505,0,"Effingham County","Georgia",TRUE
"13105",463779.820089561,181163.992222485,1.99958831249484,0,129759.162049965,0,"Elbert County","Georgia",FALSE
"13107",206661.352753449,80727.0909193161,0.891021143460637,0,50806.1729506842,0,"Emanuel County","Georgia",FALSE
"13109",47293.261577757,18473.9303038113,0.203905062303879,0,9909.82971900708,0,"Evans County","Georgia",FALSE
"13111",161043.704353916,62907.6970132484,0.694340493221068,0,42557.4776396725,0,"Fannin County","Georgia",FALSE
"13113",3091780.37003798,1207726.70704609,13.3302218529798,0,844631.809050518,0,"Fayette County","Georgia",TRUE
"13115",830160.679299732,324281.515351458,3.57924066532251,0,188347.756880171,0,"Floyd County","Georgia",TRUE
"13117",6561849.17538911,2563222.33413637,28.2914356147021,0,1741461.17239327,0,"Forsyth County","Georgia",TRUE
"13119",448813.333892299,175317.708551679,1.93506025503563,0,115804.307803139,0,"Franklin County","Georgia",FALSE
"13123",204450.109974085,79863.324208627,0.88148736250214,0,51516.1405150032,0,"Gilmer County","Georgia",FALSE
"13125",71367.9670545745,27878.1121306932,0.307703238966467,0,16120.2763727914,0,"Glascock County","Georgia",FALSE
"13127",483996.209069542,189061.01916779,2.08675134411922,0,99933.1958778213,0,"Glynn County","Georgia",TRUE
"13129",340661.242960976,133070.798031631,1.46876213763071,0,65054.7736023139,0,"Gordon County","Georgia",FALSE
"13131",269700.471589759,105351.746714749,1.16281452427379,0,40957.0699814649,0,"Grady County","Georgia",FALSE
"13133",373311.126661735,145824.65885224,1.60953222512556,0,98293.4782411553,0,"Greene County","Georgia",FALSE
"13135",41021991.4710623,16024215.4183837,176.866459357715,0,7461186.92755583,0,"Gwinnett County","Georgia",TRUE
"13137",341033.341826794,133216.149151091,1.47036644318898,0,81146.3948650927,0,"Habersham County","Georgia",FALSE
"13139",2419668.1709386,945182.879272892,10.4324077614896,0,559913.703009937,0,"Hall County","Georgia",TRUE
"13141",134476.111802796,52529.7311729673,0.579794225239669,0,28475.7250984429,0,"Hancock County","Georgia",FALSE
"13143",262095.63487237,102381.10737202,1.13002624423266,0,59360.8970481224,0,"Haralson County","Georgia",TRUE
"13145",254770.783356515,99519.8372486387,1.09844512136484,0,60645.0835345681,0,"Harris County","Georgia",TRUE
"13147",441866.478311662,172604.093090493,1.90510886296137,0,112274.177996932,0,"Hart County","Georgia",FALSE
"13149",94907.0856458042,37073.0803303923,0.409192230903123,0,23558.021299364,0,"Heard County","Georgia",TRUE
"13151",8310274.32236347,3246200.90717323,35.8297767363293,0,1674380.70489124,0,"Henry County","Georgia",TRUE
"13153",1142016.23040893,446100.09000349,4.92380696202808,0,234658.35186933,0,"Houston County","Georgia",TRUE
"13155",50761.4021604857,19828.6727189397,0.218857962527037,0,12087.1555487404,0,"Irwin County","Georgia",FALSE
"13157",1941137.89149999,758256.988867183,8.36922279204534,0,555421.178422853,0,"Jackson County","Georgia",FALSE
"13159",124373.432411394,48583.3720357007,0.53623648779428,0,26318.2423684073,0,"Jasper County","Georgia",TRUE
"13161",71207.9254184902,27815.5958665977,0.307013218894087,0,16258.3440235835,0,"Jeff Davis County","Georgia",FALSE
"13163",399868.099631142,156198.476418415,1.72403270674335,0,92213.7032246819,0,"Jefferson County","Georgia",FALSE
"13165",114096.81891644,44569.0698892343,0.491928832854553,0,25516.2729666105,0,"Jenkins County","Georgia",FALSE
"13167",89915.585833074,35123.2757160445,0.387671362044646,0,18872.2676145314,0,"Johnson County","Georgia",FALSE
"13169",262891.483421072,102691.985711356,1.13345754802719,0,51572.0419771445,0,"Jones County","Georgia",TRUE
"13171",215147.945982472,84042.1663994031,0.927611119778224,0,47817.1870534156,0,"Lamar County","Georgia",FALSE
"13173",46618.895532885,18210.5060675332,0.200997530748477,0,10819.2860020514,0,"Lanier County","Georgia",TRUE
"13175",497014.126115377,194146.143013819,2.14287813888328,0,103686.306879115,0,"Laurens County","Georgia",FALSE
"13177",150644.562896491,58845.532381442,0.649504558543636,0,27712.3319264516,0,"Lee County","Georgia",TRUE
"13179",353251.666106908,137988.932073011,1.52304579095376,0,81046.8401012843,0,"Liberty County","Georgia",TRUE
"13181",248763.609278081,97173.2848742506,1.07254516936598,0,59692.9470972438,0,"Lincoln County","Georgia",TRUE
"13183",76467.9361365662,29870.2875533462,0.329691773457827,0,18309.623957638,0,"Long County","Georgia",TRUE
"13185",532638.963181778,208062.094992882,2.29647474819404,0,100743.475105628,0,"Lowndes County","Georgia",TRUE
"13187",209471.894495321,81824.9587872348,0.903138803987006,0,59570.7619485324,0,"Lumpkin County","Georgia",TRUE
"13189",866402.122442875,338438.329079248,3.73549577388455,0,204052.076604499,0,"McDuffie County","Georgia",TRUE
"13191",73818.7587910727,28835.4526527628,0.318269836089461,0,16211.3716071328,0,"McIntosh County","Georgia",TRUE
"13193",73211.6186040806,28598.288517219,0.315652149054866,0,17064.7088317643,0,"Macon County","Georgia",FALSE
"13195",1950097.15341382,761756.700552272,8.40785068104666,0,596274.337596677,0,"Madison County","Georgia",TRUE
"13197",42496.6998955323,16600.2733966923,0.183224669875237,0,10370.9381767352,0,"Marion County","Georgia",TRUE
"13199",174791.515081334,68277.935578646,0.75361422713995,0,46736.6679998545,0,"Meriwether County","Georgia",TRUE
"13201",44105.6575068178,17228.7724636007,0.190161696230124,0,6704.88582219522,0,"Miller County","Georgia",FALSE
"13205",139708.116678108,54573.4830773858,0.602352032514613,0,23449.805885992,0,"Mitchell County","Georgia",FALSE
"13207",288524.599440125,112704.921656299,1.24397481718009,0,62593.6956214314,0,"Monroe County","Georgia",TRUE
"13209",32909.3547415037,12855.2166958999,0.141888797792344,0,7241.65591068272,0,"Montgomery County","Georgia",FALSE
"13211",442546.226593747,172869.619763182,1.90803960005129,0,112976.719878151,0,"Morgan County","Georgia",TRUE
"13213",263814.403012722,103052.501176844,1.13743671906676,0,49728.941851792,0,"Murray County","Georgia",TRUE
"13215",1574602.39944947,615079.062284948,6.78890373918695,0,362861.648719613,0,"Muscogee County","Georgia",TRUE
"13217",4384829.46404324,1712824.00939189,18.9052075333737,0,722915.852598638,0,"Newton County","Georgia",TRUE
"13219",3007568.57946343,1174831.4763529,12.9671424240934,0,927188.206527596,0,"Oconee County","Georgia",TRUE
"13221",1234339.48257452,482163.860380673,5.32185898586597,0,377350.616119891,0,"Oglethorpe County","Georgia",TRUE
"13223",2836631.31938887,1108059.10913628,12.2301458308631,0,840746.757883685,0,"Paulding County","Georgia",TRUE
"13225",234132.203135009,91457.8918496127,1.00946181072954,0,46594.1713511835,0,"Peach County","Georgia",TRUE
"13227",468524.493763086,183017.380376205,2.02004498959292,0,118411.264974205,0,"Pickens County","Georgia",TRUE
"13229",78267.7520572344,30573.3406473572,0.337451686079543,0,16181.6683714948,0,"Pierce County","Georgia",FALSE
"13231",220437.297160836,86108.3192034517,0.950416175838869,0,52826.0200243167,0,"Pike County","Georgia",TRUE
"13233",359763.509626755,140532.620947951,1.55112162701012,0,86733.5527342374,0,"Polk County","Georgia",FALSE
"13235",44364.277837966,17329.7960304555,0.191276738690225,0,9607.60637004591,0,"Pulaski County","Georgia",FALSE
"13237",192225.853208432,75088.2239095437,0.828782436805253,0,40933.4618825392,0,"Putnam County","Georgia",FALSE
"13239",16217.9438450958,6335.13431449056,0.0699237214743167,0,2887.38357945124,0,"Quitman County","Georgia",FALSE
"13241",121716.637079333,47545.5613591145,0.52478170545025,0,28062.1941997647,0,"Rabun County","Georgia",FALSE
"13243",48268.1299118729,18854.7382468254,0.208108210527843,0,8445.95557322724,0,"Randolph County","Georgia",FALSE
"13247",4686234.28774846,1830560.26865174,20.2047154824132,0,767207.680347552,0,"Rockdale County","Georgia",TRUE
"13249",28565.9979816299,11158.5929615742,0.123162399967699,0,7077.53877588893,0,"Schley County","Georgia",FALSE
"13251",164799.591742731,64374.8405245041,0.710534014802645,0,35464.7770734092,0,"Screven County","Georgia",FALSE
"13253",53738.779481955,20991.7107351387,0.231694935236948,0,8980.94944925893,0,"Seminole County","Georgia",FALSE
"13255",1190812.58110125,465161.164492676,5.13419259829383,0,263566.657258035,0,"Spalding County","Georgia",TRUE
"13257",347844.043750539,135876.579590054,1.49973080829649,0,81350.7632150011,0,"Stephens County","Georgia",FALSE
"13259",27649.7316523984,10800.6764267181,0.119211914492264,0,5248.87805538303,0,"Stewart County","Georgia",TRUE
"13261",164958.117155063,64436.7645136963,0.711217497671027,0,40025.6441732819,0,"Sumter County","Georgia",FALSE
"13263",48276.4834388454,18858.001343299,0.208144226788531,0,13402.1276536408,0,"Talbot County","Georgia",TRUE
"13265",43201.7220437832,16875.6726733528,0.186264375327321,0,11641.6006476479,0,"Taliaferro County","Georgia",FALSE
"13267",126915.156366914,49576.2329558256,0.547195139496857,0,32912.4016547226,0,"Tattnall County","Georgia",FALSE
"13269",43280.7338288198,16906.5366518827,0.186605034914187,0,10252.7369406419,0,"Taylor County","Georgia",FALSE
"13271",65455.4810859161,25568.547299186,0.282211535083284,0,13890.1859104455,0,"Telfair County","Georgia",FALSE
"13273",70196.4843499113,27420.5016991841,0.30265238719788,0,11572.8539682255,0,"Terrell County","Georgia",TRUE
"13275",398846.456116105,155799.396920354,1.71962788716365,0,60894.6390179352,0,"Thomas County","Georgia",FALSE
"13277",175644.359614798,68611.0779745305,0.757291269321649,0,34789.0405973804,0,"Tift County","Georgia",FALSE
"13279",106786.53301762,41713.4894600078,0.460410509695402,0,24429.8893540624,0,"Toombs County","Georgia",FALSE
"13281",72643.5235447672,28376.3763846747,0.31320280522449,0,17820.1947631501,0,"Towns County","Georgia",FALSE
"13283",29774.0324465665,11630.48142444,0.128370844778238,0,7294.78595610357,0,"Treutlen County","Georgia",FALSE
"13285",541336.459394356,211459.55445092,2.33397403346108,0,133468.574610712,0,"Troup County","Georgia",FALSE
"13287",45438.8831984401,17749.5637493907,0.195909903451325,0,10064.5182273083,0,"Turner County","Georgia",FALSE
"13289",75411.4005629742,29457.5783449118,0.325136516645916,0,14840.4989745757,0,"Twiggs County","Georgia",TRUE
"13291",161295.30574712,63005.9788074686,0.69542527350573,0,38534.8439473684,0,"Union County","Georgia",FALSE
"13293",285802.920746109,111641.765916449,1.23224028999461,0,65873.4826366596,0,"Upson County","Georgia",FALSE
"13295",360880.696547756,140969.022088967,1.55593838231801,0,69315.1789412478,0,"Walker County","Georgia",TRUE
"13297",3088742.88967666,1206540.19127994,13.3171257458038,0,599666.810156439,0,"Walton County","Georgia",TRUE
"13299",145792.289377762,56950.1130381882,0.628583964337518,0,29811.9352116245,0,"Ware County","Georgia",FALSE
"13301",185225.190114537,72353.5898884911,0.798599053449843,0,43997.7126042162,0,"Warren County","Georgia",FALSE
"13303",211013.402587354,82427.110385685,0.909785021504295,0,46412.2467994531,0,"Washington County","Georgia",FALSE
"13305",147615.737861853,57662.3976022865,0.636445768838891,0,31739.6448008048,0,"Wayne County","Georgia",FALSE
"13307",13012.4831265325,5083.00122130177,0.0561033664020267,0,3071.49584877218,0,"Webster County","Georgia",FALSE
"13309",38876.8664249972,15186.2759472645,0.167617745237029,0,7659.51683804339,0,"Wheeler County","Georgia",FALSE
"13311",208259.871509014,81351.5123082086,0.897913162652662,0,59064.7565485616,0,"White County","Georgia",FALSE
"13313",648881.000375881,253469.140771828,2.79765269713763,0,131401.195825209,0,"Whitfield County","Georgia",TRUE
"13315",34451.7146094645,13457.7010193221,0.148538687744519,0,7921.58524363218,0,"Wilcox County","Georgia",FALSE
"13317",288050.406535282,112519.690052845,1.24193033281635,0,77175.0030707305,0,"Wilkes County","Georgia",FALSE
"13319",94875.6023538028,37060.7821694542,0.40905649057981,0,19896.3055611741,0,"Wilkinson County","Georgia",FALSE
"13321",116551.091162274,45527.7699852632,0.502510436205692,0,21922.8226014647,0,"Worth County","Georgia",TRUE
"15005",6418.50971873281,2507.23035888001,0.0276734270472014,0,0,0,"Kalawao County","Hawaii",TRUE
"15007",551035.904451711,215248.40017645,2.3757932246683,0,2682.10947889732,0,"Kauai County","Hawaii",FALSE
"15009",1631848.0012758,637440.625498358,7.03571835119736,0,9125.41352815401,0,"Maui County","Hawaii",TRUE
"16003",6376.3351391274,2490.75591372164,0.0274915912000809,0,721.283163314646,0,"Adams County","Idaho",FALSE
"16007",12199.0580571911,4765.25705359027,0.0525962813774318,0,834.951778679329,0,"Bear Lake County","Idaho",FALSE
"16009",107837.395469389,42123.9826052302,0.46494130682278,0,5612.46591595367,0,"Benewah County","Idaho",FALSE
"16011",87879.7537758219,34328.0288186804,0.378893865026562,0,7023.63984045856,0,"Bingham County","Idaho",FALSE
"16013",24371.2924456622,9520.03611158679,0.105076912413587,0,1395.68009217552,0,"Blaine County","Idaho",FALSE
"16015",15153.0059117565,5919.14293427987,0.0653322378590387,0,377.274658479407,0,"Boise County","Idaho",TRUE
"16017",158547.967247714,61932.7997061383,0.683580113979777,0,10929.6776937215,0,"Bonner County","Idaho",FALSE
"16019",243090.417909646,94957.1944959553,1.04808518498658,0,22464.9144095198,0,"Bonneville County","Idaho",TRUE
"16021",29640.9851810729,11578.5098363566,0.127797211028846,0,1819.49362892073,0,"Boundary County","Idaho",FALSE
"16023",4108.64036974105,1604.9376444301,0.0177144172896357,0,174.956974208363,0,"Butte County","Idaho",TRUE
"16025",432.113662372274,168.79439936417,0.00186305956301005,0,0,0,"Camas County","Idaho",FALSE
"16029",15001.5842568835,5859.99385034511,0.064679382865727,0,1066.42519119201,0,"Caribou County","Idaho",FALSE
"16031",26705.6402023088,10431.8907040269,0.115141460911164,0,1155.91408950414,0,"Cassia County","Idaho",FALSE
"16033",3161.73019504599,1235.05085743984,0.0136318107675644,0,269.934738459053,0,"Clark County","Idaho",FALSE
"16035",61429.6022213583,23995.9383677181,0.26485394431201,0,4961.49279938418,0,"Clearwater County","Idaho",FALSE
"16037",9291.22760762614,3629.38578422896,0.0400591602483929,0,1244.60974854262,0,"Custer County","Idaho",FALSE
"16039",47198.8818517512,18437.0632233403,0.203498143785904,0,1984.68042224553,0,"Elmore County","Idaho",FALSE
"16041",70553.5134280685,27559.9661828392,0.304191719314069,0,1182.53307008453,0,"Franklin County","Idaho",TRUE
"16043",33520.8638070701,13094.0874246367,0.144525321262155,0,3671.31907540071,0,"Fremont County","Idaho",FALSE
"16045",46190.0448225888,18042.9862588237,0.199148539414727,0,855.468484748581,0,"Gem County","Idaho",TRUE
"16047",19704.2811234689,7696.98481385502,0.0849550768142353,0,1872.49369499195,0,"Gooding County","Idaho",FALSE
"16049",92304.3251504523,36056.3770118954,0.397970419946096,0,4957.90686590553,0,"Idaho County","Idaho",FALSE
"16051",55310.8018694298,21605.781980246,0.238472715245505,0,8453.93028174894,0,"Jefferson County","Idaho",TRUE
"16053",27462.6028943414,10727.5792556021,0.118405108198988,0,2146.09638880652,0,"Jerome County","Idaho",TRUE
"16055",651147.392696387,254354.450272026,2.80742425553519,0,49651.1951095629,0,"Kootenai County","Idaho",TRUE
"16059",17241.8184322422,6735.08532509462,0.0743381603292091,0,1097.1318871926,0,"Lemhi County","Idaho",FALSE
"16061",27094.1705170424,10583.6603582197,0.116816610718763,0,2221.34263346232,0,"Lewis County","Idaho",FALSE
"16063",6238.33496963321,2436.84959751297,0.0268966029878089,0,143.249759393505,0,"Lincoln County","Idaho",FALSE
"16065",78835.1533100817,30794.9817617507,0.339898038560919,0,7062.34475377958,0,"Madison County","Idaho",FALSE
"16067",21396.4408881015,8357.98472191466,0.0922508295435802,0,2597.1189936609,0,"Minidoka County","Idaho",FALSE
"16071",8661.91961872911,3383.56235106606,0.0373458966585387,0,736.56887530574,0,"Oneida County","Idaho",FALSE
"16073",17579.2416796059,6866.89128109605,0.0757929618375243,0,583.060948602665,0,"Owyhee County","Idaho",TRUE
"16075",33729.9815835692,13175.7740560817,0.145426933285166,0,739.26168763955,0,"Payette County","Idaho",FALSE
"16077",16002.5724731038,6251.00487230618,0.0689951470525187,0,334.165907893094,0,"Power County","Idaho",FALSE
"16079",52616.3013916502,20553.2427311134,0.22685536703415,0,4365.03541212221,0,"Shoshone County","Idaho",FALSE
"16081",25037.3987693412,9780.2338942739,0.107948832152247,0,2234.00225814484,0,"Teton County","Idaho",FALSE
"16083",91552.0379915537,35762.5148404507,0.394726931235692,0,12759.9438908232,0,"Twin Falls County","Idaho",TRUE
"16085",12394.131264054,4841.45752502111,0.0534373401894532,0,297.287086136643,0,"Valley County","Idaho",FALSE
"16087",12670.775657562,4949.52174123514,0.0546300934573052,0,316.110352972721,0,"Washington County","Idaho",FALSE
"17001",334831.607446688,130793.596658862,1.44362764377062,0,475507.188813848,0,"Adams County","Illinois",FALSE
"17003",29660.7728184734,11586.2393822162,0.12788252549654,0,37220.4591927705,0,"Alexander County","Illinois",TRUE
"17005",135903.837729584,53087.4366131188,0.585949870554507,0,146582.702255693,0,"Bond County","Illinois",TRUE
"17007",662692.179773608,258864.132724065,2.85719964529965,0,1542043.42809239,0,"Boone County","Illinois",TRUE
"17009",39365.6670120215,15377.2136765709,0.169725210673463,0,61778.8470899858,0,"Brown County","Illinois",FALSE
"17011",232661.841244551,90883.5317361529,1.00312234030858,0,507750.761402216,0,"Bureau County","Illinois",FALSE
"17013",143500.580214472,56054.9141462783,0.618703252283971,0,49339.013705515,0,"Calhoun County","Illinois",TRUE
"17015",113685.644076966,44408.4547175649,0.490156051099528,0,155877.059880364,0,"Carroll County","Illinois",FALSE
"17017",163218.83550191,63757.3576179336,0.703718578754915,0,118671.471759113,0,"Cass County","Illinois",FALSE
"17021",369632.958101003,144387.874258204,1.59367378854243,0,443570.34836623,0,"Christian County","Illinois",FALSE
"17023",91559.8857666078,35765.5803775812,0.394760766945219,0,109342.401404565,0,"Clark County","Illinois",FALSE
"17025",73653.0382655522,28770.7180724813,0.317555331465462,0,101600.711744739,0,"Clay County","Illinois",FALSE
"17027",726253.190017672,283692.652350653,3.13124316273828,0,339834.457444232,0,"Clinton County","Illinois",TRUE
"17033",111597.961893585,43592.9538646818,0.48115500208173,0,150782.075849686,0,"Crawford County","Illinois",FALSE
"17035",129185.536612514,50463.1002392634,0.556983891847371,0,65836.2003374545,0,"Cumberland County","Illinois",FALSE
"17039",368375.054733191,143896.505755153,1.58825033378315,0,207762.144151082,0,"De Witt County","Illinois",FALSE
"17041",935810.247949641,365550.878105328,4.03474914917953,0,155459.319762104,0,"Douglas County","Illinois",FALSE
"17045",231682.993132876,90501.1691925297,0.998902033259785,0,140366.177431959,0,"Edgar County","Illinois",FALSE
"17047",25429.9707179302,9933.58231169147,0.109641407478315,0,29731.6636207887,0,"Edwards County","Illinois",FALSE
"17049",274646.680110877,107283.859418311,1.18414011957046,0,278435.58302702,0,"Effingham County","Illinois",FALSE
"17051",165832.838119635,64778.4523904824,0.714988860161778,0,170386.555267076,0,"Fayette County","Illinois",FALSE
"17053",798353.585958763,311856.869515142,3.44210427140449,0,264890.193605818,0,"Ford County","Illinois",TRUE
"17055",144441.551840019,56422.4811875074,0.622760254730669,0,174308.226316285,0,"Franklin County","Illinois",FALSE
"17057",280519.377953004,109577.882012892,1.20946027680727,0,416573.734550671,0,"Fulton County","Illinois",FALSE
"17059",18806.1318873354,7346.1452684904,0.0810827032489048,0,19614.0544355443,0,"Gallatin County","Illinois",FALSE
"17061",208182.78128769,81321.398940504,0.897580787894448,0,109847.254029004,0,"Greene County","Illinois",FALSE
"17063",1228729.59644023,479972.498609467,5.29767194222448,0,3474924.79363404,0,"Grundy County","Illinois",TRUE
"17065",31571.1928711262,12332.4972152837,0.136119308219217,0,38607.2401193571,0,"Hamilton County","Illinois",FALSE
"17067",121972.656567549,47645.5689716988,0.525885534366972,0,196000.297228691,0,"Hancock County","Illinois",FALSE
"17069",16746.476896374,6541.59253764611,0.0722024935690124,0,21569.4751454056,0,"Hardin County","Illinois",FALSE
"17071",60615.0151468986,23677.7402917573,0.261341849298294,0,95820.1318994882,0,"Henderson County","Illinois",FALSE
"17073",455145.58012941,177791.242238051,1.96236175678083,0,529941.832290495,0,"Henry County","Illinois",TRUE
"17075",563806.339426527,220236.851338487,2.43085299961967,0,525926.686392368,0,"Iroquois County","Illinois",FALSE
"17079",53610.3674496345,20941.5497850135,0.231141286311555,0,70897.1386653516,0,"Jasper County","Illinois",FALSE
"17081",279871.229155453,109324.698888849,1.20666578100517,0,180590.106836988,0,"Jefferson County","Illinois",FALSE
"17083",698952.295201035,273028.240312904,3.01353525948053,0,225752.844366608,0,"Jersey County","Illinois",TRUE
"17085",158598.906694591,61952.6979275748,0.683799739582722,0,229063.556727922,0,"Jo Daviess County","Illinois",FALSE
"17087",44936.5039281743,17553.3218469431,0.193743893474717,0,44584.4033149636,0,"Johnson County","Illinois",FALSE
"17089",14729208.1201066,5753596.92191666,63.5050322016634,0,42444040.5196423,0,"Kane County","Illinois",TRUE
"17091",2283963.01112896,892173.051222248,9.8473144914801,0,6186265.67228253,0,"Kankakee County","Illinois",TRUE
"17093",3522468.13734992,1375964.11615231,15.1871336644621,0,10156616.6124255,0,"Kendall County","Illinois",TRUE
"17095",363231.402684249,141887.266673535,1.56607346002737,0,761696.821787162,0,"Knox County","Illinois",FALSE
"17099",1127350.01584476,440371.099939359,4.86057352676261,0,2827777.03080881,0,"LaSalle County","Illinois",FALSE
"17101",87024.6512985262,33994.0044134868,0.375207087712155,0,122470.22439028,0,"Lawrence County","Illinois",FALSE
"17103",377865.054974837,147603.537099546,1.62916650293665,0,976811.476285733,0,"Lee County","Illinois",FALSE
"17105",481889.763679983,188238.188937493,2.07766939747252,0,710716.961287348,0,"Livingston County","Illinois",FALSE
"17107",247789.255250962,96792.6778324069,1.06834423857843,0,363262.298281964,0,"Logan County","Illinois",FALSE
"17109",243874.173763075,95263.3491262012,1.05146435108325,0,379719.153262007,0,"McDonough County","Illinois",FALSE
"17111",10263252.4864092,4009083.00250359,44.2500489047675,0,29113040.5185347,0,"McHenry County","Illinois",TRUE
"17117",812406.268410509,317346.198597855,3.50269246082654,0,423632.144124352,0,"Macoupin County","Illinois",TRUE
"17121",315062.020060344,123071.101586072,1.35839099877614,0,204580.993100075,0,"Marion County","Illinois",FALSE
"17123",77308.2408764304,30198.5315923556,0.333314750275666,0,169578.418933894,0,"Marshall County","Illinois",TRUE
"17125",81186.2197399323,31713.3670859111,0.350034669676349,0,91037.0639285805,0,"Mason County","Illinois",FALSE
"17127",51144.6662760066,19978.3852640651,0.220510407098356,0,76108.3913572287,0,"Massac County","Illinois",TRUE
"17129",112282.809690119,43860.4725352028,0.484107725745994,0,150469.297742349,0,"Menard County","Illinois",TRUE
"17131",152212.937193048,59458.1785910344,0.65626660979547,0,194603.210464765,0,"Mercer County","Illinois",TRUE
"17133",2320490.19211535,906441.481295058,10.0048015597503,0,497451.407335891,0,"Monroe County","Illinois",TRUE
"17135",221328.352129619,86456.3875506323,0.954257962445762,0,222907.433417869,0,"Montgomery County","Illinois",FALSE
"17139",189246.486281094,73924.4087035522,0.815936885902695,0,181120.789227272,0,"Moultrie County","Illinois",FALSE
"17141",511397.565020614,199764.673836177,2.20489238590861,0,1063408.87960885,0,"Ogle County","Illinois",FALSE
"17143",1519078.12780337,593389.893673192,6.54951064825454,0,3068307.4160812,0,"Peoria County","Illinois",TRUE
"17145",88989.7281322482,34761.6125516595,0.383679523337116,0,113530.858351607,0,"Perry County","Illinois",FALSE
"17147",1282957.75660539,501155.373673981,5.53147684398456,0,206025.335160616,0,"Piatt County","Illinois",TRUE
"17149",84638.8475575632,33062.0498271731,0.364920686558662,0,109676.334781533,0,"Pike County","Illinois",FALSE
"17151",10707.8194921532,4182.74198912236,0.046166801101176,0,16073.3820997237,0,"Pope County","Illinois",FALSE
"17153",20690.0225757687,8082.04006865964,0.0892051045251861,0,22938.8670972324,0,"Pulaski County","Illinois",FALSE
"17155",40590.6319766519,15855.7156158797,0.175006651392505,0,84925.5173857155,0,"Putnam County","Illinois",FALSE
"17157",344710.222749741,134652.430761618,1.48621932811731,0,166007.619539609,0,"Randolph County","Illinois",FALSE
"17159",84650.6285376788,33066.6517725308,0.364971480295535,0,114419.6225746,0,"Richland County","Illinois",FALSE
"17161",1513872.15446198,591356.310336712,6.52706507602893,0,1646394.40110649,0,"Rock Island County","Illinois",TRUE
"17163",9493397.47147474,3708358.38729482,40.930816321769,0,2855904.42356078,0,"St. Clair County","Illinois",TRUE
"17165",91177.1650337911,35616.0800913246,0.393110665170326,0,120472.936780134,0,"Saline County","Illinois",FALSE
"17169",44661.7966444963,17446.0143142564,0.192559492062656,0,61401.8069618573,0,"Schuyler County","Illinois",FALSE
"17171",85240.1972733329,33296.9520598957,0.367513407956378,0,48347.5231284297,0,"Scott County","Illinois",FALSE
"17173",225657.895517936,88147.6154366938,0.972924803870745,0,253374.567611387,0,"Shelby County","Illinois",FALSE
"17175",36314.1898179909,14185.2303976527,0.156568756104461,0,81945.0696292442,0,"Stark County","Illinois",TRUE
"17177",471444.782034603,184158.117982267,2.03263582266478,0,1037398.12459953,0,"Stephenson County","Illinois",FALSE
"17179",1114948.38714655,435526.713729122,4.80710386135965,0,2106762.38140658,0,"Tazewell County","Illinois",TRUE
"17181",68761.994397963,26860.1540617043,0.296467578764963,0,76862.9630608605,0,"Union County","Illinois",FALSE
"17183",2480544.61434379,968962.739978044,10.6948767596357,0,1518999.28748102,0,"Vermilion County","Illinois",FALSE
"17185",39260.3929961935,15336.0910141381,0.169271321386908,0,52944.798944799,0,"Wabash County","Illinois",FALSE
"17187",126914.756026051,49576.0765726763,0.547193413425833,0,191960.887772101,0,"Warren County","Illinois",FALSE
"17189",138810.729216586,54222.9411002288,0.598482943343178,0,81366.5963726851,0,"Washington County","Illinois",FALSE
"17191",92216.0983366559,36021.9134127562,0.397590029730579,0,132930.349976139,0,"Wayne County","Illinois",FALSE
"17193",51975.5551432329,20302.9512278253,0.224092787348465,0,64960.4665439927,0,"White County","Illinois",FALSE
"17195",468885.814965036,183158.521470717,2.02160282721582,0,662122.799720481,0,"Whiteside County","Illinois",FALSE
"17199",271582.416346088,106086.88138519,1.17092853565701,0,303162.128052249,0,"Williamson County","Illinois",FALSE
"17201",3347815.68290353,1307740.50113419,14.4341189977349,0,7878395.71262515,0,"Winnebago County","Illinois",TRUE
"17203",289477.608556795,113077.190842498,1.24808371931177,0,549025.393308824,0,"Woodford County","Illinois",TRUE
"18001",206200.808160087,80547.1906875341,0.889035503839467,0,44259.606579459,0,"Adams County","Indiana",FALSE
"18003",2297317.82763411,897389.776419574,9.90489382943849,0,555747.477641801,0,"Allen County","Indiana",TRUE
"18005",1151144.83238226,449665.950149321,4.96316496128677,0,105667.204220538,0,"Bartholomew County","Indiana",TRUE
"18007",518101.549105369,202383.417619285,2.23379663668096,0,33794.4607503069,0,"Benton County","Indiana",TRUE
"18009",108104.432689573,42228.2940193644,0.466092638729324,0,17070.265965317,0,"Blackford County","Indiana",FALSE
"18013",387398.615859884,151327.584320267,1.67027048395618,0,17036.1571157215,0,"Brown County","Indiana",TRUE
"18015",1251868.0609623,489010.961313397,5.397433512744,0,72704.1293608911,0,"Carroll County","Indiana",TRUE
"18017",355521.121976447,138875.43827205,1.53283055785366,0,82669.5347566273,0,"Cass County","Indiana",FALSE
"18019",2227824.15910171,870243.812149106,9.60527163509002,0,383896.74181816,0,"Clark County","Indiana",TRUE
"18021",264190.572424418,103199.442353288,1.13905857479778,0,32166.704814741,0,"Clay County","Indiana",TRUE
"18023",1242789.85813276,485464.788333108,5.35829280956959,0,90734.4148507295,0,"Clinton County","Indiana",FALSE
"18025",126387.086194857,49369.955544866,0.54491836310754,0,15685.1646983079,0,"Crawford County","Indiana",FALSE
"18027",254376.513454075,99365.8255679982,1.09674522530482,0,21731.2230419825,0,"Daviess County","Indiana",FALSE
"18029",1972784.77646372,770619.053306139,8.50566844698591,0,160197.175335551,0,"Dearborn County","Indiana",TRUE
"18031",378638.37964105,147905.617047285,1.63250069493325,0,36456.7261763762,0,"Decatur County","Indiana",FALSE
"18033",177489.744242867,69331.9313448698,0.765247651584316,0,52372.9784956584,0,"DeKalb County","Indiana",FALSE
"18037",214633.261665329,83841.1178380193,0.925392056549073,0,33501.0659520549,0,"Dubois County","Indiana",FALSE
"18039",1729775.54462634,675693.572119664,7.45793329603318,0,444749.920923008,0,"Elkhart County","Indiana",TRUE
"18041",331351.703105829,129434.259025714,1.42862402406324,0,31145.1033364246,0,"Fayette County","Indiana",FALSE
"18043",1585924.3474308,619501.698215155,6.83771835741198,0,276179.355259226,0,"Floyd County","Indiana",TRUE
"18045",540962.398278834,211313.43682767,2.33236126765637,0,51907.6199702572,0,"Fountain County","Indiana",FALSE
"18047",667078.564906204,260577.564416486,2.87611156010342,0,57065.2429024317,0,"Franklin County","Indiana",TRUE
"18049",241180.283197297,94211.048123944,1.03984963250962,0,129540.502695033,0,"Fulton County","Indiana",FALSE
"18051",186629.07617679,72901.9828815586,0.80465191310556,0,29867.0160430465,0,"Gibson County","Indiana",FALSE
"18053",580279.666447819,226671.744706179,2.50187780654921,0,108130.055490192,0,"Grant County","Indiana",FALSE
"18055",1172333.11842179,457942.624383511,5.05451833047445,0,45866.0094368112,0,"Greene County","Indiana",FALSE
"18057",15411499.0305737,6020116.80881787,66.4467318427302,0,1737331.45097643,0,"Hamilton County","Indiana",TRUE
"18059",3616188.15794133,1412573.49919583,15.5912078602414,0,421171.262627717,0,"Hancock County","Indiana",TRUE
"18061",654473.560317364,255653.73449897,2.82176503883839,0,105398.139437085,0,"Harrison County","Indiana",TRUE
"18063",8600113.5508114,3359419.3557857,37.0794195810634,0,921461.64007234,0,"Hendricks County","Indiana",TRUE
"18065",518557.595838442,202561.560874392,2.23576288376181,0,81727.1920678482,0,"Henry County","Indiana",FALSE
"18067",1222931.83086501,477707.746431645,5.27267485571787,0,152424.491449773,0,"Howard County","Indiana",TRUE
"18069",252725.610154126,98720.9414664553,1.0896273499669,0,55422.714260464,0,"Huntington County","Indiana",FALSE
"18071",579730.679972228,226457.296864152,2.49951084944423,0,55591.1958337399,0,"Jackson County","Indiana",FALSE
"18073",509612.65307369,199067.44260691,2.19719673182169,0,290888.125717414,0,"Jasper County","Indiana",TRUE
"18075",175682.291649987,68625.8951757761,0.757454813423715,0,35134.0038532945,0,"Jay County","Indiana",FALSE
"18077",325562.205243948,127172.736423417,1.40366258383155,0,38065.1022694222,0,"Jefferson County","Indiana",FALSE
"18079",341248.38549407,133300.150583621,1.47129360471075,0,38570.5958968017,0,"Jennings County","Indiana",FALSE
"18081",7014015.69770258,2739849.88191507,30.2409531533152,0,761995.454455632,0,"Johnson County","Indiana",TRUE
"18083",303316.604677458,118483.048702132,1.30775059937178,0,38238.6364513203,0,"Knox County","Indiana",FALSE
"18087",145644.681335131,56892.4536465354,0.627947551746693,0,44384.0406973655,0,"LaGrange County","Indiana",FALSE
"18091",1155785.92201776,451478.875788187,4.98317503544349,0,866600.233825332,0,"LaPorte County","Indiana",TRUE
"18093",1782278.73046952,696202.629089658,7.68430096498544,0,46077.9003989601,0,"Lawrence County","Indiana",FALSE
"18095",2431664.0378091,949868.764769179,10.4841279833566,0,373004.701538985,0,"Madison County","Indiana",TRUE
"18099",483842.284555744,189000.892404587,2.08608769804092,0,99713.8376369663,0,"Marshall County","Indiana",FALSE
"18101",120399.091364236,47030.8950641545,0.519101102502545,0,8506.26049031005,0,"Martin County","Indiana",FALSE
"18103",343329.128165259,134112.940689554,1.48026473399752,0,90238.6156358366,0,"Miami County","Indiana",FALSE
"18107",990397.779165055,386874.13248635,4.27010348047668,0,124362.995068635,0,"Montgomery County","Indiana",FALSE
"18109",3240049.64856582,1265644.39397102,13.9694853646803,0,344260.534156521,0,"Morgan County","Indiana",TRUE
"18111",247699.441551768,96757.5943561594,1.06795700650098,0,144383.481796301,0,"Newton County","Indiana",TRUE
"18113",208044.072023594,81267.2156342165,0.896982742418326,0,56280.7229917605,0,"Noble County","Indiana",FALSE
"18115",142835.365322197,55795.0645789832,0.615835175954918,0,12241.9459831777,0,"Ohio County","Indiana",TRUE
"18117",300814.12537388,117505.517724172,1.29696115112298,0,20916.2587934588,0,"Orange County","Indiana",FALSE
"18119",1234830.67699131,482355.73319973,5.32397677230778,0,41559.8805032053,0,"Owen County","Indiana",TRUE
"18121",223648.393452413,87362.6536923488,0.964260828703868,0,23937.6204002973,0,"Parke County","Indiana",FALSE
"18123",115134.214197675,44974.3024209668,0.496401566229185,0,14767.7261704851,0,"Perry County","Indiana",FALSE
"18125",78832.0134206511,30793.7552424418,0.339884500916684,0,10161.2423739701,0,"Pike County","Indiana",FALSE
"18129",155165.804568417,60611.6424095378,0.66899790778725,0,19175.5776834101,0,"Posey County","Indiana",TRUE
"18131",167276.715560401,65342.4670157815,0.721214142785487,0,71670.2568330598,0,"Pulaski County","Indiana",FALSE
"18133",712803.011634614,278438.676419771,3.07325267171057,0,72736.3397953993,0,"Putnam County","Indiana",FALSE
"18135",265434.649364224,103685.4099079,1.14442241686448,0,42665.4316957024,0,"Randolph County","Indiana",FALSE
"18137",469447.380555183,183377.883029368,2.0240240192171,0,47857.2298474859,0,"Ripley County","Indiana",FALSE
"18139",265665.431264376,103775.559087647,1.1454174338322,0,29384.1493902875,0,"Rush County","Indiana",FALSE
"18143",264565.652742691,103345.958102614,1.14067573489871,0,37491.7410772468,0,"Scott County","Indiana",FALSE
"18145",1338170.52522352,522722.861415436,5.76952688852502,0,165556.576248512,0,"Shelby County","Indiana",TRUE
"18147",115880.268093331,45265.7297239573,0.499618180203368,0,14541.9464205325,0,"Spencer County","Indiana",FALSE
"18149",296529.778803566,115831.944845143,1.27848917593652,0,168354.607817054,0,"Starke County","Indiana",FALSE
"18151",133079.742274477,51984.2743259677,0.573773773146235,0,39931.2187836573,0,"Steuben County","Indiana",FALSE
"18153",180389.908953282,70464.8081848758,0.777751721852266,0,19190.5381691505,0,"Sullivan County","Indiana",TRUE
"18155",142050.162078876,55488.344562061,0.61244976943168,0,17125.3327722421,0,"Switzerland County","Indiana",FALSE
"18159",245400.245507012,95859.4709011766,1.05804401473187,0,31137.9593422755,0,"Tipton County","Indiana",TRUE
"18161",138335.372638565,54037.2549369394,0.596433441798469,0,12443.2437841367,0,"Union County","Indiana",FALSE
"18163",1108354.25660766,432950.881487366,4.77867324453355,0,182793.223600987,0,"Vanderburgh County","Indiana",TRUE
"18165",155961.793886591,60922.5757369497,0.672429818509853,0,18326.1933305691,0,"Vermillion County","Indiana",TRUE
"18169",305814.217621567,119458.678758425,1.31851906629476,0,59770.0110565554,0,"Wabash County","Indiana",FALSE
"18171",434354.291796694,169669.645233084,1.87272004459124,0,26779.5610266186,0,"Warren County","Indiana",TRUE
"18173",375361.795457165,146625.701350455,1.61837369079207,0,53596.688027035,0,"Warrick County","Indiana",TRUE
"18175",334827.223247406,130791.884081018,1.44360874128012,0,39851.9027597539,0,"Washington County","Indiana",TRUE
"18177",683407.250351648,266955.957168613,2.94651274437403,0,107625.795223261,0,"Wayne County","Indiana",FALSE
"18179",167076.337918977,65264.1944996005,0.72035021388535,0,35726.5882286107,0,"Wells County","Indiana",TRUE
"18181",1142095.97675937,446131.24092163,4.92415078869624,0,82020.1771988376,0,"White County","Indiana",FALSE
"18183",226036.395725144,88295.4670801345,0.974556708834752,0,41223.3096011909,0,"Whitley County","Indiana",TRUE
"19001",112171.948917921,43817.1675460629,0.483629749139857,0,13882.7837356172,0,"Adair County","Iowa",FALSE
"19003",47697.9378632993,18632.0069778513,0.205649825520955,0,4732.40927372006,0,"Adams County","Iowa",FALSE
"19005",201229.506860862,78605.2761175242,0.86760172094244,0,2957.05909136336,0,"Allamakee County","Iowa",FALSE
"19007",203993.378494934,79684.9134745834,0.879518163136192,0,17038.4453693431,0,"Appanoose County","Iowa",FALSE
"19009",59321.0507522742,23172.2854501071,0.255762917296087,0,1886.80734341012,0,"Audubon County","Iowa",FALSE
"19011",1680837.28195348,656577.063263078,7.24693580576818,0,27240.7763249778,0,"Benton County","Iowa",TRUE
"19013",1990367.95995893,777487.484358956,8.58147840397517,0,52930.6462960588,0,"Black Hawk County","Iowa",TRUE
"19015",1593616.1028441,622506.290173478,6.87088138771383,0,10799.61165436,0,"Boone County","Iowa",TRUE
"19017",304641.688872645,119000.659715877,1.3134637045027,0,4155.71528906902,0,"Bremer County","Iowa",TRUE
"19019",247954.744114179,96857.3219196013,1.0690577443896,0,8148.57027552203,0,"Buchanan County","Iowa",FALSE
"19021",90287.1854775018,35268.4318271491,0.389273515208148,0,9103.2745013578,0,"Buena Vista County","Iowa",FALSE
"19023",156311.476496064,61059.1705062751,0.673937476300677,0,2401.24980752122,0,"Butler County","Iowa",FALSE
"19025",86534.7751436986,33802.6465405073,0.373094984961384,0,1158.69714972971,0,"Calhoun County","Iowa",FALSE
"19027",188310.421169892,73558.7582694891,0.811901037909716,0,6177.76485048973,0,"Carroll County","Iowa",FALSE
"19029",101845.571446442,39783.4263462664,0.439107536641711,0,7459.65485850155,0,"Cass County","Iowa",FALSE
"19031",4725443.6466875,1845876.4244873,20.3737667702846,0,51981.2901171672,0,"Cedar County","Iowa",FALSE
"19033",507777.565532629,198350.611536183,2.18928474548559,0,10351.2127857886,0,"Cerro Gordo County","Iowa",FALSE
"19035",93766.3306008045,36627.4728909393,0.404273861546387,0,4522.16226628115,0,"Cherokee County","Iowa",FALSE
"19037",137298.547871112,53632.2452621532,0.591963168196002,0,1885.74620001475,0,"Chickasaw County","Iowa",FALSE
"19039",125771.032057589,49129.3093974957,0.542262243545229,0,8026.530655699,0,"Clarke County","Iowa",FALSE
"19041",74461.6252006369,29086.5723439988,0.321041556857328,0,3166.5892075407,0,"Clay County","Iowa",FALSE
"19043",231611.862902796,90473.3839464047,0.998595355024614,0,5662.67515223824,0,"Clayton County","Iowa",FALSE
"19045",1208780.99952206,472180.077938304,5.21166349700892,0,47583.8248292388,0,"Clinton County","Iowa",FALSE
"19047",151268.73798664,59089.3507760314,0.652195691622628,0,5172.25167262049,0,"Crawford County","Iowa",FALSE
"19049",1061143.99589251,414509.373395513,4.57512604073843,0,23923.7846780891,0,"Dallas County","Iowa",TRUE
"19051",145291.760234818,56754.5938417259,0.626425931191316,0,8097.95004691304,0,"Davis County","Iowa",FALSE
"19053",155734.937820792,60833.9600862468,0.671451727790634,0,13521.9610321314,0,"Decatur County","Iowa",FALSE
"19055",443885.54785374,173392.792130367,1.91381408833679,0,15101.4636325958,0,"Delaware County","Iowa",FALSE
"19057",1231097.45732935,480897.444269278,5.30788098270964,0,56542.6331351842,0,"Des Moines County","Iowa",FALSE
"19059",72006.8303046741,28127.6680877633,0.310457700098336,0,3327.82168397844,0,"Dickinson County","Iowa",FALSE
"19061",2712705.82484192,1059650.71282887,11.6958406287343,0,82062.3224993516,0,"Dubuque County","Iowa",TRUE
"19063",47182.6018117254,18430.7038327052,0.20342795233653,0,2814.58628863291,0,"Emmet County","Iowa",FALSE
"19065",259647.380154401,101424.757872813,1.11947058547391,0,4827.91875062113,0,"Fayette County","Iowa",FALSE
"19067",178771.707648746,69832.6983002913,0.770774841281675,0,1341.30547350599,0,"Floyd County","Iowa",FALSE
"19069",125425.302947967,48994.2589640495,0.540771631282805,0,2054.48600052758,0,"Franklin County","Iowa",FALSE
"19071",94305.5945899679,36838.1228867062,0.406598900117216,0,7259.01382642323,0,"Fremont County","Iowa",FALSE
"19073",91745.0570777997,35837.9129210155,0.395559133699506,0,2290.65177282431,0,"Greene County","Iowa",FALSE
"19075",162190.928438753,63355.8314213879,0.699286753865634,0,2291.92121000267,0,"Grundy County","Iowa",TRUE
"19077",94066.9024591659,36744.8837731117,0.40556977816244,0,4900.01292215271,0,"Guthrie County","Iowa",TRUE
"19079",492072.284892092,192215.736285973,2.12157137320646,0,3238.59683451846,0,"Hamilton County","Iowa",FALSE
"19081",136158.258830558,53186.8198556867,0.587046808019059,0,2706.4990522275,0,"Hancock County","Iowa",FALSE
"19083",537504.194534581,209962.575990071,2.31745121014697,0,10343.9717116974,0,"Hardin County","Iowa",FALSE
"19085",326247.961933796,127440.610130389,1.40661922619251,0,28898.1470497245,0,"Harrison County","Iowa",TRUE
"19087",1125951.45936739,439824.788815388,4.85454364563073,0,29207.0535852131,0,"Henry County","Iowa",FALSE
"19089",164969.123279591,64441.0637810901,0.711264950615332,0,769.550009349671,0,"Howard County","Iowa",FALSE
"19091",69198.8167322404,27030.7877860314,0.298350939783321,0,2477.44749106982,0,"Humboldt County","Iowa",FALSE
"19093",57321.8874819874,22391.3622976513,0.247143517880945,0,2758.67411675722,0,"Ida County","Iowa",FALSE
"19095",4242487.10092867,1657221.52380026,18.2914979381571,0,47214.5265437677,0,"Iowa County","Iowa",FALSE
"19097",533376.851506157,208350.332619592,2.29965615627917,0,14829.4843738444,0,"Jackson County","Iowa",FALSE
"19099",550089.280349064,214878.625136353,2.37171185154686,0,16147.5763194991,0,"Jasper County","Iowa",TRUE
"19101",305030.93560323,119152.709220012,1.31514194313973,0,20823.9282420777,0,"Jefferson County","Iowa",FALSE
"19105",1205088.03205219,470737.512520385,5.1957412548774,0,21728.3338833527,0,"Jones County","Iowa",TRUE
"19107",329056.758448255,128537.796268849,1.41872936216479,0,14390.6149778214,0,"Keokuk County","Iowa",FALSE
"19109",208501.670625363,81445.9650880325,0.898955680386465,0,2581.85388000866,0,"Kossuth County","Iowa",FALSE
"19111",878979.547368844,343351.385690955,3.78972338533688,0,43091.8920135983,0,"Lee County","Iowa",FALSE
"19113",19374356.8610381,7568108.14884302,83.5326072056233,0,320659.444501772,0,"Linn County","Iowa",TRUE
"19115",1053870.23535149,411668.060684174,4.54376519678684,0,24235.9207181078,0,"Louisa County","Iowa",FALSE
"19117",140453.021905637,54864.4616818894,0.605563694002161,0,8594.18282103927,0,"Lucas County","Iowa",FALSE
"19119",55888.3873567027,21831.401311212,0.240962977089141,0,3731.96625580215,0,"Lyon County","Iowa",FALSE
"19121",218429.458615434,85324.007271654,0.941759372944798,0,7281.89676755967,0,"Madison County","Iowa",TRUE
"19123",375970.432160505,146863.450062697,1.62099783006212,0,24232.3947429056,0,"Mahaska County","Iowa",FALSE
"19125",455363.91198869,177876.528120582,1.9633030953539,0,13397.3979796994,0,"Marion County","Iowa",FALSE
"19127",1104650.39360169,431504.060000659,4.76270402626013,0,32893.7941068405,0,"Marshall County","Iowa",FALSE
"19129",403222.478411298,157508.780629413,1.73849512255779,0,35560.2570247887,0,"Mills County","Iowa",TRUE
"19131",147708.908554244,57698.7924040015,0.636847474604215,0,3438.72640992433,0,"Mitchell County","Iowa",FALSE
"19133",88388.2828811236,34526.6730004389,0.381086390038384,0,3744.92507251517,0,"Monona County","Iowa",FALSE
"19135",151756.832023776,59280.0125092875,0.654300110766752,0,5711.92002793586,0,"Monroe County","Iowa",FALSE
"19137",78308.2975005141,30589.1787111383,0.337626497899711,0,5769.31883844031,0,"Montgomery County","Iowa",FALSE
"19139",4587453.37407944,1791973.97424978,19.7788212284718,0,87116.8923137794,0,"Muscatine County","Iowa",FALSE
"19141",58357.3821881478,22795.8524172452,0.25160805691951,0,1673.54286290845,0,"O'Brien County","Iowa",FALSE
"19143",26700.8280473993,10430.0109560153,0.115120713288481,0,2948.46106449979,0,"Osceola County","Iowa",FALSE
"19145",123648.480293131,48300.1876145044,0.533110854206953,0,8695.92874894572,0,"Page County","Iowa",FALSE
"19147",44473.6088851005,17372.5034707424,0.191748119881413,0,339.277655684915,0,"Palo Alto County","Iowa",FALSE
"19149",178289.298683868,69644.257298386,0.768694933346428,0,8743.01209635099,0,"Plymouth County","Iowa",FALSE
"19151",56575.2375524111,22099.7021689106,0.243924334104433,0,1031.84556979517,0,"Pocahontas County","Iowa",FALSE
"19155",3165835.18343089,1236654.36852769,13.6495094393087,0,294773.257453795,0,"Pottawattamie County","Iowa",TRUE
"19157",549957.32479196,214827.079996859,2.371142924702,0,19399.8727651245,0,"Poweshiek County","Iowa",FALSE
"19159",69813.6442336643,27270.9547787751,0.30100177070091,0,4258.95436766633,0,"Ringgold County","Iowa",FALSE
"19161",83835.8400014071,32748.3750005496,0.361458516678513,0,3023.53735336209,0,"Sac County","Iowa",FALSE
"19165",124745.152487991,48728.5751906216,0.537839160201502,0,10585.9234993663,0,"Shelby County","Iowa",FALSE
"19167",167175.797946887,65303.0460730026,0.720779036142708,0,6721.7449427715,0,"Sioux County","Iowa",FALSE
"19171",492731.853294022,192473.380192977,2.12441510467269,0,18115.6276963983,0,"Tama County","Iowa",FALSE
"19173",99984.4382326878,39056.4211846437,0.431083254296912,0,4618.18779062932,0,"Taylor County","Iowa",FALSE
"19175",184253.970248073,71974.2071281536,0.794411635606892,0,15417.0066239123,0,"Union County","Iowa",FALSE
"19177",98755.8191667232,38576.4918620013,0.425786058907219,0,7852.20783091189,0,"Van Buren County","Iowa",FALSE
"19179",643213.1609666,251255.141002578,2.77321578774881,0,51337.7686803924,0,"Wapello County","Iowa",FALSE
"19181",663223.784891683,259071.790973314,2.85949166262107,0,16232.2135154801,0,"Warren County","Iowa",TRUE
"19183",6575563.64303143,2568579.54805915,28.3505655897932,0,72620.1642363994,0,"Washington County","Iowa",TRUE
"19185",106284.858341195,41517.5227895292,0.458247537577596,0,4055.09061080689,0,"Wayne County","Iowa",FALSE
"19187",348880.94455524,136281.618966891,1.50420140973382,0,7147.89085815552,0,"Webster County","Iowa",FALSE
"19189",122104.265446011,47696.978689848,0.526452966505658,0,3210.79556154681,0,"Winnebago County","Iowa",FALSE
"19191",248456.133702045,97053.1772273613,1.07121948734709,0,5013.58502497704,0,"Winneshiek County","Iowa",FALSE
"19193",608773.121261089,237802.000492613,2.62472743639342,0,44932.4635443871,0,"Woodbury County","Iowa",TRUE
"19195",85105.2500166178,33244.2382877413,0.366931582388205,0,1865.55049349475,0,"Worth County","Iowa",FALSE
"19197",118104.356912404,46134.514418908,0.509207346906895,0,2627.49528391332,0,"Wright County","Iowa",FALSE
"20001",59740.9476474093,23336.3076747693,0.257573304224528,0,7638.82609265502,0,"Allen County","Kansas",FALSE
"20003",50446.5433465543,19705.6809947478,0.217500447652195,0,1970.08837143451,0,"Anderson County","Kansas",FALSE
"20005",141617.561461946,55319.3599460728,0.610584610362396,0,12421.3440012377,0,"Atchison County","Kansas",FALSE
"20007",12542.4908975979,4899.41050687417,0.0540769932671205,0,625.83557597119,0,"Barber County","Kansas",FALSE
"20009",55342.5738458504,21618.1929085353,0.238609700232698,0,1647.00945619573,0,"Barton County","Kansas",FALSE
"20011",64582.2142581771,25227.4274446004,0.278446442108564,0,3574.69740873604,0,"Bourbon County","Kansas",FALSE
"20013",66585.2645929291,26009.868981613,0.28708260061571,0,5444.13885381097,0,"Brown County","Kansas",FALSE
"20015",186893.708160858,73005.3547503352,0.805792874828198,0,16493.3593652655,0,"Butler County","Kansas",TRUE
"20017",13295.8893096731,5193.70676159104,0.0573252731494725,0,1708.06221623277,0,"Chase County","Kansas",FALSE
"20019",10239.0327960185,3999.62218594471,0.0441456256251428,0,514.048053476432,0,"Chautauqua County","Kansas",FALSE
"20021",55216.8152961484,21569.068475058,0.238067491806872,0,5346.40315153555,0,"Cherokee County","Kansas",TRUE
"20023",5969.96158686642,2332.01624486969,0.0257395102116257,0,405.955631307652,0,"Cheyenne County","Kansas",FALSE
"20025",4016.53672226888,1568.95965713628,0.0173173120921997,0,897.100258753575,0,"Clark County","Kansas",FALSE
"20027",96359.813579959,37640.5521796715,0.415455672459958,0,1701.33072421923,0,"Clay County","Kansas",FALSE
"20029",31692.0247937637,12379.6971850639,0.136640275475265,0,722.376920050924,0,"Cloud County","Kansas",FALSE
"20031",63877.6076015029,24952.1904693371,0.275408528049863,0,2646.51012281979,0,"Coffey County","Kansas",FALSE
"20033",2945.6680206102,1150.65157055086,0.0127002579486199,0,106.918338993534,0,"Comanche County","Kansas",FALSE
"20035",119861.62503997,46820.9472812383,0.516783814570195,0,11152.8900232641,0,"Cowley County","Kansas",FALSE
"20037",97687.2664430065,38159.0884542994,0.421178990110616,0,6797.35675052168,0,"Crawford County","Kansas",FALSE
"20039",7197.37846869715,2811.47596433482,0.0310315223802311,0,171.770559065408,0,"Decatur County","Kansas",FALSE
"20041",126779.345538619,49523.1818510231,0.546609590636806,0,5800.70089864451,0,"Dickinson County","Kansas",FALSE
"20043",43488.7991240579,16987.8121578351,0.187502109160568,0,5929.11751149408,0,"Doniphan County","Kansas",TRUE
"20047",5872.39857725076,2293.90569423858,0.0253188669552598,0,149.784813175351,0,"Edwards County","Kansas",FALSE
"20049",8727.20744910734,3409.06540980756,0.0376273853670109,0,966.268794410215,0,"Elk County","Kansas",FALSE
"20053",17972.11135622,7020.35599852343,0.0774868208190114,0,585.114239156464,0,"Ellsworth County","Kansas",FALSE
"20055",60587.5509693958,23667.0120974203,0.261223437401165,0,5191.91613118013,0,"Finney County","Kansas",FALSE
"20057",62580.0398861284,24445.3280805189,0.26981406031767,0,4078.76734023379,0,"Ford County","Kansas",FALSE
"20059",612361.207309017,239203.596605085,2.64019748190828,0,26726.8379904659,0,"Franklin County","Kansas",FALSE
"20061",341317.7968438,133327.26439211,1.4715928719873,0,7411.89509867919,0,"Geary County","Kansas",TRUE
"20063",4130.77968508718,1613.58581448718,0.0178098710249971,0,84.7985824725119,0,"Gove County","Kansas",FALSE
"20065",7558.54473004221,2952.55653517274,0.0325886919761691,0,219.710215240645,0,"Graham County","Kansas",FALSE
"20067",12194.0509194421,4763.30114040705,0.0525746930855563,0,854.341420571184,0,"Grant County","Kansas",FALSE
"20069",12084.9959940099,4720.70156016012,0.052104502394051,0,431.274576806912,0,"Gray County","Kansas",FALSE
"20071",2587.76081112611,1010.84406684614,0.0111571397661517,0,7082.47643831788,0,"Greeley County","Kansas",FALSE
"20073",29061.0043993631,11351.9548435012,0.125296621864888,0,2282.75625305334,0,"Greenwood County","Kansas",FALSE
"20075",3311.30984694313,1293.48040896216,0.0142767239586188,0,88.788202867781,0,"Hamilton County","Kansas",FALSE
"20077",8945.09056106748,3494.17600041698,0.0385667891644451,0,926.918667496249,0,"Harper County","Kansas",FALSE
"20079",93388.6750454633,36479.9511896341,0.402645598301852,0,5940.2921398243,0,"Harvey County","Kansas",TRUE
"20081",6275.97215440811,2451.55162281567,0.0270588758412862,0,202.42259106653,0,"Haskell County","Kansas",FALSE
"20083",2290.22451202088,894.618950008155,0.00987431097442268,0,103.988917026594,0,"Hodgeman County","Kansas",FALSE
"20085",97409.9858335314,38050.7757162232,0.419983493795402,0,6395.08520984915,0,"Jackson County","Kansas",TRUE
"20087",475782.275513264,185852.451372369,2.05133694093201,0,34096.326113554,0,"Jefferson County","Kansas",TRUE
"20089",9339.11562035788,3648.0920392023,0.0402656295823724,0,134.879981714084,0,"Jewell County","Kansas",FALSE
"20093",6637.58554673429,2592.80685419308,0.0286179732440093,0,287.977107897385,0,"Kearny County","Kansas",FALSE
"20095",15218.5028634968,5944.72768105342,0.065614628194993,0,667.135062400781,0,"Kingman County","Kansas",FALSE
"20097",6056.10697997864,2365.66678905416,0.0261109263745998,0,147.312106321427,0,"Kiowa County","Kansas",FALSE
"20099",55030.5464479625,21496.3072062354,0.237264393018006,0,3946.30199935543,0,"Labette County","Kansas",FALSE
"20101",3361.96765090487,1313.26861363472,0.0144951352571505,0,144.900342416084,0,"Lane County","Kansas",FALSE
"20103",1346902.5355575,526133.80295215,5.80717498154695,0,71588.356371048,0,"Leavenworth County","Kansas",TRUE
"20105",7447.7584824546,2909.28065720883,0.0321110366831497,0,749.625020096185,0,"Lincoln County","Kansas",FALSE
"20107",77993.9584489296,30466.3900191131,0.336271223982041,0,3196.32891948614,0,"Linn County","Kansas",TRUE
"20109",5378.88074508997,2101.12529105077,0.0231910630999606,0,161.222111742687,0,"Logan County","Kansas",FALSE
"20111",226857.778541281,88616.3197426878,0.978098103712419,0,16993.2585752263,0,"Lyon County","Kansas",FALSE
"20113",57381.683767366,22414.7202216274,0.247401329773991,0,16889.0557996602,0,"McPherson County","Kansas",FALSE
"20115",46918.2608879182,18327.4456593431,0.202288245521221,0,4287.22723614861,0,"Marion County","Kansas",FALSE
"20117",71011.3412307463,27738.8051682603,0.306165645482725,0,2007.12193998383,0,"Marshall County","Kansas",FALSE
"20119",5950.11587142625,2324.26401227588,0.0256539453402616,0,238.787743122466,0,"Meade County","Kansas",FALSE
"20121",1068684.74249761,417454.977538131,4.60763799603682,0,35680.571124798,0,"Miami County","Kansas",TRUE
"20123",20542.0393059421,8024.23410388363,0.0885670741409989,0,1053.167980771,0,"Mitchell County","Kansas",FALSE
"20125",92567.9043074337,36159.3376200913,0.399106842401078,0,7488.38207242407,0,"Montgomery County","Kansas",FALSE
"20127",60629.2761607253,23683.3110002833,0.261403335709166,0,1840.74127649414,0,"Morris County","Kansas",FALSE
"20129",4131.50359553689,1613.8685920066,0.0178129921674268,0,96.1672997984213,0,"Morton County","Kansas",FALSE
"20131",53283.3944212694,20813.8259458084,0.229731540958914,0,8855.62689633801,0,"Nemaha County","Kansas",FALSE
"20133",41261.5044875055,16117.7751904318,0.177899120563797,0,2366.45437667117,0,"Neosho County","Kansas",FALSE
"20135",5786.57697125899,2260.38162939804,0.0249488468015852,0,414.222282828388,0,"Ness County","Kansas",FALSE
"20137",10802.9654505533,4219.90837912237,0.0465770232327925,0,1444.57346457188,0,"Norton County","Kansas",FALSE
"20139",197617.972250724,77194.5204104389,0.852030576869788,0,11824.8119152054,0,"Osage County","Kansas",TRUE
"20141",7502.35223527088,2930.60634190269,0.0323464178389007,0,269.70193426695,0,"Osborne County","Kansas",FALSE
"20143",16099.4311759635,6288.84030311076,0.069412753687849,0,375.543057435828,0,"Ottawa County","Kansas",FALSE
"20145",12102.8693922513,4727.68335634816,0.052181563612931,0,537.266164555256,0,"Pawnee County","Kansas",FALSE
"20147",13534.4019584394,5286.87576501538,0.0583536212668252,0,293.491190810002,0,"Phillips County","Kansas",FALSE
"20149",699250.792306892,273144.84074488,3.01482223079392,0,9457.54894470543,0,"Pottawatomie County","Kansas",TRUE
"20151",17922.6701301,7001.0430195703,0.0772736548000891,0,594.660360745462,0,"Pratt County","Kansas",FALSE
"20153",6087.45951455143,2377.91387287165,0.0262461029368028,0,166.60575362344,0,"Rawlins County","Kansas",FALSE
"20155",129784.246702525,50696.9713681738,0.559565232489416,0,5035.59664425507,0,"Reno County","Kansas",FALSE
"20157",17901.9065541963,6992.93224773293,0.077184132570134,0,296.567690608347,0,"Republic County","Kansas",FALSE
"20159",18017.2860067074,7038.00234637006,0.077681591482207,0,426.620353699448,0,"Rice County","Kansas",FALSE
"20163",9978.08481669638,3897.68938152202,0.0430205475018194,0,329.173831249629,0,"Rooks County","Kansas",FALSE
"20165",5926.06511349006,2314.86918495705,0.0255502504135039,0,175.560710616442,0,"Rush County","Kansas",FALSE
"20167",13149.6554077787,5136.58414366356,0.0566947851712288,0,333.521331863184,0,"Russell County","Kansas",FALSE
"20169",187615.428969177,73287.2769410847,0.808904576611428,0,11118.9677453911,0,"Saline County","Kansas",FALSE
"20171",9414.34268031035,3677.47760949623,0.0405899713138329,0,337.162429937269,0,"Scott County","Kansas",FALSE
"20175",39489.1011881003,15425.4301516017,0.170257397554302,0,1894.87235886036,0,"Seward County","Kansas",FALSE
"20177",1447671.56784277,565496.706188582,6.24164101583909,0,124710.909434735,0,"Shawnee County","Kansas",TRUE
"20179",5013.99013174894,1958.58989521443,0.0216178359473974,0,231.721379636936,0,"Sheridan County","Kansas",FALSE
"20181",15071.8606516438,5887.44556704838,0.0649823797869383,0,490.49892783463,0,"Sherman County","Kansas",FALSE
"20183",9163.27948657232,3579.40604944231,0.0395075114780444,0,213.766877114104,0,"Smith County","Kansas",FALSE
"20185",8726.92125603765,3408.95361563971,0.0376261514445924,0,551.87148126028,0,"Stafford County","Kansas",FALSE
"20187",3303.15199006313,1290.29374611841,0.014241551330217,0,103.694042880055,0,"Stanton County","Kansas",FALSE
"20189",7574.21548576246,2958.67792412596,0.0326562564941339,0,247.76873317981,0,"Stevens County","Kansas",FALSE
"20191",47462.8976213622,18540.1943833446,0.204636448697762,0,1716.11906605048,0,"Sumner County","Kansas",TRUE
"20193",14668.2525362541,5729.78614697427,0.0632422219892026,0,1207.7642052341,0,"Thomas County","Kansas",FALSE
"20195",5411.67666144326,2113.93619587627,0.0233324628077464,0,225.304127037884,0,"Trego County","Kansas",FALSE
"20197",103600.841072707,40469.0785440261,0.44667538775968,0,2506.13856215674,0,"Wabaunsee County","Kansas",TRUE
"20199",3034.04298075745,1185.17303935838,0.0130812868976447,0,77.5008249004938,0,"Wallace County","Kansas",FALSE
"20201",31065.2339503487,12134.857011855,0.133937864566939,0,387.669049158124,0,"Washington County","Kansas",FALSE
"20203",3853.74862359176,1505.37055609053,0.0166154506367678,0,94.6601392739965,0,"Wichita County","Kansas",FALSE
"20205",33128.9698590763,12941.0038512017,0.142835669138019,0,2223.50761854548,0,"Wilson County","Kansas",FALSE
"20207",16183.7403027441,6321.77355575941,0.0697762527821272,0,1188.40045052781,0,"Woodson County","Kansas",FALSE
"21001",100232.376091921,39153.2719109068,0.43215223924208,0,17438.1903195952,0,"Adair County","Kentucky",FALSE
"21003",109661.077316485,42836.3583267519,0.472804117469559,0,40888.8095787144,0,"Allen County","Kentucky",TRUE
"21005",751558.906420068,293577.697820339,3.24034884730163,0,87203.7083231114,0,"Anderson County","Kentucky",FALSE
"21007",35363.3109748739,13813.7933495601,0.152469038654642,0,5607.17791424133,0,"Ballard County","Kentucky",TRUE
"21009",241954.070994123,94513.3089820795,1.04318582129547,0,63663.5248105118,0,"Barren County","Kentucky",FALSE
"21011",207086.677452736,80893.2333799751,0.892854932385617,0,26058.2159773672,0,"Bath County","Kentucky",FALSE
"21013",146478.632866844,57218.2159636109,0.631543136685424,0,28320.038862834,0,"Bell County","Kentucky",FALSE
"21015",3544821.09343817,1384695.73962429,15.2835085126285,0,328302.243178788,0,"Boone County","Kentucky",TRUE
"21017",1062241.05901367,414937.913677215,4.57985603221307,0,120705.949330727,0,"Bourbon County","Kentucky",TRUE
"21019",239064.049762151,93384.3944383403,1.03072548467022,0,32323.1943600224,0,"Boyd County","Kentucky",TRUE
"21021",637725.540382715,249111.539211998,2.74955589245448,0,74909.3605016679,0,"Boyle County","Kentucky",FALSE
"21023",113140.731647025,44195.598299619,0.487806659256576,0,14039.954480235,0,"Bracken County","Kentucky",TRUE
"21025",82339.2962718346,32163.7876061854,0.355006163166856,0,12213.7928353004,0,"Breathitt County","Kentucky",FALSE
"21027",211509.311461829,82620.824789777,0.911923134346877,0,34312.7607309025,0,"Breckinridge County","Kentucky",FALSE
"21029",2484629.4623689,970558.383737851,10.7124885961484,0,459220.703607049,0,"Bullitt County","Kentucky",TRUE
"21031",106077.38640783,41436.4790655587,0.457353021613003,0,25562.1369243909,0,"Butler County","Kentucky",TRUE
"21033",48530.3921449918,18957.1844316374,0.209238955060996,0,7872.36637671409,0,"Caldwell County","Kentucky",FALSE
"21035",149623.049675497,58446.5037794908,0.645100300727145,0,25344.6288166674,0,"Calloway County","Kentucky",FALSE
"21039",20774.9582750061,8115.21807617425,0.0895713050887981,0,3373.80835487307,0,"Carlisle County","Kentucky",TRUE
"21041",135402.15714947,52891.4676365116,0.583786872982925,0,19185.2481289829,0,"Carroll County","Kentucky",FALSE
"21043",127492.648503561,49801.8158217035,0.549684998858946,0,16006.8872417272,0,"Carter County","Kentucky",TRUE
"21045",90135.7172160516,35209.2645375201,0.388620459270416,0,12426.5451010045,0,"Casey County","Kentucky",FALSE
"21047",441669.213169824,172527.036394462,1.90425835361405,0,55080.7662515534,0,"Christian County","Kentucky",TRUE
"21049",2026634.86176836,791654.242878268,8.73784327766576,0,229419.229834322,0,"Clark County","Kentucky",TRUE
"21051",173657.153795226,67834.8257012603,0.748723424496986,0,22777.6203607352,0,"Clay County","Kentucky",FALSE
"21053",56993.7882515939,22263.1985357789,0.245728916904329,0,7811.36599678573,0,"Clinton County","Kentucky",FALSE
"21055",34791.8565972169,13590.5689832879,0.150005211111507,0,5694.71097576761,0,"Crittenden County","Kentucky",FALSE
"21057",38922.6694126336,15204.16773931,0.167815224978035,0,5141.10395478454,0,"Cumberland County","Kentucky",FALSE
"21059",360777.948356036,140928.886076577,1.55549538313091,0,63496.9139674968,0,"Daviess County","Kentucky",TRUE
"21061",79516.7483002937,31061.2298048022,0.342836737739378,0,31785.794101807,0,"Edmonson County","Kentucky",TRUE
"21063",39464.5328776632,15415.8331553372,0.170151471198131,0,5659.09674508232,0,"Elliott County","Kentucky",FALSE
"21065",375101.321020701,146523.953523711,1.61725065435043,0,48362.1903895026,0,"Estill County","Kentucky",FALSE
"21069",241477.917324765,94327.3114549863,1.04113288308868,0,28067.5818616783,0,"Fleming County","Kentucky",FALSE
"21071",181883.420717917,71048.2112179363,0.784191003036516,0,21322.1310322676,0,"Floyd County","Kentucky",FALSE
"21073",1264234.47452056,493841.591609593,5.45075134794821,0,153362.209251208,0,"Franklin County","Kentucky",FALSE
"21075",32047.4849230068,12518.5487980495,0.138172843062736,0,4488.66326588677,0,"Fulton County","Kentucky",FALSE
"21077",127412.176139463,49770.3813044779,0.549338041980362,0,14874.257160777,0,"Gallatin County","Kentucky",TRUE
"21079",606718.476908388,236999.405042339,2.61586883009787,0,68156.8426981289,0,"Garrard County","Kentucky",FALSE
"21081",367356.251293125,143498.535661377,1.58385775919658,0,41803.9613818212,0,"Grant County","Kentucky",TRUE
"21083",177062.527019729,69165.0496170817,0.763405703036151,0,27209.6997376427,0,"Graves County","Kentucky",FALSE
"21085",221540.218489759,86539.1478475621,0.955171424996732,0,35873.1769870881,0,"Grayson County","Kentucky",FALSE
"21087",60761.5091469466,23734.964510526,0.261973458690634,0,8645.20726472703,0,"Green County","Kentucky",FALSE
"21089",174475.049886952,68154.3163620906,0.752249786350191,0,23160.2158306023,0,"Greenup County","Kentucky",TRUE
"21091",33370.3404884457,13035.2892532991,0.143876339448714,0,4945.78287930635,0,"Hancock County","Kentucky",FALSE
"21095",138383.142557987,54055.9150617138,0.596639401972734,0,17283.7752327163,0,"Harlan County","Kentucky",FALSE
"21097",468736.866734566,183100.33856819,2.02096063640045,0,56285.722063657,0,"Harrison County","Kentucky",FALSE
"21099",104515.541720399,40826.3834845308,0.450619122793695,0,20422.5064227431,0,"Hart County","Kentucky",FALSE
"21101",184873.754793055,72216.3104660372,0.797083838835078,0,31407.624751464,0,"Henderson County","Kentucky",FALSE
"21103",340303.553200263,132931.075468853,1.46721995697938,0,49405.8107248449,0,"Henry County","Kentucky",TRUE
"21105",18065.1795758337,7056.71077181003,0.077888084772601,0,3199.31126527331,0,"Hickman County","Kentucky",FALSE
"21107",217368.964933637,84909.7519272021,0.937187050735552,0,32050.3603754515,0,"Hopkins County","Kentucky",FALSE
"21109",107790.646526322,42105.7212993445,0.464739748591633,0,13381.8611941864,0,"Jackson County","Kentucky",FALSE
"21115",106440.751930362,41578.4187227977,0.458919673331221,0,12887.5650417773,0,"Johnson County","Kentucky",FALSE
"21117",5547546.38288496,2167010.30581444,23.9182655858067,0,485895.921983716,0,"Kenton County","Kentucky",TRUE
"21119",95369.5794785757,37253.7419838186,0.411186274676809,0,14677.7333568213,0,"Knott County","Kentucky",FALSE
"21121",155096.53476769,60584.5838936288,0.668699250799726,0,23486.9709189666,0,"Knox County","Kentucky",FALSE
"21123",157555.851445306,61545.2544708226,0.679302603236093,0,27864.8646418788,0,"Larue County","Kentucky",TRUE
"21125",502363.563271088,196235.766902769,2.1659422558449,0,65027.0473315631,0,"Laurel County","Kentucky",FALSE
"21127",71485.2936093172,27923.9428161395,0.308209092816606,0,8123.59801153935,0,"Lawrence County","Kentucky",TRUE
"21129",44546.9873611369,17401.1669379441,0.19206449143687,0,6005.14259480331,0,"Lee County","Kentucky",FALSE
"21131",67159.5361347784,26234.1938026478,0.28955857437209,0,8229.41301781219,0,"Leslie County","Kentucky",FALSE
"21133",142213.537515785,55552.1630921035,0.613154163197947,0,17277.341870128,0,"Letcher County","Kentucky",FALSE
"21135",123177.053130673,48116.0363791691,0.531078294351153,0,15545.0371602628,0,"Lewis County","Kentucky",FALSE
"21137",373972.178156032,146082.8820922,1.6123823509497,0,47239.1944501985,0,"Lincoln County","Kentucky",FALSE
"21139",38902.3757611262,15196.2405316899,0.167727728828754,0,6204.08187811259,0,"Livingston County","Kentucky",TRUE
"21141",221550.303591819,86543.0873405545,0.955214906949453,0,55483.2623327563,0,"Logan County","Kentucky",FALSE
"21143",47445.5482741925,18533.4172946064,0.204561646926906,0,6185.05776321857,0,"Lyon County","Kentucky",FALSE
"21145",313620.571565927,122508.03576794,1.35217618856309,0,44558.1990887034,0,"McCracken County","Kentucky",TRUE
"21147",109496.141485254,42771.9302676772,0.472092996057725,0,15606.0534599332,0,"McCreary County","Kentucky",FALSE
"21149",39757.1940626223,15530.1539307119,0.17141328091821,0,7785.68577268927,0,"McLean County","Kentucky",TRUE
"21151",3320211.93863144,1296957.78852791,14.3151053579933,0,383790.540242485,0,"Madison County","Kentucky",FALSE
"21153",67722.8326217689,26454.2314928785,0.291987229141152,0,11764.1252123116,0,"Magoffin County","Kentucky",FALSE
"21155",174230.623021129,68058.8371176285,0.751195939065363,0,32715.6555514342,0,"Marion County","Kentucky",FALSE
"21157",157521.238805337,61531.7339083347,0.6791533707181,0,21769.9890290317,0,"Marshall County","Kentucky",FALSE
"21159",54127.6951367914,21143.6309128091,0.233371746439745,0,6343.00545718412,0,"Martin County","Kentucky",FALSE
"21161",236737.574274433,92475.6149509503,1.02069487748759,0,28927.3376764291,0,"Mason County","Kentucky",FALSE
"21163",431779.46545618,168663.85369382,1.86161867184026,0,84017.5264531284,0,"Meade County","Kentucky",TRUE
"21165",104929.366013393,40988.0335989818,0.45240332767682,0,11703.5479878289,0,"Menifee County","Kentucky",FALSE
"21167",647713.531241366,253013.098141159,2.79261914989075,0,73972.1930158751,0,"Mercer County","Kentucky",FALSE
"21169",63999.5219524625,24999.8132626807,0.275934162199398,0,10365.1871995857,0,"Metcalfe County","Kentucky",FALSE
"21171",55829.2716176089,21808.3092256285,0.240708099373776,0,10734.0142516376,0,"Monroe County","Kentucky",FALSE
"21173",820716.221043416,320592.273845084,3.53852085059765,0,98550.5574132656,0,"Montgomery County","Kentucky",FALSE
"21175",188054.070893393,73458.6214427316,0.810795782798156,0,25074.909157604,0,"Morgan County","Kentucky",FALSE
"21177",138204.866301817,53986.2758991474,0.595870763272231,0,20012.2661952627,0,"Muhlenberg County","Kentucky",FALSE
"21179",659269.47727415,257527.139560215,2.84244265153106,0,118760.1494411,0,"Nelson County","Kentucky",TRUE
"21181",218018.689624059,85163.5506343979,0.939988341005264,0,26163.2216598851,0,"Nicholas County","Kentucky",FALSE
"21183",90107.6288197735,35198.292507724,0.388499356051859,0,14681.6418134003,0,"Ohio County","Kentucky",FALSE
"21187",137857.591167819,53850.6215499293,0.594373485320317,0,17785.7874124792,0,"Owen County","Kentucky",FALSE
"21189",28207.8282901171,11018.682925827,0.121618150093049,0,3321.80638050278,0,"Owsley County","Kentucky",FALSE
"21191",262833.944373651,102669.509520958,1.13320946822348,0,25644.6239985816,0,"Pendleton County","Kentucky",TRUE
"21193",162432.253631952,63450.0990749813,0.700327228278122,0,20951.2267666532,0,"Perry County","Kentucky",FALSE
"21197",325379.343894255,127101.306208693,1.40287417648432,0,38797.605762486,0,"Powell County","Kentucky",FALSE
"21199",342631.712566874,133840.512721435,1.47725782421173,0,47924.8024048902,0,"Pulaski County","Kentucky",FALSE
"21201",52126.8502442912,20362.0508766763,0.224745096704563,0,7119.07827910354,0,"Robertson County","Kentucky",FALSE
"21203",146709.356587733,57308.3424170832,0.632537902813058,0,17588.1071072957,0,"Rockcastle County","Kentucky",FALSE
"21205",312586.477016828,122104.092584698,1.34771768630658,0,38417.9639383794,0,"Rowan County","Kentucky",FALSE
"21207",94422.2630284843,36883.6964955017,0.407101916496948,0,12248.9358778718,0,"Russell County","Kentucky",FALSE
"21209",3100144.56302882,1210993.96993313,13.3662841002434,0,349455.473937873,0,"Scott County","Kentucky",TRUE
"21211",976893.117385962,381598.873978891,4.21187808409687,0,169845.90765955,0,"Shelby County","Kentucky",TRUE
"21213",162429.232119027,63448.9187964949,0.700314201014601,0,36392.1481637874,0,"Simpson County","Kentucky",FALSE
"21215",555275.295847858,216904.412440569,2.39407137546449,0,101184.210882844,0,"Spencer County","Kentucky",TRUE
"21217",128676.35094782,50264.199588992,0.554788536077435,0,18689.1051841801,0,"Taylor County","Kentucky",FALSE
"21219",69882.3771858172,27297.8035882098,0.301298113063934,0,10485.5628320891,0,"Todd County","Kentucky",FALSE
"21221",89115.371181001,34810.6918675785,0.384221233780196,0,9771.48253477964,0,"Trigg County","Kentucky",TRUE
"21223",143599.771781694,56093.660852224,0.619130917072135,0,18883.37466098,0,"Trimble County","Kentucky",FALSE
"21225",59651.1339202307,23301.2241875901,0.257186072026428,0,9761.62991751475,0,"Union County","Kentucky",FALSE
"21229",105906.533219762,41369.7395389695,0.456616387496521,0,16651.510573801,0,"Washington County","Kentucky",FALSE
"21231",108991.765993651,42574.9085912701,0.469918379365861,0,15823.7597525887,0,"Wayne County","Kentucky",FALSE
"21233",50764.8048965089,19830.0019126988,0.218872633435274,0,8383.45915234612,0,"Webster County","Kentucky",FALSE
"21235",168721.89149285,65906.9888643947,0.727445023860621,0,21154.7745338359,0,"Whitley County","Kentucky",FALSE
"21237",43401.0538651425,16953.5366660713,0.187123795170602,0,4885.54960189721,0,"Wolfe County","Kentucky",FALSE
"21239",1781400.87239795,695859.715780449,7.68051607684691,0,201786.816737918,0,"Woodford County","Kentucky",TRUE
"22001",231633.719006191,90481.9214867935,0.998689587690661,0,48665.029390126,0,"Acadia Parish","Louisiana",TRUE
"22003",80965.0106377859,31626.9572803851,0.349080925860622,0,19285.7882575078,0,"Allen Parish","Louisiana",FALSE
"22005",1676521.72082451,654891.297197075,7.22832924890316,0,268186.778942224,0,"Ascension Parish","Louisiana",TRUE
"22007",199591.767431863,77965.5341530713,0.860540601680057,0,34679.6982672589,0,"Assumption Parish","Louisiana",TRUE
"22009",107603.732410208,42032.7079727376,0.463933867727845,0,17389.7877833635,0,"Avoyelles Parish","Louisiana",FALSE
"22011",106674.736087337,41669.8187841159,0.459928496840414,0,21641.9870000086,0,"Beauregard Parish","Louisiana",FALSE
"22013",81601.4527822816,31875.5674930787,0.351824948387231,0,11431.4868733434,0,"Bienville Parish","Louisiana",FALSE
"22015",1646424.9334642,643134.739634454,7.09856684518819,0,54303.6448614382,0,"Bossier Parish","Louisiana",TRUE
"22019",622998.677677875,243358.85846792,2.68606097251892,0,153007.114204729,0,"Calcasieu Parish","Louisiana",TRUE
"22021",28580.3929428113,11164.2159932857,0.123224463893059,0,4425.76009781267,0,"Caldwell Parish","Louisiana",FALSE
"22023",22792.1383636673,8903.17904830755,0.0982683840792238,0,6013.41546470237,0,"Cameron Parish","Louisiana",TRUE
"22025",27008.4225248954,10550.1650487873,0.116446907951437,0,3339.9225741971,0,"Catahoula Parish","Louisiana",FALSE
"22027",71380.6896649691,27883.0819003786,0.307758092545574,0,5588.9614206612,0,"Claiborne Parish","Louisiana",FALSE
"22029",52711.9251544052,20590.5957634395,0.22726764922091,0,6700.11220084161,0,"Concordia Parish","Louisiana",FALSE
"22031",307160.785104319,119984.681681375,1.32432479669496,0,13881.6979140568,0,"De Soto Parish","Louisiana",TRUE
"22035",18084.9307857179,7064.42608817105,0.077973242182931,0,4025.63413220756,0,"East Carroll Parish","Louisiana",FALSE
"22037",256948.909448325,100370.667753252,1.1078361196094,0,39210.8978411157,0,"East Feliciana Parish","Louisiana",TRUE
"22039",123475.238886325,48232.5151899706,0.532363923277049,0,23504.090145642,0,"Evangeline Parish","Louisiana",FALSE
"22041",54755.3195667337,21388.7967057554,0.236077751359292,0,8482.69423472855,0,"Franklin Parish","Louisiana",FALSE
"22043",61236.394478503,23920.4665931653,0.264020928454567,0,9553.54891553086,0,"Grant Parish","Louisiana",TRUE
"22045",200876.487569696,78467.3779569126,0.866079677036857,0,37862.2315254281,0,"Iberia Parish","Louisiana",FALSE
"22047",359653.087875817,140489.487451491,1.55064554324568,0,58421.3031743788,0,"Iberville Parish","Louisiana",TRUE
"22049",42261.1786882595,16508.2729251014,0.182209219368321,0,5078.18306248494,0,"Jackson Parish","Louisiana",FALSE
"22051",15318041.3105536,5983609.88693499,66.043788556779,0,2671390.10577649,0,"Jefferson Parish","Louisiana",TRUE
"22053",89357.7635334993,34905.3763802731,0.385266309253726,0,16794.282939469,0,"Jefferson Davis Parish","Louisiana",TRUE
"22057",692906.008797775,270666.409686631,2.98746667455672,0,116780.948333132,0,"Lafourche Parish","Louisiana",TRUE
"22059",36974.8098829638,14443.2851105328,0.159417021819568,0,4412.50305859181,0,"LaSalle Parish","Louisiana",FALSE
"22063",2027049.83443772,791816.341577235,8.73963243377758,0,322612.611725816,0,"Livingston Parish","Louisiana",TRUE
"22065",29315.8776382378,11451.5147024366,0.126395508723577,0,3380.76923001925,0,"Madison Parish","Louisiana",FALSE
"22067",74066.4319521633,28932.1999813138,0.319337679787662,0,9861.2418673893,0,"Morehouse Parish","Louisiana",TRUE
"22069",154679.357332742,60421.6239581024,0.666900588833371,0,16381.8500616261,0,"Natchitoches Parish","Louisiana",FALSE
"22075",413706.407362921,161604.065376141,1.78369661881229,0,77702.8961945717,0,"Plaquemines Parish","Louisiana",TRUE
"22077",235670.771250557,92058.8950197489,1.01609535252796,0,37019.937709354,0,"Pointe Coupee Parish","Louisiana",TRUE
"22079",414534.806568858,161927.65881596,1.78726826487907,0,85577.2063147894,0,"Rapides Parish","Louisiana",TRUE
"22081",46761.4155595919,18266.1779529656,0.201612006340891,0,3078.36132522356,0,"Red River Parish","Louisiana",FALSE
"22083",52948.0906383549,20682.8479056074,0.228285877528966,0,6325.82875664672,0,"Richland Parish","Louisiana",TRUE
"22085",91903.561407055,35899.8286746309,0.39624252566813,0,7952.68839082312,0,"Sabine Parish","Louisiana",FALSE
"22087",1527989.3287555,596870.831545119,6.58793132225182,0,262760.716174605,0,"St. Bernard Parish","Louisiana",TRUE
"22089",990971.50465991,387098.244007777,4.27257709994954,0,170828.902349855,0,"St. Charles Parish","Louisiana",TRUE
"22091",79709.7497812936,31136.6210083178,0.343668864298112,0,13989.1934832533,0,"St. Helena Parish","Louisiana",TRUE
"22093",207897.358718328,81209.905749347,0.896350187490773,0,42763.3879535764,0,"St. James Parish","Louisiana",TRUE
"22095",763513.885473739,298247.611513179,3.29189278120377,0,135304.13574982,0,"St. John the Baptist Parish","Louisiana",TRUE
"22097",324423.823082586,126728.055891635,1.39875444517089,0,61600.3087399743,0,"St. Landry Parish","Louisiana",FALSE
"22099",252923.070375889,98798.0743655818,1.090478700402,0,50103.214619671,0,"St. Martin Parish","Louisiana",TRUE
"22101",224253.668307617,87599.089182663,0.966870473353952,0,45503.7696711178,0,"St. Mary Parish","Louisiana",FALSE
"22103",3878590.49092182,1515074.41051634,16.7225564344373,0,694267.183432395,0,"St. Tammany Parish","Louisiana",TRUE
"22105",894487.383475596,349409.134170155,3.85658547481968,0,168621.904365689,0,"Tangipahoa Parish","Louisiana",TRUE
"22107",16113.9585631823,6294.5150637431,0.0694753885685306,0,2121.37497586455,0,"Tensas Parish","Louisiana",FALSE
"22109",492462.952460781,192368.340804992,2.12325573779194,0,87947.8833367024,0,"Terrebonne Parish","Louisiana",TRUE
"22111",63410.5117891388,24769.7311676324,0.273394642825107,0,6774.65020170558,0,"Union Parish","Louisiana",TRUE
"22113",159846.011594622,62439.8482791494,0.689176636710492,0,22690.046932613,0,"Vermilion Parish","Louisiana",TRUE
"22115",161428.383977354,63057.9624911539,0.69599904075971,0,33243.1150519354,0,"Vernon Parish","Louisiana",FALSE
"22117",564838.184931722,220639.915988954,2.43530180511554,0,107708.154870617,0,"Washington Parish","Louisiana",FALSE
"22119",293458.433440105,114632.200562541,1.2652470596857,0,15858.4381855457,0,"Webster Parish","Louisiana",FALSE
"22121",439820.989740288,171805.0741173,1.89628973184895,0,67505.3515763188,0,"West Baton Rouge Parish","Louisiana",TRUE
"22123",31730.1614594822,12394.5943201102,0.136804701842573,0,4373.57128433459,0,"West Carroll Parish","Louisiana",FALSE
"22125",111687.035814001,43627.7483648441,0.48153904460039,0,18152.9952646214,0,"West Feliciana Parish","Louisiana",TRUE
"22127",42616.4935256263,16647.0677834478,0.183741160529361,0,5314.47945457293,0,"Winn Parish","Louisiana",FALSE
"23003",776679.063365552,303390.259127169,3.34865449161907,0,143513.781679175,0,"Aroostook County","Maine",FALSE
"23007",552673.852038753,215888.223452638,2.38285524140481,0,79650.0825247945,0,"Franklin County","Maine",FALSE
"23011",1887454.99953705,737287.109194159,8.13776881604161,0,1309644.54155557,0,"Kennebec County","Maine",FALSE
"23013",729443.176668979,284938.74088632,3.1449968013156,0,65324.7763090194,0,"Knox County","Maine",FALSE
"23017",948654.259988305,370568.070307932,4.0901261518984,0,134964.642476797,0,"Oxford County","Maine",FALSE
"23021",434883.730302489,169876.45714941,1.87500272055624,0,66065.167357722,0,"Piscataquis County","Maine",FALSE
"23023",711174.806206128,277802.658674269,3.06623265832467,0,307416.709004787,0,"Sagadahoc County","Maine",TRUE
"23025",1047280.04370895,409093.767073808,4.51535156252614,0,82264.5374106011,0,"Somerset County","Maine",FALSE
"23027",1804652.00409704,704942.189100406,7.78076341229328,0,88475.99952486,0,"Waldo County","Maine",FALSE
"23029",2121499.00228638,828710.547768117,9.14685035050058,0,87952.5581332889,0,"Washington County","Maine",FALSE
"30001",37364.2531552048,14595.4113887519,0.161096107846645,0,7839.16107762746,0,"Beaverhead County","Montana",FALSE
"30003",15192.7490843308,5934.66761106671,0.0655035906862611,0,4090.68255435851,0,"Big Horn County","Montana",FALSE
"30007",50596.3620737661,19764.2039350649,0.218146391617303,0,8635.25878579982,0,"Broadwater County","Montana",TRUE
"30009",20285.4669822424,7924.01053993845,0.0874608616721588,0,3110.00806033508,0,"Carbon County","Montana",TRUE
"30011",1651.89175844771,645.270218143635,0.00712213708017892,0,138.565999594625,0,"Carter County","Montana",FALSE
"30015",23322.5050443175,9110.35353293652,0.100555061873355,0,1068.34272527535,0,"Chouteau County","Montana",FALSE
"30017",15380.2058493551,6007.89290990435,0.0663118111827209,0,2477.50376231878,0,"Custer County","Montana",FALSE
"30019",1841.81483501728,719.458919928626,0.0079409910874711,0,101.854568550234,0,"Daniels County","Montana",FALSE
"30021",11993.6757121774,4685.0295750693,0.0517107746803038,0,4791.73607490402,0,"Dawson County","Montana",FALSE
"30023",42110.7840399518,16449.5250156062,0.181560792317399,0,3798.24073251592,0,"Deer Lodge County","Montana",FALSE
"30025",2308.20676906274,901.643269165131,0.00995184153840072,0,169.125541496599,0,"Fallon County","Montana",FALSE
"30027",20374.7014692997,7958.86776144519,0.0878455964744551,0,3941.14370470713,0,"Fergus County","Montana",FALSE
"30029",279087.210704482,109018.441681438,1.20328548271828,0,22863.7229390547,0,"Flathead County","Montana",FALSE
"30033",1456.51581930382,568.951491915554,0.00627977303687196,0,116.198095565583,0,"Garfield County","Montana",FALSE
"30037",1400.06195292772,546.899200362389,0.00603637199501765,0,213.083969815829,0,"Golden Valley County","Montana",FALSE
"30039",17524.3353803629,6845.44350795426,0.075556233136764,0,1344.78544248752,0,"Granite County","Montana",FALSE
"30041",50560.8770464838,19750.3425962827,0.217993397798364,0,2909.87594100692,0,"Hill County","Montana",FALSE
"30043",58404.5102447327,22814.2618143487,0.251811249699911,0,9720.04339071796,0,"Jefferson County","Montana",TRUE
"30045",9095.12232223861,3552.78215712446,0.0392136516262117,0,417.339802311424,0,"Judith Basin County","Montana",FALSE
"30051",5693.35010099105,2223.96488319963,0.0245468988251463,0,382.380630780024,0,"Liberty County","Montana",FALSE
"30053",50800.4958762509,19843.9437016605,0.219026515218961,0,8292.67303492716,0,"Lincoln County","Montana",FALSE
"30055",1064.4628127645,415.805786236132,0.00458943513126171,0,88.6405070795061,0,"McCone County","Montana",FALSE
"30057",42382.6662607403,16555.7290081017,0.182733013460956,0,7311.65429666733,0,"Madison County","Montana",FALSE
"30059",7687.53723049939,3002.94423066382,0.0331448435919592,0,736.591220183476,0,"Meagher County","Montana",FALSE
"30061",34018.7666760621,13288.5807328368,0.146672031219052,0,2151.09424692597,0,"Mineral County","Montana",TRUE
"30065",8590.78996607887,3355.77733049956,0.0370392209129581,0,1731.14658485108,0,"Musselshell County","Montana",FALSE
"30067",135210.061987208,52816.4304637532,0.582958654020593,0,26179.1593342028,0,"Park County","Montana",FALSE
"30069",396.670613517687,154.949458405347,0.00171024673420881,0,64.664621656051,0,"Petroleum County","Montana",FALSE
"30071",5758.74877707324,2249.51124104424,0.0248288654452578,0,714.037153682155,0,"Phillips County","Montana",FALSE
"30073",27326.5834224341,10674.4466493883,0.117818659771273,0,1837.7360673876,0,"Pondera County","Montana",FALSE
"30075",2354.1672900887,919.596597690898,0.0101500004851655,0,470.135122371458,0,"Powder River County","Montana",FALSE
"30077",26781.9196244834,10461.6873533138,0.115470339906017,0,2703.75035161934,0,"Powell County","Montana",FALSE
"30079",1375.97247960679,537.489249846402,0.00593251014674366,0,142.54330478283,0,"Prairie County","Montana",FALSE
"30081",437309.890776589,170824.176084605,1.88546311990546,0,31910.2110529877,0,"Ravalli County","Montana",FALSE
"30083",11318.3313427709,4421.22318076987,0.0487990250752568,0,841.117329743286,0,"Richland County","Montana",FALSE
"30085",11456.6685931975,4475.26116921776,0.049395466613145,0,4908.33662993509,0,"Roosevelt County","Montana",FALSE
"30087",7022.59123420177,2743.19970086007,0.0302779266088525,0,764.525742722991,0,"Rosebud County","Montana",FALSE
"30089",33801.3714404718,13203.6607189343,0.145734730902289,0,2861.62318897481,0,"Sanders County","Montana",FALSE
"30091",4763.02352244389,1860.55606345464,0.0205357925357286,0,460.963489594573,0,"Sheridan County","Montana",FALSE
"30093",194242.619795618,75876.0233576633,0.837477732982625,0,20936.7111624863,0,"Silver Bow County","Montana",FALSE
"30095",15247.7452418211,5956.15048508635,0.0657407068111681,0,2525.4880770923,0,"Stillwater County","Montana",TRUE
"30097",6702.84104255846,2618.2972822494,0.0288993225419388,0,891.650192563334,0,"Sweet Grass County","Montana",FALSE
"30099",42781.8417775577,16711.6569443585,0.184454060094481,0,1277.57007030961,0,"Teton County","Montana",FALSE
"30101",21799.9571038255,8515.60824368183,0.0939905911155864,0,1390.54493224995,0,"Toole County","Montana",FALSE
"30103",1283.02198679876,501.180463593267,0.00553175377268739,0,238.078262550074,0,"Treasure County","Montana",FALSE
"30105",5803.48210442347,2266.98519704042,0.0250217333422078,0,563.97232599543,0,"Valley County","Montana",FALSE
"30107",2998.22954091477,1171.18341441983,0.0129268771268059,0,450.964945690121,0,"Wheatland County","Montana",FALSE
"30109",748.148783224692,292.245618447145,0.00322564608924647,0,76.4167084099471,0,"Wibaux County","Montana",FALSE
"31001",100530.401272715,39269.6879971544,0.433437175848915,0,13402.1950313563,0,"Adams County","Nebraska",FALSE
"31003",28277.2401050716,11045.7969160436,0.12191741937541,0,3732.67963790915,0,"Antelope County","Nebraska",FALSE
"31005",1324.99491216013,517.576137562551,0.00571272018683107,0,148.074641996135,0,"Arthur County","Nebraska",FALSE
"31007",1508.71921230282,589.343442305791,0.00650484814793054,0,441.1836849176,0,"Banner County","Nebraska",FALSE
"31009",2436.1878614561,951.63588338129,0.0105036324647948,0,279.841934692688,0,"Blaine County","Nebraska",FALSE
"31011",25498.030961727,9960.1683444246,0.109934849456914,0,2858.1315556983,0,"Boone County","Nebraska",FALSE
"31013",27611.4926865612,10785.739330688,0.119047047057637,0,2796.90783124017,0,"Box Butte County","Nebraska",FALSE
"31015",4365.63588410553,1705.32651722872,0.0188224543465037,0,383.271426859783,0,"Boyd County","Nebraska",FALSE
"31017",6024.41440501849,2353.28687696035,0.0259742837270802,0,692.584195154951,0,"Brown County","Nebraska",FALSE
"31021",81600.2510151103,31875.0980527775,0.351819766963879,0,9209.24602875548,0,"Burt County","Nebraska",FALSE
"31023",94553.9934807472,36935.1537034169,0.407669872801502,0,12732.423744183,0,"Butler County","Nebraska",FALSE
"31025",878959.795943483,343343.670290423,3.78963822699752,0,98815.6669104914,0,"Cass County","Nebraska",TRUE
"31027",44287.3898077628,17299.7616436573,0.190945235679733,0,6261.57155332848,0,"Cedar County","Nebraska",FALSE
"31029",9296.73290864607,3631.53629243987,0.040082896372949,0,1057.49659531147,0,"Chase County","Nebraska",FALSE
"31031",10510.5352551248,4105.67783403311,0.0453162094248814,0,1089.2116474661,0,"Cherry County","Nebraska",FALSE
"31033",17384.2792967919,6790.73410030933,0.0749523808437765,0,3331.32544838647,0,"Cheyenne County","Nebraska",FALSE
"31035",22003.6803721774,8595.1876453818,0.0948689446978985,0,2981.03597768862,0,"Clay County","Nebraska",FALSE
"31037",74990.6051060229,29293.2051195402,0.323322255565069,0,9035.04533161312,0,"Colfax County","Nebraska",FALSE
"31039",66203.8119374629,25860.8640380715,0.285437966160737,0,9425.92049103194,0,"Cuming County","Nebraska",FALSE
"31041",39649.7118203775,15488.168679835,0.170949870855754,0,4560.79794300016,0,"Custer County","Nebraska",FALSE
"31043",103425.823753617,40400.7124037567,0.445920799977771,0,21857.8046296393,0,"Dakota County","Nebraska",TRUE
"31045",20623.4069518137,8056.01834055221,0.0889178910300749,0,1979.68894117179,0,"Dawes County","Nebraska",FALSE
"31047",73235.4510700269,28607.5980742293,0.315754902814947,0,9396.83710904518,0,"Dawson County","Nebraska",FALSE
"31049",5778.41422074176,2257.19305497725,0.0249136530742495,0,600.886711373346,0,"Deuel County","Nebraska",FALSE
"31051",42470.1334935855,16589.8958959318,0.183110128740551,0,5332.46031011627,0,"Dixon County","Nebraska",FALSE
"31053",878074.576016135,342997.881256303,3.78582159819213,0,97932.7143311288,0,"Dodge County","Nebraska",FALSE
"31057",4597.3514946546,1795.84042759945,0.0198214970098672,0,542.208647505732,0,"Dundy County","Nebraska",FALSE
"31059",41257.0473369226,16116.0341159854,0.177879903543508,0,5831.62007959966,0,"Fillmore County","Nebraska",FALSE
"31061",8300.96636936868,3242.56498803464,0.0357896454645157,0,927.605042075507,0,"Franklin County","Nebraska",FALSE
"31063",4851.12139280608,1894.96929406487,0.0209156268111783,0,523.423452822642,0,"Frontier County","Nebraska",FALSE
"31065",9683.04905808413,3782.44103831411,0.0417484997991506,0,1051.22624568404,0,"Furnas County","Nebraska",FALSE
"31067",296085.532422366,115658.411102487,1.27657380611395,0,39273.6751470154,0,"Gage County","Nebraska",FALSE
"31069",4824.96215311462,1884.7508410604,0.0208028411579762,0,505.668454006848,0,"Garden County","Nebraska",FALSE
"31071",4635.53313431454,1810.75513059162,0.019986117282481,0,527.209796506059,0,"Garfield County","Nebraska",FALSE
"31073",6771.5166071612,2645.12367467234,0.0291954174783401,0,604.306352442265,0,"Gosper County","Nebraska",FALSE
"31075",899.635273172684,351.42002858308,0.00387878061921023,0,105.413834157243,0,"Grant County","Nebraska",FALSE
"31077",9388.48515895801,3667.37701521797,0.0404784865203026,0,1032.07703772305,0,"Greeley County","Nebraska",FALSE
"31079",225573.546234189,88114.6664977299,0.972561131639563,0,30894.4110066338,0,"Hall County","Nebraska",TRUE
"31081",32516.8566534304,12701.8971302462,0.140196540916147,0,3854.33606816696,0,"Hamilton County","Nebraska",FALSE
"31083",10951.7979893871,4278.04608960435,0.0472187152432677,0,1347.54366282728,0,"Harlan County","Nebraska",FALSE
"31085",2043.81224721516,798.364159068422,0.0088119036349534,0,377.988880327769,0,"Hayes County","Nebraska",FALSE
"31087",7221.18551987794,2820.77559370232,0.0311341665644625,0,744.539502212611,0,"Hitchcock County","Nebraska",FALSE
"31089",21283.40227335,8313.82901302736,0.0917634631616751,0,2296.14289092945,0,"Holt County","Nebraska",FALSE
"31091",1302.40209953421,508.75082013055,0.0056153111963656,0,165.690489595623,0,"Hooker County","Nebraska",FALSE
"31093",21837.9817359017,8530.46161558662,0.0941545344494553,0,2587.931955761,0,"Howard County","Nebraska",TRUE
"31095",52797.4880404479,20624.0187658,0.227636553902621,0,8868.45452741393,0,"Jefferson County","Nebraska",FALSE
"31097",63273.6651258614,24716.2754397896,0.272804627958913,0,7956.9021859716,0,"Johnson County","Nebraska",FALSE
"31099",23404.3340483485,9142.31798763613,0.100907867909745,0,2438.17845251504,0,"Kearney County","Nebraska",FALSE
"31101",17829.9563436524,6964.82669673922,0.0768739189863318,0,2321.86035853877,0,"Keith County","Nebraska",FALSE
"31103",2255.34449127232,880.993941903249,0.00972392564326505,0,174.428100535445,0,"Keya Paha County","Nebraska",FALSE
"31105",9777.84298903156,3819.46991759045,0.0421572041631769,0,899.75092203061,0,"Kimball County","Nebraska",FALSE
"31107",41698.7648354093,16288.5800138318,0.179784370079434,0,5691.83823248783,0,"Knox County","Nebraska",FALSE
"31111",85909.197683408,33558.2803450812,0.370397805558633,0,9073.84462886611,0,"Lincoln County","Nebraska",FALSE
"31113",2417.92449810386,944.501757071822,0.0104248899099787,0,269.795825452959,0,"Logan County","Nebraska",FALSE
"31115",2462.14409652657,961.775037705693,0.0106155428628653,0,284.427314827193,0,"Loup County","Nebraska",FALSE
"31117",1204.60352113536,470.548250443498,0.00519365228436897,0,107.890205037215,0,"McPherson County","Nebraska",FALSE
"31119",240741.496580732,94039.6471018484,1.03795780248133,0,30988.5757388152,0,"Madison County","Nebraska",FALSE
"31121",28555.7555946938,11154.5920291773,0.123118239880688,0,3473.36187705688,0,"Merrick County","Nebraska",TRUE
"31123",11866.8101070186,4635.47269805413,0.0511637931810134,0,1177.49339845914,0,"Morrill County","Nebraska",FALSE
"31125",21743.8708804788,8493.69956268704,0.0937487751679363,0,2302.28855084768,0,"Nance County","Nebraska",FALSE
"31127",68787.5422424458,26870.1336884554,0.296577728385589,0,9090.68259132318,0,"Nemaha County","Nebraska",FALSE
"31129",16582.861573891,6477.68030230117,0.071497065535255,0,1797.87984580985,0,"Nuckolls County","Nebraska",FALSE
"31131",300507.861669008,117385.883464456,1.29564069409084,0,39727.4607944918,0,"Otoe County","Nebraska",FALSE
"31133",18535.3922196204,7240.38758578922,0.079915408226911,0,3009.57477690077,0,"Pawnee County","Nebraska",FALSE
"31135",8421.78308118389,3289.75901608746,0.0363105471390498,0,899.518132429816,0,"Perkins County","Nebraska",FALSE
"31137",27575.0514939017,10771.5044898054,0.118889930728338,0,3261.4272780404,0,"Phelps County","Nebraska",FALSE
"31139",41508.2446180402,16214.1580539219,0.178962941497501,0,5292.02003203268,0,"Pierce County","Nebraska",FALSE
"31141",255298.094978717,99725.8183510614,1.10071862726381,0,31544.1173017359,0,"Platte County","Nebraska",FALSE
"31143",46536.9663080469,18178.5024640808,0.200644292609727,0,6549.21346143919,0,"Polk County","Nebraska",FALSE
"31145",26005.1492659346,10158.2614320057,0.112121291794897,0,2666.59306421819,0,"Red Willow County","Nebraska",FALSE
"31147",58986.4033878925,23041.5638233955,0.254320084016933,0,8345.36208857323,0,"Richardson County","Nebraska",FALSE
"31149",3635.09991555723,1419.96090451454,0.0156727459691876,0,362.89644889605,0,"Rock County","Nebraska",FALSE
"31151",174524.996500356,68173.8267579516,0.752465131348152,0,25571.5136439154,0,"Saline County","Nebraska",FALSE
"31153",9330385.38897994,3644681.79257029,40.2279891593256,0,977658.276086461,0,"Sarpy County","Nebraska",TRUE
"31155",631794.621901731,246794.774180364,2.72398471673009,0,72279.7515426688,0,"Saunders County","Nebraska",TRUE
"31157",86488.599639273,33784.609234091,0.372895899112942,0,13377.5219771043,0,"Scotts Bluff County","Nebraska",FALSE
"31159",277422.766229269,108368.268058308,1.19610922455597,0,38701.204744569,0,"Seward County","Nebraska",TRUE
"31161",10183.6797431103,3977.99989965245,0.0439069707443962,0,1058.52049651947,0,"Sheridan County","Nebraska",FALSE
"31163",11909.5811337102,4652.18013035553,0.051348200611827,0,1327.33662834768,0,"Sherman County","Nebraska",FALSE
"31165",2261.03563761045,883.217045941581,0.00974846304055893,0,229.890537510004,0,"Sioux County","Nebraska",FALSE
"31167",37757.9117872988,14749.1842919136,0.162793368412437,0,6267.10958211884,0,"Stanton County","Nebraska",FALSE
"31169",22542.5046223492,8805.66586810517,0.0971920873325313,0,3635.29448660289,0,"Thayer County","Nebraska",FALSE
"31171",1097.41465531361,428.677599731879,0.00473150711538481,0,125.506052636703,0,"Thomas County","Nebraska",FALSE
"31173",21807.5849535668,8518.58787248704,0.0940234786163606,0,2615.99834853446,0,"Thurston County","Nebraska",FALSE
"31175",13125.0921083424,5126.98910482125,0.0565888804200051,0,1609.3453286359,0,"Valley County","Nebraska",FALSE
"31177",796813.177243993,311255.147360935,3.4354627938561,0,82328.8797625319,0,"Washington County","Nebraska",TRUE
"31179",52191.027622891,20387.1201651918,0.225021797696318,0,6724.04363504599,0,"Wayne County","Nebraska",FALSE
"31181",12563.9442839385,4907.79073591348,0.0541694896171813,0,1406.95167705475,0,"Webster County","Nebraska",FALSE
"31183",2283.74709215362,892.088707872509,0.00984638355606458,0,267.319454572987,0,"Wheeler County","Nebraska",FALSE
"31185",104186.632955919,40697.9034984057,0.44920103150804,0,15367.3190723171,0,"York County","Nebraska",FALSE
"32001",101447.574096405,39627.958631408,0.437391569678368,0,8235.66989228364,0,"Churchill County","Nevada",FALSE
"32005",208456.633801781,81428.3725788206,0.89876150396445,0,14712.5072998061,0,"Douglas County","Nevada",FALSE
"32007",121128.162140511,47315.6883361373,0.522244493698266,0,18750.1587250603,0,"Elko County","Nevada",FALSE
"32009",2972.49181280866,1161.12961437838,0.0128159088222747,0,1120.71069789929,0,"Esmeralda County","Nevada",FALSE
"32011",2908.44136335461,1136.10990756039,0.0125397550859745,0,313.263419083086,0,"Eureka County","Nevada",FALSE
"32013",41146.6012734677,16072.8911224483,0.177403714955564,0,7176.53295329334,0,"Humboldt County","Nevada",FALSE
"32015",11144.4972615701,4353.31924280083,0.0480495388276337,0,1697.65266551894,0,"Lander County","Nevada",FALSE
"32017",11674.8287022479,4560.4799618156,0.0503360646845006,0,2339.39978725112,0,"Lincoln County","Nevada",FALSE
"32019",327818.539524903,128054.117001915,1.41339077695648,0,17202.3326730842,0,"Lyon County","Nevada",TRUE
"32021",12472.4571733277,4872.05358333114,0.0537750426205743,0,911.65936266189,0,"Mineral County","Nevada",FALSE
"32023",87897.3231426606,34334.8918526018,0.378969615412988,0,16452.6702507073,0,"Nye County","Nevada",FALSE
"32027",15567.830432656,6081.18376275626,0.0671207552282654,0,3220.69170326098,0,"Pershing County","Nevada",FALSE
"32029",40817.1112101918,15944.1840664812,0.175983117398123,0,1375.86396872764,0,"Storey County","Nevada",TRUE
"32033",29942.249758361,11696.1913118598,0.129096114304969,0,6282.37406312696,0,"White Pine County","Nevada",FALSE
"32510",319599.628711508,124843.604965433,1.37795491430785,0,21304.6668192267,0,"Carson City","Nevada",TRUE
"33001",4358383.53879779,1702493.56984289,18.7911858344052,0,1098635.74606599,0,"Belknap County","New Hampshire",FALSE
"33003",2080106.74872838,812541.698722025,8.96838750486316,0,863384.286234816,0,"Carroll County","New Hampshire",FALSE
"33007",3785767.74146129,1478815.52400832,16.3223508262695,0,314660.925938699,0,"Coos County","New Hampshire",FALSE
"33019",8677787.05633865,3389760.56888228,37.4143091711555,0,692813.239806159,0,"Sullivan County","New Hampshire",FALSE
"34001",3276831.7487689,1280012.40186285,14.1280715180427,0,709963.697897473,0,"Atlantic County","New Jersey",TRUE
"34005",24682551.8310613,9641621.80900833,106.418908339753,0,4063970.8336023,0,"Burlington County","New Jersey",TRUE
"34009",1119484.08872382,437298.472157742,4.82665955453559,0,229790.936477733,0,"Cape May County","New Jersey",TRUE
"34011",1784344.19592437,697009.451532957,7.69320622650065,0,329251.424277319,0,"Cumberland County","New Jersey",TRUE
"34025",24245670.9565688,9470965.21740968,104.535294925053,0,24839245.1242779,0,"Monmouth County","New Jersey",TRUE
"34029",9191159.82345078,3590296.80603546,39.6277176477734,0,4595431.51076543,0,"Ocean County","New Jersey",TRUE
"34031",11720008.5625012,4578128.34472703,50.53085780962,0,15201999.2986708,0,"Passaic County","New Jersey",TRUE
"34033",2268256.57471323,886037.724497355,9.77959613607221,0,245462.666424399,0,"Salem County","New Jersey",TRUE
"34037",2390362.94564858,933735.525643976,10.3060581804025,0,2231686.04713098,0,"Sussex County","New Jersey",TRUE
"34041",1792746.37015211,700291.550840669,7.72943222999967,0,1095415.01207166,0,"Warren County","New Jersey",TRUE
"35003",7325.44534165191,2861.50208658278,0.031583683149815,0,1048.18850381809,0,"Catron County","New Mexico",FALSE
"35005",250927.347502571,98018.495118192,1.08187413427039,0,28346.2908790853,0,"Chaves County","New Mexico",FALSE
"35006",152596.717252555,59608.0926767794,0.657921278861085,0,6612.99655114032,0,"Cibola County","New Mexico",FALSE
"35007",54056.2680468459,21115.7297057992,0.233063788292228,0,3349.12828868211,0,"Colfax County","New Mexico",FALSE
"35009",221563.951275789,86548.4184671053,0.955273748986509,0,6938.11382574027,0,"Curry County","New Mexico",FALSE
"35011",8290.15173538414,3238.34052163443,0.035743018132358,0,121.172881042522,0,"De Baca County","New Mexico",FALSE
"35015",179703.036747534,70196.4987295054,0.77479026994061,0,15274.0597103692,0,"Eddy County","New Mexico",FALSE
"35017",121186.439998724,47338.4531245016,0.522495758887288,0,9326.95249178214,0,"Grant County","New Mexico",FALSE
"35019",28388.4444771102,11089.2361238712,0.122396877413459,0,59.1742258800423,0,"Guadalupe County","New Mexico",FALSE
"35021",6801.52779003358,2656.84679298187,0.0293248107980067,0,335.957958168322,0,"Harding County","New Mexico",FALSE
"35023",15900.5269187733,6211.14332764582,0.0685551772889745,0,2442.93710969589,0,"Hidalgo County","New Mexico",FALSE
"35025",211635.465574693,82670.1037401143,0.912467048244653,0,12247.741494836,0,"Lea County","New Mexico",FALSE
"35027",86347.2200292284,33729.3828239173,0.372286340430945,0,1563.36234049726,0,"Lincoln County","New Mexico",FALSE
"35028",146766.96223902,57330.844624617,0.632786269779572,0,5116.611287322,0,"Los Alamos County","New Mexico",FALSE
"35029",92350.7737137854,36074.5209819474,0.39817068308897,0,17894.9346177109,0,"Luna County","New Mexico",FALSE
"35031",347865.816843283,135885.084704407,1.49982468306183,0,5440.1748222331,0,"McKinley County","New Mexico",FALSE
"35033",17174.6480931443,6708.84691138448,0.0740485551778236,0,138.343403630924,0,"Mora County","New Mexico",FALSE
"35035",301789.293697162,117886.442850454,1.30116559275128,0,45579.7118583728,0,"Otero County","New Mexico",FALSE
"35037",44230.0124579663,17277.3486163931,0.190697853035889,0,1610.95925405231,0,"Quay County","New Mexico",FALSE
"35039",194373.872856508,75927.2940845735,0.83804363101261,0,1400.87249823271,0,"Rio Arriba County","New Mexico",FALSE
"35041",82257.4389191253,32131.8120777833,0.354653234905041,0,2125.61933073156,0,"Roosevelt County","New Mexico",FALSE
"35045",517877.561347493,202295.922401364,2.23283091268136,0,5700.23192747175,0,"San Juan County","New Mexico",TRUE
"35047",202836.840686789,79233.1408932768,0.874531746341087,0,838.792378540593,0,"San Miguel County","New Mexico",FALSE
"35049",1511563.56610706,590454.518010569,6.51711158928175,0,36420.5367642856,0,"Santa Fe County","New Mexico",TRUE
"35051",64904.1874210441,25353.1982113453,0.279834630523665,0,5767.85606577487,0,"Sierra County","New Mexico",FALSE
"35053",194346.779871534,75916.7108873178,0.837926819513361,0,7342.72119953292,0,"Socorro County","New Mexico",FALSE
"35055",159353.897472873,62247.6162003408,0.687054884957527,0,3158.29598545149,0,"Taos County","New Mexico",FALSE
"35057",234913.995610059,91763.2795351795,1.01283251171348,0,4674.99341874319,0,"Torrance County","New Mexico",TRUE
"35059",9568.9494944323,3737.87089626262,0.0412565591323598,0,119.001586460926,0,"Union County","New Mexico",FALSE
"35061",2137031.53279081,834777.942496408,9.21381890996511,0,15935.7544938123,0,"Valencia County","New Mexico",TRUE
"36003",694376.950370936,271240.996238647,2.99380864428168,0,390948.383479989,0,"Allegany County","New York",FALSE
"36009",1732942.0153001,676930.474726602,7.47158554539126,0,703417.960525561,0,"Cattaraugus County","New York",FALSE
"36011",3820546.37623388,1492400.92821636,16.472299031438,0,15465704.8014179,0,"Cayuga County","New York",FALSE
"36013",2137612.15262816,835004.747120375,9.21632225441972,0,1026004.228608,0,"Chautauqua County","New York",FALSE
"36015",2484428.94526793,970480.056745285,10.7116240659679,0,10786974.128925,0,"Chemung County","New York",TRUE
"36017",973817.199225031,380397.343447278,4.1986162522138,0,1939758.57011486,0,"Chenango County","New York",FALSE
"36019",613554.9153363,239669.888803242,2.64534415823289,0,555798.157532332,0,"Clinton County","New York",FALSE
"36021",1254598.0443733,490077.36108332,5.40920384574575,0,1369870.7934725,0,"Columbia County","New York",FALSE
"36023",4157768.04675826,1624128.14326495,17.9262314405073,0,22062025.4125598,0,"Cortland County","New York",FALSE
"36025",559827.065588308,218682.447495433,2.41369634658206,0,612177.458448126,0,"Delaware County","New York",FALSE
"36031",302106.573594007,118010.380310159,1.30253354613355,0,326823.299059257,0,"Essex County","New York",FALSE
"36035",706457.977966861,275960.147643305,3.04589603691354,0,745325.457271788,0,"Fulton County","New York",FALSE
"36037",2781292.42031052,1086442.3516838,11.9915519744033,0,959672.639135203,0,"Genesee County","New York",FALSE
"36039",994398.136013854,388436.771880412,4.28735103298796,0,998541.316844707,0,"Greene County","New York",FALSE
"36041",36778.4073556204,14366.5653732892,0.158570231637657,0,29015.5555571077,0,"Hamilton County","New York",FALSE
"36043",830801.719089558,324531.921519359,3.58200451061301,0,836925.105950043,0,"Herkimer County","New York",TRUE
"36045",766931.803450974,299582.735723037,3.3066291464881,0,869557.98997632,0,"Jefferson County","New York",TRUE
"36049",171329.490601033,66925.5822660286,0.738687696513751,0,179823.820870265,0,"Lewis County","New York",FALSE
"36051",3176720.95902992,1240906.62462106,13.6964434987856,0,1425064.37589838,0,"Livingston County","New York",TRUE
"36053",1613431.57671752,630246.709655283,6.95631587245745,0,1778904.75777533,0,"Madison County","New York",TRUE
"36057",642834.328758452,251107.15967127,2.77158245136159,0,596040.452395591,0,"Montgomery County","New York",FALSE
"36063",11228255.7889608,4386037.41756281,48.4106640107211,0,2127694.67458973,0,"Niagara County","New York",TRUE
"36069",4562584.77978907,1782259.6796051,19.6716001974196,0,2889561.34889404,0,"Ontario County","New York",TRUE
"36071",12279244.0865825,4796579.7213213,52.9420037229308,0,19719618.9759944,0,"Orange County","New York",TRUE
"36073",1894910.05789753,740199.241366222,8.16991132617435,0,796279.362446952,0,"Orleans County","New York",TRUE
"36077",780077.728276814,304717.86260813,3.36330784724229,0,922791.558129286,0,"Otsego County","New York",FALSE
"36095",446723.519577915,174501.374835123,1.92605001332757,0,473268.591580556,0,"Schoharie County","New York",TRUE
"36099",1659667.0546446,648307.443220547,7.15566029686069,0,8236788.33170921,0,"Seneca County","New York",FALSE
"36101",1567506.17357612,612307.099053173,6.75830833657452,0,3388608.41955566,0,"Steuben County","New York",FALSE
"36105",1324383.45597744,517337.287491186,5.71008389136595,0,2125045.66489735,0,"Sullivan County","New York",FALSE
"36111",3677047.23816786,1436346.57740932,15.8536019969821,0,5556882.04182148,0,"Ulster County","New York",TRUE
"36113",797572.820681405,311551.883078674,3.43873799918698,0,817935.198268687,0,"Warren County","New York",TRUE
"36115",801384.770713894,313040.926060115,3.45517323505237,0,759515.116942352,0,"Washington County","New York",TRUE
"36117",4548162.72504941,1776626.06447243,19.6094194580894,0,2098993.17262143,0,"Wayne County","New York",TRUE
"36121",1413479.09026825,552140.269636035,6.09422002947523,0,752156.99746075,0,"Wyoming County","New York",FALSE
"36123",395571.428560113,154520.089281294,1.70550759442906,0,795136.384836274,0,"Yates County","New York",FALSE
"37003",301560.01902248,117796.882430656,1.30017707419142,0,40521.9014109976,0,"Alexander County","North Carolina",TRUE
"37005",117318.450603683,45827.5197670637,0.50581890911473,0,20791.2010805568,0,"Alleghany County","North Carolina",FALSE
"37007",286782.608629123,112024.456495751,1.23646421772046,0,37308.3453329717,0,"Anson County","North Carolina",TRUE
"37009",225317.787026156,88014.7605570923,0.97145842492176,0,34032.4515642402,0,"Ashe County","North Carolina",FALSE
"37011",120252.313651207,46973.5600200027,0.518468269880699,0,17666.8140255083,0,"Avery County","North Carolina",FALSE
"37013",618208.611602506,241487.738907229,2.6654085859219,0,69320.9707272306,0,"Beaufort County","North Carolina",FALSE
"37015",214784.518712811,83900.2026221919,0.926044201837044,0,30618.5525009345,0,"Bertie County","North Carolina",FALSE
"37017",451301.335575262,176289.584209087,1.94578728297263,0,58818.1747469411,0,"Bladen County","North Carolina",FALSE
"37019",1881130.55111438,734816.621529054,8.11050093460059,0,173138.120644228,0,"Brunswick County","North Carolina",TRUE
"37023",709193.63746562,277028.764635008,3.05769084238745,0,100109.198920174,0,"Burke County","North Carolina",TRUE
"37027",600227.024639547,234463.681499823,2.58788091099137,0,85641.3081122488,0,"Caldwell County","North Carolina",TRUE
"37029",87700.0238683504,34257.8218235744,0.378118958903401,0,9477.45031757372,0,"Camden County","North Carolina",TRUE
"37031",721085.843947804,281674.157792111,3.10896413212861,0,106506.015460521,0,"Carteret County","North Carolina",FALSE
"37033",2260513.17596013,883012.959359425,9.74621044533066,0,360211.741659196,0,"Caswell County","North Carolina",FALSE
"37035",1323205.71853731,516877.233803635,5.70500607228357,0,185204.989183887,0,"Catawba County","North Carolina",TRUE
"37039",164810.245109817,64379.0019960222,0.710579946832008,0,22433.1558570086,0,"Cherokee County","North Carolina",FALSE
"37041",164579.697603814,64288.9443764897,0.70958594045547,0,24825.8037319687,0,"Chowan County","North Carolina",FALSE
"37043",74405.002190347,29064.4539806043,0.3207974265509,0,11267.5047277737,0,"Clay County","North Carolina",FALSE
"37045",777648.040233848,303768.765716347,3.35283223876759,0,108845.705879371,0,"Cleveland County","North Carolina",FALSE
"37047",756099.210171743,295351.253973337,3.2599243827686,0,94410.7213299991,0,"Columbus County","North Carolina",FALSE
"37049",1198074.38116174,467997.805141305,5.16550187459184,0,136074.021227976,0,"Craven County","North Carolina",FALSE
"37053",220907.708725098,86292.0737207413,0.952444356939499,0,35382.1961815601,0,"Currituck County","North Carolina",TRUE
"37055",352250.921129808,137598.016066331,1.51873107549329,0,65477.209051452,0,"Dare County","North Carolina",FALSE
"37057",6397296.81570649,2498944.06863535,27.5819675417892,0,1075166.87773342,0,"Davidson County","North Carolina",TRUE
"37059",2125269.71870302,830183.483868366,9.16310780748735,0,376350.364395725,0,"Davie County","North Carolina",TRUE
"37061",686621.069307058,268211.35519807,2.96036913601365,0,89422.3967902247,0,"Duplin County","North Carolina",FALSE
"37065",1168853.14717167,456583.260613934,5.03951442228757,0,127694.883545892,0,"Edgecombe County","North Carolina",TRUE
"37069",5360706.04284001,2094025.79798438,23.1127028077964,0,546778.960969497,0,"Franklin County","North Carolina",TRUE
"37071",2831839.78002203,1106187.41407111,12.2094870921648,0,378147.899149153,0,"Gaston County","North Carolina",TRUE
"37073",130221.993257198,50867.9661160929,0.561452578287234,0,16240.3993384035,0,"Gates County","North Carolina",TRUE
"37075",59559.985722009,23265.6194226598,0.256793086251769,0,8400.40185652339,0,"Graham County","North Carolina",FALSE
"37077",10683699.7957981,4173320.23273364,46.0628089461847,0,913823.984541554,0,"Granville County","North Carolina",FALSE
"37079",461470.963504497,180262.095118944,1.98963366927248,0,49434.8330947549,0,"Greene County","North Carolina",FALSE
"37083",763067.317871781,298073.171043664,3.2899674034298,0,84825.5251815162,0,"Halifax County","North Carolina",FALSE
"37085",4615360.27210716,1802875.10629186,19.8991419166885,0,567543.401071045,0,"Harnett County","North Carolina",FALSE
"37087",367867.240773182,143698.140927024,1.58606089212275,0,53259.0531516475,0,"Haywood County","North Carolina",FALSE
"37089",655697.878156256,256131.983654788,2.82704368947256,0,95773.6021874818,0,"Henderson County","North Carolina",TRUE
"37091",311312.750541318,121606.543180202,1.34222601016324,0,33067.2170552252,0,"Hertford County","North Carolina",FALSE
"37093",625896.353927081,244490.763252766,2.69855431377768,0,102709.813178995,0,"Hoke County","North Carolina",TRUE
"37095",48358.7393999472,18890.1325781044,0.208498873651822,0,5795.311554902,0,"Hyde County","North Carolina",FALSE
"37097",2337630.42629248,913136.885270499,10.0787017392091,0,340830.309782659,0,"Iredell County","North Carolina",TRUE
"37099",246330.786003984,96222.9632828061,1.06205604333132,0,36421.6263212148,0,"Jackson County","North Carolina",FALSE
"37101",11512848.3848945,4497206.40034942,49.6376859810643,0,1223492.07265215,0,"Johnston County","North Carolina",TRUE
"37103",105513.043882365,41216.032766549,0.454919856845408,0,13280.9106305244,0,"Jones County","North Carolina",FALSE
"37105",2582706.00351059,1008869.53262132,11.1353459454806,0,321619.590901097,0,"Lee County","North Carolina",FALSE
"37107",1040690.43406748,406519.700807609,4.48694043756507,0,119662.800565233,0,"Lenoir County","North Carolina",FALSE
"37111",359913.731614092,140591.301411755,1.55176930963267,0,50911.1493493262,0,"McDowell County","North Carolina",FALSE
"37113",257703.486441688,100665.424391284,1.11108948094908,0,37976.7598217069,0,"Macon County","North Carolina",FALSE
"37115",149302.340063022,58321.226587118,0.64371756011397,0,22542.5449090034,0,"Madison County","North Carolina",TRUE
"37117",303564.567101211,118579.90902391,1.30881969022696,0,34047.1303061978,0,"Martin County","North Carolina",FALSE
"37121",106824.214960356,41728.2089688891,0.460572975522985,0,17165.031730391,0,"Mitchell County","North Carolina",FALSE
"37123",266396.851994792,104061.270310466,1.1485709568634,0,36787.3268920011,0,"Montgomery County","North Carolina",FALSE
"37125",1217039.14827022,475405.917293055,5.24726853415021,0,163181.710713783,0,"Moore County","North Carolina",TRUE
"37127",1766901.5891644,690195.933267344,7.61800236659587,0,199543.767414954,0,"Nash County","North Carolina",TRUE
"37131",272564.691343755,106470.582556154,1.17516361773672,0,28684.7462555136,0,"Northampton County","North Carolina",FALSE
"37133",2251748.02505858,879589.072288507,9.70841946663605,0,306999.266880182,0,"Onslow County","North Carolina",TRUE
"37137",155402.889602131,60704.2537508326,0.670020100737327,0,17304.8348576669,0,"Pamlico County","North Carolina",FALSE
"37139",393004.365291098,153517.330191835,1.69443969218793,0,49250.3963045573,0,"Pasquotank County","North Carolina",FALSE
"37141",1212780.41571986,473742.349890571,5.22890699390015,0,103508.139982361,0,"Pender County","North Carolina",TRUE
"37143",131365.835171012,51314.7793636766,0.566384256689634,0,17622.9823472561,0,"Perquimans County","North Carolina",FALSE
"37145",10532203.0537946,4114141.81788853,45.4096302144479,0,1112787.2949087,0,"Person County","North Carolina",TRUE
"37149",200792.109886204,78434.4179242985,0.865715882360078,0,28780.6089262463,0,"Polk County","North Carolina",FALSE
"37151",2730337.18999636,1066537.96484233,11.7718583211154,0,397033.741961581,0,"Randolph County","North Carolina",TRUE
"37153",626835.226460075,244857.510335967,2.70260226597951,0,79773.7041583902,0,"Richmond County","North Carolina",FALSE
"37157",3198938.30456103,1249585.27521915,13.7922336615617,0,518249.145127042,0,"Rockingham County","North Carolina",TRUE
"37159",1927360.76055245,752875.297090799,8.30982264389509,0,287803.77585042,0,"Rowan County","North Carolina",TRUE
"37161",516963.553947282,201938.888260657,2.22889016658628,0,74369.1635064807,0,"Rutherford County","North Carolina",FALSE
"37163",674225.353038188,263369.278530542,2.9069249620704,0,90824.7622335115,0,"Sampson County","North Carolina",FALSE
"37165",486268.077343458,189948.467712288,2.09654651210901,0,67826.5300902912,0,"Scotland County","North Carolina",FALSE
"37167",698834.964693987,272982.408083589,3.01302938859001,0,93276.868435075,0,"Stanly County","North Carolina",FALSE
"37169",3074003.45199521,1200782.59843563,13.2535766088127,0,549957.767415844,0,"Stokes County","North Carolina",TRUE
"37171",1971397.61855184,770077.194746813,8.49968771080891,0,348043.122735246,0,"Surry County","North Carolina",FALSE
"37173",60226.3843698816,23525.931394485,0.259666266347209,0,7736.23348439954,0,"Swain County","North Carolina",FALSE
"37175",219713.500780178,85825.5862422572,0.947295525218257,0,30618.898142714,0,"Transylvania County","North Carolina",FALSE
"37177",38704.2812124036,15118.8598485951,0.166873643490763,0,4742.10789529019,0,"Tyrrell County","North Carolina",FALSE
"37181",3383326.63220831,1321611.96570637,14.5872245795641,0,339907.946177334,0,"Vance County","North Carolina",FALSE
"37185",1226846.07382384,479236.747587439,5.2895511278921,0,135489.139514385,0,"Warren County","North Carolina",FALSE
"37187",146310.971934947,57152.7234120886,0.630820265992562,0,17812.7699273388,0,"Washington County","North Carolina",FALSE
"37191",1961055.73090936,766037.39488647,8.45509862615439,0,233951.286548409,0,"Wayne County","North Carolina",TRUE
"37193",1001682.96600213,391282.408594584,4.3187596029,0,166758.306888528,0,"Wilkes County","North Carolina",FALSE
"37195",1428896.20908762,558162.581674853,6.16069099105699,0,160005.836858781,0,"Wilson County","North Carolina",FALSE
"37199",117299.928506871,45820.2845729964,0.505739051029697,0,18246.9220456889,0,"Yancey County","North Carolina",FALSE
"38001",4278.92931317491,1671.45676295895,0.0184486186634076,0,174.84116778944,0,"Adams County","North Dakota",FALSE
"38003",49564.5539179617,19361.1538742038,0.21369774715346,0,1879.83867451806,0,"Barnes County","North Dakota",FALSE
"38005",15229.9932834646,5949.21612635337,0.0656641691807758,0,1407.46091868997,0,"Benson County","North Dakota",FALSE
"38007",538.071427590165,210.184151402408,0.00231989683744526,0,10.6962692860799,0,"Billings County","North Dakota",FALSE
"38009",12964.9268618883,5064.42455542511,0.055898327401084,0,1132.71407234842,0,"Bottineau County","North Dakota",FALSE
"38011",5547.32802686062,2166.92501049243,0.0239173241430459,0,1153.94599186532,0,"Bowman County","North Dakota",FALSE
"38013",4734.7858422023,1849.52571961027,0.0204140456788427,0,268.743439798961,0,"Burke County","North Dakota",FALSE
"38015",165662.258122746,64711.8195791978,0.714253403910021,0,10889.6768056736,0,"Burleigh County","North Dakota",TRUE
"38019",14973.2348969128,5848.91988160657,0.0645571545012994,0,1022.11991118637,0,"Cavalier County","North Dakota",FALSE
"38021",14904.0970013592,5821.91289115593,0.0642590662233902,0,1775.66625314816,0,"Dickey County","North Dakota",FALSE
"38023",5973.48557322316,2333.3928020403,0.0257547038910984,0,821.572678790106,0,"Divide County","North Dakota",FALSE
"38025",7264.45426163688,2837.6774459519,0.0313207198955256,0,255.277855769519,0,"Dunn County","North Dakota",FALSE
"38027",9289.39178629302,3628.66866652071,0.0400512450983098,0,490.726150599885,0,"Eddy County","North Dakota",FALSE
"38029",7179.52992539476,2804.50387710733,0.0309545683235074,0,332.240063306624,0,"Emmons County","North Dakota",FALSE
"38031",9926.71451552666,3877.6228576276,0.0427990642690896,0,489.264455516595,0,"Foster County","North Dakota",FALSE
"38033",2367.66520137956,924.869219288892,0.0102081967767917,0,117.658962146879,0,"Golden Valley County","North Dakota",FALSE
"38037",6648.12056986126,2596.92209760205,0.0286633950329791,0,192.248805234833,0,"Grant County","North Dakota",FALSE
"38039",7404.66177336342,2892.44600522009,0.031925225071534,0,1504.44972057856,0,"Griggs County","North Dakota",FALSE
"38041",2885.37192834133,1127.09840950833,0.012440291136423,0,120.921850572501,0,"Hettinger County","North Dakota",FALSE
"38043",5839.4634006897,2281.04039089441,0.0251768668266023,0,303.702102058297,0,"Kidder County","North Dakota",FALSE
"38045",12619.180187513,4929.36726074725,0.0544076394081667,0,423.409712681161,0,"LaMoure County","North Dakota",FALSE
"38047",4187.5909491912,1635.77771452781,0.0180548129884023,0,748.649560860884,0,"Logan County","North Dakota",FALSE
"38049",9999.47193705124,3906.04372541064,0.0431127581458514,0,445.719101795802,0,"McHenry County","North Dakota",TRUE
"38051",7175.64603654091,2802.98673302379,0.0309378229231627,0,380.127892380085,0,"McIntosh County","North Dakota",FALSE
"38053",10994.9364886855,4294.89706589276,0.0474047070335075,0,495.642806258151,0,"McKenzie County","North Dakota",FALSE
"38055",15901.0907573481,6211.36357708911,0.0685576082809572,0,806.611258078204,0,"McLean County","North Dakota",FALSE
"38057",15556.6708488685,6076.82455033925,0.0670726406438283,0,661.751921556444,0,"Mercer County","North Dakota",FALSE
"38059",46535.6768418586,18177.998766351,0.200638733071757,0,3416.33768866483,0,"Morton County","North Dakota",TRUE
"38061",16162.0022297314,6313.28212098882,0.0696825290044864,0,970.54095016018,0,"Mountrail County","North Dakota",FALSE
"38063",18389.0288022208,7183.2143758675,0.0792843618421146,0,1336.37950184345,0,"Nelson County","North Dakota",FALSE
"38065",3609.88256443368,1410.11037673191,0.0155640212718323,0,447.718151635173,0,"Oliver County","North Dakota",TRUE
"38067",38929.8088663583,15206.9565884212,0.16784600675768,0,3252.69531246727,0,"Pembina County","North Dakota",FALSE
"38069",9520.27937910577,3718.85913246319,0.0410467177603141,0,1399.30547382491,0,"Pierce County","North Dakota",FALSE
"38071",64039.5327444573,25015.4424783036,0.276106668868685,0,4435.97378070878,0,"Ramsey County","North Dakota",FALSE
"38073",24828.6201783377,9698.67975716318,0.107048682528684,0,626.567999448232,0,"Ransom County","North Dakota",FALSE
"38075",5370.19121174927,2097.73094208956,0.0231535981466435,0,826.096304978757,0,"Renville County","North Dakota",TRUE
"38077",83521.9224125058,32625.7509423851,0.360105059898672,0,2391.03858014214,0,"Richland County","North Dakota",FALSE
"38079",19389.9698793205,7574.20698410957,0.0835999227884232,0,1229.03495731471,0,"Rolette County","North Dakota",FALSE
"38081",14315.3906005922,5591.94945335634,0.0617208565224223,0,1625.33790437003,0,"Sargent County","North Dakota",FALSE
"38083",2392.14751669827,934.432623710262,0.0103137523647098,0,106.962692860799,0,"Sheridan County","North Dakota",FALSE
"38085",4351.34742540023,1699.74508804696,0.0187608496069418,0,185.979629343115,0,"Sioux County","North Dakota",FALSE
"38087",1340.48697683665,523.627725326815,0.00577951427773738,0,74.8738850025593,0,"Slope County","North Dakota",FALSE
"38089",42454.3982817428,16583.7493288058,0.183042286319789,0,2601.57179431192,0,"Stark County","North Dakota",FALSE
"38091",12633.3521826198,4934.90319633587,0.0544687420145177,0,824.053241060161,0,"Steele County","North Dakota",FALSE
"38093",76870.3468863662,30027.4792524868,0.331426768809645,0,3282.84484494013,0,"Stutsman County","North Dakota",FALSE
"38095",4937.25010261698,1928.61332133476,0.0212869710440406,0,337.860507348878,0,"Towner County","North Dakota",FALSE
"38097",88023.2404614232,34384.0783052434,0.379512508372173,0,7011.96550449775,0,"Traill County","North Dakota",FALSE
"38099",101476.912857029,39639.4190847769,0.437518063847166,0,15730.4650373217,0,"Walsh County","North Dakota",FALSE
"38101",138362.582949415,54047.8839646153,0.596550759148641,0,15587.7040306506,0,"Ward County","North Dakota",TRUE
"38103",9332.06248982355,3645.33691008732,0.0402352199854644,0,1016.77043148677,0,"Wells County","North Dakota",FALSE
"38105",44352.8553254019,17325.3341114851,0.19122749048745,0,4388.99629948009,0,"Williams County","North Dakota",FALSE
"39001",223114.881987493,87154.2507763643,0.961960592161384,0,24907.2642002877,0,"Adams County","Ohio",FALSE
"39003",736463.481307914,287681.047385904,3.17526486926098,0,125906.925150284,0,"Allen County","Ohio",TRUE
"39007",1299644.70682348,507673.71360292,5.60342268807243,0,117678.233686807,0,"Ashtabula County","Ohio",TRUE
"39011",277382.437666903,108352.514713634,1.19593534781862,0,41248.4012910491,0,"Auglaize County","Ohio",FALSE
"39013",697769.409853784,272566.175724134,3.00843524517864,0,78359.5418308997,0,"Belmont County","Ohio",TRUE
"39015",1262546.34941664,493182.167740876,5.44347299067263,0,102220.387704339,0,"Brown County","Ohio",TRUE
"39019",268493.748005969,104880.370314832,1.15761173133189,0,26075.2980304367,0,"Carroll County","Ohio",TRUE
"39021",399027.651916129,155870.176529738,1.72040911348766,0,65453.6813687483,0,"Champaign County","Ohio",FALSE
"39023",1725860.9592343,674164.437200897,7.44105554745697,0,198091.779625326,0,"Clark County","Ohio",TRUE
"39025",11112985.7616551,4341010.06314652,47.9136768858029,0,832578.375504213,0,"Clermont County","Ohio",TRUE
"39027",750407.089503606,293127.769337346,3.23538278464749,0,75039.8483670334,0,"Clinton County","Ohio",FALSE
"39029",1343644.62869581,524861.183084299,5.79312850474554,0,148355.529225204,0,"Columbiana County","Ohio",FALSE
"39031",378608.316033844,147893.87345072,1.63237107558588,0,53953.9980714133,0,"Coshocton County","Ohio",FALSE
"39033",583692.54647041,228004.900965004,2.51659245067453,0,80946.9162936704,0,"Crawford County","Ohio",FALSE
"39037",401613.616132101,156880.318801602,1.73155850722754,0,43782.4040665024,0,"Darke County","Ohio",FALSE
"39039",236534.410333868,92396.2540366672,1.01981893544899,0,53329.0578759848,0,"Defiance County","Ohio",FALSE
"39041",12285166.0113551,4798892.97318557,52.9675361222499,0,1828693.51219382,0,"Delaware County","Ohio",TRUE
"39043",763923.015674276,298407.427997764,3.29365674749088,0,88063.0089713485,0,"Erie County","Ohio",TRUE
"39045",7813588.94975893,3052183.18349958,33.688316019355,0,1146224.22258864,0,"Fairfield County","Ohio",TRUE
"39047",434807.368800709,169846.628437777,1.87467348767488,0,49560.8957250459,0,"Fayette County","Ohio",FALSE
"39051",680132.954081478,265676.935188077,2.93239560458081,0,102977.428496256,0,"Fulton County","Ohio",TRUE
"39053",196089.357562533,76597.4052978645,0.845439949308151,0,22496.1953700221,0,"Gallia County","Ohio",FALSE
"39055",4555649.6821248,1779550.65708,19.6416994996428,0,262731.495589978,0,"Geauga County","Ohio",TRUE
"39059",236186.206792899,92260.237028476,1.01831765466718,0,34076.182361079,0,"Guernsey County","Ohio",FALSE
"39063",556677.806904289,217452.268321988,2.4001183067778,0,74645.2283210887,0,"Hancock County","Ohio",FALSE
"39065",275350.793761121,107558.903812938,1.18717590803021,0,42295.9824596537,0,"Hardin County","Ohio",FALSE
"39067",99803.3084705978,38985.6673713273,0.430302312695679,0,12010.3227602476,0,"Harrison County","Ohio",FALSE
"39069",189806.466544809,74143.1509940658,0.818351242763535,0,28184.9841132905,0,"Henry County","Ohio",FALSE
"39071",661578.590008149,258429.136721933,2.85239839914044,0,71858.3164316743,0,"Highland County","Ohio",FALSE
"39073",357715.306210847,139732.541488612,1.54229079083603,0,40755.3819786394,0,"Hocking County","Ohio",TRUE
"39075",420414.58759582,164224.448279617,1.81261896129202,0,57863.1196719049,0,"Holmes County","Ohio",FALSE
"39077",563860.282463664,220257.922837369,2.43108557521249,0,71063.3599962791,0,"Huron County","Ohio",FALSE
"39079",214647.671394958,83846.7466386554,0.925454184148644,0,23803.8091335009,0,"Jackson County","Ohio",FALSE
"39081",858013.031162087,335161.34029769,3.69932617755697,0,95575.5288018996,0,"Jefferson County","Ohio",TRUE
"39083",669734.4468958,261615.018318672,2.88756240456823,0,96396.5339772014,0,"Knox County","Ohio",FALSE
"39085",10767896.6719749,4206209.63749021,46.4258240715932,0,624618.539280349,0,"Lake County","Ohio",TRUE
"39087",497107.056936824,194182.444115947,2.1432788104442,0,47928.0295572526,0,"Lawrence County","Ohio",TRUE
"39091",438764.547945209,171392.401541097,1.89173487936343,0,64324.2914753087,0,"Logan County","Ohio",FALSE
"39093",13444971.9040188,5251942.15000733,57.9680432751594,0,835894.005264042,0,"Lorain County","Ohio",TRUE
"39097",2088489.46779876,815816.19835889,9.00452962738331,0,304140.490621632,0,"Madison County","Ohio",TRUE
"39099",2365619.69520696,924070.19344022,10.1993775697916,0,290285.216189576,0,"Mahoning County","Ohio",TRUE
"39101",949045.287736721,370720.815522157,4.09181206940004,0,141270.11904663,0,"Marion County","Ohio",FALSE
"39103",7722271.39018023,3016512.26178915,33.2946000426144,0,479502.126918573,0,"Medina County","Ohio",TRUE
"39105",312048.658909848,121894.007386659,1.34539888166183,0,31552.5783577549,0,"Meigs County","Ohio",FALSE
"39107",215300.321302869,84101.688008933,0.928268086503767,0,37107.3402697129,0,"Mercer County","Ohio",FALSE
"39109",1036613.24090584,404927.047228845,4.4693616050229,0,109686.054167383,0,"Miami County","Ohio",TRUE
"39111",83052.0885528648,32442.2220909628,0.358079369573528,0,9543.60022528816,0,"Monroe County","Ohio",FALSE
"39115",106442.847417821,41579.2372725864,0.458928708032713,0,9600.35502620175,0,"Morgan County","Ohio",FALSE
"39117",552055.505468705,215646.681823713,2.38018923801057,0,80092.5823288693,0,"Morrow County","Ohio",TRUE
"39119",1203994.55940863,470310.374768996,5.19102674375946,0,166877.186191567,0,"Muskingum County","Ohio",FALSE
"39121",93614.5009523588,36568.1644345152,0.403619247487363,0,11660.7973216845,0,"Noble County","Ohio",FALSE
"39123",440467.067833196,172057.448372342,1.89907529980076,0,47037.4637164755,0,"Ottawa County","Ohio",TRUE
"39125",115451.105998269,45098.0882805739,0.497767846333117,0,20667.8876736399,0,"Paulding County","Ohio",FALSE
"39127",522707.908658572,204182.776819755,2.25365697196669,0,73818.0645257532,0,"Perry County","Ohio",TRUE
"39129",2919261.09167965,1140336.36393736,12.5864043823992,0,426039.349291391,0,"Pickaway County","Ohio",TRUE
"39131",370246.551134692,144627.559036989,1.59631929704808,0,47857.077137699,0,"Pike County","Ohio",FALSE
"39135",354284.017414924,138392.194302705,1.52749677722026,0,33349.8960625661,0,"Preble County","Ohio",FALSE
"39137",184837.802337533,72202.2665380986,0.79692882969765,0,32458.2329889262,0,"Putnam County","Ohio",FALSE
"39139",1294217.36156494,505553.656861306,5.58002267005366,0,174536.343943302,0,"Richland County","Ohio",TRUE
"39141",961844.653849671,375720.567910028,4.14699658105441,0,130187.915585058,0,"Ross County","Ohio",FALSE
"39143",594543.655316154,232243.615357873,2.56337704432366,0,71520.3008709984,0,"Sandusky County","Ohio",FALSE
"39145",671519.131068014,262312.160573443,2.89525707660369,0,79607.9362516661,0,"Scioto County","Ohio",FALSE
"39147",434802.889517168,169844.878717644,1.87465417522827,0,49796.106841677,0,"Seneca County","Ohio",FALSE
"39149",380546.863165097,148651.118423866,1.64072912830609,0,46000.3177456393,0,"Shelby County","Ohio",FALSE
"39151",3757285.20929021,1467689.53487899,16.1995482894352,0,421572.20850668,0,"Stark County","Ohio",TRUE
"39155",2230008.34109894,871097.008241773,9.61468874339192,0,267258.701904509,0,"Trumbull County","Ohio",TRUE
"39157",568048.479717518,221893.937389656,2.44914300228557,0,76365.8585032882,0,"Tuscarawas County","Ohio",FALSE
"39161",153650.814112892,60019.8492628486,0.662466021152289,0,22336.8389794935,0,"Van Wert County","Ohio",FALSE
"39163",160892.340358071,62848.5704523713,0.693687886824855,0,17110.8703282518,0,"Vinton County","Ohio",FALSE
"39165",8381000.04425688,3273828.14228784,36.1347109330425,0,652991.636028753,0,"Warren County","Ohio",TRUE
"39167",378249.354146874,147753.653963623,1.63082341015776,0,40451.4485445061,0,"Washington County","Ohio",FALSE
"39171",207843.924026283,81189.0328227668,0.896119803629581,0,33234.2266711377,0,"Williams County","Ohio",FALSE
"39175",163955.230205288,64045.0117989405,0.70689354708789,0,25939.7850358231,0,"Wyandot County","Ohio",FALSE
"40001",87454.6722860751,34161.9813617481,0.377061124700362,0,147914.459680849,0,"Adair County","Oklahoma",FALSE
"40003",41072.8295571622,16044.0740457665,0.177085647943315,0,3216.60291987813,0,"Alfalfa County","Oklahoma",FALSE
"40005",56546.2052428057,22088.361422971,0.243799161200273,0,8166.73141845456,0,"Atoka County","Oklahoma",FALSE
"40007",15333.9693022517,5989.83175869208,0.0661124621485601,0,1410.85581682846,0,"Beaver County","Oklahoma",FALSE
"40009",86289.589516974,33706.870905068,0.372037866276281,0,9527.70237270843,0,"Beckham County","Oklahoma",FALSE
"40011",88889.7194829631,34722.5466730324,0.383248335696782,0,9007.38816363263,0,"Blaine County","Oklahoma",FALSE
"40013",167298.342449071,65350.9150191684,0.721307387191448,0,21491.9005239032,0,"Bryan County","Oklahoma",FALSE
"40015",169808.040034611,66331.2656385199,0.732127957088113,0,20118.6016648105,0,"Caddo County","Oklahoma",FALSE
"40017",4407706.55939687,1721760.3747644,19.0038422098115,0,300008.994533389,0,"Canadian County","Oklahoma",TRUE
"40019",202026.613175712,78916.6457717625,0.871038447600107,0,33774.5178031281,0,"Carter County","Oklahoma",FALSE
"40023",37565.6952760065,14674.09971719,0.161964626253336,0,8176.77882900213,0,"Choctaw County","Oklahoma",FALSE
"40025",3098.15617886358,1210.21725736859,0.0133577111749772,0,263.592566537437,0,"Cimarron County","Oklahoma",FALSE
"40029",22481.7947317469,8781.95106708864,0.096930336427376,0,2875.88914671897,0,"Coal County","Oklahoma",FALSE
"40031",712689.323536141,278394.267006305,3.07276250507734,0,86503.5585422542,0,"Comanche County","Oklahoma",TRUE
"40033",28849.5510029586,11269.3558605307,0.124384939808506,0,2744.56106640863,0,"Cotton County","Oklahoma",TRUE
"40035",61489.0641373261,24019.165678643,0.265110314570175,0,18617.9617405037,0,"Craig County","Oklahoma",FALSE
"40037",859984.530752092,335931.457325036,3.70782630491805,0,101422.822104078,0,"Creek County","Oklahoma",TRUE
"40039",111091.694089215,43395.1930035997,0.478972226676764,0,11123.1248937098,0,"Custer County","Oklahoma",FALSE
"40041",138160.983478242,53969.1341711882,0.595681562325274,0,76455.1303249643,0,"Delaware County","Oklahoma",FALSE
"40043",32484.4327887136,12689.2315580913,0.14005674531029,0,4135.11602561082,0,"Dewey County","Oklahoma",FALSE
"40045",20404.2901636196,7970.42584516391,0.0879731682332537,0,1906.42253515827,0,"Ellis County","Oklahoma",FALSE
"40047",360351.638205973,140762.358674208,1.55365734543147,0,37132.9453522787,0,"Garfield County","Oklahoma",TRUE
"40049",126177.223930369,49287.9780978004,0.544013541221968,0,29404.3226139481,0,"Garvin County","Oklahoma",FALSE
"40051",892348.637380826,348573.686476885,3.84736426356976,0,108751.549428135,0,"Grady County","Oklahoma",TRUE
"40053",33379.1240044715,13038.7203142467,0.143914209608706,0,4055.22774316064,0,"Grant County","Oklahoma",FALSE
"40055",26112.5053080429,10200.1973859543,0.112584157745024,0,2809.73495777666,0,"Greer County","Oklahoma",FALSE
"40057",11875.6944697064,4638.94315222906,0.0512020981417404,0,864.679773060883,0,"Harmon County","Oklahoma",FALSE
"40059",21502.5622305206,8399.43837129709,0.0927083720816888,0,1783.74873476615,0,"Harper County","Oklahoma",FALSE
"40061",30482.3213467748,11907.1567760839,0.131424634842784,0,7868.53418884015,0,"Haskell County","Oklahoma",FALSE
"40063",88736.5096901535,34662.6990977162,0.382587771140518,0,15211.2708167015,0,"Hughes County","Oklahoma",FALSE
"40065",102906.939563532,40198.0232670048,0.443683628981776,0,11981.7961240025,0,"Jackson County","Oklahoma",FALSE
"40067",30934.8730848227,12083.9347987589,0.13337581324038,0,3637.73900057633,0,"Jefferson County","Oklahoma",FALSE
"40069",44342.8796653416,17321.4373692741,0.191184480394294,0,5802.0778778621,0,"Johnston County","Oklahoma",FALSE
"40071",281561.178613874,109984.835396045,1.21395200399157,0,32888.3770491648,0,"Kay County","Oklahoma",FALSE
"40073",179203.21509852,70001.2558978595,0.772635287156955,0,14600.8715471848,0,"Kingfisher County","Oklahoma",FALSE
"40075",36314.8212111595,14185.4770356092,0.156571478358311,0,3787.78577483586,0,"Kiowa County","Oklahoma",FALSE
"40077",28985.6129261385,11322.5050492728,0.124971571265031,0,8485.07818766201,0,"Latimer County","Oklahoma",FALSE
"40079",115694.087896675,45193.0030846386,0.498815463635884,0,35737.2157747371,0,"Le Flore County","Oklahoma",FALSE
"40081",566405.300053977,221252.070333585,2.44205842743298,0,54039.5201841226,0,"Lincoln County","Oklahoma",TRUE
"40083",1281065.15725409,500416.077052377,5.52331689527792,0,91173.392099267,0,"Logan County","Oklahoma",TRUE
"40085",40074.907458094,15654.260725818,0.172783103331323,0,7419.78180933294,0,"Love County","Oklahoma",FALSE
"40087",777373.292005624,303661.442189697,3.35164766082298,0,134256.88770646,0,"McClain County","Oklahoma",TRUE
"40089",85363.9170165071,33345.2800845731,0.368046826060746,0,19274.4499925596,0,"McCurtain County","Oklahoma",FALSE
"40091",71260.7525059001,27836.2314476172,0.307240983065774,0,22165.1521367328,0,"McIntosh County","Oklahoma",FALSE
"40093",61522.4905682713,24032.222878231,0.265254432743823,0,5474.51128594782,0,"Major County","Oklahoma",FALSE
"40095",65388.6278221648,25542.4327430331,0.281923297003362,0,9531.96805710701,0,"Marshall County","Oklahoma",FALSE
"40097",179572.363186776,70145.4543698344,0.774226870427469,0,97167.5330255712,0,"Mayes County","Oklahoma",FALSE
"40099",55070.8888021295,21512.0659383318,0.237438329218756,0,10660.5345769643,0,"Murray County","Oklahoma",FALSE
"40101",305615.468042253,119381.042204005,1.31766215679008,0,156995.497844648,0,"Muskogee County","Oklahoma",FALSE
"40103",178356.162901711,69670.3761334808,0.768983218654953,0,23566.7505044284,0,"Noble County","Oklahoma",FALSE
"40105",40039.7008281988,15640.5081360151,0.17263130982369,0,9071.75734600777,0,"Nowata County","Oklahoma",FALSE
"40107",87159.5230094245,34046.6886755564,0.375788587564275,0,14061.4515836585,0,"Okfuskee County","Oklahoma",FALSE
"40111",224250.527346534,87597.86224474,0.966856931089284,0,29780.3476796196,0,"Okmulgee County","Oklahoma",TRUE
"40113",419542.731680024,163883.879562509,1.80885995146906,0,35916.1599177103,0,"Osage County","Oklahoma",TRUE
"40115",100231.993127744,39153.1223155248,0.432150588090691,0,24052.9555995419,0,"Ottawa County","Oklahoma",FALSE
"40117",185235.568699681,72357.644023313,0.798643800755904,0,23572.3250345712,0,"Pawnee County","Oklahoma",TRUE
"40121",111189.339573021,43433.3357707113,0.479393225520889,0,28882.5925581072,0,"Pittsburg County","Oklahoma",FALSE
"40123",161381.267505982,63039.5576195243,0.695795897928997,0,30278.2273757839,0,"Pontotoc County","Oklahoma",FALSE
"40127",25458.4456032378,9944.70531376475,0.10976417704567,0,5328.5580787309,0,"Pushmataha County","Oklahoma",FALSE
"40129",14625.4579774824,5713.06952245405,0.0630577130997433,0,1432.19760605938,0,"Roger Mills County","Oklahoma",FALSE
"40131",830326.621797755,324346.336639748,3.57995612698173,0,121652.65771674,0,"Rogers County","Oklahoma",TRUE
"40133",233380.785496984,91164.3693347592,1.00622207096142,0,30357.4771573553,0,"Seminole County","Oklahoma",FALSE
"40135",138740.922889766,54195.673003815,0.598181973121535,0,84176.4283794498,0,"Sequoyah County","Oklahoma",TRUE
"40137",270257.649406622,105569.394299462,1.16521679837525,0,38239.619008598,0,"Stephens County","Oklahoma",FALSE
"40139",26040.996252748,10172.2641612297,0.112275846203617,0,2391.03709764264,0,"Texas County","Oklahoma",FALSE
"40141",34194.0904037617,13357.0665639694,0.147427940082753,0,4096.81218127113,0,"Tillman County","Oklahoma",FALSE
"40145",771447.443914117,301346.657778952,3.32609834610051,0,119016.193088711,0,"Wagoner County","Oklahoma",TRUE
"40147",251911.523903953,98402.9390249816,1.08611741425885,0,47841.9526335855,0,"Washington County","Oklahoma",FALSE
"40149",43779.1764603928,17101.2408048409,0.188754072059335,0,5987.8553195744,0,"Washita County","Oklahoma",FALSE
"40151",49506.7376547677,19338.5693963937,0.213448472132972,0,5287.58299717014,0,"Woods County","Oklahoma",FALSE
"40153",107960.48883233,42172.0659501289,0.465472024286584,0,10412.4493306745,0,"Woodward County","Oklahoma",FALSE
"41001",62302.4908765884,24336.9104986673,0.268617406794639,0,3803.34198156835,0,"Baker County","Oregon",FALSE
"41007",510957.941951723,199592.946074892,2.20299694951319,0,10431.6989726376,0,"Clatsop County","Oregon",FALSE
"41009",1667111.5770682,651215.459792267,7.18775738126481,0,20034.0738565081,0,"Columbia County","Oregon",TRUE
"41011",272306.597984765,106369.764837799,1.17405084731892,0,14286.6901417736,0,"Coos County","Oregon",FALSE
"41013",173163.43470208,67641.9666805001,0.746594752904247,0,3084.52170921384,0,"Crook County","Oregon",TRUE
"41015",93200.4997790884,36406.4452262064,0.401834279984312,0,2497.77980330185,0,"Curry County","Oregon",FALSE
"41017",1213020.07005835,473835.964866543,5.22994026441673,0,30295.2850757626,0,"Deschutes County","Oregon",TRUE
"41019",849015.996428308,331646.873604808,3.66053543091064,0,21866.2529114875,0,"Douglas County","Oregon",FALSE
"41021",17015.8263150971,6646.80715433479,0.0733637945276265,0,557.229336756193,0,"Gilliam County","Oregon",FALSE
"41023",50308.6284460573,19651.8079867412,0.216905827077502,0,814.558563151271,0,"Grant County","Oregon",FALSE
"41025",22959.9396299174,8968.72641793649,0.0989918598241381,0,332.660565593515,0,"Harney County","Oregon",FALSE
"41027",224736.049332863,87787.5192706497,0.968950260827381,0,4065.02538279986,0,"Hood River County","Oregon",FALSE
"41029",868750.019987682,339355.476557688,3.74561874234106,0,30634.4382388805,0,"Jackson County","Oregon",TRUE
"41031",186400.794576986,72812.810381635,0.803667676191503,0,3900.4605611959,0,"Jefferson County","Oregon",TRUE
"41033",355835.313698077,138998.169413311,1.53418519655772,0,12427.934699612,0,"Josephine County","Oregon",TRUE
"41035",189449.560713522,74003.7346537196,0.81681244202666,0,6571.7578051926,0,"Klamath County","Oregon",FALSE
"41037",24392.7359472659,9528.41247940074,0.10516936614557,0,1244.42385315191,0,"Lake County","Oregon",FALSE
"41041",566632.453115509,221340.801998246,2.44303779865033,0,11803.7804958704,0,"Lincoln County","Oregon",FALSE
"41043",2645052.08436525,1033223.47045518,11.4041512906178,0,21842.9104125906,0,"Linn County","Oregon",TRUE
"41045",81738.360716526,31929.047154893,0.352415227423413,0,3818.47467989777,0,"Malheur County","Oregon",FALSE
"41047",3617330.06483538,1413019.55657632,15.5961311957993,0,61374.825009494,0,"Marion County","Oregon",TRUE
"41049",91769.4061398173,35847.4242733661,0.395664114765352,0,1486.15711480495,0,"Morrow County","Oregon",FALSE
"41053",947583.096969622,370149.647253758,4.08550782880594,0,20460.2390459756,0,"Polk County","Oregon",TRUE
"41055",18188.6856691024,7104.95533949312,0.0784205817246554,0,1107.74853695739,0,"Sherman County","Oregon",FALSE
"41057",297472.833972529,116200.325770519,1.28255516158792,0,3423.11911511456,0,"Tillamook County","Oregon",FALSE
"41059",364303.178703039,142305.929180875,1.57069442607192,0,11319.3004185041,0,"Umatilla County","Oregon",FALSE
"41061",101430.639914791,39621.3437167152,0.437318557895256,0,4984.20637001419,0,"Union County","Oregon",FALSE
"41063",31035.5540679321,12123.263307786,0.133809899650344,0,1419.65381838304,0,"Wallowa County","Oregon",FALSE
"41065",274271.449327252,107137.284893458,1.18252231073764,0,11776.6215116119,0,"Wasco County","Oregon",FALSE
"41069",11432.3579334188,4465.76481774171,0.0492906511186865,0,446.111412720648,0,"Wheeler County","Oregon",FALSE
"41071",1198791.58029648,468277.961053314,5.16859408116368,0,21457.1246967601,0,"Yamhill County","Oregon",TRUE
"24001",918431.067754569,358762.135841629,3.95981875313062,0,101990.213831779,0,"Allegany County","Maryland",FALSE
"24009",1999304.02296002,780978.133968756,8.62000627078326,0,211055.294535076,0,"Calvert County","Maryland",TRUE
"24011",1105540.42672366,431851.729188929,4.76654140717093,0,90121.4120327398,0,"Caroline County","Maryland",FALSE
"24013",11174270.4178952,4364949.3819903,48.1779058950108,0,926586.142087806,0,"Carroll County","Maryland",TRUE
"24015",3838745.30949531,1499509.88652161,16.5507637956927,0,268870.185475869,0,"Cecil County","Maryland",TRUE
"24017",5372048.7320699,2098456.53596481,23.161606851987,0,868037.17734197,0,"Charles County","Maryland",TRUE
"24019",1102297.82643092,430585.088449579,4.75256092469502,0,103040.564496986,0,"Dorchester County","Maryland",FALSE
"24023",415416.033803296,162271.888204412,1.79106767917504,0,61480.4830736759,0,"Garrett County","Maryland",FALSE
"24025",24722026.0550863,9657041.42776809,106.589101594367,0,1980299.61945894,0,"Harford County","Maryland",TRUE
"24029",581312.634087346,227075.24769037,2.50633145013117,0,47393.453486753,0,"Kent County","Maryland",FALSE
"24035",1891965.60831679,739049.065748746,8.15721632153349,0,160454.202895773,0,"Queen Anne's County","Maryland",TRUE
"24037",2137972.78729561,835145.620037347,9.21787713204671,0,253216.254432665,0,"St. Mary's County","Maryland",TRUE
"24041",1151466.26638555,449791.510306854,4.96455082511345,0,97890.4585118827,0,"Talbot County","Maryland",FALSE
"24043",2741617.23295256,1070944.23162209,11.8204922656784,0,266248.27835602,0,"Washington County","Maryland",TRUE
"24047",938961.391610249,366781.793597753,4.04833531606693,0,103870.390855711,0,"Worcester County","Maryland",FALSE
"25003",4107500.97115945,1604492.56685916,17.7095047686756,0,6428110.26944432,0,"Berkshire County","Massachusetts",TRUE
"25007",715261.682963951,279399.094907793,3.08385324172559,0,1439149.08947302,0,"Dukes County","Massachusetts",FALSE
"25011",5320969.51084737,2078503.71517475,22.941378611465,0,4874140.71413384,0,"Franklin County","Massachusetts",FALSE
"25019",485355.552081251,189592.012531739,2.0926121562571,0,987784.420904391,0,"Nantucket County","Massachusetts",FALSE
"26001",106866.671824258,41744.7936813509,0.460756028439837,0,18999.7111029062,0,"Alcona County","Michigan",FALSE
"26003",49388.5523651862,19292.4032676509,0.21293891584458,0,13493.6213279803,0,"Alger County","Michigan",FALSE
"26007",286294.938069453,111833.96018338,1.2343616244009,0,55645.6235859513,0,"Alpena County","Michigan",FALSE
"26009",122667.96397992,47917.1734296562,0.528883354701414,0,21453.2561513895,0,"Antrim County","Michigan",FALSE
"26011",145809.382308814,56956.7899643807,0.628657660569391,0,28396.4374845751,0,"Arenac County","Michigan",FALSE
"26013",91196.8695919659,35623.7771843617,0.393195621441648,0,5471.83266226673,0,"Baraga County","Michigan",FALSE
"26015",1404330.72868003,548566.690890637,6.05477683656799,0,124858.919573364,0,"Barry County","Michigan",TRUE
"26017",1033255.13599147,403615.287496667,4.45488312396778,0,195647.722259386,0,"Bay County","Michigan",TRUE
"26019",133748.40967491,52245.4725292616,0.576656734976254,0,36374.2104500275,0,"Benzie County","Michigan",TRUE
"26021",2111842.0841911,824938.31413715,9.10521451443875,0,585664.975620435,0,"Berrien County","Michigan",TRUE
"26023",463858.971129065,181194.910597291,1.99992957247782,0,98149.3281420756,0,"Branch County","Michigan",FALSE
"26025",2144077.97640306,837530.459532446,9.24419967618517,0,366957.190823852,0,"Calhoun County","Michigan",TRUE
"26027",839575.710645287,327959.261970815,3.61983360581895,0,151726.407904826,0,"Cass County","Michigan",TRUE
"26029",125907.826351096,49182.7446683968,0.542852032618974,0,25199.3454385163,0,"Charlevoix County","Michigan",FALSE
"26031",247056.93418926,96506.6149176797,1.06518683376575,0,40540.2149407418,0,"Cheboygan County","Michigan",FALSE
"26033",140003.758284656,54688.9680799436,0.60362669233277,0,41595.8450307154,0,"Chippewa County","Michigan",FALSE
"26035",312830.597620831,122199.452195637,1.3487702131425,0,101027.760257028,0,"Clare County","Michigan",FALSE
"26037",5502241.92021233,2149313.25008294,23.7229352369214,0,488044.522811062,0,"Clinton County","Michigan",TRUE
"26039",135997.932378652,53124.1923354109,0.58635555996227,0,23589.6587610644,0,"Crawford County","Michigan",FALSE
"26041",130377.455436105,50928.6935297284,0.562122854014017,0,29458.5039501726,0,"Delta County","Michigan",FALSE
"26043",113728.011043165,44425.0043137362,0.490338716422117,0,20697.6178352301,0,"Dickinson County","Michigan",FALSE
"26045",7257840.04526249,2835093.76768066,31.2922026785497,0,669937.165446098,0,"Eaton County","Michigan",TRUE
"26047",157869.209628588,61667.6600111672,0.680653648136656,0,28310.3386465355,0,"Emmet County","Michigan",FALSE
"26051",258609.989218228,101019.52703837,1.11499787083303,0,57929.120362415,0,"Gladwin County","Michigan",FALSE
"26053",74912.4117947883,29262.6608573392,0.322985124830856,0,13911.3093399711,0,"Gogebic County","Michigan",FALSE
"26055",659133.902118715,257474.180515123,2.84185811877536,0,162425.933308345,0,"Grand Traverse County","Michigan",TRUE
"26057",393564.339679967,153736.070187487,1.69685402371935,0,128692.242717564,0,"Gratiot County","Michigan",FALSE
"26059",2310583.12174604,902571.531932047,9.96208719128615,0,386529.520799541,0,"Hillsdale County","Michigan",FALSE
"26063",242923.626156129,94892.0414672379,1.04736606175934,0,47764.1701373728,0,"Huron County","Michigan",FALSE
"26067",1678277.5710415,655577.176188086,7.23589960324006,0,163190.531845888,0,"Ionia County","Michigan",TRUE
"26069",260681.393875806,101828.669482737,1.12392873924153,0,43614.5089635176,0,"Iosco County","Michigan",FALSE
"26071",59284.9283490575,23158.1751363506,0.255607175428583,0,8259.78393991161,0,"Iron County","Michigan",FALSE
"26075",12348577.7042583,4823663.1657259,53.2409358574525,0,1948410.42770712,0,"Jackson County","Michigan",TRUE
"26079",85999.2884157319,33593.4720373953,0.370786232065384,0,14489.460439032,0,"Kalkaska County","Michigan",TRUE
"26083",81665.432591967,31900.5596062371,0.352100797559923,0,2090.45188136036,0,"Keweenaw County","Michigan",FALSE
"26085",127301.898220073,49727.303992216,0.548862578346138,0,28576.9246037371,0,"Lake County","Michigan",FALSE
"26087",1076439.06120248,420484.008282217,4.6410707681885,0,167012.944241349,0,"Lapeer County","Michigan",TRUE
"26089",162795.95173884,63592.1686479844,0.701895313934952,0,39335.156173664,0,"Leelanau County","Michigan",TRUE
"26091",9863622.26046035,3852977.44549232,42.5270417912354,0,1588404.6609438,0,"Lenawee County","Michigan",FALSE
"26093",25188975.9029404,9839443.7120861,108.602357492629,0,3882685.54489086,0,"Livingston County","Michigan",TRUE
"26095",25876.8729219887,10108.1534851518,0.111568227890404,0,5790.17708254778,0,"Luce County","Michigan",FALSE
"26097",47772.9784892527,18661.3197223643,0.205973363441578,0,9316.22859473896,0,"Mackinac County","Michigan",FALSE
"26101",172578.788626475,67413.5893072168,0.74407404930938,0,51156.6982821828,0,"Manistee County","Michigan",FALSE
"26105",278803.435074886,108907.591826128,1.20206198310116,0,56281.7625130126,0,"Mason County","Michigan",FALSE
"26107",509857.684312619,199163.157934617,2.19825318486328,0,90204.3757050226,0,"Mecosta County","Michigan",FALSE
"26109",93515.9658440642,36529.6741578376,0.403194413024151,0,17882.8120061229,0,"Menominee County","Michigan",FALSE
"26111",872120.469126554,340672.05825256,3.76015044556317,0,205255.25385288,0,"Midland County","Michigan",TRUE
"26113",67424.6007833597,26337.7346809999,0.290701401529287,0,15726.0894744962,0,"Missaukee County","Michigan",FALSE
"26115",10212631.4742412,3989309.16962548,44.0317962341831,0,1535491.03483373,0,"Monroe County","Michigan",TRUE
"26117",1629797.58705376,636639.682442875,7.02687798312494,0,196162.920221844,0,"Montcalm County","Michigan",TRUE
"26119",88578.3272899611,34600.909097641,0.381905767170172,0,14445.1084312069,0,"Montmorency County","Michigan",FALSE
"26123",856146.661688458,334432.289722054,3.69127931905945,0,92637.1891959943,0,"Newaygo County","Michigan",FALSE
"26127",259090.288416936,101207.143912865,1.11706868250407,0,53547.7195313457,0,"Oceana County","Michigan",FALSE
"26129",214251.274483058,83691.9040949444,0.923745117479913,0,45033.6909564586,0,"Ogemaw County","Michigan",FALSE
"26131",57216.0362160301,22350.0141468867,0.246687139778443,0,6533.48962477948,0,"Ontonagon County","Michigan",FALSE
"26133",215831.762694755,84309.2823026387,0.930559397919144,0,46595.5288266867,0,"Osceola County","Michigan",FALSE
"26135",73124.3990697526,28564.2183866221,0.315276101728292,0,9568.67664939208,0,"Oscoda County","Michigan",FALSE
"26137",202025.321647499,78916.1412685543,0.871032879171711,0,38772.1084699657,0,"Otsego County","Michigan",FALSE
"26141",128800.636366971,50312.7485808479,0.55532439309575,0,21484.0926862659,0,"Presque Isle County","Michigan",FALSE
"26143",223203.908480393,87189.0267501536,0.962344430196148,0,41845.1142183893,0,"Roscommon County","Michigan",FALSE
"26145",1922341.14886311,750914.511274651,8.28818057058253,0,323144.574876861,0,"Saginaw County","Michigan",TRUE
"26147",2099414.23240864,820083.684534625,9.05163178811651,0,325635.339420402,0,"St. Clair County","Michigan",TRUE
"26151",295934.315266369,115599.341900925,1.27592183281825,0,58834.8756869876,0,"Sanilac County","Michigan",FALSE
"26153",43713.2981734791,17075.5070990153,0.18847003759545,0,11325.2542426896,0,"Schoolcraft County","Michigan",FALSE
"26157",391730.705223335,153019.806727865,1.68894830236183,0,66952.581617496,0,"Tuscola County","Michigan",FALSE
"26159",909791.068269719,355387.136042859,3.92256736520578,0,240327.218325389,0,"Van Buren County","Michigan",FALSE
"26165",165198.518543607,64530.6713060964,0.712253989096522,0,32537.0045072668,0,"Wexford County","Michigan",FALSE
"27001",117973.305631698,46083.3225123822,0.508642318852879,0,6360.82684630208,0,"Aitkin County","Minnesota",FALSE
"27003",16420175.6644679,6414131.11893278,70.7956446691484,0,480883.412449345,0,"Anoka County","Minnesota",TRUE
"27005",208009.57653507,81253.7408340118,0.896834014999197,0,7690.60036459745,0,"Becker County","Minnesota",FALSE
"27007",203711.468372329,79574.7923329409,0.878302706658966,0,11451.6894346154,0,"Beltrami County","Minnesota",FALSE
"27009",362800.838393333,141719.077497396,1.5642170805848,0,11324.2572687957,0,"Benton County","Minnesota",TRUE
"27011",23412.6707554146,9145.57451383382,0.100943811651348,0,948.389704857639,0,"Big Stone County","Minnesota",FALSE
"27013",1104290.05238138,431363.301711477,4.76115041383151,0,15920.0074492609,0,"Blue Earth County","Minnesota",TRUE
"27015",101940.026942365,39820.3230243615,0.43951478184195,0,1763.4704869691,0,"Brown County","Minnesota",FALSE
"27019",5639631.53002168,2202981.06641472,24.3152910189818,0,113247.657063294,0,"Carver County","Minnesota",TRUE
"27021",138543.93693703,54118.7253660273,0.597332667499005,0,4379.15868080179,0,"Cass County","Minnesota",FALSE
"27023",60426.6839850815,23604.1734316725,0.260529858837011,0,4723.01587399719,0,"Chippewa County","Minnesota",FALSE
"27025",1240254.80573852,484474.533491608,5.34736292232675,0,43521.1298757337,0,"Chisago County","Minnesota",TRUE
"27027",732934.315760399,286302.467093906,3.16004885968923,0,11561.2769098867,0,"Clay County","Minnesota",TRUE
"27029",42146.0026393684,16463.2822810033,0.181712637431665,0,988.679587377915,0,"Clearwater County","Minnesota",FALSE
"27031",27069.5896223871,10574.0584462449,0.116710630105691,0,1055.45830152305,0,"Cook County","Minnesota",FALSE
"27033",107449.471720761,41972.4498909221,0.463268772227058,0,882.021748907937,0,"Cottonwood County","Minnesota",FALSE
"27035",500214.700388872,195396.367339403,2.15667742603061,0,12339.8557025411,0,"Crow Wing County","Minnesota",FALSE
"27037",17445500.0895297,6814648.47247255,75.2163345052718,0,503897.149738887,0,"Dakota County","Minnesota",TRUE
"27039",7488376.70162685,2925147.14907299,32.2861622768323,0,3338.17722937192,0,"Dodge County","Minnesota",TRUE
"27041",190580.439938935,74445.4843511463,0.821688231752788,0,5792.79409068809,0,"Douglas County","Minnesota",FALSE
"27043",117444.777746484,45876.8663072203,0.506363569031685,0,3278.16122393615,0,"Faribault County","Minnesota",FALSE
"27045",4911030.01140633,1918371.0982056,21.1739230293011,0,6987.33962646061,0,"Fillmore County","Minnesota",TRUE
"27047",1319215.64464805,515318.611190643,5.68780285478822,0,4941.59608851917,0,"Freeborn County","Minnesota",FALSE
"27049",4982266.18978551,1946197.73038497,21.4810580609338,0,19227.2989136943,0,"Goodhue County","Minnesota",FALSE
"27051",20280.6193606045,7922.11693773614,0.087439961134553,0,439.491850310589,0,"Grant County","Minnesota",FALSE
"27055",539727.491495387,210831.051365386,2.32703696275081,0,2546.22287167915,0,"Houston County","Minnesota",TRUE
"27057",93842.8193206252,36657.3512971192,0.404603642928771,0,4731.79957008336,0,"Hubbard County","Minnesota",FALSE
"27059",892467.008172169,348619.925067253,3.84787461964964,0,20893.8864568407,0,"Isanti County","Minnesota",TRUE
"27061",235424.390637272,91962.6525926843,1.01503308165413,0,11840.3134029077,0,"Itasca County","Minnesota",FALSE
"27063",88288.3203254296,34487.6251271209,0.380655401130729,0,530.052173424921,0,"Jackson County","Minnesota",FALSE
"27065",145428.639582682,56808.0623369853,0.627016086977219,0,5033.84610885565,0,"Kanabec County","Minnesota",FALSE
"27067",333230.723240491,130168.251265817,1.43672542592994,0,15455.6327617806,0,"Kandiyohi County","Minnesota",FALSE
"27069",17922.3170699469,7000.90510544801,0.0772721325800072,0,716.068637873337,0,"Kittson County","Minnesota",FALSE
"27071",67580.0979036581,26398.4757436164,0.291371827906,0,2367.55772918293,0,"Koochiching County","Minnesota",FALSE
"27073",28562.8446230762,11157.3611808892,0.123148804251293,0,1075.45735754496,0,"Lac qui Parle County","Minnesota",FALSE
"27075",56305.0500497974,21994.1601757021,0.2427594197442,0,5473.90960482093,0,"Lake County","Minnesota",FALSE
"27077",17581.66754503,6867.83888477736,0.0758034209647647,0,397.513525794299,0,"Lake of the Woods County","Minnesota",FALSE
"27079",701413.24675094,273989.549512086,3.02414566067447,0,9831.06117136559,0,"Le Sueur County","Minnesota",TRUE
"27081",51112.8175416349,19965.9443522011,0.220373091168989,0,386.548012770928,0,"Lincoln County","Minnesota",FALSE
"27083",138067.16637548,53932.4868654219,0.595277069559379,0,6775.52728161806,0,"Lyon County","Minnesota",FALSE
"27085",522012.215346469,203911.021619715,2.25065748782421,0,12976.5195137047,0,"McLeod County","Minnesota",FALSE
"27087",25344.8090089887,9900.31601913621,0.109274232473075,0,854.737164756138,0,"Mahnomen County","Minnesota",FALSE
"27089",71261.6808975927,27836.5941006222,0.307244985829797,0,4924.43020693818,0,"Marshall County","Minnesota",FALSE
"27091",169294.25716171,66130.5692037931,0.729912780438958,0,4730.00968850237,0,"Martin County","Minnesota",FALSE
"27093",265405.137338824,103673.881772978,1.14429517566399,0,7352.07467640813,0,"Meeker County","Minnesota",FALSE
"27095",243350.2677399,95058.6983358983,1.04920552843637,0,5501.32751338634,0,"Mille Lacs County","Minnesota",TRUE
"27097",183250.70774346,71582.3077122889,0.790086065817757,0,7632.43063912091,0,"Morrison County","Minnesota",FALSE
"27099",4572379.3722512,1786085.69228562,19.7138296169945,0,10231.987258636,0,"Mower County","Minnesota",FALSE
"27101",57419.923034669,22429.6574354176,0.247566198508388,0,1069.75152165202,0,"Murray County","Minnesota",FALSE
"27103",606545.15286725,236931.70033877,2.61512154288976,0,17046.8230914923,0,"Nicollet County","Minnesota",TRUE
"27105",195292.977407882,76286.3192999538,0.842006353492713,0,5533.57211214278,0,"Nobles County","Minnesota",FALSE
"27107",40641.3872938166,15875.5419116471,0.175225483119551,0,2285.82090090716,0,"Norman County","Minnesota",FALSE
"27111",233248.327929152,91112.6280973252,1.00565097969556,0,14549.8162777718,0,"Otter Tail County","Minnesota",FALSE
"27113",46968.0738895029,18346.9038630871,0.202503014451356,0,3594.89477878289,0,"Pennington County","Minnesota",FALSE
"27115",259292.961719624,101286.313171728,1.11794250915576,0,10275.0133324299,0,"Pine County","Minnesota",FALSE
"27117",110666.316087253,43229.0297215834,0.477138207937116,0,5629.59103735094,0,"Pipestone County","Minnesota",FALSE
"27119",544851.527989084,212832.628120736,2.34912926397171,0,47362.4053104919,0,"Polk County","Minnesota",TRUE
"27121",39615.6946904373,15474.8807384521,0.170803205881327,0,733.712732521334,0,"Pope County","Minnesota",FALSE
"27125",20829.1131098959,8136.37230855308,0.0898047938483777,0,1214.60129694204,0,"Red Lake County","Minnesota",FALSE
"27127",91589.5685563576,35777.1752173272,0.394888744396792,0,3458.15240841733,0,"Redwood County","Minnesota",FALSE
"27129",126127.368036729,49268.5031393473,0.543798587362587,0,4211.71869251956,0,"Renville County","Minnesota",FALSE
"27131",1844879.65570589,720656.115510113,7.95420507256354,0,26334.678998874,0,"Rice County","Minnesota",FALSE
"27133",186198.828776465,72733.9174908068,0.80279689993788,0,2334.48339703925,0,"Rock County","Minnesota",TRUE
"27135",52050.2473281766,20332.127862569,0.224414822964459,0,2269.68686832002,0,"Roseau County","Minnesota",FALSE
"27139",6840053.7296251,2671895.9881348,29.4909155209767,0,157686.546596511,0,"Scott County","Minnesota",TRUE
"27141",3167447.8620273,1237284.32110441,13.6564625087039,0,60581.4893326754,0,"Sherburne County","Minnesota",TRUE
"27143",185669.367752789,72527.0967784333,0.800514126886952,0,4348.28152563925,0,"Sibley County","Minnesota",FALSE
"27145",1434901.81990768,560508.523401437,6.18658420306189,0,46312.3804563387,0,"Stearns County","Minnesota",TRUE
"27147",1469330.83692722,573957.358174697,6.33502503006828,0,6270.53664979353,0,"Steele County","Minnesota",FALSE
"27149",41016.6712255324,16022.1371974736,0.17684352110055,0,1728.86382596004,0,"Stevens County","Minnesota",FALSE
"27151",36546.2059438645,14275.8616968221,0.157569094440695,0,1600.47881133097,0,"Swift County","Minnesota",FALSE
"27153",128545.584202457,50213.1188290848,0.554224734798544,0,6533.55836625181,0,"Todd County","Minnesota",FALSE
"27155",14168.2966445883,5534.49087679231,0.0610866604178845,0,916.455450741114,0,"Traverse County","Minnesota",FALSE
"27157",5253266.29966794,2052057.14830779,22.649475980241,0,4893.75632817695,0,"Wabasha County","Minnesota",TRUE
"27159",85164.1233518073,33267.2356842997,0.36718541497829,0,5186.20806379498,0,"Wadena County","Minnesota",FALSE
"27161",317685.985244426,124096.087986104,1.36970423382261,0,6842.84640973817,0,"Waseca County","Minnesota",FALSE
"27165",72366.1415573135,28268.0240458256,0.312006871817767,0,7222.99629920507,0,"Watonwan County","Minnesota",FALSE
"27167",27350.6226118748,10683.8369577636,0.117922304820422,0,1550.7085542593,0,"Wilkin County","Minnesota",FALSE
"27169",4071495.24105021,1590427.82853524,17.5542659376817,0,11070.6457758163,0,"Winona County","Minnesota",FALSE
"27173",49437.1563717563,19311.3892077173,0.213148472188492,0,3040.18338187273,0,"Yellow Medicine County","Minnesota",FALSE
"28001",143828.868385623,56183.151713134,0.62011866787932,0,22209.6795364788,0,"Adams County","Mississippi",FALSE
"28003",166162.698193335,64907.3039817714,0.716411053020453,0,21753.3364856641,0,"Alcorn County","Mississippi",FALSE
"28005",67222.2854554167,26258.7052560221,0.289829118286961,0,9912.33675684271,0,"Amite County","Mississippi",FALSE
"28007",94395.8418642386,36873.3757282182,0.406988001555117,0,21521.319750676,0,"Attala County","Mississippi",FALSE
"28009",138527.010987468,54112.1136669795,0.597259691208411,0,8775.58543057258,0,"Benton County","Mississippi",TRUE
"28011",133164.95111967,52017.5590311209,0.574141151379585,0,29501.910297203,0,"Bolivar County","Mississippi",FALSE
"28013",202006.104621016,78908.6346175844,0.870950024894979,0,41595.8816651691,0,"Calhoun County","Mississippi",FALSE
"28015",43640.3279923646,17047.0031220174,0.188155426404974,0,10994.4159598016,0,"Carroll County","Mississippi",FALSE
"28017",74161.4071312638,28969.2996606499,0.319747165603732,0,11303.2599093012,0,"Chickasaw County","Mississippi",FALSE
"28019",65115.2159480595,25435.6312297108,0.280744480754193,0,7831.79069824451,0,"Choctaw County","Mississippi",FALSE
"28021",61909.852852589,24183.5362705426,0.266924546584208,0,10282.8734434948,0,"Claiborne County","Mississippi",FALSE
"28023",53350.1914384103,20839.918530629,0.230019536531379,0,7890.84322003248,0,"Clarke County","Mississippi",FALSE
"28025",124870.198445358,48777.421267718,0.538378296282988,0,11247.3440998498,0,"Clay County","Mississippi",FALSE
"28027",162750.389544206,63574.3709157056,0.701698872373816,0,17061.6169977812,0,"Coahoma County","Mississippi",FALSE
"28029",393009.257800106,153519.241328166,1.69446078625759,0,65215.5168589595,0,"Copiah County","Mississippi",TRUE
"28031",103181.090081461,40305.1133130708,0.444865629896368,0,13490.6809758266,0,"Covington County","Mississippi",FALSE
"28033",7254066.65754947,2833619.78810526,31.2759337042592,0,212330.402091829,0,"DeSoto County","Mississippi",TRUE
"28037",35644.8371798247,13923.764523369,0.153682839869563,0,5298.88338114562,0,"Franklin County","Mississippi",FALSE
"28039",107225.306903685,41884.885509252,0.462302284836102,0,18227.9822104768,0,"George County","Mississippi",FALSE
"28041",44485.9270361231,17377.3152484856,0.191801229632526,0,4976.13481703718,0,"Greene County","Mississippi",FALSE
"28043",154558.388131978,60374.3703640538,0.666379029702201,0,29029.8113763102,0,"Grenada County","Mississippi",FALSE
"28045",225057.015462801,87912.8966651568,0.970334107416495,0,39305.5468180139,0,"Hancock County","Mississippi",TRUE
"28047",500948.69932064,195683.085672125,2.15984206498593,0,93126.5371617052,0,"Harrison County","Mississippi",TRUE
"28051",129858.794285172,50726.0915176453,0.559886644652104,0,21948.6052660697,0,"Holmes County","Mississippi",TRUE
"28053",32713.7020633816,12778.7898685084,0.141045240587966,0,7507.9905256628,0,"Humphreys County","Mississippi",FALSE
"28055",6437.01280631256,2514.45812746584,0.0277532031738607,0,1767.75148056602,0,"Issaquena County","Mississippi",FALSE
"28057",99509.1412460383,38870.7582992337,0.429034009680609,0,13869.4084623963,0,"Itawamba County","Mississippi",FALSE
"28059",411405.471238472,160705.262202528,1.77377612468351,0,75735.1509093563,0,"Jackson County","Mississippi",TRUE
"28061",72338.6216570695,28257.2740847928,0.311888219671845,0,13555.6620542781,0,"Jasper County","Mississippi",FALSE
"28063",37514.2365179984,14653.9986398431,0.161742761638639,0,5785.7966810296,0,"Jefferson County","Mississippi",FALSE
"28065",66326.9847799791,25908.9784296793,0.285969026301009,0,11016.4958481228,0,"Jefferson Davis County","Mississippi",FALSE
"28067",254108.121126269,99260.9848149489,1.09558805084703,0,30409.2133998341,0,"Jones County","Mississippi",FALSE
"28069",31736.6201080101,12397.1172296914,0.136832548328236,0,4493.54216382563,0,"Kemper County","Mississippi",FALSE
"28073",299028.656587973,116808.068979677,1.28926309622285,0,27892.3841815806,0,"Lamar County","Mississippi",TRUE
"28075",249275.099537585,97373.0857568693,1.07475046140448,0,57365.4089548614,0,"Lauderdale County","Mississippi",FALSE
"28077",67594.6844037756,26404.1735952248,0.291434717652151,0,11070.0191032898,0,"Lawrence County","Mississippi",FALSE
"28079",142155.312908809,55529.4191050037,0.61290312760182,0,24684.1506048473,0,"Leake County","Mississippi",FALSE
"28081",521813.416611413,203833.365863833,2.24980036638439,0,82811.0948381455,0,"Lee County","Mississippi",FALSE
"28083",117909.142709131,46058.2588707542,0.508365680188357,0,24379.2910068187,0,"Leflore County","Mississippi",FALSE
"28085",230608.353840252,90081.3882188483,0.9942687222001,0,36529.4529773653,0,"Lincoln County","Mississippi",FALSE
"28087",258091.284048416,100816.907831412,1.11276147168356,0,38093.0149983658,0,"Lowndes County","Mississippi",FALSE
"28091",104901.994393956,40977.341560139,0.452285314844111,0,16935.1632227418,0,"Marion County","Mississippi",FALSE
"28093",996386.891124911,389213.629345668,4.29592555758827,0,48933.8791198822,0,"Marshall County","Mississippi",TRUE
"28095",117537.605876117,45913.127295358,0.506763797836483,0,29912.1290250814,0,"Monroe County","Mississippi",FALSE
"28097",57965.0238434202,22642.587438836,0.249916402547236,0,10151.7243624108,0,"Montgomery County","Mississippi",FALSE
"28099",116520.572152767,45515.8484971746,0.502378853389719,0,19180.1126540547,0,"Neshoba County","Mississippi",FALSE
"28101",62725.2789232941,24502.0620794118,0.270440258933165,0,12642.2642392321,0,"Newton County","Mississippi",FALSE
"28103",46161.4684352031,18031.8236075012,0.199025332220808,0,6734.09553132082,0,"Noxubee County","Mississippi",FALSE
"28107",596784.710529611,233119.027550629,2.57303936169577,0,96695.3390639342,0,"Panola County","Mississippi",FALSE
"28109",350715.745939811,136998.338257739,1.51211216230522,0,57431.6167257748,0,"Pearl River County","Mississippi",FALSE
"28111",54283.1607824618,21204.3596806491,0.234042037113489,0,5583.30516138824,0,"Perry County","Mississippi",TRUE
"28113",185548.133161139,72479.73951607,0.799991423522052,0,28402.0652573424,0,"Pike County","Mississippi",FALSE
"28115",213387.992945037,83354.6847441552,0.920023076116655,0,36818.3927723403,0,"Pontotoc County","Mississippi",FALSE
"28117",113617.23129424,44381.7309743126,0.489861089148106,0,14752.4136322117,0,"Prentiss County","Mississippi",FALSE
"28119",61630.4817639903,24074.4069390587,0.265720037160959,0,7841.17952442903,0,"Quitman County","Mississippi",FALSE
"28121",3218240.56348342,1257125.22011071,13.8754554182533,0,568349.446599918,0,"Rankin County","Mississippi",TRUE
"28123",200752.746992603,78419.0417939856,0.865546169106974,0,36085.6072278882,0,"Scott County","Mississippi",TRUE
"28125",26071.1058593661,10184.0257263149,0.112405663877607,0,6585.27540015909,0,"Sharkey County","Mississippi",FALSE
"28127",253394.376974988,98982.1785058549,1.09251074044845,0,42118.5784482553,0,"Simpson County","Mississippi",TRUE
"28129",89655.2064778281,35021.5650304016,0.386548735546011,0,14596.4618693692,0,"Smith County","Mississippi",FALSE
"28131",87124.2994766089,34032.9294830504,0.375636721179642,0,13756.39305099,0,"Stone County","Mississippi",TRUE
"28133",113013.468126482,44145.8859869072,0.487257962143723,0,26314.2176227218,0,"Sunflower County","Mississippi",FALSE
"28135",61072.3935112129,23856.4037153176,0.263313837711878,0,11131.056941682,0,"Tallahatchie County","Mississippi",FALSE
"28137",544925.980452046,212861.711114081,2.34945026602555,0,32921.6630796244,0,"Tate County","Mississippi",TRUE
"28139",180744.468800695,70603.3081252715,0.779280407871485,0,18424.5720393088,0,"Tippah County","Mississippi",FALSE
"28141",90181.2965138812,35227.0689507348,0.38881697457204,0,13710.3076570076,0,"Tishomingo County","Mississippi",FALSE
"28143",93173.3693059401,36395.8473851329,0.401717306854672,0,7002.5856718379,0,"Tunica County","Mississippi",TRUE
"28145",187549.67821005,73261.5930508009,0.808621091984042,0,32541.6591230373,0,"Union County","Mississippi",FALSE
"28147",60824.0469396542,23759.3933358024,0.262243090602094,0,9250.98510407442,0,"Walthall County","Mississippi",FALSE
"28149",370340.378124717,144664.210204967,1.59672383244294,0,66446.500435171,0,"Warren County","Mississippi",FALSE
"28153",68028.0259507176,26573.4476369991,0.293303071243768,0,10154.7593042588,0,"Wayne County","Mississippi",FALSE
"28155",97799.0528862934,38202.7550337084,0.421660957750883,0,9601.58491678971,0,"Webster County","Mississippi",FALSE
"28157",52188.5232309465,20386.1418870885,0.225011000001711,0,7572.87863814371,0,"Wilkinson County","Mississippi",FALSE
"28159",97580.204573623,38117.2674115715,0.420717392487219,0,14742.1730878763,0,"Winston County","Mississippi",FALSE
"28161",368666.210223784,144010.238368666,1.58950565169671,0,81770.1593606816,0,"Yalobusha County","Mississippi",FALSE
"28163",230578.191422762,90069.6060245164,0.994138676831854,0,44506.7645633762,0,"Yazoo County","Mississippi",TRUE
"29001",210060.827533648,82055.0107553311,0.905677990836603,0,52004.8736377527,0,"Adair County","Missouri",FALSE
"29003",117478.005845076,45889.8460332327,0.506506832094699,0,23546.078118139,0,"Andrew County","Missouri",TRUE
"29005",33029.3523688044,12902.0907690642,0.142406167981136,0,6474.33406596941,0,"Atchison County","Missouri",FALSE
"29007",801350.957009378,313027.717581788,3.45502744714737,0,293243.503450076,0,"Audrain County","Missouri",FALSE
"29009",159312.456066365,62231.4281509239,0.686876210188777,0,35482.1688144501,0,"Barry County","Missouri",FALSE
"29011",89502.4283953815,34961.8860919459,0.385890032310483,0,16192.7886208422,0,"Barton County","Missouri",FALSE
"29013",126126.840963507,49268.2972513698,0.54379631488455,0,19023.2324882973,0,"Bates County","Missouri",TRUE
"29015",129463.245824081,50571.5804000317,0.558181236081999,0,22699.1873665836,0,"Benton County","Missouri",FALSE
"29017",177809.022751051,69456.6495121292,0.76662422198635,0,24198.3670444881,0,"Bollinger County","Missouri",TRUE
"29021",555436.94782718,216967.557744992,2.39476833853735,0,96975.4621309134,0,"Buchanan County","Missouri",TRUE
"29023",274286.525641159,107143.174078578,1.18258731231765,0,43323.7067660068,0,"Butler County","Missouri",FALSE
"29025",72475.7250144157,28310.8300837561,0.312479341275412,0,8042.00670726709,0,"Caldwell County","Missouri",TRUE
"29027",1739111.82852569,679340.558017847,7.49818671664053,0,657127.519508731,0,"Callaway County","Missouri",TRUE
"29029",398486.887131418,155658.94028571,1.71807760423159,0,89087.1822763416,0,"Camden County","Missouri",FALSE
"29031",1350133.51579431,527395.904607153,5.82110536411119,0,178949.588791704,0,"Cape Girardeau County","Missouri",TRUE
"29033",130793.207515037,51091.0966855614,0.563915370552938,0,33198.8496186296,0,"Carroll County","Missouri",FALSE
"29035",38034.9206946834,14857.3908963607,0.16398769328314,0,7167.28296242802,0,"Carter County","Missouri",FALSE
"29037",2273342.98489036,888024.603472797,9.80152621129796,0,138380.268228071,0,"Cass County","Missouri",TRUE
"29039",106680.82346181,41672.1966647695,0.459954742576695,0,17742.5012252777,0,"Cedar County","Missouri",FALSE
"29041",160101.559386867,62539.6716354951,0.69027843190839,0,49748.3422027751,0,"Chariton County","Missouri",FALSE
"29043",369250.436072241,144238.451590719,1.59202454348076,0,67816.1563100444,0,"Christian County","Missouri",TRUE
"29045",55906.2311240492,21838.3715328317,0.241039910554314,0,13692.3837386425,0,"Clark County","Missouri",FALSE
"29047",3720508.99640182,1453323.82671946,16.0409875192506,0,294765.709853206,0,"Clay County","Missouri",TRUE
"29049",223302.589433916,87227.5739976233,0.962769893471569,0,30850.7360308923,0,"Clinton County","Missouri",TRUE
"29051",1861222.37234645,727039.98919783,8.02466675238082,0,625978.563401143,0,"Cole County","Missouri",TRUE
"29053",1003554.75785227,392013.577286043,4.32682983999275,0,389285.777534241,0,"Cooper County","Missouri",TRUE
"29055",515993.628060451,201560.010961114,2.22470832774103,0,93030.0629070307,0,"Crawford County","Missouri",FALSE
"29057",33914.652165494,13247.9110021461,0.146223141143471,0,5810.81900704148,0,"Dade County","Missouri",FALSE
"29059",109074.260442392,42607.1329853094,0.470274054469439,0,19362.7984962201,0,"Dallas County","Missouri",TRUE
"29061",67225.0289177769,26259.7769210066,0.289840946734499,0,9177.08719858319,0,"Daviess County","Missouri",FALSE
"29063",93678.988551571,36593.3549029574,0.40389728599637,0,13230.6201540685,0,"DeKalb County","Missouri",TRUE
"29065",262601.767141724,102578.815289736,1.13220843527793,0,53973.5674216548,0,"Dent County","Missouri",FALSE
"29067",63502.5571462251,24805.6863852442,0.273791496703341,0,9908.13182446404,0,"Douglas County","Missouri",FALSE
"29069",243066.828496357,94947.9798813893,1.04798347914888,0,42775.9990181374,0,"Dunklin County","Missouri",FALSE
"29071",7097856.52413481,2772600.20474016,30.6024331690076,0,944041.627869632,0,"Franklin County","Missouri",TRUE
"29073",310664.147301819,121353.182539773,1.3394295550331,0,56680.2377006283,0,"Gasconade County","Missouri",FALSE
"29075",52553.657884407,20528.7726110965,0.226585279334101,0,8077.01298697243,0,"Gentry County","Missouri",FALSE
"29079",73438.6506415988,28686.9729068745,0.316630998476765,0,12836.4051208243,0,"Grundy County","Missouri",FALSE
"29081",55508.0288971077,21682.8237879327,0.239323060263485,0,9759.45678723828,0,"Harrison County","Missouri",FALSE
"29083",161527.691669876,63096.7545585454,0.696427206222515,0,26312.4649552843,0,"Henry County","Missouri",FALSE
"29085",62185.8533360165,24291.3489593814,0.268114523631502,0,10401.3471713195,0,"Hickory County","Missouri",FALSE
"29087",43285.1846660483,16908.2752601751,0.186624224714427,0,5659.4608648597,0,"Holt County","Missouri",FALSE
"29089",587284.80897289,229408.128505035,2.53208050298777,0,232348.093388737,0,"Howard County","Missouri",TRUE
"29091",181307.563054046,70823.2668179867,0.781708190709505,0,29365.242102485,0,"Howell County","Missouri",FALSE
"29093",160198.948275295,62577.714170037,0.690698324440645,0,22464.9260284368,0,"Iron County","Missouri",FALSE
"29097",498636.3737023,194779.833477461,2.1498724650145,0,107527.474634206,0,"Jasper County","Missouri",TRUE
"29099",25526909.0155892,9971448.83421452,110.0593572869,0,3234376.08237469,0,"Jefferson County","Missouri",TRUE
"29101",676050.795166356,264082.341861858,2.91479536217517,0,113683.813515207,0,"Johnson County","Missouri",FALSE
"29103",41547.7118561558,16229.5749438109,0.179133104632342,0,8742.70950419582,0,"Knox County","Missouri",FALSE
"29105",312256.031312096,121975.012231287,1.34629296849766,0,65232.094560304,0,"Laclede County","Missouri",FALSE
"29107",395549.673674374,154511.591279052,1.70541379816329,0,36498.2148992727,0,"Lafayette County","Missouri",TRUE
"29109",172388.403101052,67339.2199613484,0.743253201452243,0,35152.8356953953,0,"Lawrence County","Missouri",FALSE
"29111",91153.432384662,35606.8095252586,0.3930083417708,0,24536.2646229005,0,"Lewis County","Missouri",FALSE
"29113",3548417.6236783,1386100.63424934,15.2990149653075,0,481802.661064247,0,"Lincoln County","Missouri",TRUE
"29115",108336.029643089,42318.7615793317,0.467091169802476,0,31674.6900948447,0,"Linn County","Missouri",FALSE
"29117",115991.810663284,45309.3010403453,0.500099096382906,0,17229.2323256486,0,"Livingston County","Missouri",FALSE
"29119",115845.126899094,45252.0026949586,0.499466668821805,0,21321.0019987239,0,"McDonald County","Missouri",FALSE
"29121",132863.860613263,51899.9455520558,0.572842998610674,0,34640.7805100227,0,"Macon County","Missouri",FALSE
"29123",203038.830255578,79312.0430685853,0.875402625071688,0,29639.5608356171,0,"Madison County","Missouri",FALSE
"29125",149554.11751409,58419.5771539416,0.64480309947273,0,27593.4483983614,0,"Maries County","Missouri",FALSE
"29127",457760.887678394,178812.846749373,1.97363766440337,0,108567.740123885,0,"Marion County","Missouri",FALSE
"29129",21696.4233100895,8475.16535550372,0.093544204802653,0,4463.88906391021,0,"Mercer County","Missouri",FALSE
"29131",232718.775974826,90905.7718651663,1.00336781459681,0,50050.6664382962,0,"Miller County","Missouri",FALSE
"29133",86442.1690378335,33766.4722804037,0.372695713412834,0,13312.8604153941,0,"Mississippi County","Missouri",FALSE
"29135",296012.283829711,115629.798370981,1.27625799455114,0,95394.6126091234,0,"Moniteau County","Missouri",TRUE
"29137",227934.037029682,89036.7332147197,0.982738395940346,0,72109.8043789943,0,"Monroe County","Missouri",FALSE
"29139",309192.389412285,120778.277114174,1.33308406575725,0,77685.9887205589,0,"Montgomery County","Missouri",FALSE
"29141",182489.266192338,71284.869606382,0.786803107913343,0,37775.6127739832,0,"Morgan County","Missouri",FALSE
"29143",126420.575013177,49383.0371145222,0.545062750264573,0,23969.2663245081,0,"New Madrid County","Missouri",FALSE
"29145",245257.453731743,95803.6928639622,1.05742836749458,0,46364.6602413625,0,"Newton County","Missouri",TRUE
"29147",157043.912966637,61345.2785025925,0.677095378699102,0,26876.148207609,0,"Nodaway County","Missouri",FALSE
"29149",42459.8451745296,16585.8770213006,0.183065770617044,0,9099.4659130441,0,"Oregon County","Missouri",FALSE
"29151",209948.149828092,82010.9960265984,0.905192180515954,0,40790.9638099453,0,"Osage County","Missouri",TRUE
"29153",44112.0969141954,17231.2878571076,0.190189459757501,0,7975.91215383687,0,"Ozark County","Missouri",FALSE
"29155",112486.866496523,43940.1822252043,0.484987517378781,0,19374.3291024676,0,"Pemiscot County","Missouri",FALSE
"29157",336094.984215312,131287.103209106,1.44907469711661,0,45535.5234796337,0,"Perry County","Missouri",FALSE
"29159",644210.573313028,251644.755200402,2.77751613456051,0,156706.546557257,0,"Pettis County","Missouri",FALSE
"29163",327102.955353794,127774.591935076,1.41030553330599,0,70074.349087143,0,"Pike County","Missouri",FALSE
"29165",1631823.12939821,637430.909921176,7.03561111601038,0,126228.733491546,0,"Platte County","Missouri",TRUE
"29167",219157.81062952,85608.5197771562,0.944899665194829,0,33267.5559661178,0,"Polk County","Missouri",TRUE
"29169",478055.260654763,186740.336193267,2.06113692430028,0,101412.278994756,0,"Pulaski County","Missouri",FALSE
"29171",41495.4143163074,16209.1462173076,0.178907623606814,0,11671.4350673211,0,"Putnam County","Missouri",FALSE
"29173",160320.154163057,62625.0602199441,0.691220904048633,0,38328.8865479387,0,"Ralls County","Missouri",FALSE
"29175",971744.181678192,379587.570968044,4.18967842982762,0,341105.001992554,0,"Randolph County","Missouri",FALSE
"29177",242845.024438731,94861.3376713793,1.04702717018053,0,23434.6529629324,0,"Ray County","Missouri",TRUE
"29179",44100.591281368,17226.7934692844,0.190139853181421,0,8123.39967076677,0,"Reynolds County","Missouri",FALSE
"29181",86766.3131392094,33893.0910700037,0.37409326183689,0,13022.3797660452,0,"Ripley County","Missouri",FALSE
"29183",46191819.6164615,18043679.5376803,199.156191444702,0,5947167.59574232,0,"St. Charles County","Missouri",TRUE
"29185",73179.6928054961,28585.8175021469,0.315514500862876,0,11095.7332449197,0,"St. Clair County","Missouri",FALSE
"29186",436465.403719546,170494.298327948,1.88182211101252,0,54931.4243988385,0,"Ste. Genevieve County","Missouri",FALSE
"29187",1313950.01794574,513261.725760055,5.66510008688888,0,173393.266121119,0,"St. Francois County","Missouri",FALSE
"29195",437122.108039696,170750.823453006,1.88465349398016,0,117928.448376187,0,"Saline County","Missouri",FALSE
"29197",36843.5555989934,14392.0139058568,0.158851118516269,0,9494.77002813313,0,"Schuyler County","Missouri",FALSE
"29199",37745.4530935802,14744.3176146798,0.162739652710999,0,12201.2646389166,0,"Scotland County","Missouri",FALSE
"29201",280161.771828669,109438.192120574,1.20791845675448,0,48745.0957201803,0,"Scott County","Missouri",FALSE
"29203",40513.095410756,15825.4278948265,0.17467235221811,0,7087.07169496227,0,"Shannon County","Missouri",FALSE
"29205",56855.9526746449,22209.3565135332,0.24513463833339,0,14575.7380263353,0,"Shelby County","Missouri",FALSE
"29207",189866.774051584,74166.7086139001,0.818611258789418,0,28405.8150763854,0,"Stoddard County","Missouri",FALSE
"29209",142876.384380879,55811.0876487808,0.616012029769545,0,26059.673624656,0,"Stone County","Missouri",FALSE
"29211",64722.0139766424,25282.0367096259,0.279049189082503,0,16044.8955505022,0,"Sullivan County","Missouri",FALSE
"29213",232113.750893381,90669.4339427268,1.00075924684716,0,43523.2730852011,0,"Taney County","Missouri",FALSE
"29215",122487.913254982,47846.8411152273,0.528107065372627,0,19161.8837805659,0,"Texas County","Missouri",FALSE
"29217",139618.354347605,54538.4196670334,0.601965021913462,0,23079.9265243204,0,"Vernon County","Missouri",FALSE
"29219",2004125.65124852,782861.582518952,8.64079473797233,0,270677.116460135,0,"Warren County","Missouri",TRUE
"29221",548883.249736083,214407.519428157,2.36651204635102,0,92692.1207610311,0,"Washington County","Missouri",FALSE
"29223",78105.6321164958,30510.0125455062,0.336752705389394,0,12457.2617367457,0,"Wayne County","Missouri",FALSE
"29225",152372.220066448,59520.3984634563,0.656953358459889,0,29786.3479487257,0,"Webster County","Missouri",TRUE
"29227",14998.3480697187,5858.72971473388,0.0646654300334748,0,2586.29715388665,0,"Worth County","Missouri",FALSE
"29229",80060.5986374158,31273.6713427405,0.345181550365433,0,15628.4971626273,0,"Wright County","Missouri",FALSE
"42001",1886511.79714828,736918.670761047,8.13370219565151,0,313683.28613727,0,"Adams County","Pennsylvania",TRUE
"42005",3278227.45557761,1280557.599835,14.1340891128182,0,373879.347926271,0,"Armstrong County","Pennsylvania",TRUE
"42007",13267331.3220301,5182551.297668,57.2021452861077,0,1467104.49967243,0,"Beaver County","Pennsylvania",TRUE
"42009",998056.702689259,389865.899487992,4.30312495597411,0,166132.716295655,0,"Bedford County","Pennsylvania",FALSE
"42011",5375027.41326709,2099620.08330746,23.1744494463616,0,1125245.14490343,0,"Berks County","Pennsylvania",TRUE
"42013",3393332.36309429,1325520.45433371,14.6303643231901,0,503783.323326857,0,"Blair County","Pennsylvania",TRUE
"42015",957274.56141586,373935.37555307,4.12729261158048,0,1597386.83665178,0,"Bradford County","Pennsylvania",FALSE
"42019",13330214.4506797,5207115.01979675,57.4732661146866,0,1447670.25718791,0,"Butler County","Pennsylvania",TRUE
"42021",2340272.44418231,914168.923508714,10.0900928085594,0,349259.701084964,0,"Cambria County","Pennsylvania",TRUE
"42023",48796.3655022883,19061.0802743314,0.21038570011899,0,7705.74321961807,0,"Cameron County","Pennsylvania",FALSE
"42025",985419.226234342,384929.38524779,4.24863843214519,0,307449.778262975,0,"Carbon County","Pennsylvania",TRUE
"42031",548480.2436663,214250.095182148,2.36477448427502,0,82857.4162015086,0,"Clarion County","Pennsylvania",FALSE
"42033",3337273.45572625,1303622.44364307,14.3886661484771,0,550357.342184584,0,"Clearfield County","Pennsylvania",FALSE
"42035",1645949.01206838,642948.832839212,7.09651490842958,0,265757.333893117,0,"Clinton County","Pennsylvania",FALSE
"42037",1504578.45191276,587725.957778422,6.48699524506121,0,195789.592730618,0,"Columbia County","Pennsylvania",FALSE
"42039",827388.398495635,323198.593162358,3.56728796696286,0,140157.209021917,0,"Crawford County","Pennsylvania",FALSE
"42041",8851383.52575794,3457571.6897492,38.1627709547539,0,2103142.4483799,0,"Cumberland County","Pennsylvania",TRUE
"42047",260194.155555681,101638.342013938,1.12182800952428,0,61616.1202259337,0,"Elk County","Pennsylvania",FALSE
"42049",2735825.0951282,1068681.67778445,11.7955194432392,0,469458.13566545,0,"Erie County","Pennsylvania",TRUE
"42051",4294917.18480644,1677702.02531501,18.5175504277304,0,407034.914634618,0,"Fayette County","Pennsylvania",TRUE
"42053",101559.157201628,39671.5457818861,0.437872660625866,0,17135.8461858135,0,"Forest County","Pennsylvania",FALSE
"42057",285893.12724674,111677.002830758,1.23262921563682,0,48540.2077881942,0,"Fulton County","Pennsylvania",FALSE
"42059",1641756.87692315,641311.280048105,7.07844050312408,0,134608.941122339,0,"Greene County","Pennsylvania",FALSE
"42063",1900385.79648062,742338.201750243,8.19351999218081,0,241819.040089915,0,"Indiana County","Pennsylvania",FALSE
"42065",867323.987551831,338798.432637434,3.7394703985183,0,139500.694509765,0,"Jefferson County","Pennsylvania",FALSE
"42067",680198.187152153,265702.41685631,2.93267685719263,0,141708.971397956,0,"Juniata County","Pennsylvania",FALSE
"42069",2239808.82835402,874925.323575791,9.6569435783872,0,638271.139128867,0,"Lackawanna County","Pennsylvania",TRUE
"42073",2594259.48717031,1013382.6121759,11.1851588305908,0,299744.129438601,0,"Lawrence County","Pennsylvania",TRUE
"42075",4810415.49946717,1879068.55447936,20.7401232100203,0,1156440.75148728,0,"Lebanon County","Pennsylvania",TRUE
"42077",6589875.37393636,2574170.06794389,28.412270667525,0,1929225.04814775,0,"Lehigh County","Pennsylvania",TRUE
"42079",3463029.78298513,1352746.00897856,14.9308649922313,0,965184.603311307,0,"Luzerne County","Pennsylvania",TRUE
"42081",2202752.43305175,860450.169160839,9.4971748007476,0,1145375.11593224,0,"Lycoming County","Pennsylvania",TRUE
"42083",396959.966427369,155062.486885691,1.71149428028849,0,121184.708289892,0,"McKean County","Pennsylvania",FALSE
"42085",1775055.43751209,693381.030278161,7.65315771219661,0,235935.485479387,0,"Mercer County","Pennsylvania",FALSE
"42087",2065716.92505161,806920.673848284,8.90634572987306,0,355272.726727462,0,"Mifflin County","Pennsylvania",FALSE
"42089",2886234.74141425,1127435.44586494,12.4440111579973,0,2299112.01610018,0,"Monroe County","Pennsylvania",FALSE
"42097",2569630.62638433,1003761.96343138,11.0789714113793,0,287658.649245426,0,"Northumberland County","Pennsylvania",FALSE
"42099",1740255.28218334,679787.219602867,7.50311672107514,0,416824.977708435,0,"Perry County","Pennsylvania",TRUE
"42103",837686.207973653,327221.174989708,3.61168700845752,0,725471.373975932,0,"Pike County","Pennsylvania",FALSE
"42105",145921.269435119,57000.4958730932,0.629140062304838,0,22199.6029989389,0,"Potter County","Pennsylvania",FALSE
"42107",2430750.75949879,949512.015429216,10.4801903807352,0,494273.120325063,0,"Schuylkill County","Pennsylvania",FALSE
"42109",837730.643484749,327238.53261123,3.61187859231865,0,134334.671004899,0,"Snyder County","Pennsylvania",FALSE
"42111",1189439.45027431,464624.785263401,5.12827233994245,0,167752.465885972,0,"Somerset County","Pennsylvania",FALSE
"42113",99763.9863905244,38970.3071837986,0.430132775410243,0,131722.068498925,0,"Sullivan County","Pennsylvania",FALSE
"42115",631609.061373579,246722.289599054,2.72318467186552,0,384086.699750968,0,"Susquehanna County","Pennsylvania",FALSE
"42117",656091.341542711,256285.680290121,2.82874010823609,0,1154118.87976705,0,"Tioga County","Pennsylvania",FALSE
"42121",732842.404260234,286266.564164154,3.15965258293557,0,99221.4705049676,0,"Venango County","Pennsylvania",FALSE
"42123",399396.52624255,156014.268063496,1.72199951643307,0,67028.5892392062,0,"Warren County","Pennsylvania",FALSE
"42125",15796583.3310772,6170540.36370204,68.1070241479523,0,1745266.40485082,0,"Washington County","Pennsylvania",TRUE
"42127",677390.262862934,264605.571430834,2.92057048182251,0,577430.518670417,0,"Wayne County","Pennsylvania",FALSE
"42129",26336319.065084,10287624.6347984,113.549131539417,0,2847645.01362871,0,"Westmoreland County","Pennsylvania",TRUE
"42131",259163.583227317,101235.774698171,1.11738469333476,0,67949.3321605587,0,"Wyoming County","Pennsylvania",TRUE
"42133",13065963.2028001,5103891.87609377,56.333945937452,0,2011222.54014184,0,"York County","Pennsylvania",TRUE
"44001",3501049.95155746,1367597.63732713,15.0947890816875,0,18206439.7104089,0,"Bristol County","Rhode Island",TRUE
"45001",169620.739394327,66258.1013259091,0.731320409724018,0,56637.7467815778,0,"Abbeville County","South Carolina",FALSE
"45005",89060.3295322431,34789.1912235324,0.38398392151953,0,33190.5898656298,0,"Allendale County","South Carolina",FALSE
"45007",2360143.99667764,921931.248702203,10.1757690764771,0,352243.186055932,0,"Anderson County","South Carolina",TRUE
"45009",150053.514949878,58614.654277296,0.64695625325958,0,101179.042531009,0,"Bamberg County","South Carolina",FALSE
"45011",221844.849719171,86658.1444215513,0.956484843605235,0,100353.791198347,0,"Barnwell County","South Carolina",FALSE
"45013",1066662.13097057,416664.89491038,4.59891749938086,0,244344.973958157,0,"Beaufort County","South Carolina",TRUE
"45015",9872373.93952369,3856396.07012644,42.5647746860525,0,1060364.94330534,0,"Berkeley County","South Carolina",TRUE
"45017",257021.084443252,100398.861110645,1.10814730235185,0,210417.645247126,0,"Calhoun County","South Carolina",TRUE
"45021",379493.213643064,148239.536579322,1.63618631471554,0,104262.399895805,0,"Cherokee County","South Carolina",FALSE
"45023",223019.397871388,87116.9522935109,0.961548912061645,0,64057.5817945985,0,"Chester County","South Carolina",TRUE
"45025",307477.158264007,120108.264946878,1.32568884067682,0,109821.06797016,0,"Chesterfield County","South Carolina",FALSE
"45027",292801.674988492,114375.65429238,1.26241544333006,0,95632.180287191,0,"Clarendon County","South Carolina",FALSE
"45029",757558.717243949,295921.373923418,3.26621705260279,0,145438.287811816,0,"Colleton County","South Carolina",FALSE
"45031",346768.306773238,135456.369833296,1.4950927645655,0,130472.674976829,0,"Darlington County","South Carolina",TRUE
"45033",176819.709601571,69070.1990631136,0.762358794890545,0,62177.2704535132,0,"Dillon County","South Carolina",FALSE
"45035",7569905.63894223,2956994.39021181,32.637674574531,0,846927.15146591,0,"Dorchester County","South Carolina",TRUE
"45037",744808.717069447,290940.905105253,3.21124538236427,0,201563.471013249,0,"Edgefield County","South Carolina",TRUE
"45039",472351.592838451,184512.34095252,2.03654554060953,0,263816.872576052,0,"Fairfield County","South Carolina",TRUE
"45041",811821.505469683,317117.775574095,3.50017125336687,0,310792.033311985,0,"Florence County","South Carolina",TRUE
"45043",625986.796638194,244526.092436794,2.69894425784221,0,135336.042618805,0,"Georgetown County","South Carolina",FALSE
"45049",187654.872647484,73302.6846279235,0.809074638168074,0,56258.6787248297,0,"Hampton County","South Carolina",FALSE
"45051",1758169.52768105,686784.97175041,7.58035405304329,0,482158.847675858,0,"Horry County","South Carolina",TRUE
"45053",157178.113574261,61397.7006149456,0.677673985087114,0,36106.5355725944,0,"Jasper County","South Carolina",TRUE
"45055",1330847.60435372,519862.345450672,5.73795408964441,0,774238.84352911,0,"Kershaw County","South Carolina",TRUE
"45057",614742.136618065,240133.647116432,2.65046286693157,0,206533.212642126,0,"Lancaster County","South Carolina",TRUE
"45059",556608.295798822,217425.115546415,2.39981860940405,0,171024.261776851,0,"Laurens County","South Carolina",TRUE
"45061",186850.795202534,72988.5918759899,0.805607855458657,0,89869.9098126135,0,"Lee County","South Carolina",FALSE
"45065",139511.993036705,54496.8722799628,0.601506444750408,0,38738.4198472395,0,"McCormick County","South Carolina",FALSE
"45067",210353.629241747,82169.3864225573,0.90694040642269,0,75596.5288557914,0,"Marion County","South Carolina",FALSE
"45069",168032.591344314,65637.7309938725,0.724473103865161,0,56172.5054647083,0,"Marlboro County","South Carolina",FALSE
"45071",478308.201179007,186839.14108555,2.06222747825309,0,233089.726263736,0,"Newberry County","South Carolina",FALSE
"45073",1265122.08412451,494188.314111136,5.45457827985261,0,162659.025733731,0,"Oconee County","South Carolina",FALSE
"45081",188477.486376004,73624.0181156266,0.812621340128777,0,59930.7805503952,0,"Saluda County","South Carolina",TRUE
"45085",1042267.70484732,407135.822205986,4.49374084603565,0,504281.560079762,0,"Sumter County","South Carolina",TRUE
"45087",184381.497030041,72024.0222773596,0.794961467772299,0,52246.7517728639,0,"Union County","South Carolina",TRUE
"45089",312413.128419834,122036.378288998,1.34697029322581,0,85313.0371164369,0,"Williamsburg County","South Carolina",FALSE
"46003",18574.7031220414,7255.74340704744,0.0800848973198594,0,534.636474351184,0,"Aurora County","South Dakota",FALSE
"46005",77071.884239497,30106.2047810535,0.332295697810854,0,3793.8211566301,0,"Beadle County","South Dakota",FALSE
"46007",4457.79582149934,1741.32649277318,0.0192198022381333,0,1110.37427273319,0,"Bennett County","South Dakota",FALSE
"46009",51053.2622978866,19942.680585112,0.220116318527773,0,2227.78327479562,0,"Bon Homme County","South Dakota",FALSE
"46013",137821.055732134,53836.3498953647,0.594215962661883,0,2846.34055874129,0,"Brown County","South Dakota",FALSE
"46015",30942.0727776825,12086.7471787822,0.133406854741266,0,719.030806138658,0,"Brule County","South Dakota",FALSE
"46017",3004.81413721984,1173.7555223515,0.0129552666367496,0,30.5667315080418,0,"Buffalo County","South Dakota",FALSE
"46019",21304.8400255283,8322.203134972,0.0918558921049904,0,164.869028797406,0,"Butte County","South Dakota",FALSE
"46021",7211.62483253385,2817.04095020854,0.0310929456276202,0,108.908253289881,0,"Campbell County","South Dakota",FALSE
"46023",31154.5359508488,12169.7406058003,0.13432289045368,0,607.30745291455,0,"Charles Mix County","South Dakota",FALSE
"46025",17483.173942937,6829.36482145977,0.0753787654556855,0,393.686269993658,0,"Clark County","South Dakota",FALSE
"46029",209361.021206158,81781.6489086555,0.902660773413931,0,3930.57663336272,0,"Codington County","South Dakota",FALSE
"46031",6615.3436921687,2584.1186297534,0.0285220774104455,0,35.3020038107382,0,"Corson County","South Dakota",FALSE
"46033",11239.0598426259,4390.25775102574,0.0484572457257947,0,162.244900172072,0,"Custer County","South Dakota",TRUE
"46035",140732.671768891,54973.6999097229,0.606769405363309,0,1815.19877637266,0,"Davison County","South Dakota",FALSE
"46037",27658.4615789892,10804.0865542927,0.11924955360122,0,2110.73359984606,0,"Day County","South Dakota",FALSE
"46039",48300.9291859611,18867.550463266,0.208249624712514,0,265.483316241025,0,"Deuel County","South Dakota",FALSE
"46043",16732.4504163894,6536.11344390212,0.0721420183516188,0,186.462745155206,0,"Douglas County","South Dakota",FALSE
"46045",15824.7748636274,6181.55268110447,0.0682285720389059,0,258.717180241362,0,"Edmunds County","South Dakota",FALSE
"46047",11859.2651917324,4632.52546552046,0.0511312632524319,0,410.97232128084,0,"Fall River County","South Dakota",FALSE
"46049",9169.2734379442,3581.74743669695,0.0395333544202977,0,125.408228122984,0,"Faulk County","South Dakota",FALSE
"46051",38006.6193852909,14846.3356973792,0.163865672088948,0,739.355906819356,0,"Grant County","South Dakota",FALSE
"46053",25005.7082774293,9767.85479587082,0.107812198485797,0,359.872526700225,0,"Gregory County","South Dakota",FALSE
"46055",2634.2809858862,1029.0160101118,0.0113577116619438,0,11.3489779910835,0,"Haakon County","South Dakota",FALSE
"46057",52085.7671146385,20346.0027791557,0.224567966647722,0,858.723794032854,0,"Hamlin County","South Dakota",FALSE
"46059",14581.6172759692,5695.94424842548,0.0628686937622043,0,156.408027491178,0,"Hand County","South Dakota",FALSE
"46061",23807.6654261963,9299.86930710793,0.102646832552603,0,546.127818266198,0,"Hanson County","South Dakota",FALSE
"46063",1252.36248566285,489.20409596205,0.00539956522656553,0,16.3073492995808,0,"Harding County","South Dakota",FALSE
"46065",86695.3223861128,33865.3603070753,0.37378718495722,0,1922.41254959577,0,"Hughes County","South Dakota",FALSE
"46067",47815.0489314516,18677.7534888483,0.206154750299907,0,1010.51924388288,0,"Hutchinson County","South Dakota",FALSE
"46069",3304.20420174212,1290.70476630552,0.0142460879445423,0,72.1973434796367,0,"Hyde County","South Dakota",FALSE
"46071",2924.22378452376,1142.2749158296,0.0126078010499119,0,4.43047765233335,0,"Jackson County","South Dakota",FALSE
"46073",9540.14330303423,3726.61847774774,0.0411323611376391,0,75.6107378363647,0,"Jerauld County","South Dakota",FALSE
"46075",1610.67092989047,629.168331988466,0.00694441333403041,0,45.1500261068726,0,"Jones County","South Dakota",FALSE
"46077",66899.5991644254,26132.6559236037,0.288437855217464,0,1257.79202216477,0,"Kingsbury County","South Dakota",FALSE
"46079",160327.550082737,62627.9492510693,0.69125279158214,0,1805.97045218315,0,"Lake County","South Dakota",FALSE
"46083",2343100.94659885,915273.807265174,10.1022879065973,0,9355.23579405999,0,"Lincoln County","South Dakota",TRUE
"46085",12332.1172166746,4817.2332877635,0.0531699664078027,0,794.19541925793,0,"Lyman County","South Dakota",FALSE
"46087",116348.965110769,45448.8144963943,0.501638969029391,0,358.880178861073,0,"McCook County","South Dakota",TRUE
"46089",6881.91883151319,2688.24954355984,0.0296714170538392,0,40.3154099680177,0,"McPherson County","South Dakota",FALSE
"46091",12875.8155732393,5029.61545829659,0.0555141237691548,0,173.687425176313,0,"Marshall County","South Dakota",FALSE
"46093",50288.7182414433,19644.0305630638,0.21681998416084,0,2927.86279339154,0,"Meade County","South Dakota",TRUE
"46095",1354.72174458439,529.188181478277,0.00584088752854844,0,30.0755359853168,0,"Mellette County","South Dakota",FALSE
"46097",21092.2183572409,8239.14779579722,0.0909391730403087,0,1230.49542616789,0,"Miner County","South Dakota",FALSE
"46101",124202.610929249,48516.6448942377,0.535499990377996,0,1263.67228910677,0,"Moody County","South Dakota",FALSE
"46102",4950.4751718296,1933.77936399594,0.0213439909760945,0,74.6500930548876,0,"Oglala Lakota County","South Dakota",FALSE
"46105",4980.44095587767,1945.48474838972,0.0214731885585717,0,654.353405643276,0,"Perkins County","South Dakota",FALSE
"46107",6049.32073399378,2363.01591171632,0.0260816674513581,0,51.1801045720387,0,"Potter County","South Dakota",FALSE
"46109",26741.3635487286,10445.8451362221,0.115295482243896,0,879.046951387848,0,"Roberts County","South Dakota",FALSE
"46111",11754.5413017827,4591.61769600889,0.050679745835521,0,202.810595410488,0,"Sanborn County","South Dakota",FALSE
"46115",25434.2294936045,9935.24589593928,0.109659769204494,0,261.71207910176,0,"Spink County","South Dakota",FALSE
"46117",9346.80533024046,3651.09583212518,0.0402987837933613,0,302.698060454598,0,"Stanley County","South Dakota",FALSE
"46119",6676.01164518759,2607.8170489014,0.0287836475015636,0,147.035058342497,0,"Sully County","South Dakota",FALSE
"46121",7831.11388026325,3059.02885947783,0.0337638748183708,0,97.1748157485612,0,"Todd County","South Dakota",FALSE
"46123",21686.4419577115,8471.26638973104,0.093501170167049,0,955.268701657605,0,"Tripp County","South Dakota",FALSE
"46125",181115.959459921,70748.4216640318,0.780882091144911,0,2879.36533748236,0,"Turner County","South Dakota",TRUE
"46127",164025.910155008,64072.6211543,0.707198283937719,0,8586.25609622222,0,"Union County","South Dakota",TRUE
"46129",17510.0664161323,6839.86969380169,0.075494712447698,0,808.068732074793,0,"Walworth County","South Dakota",FALSE
"46135",217819.029623507,85085.5584466823,0.939127506216248,0,9815.96076775576,0,"Yankton County","South Dakota",FALSE
"46137",14586.3819748328,5697.80545891907,0.0628892367779792,0,21.3018346882706,0,"Ziebach County","South Dakota",FALSE
"47003",1419620.49961197,554539.257660926,6.12069873728874,0,107754.291553326,0,"Bedford County","Tennessee",FALSE
"47005",228940.829944212,89430.0116969579,0.987079187104152,0,19449.3350738488,0,"Benton County","Tennessee",FALSE
"47007",118213.498238029,46177.1477492299,0.509677910113129,0,9582.51758308788,0,"Bledsoe County","Tennessee",FALSE
"47009",1204489.11457432,470503.560380595,5.19315902008191,0,78084.1582526624,0,"Blount County","Tennessee",TRUE
"47011",916381.455921282,357961.506219251,3.95098184456008,0,75986.029195976,0,"Bradley County","Tennessee",TRUE
"47013",306399.627597739,119687.354530367,1.32104306344958,0,17676.9938489183,0,"Campbell County","Tennessee",TRUE
"47015",463130.857678362,180910.49128061,1.99679030879465,0,33257.0068126538,0,"Cannon County","Tennessee",TRUE
"47017",411011.641284493,160551.422376755,1.77207812546282,0,32442.3599754917,0,"Carroll County","Tennessee",FALSE
"47019",558677.730042037,218233.488297671,2.40874098236415,0,206430.796132611,0,"Carter County","Tennessee",TRUE
"47021",5750552.78732865,2246309.68255025,24.7935284068773,0,405913.950809278,0,"Cheatham County","Tennessee",TRUE
"47023",228844.537994101,89392.3976539456,0.986664024025274,0,14368.2320223214,0,"Chester County","Tennessee",TRUE
"47025",200278.229131557,78233.6832545143,0.863500283693428,0,14924.8069836673,0,"Claiborne County","Tennessee",FALSE
"47027",133631.534904186,52199.8183219478,0.576152828994491,0,10168.949982312,0,"Clay County","Tennessee",FALSE
"47029",277154.094921037,108263.31832853,1.19495084727311,0,24109.2856112265,0,"Cocke County","Tennessee",FALSE
"47031",822646.065495489,321346.119334175,3.54684138168621,0,66653.8442135302,0,"Coffee County","Tennessee",FALSE
"47033",164280.130900131,64171.9261328636,0.70829435756732,0,11787.602358042,0,"Crockett County","Tennessee",TRUE
"47035",682194.214738766,266482.11513233,2.94128273709667,0,53096.8300854218,0,"Cumberland County","Tennessee",FALSE
"47039",155699.372323249,60820.0673137691,0.671298387023885,0,8487.59215239109,0,"Decatur County","Tennessee",FALSE
"47041",512896.986499382,200350.385351321,2.21135714684596,0,39372.4640300525,0,"DeKalb County","Tennessee",FALSE
"47043",4100813.85845079,1601880.41345734,17.6806732589002,0,292382.954967942,0,"Dickson County","Tennessee",TRUE
"47045",443072.373247802,173075.145799923,1.91030808318604,0,25548.4822264943,0,"Dyer County","Tennessee",FALSE
"47047",2467126.2043197,963721.173562384,10.6370232379985,0,63063.5288297607,0,"Fayette County","Tennessee",TRUE
"47049",200079.881732257,78156.2038016629,0.862645108189292,0,16299.1231071104,0,"Fentress County","Tennessee",FALSE
"47051",654584.651806085,255697.129611752,2.82224401017962,0,53871.5113507994,0,"Franklin County","Tennessee",FALSE
"47053",544982.06140032,212883.6177345,2.3496920592297,0,37147.6150634236,0,"Gibson County","Tennessee",TRUE
"47055",575931.482118042,224973.23520236,2.48313059464009,0,45776.8247267504,0,"Giles County","Tennessee",FALSE
"47057",197758.508088667,77249.4172221357,0.852636497625428,0,13790.7705853541,0,"Grainger County","Tennessee",TRUE
"47059",380250.58314157,148535.384039676,1.63945171595089,0,89569.704016294,0,"Greene County","Tennessee",FALSE
"47061",118750.141473803,46386.7740132041,0.511991649296576,0,10360.7833023755,0,"Grundy County","Tennessee",FALSE
"47063",463078.257476227,180889.944326651,1.99656352283962,0,41254.9724718159,0,"Hamblen County","Tennessee",TRUE
"47067",42862.9545108936,16743.3416058178,0.18480377792727,0,3599.58340137878,0,"Hancock County","Tennessee",FALSE
"47069",368987.711459562,144135.824788891,1.59089180539652,0,21191.1626950949,0,"Hardeman County","Tennessee",FALSE
"47071",311519.191337224,121687.184116103,1.34311608037509,0,15601.2577085485,0,"Hardin County","Tennessee",FALSE
"47073",298043.499525564,116423.242002174,1.28501558811095,0,73087.8489146009,0,"Hawkins County","Tennessee",TRUE
"47075",273872.033745126,106981.26318169,1.18080022906169,0,17326.1762719523,0,"Haywood County","Tennessee",FALSE
"47077",346650.279297313,135410.265350513,1.49458388869123,0,21029.5767889069,0,"Henderson County","Tennessee",FALSE
"47079",464378.680269231,181397.921980169,2.00217030024897,0,40234.9176561367,0,"Henry County","Tennessee",FALSE
"47081",598922.668265321,233954.167291141,2.58225717393285,0,44550.1186022916,0,"Hickman County","Tennessee",TRUE
"47083",110533.731854695,43177.2390057404,0.47656657055584,0,8267.92823158847,0,"Houston County","Tennessee",FALSE
"47085",250751.173904322,97949.6773063759,1.08111456118685,0,19144.0110901087,0,"Humphreys County","Tennessee",FALSE
"47087",302753.6227358,118263.133881172,1.30532330076602,0,21656.8605003934,0,"Jackson County","Tennessee",FALSE
"47089",450826.578209155,176104.132112951,1.94374036493218,0,32178.8886851961,0,"Jefferson County","Tennessee",TRUE
"47091",94264.2105507913,36821.9572464029,0.406420472687913,0,15770.6893701317,0,"Johnson County","Tennessee",FALSE
"47095",89655.6855738345,35021.7521772791,0.386550801170114,0,5982.54207505482,0,"Lake County","Tennessee",FALSE
"47097",499858.676973572,195257.295692802,2.15514242983334,0,23124.3653846813,0,"Lauderdale County","Tennessee",FALSE
"47099",872889.041834136,340972.281966459,3.76346414947354,0,73300.2716600234,0,"Lawrence County","Tennessee",FALSE
"47101",259019.116107488,101179.342229487,1.11676182284356,0,20477.9577895628,0,"Lewis County","Tennessee",FALSE
"47103",571473.779008976,223231.944925381,2.46391119213194,0,41955.194271593,0,"Lincoln County","Tennessee",FALSE
"47105",456068.304078182,178151.68128054,1.96634008430545,0,35514.3358120755,0,"Loudon County","Tennessee",TRUE
"47107",497420.634000624,194304.935156494,2.14463079904887,0,41231.7897426443,0,"McMinn County","Tennessee",FALSE
"47109",322063.216354923,125805.943888642,1.38857668102816,0,20558.3006450402,0,"McNairy County","Tennessee",FALSE
"47111",728609.831684907,284613.215501917,3.14140383150914,0,54956.1062869045,0,"Macon County","Tennessee",TRUE
"47113",1448605.16628287,565861.393079247,6.24566622877101,0,84435.2327936439,0,"Madison County","Tennessee",TRUE
"47115",238066.109374674,92994.573974482,1.02642286120769,0,19801.3243298634,0,"Marion County","Tennessee",TRUE
"47117",1261271.95041901,492684.355632425,5.43797841494781,0,93332.962319266,0,"Marshall County","Tennessee",FALSE
"47119",4572055.07889353,1785959.01519278,19.7124314250514,0,328431.53434362,0,"Maury County","Tennessee",TRUE
"47121",94197.6350701043,36795.9511992595,0.406133432270642,0,7075.18243658656,0,"Meigs County","Tennessee",FALSE
"47123",333017.460747429,130084.945604464,1.43580594394701,0,26565.2229727116,0,"Monroe County","Tennessee",FALSE
"47125",5467364.01856454,2135689.06975177,23.5725590422741,0,421589.866767133,0,"Montgomery County","Tennessee",TRUE
"47127",102125.1169158,39892.6237952343,0.440312797908211,0,8171.31336246319,0,"Moore County","Tennessee",FALSE
"47129",155162.73303818,60610.442593039,0.668984664873917,0,10703.0239936995,0,"Morgan County","Tennessee",TRUE
"47131",359837.619728527,140561.570206456,1.55144115297249,0,26557.3553417655,0,"Obion County","Tennessee",FALSE
"47133",478592.200034326,186950.078138409,2.06345194030871,0,36376.2460717298,0,"Overton County","Tennessee",FALSE
"47135",148598.1032765,58046.1340923829,0.640681240751721,0,12006.2978881172,0,"Perry County","Tennessee",FALSE
"47137",84663.3713360335,33071.6294281381,0.365026420915103,0,6398.5391405433,0,"Pickett County","Tennessee",FALSE
"47139",163819.081441429,63991.8286880581,0.706306541217473,0,12789.145081038,0,"Polk County","Tennessee",TRUE
"47141",1007623.26311429,393602.837154019,4.3443712146254,0,77236.8990085143,0,"Putnam County","Tennessee",FALSE
"47143",284447.010439424,111112.1134529,1.22639427797641,0,26002.5984768506,0,"Rhea County","Tennessee",FALSE
"47145",531560.462573162,207640.805692641,2.29182478905698,0,36419.8633223347,0,"Roane County","Tennessee",TRUE
"47147",7561308.83209802,2953636.26253829,32.600609411827,0,535981.834156643,0,"Robertson County","Tennessee",TRUE
"47151",148638.967860094,58062.0968203491,0.640857428546465,0,10575.1751352548,0,"Scott County","Tennessee",FALSE
"47153",119449.497056108,46659.9597875421,0.515006923329813,0,9526.28515504059,0,"Sequatchie County","Tennessee",TRUE
"47155",758083.012649797,296126.176816327,3.26847755407443,0,54267.4059819985,0,"Sevier County","Tennessee",FALSE
"47159",835108.215291262,326214.146598149,3.60057198401249,0,59532.6243196124,0,"Smith County","Tennessee",TRUE
"47161",178525.916084648,69736.6859705655,0.769715110095472,0,18434.3004805901,0,"Stewart County","Tennessee",TRUE
"47163",1144368.43095721,447018.918342659,4.93394848289905,0,341688.30640252,0,"Sullivan County","Tennessee",TRUE
"47165",19109904.0420511,7464806.26642622,82.3924179538559,0,1347582.48881452,0,"Sumner County","Tennessee",TRUE
"47169",421953.562891274,164825.610504404,1.81925425864802,0,32025.8626335856,0,"Trousdale County","Tennessee",TRUE
"47171",157486.466427201,61518.1509481255,0.679003449488443,0,57125.0480739003,0,"Unicoi County","Tennessee",TRUE
"47173",222180.446515476,86789.2369201079,0.957931770363437,0,14676.366421975,0,"Union County","Tennessee",TRUE
"47175",141255.604751204,55177.970605939,0.609024032741123,0,10096.5677381155,0,"Van Buren County","Tennessee",FALSE
"47177",991042.313923626,387125.903876416,4.27288239433711,0,73689.7046994013,0,"Warren County","Tennessee",FALSE
"47181",337380.057486614,131789.084955709,1.45461529500958,0,25398.6330477516,0,"Wayne County","Tennessee",FALSE
"47185",333050.329547923,130097.784979657,1.43594765789502,0,26909.4789134368,0,"White County","Tennessee",FALSE
"47187",22259229.7690515,8695011.62853574,95.9707468141611,0,1598456.38922646,0,"Williamson County","Tennessee",TRUE
"47189",15219305.501513,5945041.2115285,65.6180887716004,0,1078107.58038534,0,"Wilson County","Tennessee",TRUE
"48001",509733.466787048,199114.63546369,2.19771762056836,0,110251.525093609,0,"Anderson County","Texas",FALSE
"48003",58226.4117573982,22744.6920927337,0.251043377450363,0,12314.333033965,0,"Andrews County","Texas",FALSE
"48005",781419.944231033,305242.165715247,3.36909481601205,0,284472.023568665,0,"Angelina County","Texas",FALSE
"48007",193129.949299911,75441.3864452777,0.832680450258154,0,50359.4180530998,0,"Aransas County","Texas",TRUE
"48009",37876.3777039255,14795.4600405959,0.163304134625314,0,14125.4113553815,0,"Archer County","Texas",TRUE
"48011",3360.30059378515,1312.61741944732,0.0144879477345622,0,584.310722664684,0,"Armstrong County","Texas",TRUE
"48013",996750.47993679,389355.656225309,4.29749317201929,0,225794.579733391,0,"Atascosa County","Texas",TRUE
"48015",1067898.15850876,417147.718167486,4.60424663642441,0,165147.000175639,0,"Austin County","Texas",TRUE
"48017",32961.1972764373,12875.4676861083,0.142112317062594,0,3129.15253577842,0,"Bailey County","Texas",FALSE
"48019",386456.531214531,150959.582505676,1.6662086827207,0,86707.8004045471,0,"Bandera County","Texas",TRUE
"48021",1888688.305642,737768.869391405,8.14308621961625,0,388834.511497121,0,"Bastrop County","Texas",TRUE
"48023",14592.2581821456,5700.10085240062,0.0629145720663109,0,4229.70272795638,0,"Baylor County","Texas",FALSE
"48025",239274.239471285,93466.4997934708,1.03163171833453,0,65987.0414329474,0,"Bee County","Texas",FALSE
"48027",2678139.50670126,1046148.24480518,11.5468078274651,0,807239.071817525,0,"Bell County","Texas",TRUE
"48031",106662.25550413,41664.9435563007,0.459874686762371,0,29723.6470507488,0,"Blanco County","Texas",FALSE
"48033",2494.30684931493,974.338613013643,0.0107542126837316,0,420.670551508017,0,"Borden County","Texas",FALSE
"48035",145529.391791242,56847.4186684541,0.627450480475962,0,116999.358655978,0,"Bosque County","Texas",TRUE
"48037",392267.341469525,153229.430261533,1.69126201140966,0,111844.752356968,0,"Bowie County","Texas",TRUE
"48043",37808.6367184109,14768.9987181293,0.163012069129912,0,14530.4798290657,0,"Brewster County","Texas",FALSE
"48045",4689.93818031074,1832.00710168388,0.0202206848281188,0,518.933222673561,0,"Briscoe County","Texas",FALSE
"48047",48332.3121768093,18879.8094440661,0.208384932587055,0,4824.56962735717,0,"Brooks County","Texas",FALSE
"48049",301084.671201525,117611.199688096,1.29812761040284,0,79089.0053765999,0,"Brown County","Texas",FALSE
"48051",1144234.77119884,446966.707499548,4.93337220838451,0,213753.884035719,0,"Burleson County","Texas",TRUE
"48053",521359.267910011,203655.964027348,2.24784230267372,0,120658.2965943,0,"Burnet County","Texas",FALSE
"48055",838440.591865244,327515.856197361,3.61493953723824,0,267552.130326012,0,"Caldwell County","Texas",TRUE
"48057",279462.280798081,109164.95343675,1.20490259873549,0,107255.852681354,0,"Calhoun County","Texas",FALSE
"48059",72777.44516676,28428.6895182656,0.313780208764979,0,25866.6671521529,0,"Callahan County","Texas",TRUE
"48061",1897614.96754305,741255.846696506,8.18157355354876,0,345336.170619399,0,"Cameron County","Texas",TRUE
"48063",95565.0042921935,37330.0798016381,0.412028849442581,0,14962.338670037,0,"Camp County","Texas",FALSE
"48065",13221.4701975542,5164.63679591959,0.0570044148879153,0,3172.94671897228,0,"Carson County","Texas",TRUE
"48067",135329.357006202,52863.0300805478,0.583472994911221,0,29739.9425648959,0,"Cass County","Texas",FALSE
"48069",19687.2162125793,7690.3188330388,0.0848815013913938,0,3548.46358470387,0,"Castro County","Texas",FALSE
"48071",2161083.47561472,844173.232662,9.31751894537029,0,674982.498172322,0,"Chambers County","Texas",TRUE
"48073",561880.346023605,219484.510165471,2.42254907234297,0,189781.350161505,0,"Cherokee County","Texas",FALSE
"48075",18130.4155597965,7082.19357804552,0.0781693499450724,0,2948.79683739028,0,"Childress County","Texas",FALSE
"48077",50297.3383127638,19647.3977784234,0.216857149628415,0,23147.8635634299,0,"Clay County","Texas",TRUE
"48079",19372.3187374543,7567.3120068181,0.0835238198286806,0,1825.83169248703,0,"Cochran County","Texas",TRUE
"48081",11956.8279386977,4670.63591355378,0.05155190537638,0,3780.12112125714,0,"Coke County","Texas",FALSE
"48083",63200.6436216886,24687.7514147221,0.272489795488892,0,16787.3233738577,0,"Coleman County","Texas",FALSE
"48087",6682.52776161612,2610.3624068813,0.0288117417602806,0,1720.02328655446,0,"Collingsworth County","Texas",FALSE
"48089",526479.259527973,205655.960753115,2.26991716439877,0,165603.305753457,0,"Colorado County","Texas",FALSE
"48091",2872929.24553867,1122237.98653854,12.3866444661054,0,786874.457247111,0,"Comal County","Texas",TRUE
"48093",88103.1117368284,34415.2780221986,0.379856873654762,0,31351.0857951328,0,"Comanche County","Texas",FALSE
"48095",17373.742750742,6786.61826200859,0.0749069524887193,0,4179.57410496195,0,"Concho County","Texas",FALSE
"48097",340361.186826401,132953.588604063,1.46746844455956,0,78101.8386563128,0,"Cooke County","Texas",FALSE
"48099",547737.974942876,213960.146462061,2.36157419008412,0,193977.158789905,0,"Coryell County","Texas",TRUE
"48101",4531.76057184569,1770.21897337722,0.0195387015173227,0,1946.88679497666,0,"Cottle County","Texas",FALSE
"48103",18814.5374264027,7349.42868218856,0.0811189437599212,0,3513.25399732475,0,"Crane County","Texas",FALSE
"48105",15491.4424398108,6051.34470305111,0.0667914081305873,0,5519.66582804809,0,"Crockett County","Texas",FALSE
"48107",83588.7210317287,32651.844153019,0.36039306237852,0,6003.12650760269,0,"Crosby County","Texas",TRUE
"48109",10468.0115655446,4089.06701779086,0.0451328683888867,0,3360.22177763283,0,"Culberson County","Texas",FALSE
"48111",14351.0765916345,5605.88929360722,0.0618747167973133,0,2817.23667316153,0,"Dallam County","Texas",FALSE
"48115",61033.7977209596,23841.3272347498,0.263147431827536,0,14280.5217009584,0,"Dawson County","Texas",FALSE
"48117",42642.8589768713,16657.3667878404,0.183854835264396,0,6902.79109262224,0,"Deaf Smith County","Texas",FALSE
"48119",25173.4778878318,9833.38979993431,0.108535537746414,0,7510.28111602184,0,"Delta County","Texas",FALSE
"48123",215060.362699138,84007.9541793507,0.92723350414654,0,52834.7295811321,0,"DeWitt County","Texas",FALSE
"48125",15563.2606704448,6079.39869939252,0.0671010526825475,0,1463.23174538964,0,"Dickens County","Texas",FALSE
"48127",70101.54972681,27383.4178620351,0.302243076239142,0,15260.7920293746,0,"Dimmit County","Texas",FALSE
"48129",7446.93745976111,2908.95994521918,0.0321074968409421,0,1820.52655059804,0,"Donley County","Texas",FALSE
"48131",86123.175776446,33641.8655376742,0.371320372853359,0,21181.5445785478,0,"Duval County","Texas",FALSE
"48133",115118.27730934,44968.0770739609,0.496332854279522,0,42944.1800400423,0,"Eastland County","Texas",FALSE
"48137",15802.2360716844,6172.74846550171,0.0681313959588031,0,3744.3906835558,0,"Edwards County","Texas",FALSE
"48139",3951211.38033987,1543441.94544526,17.0356616525455,0,873040.717479142,0,"Ellis County","Texas",TRUE
"48145",227856.326877522,89006.3776865322,0.982403348348169,0,141093.958164056,0,"Falls County","Texas",TRUE
"48147",388598.274103265,151796.200821588,1.67544281465825,0,77652.0815367164,0,"Fannin County","Texas",FALSE
"48149",461995.210874433,180466.879247825,1.99189396363711,0,103331.371459455,0,"Fayette County","Texas",FALSE
"48151",21548.8649522518,8417.52537197334,0.0929080064279882,0,5255.90745763542,0,"Fisher County","Texas",FALSE
"48153",44707.1647621943,17463.7362352321,0.192755096860405,0,8580.22414981668,0,"Floyd County","Texas",FALSE
"48155",5248.82603442514,2050.32266969732,0.0226303317611541,0,2163.85049474083,0,"Foard County","Texas",FALSE
"48159",50083.891793453,19564.0202318176,0.215936874215668,0,9357.58848874568,0,"Franklin County","Texas",FALSE
"48161",236699.842117423,92460.8758271182,1.02053219516099,0,77613.0187661021,0,"Freestone County","Texas",FALSE
"48163",190626.133757797,74463.3334991393,0.821885240812241,0,45475.7037781201,0,"Frio County","Texas",FALSE
"48165",67738.5882956817,26460.3860530007,0.2920551597842,0,15273.4336167663,0,"Gaines County","Texas",FALSE
"48169",50470.3234704164,19714.9701056314,0.217602975739198,0,12865.395526258,0,"Garza County","Texas",TRUE
"48171",245130.45301722,95754.0832098516,1.0568808034708,0,70899.2596868496,0,"Gillespie County","Texas",FALSE
"48173",3816.67994117366,1490.89060202096,0.0164556288831854,0,1293.978368502,0,"Glasscock County","Texas",FALSE
"48175",77061.7405930397,30102.2424191561,0.332251963443761,0,18042.8002907516,0,"Goliad County","Texas",TRUE
"48177",230679.54030918,90109.1954332733,0.994575642909261,0,57692.076552282,0,"Gonzales County","Texas",FALSE
"48179",52454.0207529605,20489.8518566252,0.226155693494224,0,10053.5907332093,0,"Gray County","Texas",FALSE
"48181",1200284.81202344,468861.254696655,5.17503215496449,0,260497.423500893,0,"Grayson County","Texas",TRUE
"48183",962997.194738918,376170.77919489,4.15196576511975,0,177519.748529097,0,"Gregg County","Texas",TRUE
"48185",1423248.70182435,555956.524150138,6.13634174378662,0,243704.849212436,0,"Grimes County","Texas",FALSE
"48187",3751144.71966976,1465290.906121,16.1730735470118,0,990418.638667142,0,"Guadalupe County","Texas",TRUE
"48189",278278.205031743,108702.423840525,1.19979745193756,0,40857.3195068872,0,"Hale County","Texas",FALSE
"48191",6483.01219675975,2532.42663935928,0.0279515297062707,0,1185.10157086473,0,"Hall County","Texas",FALSE
"48193",65987.9901072809,25776.5586356566,0.284507449586881,0,19850.6803015332,0,"Hamilton County","Texas",FALSE
"48195",10986.2707384489,4291.5120072066,0.0473673446211268,0,1677.55318232205,0,"Hansford County","Texas",FALSE
"48197",14469.1843772762,5652.02514737351,0.0623839389271985,0,5289.66862685565,0,"Hardeman County","Texas",FALSE
"48199",782004.557088021,305470.530112508,3.37161537638472,0,376799.286397867,0,"Hardin County","Texas",TRUE
"48203",545296.290589736,213006.363511616,2.35104685947625,0,97819.673676259,0,"Harrison County","Texas",TRUE
"48205",14566.6146294502,5690.08383962897,0.0628040097993915,0,2890.90017275693,0,"Hartley County","Texas",FALSE
"48207",24130.3702614508,9425.92588337921,0.104038175575755,0,7148.87763290866,0,"Haskell County","Texas",FALSE
"48211",7038.53886574568,2749.4292444319,0.0303466848778971,0,1499.37262128946,0,"Hemphill County","Texas",FALSE
"48213",875242.887012714,341891.752739341,3.7736127611738,0,144023.114164089,0,"Henderson County","Texas",FALSE
"48217",432993.619469355,169138.132605217,1.86685350110438,0,200017.100281466,0,"Hill County","Texas",FALSE
"48219",229045.684341907,89470.9704460576,0.987531267205664,0,22418.1183505202,0,"Hockley County","Texas",TRUE
"48221",411699.280159401,160820.031312266,1.77504288287123,0,250580.698783283,0,"Hood County","Texas",FALSE
"48223",173331.118955181,67707.4683418676,0.74731772414656,0,39810.3450201635,0,"Hopkins County","Texas",FALSE
"48225",311329.211388165,121612.973198502,1.34229698116186,0,90991.7971223673,0,"Houston County","Texas",FALSE
"48227",148014.735880415,57818.2562032869,0.638166050188065,0,31104.0894690694,0,"Howard County","Texas",FALSE
"48229",24682.064786562,9641.43155725077,0.106416808445695,0,14861.8154740595,0,"Hudspeth County","Texas",TRUE
"48231",1181045.97081816,461346.082350844,5.09208382398151,0,206027.264429771,0,"Hunt County","Texas",TRUE
"48233",49824.5598187253,19462.7186791896,0.214818763501792,0,9923.73162461931,0,"Hutchinson County","Texas",FALSE
"48235",5148.83612524664,2011.26411142447,0.0221992249188552,0,836.192336963174,0,"Irion County","Texas",TRUE
"48237",48208.872085296,18831.5906583187,0.207852720201799,0,21777.8218804264,0,"Jack County","Texas",FALSE
"48239",192534.935394892,75208.9591386299,0.830115045730599,0,77929.0369397369,0,"Jackson County","Texas",FALSE
"48241",279892.577460812,109333.03807063,1.20675782429821,0,106364.916653342,0,"Jasper County","Texas",FALSE
"48243",9542.63151289322,3727.59043472392,0.0411430890631278,0,2245.84921643775,0,"Jeff Davis County","Texas",FALSE
"48245",3685957.41668875,1439827.11589404,15.8920182627635,0,1812285.12943606,0,"Jefferson County","Texas",TRUE
"48247",26279.5478282815,10265.4483704225,0.113304362153862,0,4025.18142062618,0,"Jim Hogg County","Texas",FALSE
"48249",318866.843200193,124557.360625076,1.37479550701904,0,71282.756553181,0,"Jim Wells County","Texas",FALSE
"48251",2060255.00097044,804787.109754079,8.88279662513987,0,1176392.33533884,0,"Johnson County","Texas",TRUE
"48253",91369.3787314683,35691.1635669798,0.393939395198516,0,24678.9257214577,0,"Jones County","Texas",TRUE
"48255",191108.726516986,74651.8462956978,0.823965941177307,0,47894.3892170185,0,"Karnes County","Texas",FALSE
"48257",3207941.48186902,1253102.14135509,13.8310508919382,0,519536.991069093,0,"Kaufman County","Texas",TRUE
"48259",860117.179660074,335983.273304716,3.70839822114765,0,187314.405884829,0,"Kendall County","Texas",TRUE
"48261",2989.53959159076,1167.78890296514,0.0128894103799753,0,161.539431835241,0,"Kenedy County","Texas",FALSE
"48263",3812.26406532279,1489.16565051671,0.0164365898190469,0,856.791037228631,0,"Kent County","Texas",FALSE
"48265",540387.64694186,211088.924586664,2.32988322526164,0,136750.574364552,0,"Kerr County","Texas",FALSE
"48267",22185.6268278237,8666.26047961863,0.0956534074762487,0,4624.1525950547,0,"Kimble County","Texas",FALSE
"48269",3362.42942475883,1313.44899404642,0.014497126196733,0,186.57004978495,0,"King County","Texas",FALSE
"48271",19359.6666179158,7562.36977262334,0.0834692701711453,0,5559.91778744717,0,"Kinney County","Texas",FALSE
"48275",17267.8419715467,6745.25077013543,0.0744503609097193,0,4650.77754495362,0,"Knox County","Texas",FALSE
"48277",249978.66969629,97647.9178501132,1.07778390659857,0,56692.3057882136,0,"Lamar County","Texas",FALSE
"48279",123181.496681745,48117.7721413068,0.531097452737106,0,14336.242438403,0,"Lamb County","Texas",FALSE
"48281",197318.998881957,77077.7339382643,0.850741552147199,0,53464.5996612836,0,"Lampasas County","Texas",TRUE
"48283",43912.9097797558,17153.4803827171,0.189330663732379,0,10803.9325376661,0,"La Salle County","Texas",FALSE
"48285",349714.673765519,136607.294439656,1.50779603613291,0,113321.410075339,0,"Lavaca County","Texas",FALSE
"48287",395696.416587933,154568.912729661,1.7060464807471,0,86773.1932734215,0,"Lee County","Texas",FALSE
"48289",318198.349035864,124296.230092134,1.37191329209709,0,76597.3792977037,0,"Leon County","Texas",FALSE
"48291",3059050.26602721,1194941.51016688,13.1891058953384,0,977379.055823124,0,"Liberty County","Texas",TRUE
"48293",292195.272025417,114138.778134929,1.25980093483896,0,133584.271094129,0,"Limestone County","Texas",FALSE
"48295",6270.52758578026,2449.42483819541,0.0270354015646505,0,1291.43038598306,0,"Lipscomb County","Texas",FALSE
"48297",89799.8364275078,35078.0611044953,0.387172308078685,0,22932.2986841993,0,"Live Oak County","Texas",FALSE
"48299",195907.64334877,76526.4231831132,0.844656487841489,0,47186.8510046612,0,"Llano County","Texas",FALSE
"48301",842.070076564663,328.933623658071,0.00363058807318346,0,730.521150457576,0,"Loving County","Texas",FALSE
"48305",76138.8978219771,29741.7569617098,0.328273123616425,0,6456.65125688076,0,"Lynn County","Texas",TRUE
"48307",33175.9917296234,12959.3717693841,0.143038404096947,0,7792.34878453337,0,"McCulloch County","Texas",FALSE
"48311",5857.26023840851,2287.99228062832,0.0252535979545221,0,1882.02395286741,0,"McMullen County","Texas",FALSE
"48313",446638.388334438,174468.12044314,1.92568296967429,0,83383.7592130038,0,"Madison County","Texas",FALSE
"48315",86492.3917419299,33786.0905241914,0.372912248776778,0,15747.9654506096,0,"Marion County","Texas",FALSE
"48317",17428.9701309351,6808.19145739651,0.0751450655311162,0,4942.71137812201,0,"Martin County","Texas",TRUE
"48319",17133.1554612619,6692.63885205544,0.0738696595506906,0,4896.34331083288,0,"Mason County","Texas",FALSE
"48321",1035500.18252699,404492.258799605,4.4645626499389,0,369232.967373339,0,"Matagorda County","Texas",FALSE
"48323",417950.049454855,163261.738068303,1.8019930964982,0,104564.749134131,0,"Maverick County","Texas",TRUE
"48325",1026895.92142675,401131.219307323,4.42746534818399,0,231241.563294252,0,"Medina County","Texas",TRUE
"48327",8405.81296891491,3283.52069098239,0.0362416919442806,0,2024.84713537523,0,"Menard County","Texas",FALSE
"48329",637776.50620999,249131.447738277,2.7497756317966,0,131137.740463148,0,"Midland County","Texas",TRUE
"48331",532230.643837108,207902.59524887,2.29471427791482,0,115053.659937599,0,"Milam County","Texas",FALSE
"48333",41509.7554156295,16214.7482092303,0.178969455306579,0,11604.5780141391,0,"Mills County","Texas",FALSE
"48335",44027.7591538277,17198.3434194639,0.189825837209412,0,11713.3176716599,0,"Mitchell County","Texas",FALSE
"48337",110349.323318635,43105.2044213418,0.475771492509194,0,54076.4724802523,0,"Montague County","Texas",FALSE
"48341",45789.2342377264,17886.4196241119,0.197420443179621,0,8117.05520412832,0,"Moore County","Texas",FALSE
"48343",68685.1579636885,26830.1398295658,0.296136298210497,0,16369.6629336633,0,"Morris County","Texas",FALSE
"48345",9156.18018929371,3576.63288644286,0.0394769028330574,0,799.506653719373,0,"Motley County","Texas",FALSE
"48347",583769.966760539,228035.143265835,2.51692624852554,0,227881.979691871,0,"Nacogdoches County","Texas",FALSE
"48349",597047.334028484,233221.614854877,2.57417166382748,0,199353.306293315,0,"Navarro County","Texas",FALSE
"48351",114548.101549718,44745.3521678584,0.493874539502505,0,51403.2263614931,0,"Newton County","Texas",FALSE
"48353",70559.9692278203,27562.4879796173,0.304219553517224,0,22292.4840602342,0,"Nolan County","Texas",FALSE
"48355",2614023.99351948,1021103.12246855,11.2703735686759,0,645589.593306107,0,"Nueces County","Texas",TRUE
"48357",18933.2917160562,7395.81707658444,0.0816309532941089,0,3205.84147664431,0,"Ochiltree County","Texas",FALSE
"48359",5753.79159926057,2247.57484346116,0.0248074925558223,0,1061.82561989576,0,"Oldham County","Texas",TRUE
"48361",1153963.76740548,450767.096642766,4.97531880947496,0,539780.160718901,0,"Orange County","Texas",TRUE
"48363",139238.994218965,54390.232116783,0.600329409395198,0,41801.3128135473,0,"Palo Pinto County","Texas",FALSE
"48365",182244.086910934,71189.0964495835,0.785746016586111,0,62970.7150059184,0,"Panola County","Texas",FALSE
"48367",1483305.70044376,579416.289235843,6.39527770287964,0,909941.663052811,0,"Parker County","Texas",TRUE
"48369",22711.6952780556,8871.75596799045,0.0979215534349339,0,4749.0529237741,0,"Parmer County","Texas",FALSE
"48371",62429.9650048663,24386.7050800259,0.26916701194348,0,12942.2063127668,0,"Pecos County","Texas",FALSE
"48373",653805.599691,255392.812379297,2.81888512426724,0,199292.566797017,0,"Polk County","Texas",FALSE
"48375",298933.976440247,116771.084546971,1.28885488243557,0,58120.1832660114,0,"Potter County","Texas",TRUE
"48377",27226.4771236319,10635.3426264187,0.117387051114706,0,10399.2444212064,0,"Presidio County","Texas",FALSE
"48379",79219.7151139213,30945.2012163755,0.341556078119952,0,11900.2707431082,0,"Rains County","Texas",FALSE
"48381",355727.049860144,138955.878851619,1.53371841664273,0,50591.6588722111,0,"Randall County","Texas",TRUE
"48383",14168.5135209449,5534.57559411908,0.0610875954810524,0,2191.73804595719,0,"Reagan County","Texas",FALSE
"48385",27453.9355159186,10724.1935609057,0.118367738766677,0,7124.72681093976,0,"Real County","Texas",FALSE
"48387",63808.8063911052,24925.3149965255,0.275111891391178,0,12092.3140241171,0,"Red River County","Texas",FALSE
"48389",57804.2932849595,22579.8020644373,0.249223412183626,0,15045.1586770413,0,"Reeves County","Texas",FALSE
"48391",57526.5033983712,22471.2903899887,0.248025720118361,0,11619.391812319,0,"Refugio County","Texas",FALSE
"48393",2881.88482631737,1125.73626028022,0.0124252564838798,0,396.377953808921,0,"Roberts County","Texas",FALSE
"48395",1002819.9628203,391726.547976679,4.32366176864862,0,188563.152506681,0,"Robertson County","Texas",TRUE
"48397",2585741.38184481,1010055.22728313,11.1484329897594,0,413035.722849663,0,"Rockwall County","Texas",TRUE
"48399",40895.9285760575,15974.9721000225,0.176322938746055,0,10442.3768927877,0,"Runnels County","Texas",FALSE
"48401",478043.476618241,186735.733054001,2.0610861173857,0,147363.00637912,0,"Rusk County","Texas",TRUE
"48403",82457.3707600605,32209.9104531486,0.355515241734817,0,31607.6842190612,0,"Sabine County","Texas",FALSE
"48405",66780.7212571833,26086.2192410872,0.287925312705612,0,20623.4368813079,0,"San Augustine County","Texas",FALSE
"48407",439312.274616868,171606.357272214,1.89409640481937,0,108537.252023531,0,"San Jacinto County","Texas",TRUE
"48409",512513.22815123,200200.479746574,2.20970257138893,0,131495.374089908,0,"San Patricio County","Texas",TRUE
"48411",53083.2925673282,20735.6611591126,0.228868801117469,0,15032.6954366021,0,"San Saba County","Texas",FALSE
"48413",12442.8045378119,4860.47052258277,0.0536471951790866,0,2191.45348126486,0,"Schleicher County","Texas",FALSE
"48415",73206.4904122785,28596.2853172963,0.315630038838018,0,21077.3354579304,0,"Scurry County","Texas",FALSE
"48417",16499.4119768002,6445.08280343759,0.0711372723062333,0,5630.11156231647,0,"Shackelford County","Texas",FALSE
"48419",189253.972520498,73927.3330158195,0.815969162850007,0,68784.9378996832,0,"Shelby County","Texas",FALSE
"48421",6674.76785381263,2607.33119289556,0.0287782848907108,0,1611.69808131596,0,"Sherman County","Texas",FALSE
"48425",56507.6145816962,22073.2869459751,0.243632777430252,0,28105.7028513005,0,"Somervell County","Texas",FALSE
"48427",354658.186095128,138538.353943409,1.52911000679048,0,47752.1220155631,0,"Starr County","Texas",FALSE
"48429",43405.8695915457,16955.4178091976,0.187144558191792,0,13349.3404570217,0,"Stephens County","Texas",FALSE
"48431",5631.39175437456,2199.76240405256,0.0242797651975298,0,971.422922881929,0,"Sterling County","Texas",FALSE
"48433",7822.86021759316,3055.80477249733,0.0337282891229707,0,2999.30236621887,0,"Stonewall County","Texas",FALSE
"48435",16529.7960114127,6456.95156695807,0.0712682731774781,0,3900.22707260316,0,"Sutton County","Texas",FALSE
"48437",17908.7001357299,6995.58599051948,0.0772134231206196,0,2610.26188927089,0,"Swisher County","Texas",FALSE
"48441",654012.003719634,255473.438952982,2.81977503595686,0,184515.778595044,0,"Taylor County","Texas",TRUE
"48443",4231.28414023985,1652.84536728119,0.0182431963340588,0,1873.39466725528,0,"Terrell County","Texas",FALSE
"48445",104959.465914466,40999.7913728383,0.452533103505316,0,12214.1104180136,0,"Terry County","Texas",FALSE
"48447",8079.55716086945,3156.07701596463,0.0348350388895503,0,1794.25387459511,0,"Throckmorton County","Texas",FALSE
"48449",147245.959451955,57517.9529109201,0.634851467934418,0,36803.8135483424,0,"Titus County","Texas",FALSE
"48451",394997.793484658,154296.013079945,1.70303436479975,0,98873.0052110155,0,"Tom Green County","Texas",TRUE
"48455",192817.82450431,75319.4626969961,0.831334723112884,0,46947.4483767117,0,"Trinity County","Texas",FALSE
"48457",164133.754880452,64114.7480001767,0.707663256847754,0,68896.8730985035,0,"Tyler County","Texas",FALSE
"48459",349841.721601578,136656.922500617,1.50834380332137,0,57013.0245365605,0,"Upshur County","Texas",TRUE
"48461",14092.2394336167,5504.78102875651,0.0607587394874082,0,3042.32154767617,0,"Upton County","Texas",FALSE
"48463",258027.525864073,100792.002290653,1.11248657804931,0,52839.4908962379,0,"Uvalde County","Texas",FALSE
"48465",384227.390995186,150088.824607494,1.65659773688728,0,102621.30583588,0,"Val Verde County","Texas",FALSE
"48467",543382.284694674,212258.704958857,2.34279461638151,0,72565.8779961734,0,"Van Zandt County","Texas",FALSE
"48469",1183236.36324405,462201.704392206,5.10152770856824,0,414348.735965748,0,"Victoria County","Texas",TRUE
"48475",43863.1774869865,17134.0537058541,0.189116242778582,0,11550.7520168275,0,"Ward County","Texas",FALSE
"48477",1049829.66698395,410089.713665604,4.52634427217221,0,189582.538289169,0,"Washington County","Texas",FALSE
"48479",1052077.1866679,410967.65104215,4.53603446113143,0,254419.323121107,0,"Webb County","Texas",TRUE
"48481",1152798.29487674,450311.833936228,4.97029387060085,0,409101.843390302,0,"Wharton County","Texas",FALSE
"48483",11513.917614051,4497.62406798866,0.049642295966303,0,3127.41620539321,0,"Wheeler County","Texas",FALSE
"48485",508950.684065999,198808.860963281,2.19434265013535,0,178762.738977203,0,"Wichita County","Texas",TRUE
"48487",46210.881704246,18051.1256657211,0.199238377702694,0,18525.4107230896,0,"Wilbarger County","Texas",FALSE
"48489",125115.128240421,48873.0969689145,0.539434311948989,0,16544.8673651014,0,"Willacy County","Texas",FALSE
"48493",1244081.44854228,485969.315836829,5.36386150612676,0,287112.806491472,0,"Wilson County","Texas",TRUE
"48495",27501.9457939837,10742.9475757749,0.118574735248068,0,6405.0729150407,0,"Winkler County","Texas",FALSE
"48497",443884.642712191,173392.43855945,1.91381018581584,0,268622.899822249,0,"Wise County","Texas",TRUE
"48499",424496.78829393,165819.057927316,1.83021938384516,0,62330.5646280316,0,"Wood County","Texas",FALSE
"48501",34669.9367260147,13542.9440335995,0.149479553161427,0,8023.65427526333,0,"Yoakum County","Texas",FALSE
"48503",86568.1468151163,33815.6823496548,0.373238867039139,0,39323.0593538105,0,"Young County","Texas",FALSE
"48505",55499.4306674901,21679.4651044883,0.239285988966488,0,9619.73580595193,0,"Zapata County","Texas",FALSE
"48507",110394.545171867,43122.8692077605,0.475966466687187,0,26516.1404772759,0,"Zavala County","Texas",FALSE
"49001",41752.8836799994,16309.7201874998,0.180017703666711,0,3409.39568098494,0,"Beaver County","Utah",FALSE
"49003",837374.704492775,327099.49394249,3.61034396011284,0,37144.7962330379,0,"Box Elder County","Utah",FALSE
"49007",323044.145803427,126189.119454464,1.39280596176795,0,13369.8847190189,0,"Carbon County","Utah",FALSE
"49009",15265.7912238633,5963.1996968216,0.0658185121257076,0,494.235032212959,0,"Daggett County","Utah",FALSE
"49013",124969.601615533,48816.2506310676,0.538806873398026,0,8487.48684501389,0,"Duchesne County","Utah",FALSE
"49015",81421.5104258418,31805.2775100944,0.351049126289602,0,4967.24645731485,0,"Emery County","Utah",FALSE
"49017",34318.4788156636,13405.6557873686,0.147964241154673,0,1777.56499873401,0,"Garfield County","Utah",FALSE
"49019",75191.8433411853,29371.8138051505,0.324189894918114,0,5232.81155121954,0,"Grand County","Utah",FALSE
"49021",286296.045186856,111834.392651116,1.23436639774145,0,16483.6181262586,0,"Iron County","Utah",FALSE
"49023",111334.776132745,43490.1469268535,0.480020275755583,0,4443.56703410934,0,"Juab County","Utah",TRUE
"49025",60651.3160926699,23691.9203486992,0.261498360952644,0,2193.43859938028,0,"Kane County","Utah",FALSE
"49027",89141.1373997784,34820.7567967884,0.384332324922356,0,6000.79979097881,0,"Millard County","Utah",FALSE
"49029",226945.502651876,88650.586973389,0.978476326521329,0,9145.44522008668,0,"Morgan County","Utah",TRUE
"49031",10937.4325000173,4272.43457031924,0.0471567783857268,0,389.006008955286,0,"Piute County","Utah",FALSE
"49033",26029.5166670442,10167.7799480641,0.112226351929801,0,932.135497364263,0,"Rich County","Utah",FALSE
"49039",241573.728622637,94364.7377432175,1.04154597383375,0,10857.2897750875,0,"Sanpete County","Utah",FALSE
"49041",158989.124128986,62105.126612885,0.685482163412624,0,8448.72145745935,0,"Sevier County","Utah",FALSE
"49043",1282229.16535818,500870.767718038,5.52833552028006,0,53841.63278877,0,"Summit County","Utah",FALSE
"49045",2725639.04584352,1064702.75228263,11.7516022562081,0,108936.756488247,0,"Tooele County","Utah",TRUE
"49047",299726.942507014,117080.836916802,1.29227375839919,0,17668.379585647,0,"Uintah County","Utah",FALSE
"49053",838901.424184307,327695.868821995,3.61692641738978,0,60854.3657573437,0,"Washington County","Utah",TRUE
"49055",17388.4918287051,6792.37962058795,0.0749705431898186,0,625.847747864994,0,"Wayne County","Utah",FALSE
"49057",3978101.64230844,1553945.95402674,17.1515991108461,0,180894.539950563,0,"Weber County","Utah",TRUE
"50003",429120.071804822,167625.028048759,1.85015268683351,0,179617.421871176,0,"Bennington County","Vermont",FALSE
"50005",2210187.85658928,863354.631480186,9.52923265527266,0,148325.471995823,0,"Caledonia County","Vermont",FALSE
"50009",570049.358178789,222675.530538589,2.45776979675262,0,42152.1638898248,0,"Essex County","Vermont",FALSE
"50011",2142897.01552456,837069.14668928,9.23910795923699,0,244964.863775825,0,"Franklin County","Vermont",TRUE
"50013",458066.609000061,178932.269140649,1.97495578294843,0,36897.0100726194,0,"Grand Isle County","Vermont",TRUE
"50017",5153587.99604347,2013120.31095448,22.2197126263756,0,209142.368320453,0,"Orange County","Vermont",FALSE
"50019",511938.067975774,199975.807803037,2.20722276628565,0,174447.419794297,0,"Orleans County","Vermont",FALSE
"50021",1129431.76728409,441184.284095349,4.86954900535675,0,328737.416634951,0,"Rutland County","Vermont",FALSE
"50023",1797489.84395259,702144.47029398,7.74988373384092,0,313263.907253678,0,"Washington County","Vermont",FALSE
"50025",922254.348793734,360255.604997552,3.97630284267082,0,200537.540025768,0,"Windham County","Vermont",FALSE
"51001",233228.562961917,91104.9074069987,1.00556576297036,0,70579.4622936051,0,"Accomack County","Virginia",FALSE
"51005",273315.930873122,106764.035497313,1.17840258958874,0,44184.093447084,0,"Alleghany County","Virginia",FALSE
"51007",363514.540123722,141997.867235829,1.56729420808555,0,98080.0709888279,0,"Amelia County","Virginia",TRUE
"51009",334193.23255111,130544.231465277,1.44087528818097,0,70131.1722415177,0,"Amherst County","Virginia",TRUE
"51011",236681.042184521,92453.5321033284,1.02045113918469,0,37620.906371006,0,"Appomattox County","Virginia",TRUE
"51015",3639662.19253326,1421743.0439583,15.692416242288,0,226767.561923633,0,"Augusta County","Virginia",TRUE
"51017",98742.0690490056,38571.1207222678,0.425726775226703,0,13498.6380412609,0,"Bath County","Virginia",FALSE
"51019",768009.523088341,300003.719956383,3.31127573846489,0,141965.409596456,0,"Bedford County","Virginia",TRUE
"51021",92800.4675326132,36250.182629927,0.400109539557878,0,47770.8162118755,0,"Bland County","Virginia",FALSE
"51023",478343.785823567,186853.041337331,2.06238090157228,0,195878.286236794,0,"Botetourt County","Virginia",TRUE
"51025",220692.813975743,86208.1304592746,0.951517837477864,0,52259.5541135548,0,"Brunswick County","Virginia",FALSE
"51027",152880.365385245,59718.8927286112,0.659144228774856,0,60442.0839829083,0,"Buchanan County","Virginia",FALSE
"51029",1397662.6028297,545961.95423035,6.02602718869845,0,65082.4242249046,0,"Buckingham County","Virginia",FALSE
"51031",570001.949591576,222657.011559209,2.45756539446344,0,110743.563418404,0,"Campbell County","Virginia",TRUE
"51033",493145.097850518,192634.803847858,2.12619681001988,0,156250.121627855,0,"Caroline County","Virginia",FALSE
"51035",372515.332879183,145513.801905931,1.60610115745548,0,204452.231282758,0,"Carroll County","Virginia",FALSE
"51036",194000.288891059,75781.3628480701,0.836432922442102,0,64789.1065972718,0,"Charles City County","Virginia",TRUE
"51037",192946.909309741,75369.8864491176,0.831891272701891,0,32553.0917989736,0,"Charlotte County","Virginia",FALSE
"51043",145077.896261531,56671.0532271606,0.625503855924293,0,30549.7431726846,0,"Clarke County","Virginia",TRUE
"51045",70512.5397188582,27543.960827679,0.304015061023847,0,22259.6041626896,0,"Craig County","Virginia",TRUE
"51047",642784.485096431,251087.689490793,2.77136755023887,0,117462.308425909,0,"Culpeper County","Virginia",TRUE
"51049",243136.17882713,94975.0698543475,1.04828248334198,0,48357.4921906232,0,"Cumberland County","Virginia",FALSE
"51051",56990.2828218134,22261.8292272709,0.2457138032316,0,15735.1707538743,0,"Dickenson County","Virginia",FALSE
"51057",179184.333432146,69993.8802469319,0.772553878786501,0,52707.6323741579,0,"Essex County","Virginia",FALSE
"51061",873224.720906569,341103.406604128,3.76491143096556,0,181660.643965799,0,"Fauquier County","Virginia",TRUE
"51063",990495.479946981,386912.296854289,4.27052471773884,0,642328.47371702,0,"Floyd County","Virginia",TRUE
"51065",7015694.92525638,2740505.83017827,30.2481931487725,0,149218.36848032,0,"Fluvanna County","Virginia",TRUE
"51067",490869.516411636,191745.904848295,2.11638563270638,0,221153.619829187,0,"Franklin County","Virginia",TRUE
"51069",609020.039976028,237898.453115636,2.6257920272944,0,137901.575438377,0,"Frederick County","Virginia",TRUE
"51071",1430142.66698342,558649.479290397,6.16606509862372,0,938170.403984573,0,"Giles County","Virginia",TRUE
"51073",213506.588368175,83401.0110813184,0.920534400697306,0,54631.0519638241,0,"Gloucester County","Virginia",TRUE
"51075",705951.922843684,275762.469860814,3.04371417848428,0,230953.963111299,0,"Goochland County","Virginia",TRUE
"51077",151150.61214028,59043.2078672969,0.651686391623892,0,70784.5852593916,0,"Grayson County","Virginia",FALSE
"51079",4068805.78036016,1589377.25795319,17.5426703185327,0,104041.916498931,0,"Greene County","Virginia",TRUE
"51081",119447.989193896,46659.3707788657,0.515000422176627,0,23448.5019746615,0,"Greensville County","Virginia",FALSE
"51083",659756.014874886,257717.193310502,2.84454036009421,0,104069.184735538,0,"Halifax County","Virginia",FALSE
"51085",3768014.31030576,1471880.58996319,16.2458068458987,0,1269466.84445078,0,"Hanover County","Virginia",TRUE
"51089",484527.1236665,189268.407682227,2.08904038425643,0,204643.819073681,0,"Henry County","Virginia",FALSE
"51091",54933.814662042,21458.5213523601,0.236847333585502,0,3800.69234581959,0,"Highland County","Virginia",FALSE
"51093",197970.001664532,77332.0319002078,0.853548352915693,0,53975.1252545941,0,"Isle of Wight County","Virginia",TRUE
"51095",380508.374130001,148636.083644532,1.64056318269698,0,101798.050866513,0,"James City County","Virginia",TRUE
"51097",115026.859272855,44932.366903459,0.495938705096251,0,38091.1101709825,0,"King and Queen County","Virginia",TRUE
"51099",264811.375310205,103441.943480549,1.1417351686059,0,73883.1569034172,0,"King George County","Virginia",FALSE
"51101",403826.696506876,157744.803322999,1.74110021098506,0,137822.947195353,0,"King William County","Virginia",TRUE
"51103",123678.938740298,48312.0854454287,0.533242175908184,0,36141.3150463845,0,"Lancaster County","Virginia",FALSE
"51105",94746.0564575625,37010.1783037353,0.40849795299617,0,32799.2214759441,0,"Lee County","Virginia",FALSE
"51109",3456503.36753743,1350196.62794431,14.9027263292572,0,119770.083667681,0,"Louisa County","Virginia",FALSE
"51111",160791.875598992,62809.3264058563,0.693254732665556,0,41862.4013458815,0,"Lunenburg County","Virginia",FALSE
"51113",1014501.05552978,396289.474816322,4.37402484062219,0,37046.761198393,0,"Madison County","Virginia",FALSE
"51115",39685.8967047292,15502.3034002848,0.171105882110889,0,10364.1667949129,0,"Mathews County","Virginia",TRUE
"51117",419552.599098623,163887.734022899,1.80890249487878,0,113076.475362167,0,"Mecklenburg County","Virginia",FALSE
"51119",147426.083361103,57588.313812931,0.635628072797181,0,43960.4025335858,0,"Middlesex County","Virginia",FALSE
"51125",2159945.38946518,843728.667759837,9.31261208296565,0,61114.4234681258,0,"Nelson County","Virginia",TRUE
"51127",524990.886186332,205074.564916536,2.26350003754319,0,178414.755719329,0,"New Kent County","Virginia",TRUE
"51131",79668.6772371535,31120.5770457631,0.343491779880746,0,23799.1597340979,0,"Northampton County","Virginia",FALSE
"51133",110370.112506545,43113.325197869,0.475861125165403,0,34071.997401952,0,"Northumberland County","Virginia",FALSE
"51135",265230.358633514,103605.608841216,1.14354161666622,0,59327.9024763217,0,"Nottoway County","Virginia",FALSE
"51137",1996244.55939517,779783.031013738,8.60681538294863,0,90135.692188467,0,"Orange County","Virginia",FALSE
"51139",403146.647552743,157479.15920029,1.73816817754655,0,40382.4096543394,0,"Page County","Virginia",FALSE
"51141",159320.492256305,62234.567287619,0.68691085824974,0,76393.7682141286,0,"Patrick County","Virginia",FALSE
"51143",503899.559402455,196835.765391584,2.17256470852455,0,120670.049938816,0,"Pittsylvania County","Virginia",FALSE
"51145",868676.53112522,339326.769970789,3.74530189485414,0,269179.660726501,0,"Powhatan County","Virginia",TRUE
"51147",397672.346776041,155340.760459391,1.71456571064736,0,63289.4751154486,0,"Prince Edward County","Virginia",FALSE
"51149",558587.420031581,218198.210949837,2.40835161043898,0,175622.121786307,0,"Prince George County","Virginia",TRUE
"51155",2009269.99399424,784871.091404001,8.6629745896697,0,1297644.40698662,0,"Pulaski County","Virginia",TRUE
"51157",104084.394768349,40657.9667063863,0.448760231205613,0,11441.9690127337,0,"Rappahannock County","Virginia",TRUE
"51159",107531.944638231,42004.6658743089,0.463624354498488,0,24739.1697510626,0,"Richmond County","Virginia",FALSE
"51161",1607602.69316475,627969.802017479,6.93118462068204,0,791648.282690253,0,"Roanoke County","Virginia",TRUE
"51163",345389.088968641,134917.612878376,1.48914626218873,0,52224.4688619031,0,"Rockbridge County","Virginia",FALSE
"51165",1800970.8968959,703504.256599962,7.76489230575179,0,168510.494726696,0,"Rockingham County","Virginia",TRUE
"51167",106633.859155625,41653.851232666,0.459752255806715,0,46796.3321276473,0,"Russell County","Virginia",FALSE
"51169",103294.941779786,40349.5866327288,0.445356501890935,0,43678.6435208458,0,"Scott County","Virginia",TRUE
"51171",294553.570258482,115059.988382219,1.26996874589918,0,63235.858045999,0,"Shenandoah County","Virginia",FALSE
"51173",139549.52445136,54511.5329888127,0.601668261575647,0,56288.2961399396,0,"Smyth County","Virginia",FALSE
"51175",194703.993399443,76056.2474216575,0.839466946885301,0,48011.7264390538,0,"Southampton County","Virginia",FALSE
"51177",1798079.25117473,702374.707490131,7.75242496513571,0,304967.711507748,0,"Spotsylvania County","Virginia",TRUE
"51179",1470314.47788305,574341.592923068,6.33926600148137,0,353498.553331659,0,"Stafford County","Virginia",TRUE
"51181",92661.989169157,36196.0895192019,0.39951248961067,0,23364.8754488059,0,"Surry County","Virginia",TRUE
"51183",131498.049570362,51366.4256134225,0.566954299533741,0,35888.4273011237,0,"Sussex County","Virginia",TRUE
"51185",333621.313427597,130320.825557655,1.43840945688446,0,149925.340836967,0,"Tazewell County","Virginia",FALSE
"51187",421672.760712708,164715.922153402,1.81804357907538,0,86810.9977214107,0,"Warren County","Virginia",TRUE
"51191",251449.303348755,98222.3841206073,1.08412454872237,0,106635.8708054,0,"Washington County","Virginia",TRUE
"51193",172037.619404648,67202.1950799407,0.741740796321275,0,52500.8593320021,0,"Westmoreland County","Virginia",FALSE
"51195",145245.658779541,56736.5854607584,0.626227164606037,0,46120.3122015462,0,"Wise County","Virginia",FALSE
"51197",479530.389209851,187316.558285098,2.06749694621243,0,274123.119972538,0,"Wythe County","Virginia",FALSE
"51199",380228.632542329,148526.809586847,1.63935707586568,0,108504.271023894,0,"York County","Virginia",TRUE
"51520",76585.6368796583,29916.2644061165,0.330199240622339,0,32218.0656162318,0,"Bristol city","Virginia",TRUE
"51530",125792.202390243,49137.5790586888,0.542353519508334,0,16659.5421598462,0,"Buena Vista city","Virginia",FALSE
"51550",1480900.96530533,578476.939572393,6.38490967893991,0,299300.283397669,0,"Chesapeake city","Virginia",TRUE
"51570",366599.508257451,143202.932913067,1.58059505895792,0,127997.086504547,0,"Colonial Heights city","Virginia",TRUE
"51580",92277.5588880231,36045.921440634,0.397855017112242,0,12957.1086466461,0,"Covington city","Virginia",FALSE
"51590",386960.532626867,151156.45805737,1.6683816865685,0,97119.467596139,0,"Danville city","Virginia",FALSE
"51595",65930.4024610911,25754.0634613637,0.284259160249404,0,16182.2799111162,0,"Emporia city","Virginia",FALSE
"51600",451716.119933213,176451.609348911,1.94757562717917,0,107441.377209339,0,"Fairfax city","Virginia",TRUE
"51610",389318.408837839,152077.503452281,1.678547678079,0,113876.456926627,0,"Falls Church city","Virginia",TRUE
"51620",87714.0106050489,34263.2853925972,0.378179262767478,0,19903.7191700628,0,"Franklin city","Virginia",FALSE
"51630",326488.145736057,127534.431928147,1.40765477949398,0,46745.4439558798,0,"Fredericksburg city","Virginia",TRUE
"51640",79702.9616912535,31133.9694106459,0.34363959742422,0,33696.5846688389,0,"Galax city","Virginia",FALSE
"51670",394817.279679796,154225.49987492,1.70225607890026,0,129784.486218953,0,"Hopewell city","Virginia",TRUE
"51678",82230.6754994908,32121.3576169886,0.354537844327906,0,16149.6850560869,0,"Lexington city","Virginia",FALSE
"51680",820765.229777138,320611.417881695,3.5387321519241,0,152018.636824954,0,"Lynchburg city","Virginia",TRUE
"51683",465699.955712256,181914.0452001,2.00786698393165,0,104925.957118852,0,"Manassas city","Virginia",TRUE
"51685",194512.449654658,75981.4256463509,0.838641105361344,0,47344.2325598568,0,"Manassas Park city","Virginia",TRUE
"51690",132033.062489127,51575.4150348151,0.569261009599715,0,55943.4814530713,0,"Martinsville city","Virginia",FALSE
"51700",1007917.33777893,393717.710069893,4.34563911856805,0,304848.346286804,0,"Newport News city","Virginia",TRUE
"51720",15447.1135569061,6034.02873316646,0.0666002839972753,0,3810.540356303,0,"Norton city","Virginia",FALSE
"51730",480698.699530517,187772.929504108,2.07253412023634,0,151893.824024185,0,"Petersburg city","Virginia",TRUE
"51735",69470.2515505793,27136.817011945,0.299521231949655,0,18852.8372692077,0,"Poquoson city","Virginia",TRUE
"51740",652297.656244562,254803.771970532,2.81238362083654,0,121359.5778118,0,"Portsmouth city","Virginia",TRUE
"51750",1124016.02512737,439068.759815379,4.84619901415193,0,734368.399199836,0,"Radford city","Virginia",TRUE
"51775",379105.173224267,148087.958290729,1.63451327709598,0,166375.745344593,0,"Salem city","Virginia",TRUE
"51790",1094520.57583508,427547.099935578,4.71902928161536,0,64650.7762616709,0,"Staunton city","Virginia",TRUE
"51810",3691633.51201315,1442044.34063014,15.9164907675592,0,770018.887755049,0,"Virginia Beach city","Virginia",TRUE
"51820",2166322.24585759,846219.627288123,9.34010592155108,0,81200.6647884773,0,"Waynesboro city","Virginia",TRUE
"51830",99681.829643682,38938.2147045633,0.429778556309578,0,20740.620483856,0,"Williamsburg city","Virginia",TRUE
"51840",203813.090523088,79614.4884855814,0.878740850916536,0,46095.1438438981,0,"Winchester city","Virginia",TRUE
"53001",168521.841034767,65828.8441542059,0.726582505612597,0,2489.4057774009,0,"Adams County","Washington",FALSE
"53003",484552.29937523,189278.241943449,2.08914892941245,0,12893.4440474343,0,"Asotin County","Washington",TRUE
"53007",1560517.28649576,609577.065037406,6.72817572554254,0,30588.9503054476,0,"Chelan County","Washington",TRUE
"53009",1632787.94406802,637807.79065157,7.0397709178256,0,32750.821604927,0,"Clallam County","Washington",FALSE
"53011",16560373.3642512,6468895.84541062,71.4001075409292,0,277160.998010626,0,"Clark County","Washington",TRUE
"53013",41751.4774505697,16309.1708791288,0.180011640703618,0,849.848406999487,0,"Columbia County","Washington",FALSE
"53015",2147235.8585191,838764.007234024,9.25781489594668,0,47913.9744154842,0,"Cowlitz County","Washington",TRUE
"53017",824198.44431949,321952.517312301,3.55353446840231,0,17167.9982454914,0,"Douglas County","Washington",TRUE
"53019",60330.8835414515,23566.7513833795,0.260116814890042,0,2141.12210049155,0,"Ferry County","Washington",FALSE
"53021",2041672.46406136,797528.306273967,8.80267795241983,0,17749.0740409346,0,"Franklin County","Washington",TRUE
"53023",49121.8259620772,19188.2132664364,0.211788924026938,0,303.869015548453,0,"Garfield County","Washington",FALSE
"53025",782437.888119711,305639.800046762,3.3734836846398,0,19907.7499516889,0,"Grant County","Washington",FALSE
"53027",1418272.90150884,554012.852151891,6.11488856336517,0,31573.7735474605,0,"Grays Harbor County","Washington",FALSE
"53029",2641616.58535466,1031881.47865416,11.3893391246468,0,58983.7710064356,0,"Island County","Washington",FALSE
"53031",879505.819327577,343556.960674835,3.79199240872317,0,17155.9653435052,0,"Jefferson County","Washington",FALSE
"53037",1070744.56151602,418259.594342196,4.61651891292162,0,20705.5851613947,0,"Kittitas County","Washington",FALSE
"53039",264560.846095409,103344.080506019,1.14065501102218,0,8334.28864687717,0,"Klickitat County","Washington",FALSE
"53041",2068761.52213661,808109.969584614,8.919472520828,0,43618.8801372444,0,"Lewis County","Washington",FALSE
"53043",133480.780391538,52140.9298404445,0.575502850387208,0,2404.32800474434,0,"Lincoln County","Washington",FALSE
"53045",1447167.3916882,565299.762378204,6.23946725858953,0,29782.34754599,0,"Mason County","Washington",FALSE
"53047",437786.899269254,171010.507527052,1.88751974368593,0,9166.77650137755,0,"Okanogan County","Washington",FALSE
"53049",297689.081553651,116284.797481895,1.28348751378844,0,10054.7744264917,0,"Pacific County","Washington",FALSE
"53051",145422.315809149,56805.592112949,0.626988822005567,0,3104.66860047919,0,"Pend Oreille County","Washington",FALSE
"53053",48036362.8075426,18764204.2216963,207.108945848862,0,995509.134489958,0,"Pierce County","Washington",TRUE
"53055",316129.296943148,123488.006618417,1.36299256678019,0,8657.28381660936,0,"San Juan County","Washington",FALSE
"53057",3760536.30316124,1468959.49342236,16.2135653920035,0,91303.8008548987,0,"Skagit County","Washington",TRUE
"53059",277300.999168706,108320.702800276,1.1955842254495,0,4249.41679067015,0,"Skamania County","Washington",TRUE
"53065",431186.711278839,168432.309093296,1.85906301013647,0,13087.7794720776,0,"Stevens County","Washington",TRUE
"53067",5738658.80303834,2241663.59493685,24.7422474521102,0,124302.911845862,0,"Thurston County","Washington",TRUE
"53069",60366.8045528588,23580.7830284605,0.260271688456057,0,1013.56515913915,0,"Wahkiakum County","Washington",FALSE
"53071",492926.764862033,192549.517524232,2.12525546657824,0,11912.1634620935,0,"Walla Walla County","Washington",TRUE
"54001",158551.454112938,61934.1617628664,0.683595147611357,0,5887.1634400411,0,"Barbour County","West Virginia",FALSE
"54003",699165.090836475,273111.363607998,3.0144527286052,0,87609.5767339385,0,"Berkeley County","West Virginia",TRUE
"54005",53939.3546366637,21070.0604049467,0.232559715716304,0,4745.08240747503,0,"Boone County","West Virginia",TRUE
"54007",77814.4711988363,30396.2778120454,0.335497364077013,0,5810.38712463066,0,"Braxton County","West Virginia",FALSE
"54009",651391.229881279,254449.699172375,2.80847556040862,0,70731.3492667801,0,"Brooke County","West Virginia",TRUE
"54013",29992.8711404105,11715.9652892229,0.129314368570299,0,2021.41676260936,0,"Calhoun County","West Virginia",FALSE
"54015",17330.1516224034,6769.59047750132,0.0747190091867932,0,4057.01905669689,0,"Clay County","West Virginia",TRUE
"54017",55021.8627921901,21492.9151531993,0.237226953405845,0,3143.94512032455,0,"Doddridge County","West Virginia",FALSE
"54019",242383.877098586,94681.2019916351,1.0450389318145,0,39657.7568674913,0,"Fayette County","West Virginia",TRUE
"54021",61676.1796512787,24092.2576762808,0.265917063761448,0,10978.6295340361,0,"Gilmer County","West Virginia",FALSE
"54023",69463.9812697842,27134.3676835094,0.299494197612129,0,7854.86917995,0,"Grant County","West Virginia",FALSE
"54025",180704.523046997,70587.7043152331,0.77910818161504,0,26121.7099594147,0,"Greenbrier County","West Virginia",FALSE
"54027",152027.591108945,59385.7777769316,0.655467489507167,0,13739.0424412444,0,"Hampshire County","West Virginia",TRUE
"54029",1173715.60081224,458482.65656728,5.0604789081245,0,114646.521564914,0,"Hancock County","West Virginia",TRUE
"54031",74157.9006045802,28967.9299236641,0.319732047201701,0,7052.26181612629,0,"Hardy County","West Virginia",FALSE
"54033",808757.782240968,315921.008687878,3.4869619999766,0,29383.8578166035,0,"Harrison County","West Virginia",FALSE
"54035",88399.5205279906,34531.0627062463,0.38113484119206,0,7112.35362086513,0,"Jackson County","West Virginia",FALSE
"54037",435314.013210441,170044.536410328,1.87685788681518,0,44927.6391056564,0,"Jefferson County","West Virginia",TRUE
"54039",410567.205798197,160377.814764921,1.77016194031296,0,48935.839064355,0,"Kanawha County","West Virginia",TRUE
"54041",150953.425511288,58966.1818403467,0.650836220784985,0,5252.42391495823,0,"Lewis County","West Virginia",FALSE
"54043",56838.790308295,22202.6524641777,0.245060642730991,0,5299.35567478813,0,"Lincoln County","West Virginia",FALSE
"54045",76665.1899198451,29947.3398124395,0.330542233832673,0,11877.3631363049,0,"Logan County","West Virginia",FALSE
"54047",61280.3934307571,23937.6536838895,0.264210630090727,0,19807.3777048088,0,"McDowell County","West Virginia",FALSE
"54049",1752958.57417237,684749.443036083,7.55788700880904,0,19186.4779312747,0,"Marion County","West Virginia",FALSE
"54051",387479.876008651,151359.326565879,1.67062083737111,0,32403.9092747591,0,"Marshall County","West Virginia",TRUE
"54053",67302.9958712105,26290.2327621916,0.290177101526263,0,9835.26859981639,0,"Mason County","West Virginia",FALSE
"54055",181280.747704924,70812.7920722361,0.781592576238205,0,54396.384171893,0,"Mercer County","West Virginia",FALSE
"54057",158092.481984797,61754.8757753113,0.681616287679472,0,19516.9783838599,0,"Mineral County","West Virginia",FALSE
"54059",59431.1355080752,23215.2873078419,0.256237548104821,0,7395.95754434081,0,"Mingo County","West Virginia",FALSE
"54063",104556.735664404,40842.474868908,0.450796730627005,0,57901.4383054788,0,"Monroe County","West Virginia",FALSE
"54065",100302.335963301,39180.5999856643,0.432453871471629,0,8972.32197759615,0,"Morgan County","West Virginia",TRUE
"54067",104592.841733716,40856.578802233,0.450952402070822,0,22425.3056032913,0,"Nicholas County","West Virginia",FALSE
"54069",785278.591063037,306749.449633999,3.38573138529147,0,69367.2458763245,0,"Ohio County","West Virginia",TRUE
"54071",55064.4066895711,21509.5338631137,0.237410381567844,0,6261.12354103886,0,"Pendleton County","West Virginia",FALSE
"54073",31021.3270363645,12117.7058735799,0.1337485597541,0,3364.3685631567,0,"Pleasants County","West Virginia",FALSE
"54075",36169.8859128863,14128.8616847212,0.155946589314111,0,7181.30452752205,0,"Pocahontas County","West Virginia",FALSE
"54077",1303195.03673344,509060.561223999,5.61872994786672,0,14735.5045275183,0,"Preston County","West Virginia",TRUE
"54079",126809.599985316,49534.9999942639,0.546740032789299,0,15983.2194575398,0,"Putnam County","West Virginia",TRUE
"54081",191874.145156499,74950.8379517575,0.827266046312197,0,46022.8567290422,0,"Raleigh County","West Virginia",TRUE
"54083",188376.055710022,73584.3967617272,0.81218402145849,0,13746.2767766069,0,"Randolph County","West Virginia",FALSE
"54085",35807.2273280572,13987.1981750223,0.154382985560264,0,3367.69097722124,0,"Ritchie County","West Virginia",FALSE
"54087",53718.4543606279,20983.7712346203,0.23160730340543,0,4711.6799206248,0,"Roane County","West Virginia",FALSE
"54089",41649.23595488,16269.232794875,0.17957082613822,0,14552.3515602343,0,"Summers County","West Virginia",FALSE
"54091",381988.698554425,149214.335372822,1.64694560661789,0,6900.57925517726,0,"Taylor County","West Virginia",FALSE
"54093",74149.4459554219,28964.6273263367,0.319695594952356,0,2846.46613682991,0,"Tucker County","West Virginia",FALSE
"54095",29743.9139966835,11618.7164049545,0.128240988976481,0,1428.94736791228,0,"Tyler County","West Virginia",FALSE
"54097",180455.903286193,70490.5872211691,0.778036256648872,0,7754.9112314307,0,"Upshur County","West Virginia",FALSE
"54099",160986.032636504,62885.1689986345,0.694091841410224,0,7358.91875602003,0,"Wayne County","West Virginia",TRUE
"54101",31322.2198389109,12235.2421245746,0.135045860122127,0,5581.4658876991,0,"Webster County","West Virginia",FALSE
"54103",206341.525190295,80602.158277459,0.889642205806184,0,12378.4374437211,0,"Wetzel County","West Virginia",FALSE
"54105",26033.3749236342,10169.2870795446,0.112242986816551,0,963.084707523666,0,"Wirt County","West Virginia",TRUE
"54107",346781.377859092,135461.475726208,1.49514912059776,0,22639.2891099192,0,"Wood County","West Virginia",TRUE
"54109",60457.639121825,23616.2652819629,0.260663322017086,0,17278.2721470483,0,"Wyoming County","West Virginia",FALSE
"55001",202733.888384421,79192.9251501643,0.874087867130216,0,12008.3437522358,0,"Adams County","Wisconsin",FALSE
"55003",86454.773586122,33771.3959320789,0.372750057966758,0,6049.6790680034,0,"Ashland County","Wisconsin",FALSE
"55005",433682.599150457,169407.265293147,1.86982403940338,0,20087.0349971054,0,"Barron County","Wisconsin",FALSE
"55007",73287.8357290043,28628.0608316423,0.315980759454904,0,4529.86913839387,0,"Bayfield County","Wisconsin",FALSE
"55011",313304.061619981,122384.399070305,1.3508115548268,0,10596.161301165,0,"Buffalo County","Wisconsin",FALSE
"55013",74485.3895286035,29095.8552846107,0.321144016840273,0,9195.65839951721,0,"Burnett County","Wisconsin",FALSE
"55015",409909.959217947,160121.077819511,1.76732821938901,0,60741.0202223072,0,"Calumet County","Wisconsin",TRUE
"55017",317155.70435156,123888.947012328,1.36741792590281,0,30970.2053821771,0,"Chippewa County","Wisconsin",TRUE
"55019",257358.328592124,100530.597106298,1.1096013316764,0,11876.1644423541,0,"Clark County","Wisconsin",FALSE
"55021",6292231.42109928,2457902.89886691,27.1289777263555,0,109342.92466355,0,"Columbia County","Wisconsin",TRUE
"55023",218498.626713312,85351.0260598876,0.942057591440135,0,8127.20687906887,0,"Crawford County","Wisconsin",FALSE
"55027",2749121.52873588,1073875.59716246,11.8528470631315,0,143100.891102099,0,"Dodge County","Wisconsin",FALSE
"55029",149257.407374879,58303.674755812,0.643523832672265,0,29244.4207767736,0,"Door County","Wisconsin",FALSE
"55031",296872.985899222,115966.010116883,1.27996891452692,0,19800.7377879383,0,"Douglas County","Wisconsin",TRUE
"55033",426873.388878633,166747.417530716,1.84046610555833,0,25708.4871554535,0,"Dunn County","Wisconsin",FALSE
"55037",23526.7405509923,9190.13302773137,0.101435623972983,0,4352.59784662999,0,"Florence County","Wisconsin",FALSE
"55039",1057054.21838929,412911.804058317,4.5574929507636,0,116554.998855365,0,"Fond du Lac County","Wisconsin",TRUE
"55041",68251.3373133529,26660.6786380285,0.294265878962927,0,3050.14248740145,0,"Forest County","Wisconsin",FALSE
"55043",1148593.41858122,448669.30413329,4.95216453178143,0,53717.1193493832,0,"Grant County","Wisconsin",FALSE
"55045",3377338.80369188,1319272.97019214,14.5614080360233,0,37862.436770948,0,"Green County","Wisconsin",TRUE
"55047",213973.811785626,83583.52022876,0.922548836091837,0,21059.8566124249,0,"Green Lake County","Wisconsin",FALSE
"55049",2228775.28689763,870615.346444387,9.60937242590071,0,23021.0508276777,0,"Iowa County","Wisconsin",TRUE
"55051",32937.5398511301,12866.2265043477,0.142010317990839,0,1723.01563728879,0,"Iron County","Wisconsin",FALSE
"55053",245427.499450464,95870.1169728377,1.05816152020416,0,20699.1492647312,0,"Jackson County","Wisconsin",FALSE
"55055",3349514.42691823,1308404.07301493,14.4414431384814,0,505725.994488053,0,"Jefferson County","Wisconsin",FALSE
"55057",215521.516984446,84188.0925720493,0.929221772456666,0,11758.4885490918,0,"Juneau County","Wisconsin",FALSE
"55059",3030200.4702579,1183672.05869449,13.0647199002189,0,3305647.75539213,0,"Kenosha County","Wisconsin",TRUE
"55061",128579.421793941,50226.3366382582,0.554370625692291,0,16102.8476287481,0,"Kewaunee County","Wisconsin",TRUE
"55065",652764.352821471,254986.075320887,2.81439578475624,0,10651.0245429498,0,"Lafayette County","Wisconsin",FALSE
"55067",158985.067031178,62103.541809054,0.685464671221272,0,16157.6289475792,0,"Langlade County","Wisconsin",FALSE
"55069",243552.859025476,95137.8355568265,1.05007900147099,0,16437.1575415692,0,"Lincoln County","Wisconsin",FALSE
"55071",481751.447972832,188184.159364388,2.07707304881854,0,81228.4405821344,0,"Manitowoc County","Wisconsin",FALSE
"55073",1329960.9550315,519515.998059178,5.73413129799803,0,75472.5556835349,0,"Marathon County","Wisconsin",TRUE
"55075",239012.360833525,93364.2034505956,1.0305026276741,0,45617.3120079425,0,"Marinette County","Wisconsin",FALSE
"55077",224174.843934017,87568.2984117252,0.966530621792146,0,13603.7378472759,0,"Marquette County","Wisconsin",FALSE
"55078",20831.0811497127,8137.14107410651,0.0898132790589145,0,3410.97412131062,0,"Menominee County","Wisconsin",FALSE
"55081",495536.030325176,193568.761845772,2.13650532372659,0,33318.5603209541,0,"Monroe County","Wisconsin",FALSE
"55083",231669.161974073,90495.7663961224,0.998842400170349,0,34643.2712969573,0,"Oconto County","Wisconsin",TRUE
"55085",332160.090438681,129750.03532761,1.43210938886938,0,24178.4637529865,0,"Oneida County","Wisconsin",FALSE
"55087",1547670.6608518,604558.851895233,6.67278745425532,0,194786.440954049,0,"Outagamie County","Wisconsin",TRUE
"55089",2526232.8159945,986809.693747851,10.8918616004638,0,323222.897076488,0,"Ozaukee County","Wisconsin",TRUE
"55091",137689.257897367,53784.8663661588,0.593647715837428,0,8287.3527729033,0,"Pepin County","Wisconsin",FALSE
"55093",590269.260421818,230573.929852273,2.5449479758229,0,33275.1254197586,0,"Pierce County","Wisconsin",TRUE
"55095",571215.214242137,223130.943063335,2.46279638923755,0,25569.3835428471,0,"Polk County","Wisconsin",FALSE
"55097",729042.498465291,284782.225963004,3.14326927584239,0,38715.1655785289,0,"Portage County","Wisconsin",FALSE
"55099",82399.9969666828,32187.4988151105,0.355267874424486,0,5586.26936169855,0,"Price County","Wisconsin",FALSE
"55101",4202387.76228426,1641557.71964229,18.1186094996807,0,1147314.93340081,0,"Racine County","Wisconsin",TRUE
"55103",575703.821743118,224884.305368406,2.48214903613927,0,12364.1766156967,0,"Richland County","Wisconsin",FALSE
"55105",6519944.35285084,2546853.26283236,28.1107628261178,0,274022.176324353,0,"Rock County","Wisconsin",TRUE
"55107",68475.4804763169,26748.2345610613,0.295232272992107,0,5744.05274927552,0,"Rusk County","Wisconsin",FALSE
"55109",1649725.03559882,644423.842030788,7.112795247056,0,83143.1599758371,0,"St. Croix County","Wisconsin",TRUE
"55111",3915208.48572446,1529378.31473612,16.8804350467931,0,98590.5907185339,0,"Sauk County","Wisconsin",FALSE
"55113",73078.7445181402,28546.3845773985,0.315079261969721,0,5550.24012921329,0,"Sawyer County","Wisconsin",FALSE
"55115",367682.425571267,143625.947488776,1.58526406073485,0,43052.0188690064,0,"Shawano County","Wisconsin",FALSE
"55117",970098.393355737,378944.684904585,4.18258260773302,0,160789.049786829,0,"Sheboygan County","Wisconsin",TRUE
"55119",127325.801769483,49736.6413162042,0.548965638582821,0,9712.36033103711,0,"Taylor County","Wisconsin",FALSE
"55121",427836.259043958,167123.538689046,1.84461752363569,0,26480.9663386835,0,"Trempealeau County","Wisconsin",FALSE
"55123",337544.315547865,131853.248260885,1.45532349421378,0,24038.770667725,0,"Vernon County","Wisconsin",TRUE
"55127",2576346.64692491,1006385.40895504,11.107927557373,0,580074.82921145,0,"Walworth County","Wisconsin",FALSE
"55129",83100.2700462537,32461.0429868178,0.358287104250385,0,5358.61817105353,0,"Washburn County","Wisconsin",FALSE
"55131",3058814.19759273,1194849.29593466,13.1880880854595,0,383584.030419312,0,"Washington County","Wisconsin",TRUE
"55135",490799.095678467,191718.396749401,2.11608201346962,0,49351.8860265966,0,"Waupaca County","Wisconsin",FALSE
"55137",251540.991300168,98258.1997266282,1.0845198616448,0,32514.2873158802,0,"Waushara County","Wisconsin",FALSE
"55139",1455553.58559706,568575.61937385,6.27562436288792,0,175364.708978989,0,"Winnebago County","Wisconsin",TRUE
"56003",13942.6110354555,5446.3324357248,0.0601136161266664,0,1536.44274370535,0,"Big Horn County","Wyoming",FALSE
"56005",55939.9028764755,21851.5245611232,0.241185086432385,0,2396.72444378295,0,"Campbell County","Wyoming",FALSE
"56007",82048.2101057053,32050.0820725411,0.353751144145958,0,1947.50164925595,0,"Carbon County","Wyoming",FALSE
"56009",43292.1341390151,16910.9898980528,0.186654187391371,0,1047.36799398873,0,"Converse County","Wyoming",FALSE
"56011",7990.77818932658,3121.3977302057,0.0344522680439836,0,1035.73902518683,0,"Crook County","Wyoming",FALSE
"56015",45439.078075661,17749.6398733051,0.195910743665143,0,1996.36812772341,0,"Goshen County","Wyoming",FALSE
"56017",7063.92588557578,2759.34604905304,0.0304561411024726,0,213.829569591735,0,"Hot Springs County","Wyoming",FALSE
"56019",20152.6795389359,7872.14044489684,0.0868883481470328,0,896.179356821405,0,"Johnson County","Wyoming",FALSE
"56021",633576.500285029,247490.82042384,2.73166729159685,0,22560.6454715637,0,"Laramie County","Wyoming",TRUE
"56023",23307.3241244219,9104.42348610229,0.100489609284257,0,620.585884621046,0,"Lincoln County","Wyoming",FALSE
"56025",254438.586958383,99390.0730306182,1.09701285543522,0,5567.94005860268,0,"Natrona County","Wyoming",TRUE
"56027",8155.03071403633,3185.55887267044,0.0351604433773648,0,137.514805382855,0,"Niobrara County","Wyoming",FALSE
"56029",39417.4809073459,15397.453479432,0.169948606463939,0,3503.49075364641,0,"Park County","Wyoming",FALSE
"56031",34418.3116103705,13444.652972801,0.148394670597379,0,1119.48465769188,0,"Platte County","Wyoming",FALSE
"56033",51758.1280223615,20218.018758735,0.223155349558201,0,2074.96755448133,0,"Sheridan County","Wyoming",FALSE
"56035",11490.392722271,4488.43465713711,0.0495408683133127,0,868.886740967445,0,"Sublette County","Wyoming",FALSE
"56037",52254.720441013,20412.0001722707,0.225296409503882,0,6218.27497406762,0,"Sweetwater County","Wyoming",FALSE
"56039",27701.4705245775,10820.8869236631,0.119434986820187,0,3757.41686557047,0,"Teton County","Wyoming",FALSE
"56041",30848.8369076865,12050.326917065,0.133004867962468,0,2800.31869798972,0,"Uinta County","Wyoming",FALSE
"56043",12947.194785797,5057.49796320194,0.0558218754931472,0,483.026765826295,0,"Washakie County","Wyoming",FALSE
"56045",11850.0141842822,4628.91179073524,0.0510913775015328,0,512.564705617565,0,"Weston County","Wyoming",FALSE
