"ORIGIN","IDC_econ_loss","DESTINATION"
"39017",7.13555694047889,"13089"
"37039",7.13555694047889,"13089"
"13051",14.2711138809578,"13089"
"47065",7.13555694047889,"13089"
"39025",7.13555694047889,"13089"
"39113",7.13555694047889,"13089"
"13021",71.3555694047889,"13089"
"13059",64.22001246431,"13089"
"45007",7.13555694047889,"13089"
"25009",14.2711138809578,"13089"
"13037",7.13555694047889,"13089"
"45083",7.13555694047889,"13089"
"36055",7.13555694047889,"13089"
"13147",14.2711138809578,"13089"
"13257",14.2711138809578,"13089"
"13077",256.88004985724,"13089"
"13057",399.591188666816,"13089"
"47179",7.13555694047889,"13089"
"45047",14.2711138809578,"13089"
"13071",7.13555694047889,"13089"
"13045",206.931151273888,"13089"
"13053",7.13555694047889,"13089"
"13069",7.13555694047889,"13089"
"13063",841.995718976509,"13089"
"13013",107.033354107183,"13089"
"13019",14.2711138809578,"13089"
"13001",7.13555694047889,"13089"
"13081",7.13555694047889,"13089"
"13263",7.13555694047889,"13089"
"13039",7.13555694047889,"13089"
"13067",2290.51377789372,"13089"
"13025",14.2711138809578,"13089"
"13277",7.13555694047889,"13089"
"13145",7.13555694047889,"13089"
"13089",5979.59671612129,"13089"
"13015",114.168911047662,"13089"
"13289",7.13555694047889,"13089"
"13111",7.13555694047889,"13089"
"13249",7.13555694047889,"13089"
"13131",7.13555694047889,"13089"
"13073",7.13555694047889,"13089"
"13151",742.097921809804,"13089"
"13031",7.13555694047889,"13089"
"13259",7.13555694047889,"13089"
"13133",7.13555694047889,"13089"
"13285",35.6777847023944,"13089"
"13179",7.13555694047889,"13089"
"13255",199.795594333409,"13089"
"13079",7.13555694047889,"13089"
"13219",28.5422277619155,"13089"
"13085",42.8133416428734,"13089"
"13119",14.2711138809578,"13089"
"13097",256.88004985724,"13089"
"13281",7.13555694047889,"13089"
"13011",7.13555694047889,"13089"
"13217",313.96450538107,"13089"
"13275",7.13555694047889,"13089"
"24033",7.13555694047889,"13089"
"13251",7.13555694047889,"13089"
"13207",14.2711138809578,"13089"
"13185",35.6777847023944,"13089"
"13129",7.13555694047889,"13089"
"13153",49.9488985833521,"13089"
"13035",7.13555694047889,"13089"
"45003",14.2711138809578,"13089"
"13265",7.13555694047889,"13089"
"13171",7.13555694047889,"13089"
"13105",14.2711138809578,"13089"
"13205",14.2711138809578,"13089"
"13113",156.982252690535,"13089"
"13135",4873.58539034708,"13089"
"13215",35.6777847023944,"13089"
"13139",164.117809631014,"13089"
"13225",21.4066708214366,"13089"
"13177",7.13555694047889,"13089"
"13127",21.4066708214366,"13089"
"13299",21.4066708214366,"13089"
"13009",49.9488985833521,"13089"
"13137",14.2711138809578,"13089"
"13227",7.13555694047889,"13089"
"12133",7.13555694047889,"13089"
"13103",7.13555694047889,"13089"
"13195",35.6777847023944,"13089"
"13115",14.2711138809578,"13089"
"13237",7.13555694047889,"13089"
"13121",3988.77632972769,"13089"
"12057",7.13555694047889,"13089"
"13157",14.2711138809578,"13089"
"13117",342.506733142986,"13089"
"13245",28.5422277619155,"13089"
"13033",7.13555694047889,"13089"
"13169",42.8133416428734,"13089"
"13193",7.13555694047889,"13089"
"12059",7.13555694047889,"13089"
"12091",7.13555694047889,"13089"
"13183",7.13555694047889,"13089"
"01117",7.13555694047889,"13089"
"13167",14.2711138809578,"13089"
"13313",42.8133416428734,"13089"
"13321",7.13555694047889,"13089"
"13319",7.13555694047889,"13089"
"12005",7.13555694047889,"13089"
"01009",7.13555694047889,"13089"
"01031",7.13555694047889,"13089"
"09140",7.13555694047889,"13089"
"13087",14.2711138809578,"13089"
"13223",199.795594333409,"13089"
"13187",14.2711138809578,"13089"
"01103",7.13555694047889,"13089"
"13233",35.6777847023944,"13089"
"13213",28.5422277619155,"13089"
"13229",21.4066708214366,"13089"
"13095",28.5422277619155,"13089"
"01073",7.13555694047889,"13089"
"13305",7.13555694047889,"13089"
"13279",7.13555694047889,"13089"
"01015",7.13555694047889,"13089"
"13247",342.506733142986,"13089"
"13231",7.13555694047889,"13089"
"01027",7.13555694047889,"13089"
"01121",14.2711138809578,"13089"
"13317",7.13555694047889,"13089"
"01081",21.4066708214366,"13089"
"13293",28.5422277619155,"13089"
"13295",7.13555694047889,"13089"
"13297",256.88004985724,"13089"
"01001",7.13555694047889,"13089"
"13175",49.9488985833521,"13089"
"13119",113.585474030692,"13089"
"13121",102681.268523746,"13089"
"13151",44525.5058200313,"13089"
"13115",908.683792245536,"13089"
"13163",113.585474030692,"13089"
"13127",1249.44021433761,"13089"
"45079",340.756422092076,"13089"
"13123",113.585474030692,"13089"
"13135",189687.741631255,"13089"
"13129",340.756422092076,"13089"
"45077",113.585474030692,"13089"
"01051",113.585474030692,"13089"
"45075",113.585474030692,"13089"
"13159",227.170948061384,"13089"
"45063",113.585474030692,"13089"
"01073",454.341896122768,"13089"
"48025",113.585474030692,"13089"
"01069",567.92737015346,"13089"
"01009",454.341896122768,"13089"
"01087",113.585474030692,"13089"
"13131",113.585474030692,"13089"
"13117",6815.12844184152,"13089"
"01001",113.585474030692,"13089"
"13143",113.585474030692,"13089"
"13145",1022.26926627623,"13089"
"06077",113.585474030692,"13089"
"06067",113.585474030692,"13089"
"47093",227.170948061384,"13089"
"13011",454.341896122768,"13089"
"13035",454.341896122768,"13089"
"13137",454.341896122768,"13089"
"13169",454.341896122768,"13089"
"01081",454.341896122768,"13089"
"01005",227.170948061384,"13089"
"13153",1590.19663642969,"13089"
"13157",1249.44021433761,"13089"
"06037",113.585474030692,"13089"
"13311",113.585474030692,"13089"
"01055",113.585474030692,"13089"
"13319",113.585474030692,"13089"
"18097",113.585474030692,"13089"
"08059",113.585474030692,"13089"
"13293",113.585474030692,"13089"
"48139",113.585474030692,"13089"
"13141",113.585474030692,"13089"
"13037",227.170948061384,"13089"
"13013",5679.2737015346,"13089"
"12129",113.585474030692,"13089"
"12013",113.585474030692,"13089"
"13009",567.92737015346,"13089"
"05085",113.585474030692,"13089"
"01039",227.170948061384,"13089"
"13235",113.585474030692,"13089"
"13149",681.512844184152,"13089"
"13029",113.585474030692,"13089"
"13229",113.585474030692,"13089"
"13321",113.585474030692,"13089"
"13021",4429.83348719699,"13089"
"01007",113.585474030692,"13089"
"13139",4997.76085735045,"13089"
"01117",227.170948061384,"13089"
"01061",113.585474030692,"13089"
"13241",340.756422092076,"13089"
"13245",2839.6368507673,"13089"
"13249",113.585474030692,"13089"
"13247",35211.4969495146,"13089"
"13313",1022.26926627623,"13089"
"13015",3861.90611704353,"13089"
"09110",113.585474030692,"13089"
"17045",113.585474030692,"13089"
"13207",1363.02568836831,"13089"
"17023",113.585474030692,"13089"
"04013",113.585474030692,"13089"
"45007",227.170948061384,"13089"
"13211",227.170948061384,"13089"
"13237",113.585474030692,"13089"
"13185",340.756422092076,"13089"
"13177",227.170948061384,"13089"
"13133",113.585474030692,"13089"
"22005",113.585474030692,"13089"
"17001",113.585474030692,"13089"
"13309",113.585474030692,"13089"
"37119",113.585474030692,"13089"
"13233",227.170948061384,"13089"
"13113",7837.39770811775,"13089"
"45045",113.585474030692,"13089"
"13223",6701.54296781083,"13089"
"13181",227.170948061384,"13089"
"13273",113.585474030692,"13089"
"13231",454.341896122768,"13089"
"37023",113.585474030692,"13089"
"34025",227.170948061384,"13089"
"13031",340.756422092076,"13089"
"37063",113.585474030692,"13089"
"51041",340.756422092076,"13089"
"12081",227.170948061384,"13089"
"36011",113.585474030692,"13089"
"13175",795.098318214844,"13089"
"13213",227.170948061384,"13089"
"13271",113.585474030692,"13089"
"13275",113.585474030692,"13089"
"28079",113.585474030692,"13089"
"12073",340.756422092076,"13089"
"13171",454.341896122768,"13089"
"13305",113.585474030692,"13089"
"01113",567.92737015346,"13089"
"45017",113.585474030692,"13089"
"01121",227.170948061384,"13089"
"45013",227.170948061384,"13089"
"01127",113.585474030692,"13089"
"13243",227.170948061384,"13089"
"05119",227.170948061384,"13089"
"36067",113.585474030692,"13089"
"37147",113.585474030692,"13089"
"13225",681.512844184152,"13089"
"13191",227.170948061384,"13089"
"13215",5565.68822750391,"13089"
"01109",113.585474030692,"13089"
"13147",340.756422092076,"13089"
"13103",795.098318214844,"13089"
"13101",113.585474030692,"13089"
"39049",681.512844184152,"13089"
"37083",113.585474030692,"13089"
"51149",113.585474030692,"13089"
"13227",1022.26926627623,"13089"
"13079",795.098318214844,"13089"
"13255",2271.70948061384,"13089"
"13257",340.756422092076,"13089"
"13279",113.585474030692,"13089"
"13195",567.92737015346,"13089"
"13219",454.341896122768,"13089"
"42011",227.170948061384,"13089"
"13067",42367.3818134481,"13089"
"13107",113.585474030692,"13089"
"39139",113.585474030692,"13089"
"45003",454.341896122768,"13089"
"13045",3521.14969495146,"13089"
"12123",113.585474030692,"13089"
"13299",113.585474030692,"13089"
"13295",227.170948061384,"13089"
"13261",227.170948061384,"13089"
"13297",17264.9920526651,"13089"
"13199",227.170948061384,"13089"
"13069",113.585474030692,"13089"
"13187",113.585474030692,"13089"
"37193",113.585474030692,"13089"
"13099",113.585474030692,"13089"
"13057",7155.8848639336,"13089"
"13047",454.341896122768,"13089"
"13217",26692.5863972126,"13089"
"40143",113.585474030692,"13089"
"13073",1249.44021433761,"13089"
"12115",340.756422092076,"13089"
"13189",340.756422092076,"13089"
"13179",1135.85474030692,"13089"
"13043",113.585474030692,"13089"
"13077",6587.95749378014,"13089"
"13075",113.585474030692,"13089"
"13105",340.756422092076,"13089"
"13287",113.585474030692,"13089"
"13055",227.170948061384,"13089"
"12101",113.585474030692,"13089"
"13285",908.683792245536,"13089"
"37183",113.585474030692,"13089"
"13051",3066.80779882868,"13089"
"13085",567.92737015346,"13089"
"13039",681.512844184152,"13089"
"13095",227.170948061384,"13089"
"01101",454.341896122768,"13089"
"01103",227.170948061384,"13089"
"01089",227.170948061384,"13089"
"01115",340.756422092076,"13089"
"28067",113.585474030692,"13089"
"13087",340.756422092076,"13089"
"13097",6701.54296781083,"13089"
"13063",36574.5226378828,"13089"
"13089",411293.001465136,"13089"
"13059",2953.222324798,"13089"
"13093",340.756422092076,"13089"
"13197",113.585474030692,"13089"
"13083",113.585474030692,"13089"
"01095",113.585474030692,"13089"
"01101",68.3969716795338,"13089"
"12073",68.3969716795338,"13089"
"13211",136.793943359067,"13089"
"13039",273.587886718135,"13089"
"13063",3556.64252733575,"13089"
"13153",341.984858397669,"13089"
"13029",136.793943359067,"13089"
"13021",410.381830077202,"13089"
"01055",68.3969716795338,"13089"
"13241",68.3969716795338,"13089"
"13045",615.572745115803,"13089"
"13015",820.763660154405,"13089"
"13151",2530.68795214274,"13089"
"13059",547.17577343627,"13089"
"26075",68.3969716795338,"13089"
"13179",136.793943359067,"13089"
"13139",615.572745115803,"13089"
"13135",15320.9216562156,"13089"
"13247",3077.86372557901,"13089"
"13141",68.3969716795338,"13089"
"13295",68.3969716795338,"13089"
"13155",68.3969716795338,"13089"
"13065",68.3969716795338,"13089"
"17055",68.3969716795338,"13089"
"13313",68.3969716795338,"13089"
"13137",68.3969716795338,"13089"
"13245",273.587886718135,"13089"
"13305",68.3969716795338,"13089"
"13055",205.190915038601,"13089"
"13297",752.366688474871,"13089"
"13317",68.3969716795338,"13089"
"13127",205.190915038601,"13089"
"13085",205.190915038601,"13089"
"13257",68.3969716795338,"13089"
"13169",136.793943359067,"13089"
"13255",615.572745115803,"13089"
"13147",68.3969716795338,"13089"
"13171",68.3969716795338,"13089"
"32003",68.3969716795338,"13089"
"13293",136.793943359067,"13089"
"13057",1025.95457519301,"13089"
"01015",68.3969716795338,"13089"
"13285",68.3969716795338,"13089"
"13013",1094.35154687254,"13089"
"13051",478.778801756736,"13089"
"13097",889.160631833938,"13089"
"13233",273.587886718135,"13089"
"13227",136.793943359067,"13089"
"13077",547.17577343627,"13089"
"13157",68.3969716795338,"13089"
"42003",68.3969716795338,"13089"
"45001",136.793943359067,"13089"
"13143",68.3969716795338,"13089"
"13117",1025.95457519301,"13089"
"13185",68.3969716795338,"13089"
"13225",136.793943359067,"13089"
"45065",68.3969716795338,"13089"
"13067",5745.34562108083,"13089"
"13217",1436.3364052702,"13089"
"13079",68.3969716795338,"13089"
"13113",889.160631833938,"13089"
"13145",136.793943359067,"13089"
"13121",14226.570109343,"13089"
"13195",68.3969716795338,"13089"
"13223",1094.35154687254,"13089"
"39139",68.3969716795338,"13089"
"13103",205.190915038601,"13089"
"13089",30026.2705673153,"13089"
"13221",136.793943359067,"13089"
"13073",273.587886718135,"13089"
"13125",68.3969716795338,"13089"
"13115",547.17577343627,"13089"
"13081",68.3969716795338,"13089"
"13215",341.984858397669,"13089"
"13183",68.3969716795338,"13089"
"37125",68.3969716795338,"13089"
"13199",68.3969716795338,"13089"
"01047",1574.53587863544,"13089"
"45075",3149.0717572709,"13089"
"51061",1574.53587863544,"13089"
"39057",1574.53587863544,"13089"
"17047",1574.53587863544,"13089"
"39057",1574.53587863544,"13089"
"12073",14170.822907719,"13089"
"13167",1574.53587863544,"13089"
"54049",3149.0717572709,"13089"
"13219",23618.0381795317,"13089"
"01089",18894.4305436253,"13089"
"36001",3149.0717572709,"13089"
"01057",1574.53587863544,"13089"
"41007",3149.0717572709,"13089"
"45047",3149.0717572709,"13089"
"51061",1574.53587863544,"13089"
"37031",3149.0717572709,"13089"
"13151",1004553.89056941,"13089"
"01073",44087.0046017924,"13089"
"01031",4723.60763590633,"13089"
"01057",1574.53587863544,"13089"
"01055",1574.53587863544,"13089"
"13163",1574.53587863544,"13089"
"13293",3149.0717572709,"13089"
"12021",11021.7511504481,"13089"
"45085",9447.21527181266,"13089"
"01047",1574.53587863544,"13089"
"25005",1574.53587863544,"13089"
"13279",3149.0717572709,"13089"
"13063",1034470.07226349,"13089"
"42109",1574.53587863544,"13089"
"13193",1574.53587863544,"13089"
"06037",29916.1816940735,"13089"
"09110",11021.7511504481,"13089"
"54033",4723.60763590633,"13089"
"06037",29916.1816940735,"13089"
"34005",7872.67939317722,"13089"
"13039",11021.7511504481,"13089"
"35061",6298.14351454177,"13089"
"12001",3149.0717572709,"13089"
"13193",1574.53587863544,"13089"
"13293",3149.0717572709,"13089"
"48439",18894.4305436253,"13089"
"24037",3149.0717572709,"13089"
"13127",20468.9664222608,"13089"
"37097",7872.67939317722,"13089"
"12051",1574.53587863544,"13089"
"13207",9447.21527181266,"13089"
"47105",4723.60763590633,"13089"
"47151",3149.0717572709,"13089"
"12097",14170.822907719,"13089"
"12013",1574.53587863544,"13089"
"13215",33065.2534513444,"13089"
"12013",1574.53587863544,"13089"
"24033",3149.0717572709,"13089"
"22071",17319.8946649899,"13089"
"13151",1004553.89056941,"13089"
"47051",1574.53587863544,"13089"
"13217",571556.523944667,"13089"
"21067",6298.14351454177,"13089"
"13277",1574.53587863544,"13089"
"13215",33065.2534513444,"13089"
"13247",530618.591100145,"13089"
"13097",288140.065790286,"13089"
"37009",1574.53587863544,"13089"
"13227",55108.7557522405,"13089"
"37097",7872.67939317722,"13089"
"13277",1574.53587863544,"13089"
"13193",1574.53587863544,"13089"
"34013",15745.3587863544,"13089"
"13213",3149.0717572709,"13089"
"13015",107068.43974721,"13089"
"13033",3149.0717572709,"13089"
"13061",1574.53587863544,"13089"
"13061",1574.53587863544,"13089"
"13085",61406.8992667822,"13089"
"13115",28341.6458154381,"13089"
"01051",6298.14351454177,"13089"
"12073",14170.822907719,"13089"
"13297",159028.12374218,"13089"
"51760",3149.0717572709,"13089"
"12109",12596.2870290835,"13089"
"48113",34639.7893299798,"13089"
"48113",34639.7893299798,"13089"
"13319",4723.60763590633,"13089"
"45057",3149.0717572709,"13089"
"24005",15745.3587863544,"13089"
"45055",1574.53587863544,"13089"
"13039",11021.7511504481,"13089"
"01057",1574.53587863544,"13089"
"13267",1574.53587863544,"13089"
"39061",31490.717572709,"13089"
"13135",5210139.22240469,"13089"
"13061",1574.53587863544,"13089"
"17189",1574.53587863544,"13089"
"13247",530618.591100145,"13089"
"01047",1574.53587863544,"13089"
"34013",15745.3587863544,"13089"
"01057",1574.53587863544,"13089"
"45035",4723.60763590633,"13089"
"34005",7872.67939317722,"13089"
"39057",1574.53587863544,"13089"
"01009",4723.60763590633,"13089"
"12029",1574.53587863544,"13089"
"12029",1574.53587863544,"13089"
"13215",33065.2534513444,"13089"
"13293",3149.0717572709,"13089"
"45063",20468.9664222608,"13089"
"13163",1574.53587863544,"13089"
"47139",1574.53587863544,"13089"
"13079",6298.14351454177,"13089"
"45057",3149.0717572709,"13089"
"45035",4723.60763590633,"13089"
"45079",20468.9664222608,"13089"
"37099",1574.53587863544,"13089"
"47037",33065.2534513444,"13089"
"13225",6298.14351454177,"13089"
"13075",1574.53587863544,"13089"
"01077",1574.53587863544,"13089"
"21163",1574.53587863544,"13089"
"45079",20468.9664222608,"13089"
"13207",9447.21527181266,"13089"
"54011",1574.53587863544,"13089"
"47041",1574.53587863544,"13089"
"13229",1574.53587863544,"13089"
"24005",15745.3587863544,"13089"
"12051",1574.53587863544,"13089"
"12097",14170.822907719,"13089"
"05085",3149.0717572709,"13089"
"21185",1574.53587863544,"13089"
"13145",7872.67939317722,"13089"
"35006",1574.53587863544,"13089"
"05125",6298.14351454177,"13089"
"01123",1574.53587863544,"13089"
"13281",6298.14351454177,"13089"
"12001",3149.0717572709,"13089"
"13227",55108.7557522405,"13089"
"13137",20468.9664222608,"13089"
"13181",3149.0717572709,"13089"
"13195",20468.9664222608,"13089"
"12103",33065.2534513444,"13089"
"47037",33065.2534513444,"13089"
"12069",7872.67939317722,"13089"
"04019",7872.67939317722,"13089"
"13075",1574.53587863544,"13089"
"53035",3149.0717572709,"13089"
"13267",1574.53587863544,"13089"
"51087",14170.822907719,"13089"
"19181",1574.53587863544,"13089"
"13137",20468.9664222608,"13089"
"37135",12596.2870290835,"13089"
"24005",15745.3587863544,"13089"
"01127",6298.14351454177,"13089"
"21111",9447.21527181266,"13089"
"13051",40937.9328445216,"13089"
"51079",1574.53587863544,"13089"
"12073",14170.822907719,"13089"
"13167",1574.53587863544,"13089"
"13113",377888.610872507,"13089"
"01109",1574.53587863544,"13089"
"01009",4723.60763590633,"13089"
"37049",1574.53587863544,"13089"
"13233",11021.7511504481,"13089"
"22105",4723.60763590633,"13089"
"47035",1574.53587863544,"13089"
"04019",7872.67939317722,"13089"
"13089",14858895.0866827,"13089"
"45033",3149.0717572709,"13089"
"26025",1574.53587863544,"13089"
"45055",1574.53587863544,"13089"
"45073",1574.53587863544,"13089"
"01125",6298.14351454177,"13089"
"05045",1574.53587863544,"13089"
"13247",530618.591100145,"13089"
"28073",1574.53587863544,"13089"
"13061",1574.53587863544,"13089"
"13195",20468.9664222608,"13089"
"45035",4723.60763590633,"13089"
"37155",1574.53587863544,"13089"
"06071",4723.60763590633,"13089"
"12125",1574.53587863544,"13089"
"13027",4723.60763590633,"13089"
"51079",1574.53587863544,"13089"
"21093",1574.53587863544,"13089"
"13175",14170.822907719,"13089"
"13135",5210139.22240469,"13089"
"13135",5210139.22240469,"13089"
"13183",3149.0717572709,"13089"
"05125",6298.14351454177,"13089"
"54011",1574.53587863544,"13089"
"21173",3149.0717572709,"13089"
"37135",12596.2870290835,"13089"
"22103",6298.14351454177,"13089"
"47187",6298.14351454177,"13089"
"13293",3149.0717572709,"13089"
"45079",20468.9664222608,"13089"
"13083",1574.53587863544,"13089"
"39049",26767.1099368026,"13089"
"13221",4723.60763590633,"13089"
"45077",9447.21527181266,"13089"
"36027",7872.67939317722,"13089"
"05119",7872.67939317722,"13089"
"13125",1574.53587863544,"13089"
"45045",22043.5023008962,"13089"
"36079",3149.0717572709,"13089"
"45009",3149.0717572709,"13089"
"13195",20468.9664222608,"13089"
"48439",18894.4305436253,"13089"
"41039",4723.60763590633,"13089"
"36047",11021.7511504481,"13089"
"13275",1574.53587863544,"13089"
"47145",1574.53587863544,"13089"
"45003",6298.14351454177,"13089"
"13191",4723.60763590633,"13089"
"13259",1574.53587863544,"13089"
"13127",20468.9664222608,"13089"
"36087",7872.67939317722,"13089"
"13185",7872.67939317722,"13089"
"47161",1574.53587863544,"13089"
"37031",3149.0717572709,"13089"
"13057",414102.936081121,"13089"
"47185",1574.53587863544,"13089"
"45037",1574.53587863544,"13089"
"47037",33065.2534513444,"13089"
"45075",3149.0717572709,"13089"
"18011",1574.53587863544,"13089"
"13075",1574.53587863544,"13089"
"21067",6298.14351454177,"13089"
"13281",6298.14351454177,"13089"
"13319",4723.60763590633,"13089"
"37135",12596.2870290835,"13089"
"47139",1574.53587863544,"13089"
"13159",6298.14351454177,"13089"
"35061",6298.14351454177,"13089"
"47093",25192.574058167,"13089"
"21093",1574.53587863544,"13089"
"13287",1574.53587863544,"13089"
"13015",107068.43974721,"13089"
"37125",1574.53587863544,"13089"
"18011",1574.53587863544,"13089"
"51107",3149.0717572709,"13089"
"12031",33065.2534513444,"13089"
"13245",42512.468723157,"13089"
"13019",4723.60763590633,"13089"
"45045",22043.5023008962,"13089"
"13085",61406.8992667822,"13089"
"13087",1574.53587863544,"13089"
"13105",4723.60763590633,"13089"
"13009",7872.67939317722,"13089"
"21073",3149.0717572709,"13089"
"41009",1574.53587863544,"13089"
"21067",6298.14351454177,"13089"
"45091",3149.0717572709,"13089"
"39085",3149.0717572709,"13089"
"13189",1574.53587863544,"13089"
"39109",1574.53587863544,"13089"
"13311",17319.8946649899,"13089"
"45083",11021.7511504481,"13089"
"13215",33065.2534513444,"13089"
"22105",4723.60763590633,"13089"
"12009",18894.4305436253,"13089"
"47145",1574.53587863544,"13089"
"37067",14170.822907719,"13089"
"29510",1574.53587863544,"13089"
"51113",1574.53587863544,"13089"
"47119",3149.0717572709,"13089"
"13189",1574.53587863544,"13089"
"13179",12596.2870290835,"13089"
"05125",6298.14351454177,"13089"
"09130",3149.0717572709,"13089"
"01115",1574.53587863544,"13089"
"13021",53534.219873605,"13089"
"13167",1574.53587863544,"13089"
"18059",3149.0717572709,"13089"
"48309",1574.53587863544,"13089"
"47167",1574.53587863544,"13089"
"51107",3149.0717572709,"13089"
"28113",1574.53587863544,"13089"
"37171",1574.53587863544,"13089"
"47139",1574.53587863544,"13089"
"51107",3149.0717572709,"13089"
"13071",4723.60763590633,"13089"
"01051",6298.14351454177,"13089"
"13125",1574.53587863544,"13089"
"22017",3149.0717572709,"13089"
"13115",28341.6458154381,"13089"
"47043",1574.53587863544,"13089"
"47051",1574.53587863544,"13089"
"39019",1574.53587863544,"13089"
"13311",17319.8946649899,"13089"
"36087",7872.67939317722,"13089"
"21065",1574.53587863544,"13089"
"13319",4723.60763590633,"13089"
"13057",414102.936081121,"13089"
"21173",3149.0717572709,"13089"
"12099",37788.8610872507,"13089"
"47051",1574.53587863544,"13089"
"35061",6298.14351454177,"13089"
"54107",1574.53587863544,"13089"
"31111",1574.53587863544,"13089"
"12075",1574.53587863544,"13089"
"45045",22043.5023008962,"13089"
"01069",4723.60763590633,"13089"
"36091",3149.0717572709,"13089"
"13033",3149.0717572709,"13089"
"22051",18894.4305436253,"13089"
"37051",1574.53587863544,"13089"
"13303",1574.53587863544,"13089"
"13237",4723.60763590633,"13089"
"22005",3149.0717572709,"13089"
"51117",1574.53587863544,"13089"
"45013",4723.60763590633,"13089"
"19181",1574.53587863544,"13089"
"36079",3149.0717572709,"13089"
"45035",4723.60763590633,"13089"
"13121",8034856.58867667,"13089"
"37051",1574.53587863544,"13089"
"22119",3149.0717572709,"13089"
"12095",45661.5404804279,"13089"
"06071",4723.60763590633,"13089"
"13061",1574.53587863544,"13089"
"24017",6298.14351454177,"13089"
"39085",3149.0717572709,"13089"
"35043",4723.60763590633,"13089"
"13279",3149.0717572709,"13089"
"19181",1574.53587863544,"13089"
"13289",1574.53587863544,"13089"
"45055",1574.53587863544,"13089"
"13085",61406.8992667822,"13089"
"13193",1574.53587863544,"13089"
"24037",3149.0717572709,"13089"
"34017",15745.3587863544,"13089"
"13103",12596.2870290835,"13089"
"26091",7872.67939317722,"13089"
"18097",11021.7511504481,"13089"
"36047",11021.7511504481,"13089"
"36005",12596.2870290835,"13089"
"51760",3149.0717572709,"13089"
"26025",1574.53587863544,"13089"
"47107",1574.53587863544,"13089"
"13191",4723.60763590633,"13089"
"51113",1574.53587863544,"13089"
"41009",1574.53587863544,"13089"
"13139",122813.798533564,"13089"
"51087",14170.822907719,"13089"
"05119",7872.67939317722,"13089"
"35006",1574.53587863544,"13089"
"01101",12596.2870290835,"13089"
"47149",23618.0381795317,"13089"
"01117",4723.60763590633,"13089"
"13111",6298.14351454177,"13089"
"01069",4723.60763590633,"13089"
"12041",1574.53587863544,"13089"
"51117",1574.53587863544,"13089"
"13135",5210139.22240469,"13089"
"12113",6298.14351454177,"13089"
"13287",1574.53587863544,"13089"
"47057",1574.53587863544,"13089"
"13111",6298.14351454177,"13089"
"12051",1574.53587863544,"13089"
"13213",3149.0717572709,"13089"
"47061",3149.0717572709,"13089"
"13067",2629474.91732119,"13089"
"47167",1574.53587863544,"13089"
"48113",34639.7893299798,"13089"
"13185",7872.67939317722,"13089"
"47105",4723.60763590633,"13089"
"47051",1574.53587863544,"13089"
"01015",1574.53587863544,"13089"
"25025",3149.0717572709,"13089"
"47019",3149.0717572709,"13089"
"13227",55108.7557522405,"13089"
"45085",9447.21527181266,"13089"
"24025",6298.14351454177,"13089"
"18003",7872.67939317722,"13089"
"13287",1574.53587863544,"13089"
"35043",4723.60763590633,"13089"
"32003",6298.14351454177,"13089"
"09130",3149.0717572709,"13089"
"12075",1574.53587863544,"13089"
"37081",11021.7511504481,"13089"
"48201",3149.0717572709,"13089"
"47063",1574.53587863544,"13089"
"21097",3149.0717572709,"13089"
"13231",4723.60763590633,"13089"
"36081",25192.574058167,"13089"
"18021",1574.53587863544,"13089"
"36071",4723.60763590633,"13089"
"13157",53534.219873605,"13089"
"37003",3149.0717572709,"13089"
"39139",4723.60763590633,"13089"
"47063",1574.53587863544,"13089"
"12027",1574.53587863544,"13089"
"13233",11021.7511504481,"13089"
"39097",1574.53587863544,"13089"
"47035",1574.53587863544,"13089"
"12029",1574.53587863544,"13089"
"47163",6298.14351454177,"13089"
"13287",1574.53587863544,"13089"
"51061",1574.53587863544,"13089"
"01073",44087.0046017924,"13089"
"48201",3149.0717572709,"13089"
"54011",1574.53587863544,"13089"
"36047",11021.7511504481,"13089"
"12039",4723.60763590633,"13089"
"01043",4723.60763590633,"13089"
"13089",14858895.0866827,"13089"
"45045",22043.5023008962,"13089"
"41009",1574.53587863544,"13089"
"13193",1574.53587863544,"13089"
"36091",3149.0717572709,"13089"
"21185",1574.53587863544,"13089"
"47151",3149.0717572709,"13089"
"28047",3149.0717572709,"13089"
"18003",7872.67939317722,"13089"
"13241",4723.60763590633,"13089"
"13057",414102.936081121,"13089"
"37071",7872.67939317722,"13089"
"47057",1574.53587863544,"13089"
"13079",6298.14351454177,"13089"
"12069",7872.67939317722,"13089"
"41007",3149.0717572709,"13089"
"12103",33065.2534513444,"13089"
"36047",11021.7511504481,"13089"
"01093",1574.53587863544,"13089"
"51760",3149.0717572709,"13089"
"37015",1574.53587863544,"13089"
"39151",9447.21527181266,"13089"
"13039",11021.7511504481,"13089"
"39139",4723.60763590633,"13089"
"13009",7872.67939317722,"13089"
"13019",4723.60763590633,"13089"
"13137",20468.9664222608,"13089"
"09170",9447.21527181266,"13089"
"28059",1574.53587863544,"13089"
"18021",1574.53587863544,"13089"
"48201",3149.0717572709,"13089"
"22017",3149.0717572709,"13089"
"34015",3149.0717572709,"13089"
"37175",1574.53587863544,"13089"
"13277",1574.53587863544,"13089"
"37175",1574.53587863544,"13089"
"13261",3149.0717572709,"13089"
"37143",1574.53587863544,"13089"
"47001",4723.60763590633,"13089"
"13009",7872.67939317722,"13089"
"12086",26767.1099368026,"13089"
"28047",3149.0717572709,"13089"
"13117",477084.371226538,"13089"
"13277",1574.53587863544,"13089"
"13147",17319.8946649899,"13089"
"45017",1574.53587863544,"13089"
"13287",1574.53587863544,"13089"
"51087",14170.822907719,"13089"
"01009",4723.60763590633,"13089"
"36081",25192.574058167,"13089"
"21141",1574.53587863544,"13089"
"21173",3149.0717572709,"13089"
"13111",6298.14351454177,"13089"
"39151",9447.21527181266,"13089"
"51113",1574.53587863544,"13089"
"13063",1034470.07226349,"13089"
"13157",53534.219873605,"13089"
"37143",1574.53587863544,"13089"
"05085",3149.0717572709,"13089"
"13291",6298.14351454177,"13089"
"13147",17319.8946649899,"13089"
"24037",3149.0717572709,"13089"
"37119",47236.0763590633,"13089"
"45045",22043.5023008962,"13089"
"13033",3149.0717572709,"13089"
"22103",6298.14351454177,"13089"
"21025",1574.53587863544,"13089"
"22033",9447.21527181266,"13089"
"13297",159028.12374218,"13089"
"13183",3149.0717572709,"13089"
"13305",3149.0717572709,"13089"
"12095",45661.5404804279,"13089"
"47163",6298.14351454177,"13089"
"54061",3149.0717572709,"13089"
"13295",4723.60763590633,"13089"
"01009",4723.60763590633,"13089"
"13083",1574.53587863544,"13089"
"47167",1574.53587863544,"13089"
"13159",6298.14351454177,"13089"
"13047",4723.60763590633,"13089"
"05045",1574.53587863544,"13089"
"13121",8034856.58867667,"13089"
"13117",477084.371226538,"13089"
"21163",1574.53587863544,"13089"
"12057",48810.6122376987,"13089"
"42109",1574.53587863544,"13089"
"12057",48810.6122376987,"13089"
"06073",12596.2870290835,"13089"
"37031",3149.0717572709,"13089"
"01093",1574.53587863544,"13089"
"12121",1574.53587863544,"13089"
"39055",3149.0717572709,"13089"
"47037",33065.2534513444,"13089"
"37057",1574.53587863544,"13089"
"45069",3149.0717572709,"13089"
"47145",1574.53587863544,"13089"
"51147",1574.53587863544,"13089"
"13139",122813.798533564,"13089"
"01133",3149.0717572709,"13089"
"26091",7872.67939317722,"13089"
"21025",1574.53587863544,"13089"
"48309",1574.53587863544,"13089"
"47119",3149.0717572709,"13089"
"48215",3149.0717572709,"13089"
"13245",42512.468723157,"13089"
"47011",11021.7511504481,"13089"
"54039",1574.53587863544,"13089"
"01103",3149.0717572709,"13089"
"13175",14170.822907719,"13089"
"26059",6298.14351454177,"13089"
"01101",12596.2870290835,"13089"
"13097",288140.065790286,"13089"
"45003",6298.14351454177,"13089"
"13029",3149.0717572709,"13089"
"01015",1574.53587863544,"13089"
"18057",9447.21527181266,"13089"
"01083",4723.60763590633,"13089"
"37099",1574.53587863544,"13089"
"13143",7872.67939317722,"13089"
"39113",7872.67939317722,"13089"
"21163",1574.53587863544,"13089"
"45075",3149.0717572709,"13089"
"47185",1574.53587863544,"13089"
"37067",14170.822907719,"13089"
"12089",6298.14351454177,"13089"
"01123",1574.53587863544,"13089"
"12041",1574.53587863544,"13089"
"36091",3149.0717572709,"13089"
"13187",4723.60763590633,"13089"
"13129",14170.822907719,"13089"
"45083",11021.7511504481,"13089"
"01117",4723.60763590633,"13089"
"13305",3149.0717572709,"13089"
"01073",44087.0046017924,"13089"
"13021",53534.219873605,"13089"
"35001",3149.0717572709,"13089"
"39139",4723.60763590633,"13089"
"13267",1574.53587863544,"13089"
"13069",3149.0717572709,"13089"
"12111",3149.0717572709,"13089"
"13089",14858895.0866827,"13089"
"13201",1574.53587863544,"13089"
"24025",6298.14351454177,"13089"
"47037",33065.2534513444,"13089"
"37157",3149.0717572709,"13089"
"13289",1574.53587863544,"13089"
"39045",1574.53587863544,"13089"
"34007",6298.14351454177,"13089"
"13185",7872.67939317722,"13089"
"47157",12596.2870290835,"13089"
"28035",6298.14351454177,"13089"
"13305",3149.0717572709,"13089"
"13245",42512.468723157,"13089"
"13097",288140.065790286,"13089"
"13029",3149.0717572709,"13089"
"17031",29916.1816940735,"13089"
"13183",3149.0717572709,"13089"
"13011",7872.67939317722,"13089"
"37189",1574.53587863544,"13089"
"25017",37788.8610872507,"13089"
"45075",3149.0717572709,"13089"
"21163",1574.53587863544,"13089"
"12113",6298.14351454177,"13089"
"12055",6298.14351454177,"13089"
"06037",29916.1816940735,"13089"
"25025",3149.0717572709,"13089"
"01117",4723.60763590633,"13089"
"37025",7872.67939317722,"13089"
"21173",3149.0717572709,"13089"
"37081",11021.7511504481,"13089"
"21173",3149.0717572709,"13089"
"06037",29916.1816940735,"13089"
"13113",377888.610872507,"13089"
"37097",7872.67939317722,"13089"
"36005",12596.2870290835,"13089"
"13207",9447.21527181266,"13089"
"13051",40937.9328445216,"13089"
"51113",1574.53587863544,"13089"
"13241",4723.60763590633,"13089"
"39151",9447.21527181266,"13089"
"39085",3149.0717572709,"13089"
"13149",1574.53587863544,"13089"
"13157",53534.219873605,"13089"
"22051",18894.4305436253,"13089"
"39151",9447.21527181266,"13089"
"37033",3149.0717572709,"13089"
"37025",7872.67939317722,"13089"
"45073",1574.53587863544,"13089"
"47121",1574.53587863544,"13089"
"01015",1574.53587863544,"13089"
"08041",3149.0717572709,"13089"
"05085",3149.0717572709,"13089"
"39045",1574.53587863544,"13089"
"13153",31490.717572709,"13089"
"37009",1574.53587863544,"13089"
"47029",1574.53587863544,"13089"
"13289",1574.53587863544,"13089"
"47185",1574.53587863544,"13089"
"12069",7872.67939317722,"13089"
"13163",1574.53587863544,"13089"
"37109",1574.53587863544,"13089"
"49035",4723.60763590633,"13089"
"12013",1574.53587863544,"13089"
"45075",3149.0717572709,"13089"
"13313",9447.21527181266,"13089"
"01125",6298.14351454177,"13089"
"37021",9447.21527181266,"13089"
"12031",33065.2534513444,"13089"
"13179",12596.2870290835,"13089"
"39085",3149.0717572709,"13089"
"28035",6298.14351454177,"13089"
"12099",37788.8610872507,"13089"
"13125",1574.53587863544,"13089"
"13031",4723.60763590633,"13089"
"25025",3149.0717572709,"13089"
"13085",61406.8992667822,"13089"
"05125",6298.14351454177,"13089"
"13169",20468.9664222608,"13089"
"25017",37788.8610872507,"13089"
"45047",3149.0717572709,"13089"
"13113",377888.610872507,"13089"
"13037",1574.53587863544,"13089"
"12013",1574.53587863544,"13089"
"13037",1574.53587863544,"13089"
"13035",3149.0717572709,"13089"
"13145",7872.67939317722,"13089"
"13023",1574.53587863544,"13089"
"39135",1574.53587863544,"13089"
"01115",1574.53587863544,"13089"
"04013",9447.21527181266,"13089"
"22033",9447.21527181266,"13089"
"24013",3149.0717572709,"13089"
"25025",3149.0717572709,"13089"
"47187",6298.14351454177,"13089"
"22119",3149.0717572709,"13089"
"13129",14170.822907719,"13089"
"37171",1574.53587863544,"13089"
"35043",4723.60763590633,"13089"
"37159",3149.0717572709,"13089"
"13233",11021.7511504481,"13089"
"51015",1574.53587863544,"13089"
"51015",1574.53587863544,"13089"
"34007",6298.14351454177,"13089"
"13281",6298.14351454177,"13089"
"54033",4723.60763590633,"13089"
"13313",9447.21527181266,"13089"
"13129",14170.822907719,"13089"
"13299",4723.60763590633,"13089"
"36079",3149.0717572709,"13089"
"39019",1574.53587863544,"13089"
"45021",1574.53587863544,"13089"
"51165",6298.14351454177,"13089"
"47093",25192.574058167,"13089"
"47099",1574.53587863544,"13089"
"54011",1574.53587863544,"13089"
"05119",7872.67939317722,"13089"
"37049",1574.53587863544,"13089"
"13069",3149.0717572709,"13089"
"45017",1574.53587863544,"13089"
"01007",1574.53587863544,"13089"
"13237",4723.60763590633,"13089"
"06071",4723.60763590633,"13089"
"13233",11021.7511504481,"13089"
"12011",25192.574058167,"13089"
"29183",1574.53587863544,"13089"
"13261",3149.0717572709,"13089"
"45031",1574.53587863544,"13089"
"13301",1574.53587863544,"13089"
"13111",6298.14351454177,"13089"
"12095",45661.5404804279,"13089"
"12027",1574.53587863544,"13089"
"36061",56683.2916308759,"13089"
"13231",4723.60763590633,"13089"
"21209",3149.0717572709,"13089"
"12113",6298.14351454177,"13089"
"45021",1574.53587863544,"13089"
"13217",571556.523944667,"13089"
"13071",4723.60763590633,"13089"
"12073",14170.822907719,"13089"
"47001",4723.60763590633,"13089"
"49035",4723.60763590633,"13089"
"21025",1574.53587863544,"13089"
"21163",1574.53587863544,"13089"
"13071",4723.60763590633,"13089"
"13081",3149.0717572709,"13089"
"13257",14170.822907719,"13089"
"47149",23618.0381795317,"13089"
"13303",1574.53587863544,"13089"
"01125",6298.14351454177,"13089"
"37025",7872.67939317722,"13089"
"13289",1574.53587863544,"13089"
"37031",3149.0717572709,"13089"
"13157",53534.219873605,"13089"
"13121",8034856.58867667,"13089"
"28059",1574.53587863544,"13089"
"12115",11021.7511504481,"13089"
"13059",100770.296232668,"13089"
"47179",7872.67939317722,"13089"
"35001",3149.0717572709,"13089"
"21025",1574.53587863544,"13089"
"36047",11021.7511504481,"13089"
"13139",122813.798533564,"13089"
"13113",377888.610872507,"13089"
"21185",1574.53587863544,"13089"
"37191",1574.53587863544,"13089"
"21065",1574.53587863544,"13089"
"47173",1574.53587863544,"13089"
"13031",4723.60763590633,"13089"
"13261",3149.0717572709,"13089"
"41067",22043.5023008962,"13089"
"01127",6298.14351454177,"13089"
"13303",1574.53587863544,"13089"
"18003",7872.67939317722,"13089"
"13059",100770.296232668,"13089"
"37071",7872.67939317722,"13089"
"34005",7872.67939317722,"13089"
"13073",34639.7893299798,"13089"
"13299",4723.60763590633,"13089"
"13139",122813.798533564,"13089"
"39135",1574.53587863544,"13089"
"13087",1574.53587863544,"13089"
"45073",1574.53587863544,"13089"
"09140",3149.0717572709,"13089"
"13021",53534.219873605,"13089"
"31079",1574.53587863544,"13089"
"13289",1574.53587863544,"13089"
"37179",1574.53587863544,"13089"
"37025",7872.67939317722,"13089"
"45087",1574.53587863544,"13089"
"13185",7872.67939317722,"13089"
"37089",1574.53587863544,"13089"
"13185",7872.67939317722,"13089"
"08097",1574.53587863544,"13089"
"37089",1574.53587863544,"13089"
"12085",6298.14351454177,"13089"
"45037",1574.53587863544,"13089"
"13163",1574.53587863544,"13089"
"37049",1574.53587863544,"13089"
"13123",11021.7511504481,"13089"
"37139",1574.53587863544,"13089"
"24031",1574.53587863544,"13089"
"01081",1574.53587863544,"13089"
"13313",9447.21527181266,"13089"
"01095",3149.0717572709,"13089"
"37119",47236.0763590633,"13089"
"21037",6298.14351454177,"13089"
"13143",7872.67939317722,"13089"
"13035",3149.0717572709,"13089"
"13183",3149.0717572709,"13089"
"13213",3149.0717572709,"13089"
"13077",292863.673426191,"13089"
"39097",1574.53587863544,"13089"
"01109",1574.53587863544,"13089"
"12099",37788.8610872507,"13089"
"05085",3149.0717572709,"13089"
"54061",3149.0717572709,"13089"
"49035",4723.60763590633,"13089"
"13097",288140.065790286,"13089"
"54033",4723.60763590633,"13089"
"12031",33065.2534513444,"13089"
"01055",1574.53587863544,"13089"
"13223",132261.013805377,"13089"
"36081",25192.574058167,"13089"
"13159",6298.14351454177,"13089"
"54069",4723.60763590633,"13089"
"39109",1574.53587863544,"13089"
"53035",3149.0717572709,"13089"
"39045",1574.53587863544,"13089"
"37033",3149.0717572709,"13089"
"54069",4723.60763590633,"13089"
"37071",7872.67939317722,"13089"
"13105",4723.60763590633,"13089"
"39089",1574.53587863544,"13089"
"45079",20468.9664222608,"13089"
"36071",4723.60763590633,"13089"
"12103",33065.2534513444,"13089"
"36071",4723.60763590633,"13089"
"13233",11021.7511504481,"13089"
"13195",20468.9664222608,"13089"
"13095",6298.14351454177,"13089"
"01007",1574.53587863544,"13089"
"35006",1574.53587863544,"13089"
"48439",18894.4305436253,"13089"
"47019",3149.0717572709,"13089"
"13021",53534.219873605,"13089"
"21093",1574.53587863544,"13089"
"22105",4723.60763590633,"13089"
"37139",1574.53587863544,"13089"
"48041",3149.0717572709,"13089"
"12027",1574.53587863544,"13089"
"13201",1574.53587863544,"13089"
"06073",12596.2870290835,"13089"
"13297",159028.12374218,"13089"
"47121",1574.53587863544,"13089"
"47161",1574.53587863544,"13089"
"08041",3149.0717572709,"13089"
"26059",6298.14351454177,"13089"
"13293",3149.0717572709,"13089"
"36093",3149.0717572709,"13089"
"13081",3149.0717572709,"13089"
"34013",15745.3587863544,"13089"
"04013",9447.21527181266,"13089"
"37179",1574.53587863544,"13089"
"13181",3149.0717572709,"13089"
"13297",159028.12374218,"13089"
"13021",53534.219873605,"13089"
"47163",6298.14351454177,"13089"
"01101",12596.2870290835,"13089"
"13081",3149.0717572709,"13089"
"13187",4723.60763590633,"13089"
"45075",3149.0717572709,"13089"
"13257",14170.822907719,"13089"
"21209",3149.0717572709,"13089"
"45033",3149.0717572709,"13089"
"13055",4723.60763590633,"13089"
"45007",7872.67939317722,"13089"
"01133",3149.0717572709,"13089"
"39113",7872.67939317722,"13089"
"12069",7872.67939317722,"13089"
"17165",1574.53587863544,"13089"
"13045",176348.01840717,"13089"
"26025",1574.53587863544,"13089"
"01043",4723.60763590633,"13089"
"12031",33065.2534513444,"13089"
"45069",3149.0717572709,"13089"
"01007",1574.53587863544,"13089"
"45037",1574.53587863544,"13089"
"13077",292863.673426191,"13089"
"37033",3149.0717572709,"13089"
"13229",1574.53587863544,"13089"
"45013",4723.60763590633,"13089"
"37071",7872.67939317722,"13089"
"21211",1574.53587863544,"13089"
"13119",23618.0381795317,"13089"
"08041",3149.0717572709,"13089"
"13171",12596.2870290835,"13089"
"13015",107068.43974721,"13089"
"36091",3149.0717572709,"13089"
"13299",4723.60763590633,"13089"
"17189",1574.53587863544,"13089"
"37179",1574.53587863544,"13089"
"13081",3149.0717572709,"13089"
"22103",6298.14351454177,"13089"
"47001",4723.60763590633,"13089"
"47119",3149.0717572709,"13089"
"13297",159028.12374218,"13089"
"13117",477084.371226538,"13089"
"13247",530618.591100145,"13089"
"24025",6298.14351454177,"13089"
"48309",1574.53587863544,"13089"
"17165",1574.53587863544,"13089"
"45009",3149.0717572709,"13089"
"12011",25192.574058167,"13089"
"01123",1574.53587863544,"13089"
"28047",3149.0717572709,"13089"
"45021",1574.53587863544,"13089"
"51540",4723.60763590633,"13089"
"39019",1574.53587863544,"13089"
"13111",6298.14351454177,"13089"
"13293",3149.0717572709,"13089"
"18057",9447.21527181266,"13089"
"12055",6298.14351454177,"13089"
"47105",4723.60763590633,"13089"
"13225",6298.14351454177,"13089"
"13077",292863.673426191,"13089"
"39061",31490.717572709,"13089"
"12011",25192.574058167,"13089"
"36079",3149.0717572709,"13089"
"13143",7872.67939317722,"13089"
"22105",4723.60763590633,"13089"
"45083",11021.7511504481,"13089"
"13277",1574.53587863544,"13089"
"51810",7872.67939317722,"13089"
"01109",1574.53587863544,"13089"
"12029",1574.53587863544,"13089"
"36001",3149.0717572709,"13089"
"13199",6298.14351454177,"13089"
"37033",3149.0717572709,"13089"
"47057",1574.53587863544,"13089"
"37175",1574.53587863544,"13089"
"51107",3149.0717572709,"13089"
"13171",12596.2870290835,"13089"
"51540",4723.60763590633,"13089"
"51147",1574.53587863544,"13089"
"13193",1574.53587863544,"13089"
"37067",14170.822907719,"13089"
"01101",12596.2870290835,"13089"
"28035",6298.14351454177,"13089"
"26075",1574.53587863544,"13089"
"21037",6298.14351454177,"13089"
"37089",1574.53587863544,"13089"
"37125",1574.53587863544,"13089"
"13177",3149.0717572709,"13089"
"22033",9447.21527181266,"13089"
"51087",14170.822907719,"13089"
"37171",1574.53587863544,"13089"
"47061",3149.0717572709,"13089"
"13309",1574.53587863544,"13089"
"47149",23618.0381795317,"13089"
"13089",14858895.0866827,"13089"
"13153",31490.717572709,"13089"
"47151",3149.0717572709,"13089"
"21097",3149.0717572709,"13089"
"13113",377888.610872507,"13089"
"37057",1574.53587863544,"13089"
"47173",1574.53587863544,"13089"
"47063",1574.53587863544,"13089"
"12043",1574.53587863544,"13089"
"13189",1574.53587863544,"13089"
"37157",3149.0717572709,"13089"
"01051",6298.14351454177,"13089"
"47151",3149.0717572709,"13089"
"13031",4723.60763590633,"13089"
"18057",9447.21527181266,"13089"
"13259",1574.53587863544,"13089"
"36087",7872.67939317722,"13089"
"45033",3149.0717572709,"13089"
"51165",6298.14351454177,"13089"
"13023",1574.53587863544,"13089"
"13077",292863.673426191,"13089"
"13231",4723.60763590633,"13089"
"45031",1574.53587863544,"13089"
"39019",1574.53587863544,"13089"
"45037",1574.53587863544,"13089"
"22071",17319.8946649899,"13089"
"13247",530618.591100145,"13089"
"13087",1574.53587863544,"13089"
"01051",6298.14351454177,"13089"
"22051",18894.4305436253,"13089"
"37057",1574.53587863544,"13089"
"13303",1574.53587863544,"13089"
"12086",26767.1099368026,"13089"
"51061",1574.53587863544,"13089"
"22017",3149.0717572709,"13089"
"51087",14170.822907719,"13089"
"21065",1574.53587863544,"13089"
"24017",6298.14351454177,"13089"
"35006",1574.53587863544,"13089"
"17047",1574.53587863544,"13089"
"13091",4723.60763590633,"13089"
"08097",1574.53587863544,"13089"
"18097",11021.7511504481,"13089"
"54107",1574.53587863544,"13089"
"13121",8034856.58867667,"13089"
"54039",1574.53587863544,"13089"
"51113",1574.53587863544,"13089"
"01015",1574.53587863544,"13089"
"13303",1574.53587863544,"13089"
"18059",3149.0717572709,"13089"
"13207",9447.21527181266,"13089"
"13137",20468.9664222608,"13089"
"37099",1574.53587863544,"13089"
"06071",4723.60763590633,"13089"
"06071",4723.60763590633,"13089"
"13261",3149.0717572709,"13089"
"13095",6298.14351454177,"13089"
"39109",1574.53587863544,"13089"
"05045",1574.53587863544,"13089"
"13083",1574.53587863544,"13089"
"45077",9447.21527181266,"13089"
"13073",34639.7893299798,"13089"
"13129",14170.822907719,"13089"
"13091",4723.60763590633,"13089"
"01123",1574.53587863544,"13089"
"12117",17319.8946649899,"13089"
"13137",20468.9664222608,"13089"
"45057",3149.0717572709,"13089"
"45057",3149.0717572709,"13089"
"25005",1574.53587863544,"13089"
"12057",48810.6122376987,"13089"
"13125",1574.53587863544,"13089"
"29183",1574.53587863544,"13089"
"13013",118090.190897658,"13089"
"29189",25192.574058167,"13089"
"47043",1574.53587863544,"13089"
"37175",1574.53587863544,"13089"
"37033",3149.0717572709,"13089"
"36001",3149.0717572709,"13089"
"09130",3149.0717572709,"13089"
"39139",4723.60763590633,"13089"
"18059",3149.0717572709,"13089"
"18097",11021.7511504481,"13089"
"13045",176348.01840717,"13089"
"37157",3149.0717572709,"13089"
"13167",1574.53587863544,"13089"
"09170",9447.21527181266,"13089"
"01109",1574.53587863544,"13089"
"37015",1574.53587863544,"13089"
"28073",1574.53587863544,"13089"
"42109",1574.53587863544,"13089"
"13279",3149.0717572709,"13089"
"48215",3149.0717572709,"13089"
"12097",14170.822907719,"13089"
"13179",12596.2870290835,"13089"
"48215",3149.0717572709,"13089"
"13297",159028.12374218,"13089"
"21111",9447.21527181266,"13089"
"36087",7872.67939317722,"13089"
"54033",4723.60763590633,"13089"
"51165",6298.14351454177,"13089"
"54049",3149.0717572709,"13089"
"39019",1574.53587863544,"13089"
"13075",1574.53587863544,"13089"
"35043",4723.60763590633,"13089"
"22033",9447.21527181266,"13089"
"12095",45661.5404804279,"13089"
"13215",33065.2534513444,"13089"
"01043",4723.60763590633,"13089"
"41067",22043.5023008962,"13089"
"13009",7872.67939317722,"13089"
"12011",25192.574058167,"13089"
"13055",4723.60763590633,"13089"
"13291",6298.14351454177,"13089"
"01047",1574.53587863544,"13089"
"26091",7872.67939317722,"13089"
"12075",1574.53587863544,"13089"
"13119",23618.0381795317,"13089"
"13091",4723.60763590633,"13089"
"18011",1574.53587863544,"13089"
"39139",4723.60763590633,"13089"
"36119",9447.21527181266,"13089"
"48041",3149.0717572709,"13089"
"45053",3149.0717572709,"13089"
"13127",20468.9664222608,"13089"
"25009",12596.2870290835,"13089"
"13055",4723.60763590633,"13089"
"37119",47236.0763590633,"13089"
"13103",12596.2870290835,"13089"
"47185",1574.53587863544,"13089"
"47057",1574.53587863544,"13089"
"13067",2629474.91732119,"13089"
"53035",3149.0717572709,"13089"
"17165",1574.53587863544,"13089"
"13291",6298.14351454177,"13089"
"24013",3149.0717572709,"13089"
"12027",1574.53587863544,"13089"
"12043",1574.53587863544,"13089"
"01073",44087.0046017924,"13089"
"13281",6298.14351454177,"13089"
"47019",3149.0717572709,"13089"
"12039",4723.60763590633,"13089"
"37051",1574.53587863544,"13089"
"45057",3149.0717572709,"13089"
"01109",1574.53587863544,"13089"
"13221",4723.60763590633,"13089"
"13129",14170.822907719,"13089"
"51165",6298.14351454177,"13089"
"47107",1574.53587863544,"13089"
"12019",4723.60763590633,"13089"
"37171",1574.53587863544,"13089"
"36061",56683.2916308759,"13089"
"21037",6298.14351454177,"13089"
"47187",6298.14351454177,"13089"
"13117",477084.371226538,"13089"
"21015",4723.60763590633,"13089"
"01061",1574.53587863544,"13089"
"13029",3149.0717572709,"13089"
"45073",1574.53587863544,"13089"
"37071",7872.67939317722,"13089"
"13135",5210139.22240469,"13089"
"01069",4723.60763590633,"13089"
"48309",1574.53587863544,"13089"
"49035",4723.60763590633,"13089"
"17047",1574.53587863544,"13089"
"13023",1574.53587863544,"13089"
"13275",1574.53587863544,"13089"
"35049",3149.0717572709,"13089"
"21093",1574.53587863544,"13089"
"12009",18894.4305436253,"13089"
"35049",3149.0717572709,"13089"
"12111",3149.0717572709,"13089"
"13123",11021.7511504481,"13089"
"47119",3149.0717572709,"13089"
"34005",7872.67939317722,"13089"
"37071",7872.67939317722,"13089"
"24013",3149.0717572709,"13089"
"31079",1574.53587863544,"13089"
"47107",1574.53587863544,"13089"
"45017",1574.53587863544,"13089"
"51165",6298.14351454177,"13089"
"01007",1574.53587863544,"13089"
"01083",4723.60763590633,"13089"
"17167",3149.0717572709,"13089"
"51079",1574.53587863544,"13089"
"36071",4723.60763590633,"13089"
"13073",34639.7893299798,"13089"
"13013",118090.190897658,"13089"
"05045",1574.53587863544,"13089"
"36093",3149.0717572709,"13089"
"13199",6298.14351454177,"13089"
"13183",3149.0717572709,"13089"
"13115",28341.6458154381,"13089"
"37063",14170.822907719,"13089"
"13301",1574.53587863544,"13089"
"47029",1574.53587863544,"13089"
"47163",6298.14351454177,"13089"
"01127",6298.14351454177,"13089"
"22103",6298.14351454177,"13089"
"12099",37788.8610872507,"13089"
"47011",11021.7511504481,"13089"
"37189",1574.53587863544,"13089"
"13201",1574.53587863544,"13089"
"28047",3149.0717572709,"13089"
"45013",4723.60763590633,"13089"
"13147",17319.8946649899,"13089"
"45033",3149.0717572709,"13089"
"37015",1574.53587863544,"13089"
"13243",1574.53587863544,"13089"
"01089",18894.4305436253,"13089"
"13199",6298.14351454177,"13089"
"01103",3149.0717572709,"13089"
"21065",1574.53587863544,"13089"
"24017",6298.14351454177,"13089"
"48041",3149.0717572709,"13089"
"25017",37788.8610872507,"13089"
"21163",1574.53587863544,"13089"
"01095",3149.0717572709,"13089"
"13039",11021.7511504481,"13089"
"39045",1574.53587863544,"13089"
"21015",4723.60763590633,"13089"
"25005",1574.53587863544,"13089"
"21209",3149.0717572709,"13089"
"13015",107068.43974721,"13089"
"13127",20468.9664222608,"13089"
"13013",118090.190897658,"13089"
"13217",571556.523944667,"13089"
"13013",118090.190897658,"13089"
"36119",9447.21527181266,"13089"
"39061",31490.717572709,"13089"
"12075",1574.53587863544,"13089"
"01115",1574.53587863544,"13089"
"22017",3149.0717572709,"13089"
"13169",20468.9664222608,"13089"
"22005",3149.0717572709,"13089"
"45003",6298.14351454177,"13089"
"12043",1574.53587863544,"13089"
"12099",37788.8610872507,"13089"
"01057",1574.53587863544,"13089"
"18057",9447.21527181266,"13089"
"13015",107068.43974721,"13089"
"37089",1574.53587863544,"13089"
"13177",3149.0717572709,"13089"
"13171",12596.2870290835,"13089"
"54011",1574.53587863544,"13089"
"47093",25192.574058167,"13089"
"01089",18894.4305436253,"13089"
"13149",1574.53587863544,"13089"
"35006",1574.53587863544,"13089"
"51147",1574.53587863544,"13089"
"13295",4723.60763590633,"13089"
"39061",31490.717572709,"13089"
"18097",11021.7511504481,"13089"
"13199",6298.14351454177,"13089"
"28035",6298.14351454177,"13089"
"51113",1574.53587863544,"13089"
"21093",1574.53587863544,"13089"
"35049",3149.0717572709,"13089"
"37161",1574.53587863544,"13089"
"36087",7872.67939317722,"13089"
"01037",1574.53587863544,"13089"
"45035",4723.60763590633,"13089"
"13095",6298.14351454177,"13089"
"21065",1574.53587863544,"13089"
"37143",1574.53587863544,"13089"
"47121",1574.53587863544,"13089"
"21141",1574.53587863544,"13089"
"47107",1574.53587863544,"13089"
"13301",1574.53587863544,"13089"
"13201",1574.53587863544,"13089"
"13031",4723.60763590633,"13089"
"13237",4723.60763590633,"13089"
"22121",1574.53587863544,"13089"
"13291",6298.14351454177,"13089"
"13207",9447.21527181266,"13089"
"13259",1574.53587863544,"13089"
"47065",18894.4305436253,"13089"
"13295",4723.60763590633,"13089"
"01043",4723.60763590633,"13089"
"13119",23618.0381795317,"13089"
"22051",18894.4305436253,"13089"
"49035",4723.60763590633,"13089"
"01077",1574.53587863544,"13089"
"28047",3149.0717572709,"13089"
"37143",1574.53587863544,"13089"
"13139",122813.798533564,"13089"
"51015",1574.53587863544,"13089"
"13189",1574.53587863544,"13089"
"13295",4723.60763590633,"13089"
"17047",1574.53587863544,"13089"
"13091",4723.60763590633,"13089"
"13187",4723.60763590633,"13089"
"28113",1574.53587863544,"13089"
"54069",4723.60763590633,"13089"
"13255",72428.6504172303,"13089"
"21015",4723.60763590633,"13089"
"12055",6298.14351454177,"13089"
"47051",1574.53587863544,"13089"
"21009",1574.53587863544,"13089"
"26075",1574.53587863544,"13089"
"47041",1574.53587863544,"13089"
"13115",28341.6458154381,"13089"
"13179",12596.2870290835,"13089"
"12081",14170.822907719,"13089"
"13127",20468.9664222608,"13089"
"39057",1574.53587863544,"13089"
"51087",14170.822907719,"13089"
"39135",1574.53587863544,"13089"
"39109",1574.53587863544,"13089"
"22103",6298.14351454177,"13089"
"51810",7872.67939317722,"13089"
"21211",1574.53587863544,"13089"
"28047",3149.0717572709,"13089"
"21037",6298.14351454177,"13089"
"13285",22043.5023008962,"13089"
"17189",1574.53587863544,"13089"
"36093",3149.0717572709,"13089"
"13295",4723.60763590633,"13089"
"37109",1574.53587863544,"13089"
"17167",3149.0717572709,"13089"
"45003",6298.14351454177,"13089"
"01103",3149.0717572709,"13089"
"13083",1574.53587863544,"13089"
"37159",3149.0717572709,"13089"
"39019",1574.53587863544,"13089"
"45053",3149.0717572709,"13089"
"26091",7872.67939317722,"13089"
"13289",1574.53587863544,"13089"
"47179",7872.67939317722,"13089"
"47011",11021.7511504481,"13089"
"22051",18894.4305436253,"13089"
"28113",1574.53587863544,"13089"
"13299",4723.60763590633,"13089"
"13281",6298.14351454177,"13089"
"21209",3149.0717572709,"13089"
"37089",1574.53587863544,"13089"
"37031",3149.0717572709,"13089"
"39057",1574.53587863544,"13089"
"47043",1574.53587863544,"13089"
"45055",1574.53587863544,"13089"
"45037",1574.53587863544,"13089"
"21141",1574.53587863544,"13089"
"13309",1574.53587863544,"13089"
"45033",3149.0717572709,"13089"
"13037",1574.53587863544,"13089"
"37119",47236.0763590633,"13089"
"26023",1574.53587863544,"13089"
"13125",1574.53587863544,"13089"
"47179",7872.67939317722,"13089"
"47151",3149.0717572709,"13089"
"54061",3149.0717572709,"13089"
"12125",1574.53587863544,"13089"
"13219",23618.0381795317,"13089"
"13237",4723.60763590633,"13089"
"12125",1574.53587863544,"13089"
"39139",4723.60763590633,"13089"
"04019",7872.67939317722,"13089"
"37021",9447.21527181266,"13089"
"13029",3149.0717572709,"13089"
"13301",1574.53587863544,"13089"
"37189",1574.53587863544,"13089"
"39049",26767.1099368026,"13089"
"45063",20468.9664222608,"13089"
"54039",1574.53587863544,"13089"
"26161",12596.2870290835,"13089"
"26025",1574.53587863544,"13089"
"13045",176348.01840717,"13089"
"01081",1574.53587863544,"13089"
"13187",4723.60763590633,"13089"
"13013",118090.190897658,"13089"
"13225",6298.14351454177,"13089"
"12057",48810.6122376987,"13089"
"13225",6298.14351454177,"13089"
"37089",1574.53587863544,"13089"
"39035",20468.9664222608,"13089"
"08097",1574.53587863544,"13089"
"12055",6298.14351454177,"13089"
"13261",3149.0717572709,"13089"
"39061",31490.717572709,"13089"
"31111",1574.53587863544,"13089"
"29189",25192.574058167,"13089"
"12115",11021.7511504481,"13089"
"45087",1574.53587863544,"13089"
"24005",15745.3587863544,"13089"
"47061",3149.0717572709,"13089"
"51107",3149.0717572709,"13089"
"13013",118090.190897658,"13089"
"41003",1574.53587863544,"13089"
"12055",6298.14351454177,"13089"
"18097",11021.7511504481,"13089"
"12029",1574.53587863544,"13089"
"37191",1574.53587863544,"13089"
"47029",1574.53587863544,"13089"
"13153",31490.717572709,"13089"
"26161",12596.2870290835,"13089"
"12125",1574.53587863544,"13089"
"13191",4723.60763590633,"13089"
"13029",3149.0717572709,"13089"
"48201",3149.0717572709,"13089"
"45085",9447.21527181266,"13089"
"47037",33065.2534513444,"13089"
"12041",1574.53587863544,"13089"
"32003",6298.14351454177,"13089"
"47139",1574.53587863544,"13089"
"04019",7872.67939317722,"13089"
"12103",33065.2534513444,"13089"
"13227",55108.7557522405,"13089"
"54107",1574.53587863544,"13089"
"12117",17319.8946649899,"13089"
"13031",4723.60763590633,"13089"
"21211",1574.53587863544,"13089"
"01069",4723.60763590633,"13089"
"54061",3149.0717572709,"13089"
"22017",3149.0717572709,"13089"
"13299",4723.60763590633,"13089"
"22071",17319.8946649899,"13089"
"13241",4723.60763590633,"13089"
"19153",6298.14351454177,"13089"
"01069",4723.60763590633,"13089"
"13035",3149.0717572709,"13089"
"37049",1574.53587863544,"13089"
"13073",34639.7893299798,"13089"
"09170",9447.21527181266,"13089"
"01117",4723.60763590633,"13089"
"13199",6298.14351454177,"13089"
"13147",17319.8946649899,"13089"
"13281",6298.14351454177,"13089"
"31111",1574.53587863544,"13089"
"45069",3149.0717572709,"13089"
"08097",1574.53587863544,"13089"
"37171",1574.53587863544,"13089"
"22119",3149.0717572709,"13089"
"13171",12596.2870290835,"13089"
"13071",4723.60763590633,"13089"
"26023",1574.53587863544,"13089"
"37155",1574.53587863544,"13089"
"21097",3149.0717572709,"13089"
"37063",14170.822907719,"13089"
"13135",5210139.22240469,"13089"
"08097",1574.53587863544,"13089"
"45037",1574.53587863544,"13089"
"42109",1574.53587863544,"13089"
"47011",11021.7511504481,"13089"
"12081",14170.822907719,"13089"
"12085",6298.14351454177,"13089"
"01007",1574.53587863544,"13089"
"17031",29916.1816940735,"13089"
"13069",3149.0717572709,"13089"
"13191",4723.60763590633,"13089"
"47011",11021.7511504481,"13089"
"51147",1574.53587863544,"13089"
"47179",7872.67939317722,"13089"
"39151",9447.21527181266,"13089"
"39035",20468.9664222608,"13089"
"37023",1574.53587863544,"13089"
"01123",1574.53587863544,"13089"
"35061",6298.14351454177,"13089"
"13063",1034470.07226349,"13089"
"37021",9447.21527181266,"13089"
"28035",6298.14351454177,"13089"
"01093",1574.53587863544,"13089"
"01101",12596.2870290835,"13089"
"34015",3149.0717572709,"13089"
"21067",6298.14351454177,"13089"
"22121",1574.53587863544,"13089"
"47105",4723.60763590633,"13089"
"24003",3149.0717572709,"13089"
"45017",1574.53587863544,"13089"
"05119",7872.67939317722,"13089"
"01009",4723.60763590633,"13089"
"12033",4723.60763590633,"13089"
"53035",3149.0717572709,"13089"
"18097",11021.7511504481,"13089"
"12033",4723.60763590633,"13089"
"47187",6298.14351454177,"13089"
"47151",3149.0717572709,"13089"
"13167",1574.53587863544,"13089"
"13275",1574.53587863544,"13089"
"09110",11021.7511504481,"13089"
"08041",3149.0717572709,"13089"
"36093",3149.0717572709,"13089"
"12013",1574.53587863544,"13089"
"09140",3149.0717572709,"13089"
"37189",1574.53587863544,"13089"
"12097",14170.822907719,"13089"
"47093",25192.574058167,"13089"
"13163",1574.53587863544,"13089"
"39055",3149.0717572709,"13089"
"13019",4723.60763590633,"13089"
"37009",1574.53587863544,"13089"
"45079",20468.9664222608,"13089"
"13313",9447.21527181266,"13089"
"39035",20468.9664222608,"13089"
"13031",4723.60763590633,"13089"
"47185",1574.53587863544,"13089"
"01069",4723.60763590633,"13089"
"45077",9447.21527181266,"13089"
"13213",3149.0717572709,"13089"
"08119",1574.53587863544,"13089"
"08119",1574.53587863544,"13089"
"13123",11021.7511504481,"13089"
"18003",7872.67939317722,"13089"
"37003",3149.0717572709,"13089"
"13035",3149.0717572709,"13089"
"13177",3149.0717572709,"13089"
"39035",20468.9664222608,"13089"
"13207",9447.21527181266,"13089"
"12009",18894.4305436253,"13089"
"12033",4723.60763590633,"13089"
"21025",1574.53587863544,"13089"
"36027",7872.67939317722,"13089"
"13267",1574.53587863544,"13089"
"01037",1574.53587863544,"13089"
"13115",28341.6458154381,"13089"
"37159",3149.0717572709,"13089"
"19153",6298.14351454177,"13089"
"47019",3149.0717572709,"13089"
"01037",1574.53587863544,"13089"
"13121",8034856.58867667,"13089"
"13217",571556.523944667,"13089"
"13195",20468.9664222608,"13089"
"13149",1574.53587863544,"13089"
"13095",6298.14351454177,"13089"
"12041",1574.53587863544,"13089"
"26161",12596.2870290835,"13089"
"37023",1574.53587863544,"13089"
"12085",6298.14351454177,"13089"
"32003",6298.14351454177,"13089"
"13221",4723.60763590633,"13089"
"25009",12596.2870290835,"13089"
"47061",3149.0717572709,"13089"
"45033",3149.0717572709,"13089"
"13241",4723.60763590633,"13089"
"13103",12596.2870290835,"13089"
"37175",1574.53587863544,"13089"
"01109",1574.53587863544,"13089"
"12019",4723.60763590633,"13089"
"09130",3149.0717572709,"13089"
"47035",1574.53587863544,"13089"
"13051",40937.9328445216,"13089"
"18003",7872.67939317722,"13089"
"12043",1574.53587863544,"13089"
"12009",18894.4305436253,"13089"
"36047",11021.7511504481,"13089"
"37191",1574.53587863544,"13089"
"12001",3149.0717572709,"13089"
"37171",1574.53587863544,"13089"
"47063",1574.53587863544,"13089"
"51810",7872.67939317722,"13089"
"36119",9447.21527181266,"13089"
"13027",4723.60763590633,"13089"
"17165",1574.53587863544,"13089"
"37031",3149.0717572709,"13089"
"34017",15745.3587863544,"13089"
"34017",15745.3587863544,"13089"
"13037",1574.53587863544,"13089"
"26075",1574.53587863544,"13089"
"47179",7872.67939317722,"13089"
"12013",1574.53587863544,"13089"
"13103",12596.2870290835,"13089"
"01083",4723.60763590633,"13089"
"13215",33065.2534513444,"13089"
"41003",1574.53587863544,"13089"
"37155",1574.53587863544,"13089"
"37067",14170.822907719,"13089"
"24025",6298.14351454177,"13089"
"17031",29916.1816940735,"13089"
"21025",1574.53587863544,"13089"
"13311",17319.8946649899,"13089"
"12081",14170.822907719,"13089"
"21015",4723.60763590633,"13089"
"12075",1574.53587863544,"13089"
"36001",3149.0717572709,"13089"
"45007",7872.67939317722,"13089"
"25005",1574.53587863544,"13089"
"47185",1574.53587863544,"13089"
"19153",6298.14351454177,"13089"
"26161",12596.2870290835,"13089"
"09130",3149.0717572709,"13089"
"13255",72428.6504172303,"13089"
"13257",14170.822907719,"13089"
"47093",25192.574058167,"13089"
"34007",6298.14351454177,"13089"
"12109",12596.2870290835,"13089"
"37135",12596.2870290835,"13089"
"13187",4723.60763590633,"13089"
"36027",7872.67939317722,"13089"
"01067",1574.53587863544,"13089"
"41039",4723.60763590633,"13089"
"13035",3149.0717572709,"13089"
"06037",29916.1816940735,"13089"
"21111",9447.21527181266,"13089"
"29183",1574.53587863544,"13089"
"13123",11021.7511504481,"13089"
"21185",1574.53587863544,"13089"
"12033",4723.60763590633,"13089"
"34005",7872.67939317722,"13089"
"47061",3149.0717572709,"13089"
"21111",9447.21527181266,"13089"
"09140",3149.0717572709,"13089"
"12125",1574.53587863544,"13089"
"12125",1574.53587863544,"13089"
"47065",18894.4305436253,"13089"
"51061",1574.53587863544,"13089"
"13057",414102.936081121,"13089"
"13111",6298.14351454177,"13089"
"37155",1574.53587863544,"13089"
"54107",1574.53587863544,"13089"
"13077",292863.673426191,"13089"
"13009",7872.67939317722,"13089"
"13295",4723.60763590633,"13089"
"18059",3149.0717572709,"13089"
"21111",9447.21527181266,"13089"
"13261",3149.0717572709,"13089"
"45031",1574.53587863544,"13089"
"21073",3149.0717572709,"13089"
"01127",6298.14351454177,"13089"
"45059",1574.53587863544,"13089"
"13079",6298.14351454177,"13089"
"13319",4723.60763590633,"13089"
"18021",1574.53587863544,"13089"
"17165",1574.53587863544,"13089"
"13245",42512.468723157,"13089"
"01095",3149.0717572709,"13089"
"01073",44087.0046017924,"13089"
"37009",1574.53587863544,"13089"
"13027",4723.60763590633,"13089"
"47121",1574.53587863544,"13089"
"13233",11021.7511504481,"13089"
"13067",2629474.91732119,"13089"
"13075",1574.53587863544,"13089"
"13075",1574.53587863544,"13089"
"09140",3149.0717572709,"13089"
"13067",2629474.91732119,"13089"
"45007",7872.67939317722,"13089"
"13247",530618.591100145,"13089"
"13039",11021.7511504481,"13089"
"36093",3149.0717572709,"13089"
"41009",1574.53587863544,"13089"
"13301",1574.53587863544,"13089"
"47107",1574.53587863544,"13089"
"12001",3149.0717572709,"13089"
"22033",9447.21527181266,"13089"
"48201",3149.0717572709,"13089"
"01031",4723.60763590633,"13089"
"21097",3149.0717572709,"13089"
"01083",4723.60763590633,"13089"
"13153",31490.717572709,"13089"
"47043",1574.53587863544,"13089"
"21141",1574.53587863544,"13089"
"51760",3149.0717572709,"13089"
"13175",14170.822907719,"13089"
"47149",23618.0381795317,"13089"
"17189",1574.53587863544,"13089"
"13091",4723.60763590633,"13089"
"13033",3149.0717572709,"13089"
"13081",3149.0717572709,"13089"
"04019",7872.67939317722,"13089"
"45059",1574.53587863544,"13089"
"01009",4723.60763590633,"13089"
"13255",72428.6504172303,"13089"
"37109",1574.53587863544,"13089"
"36071",4723.60763590633,"13089"
"21173",3149.0717572709,"13089"
"47121",1574.53587863544,"13089"
"05125",6298.14351454177,"13089"
"26161",12596.2870290835,"13089"
"12073",14170.822907719,"13089"
"24003",3149.0717572709,"13089"
"01061",1574.53587863544,"13089"
"24031",1574.53587863544,"13089"
"37161",1574.53587863544,"13089"
"24013",3149.0717572709,"13089"
"24033",3149.0717572709,"13089"
"47173",1574.53587863544,"13089"
"47139",1574.53587863544,"13089"
"12115",11021.7511504481,"13089"
"29183",1574.53587863544,"13089"
"24025",6298.14351454177,"13089"
"48215",3149.0717572709,"13089"
"22051",18894.4305436253,"13089"
"01047",1574.53587863544,"13089"
"01051",6298.14351454177,"13089"
"39097",1574.53587863544,"13089"
"51147",1574.53587863544,"13089"
"13219",23618.0381795317,"13089"
"22121",1574.53587863544,"13089"
"13159",6298.14351454177,"13089"
"47001",4723.60763590633,"13089"
"47161",1574.53587863544,"13089"
"12039",4723.60763590633,"13089"
"13301",1574.53587863544,"13089"
"51117",1574.53587863544,"13089"
"36087",7872.67939317722,"13089"
"37025",7872.67939317722,"13089"
"21093",1574.53587863544,"13089"
"39089",1574.53587863544,"13089"
"12039",4723.60763590633,"13089"
"22119",3149.0717572709,"13089"
"08119",1574.53587863544,"13089"
"28073",1574.53587863544,"13089"
"45085",9447.21527181266,"13089"
"45007",7872.67939317722,"13089"
"26161",12596.2870290835,"13089"
"24037",3149.0717572709,"13089"
"01031",4723.60763590633,"13089"
"13157",53534.219873605,"13089"
"26075",1574.53587863544,"13089"
"37161",1574.53587863544,"13089"
"45009",3149.0717572709,"13089"
"47019",3149.0717572709,"13089"
"47121",1574.53587863544,"13089"
"22121",1574.53587863544,"13089"
"13085",61406.8992667822,"13089"
"13039",11021.7511504481,"13089"
"41039",4723.60763590633,"13089"
"17165",1574.53587863544,"13089"
"12115",11021.7511504481,"13089"
"12039",4723.60763590633,"13089"
"34007",6298.14351454177,"13089"
"13159",6298.14351454177,"13089"
"21037",6298.14351454177,"13089"
"12073",14170.822907719,"13089"
"21009",1574.53587863544,"13089"
"13023",1574.53587863544,"13089"
"37097",7872.67939317722,"13089"
"37155",1574.53587863544,"13089"
"35043",4723.60763590633,"13089"
"13147",17319.8946649899,"13089"
"47161",1574.53587863544,"13089"
"13145",7872.67939317722,"13089"
"24031",1574.53587863544,"13089"
"45047",3149.0717572709,"13089"
"12086",26767.1099368026,"13089"
"31079",1574.53587863544,"13089"
"37023",1574.53587863544,"13089"
"04013",9447.21527181266,"13089"
"35001",3149.0717572709,"13089"
"36001",3149.0717572709,"13089"
"13179",12596.2870290835,"13089"
"41067",22043.5023008962,"13089"
"09140",3149.0717572709,"13089"
"39089",1574.53587863544,"13089"
"13143",7872.67939317722,"13089"
"12113",6298.14351454177,"13089"
"01123",1574.53587863544,"13089"
"13037",1574.53587863544,"13089"
"37063",14170.822907719,"13089"
"24003",3149.0717572709,"13089"
"37179",1574.53587863544,"13089"
"24031",1574.53587863544,"13089"
"08041",3149.0717572709,"13089"
"13169",20468.9664222608,"13089"
"47065",18894.4305436253,"13089"
"36091",3149.0717572709,"13089"
"13055",4723.60763590633,"13089"
"22121",1574.53587863544,"13089"
"37189",1574.53587863544,"13089"
"24037",3149.0717572709,"13089"
"13231",4723.60763590633,"13089"
"13079",6298.14351454177,"13089"
"47061",3149.0717572709,"13089"
"45073",1574.53587863544,"13089"
"47011",11021.7511504481,"13089"
"45069",3149.0717572709,"13089"
"51540",4723.60763590633,"13089"
"12089",6298.14351454177,"13089"
"13011",7872.67939317722,"13089"
"26023",1574.53587863544,"13089"
"48215",3149.0717572709,"13089"
"13073",34639.7893299798,"13089"
"21209",3149.0717572709,"13089"
"24033",3149.0717572709,"13089"
"45091",3149.0717572709,"13089"
"13311",17319.8946649899,"13089"
"13081",3149.0717572709,"13089"
"37125",1574.53587863544,"13089"
"47107",1574.53587863544,"13089"
"13071",4723.60763590633,"13089"
"18057",9447.21527181266,"13089"
"47041",1574.53587863544,"13089"
"45031",1574.53587863544,"13089"
"41039",4723.60763590633,"13089"
"37119",47236.0763590633,"13089"
"24005",15745.3587863544,"13089"
"01037",1574.53587863544,"13089"
"12031",33065.2534513444,"13089"
"45047",3149.0717572709,"13089"
"47065",18894.4305436253,"13089"
"51117",1574.53587863544,"13089"
"13105",4723.60763590633,"13089"
"22121",1574.53587863544,"13089"
"37051",1574.53587863544,"13089"
"13021",53534.219873605,"13089"
"01037",1574.53587863544,"13089"
"41009",1574.53587863544,"13089"
"13177",3149.0717572709,"13089"
"13175",14170.822907719,"13089"
"13151",1004553.89056941,"13089"
"12011",25192.574058167,"13089"
"34007",6298.14351454177,"13089"
"37021",9447.21527181266,"13089"
"01115",1574.53587863544,"13089"
"09110",11021.7511504481,"13089"
"48439",18894.4305436253,"13089"
"12089",6298.14351454177,"13089"
"37179",1574.53587863544,"13089"
"41009",1574.53587863544,"13089"
"54107",1574.53587863544,"13089"
"36061",56683.2916308759,"13089"
"13223",132261.013805377,"13089"
"01115",1574.53587863544,"13089"
"12051",1574.53587863544,"13089"
"13309",1574.53587863544,"13089"
"09130",3149.0717572709,"13089"
"47157",12596.2870290835,"13089"
"17031",29916.1816940735,"13089"
"13189",1574.53587863544,"13089"
"21073",3149.0717572709,"13089"
"12117",17319.8946649899,"13089"
"13011",7872.67939317722,"13089"
"39151",9447.21527181266,"13089"
"12027",1574.53587863544,"13089"
"45063",20468.9664222608,"13089"
"13063",1034470.07226349,"13089"
"37015",1574.53587863544,"13089"
"13173",1574.53587863544,"13089"
"01089",18894.4305436253,"13089"
"37191",1574.53587863544,"13089"
"37125",1574.53587863544,"13089"
"13147",17319.8946649899,"13089"
"13241",4723.60763590633,"13089"
"34017",15745.3587863544,"13089"
"13103",12596.2870290835,"13089"
"47057",1574.53587863544,"13089"
"45009",3149.0717572709,"13089"
"12051",1574.53587863544,"13089"
"45009",3149.0717572709,"13089"
"13229",1574.53587863544,"13089"
"13219",23618.0381795317,"13089"
"37003",3149.0717572709,"13089"
"13035",3149.0717572709,"13089"
"13055",4723.60763590633,"13089"
"21037",6298.14351454177,"13089"
"01037",1574.53587863544,"13089"
"13285",22043.5023008962,"13089"
"37015",1574.53587863544,"13089"
"22119",3149.0717572709,"13089"
"28073",1574.53587863544,"13089"
"45021",1574.53587863544,"13089"
"26059",6298.14351454177,"13089"
"45059",1574.53587863544,"13089"
"37009",1574.53587863544,"13089"
"24013",3149.0717572709,"13089"
"24013",3149.0717572709,"13089"
"29189",25192.574058167,"13089"
"21211",1574.53587863544,"13089"
"19181",1574.53587863544,"13089"
"13011",7872.67939317722,"13089"
"21065",1574.53587863544,"13089"
"45009",3149.0717572709,"13089"
"19153",6298.14351454177,"13089"
"13243",1574.53587863544,"13089"
"45085",9447.21527181266,"13089"
"21009",1574.53587863544,"13089"
"13119",23618.0381795317,"13089"
"39109",1574.53587863544,"13089"
"13047",4723.60763590633,"13089"
"13059",100770.296232668,"13089"
"13029",3149.0717572709,"13089"
"12075",1574.53587863544,"13089"
"37191",1574.53587863544,"13089"
"13157",53534.219873605,"13089"
"01031",4723.60763590633,"13089"
"13181",3149.0717572709,"13089"
"29510",1574.53587863544,"13089"
"36081",25192.574058167,"13089"
"45055",1574.53587863544,"13089"
"01061",1574.53587863544,"13089"
"13045",176348.01840717,"13089"
"37067",14170.822907719,"13089"
"01103",3149.0717572709,"13089"
"13123",11021.7511504481,"13089"
"35043",4723.60763590633,"13089"
"13237",4723.60763590633,"13089"
"47149",23618.0381795317,"13089"
"21073",3149.0717572709,"13089"
"51117",1574.53587863544,"13089"
"04019",7872.67939317722,"13089"
"01067",1574.53587863544,"13089"
"28073",1574.53587863544,"13089"
"17047",1574.53587863544,"13089"
"45059",1574.53587863544,"13089"
"13181",3149.0717572709,"13089"
"12081",14170.822907719,"13089"
"13181",3149.0717572709,"13089"
"35001",3149.0717572709,"13089"
"37157",3149.0717572709,"13089"
"12117",17319.8946649899,"13089"
"37139",1574.53587863544,"13089"
"04013",9447.21527181266,"13089"
"13097",288140.065790286,"13089"
"12097",14170.822907719,"13089"
"13077",292863.673426191,"13089"
"22017",3149.0717572709,"13089"
"36005",12596.2870290835,"13089"
"13047",4723.60763590633,"13089"
"13063",1034470.07226349,"13089"
"37049",1574.53587863544,"13089"
"45017",1574.53587863544,"13089"
"05045",1574.53587863544,"13089"
"13033",3149.0717572709,"13089"
"39055",3149.0717572709,"13089"
"37157",3149.0717572709,"13089"
"05125",6298.14351454177,"13089"
"13305",3149.0717572709,"13089"
"48041",3149.0717572709,"13089"
"37063",14170.822907719,"13089"
"01057",1574.53587863544,"13089"
"45045",22043.5023008962,"13089"
"39055",3149.0717572709,"13089"
"13153",31490.717572709,"13089"
"13279",3149.0717572709,"13089"
"45003",6298.14351454177,"13089"
"13123",11021.7511504481,"13089"
"45083",11021.7511504481,"13089"
"47145",1574.53587863544,"13089"
"17167",3149.0717572709,"13089"
"13019",4723.60763590633,"13089"
"39113",7872.67939317722,"13089"
"47001",4723.60763590633,"13089"
"37125",1574.53587863544,"13089"
"47041",1574.53587863544,"13089"
"28113",1574.53587863544,"13089"
"37015",1574.53587863544,"13089"
"13051",40937.9328445216,"13089"
"13243",1574.53587863544,"13089"
"36027",7872.67939317722,"13089"
"36061",56683.2916308759,"13089"
"37109",1574.53587863544,"13089"
"21067",6298.14351454177,"13089"
"39085",3149.0717572709,"13089"
"13259",1574.53587863544,"13089"
"13173",1574.53587863544,"13089"
"45091",3149.0717572709,"13089"
"37155",1574.53587863544,"13089"
"45017",1574.53587863544,"13089"
"13095",6298.14351454177,"13089"
"36005",12596.2870290835,"13089"
"21185",1574.53587863544,"13089"
"12031",33065.2534513444,"13089"
"45013",4723.60763590633,"13089"
"12095",45661.5404804279,"13089"
"45091",3149.0717572709,"13089"
"37191",1574.53587863544,"13089"
"48309",1574.53587863544,"13089"
"12111",3149.0717572709,"13089"
"37135",12596.2870290835,"13089"
"51810",7872.67939317722,"13089"
"37063",14170.822907719,"13089"
"12057",48810.6122376987,"13089"
"13115",28341.6458154381,"13089"
"13087",1574.53587863544,"13089"
"13177",3149.0717572709,"13089"
"18011",1574.53587863544,"13089"
"12086",26767.1099368026,"13089"
"12109",12596.2870290835,"13089"
"45063",20468.9664222608,"13089"
"01101",12596.2870290835,"13089"
"25017",37788.8610872507,"13089"
"37091",1574.53587863544,"13089"
"12009",18894.4305436253,"13089"
"51015",1574.53587863544,"13089"
"26075",1574.53587863544,"13089"
"13285",22043.5023008962,"13089"
"47167",1574.53587863544,"13089"
"13173",1574.53587863544,"13089"
"34015",3149.0717572709,"13089"
"54107",1574.53587863544,"13089"
"19153",6298.14351454177,"13089"
"36061",56683.2916308759,"13089"
"37023",1574.53587863544,"13089"
"47187",6298.14351454177,"13089"
"13079",6298.14351454177,"13089"
"12103",33065.2534513444,"13089"
"13105",4723.60763590633,"13089"
"39097",1574.53587863544,"13089"
"13011",7872.67939317722,"13089"
"51015",1574.53587863544,"13089"
"21185",1574.53587863544,"13089"
"19181",1574.53587863544,"13089"
"01081",1574.53587863544,"13089"
"37143",1574.53587863544,"13089"
"39085",3149.0717572709,"13089"
"47119",3149.0717572709,"13089"
"45053",3149.0717572709,"13089"
"13287",1574.53587863544,"13089"
"45053",3149.0717572709,"13089"
"47019",3149.0717572709,"13089"
"45083",11021.7511504481,"13089"
"13319",4723.60763590633,"13089"
"12115",11021.7511504481,"13089"
"47035",1574.53587863544,"13089"
"47145",1574.53587863544,"13089"
"37051",1574.53587863544,"13089"
"34007",6298.14351454177,"13089"
"13095",6298.14351454177,"13089"
"37167",1574.53587863544,"13089"
"36005",12596.2870290835,"13089"
"54039",1574.53587863544,"13089"
"24031",1574.53587863544,"13089"
"13217",571556.523944667,"13089"
"19153",6298.14351454177,"13089"
"54061",3149.0717572709,"13089"
"01007",1574.53587863544,"13089"
"01031",4723.60763590633,"13089"
"13143",7872.67939317722,"13089"
"48041",3149.0717572709,"13089"
"12085",6298.14351454177,"13089"
"13173",1574.53587863544,"13089"
"12043",1574.53587863544,"13089"
"29189",25192.574058167,"13089"
"13015",107068.43974721,"13089"
"13169",20468.9664222608,"13089"
"45091",3149.0717572709,"13089"
"36027",7872.67939317722,"13089"
"13279",3149.0717572709,"13089"
"36005",12596.2870290835,"13089"
"47057",1574.53587863544,"13089"
"51810",7872.67939317722,"13089"
"13191",4723.60763590633,"13089"
"01117",4723.60763590633,"13089"
"13311",17319.8946649899,"13089"
"22105",4723.60763590633,"13089"
"39055",3149.0717572709,"13089"
"13217",571556.523944667,"13089"
"24003",3149.0717572709,"13089"
"31111",1574.53587863544,"13089"
"12039",4723.60763590633,"13089"
"06037",29916.1816940735,"13089"
"31079",1574.53587863544,"13089"
"37023",1574.53587863544,"13089"
"39061",31490.717572709,"13089"
"13257",14170.822907719,"13089"
"12081",14170.822907719,"13089"
"13019",4723.60763590633,"13089"
"13087",1574.53587863544,"13089"
"45063",20468.9664222608,"13089"
"13225",6298.14351454177,"13089"
"51015",1574.53587863544,"13089"
"13195",20468.9664222608,"13089"
"13221",4723.60763590633,"13089"
"35006",1574.53587863544,"13089"
"37091",1574.53587863544,"13089"
"37097",7872.67939317722,"13089"
"01061",1574.53587863544,"13089"
"47063",1574.53587863544,"13089"
"13303",1574.53587863544,"13089"
"12086",26767.1099368026,"13089"
"22033",9447.21527181266,"13089"
"21009",1574.53587863544,"13089"
"21009",1574.53587863544,"13089"
"45077",9447.21527181266,"13089"
"13259",1574.53587863544,"13089"
"54069",4723.60763590633,"13089"
"13319",4723.60763590633,"13089"
"41007",3149.0717572709,"13089"
"35061",6298.14351454177,"13089"
"13129",14170.822907719,"13089"
"26025",1574.53587863544,"13089"
"13173",1574.53587863544,"13089"
"13059",100770.296232668,"13089"
"45057",3149.0717572709,"13089"
"31111",1574.53587863544,"13089"
"28113",1574.53587863544,"13089"
"13311",17319.8946649899,"13089"
"01125",6298.14351454177,"13089"
"01125",6298.14351454177,"13089"
"13105",4723.60763590633,"13089"
"13033",3149.0717572709,"13089"
"13057",414102.936081121,"13089"
"47157",12596.2870290835,"13089"
"18011",1574.53587863544,"13089"
"37189",1574.53587863544,"13089"
"09170",9447.21527181266,"13089"
"28059",1574.53587863544,"13089"
"48439",18894.4305436253,"13089"
"05045",1574.53587863544,"13089"
"37167",1574.53587863544,"13089"
"34013",15745.3587863544,"13089"
"29510",1574.53587863544,"13089"
"13149",1574.53587863544,"13089"
"01103",3149.0717572709,"13089"
"13067",2629474.91732119,"13089"
"12111",3149.0717572709,"13089"
"35001",3149.0717572709,"13089"
"48041",3149.0717572709,"13089"
"01103",3149.0717572709,"13089"
"13097",288140.065790286,"13089"
"39057",1574.53587863544,"13089"
"45069",3149.0717572709,"13089"
"09140",3149.0717572709,"13089"
"37159",3149.0717572709,"13089"
"18059",3149.0717572709,"13089"
"13071",4723.60763590633,"13089"
"54039",1574.53587863544,"13089"
"12019",4723.60763590633,"13089"
"47187",6298.14351454177,"13089"
"12111",3149.0717572709,"13089"
"12085",6298.14351454177,"13089"
"45047",3149.0717572709,"13089"
"21097",3149.0717572709,"13089"
"13231",4723.60763590633,"13089"
"26059",6298.14351454177,"13089"
"13187",4723.60763590633,"13089"
"13275",1574.53587863544,"13089"
"34013",15745.3587863544,"13089"
"13079",6298.14351454177,"13089"
"39097",1574.53587863544,"13089"
"47157",12596.2870290835,"13089"
"12081",14170.822907719,"13089"
"26059",6298.14351454177,"13089"
"22071",17319.8946649899,"13089"
"53035",3149.0717572709,"13089"
"47145",1574.53587863544,"13089"
"12041",1574.53587863544,"13089"
"13201",1574.53587863544,"13089"
"12099",37788.8610872507,"13089"
"09170",9447.21527181266,"13089"
"12109",12596.2870290835,"13089"
"24031",1574.53587863544,"13089"
"13119",23618.0381795317,"13089"
"01043",4723.60763590633,"13089"
"13245",42512.468723157,"13089"
"47035",1574.53587863544,"13089"
"01127",6298.14351454177,"13089"
"01031",4723.60763590633,"13089"
"48215",3149.0717572709,"13089"
"01055",1574.53587863544,"13089"
"13167",1574.53587863544,"13089"
"28059",1574.53587863544,"13089"
"01133",3149.0717572709,"13089"
"26059",6298.14351454177,"13089"
"37109",1574.53587863544,"13089"
"13019",4723.60763590633,"13089"
"13175",14170.822907719,"13089"
"12089",6298.14351454177,"13089"
"13051",40937.9328445216,"13089"
"35049",3149.0717572709,"13089"
"12113",6298.14351454177,"13089"
"37119",47236.0763590633,"13089"
"01055",1574.53587863544,"13089"
"47043",1574.53587863544,"13089"
"47139",1574.53587863544,"13089"
"01125",6298.14351454177,"13089"
"13305",3149.0717572709,"13089"
"13009",7872.67939317722,"13089"
"21073",3149.0717572709,"13089"
"12055",6298.14351454177,"13089"
"13045",176348.01840717,"13089"
"26091",7872.67939317722,"13089"
"18021",1574.53587863544,"13089"
"13225",6298.14351454177,"13089"
"13221",4723.60763590633,"13089"
"13305",3149.0717572709,"13089"
"37081",11021.7511504481,"13089"
"01089",18894.4305436253,"13089"
"45077",9447.21527181266,"13089"
"37021",9447.21527181266,"13089"
"36027",7872.67939317722,"13089"
"13045",176348.01840717,"13089"
"29183",1574.53587863544,"13089"
"54033",4723.60763590633,"13089"
"13243",1574.53587863544,"13089"
"34015",3149.0717572709,"13089"
"13259",1574.53587863544,"13089"
"13213",3149.0717572709,"13089"
"05119",7872.67939317722,"13089"
"36119",9447.21527181266,"13089"
"47099",1574.53587863544,"13089"
"13199",6298.14351454177,"13089"
"13163",1574.53587863544,"13089"
"45013",4723.60763590633,"13089"
"13219",23618.0381795317,"13089"
"31111",1574.53587863544,"13089"
"12043",1574.53587863544,"13089"
"32003",6298.14351454177,"13089"
"13047",4723.60763590633,"13089"
"37139",1574.53587863544,"13089"
"13061",1574.53587863544,"13089"
"12029",1574.53587863544,"13089"
"47029",1574.53587863544,"13089"
"01015",1574.53587863544,"13089"
"13173",1574.53587863544,"13089"
"08041",3149.0717572709,"13089"
"41039",4723.60763590633,"13089"
"36093",3149.0717572709,"13089"
"47167",1574.53587863544,"13089"
"13089",14858895.0866827,"13089"
"13151",1004553.89056941,"13089"
"47157",12596.2870290835,"13089"
"12001",3149.0717572709,"13089"
"37167",1574.53587863544,"13089"
"36081",25192.574058167,"13089"
"34005",7872.67939317722,"13089"
"05085",3149.0717572709,"13089"
"37081",11021.7511504481,"13089"
"12109",12596.2870290835,"13089"
"01117",4723.60763590633,"13089"
"37057",1574.53587863544,"13089"
"37057",1574.53587863544,"13089"
"29189",25192.574058167,"13089"
"37167",1574.53587863544,"13089"
"12117",17319.8946649899,"13089"
"01061",1574.53587863544,"13089"
"37139",1574.53587863544,"13089"
"47149",23618.0381795317,"13089"
"13069",3149.0717572709,"13089"
"36119",9447.21527181266,"13089"
"09110",11021.7511504481,"13089"
"41067",22043.5023008962,"13089"
"01133",3149.0717572709,"13089"
"21015",4723.60763590633,"13089"
"37023",1574.53587863544,"13089"
"04013",9447.21527181266,"13089"
"08097",1574.53587863544,"13089"
"39113",7872.67939317722,"13089"
"22119",3149.0717572709,"13089"
"13223",132261.013805377,"13089"
"42109",1574.53587863544,"13089"
"13229",1574.53587863544,"13089"
"35061",6298.14351454177,"13089"
"12109",12596.2870290835,"13089"
"13143",7872.67939317722,"13089"
"25005",1574.53587863544,"13089"
"06073",12596.2870290835,"13089"
"06071",4723.60763590633,"13089"
"21111",9447.21527181266,"13089"
"13229",1574.53587863544,"13089"
"25017",37788.8610872507,"13089"
"17031",29916.1816940735,"13089"
"45087",1574.53587863544,"13089"
"13149",1574.53587863544,"13089"
"01093",1574.53587863544,"13089"
"37159",3149.0717572709,"13089"
"54011",1574.53587863544,"13089"
"17189",1574.53587863544,"13089"
"26075",1574.53587863544,"13089"
"13125",1574.53587863544,"13089"
"25025",3149.0717572709,"13089"
"37033",3149.0717572709,"13089"
"24017",6298.14351454177,"13089"
"29510",1574.53587863544,"13089"
"22005",3149.0717572709,"13089"
"17031",29916.1816940735,"13089"
"47029",1574.53587863544,"13089"
"45079",20468.9664222608,"13089"
"45031",1574.53587863544,"13089"
"13117",477084.371226538,"13089"
"47179",7872.67939317722,"13089"
"36119",9447.21527181266,"13089"
"13067",2629474.91732119,"13089"
"13063",1034470.07226349,"13089"
"51165",6298.14351454177,"13089"
"24033",3149.0717572709,"13089"
"13047",4723.60763590633,"13089"
"34017",15745.3587863544,"13089"
"35049",3149.0717572709,"13089"
"47063",1574.53587863544,"13089"
"37091",1574.53587863544,"13089"
"13229",1574.53587863544,"13089"
"41039",4723.60763590633,"13089"
"13011",7872.67939317722,"13089"
"13313",9447.21527181266,"13089"
"12113",6298.14351454177,"13089"
"13185",7872.67939317722,"13089"
"13291",6298.14351454177,"13089"
"36081",25192.574058167,"13089"
"37175",1574.53587863544,"13089"
"13127",20468.9664222608,"13089"
"24003",3149.0717572709,"13089"
"51760",3149.0717572709,"13089"
"13299",4723.60763590633,"13089"
"47105",4723.60763590633,"13089"
"41003",1574.53587863544,"13089"
"22103",6298.14351454177,"13089"
"09110",11021.7511504481,"13089"
"41007",3149.0717572709,"13089"
"41007",3149.0717572709,"13089"
"13175",14170.822907719,"13089"
"47173",1574.53587863544,"13089"
"13145",7872.67939317722,"13089"
"48309",1574.53587863544,"13089"
"09170",9447.21527181266,"13089"
"13255",72428.6504172303,"13089"
"13221",4723.60763590633,"13089"
"21067",6298.14351454177,"13089"
"45085",9447.21527181266,"13089"
"05119",7872.67939317722,"13089"
"39089",1574.53587863544,"13089"
"45083",11021.7511504481,"13089"
"13257",14170.822907719,"13089"
"01133",3149.0717572709,"13089"
"45047",3149.0717572709,"13089"
"21015",4723.60763590633,"13089"
"18021",1574.53587863544,"13089"
"39049",26767.1099368026,"13089"
"12089",6298.14351454177,"13089"
"47161",1574.53587863544,"13089"
"13285",22043.5023008962,"13089"
"01127",6298.14351454177,"13089"
"12051",1574.53587863544,"13089"
"47093",25192.574058167,"13089"
"01055",1574.53587863544,"13089"
"12021",11021.7511504481,"13089"
"12097",14170.822907719,"13089"
"51079",1574.53587863544,"13089"
"37161",1574.53587863544,"13089"
"24037",3149.0717572709,"13089"
"34015",3149.0717572709,"13089"
"01093",1574.53587863544,"13089"
"41007",3149.0717572709,"13089"
"13257",14170.822907719,"13089"
"04013",9447.21527181266,"13089"
"36061",56683.2916308759,"13089"
"32003",6298.14351454177,"13089"
"37167",1574.53587863544,"13089"
"47163",6298.14351454177,"13089"
"01061",1574.53587863544,"13089"
"12089",6298.14351454177,"13089"
"01067",1574.53587863544,"13089"
"13291",6298.14351454177,"13089"
"47119",3149.0717572709,"13089"
"37097",7872.67939317722,"13089"
"26023",1574.53587863544,"13089"
"34013",15745.3587863544,"13089"
"36079",3149.0717572709,"13089"
"39097",1574.53587863544,"13089"
"47065",18894.4305436253,"13089"
"42109",1574.53587863544,"13089"
"13027",4723.60763590633,"13089"
"39049",26767.1099368026,"13089"
"39089",1574.53587863544,"13089"
"45021",1574.53587863544,"13089"
"13223",132261.013805377,"13089"
"13037",1574.53587863544,"13089"
"13023",1574.53587863544,"13089"
"28059",1574.53587863544,"13089"
"48113",34639.7893299798,"13089"
"39109",1574.53587863544,"13089"
"37091",1574.53587863544,"13089"
"12111",3149.0717572709,"13089"
"13279",3149.0717572709,"13089"
"47043",1574.53587863544,"13089"
"12085",6298.14351454177,"13089"
"12021",11021.7511504481,"13089"
"12009",18894.4305436253,"13089"
"41003",1574.53587863544,"13089"
"01047",1574.53587863544,"13089"
"18059",3149.0717572709,"13089"
"51540",4723.60763590633,"13089"
"13309",1574.53587863544,"13089"
"51760",3149.0717572709,"13089"
"12027",1574.53587863544,"13089"
"12019",4723.60763590633,"13089"
"13267",1574.53587863544,"13089"
"37135",12596.2870290835,"13089"
"12041",1574.53587863544,"13089"
"26025",1574.53587863544,"13089"
"24025",6298.14351454177,"13089"
"13227",55108.7557522405,"13089"
"13083",1574.53587863544,"13089"
"54049",3149.0717572709,"13089"
"31079",1574.53587863544,"13089"
"41067",22043.5023008962,"13089"
"13103",12596.2870290835,"13089"
"06073",12596.2870290835,"13089"
"01077",1574.53587863544,"13089"
"13177",3149.0717572709,"13089"
"12057",48810.6122376987,"13089"
"13267",1574.53587863544,"13089"
"45059",1574.53587863544,"13089"
"13059",100770.296232668,"13089"
"47099",1574.53587863544,"13089"
"13313",9447.21527181266,"13089"
"12033",4723.60763590633,"13089"
"28073",1574.53587863544,"13089"
"13027",4723.60763590633,"13089"
"39035",20468.9664222608,"13089"
"13227",55108.7557522405,"13089"
"22005",3149.0717572709,"13089"
"39049",26767.1099368026,"13089"
"13191",4723.60763590633,"13089"
"37109",1574.53587863544,"13089"
"45087",1574.53587863544,"13089"
"35001",3149.0717572709,"13089"
"47173",1574.53587863544,"13089"
"37057",1574.53587863544,"13089"
"13243",1574.53587863544,"13089"
"51107",3149.0717572709,"13089"
"24003",3149.0717572709,"13089"
"06073",12596.2870290835,"13089"
"37021",9447.21527181266,"13089"
"01067",1574.53587863544,"13089"
"13219",23618.0381795317,"13089"
"51540",4723.60763590633,"13089"
"37009",1574.53587863544,"13089"
"13189",1574.53587863544,"13089"
"13171",12596.2870290835,"13089"
"13241",4723.60763590633,"13089"
"47035",1574.53587863544,"13089"
"24005",15745.3587863544,"13089"
"01081",1574.53587863544,"13089"
"13171",12596.2870290835,"13089"
"08119",1574.53587863544,"13089"
"06073",12596.2870290835,"13089"
"13069",3149.0717572709,"13089"
"47065",18894.4305436253,"13089"
"13201",1574.53587863544,"13089"
"18003",7872.67939317722,"13089"
"47099",1574.53587863544,"13089"
"13153",31490.717572709,"13089"
"26023",1574.53587863544,"13089"
"45031",1574.53587863544,"13089"
"45059",1574.53587863544,"13089"
"13047",4723.60763590633,"13089"
"01115",1574.53587863544,"13089"
"54069",4723.60763590633,"13089"
"12115",11021.7511504481,"13089"
"12033",4723.60763590633,"13089"
"17167",3149.0717572709,"13089"
"37139",1574.53587863544,"13089"
"45055",1574.53587863544,"13089"
"13069",3149.0717572709,"13089"
"01055",1574.53587863544,"13089"
"13277",1574.53587863544,"13089"
"29510",1574.53587863544,"13089"
"01051",6298.14351454177,"13089"
"45053",3149.0717572709,"13089"
"21209",3149.0717572709,"13089"
"13051",40937.9328445216,"13089"
"36001",3149.0717572709,"13089"
"21141",1574.53587863544,"13089"
"01083",4723.60763590633,"13089"
"13023",1574.53587863544,"13089"
"13151",1004553.89056941,"13089"
"12069",7872.67939317722,"13089"
"13139",122813.798533564,"13089"
"25005",1574.53587863544,"13089"
"13255",72428.6504172303,"13089"
"39089",1574.53587863544,"13089"
"13275",1574.53587863544,"13089"
"12001",3149.0717572709,"13089"
"47001",4723.60763590633,"13089"
"47029",1574.53587863544,"13089"
"39113",7872.67939317722,"13089"
"26091",7872.67939317722,"13089"
"45053",3149.0717572709,"13089"
"47041",1574.53587863544,"13089"
"45007",7872.67939317722,"13089"
"51079",1574.53587863544,"13089"
"39055",3149.0717572709,"13089"
"47163",6298.14351454177,"13089"
"45063",20468.9664222608,"13089"
"01077",1574.53587863544,"13089"
"48201",3149.0717572709,"13089"
"45013",4723.60763590633,"13089"
"47041",1574.53587863544,"13089"
"13169",20468.9664222608,"13089"
"45069",3149.0717572709,"13089"
"18057",9447.21527181266,"13089"
"34015",3149.0717572709,"13089"
"37049",1574.53587863544,"13089"
"51061",1574.53587863544,"13089"
"13231",4723.60763590633,"13089"
"13159",6298.14351454177,"13089"
"35049",3149.0717572709,"13089"
"13119",23618.0381795317,"13089"
"13087",1574.53587863544,"13089"
"01077",1574.53587863544,"13089"
"29510",1574.53587863544,"13089"
"13309",1574.53587863544,"13089"
"22005",3149.0717572709,"13089"
"17167",3149.0717572709,"13089"
"13091",4723.60763590633,"13089"
"54039",1574.53587863544,"13089"
"37051",1574.53587863544,"13089"
"13145",7872.67939317722,"13089"
"17047",1574.53587863544,"13089"
"37125",1574.53587863544,"13089"
"48113",34639.7893299798,"13089"
"45087",1574.53587863544,"13089"
"28059",1574.53587863544,"13089"
"21073",3149.0717572709,"13089"
"37161",1574.53587863544,"13089"
"25017",37788.8610872507,"13089"
"08119",1574.53587863544,"13089"
"47157",12596.2870290835,"13089"
"25025",3149.0717572709,"13089"
"13149",1574.53587863544,"13089"
"13145",7872.67939317722,"13089"
"37091",1574.53587863544,"13089"
"13057",414102.936081121,"13089"
"17189",1574.53587863544,"13089"
"05085",3149.0717572709,"13089"
"22005",3149.0717572709,"13089"
"24033",3149.0717572709,"13089"
"53035",3149.0717572709,"13089"
"41003",1574.53587863544,"13089"
"45035",4723.60763590633,"13089"
"13309",1574.53587863544,"13089"
"26023",1574.53587863544,"13089"
"01095",3149.0717572709,"13089"
"32003",6298.14351454177,"13089"
"47167",1574.53587863544,"13089"
"13085",61406.8992667822,"13089"
"13275",1574.53587863544,"13089"
"13169",20468.9664222608,"13089"
"25009",12596.2870290835,"13089"
"13243",1574.53587863544,"13089"
"37159",3149.0717572709,"13089"
"24017",6298.14351454177,"13089"
"47161",1574.53587863544,"13089"
"17167",3149.0717572709,"13089"
"39113",7872.67939317722,"13089"
"31079",1574.53587863544,"13089"
"45003",6298.14351454177,"13089"
"13027",4723.60763590633,"13089"
"21097",3149.0717572709,"13089"
"34017",15745.3587863544,"13089"
"01043",4723.60763590633,"13089"
"08119",1574.53587863544,"13089"
"36091",3149.0717572709,"13089"
"13073",34639.7893299798,"13089"
"37099",1574.53587863544,"13089"
"13179",12596.2870290835,"13089"
"13237",4723.60763590633,"13089"
"13059",100770.296232668,"13089"
"47099",1574.53587863544,"13089"
"13151",1004553.89056941,"13089"
"21009",1574.53587863544,"13089"
"51117",1574.53587863544,"13089"
"39035",20468.9664222608,"13089"
"12069",7872.67939317722,"13089"
"12103",33065.2534513444,"13089"
"13255",72428.6504172303,"13089"
"01083",4723.60763590633,"13089"
"37091",1574.53587863544,"13089"
"24017",6298.14351454177,"13089"
"29183",1574.53587863544,"13089"
"13245",42512.468723157,"13089"
"48439",18894.4305436253,"13089"
"18021",1574.53587863544,"13089"
"37143",1574.53587863544,"13089"
"37179",1574.53587863544,"13089"
"25009",12596.2870290835,"13089"
"13223",132261.013805377,"13089"
"29189",25192.574058167,"13089"
"45087",1574.53587863544,"13089"
"37063",14170.822907719,"13089"
"01095",3149.0717572709,"13089"
"39045",1574.53587863544,"13089"
"21141",1574.53587863544,"13089"
"37003",3149.0717572709,"13089"
"13113",377888.610872507,"13089"
"47173",1574.53587863544,"13089"
"01093",1574.53587863544,"13089"
"12121",1574.53587863544,"13089"
"49035",4723.60763590633,"13089"
"36079",3149.0717572709,"13089"
"01067",1574.53587863544,"13089"
"01081",1574.53587863544,"13089"
"47099",1574.53587863544,"13089"
"13223",132261.013805377,"13089"
"37099",1574.53587863544,"13089"
"13181",3149.0717572709,"13089"
"12019",4723.60763590633,"13089"
"01081",1574.53587863544,"13089"
"51079",1574.53587863544,"13089"
"45091",3149.0717572709,"13089"
"25009",12596.2870290835,"13089"
"13055",4723.60763590633,"13089"
"13105",4723.60763590633,"13089"
"51147",1574.53587863544,"13089"
"25009",12596.2870290835,"13089"
"13117",477084.371226538,"13089"
"12086",26767.1099368026,"13089"
"45021",1574.53587863544,"13089"
"22071",17319.8946649899,"13089"
"45007",7872.67939317722,"13089"
"37003",3149.0717572709,"13089"
"13137",20468.9664222608,"13089"
"39135",1574.53587863544,"13089"
"37099",1574.53587863544,"13089"
"45073",1574.53587863544,"13089"
"28113",1574.53587863544,"13089"
"45077",9447.21527181266,"13089"
"37081",11021.7511504481,"13089"
"22105",4723.60763590633,"13089"
"54033",4723.60763590633,"13089"
"12019",4723.60763590633,"13089"
"12021",11021.7511504481,"13089"
"18011",1574.53587863544,"13089"
"37003",3149.0717572709,"13089"
"28035",6298.14351454177,"13089"
"54049",3149.0717572709,"13089"
"12011",25192.574058167,"13089"
"13213",3149.0717572709,"13089"
"37161",1574.53587863544,"13089"
"47051",1574.53587863544,"13089"
"01077",1574.53587863544,"13089"
"48113",34639.7893299798,"13089"
"01073",44087.0046017924,"13089"
"41067",22043.5023008962,"13089"
"47105",4723.60763590633,"13089"
"51810",7872.67939317722,"13089"
"09110",11021.7511504481,"13089"
"37167",1574.53587863544,"13089"
"22071",17319.8946649899,"13089"
"13121",8034856.58867667,"13089"
"12021",11021.7511504481,"13089"
"01067",1574.53587863544,"13089"
"19181",1574.53587863544,"13089"
"54069",4723.60763590633,"13089"
"39045",1574.53587863544,"13089"
"37157",3149.0717572709,"13089"
"12095",45661.5404804279,"13089"
"21211",1574.53587863544,"13089"
"12117",17319.8946649899,"13089"
"21211",1574.53587863544,"13089"
"39135",1574.53587863544,"13089"
"13083",1574.53587863544,"13089"
"12021",11021.7511504481,"13089"
"12121",1574.53587863544,"13089"
"39049",26767.1099368026,"13089"
"51540",4723.60763590633,"13089"
"12121",1574.53587863544,"13089"
"41003",1574.53587863544,"13089"
"54061",3149.0717572709,"13089"
"01095",3149.0717572709,"13089"
"13183",3149.0717572709,"13089"
"37025",7872.67939317722,"13089"
"01133",3149.0717572709,"13089"
"12121",1574.53587863544,"13089"
"39135",1574.53587863544,"13089"
"37081",11021.7511504481,"13089"
"54049",3149.0717572709,"13089"
"37067",14170.822907719,"13089"
"54049",3149.0717572709,"13089"
"01089",18894.4305436253,"13089"
"36071",4723.60763590633,"13089"
"12121",1574.53587863544,"13089"
"13089",14858895.0866827,"13089"
"13285",22043.5023008962,"13089"
"24033",3149.0717572709,"13089"
"01015",1574.53587863544,"13089"
"13285",22043.5023008962,"13089"
"36081",34.8138885475433,"42003"
"42109",69.6277770950867,"42003"
"42039",174.069442737717,"42003"
"54103",104.44166564263,"42003"
"42129",13229.2776480665,"42003"
"42085",800.719436593495,"42003"
"42043",104.44166564263,"42003"
"10003",69.6277770950867,"42003"
"42011",278.511108380347,"42003"
"42043",104.44166564263,"42003"
"54077",34.8138885475433,"42003"
"24021",69.6277770950867,"42003"
"42075",104.44166564263,"42003"
"37033",34.8138885475433,"42003"
"42047",69.6277770950867,"42003"
"42039",174.069442737717,"42003"
"54077",34.8138885475433,"42003"
"39155",278.511108380347,"42003"
"42059",278.511108380347,"42003"
"42059",278.511108380347,"42003"
"24001",34.8138885475433,"42003"
"42119",69.6277770950867,"42003"
"24031",69.6277770950867,"42003"
"42003",184826.934298908,"42003"
"42021",243.697219832804,"42003"
"42049",939.974990783668,"42003"
"54051",104.44166564263,"42003"
"51013",34.8138885475433,"42003"
"39049",139.255554190173,"42003"
"42007",3585.83052039696,"42003"
"42063",765.905548045954,"42003"
"42099",34.8138885475433,"42003"
"36047",34.8138885475433,"42003"
"17097",34.8138885475433,"42003"
"39151",69.6277770950867,"42003"
"42073",1079.23054497384,"42003"
"42013",208.88333128526,"42003"
"36081",34.8138885475433,"42003"
"24001",34.8138885475433,"42003"
"42019",6405.75549274798,"42003"
"54061",104.44166564263,"42003"
"51085",34.8138885475433,"42003"
"42007",3585.83052039696,"42003"
"42041",139.255554190173,"42003"
"39099",174.069442737717,"42003"
"39081",382.952774022976,"42003"
"42133",208.88333128526,"42003"
"42041",139.255554190173,"42003"
"36029",104.44166564263,"42003"
"42129",13229.2776480665,"42003"
"17097",34.8138885475433,"42003"
"39155",278.511108380347,"42003"
"47025",34.8138885475433,"42003"
"24043",104.44166564263,"42003"
"51085",34.8138885475433,"42003"
"42021",243.697219832804,"42003"
"24027",34.8138885475433,"42003"
"39049",139.255554190173,"42003"
"54051",104.44166564263,"42003"
"39151",69.6277770950867,"42003"
"54029",382.952774022976,"42003"
"42001",34.8138885475433,"42003"
"42101",348.138885475433,"42003"
"42087",104.44166564263,"42003"
"42119",69.6277770950867,"42003"
"42017",174.069442737717,"42003"
"42085",800.719436593495,"42003"
"36005",34.8138885475433,"42003"
"42031",243.697219832804,"42003"
"54029",382.952774022976,"42003"
"11001",69.6277770950867,"42003"
"36005",34.8138885475433,"42003"
"42005",905.161102236127,"42003"
"42013",208.88333128526,"42003"
"53033",139.255554190173,"42003"
"54061",104.44166564263,"42003"
"24027",34.8138885475433,"42003"
"42051",1288.1138762591,"42003"
"34015",69.6277770950867,"42003"
"42065",69.6277770950867,"42003"
"36103",139.255554190173,"42003"
"36029",104.44166564263,"42003"
"36103",139.255554190173,"42003"
"54009",382.952774022976,"42003"
"54069",313.32499692789,"42003"
"42019",6405.75549274798,"42003"
"42107",69.6277770950867,"42003"
"51087",34.8138885475433,"42003"
"39141",34.8138885475433,"42003"
"42035",34.8138885475433,"42003"
"42071",208.88333128526,"42003"
"42003",184826.934298908,"42003"
"42073",1079.23054497384,"42003"
"42063",765.905548045954,"42003"
"42111",208.88333128526,"42003"
"17029",34.8138885475433,"42003"
"39013",382.952774022976,"42003"
"37119",139.255554190173,"42003"
"54009",382.952774022976,"42003"
"42009",34.8138885475433,"42003"
"42047",69.6277770950867,"42003"
"39141",34.8138885475433,"42003"
"42033",69.6277770950867,"42003"
"39157",34.8138885475433,"42003"
"34015",69.6277770950867,"42003"
"42133",208.88333128526,"42003"
"42125",8390.14713995794,"42003"
"42051",1288.1138762591,"42003"
"42123",174.069442737717,"42003"
"42121",104.44166564263,"42003"
"24043",104.44166564263,"42003"
"34007",104.44166564263,"42003"
"39013",382.952774022976,"42003"
"42049",939.974990783668,"42003"
"39081",382.952774022976,"42003"
"10003",69.6277770950867,"42003"
"54069",313.32499692789,"42003"
"42001",34.8138885475433,"42003"
"51013",34.8138885475433,"42003"
"42009",34.8138885475433,"42003"
"42035",34.8138885475433,"42003"
"42097",69.6277770950867,"42003"
"47159",34.8138885475433,"42003"
"39157",34.8138885475433,"42003"
"42011",278.511108380347,"42003"
"39005",34.8138885475433,"42003"
"39029",174.069442737717,"42003"
"42121",104.44166564263,"42003"
"36047",34.8138885475433,"42003"
"37119",139.255554190173,"42003"
"42027",104.44166564263,"42003"
"42087",104.44166564263,"42003"
"39119",34.8138885475433,"42003"
"42005",905.161102236127,"42003"
"42099",34.8138885475433,"42003"
"42097",69.6277770950867,"42003"
"47159",34.8138885475433,"42003"
"17029",34.8138885475433,"42003"
"39099",174.069442737717,"42003"
"42125",8390.14713995794,"42003"
"42055",104.44166564263,"42003"
"42071",208.88333128526,"42003"
"24031",69.6277770950867,"42003"
"34007",104.44166564263,"42003"
"47025",34.8138885475433,"42003"
"42123",174.069442737717,"42003"
"39029",174.069442737717,"42003"
"42055",104.44166564263,"42003"
"42109",69.6277770950867,"42003"
"37033",34.8138885475433,"42003"
"42027",104.44166564263,"42003"
"42045",69.6277770950867,"42003"
"39005",34.8138885475433,"42003"
"42045",69.6277770950867,"42003"
"42031",243.697219832804,"42003"
"53033",139.255554190173,"42003"
"42065",69.6277770950867,"42003"
"11001",69.6277770950867,"42003"
"42111",208.88333128526,"42003"
"42107",69.6277770950867,"42003"
"34025",104.44166564263,"42003"
"42083",104.44166564263,"42003"
"34025",104.44166564263,"42003"
"42075",104.44166564263,"42003"
"39119",34.8138885475433,"42003"
"42101",348.138885475433,"42003"
"39035",34.8138885475433,"42003"
"54103",104.44166564263,"42003"
"51087",34.8138885475433,"42003"
"42033",69.6277770950867,"42003"
"42083",104.44166564263,"42003"
"24005",34.8138885475433,"42003"
"39035",34.8138885475433,"42003"
"24005",34.8138885475433,"42003"
"42017",174.069442737717,"42003"
"24021",69.6277770950867,"42003"
"54069",184.512451320502,"42003"
"42043",184.512451320502,"42003"
"42051",184.512451320502,"42003"
"42021",184.512451320502,"42003"
"42043",184.512451320502,"42003"
"42013",123.008300880335,"42003"
"42005",492.033203521339,"42003"
"42029",184.512451320502,"42003"
"54061",61.5041504401675,"42003"
"42039",184.512451320502,"42003"
"54069",184.512451320502,"42003"
"42083",184.512451320502,"42003"
"39081",184.512451320502,"42003"
"42085",369.024902641005,"42003"
"42059",246.016601760669,"42003"
"39013",123.008300880335,"42003"
"42059",246.016601760669,"42003"
"42087",61.5041504401675,"42003"
"39153",61.5041504401675,"42003"
"42079",369.024902641005,"42003"
"42043",184.512451320502,"42003"
"42085",369.024902641005,"42003"
"42125",1906.62866364519,"42003"
"54009",123.008300880335,"42003"
"42087",61.5041504401675,"42003"
"39013",123.008300880335,"42003"
"36081",123.008300880335,"42003"
"42007",1537.60376100418,"42003"
"39013",123.008300880335,"42003"
"42041",307.520752200837,"42003"
"42125",1906.62866364519,"42003"
"54069",184.512451320502,"42003"
"42039",184.512451320502,"42003"
"42087",61.5041504401675,"42003"
"42133",61.5041504401675,"42003"
"42071",184.512451320502,"42003"
"42077",123.008300880335,"42003"
"42027",123.008300880335,"42003"
"39049",61.5041504401675,"42003"
"42049",369.024902641005,"42003"
"39049",61.5041504401675,"42003"
"42049",369.024902641005,"42003"
"42013",123.008300880335,"42003"
"42083",184.512451320502,"42003"
"42097",61.5041504401675,"42003"
"42125",1906.62866364519,"42003"
"42059",246.016601760669,"42003"
"42017",246.016601760669,"42003"
"42017",246.016601760669,"42003"
"54051",123.008300880335,"42003"
"42133",61.5041504401675,"42003"
"42027",123.008300880335,"42003"
"42111",184.512451320502,"42003"
"54051",123.008300880335,"42003"
"36081",123.008300880335,"42003"
"42097",61.5041504401675,"42003"
"42011",184.512451320502,"42003"
"42073",738.049805282008,"42003"
"42019",2337.15771672636,"42003"
"42097",61.5041504401675,"42003"
"39093",61.5041504401675,"42003"
"39093",61.5041504401675,"42003"
"42003",59105.4885730007,"42003"
"42001",61.5041504401675,"42003"
"54009",123.008300880335,"42003"
"42133",61.5041504401675,"42003"
"42123",123.008300880335,"42003"
"42013",123.008300880335,"42003"
"42011",184.512451320502,"42003"
"42019",2337.15771672636,"42003"
"42039",184.512451320502,"42003"
"42011",184.512451320502,"42003"
"42111",184.512451320502,"42003"
"42001",61.5041504401675,"42003"
"42063",123.008300880335,"42003"
"42083",184.512451320502,"42003"
"54051",123.008300880335,"42003"
"42101",799.553955722176,"42003"
"36119",61.5041504401675,"42003"
"42085",369.024902641005,"42003"
"39035",123.008300880335,"42003"
"42077",123.008300880335,"42003"
"42021",184.512451320502,"42003"
"42073",738.049805282008,"42003"
"54061",61.5041504401675,"42003"
"39049",61.5041504401675,"42003"
"42071",184.512451320502,"42003"
"42027",123.008300880335,"42003"
"39093",61.5041504401675,"42003"
"42129",3321.22412376904,"42003"
"54061",61.5041504401675,"42003"
"39081",184.512451320502,"42003"
"42005",492.033203521339,"42003"
"39081",184.512451320502,"42003"
"42003",59105.4885730007,"42003"
"42007",1537.60376100418,"42003"
"42077",123.008300880335,"42003"
"16001",61.5041504401675,"42003"
"39153",61.5041504401675,"42003"
"39153",61.5041504401675,"42003"
"42129",3321.22412376904,"42003"
"42037",61.5041504401675,"42003"
"42063",123.008300880335,"42003"
"42001",61.5041504401675,"42003"
"42101",799.553955722176,"42003"
"42063",123.008300880335,"42003"
"42101",799.553955722176,"42003"
"54029",184.512451320502,"42003"
"36081",123.008300880335,"42003"
"42003",59105.4885730007,"42003"
"42049",369.024902641005,"42003"
"42007",1537.60376100418,"42003"
"42073",738.049805282008,"42003"
"42069",246.016601760669,"42003"
"54009",123.008300880335,"42003"
"42037",61.5041504401675,"42003"
"42069",246.016601760669,"42003"
"51107",61.5041504401675,"42003"
"42037",61.5041504401675,"42003"
"42079",369.024902641005,"42003"
"39035",123.008300880335,"42003"
"42021",184.512451320502,"42003"
"42041",307.520752200837,"42003"
"16001",61.5041504401675,"42003"
"42111",184.512451320502,"42003"
"42129",3321.22412376904,"42003"
"42017",246.016601760669,"42003"
"16001",61.5041504401675,"42003"
"42069",246.016601760669,"42003"
"36119",61.5041504401675,"42003"
"42029",184.512451320502,"42003"
"42051",184.512451320502,"42003"
"54029",184.512451320502,"42003"
"42071",184.512451320502,"42003"
"36119",61.5041504401675,"42003"
"54029",184.512451320502,"42003"
"51107",61.5041504401675,"42003"
"39035",123.008300880335,"42003"
"42041",307.520752200837,"42003"
"42029",184.512451320502,"42003"
"42005",492.033203521339,"42003"
"42123",123.008300880335,"42003"
"42123",123.008300880335,"42003"
"42079",369.024902641005,"42003"
"51107",61.5041504401675,"42003"
"42051",184.512451320502,"42003"
"42019",2337.15771672636,"42003"
"42041",181173.082985996,"42003"
"54033",20130.3425539995,"42003"
"39133",40260.6851079992,"42003"
"42105",20130.3425539995,"42003"
"42085",261694.453201994,"42003"
"42019",986386.785145977,"42003"
"42031",120782.055323997,"42003"
"11001",40260.6851079992,"42003"
"39013",20130.3425539995,"42003"
"42059",60391.0276619985,"42003"
"42033",261694.453201994,"42003"
"24043",40260.6851079992,"42003"
"42129",3522809.94694991,"42003"
"54033",20130.3425539995,"42003"
"42061",40260.6851079992,"42003"
"13135",40260.6851079992,"42003"
"42091",181173.082985996,"42003"
"42013",161042.740431996,"42003"
"42001",40260.6851079992,"42003"
"42021",241564.110647994,"42003"
"42011",161042.740431996,"42003"
"42003",35046926.3865131,"42003"
"42105",20130.3425539995,"42003"
"42041",181173.082985996,"42003"
"39099",120782.055323997,"42003"
"42031",120782.055323997,"42003"
"39049",20130.3425539995,"42003"
"39013",20130.3425539995,"42003"
"42055",80521.3702159981,"42003"
"54029",60391.0276619985,"42003"
"54069",60391.0276619985,"42003"
"42013",161042.740431996,"42003"
"42083",40260.6851079992,"42003"
"54091",20130.3425539995,"42003"
"42123",40260.6851079992,"42003"
"42091",181173.082985996,"42003"
"42105",20130.3425539995,"42003"
"11001",40260.6851079992,"42003"
"42063",140912.397877997,"42003"
"42021",241564.110647994,"42003"
"39035",60391.0276619985,"42003"
"25017",20130.3425539995,"42003"
"13313",20130.3425539995,"42003"
"36063",20130.3425539995,"42003"
"42129",3522809.94694991,"42003"
"39151",20130.3425539995,"42003"
"42121",241564.110647994,"42003"
"42013",161042.740431996,"42003"
"42125",1630557.74687396,"42003"
"24510",20130.3425539995,"42003"
"42011",161042.740431996,"42003"
"24021",40260.6851079992,"42003"
"42053",40260.6851079992,"42003"
"42109",40260.6851079992,"42003"
"42053",40260.6851079992,"42003"
"42033",261694.453201994,"42003"
"42003",35046926.3865131,"42003"
"42027",80521.3702159981,"42003"
"42043",100651.712769998,"42003"
"42033",261694.453201994,"42003"
"42011",161042.740431996,"42003"
"51107",20130.3425539995,"42003"
"42019",986386.785145977,"42003"
"39157",20130.3425539995,"42003"
"24001",20130.3425539995,"42003"
"39127",20130.3425539995,"42003"
"42063",140912.397877997,"42003"
"54051",40260.6851079992,"42003"
"36063",20130.3425539995,"42003"
"42033",261694.453201994,"42003"
"51059",40260.6851079992,"42003"
"42053",40260.6851079992,"42003"
"42053",40260.6851079992,"42003"
"24510",20130.3425539995,"42003"
"34031",40260.6851079992,"42003"
"54061",60391.0276619985,"42003"
"42133",261694.453201994,"42003"
"39133",40260.6851079992,"42003"
"36015",20130.3425539995,"42003"
"42133",261694.453201994,"42003"
"36015",20130.3425539995,"42003"
"54091",20130.3425539995,"42003"
"54089",20130.3425539995,"42003"
"13135",40260.6851079992,"42003"
"42005",281824.795755993,"42003"
"42123",40260.6851079992,"42003"
"42067",20130.3425539995,"42003"
"42083",40260.6851079992,"42003"
"54051",40260.6851079992,"42003"
"42101",362346.165971993,"42003"
"42003",35046926.3865131,"42003"
"24021",40260.6851079992,"42003"
"11001",40260.6851079992,"42003"
"39099",120782.055323997,"42003"
"42039",100651.712769998,"42003"
"42083",40260.6851079992,"42003"
"36063",20130.3425539995,"42003"
"51107",20130.3425539995,"42003"
"42027",80521.3702159981,"42003"
"42099",20130.3425539995,"42003"
"54091",20130.3425539995,"42003"
"34025",60391.0276619985,"42003"
"39049",20130.3425539995,"42003"
"39127",20130.3425539995,"42003"
"54029",60391.0276619985,"42003"
"34025",60391.0276619985,"42003"
"42027",80521.3702159981,"42003"
"24001",20130.3425539995,"42003"
"54089",20130.3425539995,"42003"
"24510",20130.3425539995,"42003"
"42125",1630557.74687396,"42003"
"39045",20130.3425539995,"42003"
"42053",40260.6851079992,"42003"
"42101",362346.165971993,"42003"
"42011",161042.740431996,"42003"
"42041",181173.082985996,"42003"
"24005",60391.0276619985,"42003"
"39099",120782.055323997,"42003"
"42001",40260.6851079992,"42003"
"42039",100651.712769998,"42003"
"42027",80521.3702159981,"42003"
"51059",40260.6851079992,"42003"
"42031",120782.055323997,"42003"
"51107",20130.3425539995,"42003"
"51059",40260.6851079992,"42003"
"42013",161042.740431996,"42003"
"39151",20130.3425539995,"42003"
"39049",20130.3425539995,"42003"
"54089",20130.3425539995,"42003"
"42125",1630557.74687396,"42003"
"42121",241564.110647994,"42003"
"42021",241564.110647994,"42003"
"54077",40260.6851079992,"42003"
"54033",20130.3425539995,"42003"
"42133",261694.453201994,"42003"
"39155",120782.055323997,"42003"
"54077",40260.6851079992,"42003"
"42073",382476.508525992,"42003"
"42085",261694.453201994,"42003"
"39045",20130.3425539995,"42003"
"54091",20130.3425539995,"42003"
"39151",20130.3425539995,"42003"
"34031",40260.6851079992,"42003"
"42035",40260.6851079992,"42003"
"42035",40260.6851079992,"42003"
"39013",20130.3425539995,"42003"
"42039",100651.712769998,"42003"
"54051",40260.6851079992,"42003"
"42013",161042.740431996,"42003"
"42123",40260.6851079992,"42003"
"24510",20130.3425539995,"42003"
"42027",80521.3702159981,"42003"
"39013",20130.3425539995,"42003"
"42043",100651.712769998,"42003"
"42109",40260.6851079992,"42003"
"42055",80521.3702159981,"42003"
"34025",60391.0276619985,"42003"
"24025",20130.3425539995,"42003"
"24005",60391.0276619985,"42003"
"24021",40260.6851079992,"42003"
"42121",241564.110647994,"42003"
"42073",382476.508525992,"42003"
"39099",120782.055323997,"42003"
"42039",100651.712769998,"42003"
"42109",40260.6851079992,"42003"
"36015",20130.3425539995,"42003"
"42007",624040.619173984,"42003"
"42111",161042.740431996,"42003"
"36015",20130.3425539995,"42003"
"42059",60391.0276619985,"42003"
"39155",120782.055323997,"42003"
"54089",20130.3425539995,"42003"
"54051",40260.6851079992,"42003"
"39045",20130.3425539995,"42003"
"13313",20130.3425539995,"42003"
"39133",40260.6851079992,"42003"
"25017",20130.3425539995,"42003"
"42043",100651.712769998,"42003"
"54033",20130.3425539995,"42003"
"42099",20130.3425539995,"42003"
"42075",40260.6851079992,"42003"
"42123",40260.6851079992,"42003"
"42055",80521.3702159981,"42003"
"42055",80521.3702159981,"42003"
"39155",120782.055323997,"42003"
"42091",181173.082985996,"42003"
"13135",40260.6851079992,"42003"
"42109",40260.6851079992,"42003"
"42107",40260.6851079992,"42003"
"42049",583779.934065985,"42003"
"24510",20130.3425539995,"42003"
"42111",161042.740431996,"42003"
"54069",60391.0276619985,"42003"
"42045",100651.712769998,"42003"
"42075",40260.6851079992,"42003"
"39035",60391.0276619985,"42003"
"42045",100651.712769998,"42003"
"42091",181173.082985996,"42003"
"42041",181173.082985996,"42003"
"42101",362346.165971993,"42003"
"42035",40260.6851079992,"42003"
"42065",120782.055323997,"42003"
"42045",100651.712769998,"42003"
"39133",40260.6851079992,"42003"
"39157",20130.3425539995,"42003"
"42021",241564.110647994,"42003"
"39049",20130.3425539995,"42003"
"25017",20130.3425539995,"42003"
"42061",40260.6851079992,"42003"
"42039",100651.712769998,"42003"
"42021",241564.110647994,"42003"
"42101",362346.165971993,"42003"
"42075",40260.6851079992,"42003"
"54061",60391.0276619985,"42003"
"42035",40260.6851079992,"42003"
"13313",20130.3425539995,"42003"
"24025",20130.3425539995,"42003"
"42007",624040.619173984,"42003"
"39035",60391.0276619985,"42003"
"39049",20130.3425539995,"42003"
"42071",201303.425539995,"42003"
"42035",40260.6851079992,"42003"
"54055",20130.3425539995,"42003"
"42059",60391.0276619985,"42003"
"36015",20130.3425539995,"42003"
"42111",161042.740431996,"42003"
"36029",20130.3425539995,"42003"
"54077",40260.6851079992,"42003"
"42111",161042.740431996,"42003"
"42051",342215.823417993,"42003"
"42125",1630557.74687396,"42003"
"42067",20130.3425539995,"42003"
"36103",20130.3425539995,"42003"
"54069",60391.0276619985,"42003"
"36029",20130.3425539995,"42003"
"42091",181173.082985996,"42003"
"39045",20130.3425539995,"42003"
"42063",140912.397877997,"42003"
"24043",40260.6851079992,"42003"
"24021",40260.6851079992,"42003"
"42075",40260.6851079992,"42003"
"42065",120782.055323997,"42003"
"39081",40260.6851079992,"42003"
"42125",1630557.74687396,"42003"
"54055",20130.3425539995,"42003"
"54089",20130.3425539995,"42003"
"34025",60391.0276619985,"42003"
"39081",40260.6851079992,"42003"
"24025",20130.3425539995,"42003"
"24005",60391.0276619985,"42003"
"42105",20130.3425539995,"42003"
"42005",281824.795755993,"42003"
"54051",40260.6851079992,"42003"
"42059",60391.0276619985,"42003"
"13313",20130.3425539995,"42003"
"39081",40260.6851079992,"42003"
"39127",20130.3425539995,"42003"
"42007",624040.619173984,"42003"
"36103",20130.3425539995,"42003"
"42051",342215.823417993,"42003"
"42071",201303.425539995,"42003"
"24005",60391.0276619985,"42003"
"42061",40260.6851079992,"42003"
"24001",20130.3425539995,"42003"
"42001",40260.6851079992,"42003"
"42071",201303.425539995,"42003"
"24510",20130.3425539995,"42003"
"42041",181173.082985996,"42003"
"42123",40260.6851079992,"42003"
"11001",40260.6851079992,"42003"
"36103",20130.3425539995,"42003"
"42107",40260.6851079992,"42003"
"42035",40260.6851079992,"42003"
"42061",40260.6851079992,"42003"
"42061",40260.6851079992,"42003"
"39013",20130.3425539995,"42003"
"36063",20130.3425539995,"42003"
"42065",120782.055323997,"42003"
"42071",201303.425539995,"42003"
"42043",100651.712769998,"42003"
"42005",281824.795755993,"42003"
"24025",20130.3425539995,"42003"
"36015",20130.3425539995,"42003"
"36103",20130.3425539995,"42003"
"42121",241564.110647994,"42003"
"39151",20130.3425539995,"42003"
"34025",60391.0276619985,"42003"
"42105",20130.3425539995,"42003"
"39157",20130.3425539995,"42003"
"39013",20130.3425539995,"42003"
"42067",20130.3425539995,"42003"
"34031",40260.6851079992,"42003"
"39049",20130.3425539995,"42003"
"42011",161042.740431996,"42003"
"54077",40260.6851079992,"42003"
"36029",20130.3425539995,"42003"
"54069",60391.0276619985,"42003"
"39081",40260.6851079992,"42003"
"42107",40260.6851079992,"42003"
"42019",986386.785145977,"42003"
"42065",120782.055323997,"42003"
"42027",80521.3702159981,"42003"
"51107",20130.3425539995,"42003"
"11001",40260.6851079992,"42003"
"39151",20130.3425539995,"42003"
"42091",181173.082985996,"42003"
"34031",40260.6851079992,"42003"
"42109",40260.6851079992,"42003"
"42001",40260.6851079992,"42003"
"13313",20130.3425539995,"42003"
"36103",20130.3425539995,"42003"
"54055",20130.3425539995,"42003"
"42083",40260.6851079992,"42003"
"39155",120782.055323997,"42003"
"54091",20130.3425539995,"42003"
"42125",1630557.74687396,"42003"
"42011",161042.740431996,"42003"
"42045",100651.712769998,"42003"
"39035",60391.0276619985,"42003"
"42061",40260.6851079992,"42003"
"24043",40260.6851079992,"42003"
"39099",120782.055323997,"42003"
"39151",20130.3425539995,"42003"
"42051",342215.823417993,"42003"
"42043",100651.712769998,"42003"
"42067",20130.3425539995,"42003"
"42111",161042.740431996,"42003"
"54029",60391.0276619985,"42003"
"39157",20130.3425539995,"42003"
"24021",40260.6851079992,"42003"
"24021",40260.6851079992,"42003"
"34025",60391.0276619985,"42003"
"42049",583779.934065985,"42003"
"54077",40260.6851079992,"42003"
"42051",342215.823417993,"42003"
"42019",986386.785145977,"42003"
"11001",40260.6851079992,"42003"
"39081",40260.6851079992,"42003"
"42085",261694.453201994,"42003"
"42099",20130.3425539995,"42003"
"54061",60391.0276619985,"42003"
"54033",20130.3425539995,"42003"
"42073",382476.508525992,"42003"
"42005",281824.795755993,"42003"
"54055",20130.3425539995,"42003"
"54033",20130.3425539995,"42003"
"42007",624040.619173984,"42003"
"13135",40260.6851079992,"42003"
"42053",40260.6851079992,"42003"
"42129",3522809.94694991,"42003"
"42083",40260.6851079992,"42003"
"42043",100651.712769998,"42003"
"51059",40260.6851079992,"42003"
"54029",60391.0276619985,"42003"
"51059",40260.6851079992,"42003"
"42071",201303.425539995,"42003"
"42059",60391.0276619985,"42003"
"42063",140912.397877997,"42003"
"24001",20130.3425539995,"42003"
"24025",20130.3425539995,"42003"
"42049",583779.934065985,"42003"
"34031",40260.6851079992,"42003"
"42121",241564.110647994,"42003"
"42123",40260.6851079992,"42003"
"39045",20130.3425539995,"42003"
"42001",40260.6851079992,"42003"
"42067",20130.3425539995,"42003"
"54051",40260.6851079992,"42003"
"54091",20130.3425539995,"42003"
"42013",161042.740431996,"42003"
"42045",100651.712769998,"42003"
"24005",60391.0276619985,"42003"
"42045",100651.712769998,"42003"
"42067",20130.3425539995,"42003"
"42007",624040.619173984,"42003"
"42001",40260.6851079992,"42003"
"42063",140912.397877997,"42003"
"42049",583779.934065985,"42003"
"42083",40260.6851079992,"42003"
"42099",20130.3425539995,"42003"
"24001",20130.3425539995,"42003"
"42071",201303.425539995,"42003"
"42073",382476.508525992,"42003"
"24043",40260.6851079992,"42003"
"42051",342215.823417993,"42003"
"42111",161042.740431996,"42003"
"13313",20130.3425539995,"42003"
"39155",120782.055323997,"42003"
"42129",3522809.94694991,"42003"
"42107",40260.6851079992,"42003"
"42003",35046926.3865131,"42003"
"39133",40260.6851079992,"42003"
"42101",362346.165971993,"42003"
"36029",20130.3425539995,"42003"
"54061",60391.0276619985,"42003"
"54089",20130.3425539995,"42003"
"42051",342215.823417993,"42003"
"54055",20130.3425539995,"42003"
"42003",35046926.3865131,"42003"
"54061",60391.0276619985,"42003"
"42065",120782.055323997,"42003"
"54069",60391.0276619985,"42003"
"42063",140912.397877997,"42003"
"54069",60391.0276619985,"42003"
"42085",261694.453201994,"42003"
"42101",362346.165971993,"42003"
"42019",986386.785145977,"42003"
"42019",986386.785145977,"42003"
"42049",583779.934065985,"42003"
"39133",40260.6851079992,"42003"
"34031",40260.6851079992,"42003"
"39099",120782.055323997,"42003"
"39035",60391.0276619985,"42003"
"39155",120782.055323997,"42003"
"42041",181173.082985996,"42003"
"39081",40260.6851079992,"42003"
"54061",60391.0276619985,"42003"
"13135",40260.6851079992,"42003"
"39157",20130.3425539995,"42003"
"39045",20130.3425539995,"42003"
"42021",241564.110647994,"42003"
"39035",60391.0276619985,"42003"
"39157",20130.3425539995,"42003"
"42007",624040.619173984,"42003"
"42129",3522809.94694991,"42003"
"36063",20130.3425539995,"42003"
"42129",3522809.94694991,"42003"
"39127",20130.3425539995,"42003"
"42031",120782.055323997,"42003"
"42065",120782.055323997,"42003"
"42031",120782.055323997,"42003"
"42031",120782.055323997,"42003"
"42059",60391.0276619985,"42003"
"24001",20130.3425539995,"42003"
"42033",261694.453201994,"42003"
"42003",35046926.3865131,"42003"
"36029",20130.3425539995,"42003"
"42099",20130.3425539995,"42003"
"42099",20130.3425539995,"42003"
"39127",20130.3425539995,"42003"
"39127",20130.3425539995,"42003"
"42133",261694.453201994,"42003"
"24025",20130.3425539995,"42003"
"42005",281824.795755993,"42003"
"42075",40260.6851079992,"42003"
"54029",60391.0276619985,"42003"
"42005",281824.795755993,"42003"
"42033",261694.453201994,"42003"
"51107",20130.3425539995,"42003"
"42133",261694.453201994,"42003"
"24043",40260.6851079992,"42003"
"51107",20130.3425539995,"42003"
"42107",40260.6851079992,"42003"
"25017",20130.3425539995,"42003"
"42133",261694.453201994,"42003"
"42121",241564.110647994,"42003"
"24043",40260.6851079992,"42003"
"51059",40260.6851079992,"42003"
"25017",20130.3425539995,"42003"
"54055",20130.3425539995,"42003"
"36029",20130.3425539995,"42003"
"42085",261694.453201994,"42003"
"36063",20130.3425539995,"42003"
"54029",60391.0276619985,"42003"
"42109",40260.6851079992,"42003"
"13135",40260.6851079992,"42003"
"24005",60391.0276619985,"42003"
"42073",382476.508525992,"42003"
"42055",80521.3702159981,"42003"
"42049",583779.934065985,"42003"
"42039",100651.712769998,"42003"
"42105",20130.3425539995,"42003"
"42107",40260.6851079992,"42003"
"25017",20130.3425539995,"42003"
"42073",382476.508525992,"42003"
"54077",40260.6851079992,"42003"
"42055",80521.3702159981,"42003"
"36103",20130.3425539995,"42003"
"42085",261694.453201994,"42003"
"42075",40260.6851079992,"42003"
"42019",24931.3073200077,"42003"
"21117",141.655155227317,"42003"
"42013",4249.6546568195,"42003"
"42091",1558.20670750048,"42003"
"42063",4816.27527772877,"42003"
"42085",2408.13763886438,"42003"
"42039",283.310310454633,"42003"
"36059",141.655155227317,"42003"
"42053",141.655155227317,"42003"
"42133",141.655155227317,"42003"
"42051",4249.6546568195,"42003"
"42071",283.310310454633,"42003"
"42061",566.620620909266,"42003"
"39155",566.620620909266,"42003"
"42043",141.655155227317,"42003"
"39157",141.655155227317,"42003"
"42049",1558.20670750048,"42003"
"24033",141.655155227317,"42003"
"42031",141.655155227317,"42003"
"42035",141.655155227317,"42003"
"39081",708.275776136583,"42003"
"42097",141.655155227317,"42003"
"42005",5099.58558818339,"42003"
"34021",283.310310454633,"42003"
"36063",141.655155227317,"42003"
"42125",29039.3068215999,"42003"
"42059",2691.44794931901,"42003"
"39119",141.655155227317,"42003"
"42007",15298.7567645501,"42003"
"24021",141.655155227317,"42003"
"39099",283.310310454633,"42003"
"39055",141.655155227317,"42003"
"42111",141.655155227317,"42003"
"09160",283.310310454633,"42003"
"37071",141.655155227317,"42003"
"47157",283.310310454633,"42003"
"34023",283.310310454633,"42003"
"54103",141.655155227317,"42003"
"09140",141.655155227317,"42003"
"54029",1841.51701795512,"42003"
"39029",991.586086591216,"42003"
"39151",141.655155227317,"42003"
"27159",141.655155227317,"42003"
"42021",849.9309313639,"42003"
"54051",566.620620909266,"42003"
"50003",141.655155227317,"42003"
"42003",1121625.51908989,"42003"
"54069",991.586086591216,"42003"
"42099",141.655155227317,"42003"
"21191",141.655155227317,"42003"
"42121",1133.24124181853,"42003"
"39013",1416.55155227317,"42003"
"54009",1133.24124181853,"42003"
"50023",141.655155227317,"42003"
"21015",141.655155227317,"42003"
"54061",141.655155227317,"42003"
"42101",283.310310454633,"42003"
"42129",58645.2342641091,"42003"
"42073",6374.48198522925,"42003"
"42081",141.655155227317,"42003"
"36029",141.655155227317,"42003"
"09190",141.655155227317,"42003"
"42005",359.828426659237,"42003"
"42119",359.828426659237,"42003"
"54069",359.828426659237,"42003"
"42033",359.828426659237,"42003"
"42085",359.828426659237,"42003"
"42013",719.656853318475,"42003"
"42125",1079.48527997771,"42003"
"42109",359.828426659237,"42003"
"42003",29865.7594127167,"42003"
"42021",1439.31370663695,"42003"
"42129",719.656853318475,"42003"
"42035",359.828426659237,"42003"
"42027",719.656853318475,"42003"
"31109",359.828426659237,"42003"
"42051",359.828426659237,"42003"
"39133",359.828426659237,"42003"
"42007",359.828426659237,"42003"
"54003",359.828426659237,"42003"
"42087",719.656853318475,"42003"
"42073",719.656853318475,"42003"
"42061",359.828426659237,"42003"
"42119",1036.65415032444,"42003"
"24043",148.093450046348,"42003"
"42091",2073.30830064887,"42003"
"24021",444.280350139045,"42003"
"10005",148.093450046348,"42003"
"42059",1777.12140055618,"42003"
"42013",1629.02795050983,"42003"
"42049",6219.92490194663,"42003"
"42099",296.186900092697,"42003"
"18105",148.093450046348,"42003"
"39103",148.093450046348,"42003"
"42073",3258.05590101966,"42003"
"54069",2221.40175069522,"42003"
"42129",54646.4830671025,"42003"
"42075",888.560700278092,"42003"
"39013",148.093450046348,"42003"
"42011",1036.65415032444,"42003"
"42069",1332.84105041713,"42003"
"42039",1629.02795050983,"42003"
"39155",740.467250231741,"42003"
"54009",740.467250231741,"42003"
"39099",592.373800185393,"42003"
"42043",1480.93450046348,"42003"
"42031",1184.74760037079,"42003"
"54027",148.093450046348,"42003"
"42017",1629.02795050983,"42003"
"42131",148.093450046348,"42003"
"42117",296.186900092697,"42003"
"39029",1184.74760037079,"42003"
"24003",148.093450046348,"42003"
"34003",148.093450046348,"42003"
"42125",15845.9991549593,"42003"
"42067",296.186900092697,"42003"
"42035",444.280350139045,"42003"
"51157",148.093450046348,"42003"
"42019",17623.1205555154,"42003"
"42021",1925.21485060253,"42003"
"13063",148.093450046348,"42003"
"42133",3554.24280111236,"42003"
"42009",888.560700278092,"42003"
"54051",444.280350139045,"42003"
"42081",296.186900092697,"42003"
"36009",148.093450046348,"42003"
"54029",1777.12140055618,"42003"
"06067",148.093450046348,"42003"
"42079",888.560700278092,"42003"
"42057",296.186900092697,"42003"
"42027",1332.84105041713,"42003"
"42033",740.467250231741,"42003"
"54039",296.186900092697,"42003"
"42051",4738.99040148314,"42003"
"24025",148.093450046348,"42003"
"42061",888.560700278092,"42003"
"36101",296.186900092697,"42003"
"39035",740.467250231741,"42003"
"51510",148.093450046348,"42003"
"39057",148.093450046348,"42003"
"54037",148.093450046348,"42003"
"54103",296.186900092697,"42003"
"34015",148.093450046348,"42003"
"13223",148.093450046348,"42003"
"42041",1184.74760037079,"42003"
"42115",148.093450046348,"42003"
"34011",148.093450046348,"42003"
"42087",296.186900092697,"42003"
"17163",148.093450046348,"42003"
"10001",148.093450046348,"42003"
"42065",592.373800185393,"42003"
"42083",148.093450046348,"42003"
"39081",296.186900092697,"42003"
"42053",148.093450046348,"42003"
"42005",6664.20525208567,"42003"
"42045",148.093450046348,"42003"
"13247",296.186900092697,"42003"
"36029",148.093450046348,"42003"
"42121",592.373800185393,"42003"
"42055",2073.30830064887,"42003"
"39045",148.093450046348,"42003"
"42089",1480.93450046348,"42003"
"54049",148.093450046348,"42003"
"42085",3109.96245097332,"42003"
"24005",296.186900092697,"42003"
"42003",488264.10480281,"42003"
"48201",148.093450046348,"42003"
"17031",296.186900092697,"42003"
"42101",5035.17730157584,"42003"
"42127",148.093450046348,"42003"
"39157",148.093450046348,"42003"
"19149",148.093450046348,"42003"
"42111",1480.93450046348,"42003"
"10003",148.093450046348,"42003"
"42107",148.093450046348,"42003"
"42001",1184.74760037079,"42003"
"42105",148.093450046348,"42003"
"51177",148.093450046348,"42003"
"42103",444.280350139045,"42003"
"42071",1036.65415032444,"42003"
"42109",444.280350139045,"42003"
"42123",1925.21485060253,"42003"
"42037",296.186900092697,"42003"
"54003",148.093450046348,"42003"
"42063",10218.4480531981,"42003"
"26127",148.093450046348,"42003"
"42015",444.280350139045,"42003"
"18063",148.093450046348,"42003"
"42007",10810.8218533834,"42003"
"42047",444.280350139045,"42003"
"42085",4864.38063671928,"42003"
"42125",137824.11804038,"42003"
"42041",3242.92042447952,"42003"
"54077",3242.92042447952,"42003"
"42121",3242.92042447952,"42003"
"34027",3242.92042447952,"42003"
"39099",3242.92042447952,"42003"
"39167",1621.46021223976,"42003"
"39037",1621.46021223976,"42003"
"24027",3242.92042447952,"42003"
"37085",1621.46021223976,"42003"
"42091",37293.5848815144,"42003"
"42011",1621.46021223976,"42003"
"42133",1621.46021223976,"42003"
"42093",1621.46021223976,"42003"
"42071",4864.38063671928,"42003"
"42019",201061.06631773,"42003"
"21197",1621.46021223976,"42003"
"24510",3242.92042447952,"42003"
"36001",1621.46021223976,"42003"
"42003",7805709.46172219,"42003"
"42061",3242.92042447952,"42003"
"54103",1621.46021223976,"42003"
"39013",1621.46021223976,"42003"
"42097",1621.46021223976,"42003"
"42039",1621.46021223976,"42003"
"42013",6485.84084895904,"42003"
"42073",21078.9827591168,"42003"
"42101",9728.76127343855,"42003"
"34015",1621.46021223976,"42003"
"24005",1621.46021223976,"42003"
"45045",1621.46021223976,"42003"
"45073",1621.46021223976,"42003"
"54069",6485.84084895904,"42003"
"42065",1621.46021223976,"42003"
"39155",4864.38063671928,"42003"
"06075",1621.46021223976,"42003"
"42059",9728.76127343855,"42003"
"39035",4864.38063671928,"42003"
"21017",1621.46021223976,"42003"
"42111",4864.38063671928,"42003"
"39153",1621.46021223976,"42003"
"39093",1621.46021223976,"42003"
"54021",1621.46021223976,"42003"
"24003",3242.92042447952,"42003"
"42001",1621.46021223976,"42003"
"39101",1621.46021223976,"42003"
"39029",1621.46021223976,"42003"
"54009",4864.38063671928,"42003"
"25017",4864.38063671928,"42003"
"42129",413472.354121138,"42003"
"42049",3242.92042447952,"42003"
"06037",3242.92042447952,"42003"
"42007",85937.3912487072,"42003"
"36085",1621.46021223976,"42003"
"42083",1621.46021223976,"42003"
"26125",1621.46021223976,"42003"
"54061",3242.92042447952,"42003"
"39081",1621.46021223976,"42003"
"17183",1621.46021223976,"42003"
"51059",3242.92042447952,"42003"
"42005",40536.5053059939,"42003"
"42063",17836.0623346373,"42003"
"42051",16214.6021223976,"42003"
"42027",3242.92042447952,"42003"
"34035",1621.46021223976,"42003"
"21151",1621.46021223976,"42003"
"25027",11350.2214856783,"42003"
"42031",1621.46021223976,"42003"
"42021",3242.92042447952,"42003"
"39149",1621.46021223976,"42003"
"24031",3242.92042447952,"42003"
"54019",1621.46021223976,"42003"
"42009",1621.46021223976,"42003"
"54051",4864.38063671928,"42003"
"54029",8107.3010611988,"42003"
"42107",4864.38063671928,"42003"
"42033",1621.46021223976,"42003"
"42061",406.871846623155,"42003"
"42063",1220.61553986947,"42003"
"42059",203.435923311578,"42003"
"42041",610.307769934735,"42003"
"36103",203.435923311578,"42003"
"42077",406.871846623155,"42003"
"42009",813.743693246313,"42003"
"39151",203.435923311578,"42003"
"42071",203.435923311578,"42003"
"42039",1424.05146318105,"42003"
"42101",406.871846623155,"42003"
"26105",203.435923311578,"42003"
"42007",4882.46215947788,"42003"
"42051",1424.05146318105,"42003"
"42013",1220.61553986947,"42003"
"42125",4679.0262361663,"42003"
"42073",610.307769934735,"42003"
"45079",203.435923311578,"42003"
"54103",203.435923311578,"42003"
"42133",406.871846623155,"42003"
"54069",1017.17961655789,"42003"
"39155",406.871846623155,"42003"
"42043",610.307769934735,"42003"
"42129",11595.84762876,"42003"
"54043",203.435923311578,"42003"
"42049",6713.38546928208,"42003"
"42033",406.871846623155,"42003"
"42031",203.435923311578,"42003"
"42025",203.435923311578,"42003"
"42027",203.435923311578,"42003"
"50007",203.435923311578,"42003"
"42083",203.435923311578,"42003"
"42005",1627.48738649263,"42003"
"54079",203.435923311578,"42003"
"42099",406.871846623155,"42003"
"42035",203.435923311578,"42003"
"36085",203.435923311578,"42003"
"39013",203.435923311578,"42003"
"36101",203.435923311578,"42003"
"42019",1830.9233098042,"42003"
"39099",406.871846623155,"42003"
"42003",175768.637741204,"42003"
"42087",203.435923311578,"42003"
"39081",813.743693246313,"42003"
"42085",1424.05146318105,"42003"
"39049",813.743693246313,"42003"
"54051",406.871846623155,"42003"
"42121",1424.05146318105,"42003"
"42021",1424.05146318105,"42003"
"42111",813.743693246313,"42003"
"42119",203.435923311578,"42003"
"42065",203.435923311578,"42003"
"42123",406.871846623155,"42003"
"54009",203.435923311578,"42003"
"36009",203.435923311578,"42003"
"42097",28.1211305076436,"42003"
"42061",253.090174568792,"42003"
"36081",28.1211305076436,"42003"
"42019",5343.01479645228,"42003"
"51013",28.1211305076436,"42003"
"42099",56.2422610152871,"42003"
"51013",28.1211305076436,"42003"
"42005",534.301479645228,"42003"
"42013",984.239567767526,"42003"
"42013",984.239567767526,"42003"
"54069",168.726783045861,"42003"
"42103",28.1211305076436,"42003"
"39133",28.1211305076436,"42003"
"12009",84.3633915229309,"42003"
"54039",28.1211305076436,"42003"
"42085",618.664871168158,"42003"
"54039",28.1211305076436,"42003"
"42099",56.2422610152871,"42003"
"42119",84.3633915229309,"42003"
"42043",196.847913553505,"42003"
"36047",28.1211305076436,"42003"
"42011",421.816957614654,"42003"
"42047",84.3633915229309,"42003"
"39155",253.090174568792,"42003"
"26163",28.1211305076436,"42003"
"10001",28.1211305076436,"42003"
"42057",56.2422610152871,"42003"
"42005",534.301479645228,"42003"
"42127",56.2422610152871,"42003"
"34029",28.1211305076436,"42003"
"36029",84.3633915229309,"42003"
"42027",168.726783045861,"42003"
"42021",956.118437259882,"42003"
"42043",196.847913553505,"42003"
"39029",84.3633915229309,"42003"
"42119",84.3633915229309,"42003"
"42025",56.2422610152871,"42003"
"08005",28.1211305076436,"42003"
"42057",56.2422610152871,"42003"
"42025",56.2422610152871,"42003"
"51059",56.2422610152871,"42003"
"42061",253.090174568792,"42003"
"42133",618.664871168158,"42003"
"39089",56.2422610152871,"42003"
"42111",309.332435584079,"42003"
"42009",281.211305076436,"42003"
"42055",28.1211305076436,"42003"
"39063",28.1211305076436,"42003"
"54009",253.090174568792,"42003"
"10003",56.2422610152871,"42003"
"42019",5343.01479645228,"42003"
"42031",224.969044061149,"42003"
"39133",28.1211305076436,"42003"
"42027",168.726783045861,"42003"
"42103",28.1211305076436,"42003"
"34029",28.1211305076436,"42003"
"34007",281.211305076436,"42003"
"42089",84.3633915229309,"42003"
"39029",84.3633915229309,"42003"
"42133",618.664871168158,"42003"
"42009",281.211305076436,"42003"
"42091",1012.36069827517,"42003"
"42097",28.1211305076436,"42003"
"37159",28.1211305076436,"42003"
"42047",84.3633915229309,"42003"
"42085",618.664871168158,"42003"
"36047",28.1211305076436,"42003"
"42031",224.969044061149,"42003"
"33005",28.1211305076436,"42003"
"42015",28.1211305076436,"42003"
"42123",140.605652538218,"42003"
"51177",28.1211305076436,"42003"
"24033",112.484522030574,"42003"
"34003",56.2422610152871,"42003"
"54009",253.090174568792,"42003"
"36061",56.2422610152871,"42003"
"51079",28.1211305076436,"42003"
"08005",28.1211305076436,"42003"
"54069",168.726783045861,"42003"
"37059",28.1211305076436,"42003"
"42015",28.1211305076436,"42003"
"54107",28.1211305076436,"42003"
"37109",28.1211305076436,"42003"
"42051",1743.5100914739,"42003"
"42021",956.118437259882,"42003"
"42101",281.211305076436,"42003"
"42001",140.605652538218,"42003"
"11001",84.3633915229309,"42003"
"26163",28.1211305076436,"42003"
"42033",309.332435584079,"42003"
"39049",28.1211305076436,"42003"
"42041",224.969044061149,"42003"
"42017",731.149393198732,"42003"
"42109",56.2422610152871,"42003"
"54051",56.2422610152871,"42003"
"42101",281.211305076436,"42003"
"54107",28.1211305076436,"42003"
"42055",28.1211305076436,"42003"
"42067",28.1211305076436,"42003"
"34003",56.2422610152871,"42003"
"34015",28.1211305076436,"42003"
"42017",731.149393198732,"42003"
"42091",1012.36069827517,"42003"
"39035",140.605652538218,"42003"
"42121",309.332435584079,"42003"
"42095",253.090174568792,"42003"
"42127",56.2422610152871,"42003"
"36081",28.1211305076436,"42003"
"51179",28.1211305076436,"42003"
"42129",11220.3310725498,"42003"
"34007",281.211305076436,"42003"
"39017",28.1211305076436,"42003"
"34015",28.1211305076436,"42003"
"42123",140.605652538218,"42003"
"42001",140.605652538218,"42003"
"42033",309.332435584079,"42003"
"39155",253.090174568792,"42003"
"10003",56.2422610152871,"42003"
"51079",28.1211305076436,"42003"
"42129",11220.3310725498,"42003"
"42003",132759.857126585,"42003"
"36103",28.1211305076436,"42003"
"42011",421.816957614654,"42003"
"42049",1096.7240897981,"42003"
"42071",478.059218629941,"42003"
"17031",84.3633915229309,"42003"
"10005",28.1211305076436,"42003"
"42041",224.969044061149,"42003"
"51153",56.2422610152871,"42003"
"36061",56.2422610152871,"42003"
"54103",112.484522030574,"42003"
"39035",140.605652538218,"42003"
"39081",56.2422610152871,"42003"
"42007",3093.3243558408,"42003"
"51179",28.1211305076436,"42003"
"51061",28.1211305076436,"42003"
"39013",140.605652538218,"42003"
"04013",56.2422610152871,"42003"
"39093",28.1211305076436,"42003"
"42111",309.332435584079,"42003"
"51177",28.1211305076436,"42003"
"54091",28.1211305076436,"42003"
"54103",112.484522030574,"42003"
"39099",421.816957614654,"42003"
"42121",309.332435584079,"42003"
"42095",253.090174568792,"42003"
"42125",5258.65140492935,"42003"
"42003",132759.857126585,"42003"
"26081",56.2422610152871,"42003"
"42007",3093.3243558408,"42003"
"33005",28.1211305076436,"42003"
"39089",56.2422610152871,"42003"
"51059",56.2422610152871,"42003"
"12009",84.3633915229309,"42003"
"24033",112.484522030574,"42003"
"39093",28.1211305076436,"42003"
"42067",28.1211305076436,"42003"
"36029",84.3633915229309,"42003"
"42107",56.2422610152871,"42003"
"39049",28.1211305076436,"42003"
"42049",1096.7240897981,"42003"
"54051",56.2422610152871,"42003"
"36103",28.1211305076436,"42003"
"51061",28.1211305076436,"42003"
"04013",56.2422610152871,"42003"
"24013",28.1211305076436,"42003"
"42075",112.484522030574,"42003"
"42063",1096.7240897981,"42003"
"24013",28.1211305076436,"42003"
"54055",28.1211305076436,"42003"
"42035",28.1211305076436,"42003"
"42035",28.1211305076436,"42003"
"10001",28.1211305076436,"42003"
"42073",1181.08748132103,"42003"
"37159",28.1211305076436,"42003"
"39081",56.2422610152871,"42003"
"42115",56.2422610152871,"42003"
"42115",56.2422610152871,"42003"
"42075",112.484522030574,"42003"
"42071",478.059218629941,"42003"
"42089",84.3633915229309,"42003"
"54055",28.1211305076436,"42003"
"42105",28.1211305076436,"42003"
"42045",421.816957614654,"42003"
"36009",28.1211305076436,"42003"
"42077",393.695827107011,"42003"
"42107",56.2422610152871,"42003"
"42063",1096.7240897981,"42003"
"39013",140.605652538218,"42003"
"37109",28.1211305076436,"42003"
"42113",28.1211305076436,"42003"
"42113",28.1211305076436,"42003"
"37067",28.1211305076436,"42003"
"37059",28.1211305076436,"42003"
"17031",84.3633915229309,"42003"
"42039",253.090174568792,"42003"
"48201",28.1211305076436,"42003"
"10005",28.1211305076436,"42003"
"54029",196.847913553505,"42003"
"24005",28.1211305076436,"42003"
"42125",5258.65140492935,"42003"
"42077",393.695827107011,"42003"
"42087",84.3633915229309,"42003"
"42081",140.605652538218,"42003"
"42081",140.605652538218,"42003"
"37067",28.1211305076436,"42003"
"39025",56.2422610152871,"42003"
"39025",56.2422610152871,"42003"
"24031",56.2422610152871,"42003"
"42051",1743.5100914739,"42003"
"39153",112.484522030574,"42003"
"39017",28.1211305076436,"42003"
"36009",28.1211305076436,"42003"
"42109",56.2422610152871,"42003"
"42087",84.3633915229309,"42003"
"42045",421.816957614654,"42003"
"42073",1181.08748132103,"42003"
"24031",56.2422610152871,"42003"
"42117",28.1211305076436,"42003"
"39103",56.2422610152871,"42003"
"48201",28.1211305076436,"42003"
"42065",140.605652538218,"42003"
"42105",28.1211305076436,"42003"
"11001",84.3633915229309,"42003"
"42059",618.664871168158,"42003"
"54029",196.847913553505,"42003"
"24005",28.1211305076436,"42003"
"39045",28.1211305076436,"42003"
"39103",56.2422610152871,"42003"
"42039",253.090174568792,"42003"
"39045",28.1211305076436,"42003"
"26081",56.2422610152871,"42003"
"39153",112.484522030574,"42003"
"42065",140.605652538218,"42003"
"39099",421.816957614654,"42003"
"51153",56.2422610152871,"42003"
"39063",28.1211305076436,"42003"
"42117",28.1211305076436,"42003"
"54091",28.1211305076436,"42003"
"42059",618.664871168158,"42003"
"42007",584.819166807577,"42003"
"36103",8.3545595258225,"42003"
"42021",8.3545595258225,"42003"
"39055",8.3545595258225,"42003"
"42129",258.991345300499,"42003"
"42063",41.7727976291126,"42003"
"42121",8.3545595258225,"42003"
"39013",8.3545595258225,"42003"
"42019",969.128904995416,"42003"
"39099",16.709119051645,"42003"
"42091",41.7727976291126,"42003"
"42031",8.3545595258225,"42003"
"42041",16.709119051645,"42003"
"42025",8.3545595258225,"42003"
"42103",8.3545595258225,"42003"
"42133",8.3545595258225,"42003"
"42059",8.3545595258225,"42003"
"42111",16.709119051645,"42003"
"42029",50.1273571549351,"42003"
"42033",16.709119051645,"42003"
"54069",8.3545595258225,"42003"
"42099",16.709119051645,"42003"
"42073",66.8364762065802,"42003"
"42003",4703.61701303808,"42003"
"42043",33.4182381032901,"42003"
"42049",50.1273571549351,"42003"
"42051",25.0636785774676,"42003"
"42065",8.3545595258225,"42003"
"42017",33.4182381032901,"42003"
"42039",16.709119051645,"42003"
"42077",16.709119051645,"42003"
"39103",8.3545595258225,"42003"
"42085",58.4819166807577,"42003"
"42089",16.709119051645,"42003"
"42027",16.709119051645,"42003"
"42045",25.0636785774676,"42003"
"42013",8.3545595258225,"42003"
"42087",8.3545595258225,"42003"
"54009",16.709119051645,"42003"
"34005",8.3545595258225,"42003"
"39081",8.3545595258225,"42003"
"54029",16.709119051645,"42003"
"39155",8.3545595258225,"42003"
"42095",25.0636785774676,"42003"
"34007",8.3545595258225,"42003"
"42071",25.0636785774676,"42003"
"24021",16.709119051645,"42003"
"42125",284.055023877966,"42003"
"42101",41.7727976291126,"42003"
"42005",41.7727976291126,"42003"
"54007",102.977373606171,"42003"
"54023",102.977373606171,"42003"
"42049",1338.70585688022,"42003"
"24043",102.977373606171,"42003"
"42051",926.796362455539,"42003"
"42063",1338.70585688022,"42003"
"42003",112245.337230726,"42003"
"42129",7826.28039406898,"42003"
"42087",411.909494424683,"42003"
"54061",102.977373606171,"42003"
"36013",102.977373606171,"42003"
"54073",102.977373606171,"42003"
"42013",514.886868030854,"42003"
"42061",102.977373606171,"42003"
"36015",102.977373606171,"42003"
"42121",102.977373606171,"42003"
"42029",926.796362455539,"42003"
"37023",102.977373606171,"42003"
"42017",1132.75110966788,"42003"
"39153",205.954747212342,"42003"
"42041",823.818988849368,"42003"
"42119",102.977373606171,"42003"
"42047",102.977373606171,"42003"
"42071",411.909494424683,"42003"
"42055",205.954747212342,"42003"
"39129",102.977373606171,"42003"
"51103",102.977373606171,"42003"
"54027",102.977373606171,"42003"
"39139",102.977373606171,"42003"
"36009",102.977373606171,"42003"
"42035",308.932120818514,"42003"
"42095",308.932120818514,"42003"
"21073",102.977373606171,"42003"
"42123",205.954747212342,"42003"
"24025",102.977373606171,"42003"
"42027",1132.75110966788,"42003"
"17031",514.886868030854,"42003"
"42059",308.932120818514,"42003"
"39049",205.954747212342,"42003"
"42053",102.977373606171,"42003"
"54029",102.977373606171,"42003"
"42081",205.954747212342,"42003"
"39093",102.977373606171,"42003"
"36047",102.977373606171,"42003"
"42073",3089.32120818514,"42003"
"42133",411.909494424683,"42003"
"42109",102.977373606171,"42003"
"42065",308.932120818514,"42003"
"42019",24199.6827974502,"42003"
"54051",411.909494424683,"42003"
"54009",205.954747212342,"42003"
"54103",308.932120818514,"42003"
"42043",1029.77373606171,"42003"
"34007",102.977373606171,"42003"
"42031",205.954747212342,"42003"
"42085",1956.57009851725,"42003"
"39007",205.954747212342,"42003"
"42125",6796.50665800727,"42003"
"42105",205.954747212342,"42003"
"42009",102.977373606171,"42003"
"42101",1441.68323048639,"42003"
"34039",102.977373606171,"42003"
"42005",1029.77373606171,"42003"
"24021",102.977373606171,"42003"
"39081",102.977373606171,"42003"
"42075",514.886868030854,"42003"
"48201",102.977373606171,"42003"
"42033",823.818988849368,"42003"
"39099",308.932120818514,"42003"
"42039",205.954747212342,"42003"
"39155",205.954747212342,"42003"
"42089",514.886868030854,"42003"
"42007",15549.5834145318,"42003"
"42099",102.977373606171,"42003"
"42025",102.977373606171,"42003"
"42091",2059.54747212342,"42003"
"42077",308.932120818514,"42003"
"54069",514.886868030854,"42003"
"36109",102.977373606171,"42003"
"42045",823.818988849368,"42003"
"25027",102.977373606171,"42003"
"42021",205.954747212342,"42003"
"42129",5068.75267771128,"42003"
"42007",2111.98028237971,"42003"
"39049",422.39605647594,"42003"
"39049",422.39605647594,"42003"
"42125",844.792112951883,"42003"
"54103",422.39605647594,"42003"
"54069",844.792112951883,"42003"
"42003",76876.0822786214,"42003"
"42091",844.792112951883,"42003"
"42125",844.792112951883,"42003"
"42003",76876.0822786214,"42003"
"42073",422.39605647594,"42003"
"42005",844.792112951883,"42003"
"42019",1267.18816942782,"42003"
"42083",422.39605647594,"42003"
"42021",844.792112951883,"42003"
"42073",422.39605647594,"42003"
"39035",422.39605647594,"42003"
"42019",1267.18816942782,"42003"
"42007",2111.98028237971,"42003"
"42047",422.39605647594,"42003"
"42097",422.39605647594,"42003"
"42083",422.39605647594,"42003"
"54069",844.792112951883,"42003"
"42091",844.792112951883,"42003"
"42027",1267.18816942782,"42003"
"42097",422.39605647594,"42003"
"42005",844.792112951883,"42003"
"42067",422.39605647594,"42003"
"42057",422.39605647594,"42003"
"42063",844.792112951883,"42003"
"42031",422.39605647594,"42003"
"42057",422.39605647594,"42003"
"39035",422.39605647594,"42003"
"42129",5068.75267771128,"42003"
"42111",422.39605647594,"42003"
"42031",422.39605647594,"42003"
"42013",1689.58422590376,"42003"
"42111",422.39605647594,"42003"
"39029",422.39605647594,"42003"
"42063",844.792112951883,"42003"
"42051",1267.18816942782,"42003"
"42067",422.39605647594,"42003"
"42009",422.39605647594,"42003"
"42013",1689.58422590376,"42003"
"42051",1267.18816942782,"42003"
"17201",422.39605647594,"42003"
"17201",422.39605647594,"42003"
"42009",422.39605647594,"42003"
"42047",422.39605647594,"42003"
"42027",1267.18816942782,"42003"
"54103",422.39605647594,"42003"
"42021",844.792112951883,"42003"
"39029",422.39605647594,"42003"
"42067",14.782573832192,"42003"
"54009",59.1302953287682,"42003"
"42055",59.1302953287682,"42003"
"51013",14.782573832192,"42003"
"42077",103.478016825344,"42003"
"54051",88.6954429931522,"42003"
"42121",29.565147664384,"42003"
"34007",59.1302953287682,"42003"
"42085",251.303755147265,"42003"
"42071",192.173459818496,"42003"
"54009",59.1302953287682,"42003"
"42121",29.565147664384,"42003"
"24021",44.3477214965761,"42003"
"54049",14.782573832192,"42003"
"42009",29.565147664384,"42003"
"42055",59.1302953287682,"42003"
"42065",44.3477214965761,"42003"
"42017",59.1302953287682,"42003"
"54053",14.782573832192,"42003"
"42125",2823.47160194867,"42003"
"54049",14.782573832192,"42003"
"42055",59.1302953287682,"42003"
"42097",14.782573832192,"42003"
"42129",3813.90404870555,"42003"
"42067",14.782573832192,"42003"
"42009",29.565147664384,"42003"
"42085",251.303755147265,"42003"
"42085",251.303755147265,"42003"
"36101",14.782573832192,"42003"
"42035",14.782573832192,"42003"
"54051",88.6954429931522,"42003"
"42111",133.043164489728,"42003"
"42129",3813.90404870555,"42003"
"42049",502.607510294528,"42003"
"42009",29.565147664384,"42003"
"42097",14.782573832192,"42003"
"51013",14.782573832192,"42003"
"54061",73.9128691609601,"42003"
"42107",29.565147664384,"42003"
"42035",14.782573832192,"42003"
"42107",29.565147664384,"42003"
"54053",14.782573832192,"42003"
"54051",88.6954429931522,"42003"
"42065",44.3477214965761,"42003"
"42049",502.607510294528,"42003"
"26125",14.782573832192,"42003"
"26125",14.782573832192,"42003"
"26125",14.782573832192,"42003"
"42077",103.478016825344,"42003"
"06087",14.782573832192,"42003"
"54009",59.1302953287682,"42003"
"39035",147.82573832192,"42003"
"42019",1759.12628603085,"42003"
"42107",29.565147664384,"42003"
"54053",14.782573832192,"42003"
"42117",14.782573832192,"42003"
"42127",14.782573832192,"42003"
"36015",14.782573832192,"42003"
"42071",192.173459818496,"42003"
"42065",44.3477214965761,"42003"
"42117",14.782573832192,"42003"
"54061",73.9128691609601,"42003"
"42127",14.782573832192,"42003"
"34007",59.1302953287682,"42003"
"42081",29.565147664384,"42003"
"24021",44.3477214965761,"42003"
"42127",14.782573832192,"42003"
"42081",29.565147664384,"42003"
"39035",147.82573832192,"42003"
"36015",14.782573832192,"42003"
"42095",118.260590657536,"42003"
"42031",59.1302953287682,"42003"
"06087",14.782573832192,"42003"
"54029",103.478016825344,"42003"
"39049",29.565147664384,"42003"
"10003",44.3477214965761,"42003"
"42097",14.782573832192,"42003"
"42111",133.043164489728,"42003"
"42081",29.565147664384,"42003"
"42077",103.478016825344,"42003"
"42063",310.434050476032,"42003"
"36055",44.3477214965761,"42003"
"42101",325.216624308225,"42003"
"42059",251.303755147265,"42003"
"36015",14.782573832192,"42003"
"42117",14.782573832192,"42003"
"42049",502.607510294528,"42003"
"42063",310.434050476032,"42003"
"42029",147.82573832192,"42003"
"42029",147.82573832192,"42003"
"10003",44.3477214965761,"42003"
"24021",44.3477214965761,"42003"
"42101",325.216624308225,"42003"
"42125",2823.47160194867,"42003"
"42033",103.478016825344,"42003"
"42017",59.1302953287682,"42003"
"42041",177.390885986304,"42003"
"42039",133.043164489728,"42003"
"39035",147.82573832192,"42003"
"42111",133.043164489728,"42003"
"06087",14.782573832192,"42003"
"54029",103.478016825344,"42003"
"42129",3813.90404870555,"42003"
"42043",103.478016825344,"42003"
"39155",118.260590657536,"42003"
"42033",103.478016825344,"42003"
"39155",118.260590657536,"42003"
"42061",59.1302953287682,"42003"
"42035",14.782573832192,"42003"
"42057",29.565147664384,"42003"
"24033",14.782573832192,"42003"
"42039",133.043164489728,"42003"
"42101",325.216624308225,"42003"
"42063",310.434050476032,"42003"
"54061",73.9128691609601,"42003"
"39049",29.565147664384,"42003"
"51013",14.782573832192,"42003"
"36101",14.782573832192,"42003"
"34007",59.1302953287682,"42003"
"42061",59.1302953287682,"42003"
"42099",44.3477214965761,"42003"
"54069",133.043164489728,"42003"
"42099",44.3477214965761,"42003"
"39009",14.782573832192,"42003"
"24033",14.782573832192,"42003"
"42039",133.043164489728,"42003"
"39013",73.9128691609601,"42003"
"42045",133.043164489728,"42003"
"42133",192.173459818496,"42003"
"36005",14.782573832192,"42003"
"54049",14.782573832192,"42003"
"42029",147.82573832192,"42003"
"10003",44.3477214965761,"42003"
"42123",88.6954429931522,"42003"
"42123",88.6954429931522,"42003"
"42095",118.260590657536,"42003"
"42073",384.346919636994,"42003"
"42041",177.390885986304,"42003"
"51107",14.782573832192,"42003"
"54069",133.043164489728,"42003"
"54069",133.043164489728,"42003"
"39099",221.73860748288,"42003"
"42125",2823.47160194867,"42003"
"42011",44.3477214965761,"42003"
"42059",251.303755147265,"42003"
"42071",192.173459818496,"42003"
"39155",118.260590657536,"42003"
"42121",29.565147664384,"42003"
"39153",14.782573832192,"42003"
"24031",14.782573832192,"42003"
"42095",118.260590657536,"42003"
"39103",14.782573832192,"42003"
"42119",14.782573832192,"42003"
"42119",14.782573832192,"42003"
"42007",1685.21341686989,"42003"
"42133",192.173459818496,"42003"
"42099",44.3477214965761,"42003"
"42001",44.3477214965761,"42003"
"42033",103.478016825344,"42003"
"42027",14.782573832192,"42003"
"42057",29.565147664384,"42003"
"24005",14.782573832192,"42003"
"39103",14.782573832192,"42003"
"39103",14.782573832192,"42003"
"39151",29.565147664384,"42003"
"42007",1685.21341686989,"42003"
"39089",14.782573832192,"42003"
"42005",221.73860748288,"42003"
"42133",192.173459818496,"42003"
"54029",103.478016825344,"42003"
"42031",59.1302953287682,"42003"
"39153",14.782573832192,"42003"
"42017",59.1302953287682,"42003"
"42123",88.6954429931522,"42003"
"51059",29.565147664384,"42003"
"34035",14.782573832192,"42003"
"42027",14.782573832192,"42003"
"42073",384.346919636994,"42003"
"24033",14.782573832192,"42003"
"51107",14.782573832192,"42003"
"51107",14.782573832192,"42003"
"42073",384.346919636994,"42003"
"42043",103.478016825344,"42003"
"42019",1759.12628603085,"42003"
"34035",14.782573832192,"42003"
"51059",29.565147664384,"42003"
"24005",14.782573832192,"42003"
"42053",14.782573832192,"42003"
"42013",59.1302953287682,"42003"
"42005",221.73860748288,"42003"
"42059",251.303755147265,"42003"
"42089",44.3477214965761,"42003"
"42057",29.565147664384,"42003"
"39009",14.782573832192,"42003"
"42007",1685.21341686989,"42003"
"42045",133.043164489728,"42003"
"34021",14.782573832192,"42003"
"42011",44.3477214965761,"42003"
"24005",14.782573832192,"42003"
"34035",14.782573832192,"42003"
"39029",133.043164489728,"42003"
"42001",44.3477214965761,"42003"
"42001",44.3477214965761,"42003"
"42005",221.73860748288,"42003"
"36055",44.3477214965761,"42003"
"24043",29.565147664384,"42003"
"34015",29.565147664384,"42003"
"42031",59.1302953287682,"42003"
"42103",29.565147664384,"42003"
"42103",29.565147664384,"42003"
"42043",103.478016825344,"42003"
"39159",14.782573832192,"42003"
"39159",14.782573832192,"42003"
"39029",133.043164489728,"42003"
"51059",29.565147664384,"42003"
"42013",59.1302953287682,"42003"
"42075",44.3477214965761,"42003"
"39009",14.782573832192,"42003"
"39081",14.782573832192,"42003"
"42003",62722.4607699907,"42003"
"39013",73.9128691609601,"42003"
"36055",44.3477214965761,"42003"
"42089",44.3477214965761,"42003"
"42041",177.390885986304,"42003"
"42011",44.3477214965761,"42003"
"42021",29.565147664384,"42003"
"42061",59.1302953287682,"42003"
"42053",14.782573832192,"42003"
"24031",14.782573832192,"42003"
"42027",14.782573832192,"42003"
"24031",14.782573832192,"42003"
"42075",44.3477214965761,"42003"
"39049",29.565147664384,"42003"
"34015",29.565147664384,"42003"
"34015",29.565147664384,"42003"
"39151",29.565147664384,"42003"
"42103",29.565147664384,"42003"
"42021",29.565147664384,"42003"
"42067",14.782573832192,"42003"
"42021",29.565147664384,"42003"
"24043",29.565147664384,"42003"
"39081",14.782573832192,"42003"
"42053",14.782573832192,"42003"
"42003",62722.4607699907,"42003"
"42075",44.3477214965761,"42003"
"42051",384.346919636994,"42003"
"39081",14.782573832192,"42003"
"42119",14.782573832192,"42003"
"39151",29.565147664384,"42003"
"36005",14.782573832192,"42003"
"39029",133.043164489728,"42003"
"34021",14.782573832192,"42003"
"42045",133.043164489728,"42003"
"39087",14.782573832192,"42003"
"39099",221.73860748288,"42003"
"24043",29.565147664384,"42003"
"42003",62722.4607699907,"42003"
"39087",14.782573832192,"42003"
"39099",221.73860748288,"42003"
"39153",14.782573832192,"42003"
"42051",384.346919636994,"42003"
"39089",14.782573832192,"42003"
"36101",14.782573832192,"42003"
"42013",59.1302953287682,"42003"
"39087",14.782573832192,"42003"
"42019",1759.12628603085,"42003"
"39089",14.782573832192,"42003"
"39159",14.782573832192,"42003"
"42051",384.346919636994,"42003"
"39013",73.9128691609601,"42003"
"42089",44.3477214965761,"42003"
"34021",14.782573832192,"42003"
"36005",14.782573832192,"42003"
"42119",12.8270327276424,"42003"
"42029",102.616261821139,"42003"
"42019",4258.57486557727,"42003"
"42001",12.8270327276424,"42003"
"42033",89.7892290934967,"42003"
"42027",25.6540654552847,"42003"
"39155",115.443294548781,"42003"
"41051",12.8270327276424,"42003"
"42085",384.810981829271,"42003"
"42129",8453.01456751633,"42003"
"20091",12.8270327276424,"42003"
"24027",12.8270327276424,"42003"
"42133",12.8270327276424,"42003"
"39153",76.9621963658543,"42003"
"39029",25.6540654552847,"42003"
"42043",51.3081309105695,"42003"
"39157",12.8270327276424,"42003"
"42007",2475.61731643498,"42003"
"37067",12.8270327276424,"42003"
"51107",12.8270327276424,"42003"
"42061",64.1351636382119,"42003"
"42011",25.6540654552847,"42003"
"39059",12.8270327276424,"42003"
"39099",115.443294548781,"42003"
"42003",72305.9834857201,"42003"
"24005",12.8270327276424,"42003"
"42123",25.6540654552847,"42003"
"54103",38.4810981829271,"42003"
"39035",89.7892290934967,"42003"
"39085",51.3081309105695,"42003"
"42099",12.8270327276424,"42003"
"42075",12.8270327276424,"42003"
"42065",51.3081309105695,"42003"
"45051",25.6540654552847,"42003"
"39081",128.270327276424,"42003"
"47037",25.6540654552847,"42003"
"42063",410.465047284556,"42003"
"54061",12.8270327276424,"42003"
"42087",12.8270327276424,"42003"
"42109",12.8270327276424,"42003"
"42051",333.502850918702,"42003"
"06085",12.8270327276424,"42003"
"42057",12.8270327276424,"42003"
"51059",12.8270327276424,"42003"
"42039",64.1351636382119,"42003"
"42049",218.05955636992,"42003"
"42031",89.7892290934967,"42003"
"54069",192.405490914636,"42003"
"45027",25.6540654552847,"42003"
"42053",12.8270327276424,"42003"
"45041",12.8270327276424,"42003"
"17031",12.8270327276424,"42003"
"42009",38.4810981829271,"42003"
"27139",12.8270327276424,"42003"
"42021",76.9621963658543,"42003"
"45043",25.6540654552847,"42003"
"36073",12.8270327276424,"42003"
"24003",12.8270327276424,"42003"
"42071",89.7892290934967,"42003"
"39055",12.8270327276424,"42003"
"39013",166.751425459351,"42003"
"42013",89.7892290934967,"42003"
"42125",3719.83949101629,"42003"
"42059",102.616261821139,"42003"
"24031",51.3081309105695,"42003"
"42111",76.9621963658543,"42003"
"54009",192.405490914636,"42003"
"42073",628.524603654477,"42003"
"54051",51.3081309105695,"42003"
"10003",25.6540654552847,"42003"
"42121",102.616261821139,"42003"
"37119",51.3081309105695,"42003"
"42005",1436.62766549595,"42003"
"54029",218.05955636992,"42003"
"42059",1.59848929641055,"42003"
"42025",0.141043173212695,"42003"
"24037",0.0470143910708986,"42003"
"18107",0.0470143910708986,"42003"
"36097",0.0940287821417969,"42003"
"45025",0.0470143910708986,"42003"
"39009",0.0470143910708986,"42003"
"24025",0.0470143910708986,"42003"
"18015",0.0470143910708986,"42003"
"26049",0.0940287821417969,"42003"
"11001",0.376115128567188,"42003"
"42051",2.44474833568672,"42003"
"24003",0.141043173212695,"42003"
"39087",0.0470143910708986,"42003"
"24003",0.141043173212695,"42003"
"54091",0.0470143910708986,"42003"
"51095",0.0470143910708986,"42003"
"45057",0.0470143910708986,"42003"
"18097",0.0470143910708986,"42003"
"54091",0.0470143910708986,"42003"
"18015",0.0470143910708986,"42003"
"39081",0.564172692850782,"42003"
"42073",2.9148922463957,"42003"
"24015",0.188057564283594,"42003"
"42025",0.141043173212695,"42003"
"54051",0.282086346425392,"42003"
"42131",0.0470143910708986,"42003"
"24037",0.0470143910708986,"42003"
"39035",0.470143910708986,"42003"
"55079",0.235071955354492,"42003"
"54069",0.705215866063478,"42003"
"45057",0.0470143910708986,"42003"
"26049",0.0940287821417969,"42003"
"24015",0.188057564283594,"42003"
"25003",0.0470143910708986,"42003"
"42029",1.45744612319785,"42003"
"42029",1.45744612319785,"42003"
"42051",2.44474833568672,"42003"
"45025",0.0470143910708986,"42003"
"39009",0.0470143910708986,"42003"
"42131",0.0470143910708986,"42003"
"42059",1.59848929641055,"42003"
"25017",0.0470143910708986,"42003"
"42027",2.39773394461582,"42003"
"39081",0.564172692850782,"42003"
"24031",0.893273430347071,"42003"
"42109",0.564172692850782,"42003"
"39099",0.517158301779884,"42003"
"42129",63.3283847725003,"42003"
"39099",0.517158301779884,"42003"
"34007",0.282086346425392,"42003"
"25027",0.0470143910708986,"42003"
"42127",0.0470143910708986,"42003"
"39133",0.188057564283594,"42003"
"42049",4.70143910708986,"42003"
"39063",0.0470143910708986,"42003"
"42009",0.611187083921682,"42003"
"42017",0.893273430347071,"42003"
"54069",0.705215866063478,"42003"
"39123",0.0470143910708986,"42003"
"39087",0.0470143910708986,"42003"
"42109",0.564172692850782,"42003"
"39057",0.0940287821417969,"42003"
"42105",0.423129519638086,"42003"
"39119",0.0470143910708986,"42003"
"42083",0.987302212488869,"42003"
"51061",0.0470143910708986,"42003"
"39133",0.188057564283594,"42003"
"51095",0.0470143910708986,"42003"
"39063",0.0470143910708986,"42003"
"36123",0.0940287821417969,"42003"
"06059",0.0940287821417969,"42003"
"18097",0.0470143910708986,"42003"
"39153",0.470143910708986,"42003"
"39123",0.0470143910708986,"42003"
"33015",0.0470143910708986,"42003"
"51177",0.0470143910708986,"42003"
"34019",0.0940287821417969,"42003"
"54051",0.282086346425392,"42003"
"24029",0.0470143910708986,"42003"
"51059",0.517158301779884,"42003"
"42017",0.893273430347071,"42003"
"18157",0.0470143910708986,"42003"
"26161",0.235071955354492,"42003"
"36063",0.0940287821417969,"42003"
"24031",0.893273430347071,"42003"
"36097",0.0940287821417969,"42003"
"39057",0.0940287821417969,"42003"
"36047",0.141043173212695,"42003"
"25027",0.0470143910708986,"42003"
"18107",0.0470143910708986,"42003"
"36009",0.282086346425392,"42003"
"25017",0.0470143910708986,"42003"
"42127",0.0470143910708986,"42003"
"55079",0.235071955354492,"42003"
"18157",0.0470143910708986,"42003"
"18091",0.0470143910708986,"42003"
"17031",0.517158301779884,"42003"
"21111",0.141043173212695,"42003"
"06059",0.0940287821417969,"42003"
"42063",3.71413689460097,"42003"
"42009",0.611187083921682,"42003"
"42021",14.5744612319785,"42003"
"36029",0.564172692850782,"42003"
"51770",0.0470143910708986,"42003"
"36055",0.0470143910708986,"42003"
"25003",0.0470143910708986,"42003"
"51061",0.0470143910708986,"42003"
"26161",0.235071955354492,"42003"
"42041",1.36341734105606,"42003"
"24033",0.32910073749629,"42003"
"17031",0.517158301779884,"42003"
"36123",0.0940287821417969,"42003"
"54061",0.188057564283594,"42003"
"42023",0.0470143910708986,"42003"
"34017",0.141043173212695,"42003"
"18091",0.0470143910708986,"42003"
"36047",0.141043173212695,"42003"
"42073",2.9148922463957,"42003"
"33015",0.0470143910708986,"42003"
"24029",0.0470143910708986,"42003"
"42041",1.36341734105606,"42003"
"42067",0.65820147499258,"42003"
"51059",0.517158301779884,"42003"
"34019",0.0940287821417969,"42003"
"42085",2.16266198926133,"42003"
"24005",0.282086346425392,"42003"
"42001",0.188057564283594,"42003"
"24023",0.0470143910708986,"42003"
"36061",0.517158301779884,"42003"
"42027",2.39773394461582,"42003"
"42011",0.517158301779884,"42003"
"42011",0.517158301779884,"42003"
"42037",0.0940287821417969,"42003"
"42037",0.0940287821417969,"42003"
"36063",0.0940287821417969,"42003"
"26091",0.0470143910708986,"42003"
"42085",2.16266198926133,"42003"
"36103",0.0940287821417969,"42003"
"42099",0.0940287821417969,"42003"
"42043",1.59848929641055,"42003"
"42063",3.71413689460097,"42003"
"36117",0.0470143910708986,"42003"
"51177",0.0470143910708986,"42003"
"42021",14.5744612319785,"42003"
"54107",0.0470143910708986,"42003"
"42077",0.470143910708986,"42003"
"39119",0.0470143910708986,"42003"
"24510",0.235071955354492,"42003"
"24510",0.235071955354492,"42003"
"21111",0.141043173212695,"42003"
"37183",0.282086346425392,"42003"
"42007",11.4715114212992,"42003"
"12095",0.0940287821417969,"42003"
"39013",0.470143910708986,"42003"
"42043",1.59848929641055,"42003"
"34017",0.141043173212695,"42003"
"34025",0.0940287821417969,"42003"
"36029",0.564172692850782,"42003"
"42129",63.3283847725003,"42003"
"54037",0.0470143910708986,"42003"
"39049",0.517158301779884,"42003"
"24033",0.32910073749629,"42003"
"34025",0.0940287821417969,"42003"
"42045",1.31640294998516,"42003"
"42047",0.470143910708986,"42003"
"54029",1.50446051426875,"42003"
"42133",0.799244648205275,"42003"
"36101",0.141043173212695,"42003"
"42023",0.0470143910708986,"42003"
"45047",0.0470143910708986,"42003"
"42133",0.799244648205275,"42003"
"24025",0.0470143910708986,"42003"
"39035",0.470143910708986,"42003"
"42077",0.470143910708986,"42003"
"36003",0.0940287821417969,"42003"
"26091",0.0470143910708986,"42003"
"42067",0.65820147499258,"42003"
"11001",0.376115128567188,"42003"
"54033",0.188057564283594,"42003"
"51109",0.0470143910708986,"42003"
"42079",0.611187083921682,"42003"
"24005",0.282086346425392,"42003"
"36117",0.0470143910708986,"42003"
"42039",1.08133099463067,"42003"
"54107",0.0470143910708986,"42003"
"51770",0.0470143910708986,"42003"
"42019",20.6393176801244,"42003"
"24009",0.0470143910708986,"42003"
"36003",0.0940287821417969,"42003"
"54033",0.188057564283594,"42003"
"42053",0.141043173212695,"42003"
"36013",0.376115128567188,"42003"
"34003",0.141043173212695,"42003"
"36009",0.282086346425392,"42003"
"42099",0.0940287821417969,"42003"
"39013",0.470143910708986,"42003"
"39029",0.376115128567188,"42003"
"36061",0.517158301779884,"42003"
"39093",0.0940287821417969,"42003"
"39049",0.517158301779884,"42003"
"42055",0.282086346425392,"42003"
"42047",0.470143910708986,"42003"
"42083",0.987302212488869,"42003"
"42007",11.4715114212992,"42003"
"54061",0.188057564283594,"42003"
"54009",0.188057564283594,"42003"
"36055",0.0470143910708986,"42003"
"34035",0.141043173212695,"42003"
"12095",0.0940287821417969,"42003"
"42039",1.08133099463067,"42003"
"42013",1.88057564283594,"42003"
"54103",0.0940287821417969,"42003"
"24013",0.0470143910708986,"42003"
"24013",0.0470143910708986,"42003"
"36013",0.376115128567188,"42003"
"36103",0.0940287821417969,"42003"
"51107",0.188057564283594,"42003"
"42105",0.423129519638086,"42003"
"42125",20.357231333699,"42003"
"42103",0.0940287821417969,"42003"
"36015",0.423129519638086,"42003"
"34035",0.141043173212695,"42003"
"42089",0.141043173212695,"42003"
"42013",1.88057564283594,"42003"
"42119",0.846259039276173,"42003"
"54103",0.0940287821417969,"42003"
"42055",0.282086346425392,"42003"
"51107",0.188057564283594,"42003"
"42103",0.0940287821417969,"42003"
"17111",0.0940287821417969,"42003"
"42111",3.99622324102637,"42003"
"17111",0.0940287821417969,"42003"
"42057",0.235071955354492,"42003"
"34023",0.141043173212695,"42003"
"42061",0.705215866063478,"42003"
"42121",1.69251807855235,"42003"
"42089",0.141043173212695,"42003"
"42101",1.03431660355977,"42003"
"51810",0.32910073749629,"42003"
"18127",0.0470143910708986,"42003"
"42069",0.376115128567188,"42003"
"34007",0.282086346425392,"42003"
"39093",0.0940287821417969,"42003"
"21093",0.0470143910708986,"42003"
"27137",0.0470143910708986,"42003"
"39053",0.0470143910708986,"42003"
"36101",0.141043173212695,"42003"
"34003",0.141043173212695,"42003"
"42123",0.423129519638086,"42003"
"36119",0.141043173212695,"42003"
"17089",0.0470143910708986,"42003"
"39153",0.470143910708986,"42003"
"42107",0.32910073749629,"42003"
"18127",0.0470143910708986,"42003"
"24009",0.0470143910708986,"42003"
"42035",0.705215866063478,"42003"
"42057",0.235071955354492,"42003"
"42035",0.705215866063478,"42003"
"42003",845.130693890472,"42003"
"54081",0.0470143910708986,"42003"
"42121",1.69251807855235,"42003"
"42033",0.705215866063478,"42003"
"39029",0.376115128567188,"42003"
"54049",0.0940287821417969,"42003"
"54049",0.0940287821417969,"42003"
"10005",0.0470143910708986,"42003"
"42069",0.376115128567188,"42003"
"39155",0.517158301779884,"42003"
"39085",0.0940287821417969,"42003"
"27137",0.0470143910708986,"42003"
"24021",0.0470143910708986,"42003"
"39053",0.0470143910708986,"42003"
"54009",0.188057564283594,"42003"
"42081",0.141043173212695,"42003"
"09170",0.235071955354492,"42003"
"34041",0.0470143910708986,"42003"
"42079",0.611187083921682,"42003"
"42061",0.705215866063478,"42003"
"39055",0.0470143910708986,"42003"
"39085",0.0940287821417969,"42003"
"10005",0.0470143910708986,"42003"
"55133",0.0940287821417969,"42003"
"18169",0.0470143910708986,"42003"
"42003",845.130693890472,"42003"
"39155",0.517158301779884,"42003"
"42001",0.188057564283594,"42003"
"42065",0.141043173212695,"42003"
"42031",1.03431660355977,"42003"
"36069",0.0940287821417969,"42003"
"42065",0.141043173212695,"42003"
"51109",0.0470143910708986,"42003"
"42095",0.32910073749629,"42003"
"42049",4.70143910708986,"42003"
"42019",20.6393176801244,"42003"
"37183",0.282086346425392,"42003"
"18169",0.0470143910708986,"42003"
"24043",0.0940287821417969,"42003"
"24043",0.0940287821417969,"42003"
"42053",0.141043173212695,"42003"
"42045",1.31640294998516,"42003"
"10003",0.188057564283594,"42003"
"42115",0.0940287821417969,"42003"
"42033",0.705215866063478,"42003"
"54037",0.0470143910708986,"42003"
"42071",0.893273430347071,"42003"
"34023",0.141043173212695,"42003"
"42119",0.846259039276173,"42003"
"06073",0.0940287821417969,"42003"
"09170",0.235071955354492,"42003"
"34037",0.235071955354492,"42003"
"06073",0.0940287821417969,"42003"
"39151",0.282086346425392,"42003"
"39151",0.282086346425392,"42003"
"24023",0.0470143910708986,"42003"
"54055",0.0470143910708986,"42003"
"36037",0.0470143910708986,"42003"
"42087",0.799244648205275,"42003"
"42123",0.423129519638086,"42003"
"42095",0.32910073749629,"42003"
"36119",0.141043173212695,"42003"
"34015",0.0940287821417969,"42003"
"10003",0.188057564283594,"42003"
"42081",0.141043173212695,"42003"
"34037",0.235071955354492,"42003"
"55133",0.0940287821417969,"42003"
"54029",1.50446051426875,"42003"
"24041",0.0940287821417969,"42003"
"24041",0.0940287821417969,"42003"
"34041",0.0470143910708986,"42003"
"17089",0.0470143910708986,"42003"
"51810",0.32910073749629,"42003"
"36069",0.0940287821417969,"42003"
"17043",0.32910073749629,"42003"
"45047",0.0470143910708986,"42003"
"42111",3.99622324102637,"42003"
"42125",20.357231333699,"42003"
"42101",1.03431660355977,"42003"
"42031",1.03431660355977,"42003"
"21093",0.0470143910708986,"42003"
"17043",0.32910073749629,"42003"
"42005",5.40665497315333,"42003"
"36037",0.0470143910708986,"42003"
"42115",0.0940287821417969,"42003"
"34015",0.0940287821417969,"42003"
"42075",0.940287821417969,"42003"
"42117",0.0470143910708986,"42003"
"39055",0.0470143910708986,"42003"
"54055",0.0470143910708986,"42003"
"42107",0.32910073749629,"42003"
"42071",0.893273430347071,"42003"
"54081",0.0470143910708986,"42003"
"36015",0.423129519638086,"42003"
"42087",0.799244648205275,"42003"
"42075",0.940287821417969,"42003"
"42005",5.40665497315333,"42003"
"24021",0.0470143910708986,"42003"
"42117",0.0470143910708986,"42003"
"48491",940.446769626272,"48201"
"48157",1880.89353925254,"48201"
"48241",470.223384813137,"48201"
"48453",470.223384813137,"48201"
"34003",470.223384813137,"48201"
"48041",940.446769626272,"48201"
"48113",470.223384813137,"48201"
"48379",470.223384813137,"48201"
"48407",940.446769626272,"48201"
"48201",35736.9772457984,"48201"
"48329",470.223384813137,"48201"
"48291",470.223384813137,"48201"
"48245",940.446769626272,"48201"
"48361",470.223384813137,"48201"
"48209",470.223384813137,"48201"
"48085",940.446769626272,"48201"
"48039",2351.11692406568,"48201"
"48339",7523.57415701018,"48201"
"48121",470.223384813137,"48201"
"48439",470.223384813137,"48201"
"48309",470.223384813137,"48201"
"48113",238452.8566424,"48201"
"48245",59613.2141605998,"48201"
"48453",238452.8566424,"48201"
"48355",59613.2141605998,"48201"
"48041",1073037.85489079,"48201"
"48121",178839.642481799,"48201"
"48297",59613.2141605998,"48201"
"48201",14068718.5419015,"48201"
"48439",178839.642481799,"48201"
"48167",1788396.42481799,"48201"
"48071",59613.2141605998,"48201"
"48039",715358.569927196,"48201"
"48291",59613.2141605998,"48201"
"22079",59613.2141605998,"48201"
"48089",238452.8566424,"48201"
"48491",119226.4283212,"48201"
"48029",417292.499124197,"48201"
"48339",476905.713284799,"48201"
"48027",59613.2141605998,"48201"
"48367",59613.2141605998,"48201"
"48021",59613.2141605998,"48201"
"48013",59613.2141605998,"48201"
"48361",59613.2141605998,"48201"
"48157",2086462.49562099,"48201"
"48285",59613.2141605998,"48201"
"48473",178839.642481799,"48201"
"48199",59613.2141605998,"48201"
"48291",7978.54922370271,"48201"
"48167",22339.9378263676,"48201"
"48039",183506.632145162,"48201"
"48013",1595.70984474054,"48201"
"48083",1595.70984474054,"48201"
"48041",7978.54922370271,"48201"
"48339",25531.3575158486,"48201"
"48491",1595.70984474054,"48201"
"06037",1595.70984474054,"48201"
"48493",1595.70984474054,"48201"
"48027",4787.12953422163,"48201"
"48347",1595.70984474054,"48201"
"48473",14361.3886026649,"48201"
"48471",1595.70984474054,"48201"
"48071",1595.70984474054,"48201"
"48239",1595.70984474054,"48201"
"48355",1595.70984474054,"48201"
"48015",3191.41968948108,"48201"
"48313",1595.70984474054,"48201"
"26099",1595.70984474054,"48201"
"48183",1595.70984474054,"48201"
"48251",1595.70984474054,"48201"
"48245",6382.83937896216,"48201"
"48025",1595.70984474054,"48201"
"48481",3191.41968948108,"48201"
"04005",1595.70984474054,"48201"
"48157",384566.07258247,"48201"
"48241",1595.70984474054,"48201"
"48051",1595.70984474054,"48201"
"04017",1595.70984474054,"48201"
"48321",4787.12953422163,"48201"
"48477",1595.70984474054,"48201"
"48209",1595.70984474054,"48201"
"48453",4787.12953422163,"48201"
"48057",1595.70984474054,"48201"
"48201",1670708.20744335,"48201"
"48055",1595.70984474054,"48201"
"48073",1595.70984474054,"48201"
"28049",5874.31409049028,"48201"
"48407",7552.68954491606,"48201"
"48289",2517.56318163869,"48201"
"48407",7552.68954491606,"48201"
"48475",839.187727212895,"48201"
"48457",5035.12636327736,"48201"
"28049",5874.31409049028,"48201"
"48455",2517.56318163869,"48201"
"24031",1678.37545442579,"48201"
"48481",85597.1481757153,"48201"
"48395",7552.68954491606,"48201"
"55063",839.187727212895,"48201"
"48021",32728.321361303,"48201"
"22027",839.187727212895,"48201"
"48481",85597.1481757153,"48201"
"48321",32728.321361303,"48201"
"22117",839.187727212895,"48201"
"48289",2517.56318163869,"48201"
"17197",4195.93863606447,"48201"
"48367",5035.12636327736,"48201"
"48407",7552.68954491606,"48201"
"40061",839.187727212895,"48201"
"48367",5035.12636327736,"48201"
"48221",1678.37545442579,"48201"
"55063",839.187727212895,"48201"
"55063",839.187727212895,"48201"
"48313",7552.68954491606,"48201"
"22001",3356.75090885159,"48201"
"17113",2517.56318163869,"48201"
"17113",2517.56318163869,"48201"
"48457",5035.12636327736,"48201"
"20091",5035.12636327736,"48201"
"17197",4195.93863606447,"48201"
"48199",14266.1913626192,"48201"
"22103",4195.93863606447,"48201"
"48455",2517.56318163869,"48201"
"48199",14266.1913626192,"48201"
"48293",4195.93863606447,"48201"
"48221",1678.37545442579,"48201"
"48055",13427.0036354063,"48201"
"48331",5874.31409049028,"48201"
"05133",839.187727212895,"48201"
"48455",2517.56318163869,"48201"
"48407",7552.68954491606,"48201"
"48367",5035.12636327736,"48201"
"48395",7552.68954491606,"48201"
"48395",7552.68954491606,"48201"
"48259",3356.75090885159,"48201"
"48313",7552.68954491606,"48201"
"48259",3356.75090885159,"48201"
"48255",839.187727212895,"48201"
"48289",2517.56318163869,"48201"
"48475",839.187727212895,"48201"
"45047",839.187727212895,"48201"
"01073",5874.31409049028,"48201"
"48455",2517.56318163869,"48201"
"39041",839.187727212895,"48201"
"39089",839.187727212895,"48201"
"48081",839.187727212895,"48201"
"25027",4195.93863606447,"48201"
"48055",13427.0036354063,"48201"
"48363",839.187727212895,"48201"
"48425",1678.37545442579,"48201"
"40061",839.187727212895,"48201"
"48395",7552.68954491606,"48201"
"48015",47833.7004511352,"48201"
"48315",839.187727212895,"48201"
"48029",284484.639525172,"48201"
"48463",1678.37545442579,"48201"
"48015",47833.7004511352,"48201"
"22081",839.187727212895,"48201"
"22001",3356.75090885159,"48201"
"40061",839.187727212895,"48201"
"22001",3356.75090885159,"48201"
"48321",32728.321361303,"48201"
"48447",839.187727212895,"48201"
"48447",839.187727212895,"48201"
"05133",839.187727212895,"48201"
"20091",5035.12636327736,"48201"
"48135",1678.37545442579,"48201"
"48141",36085.0722701546,"48201"
"48135",1678.37545442579,"48201"
"48363",839.187727212895,"48201"
"22027",839.187727212895,"48201"
"48347",20979.6931803224,"48201"
"39089",839.187727212895,"48201"
"48055",13427.0036354063,"48201"
"17031",839.187727212895,"48201"
"48223",4195.93863606447,"48201"
"48321",32728.321361303,"48201"
"48395",7552.68954491606,"48201"
"48289",2517.56318163869,"48201"
"48315",839.187727212895,"48201"
"48481",85597.1481757153,"48201"
"48407",7552.68954491606,"48201"
"22051",11748.6281809806,"48201"
"29183",2517.56318163869,"48201"
"40139",839.187727212895,"48201"
"48321",32728.321361303,"48201"
"22001",3356.75090885159,"48201"
"48321",32728.321361303,"48201"
"22103",4195.93863606447,"48201"
"48285",10909.4404537676,"48201"
"22103",4195.93863606447,"48201"
"48313",7552.68954491606,"48201"
"22103",4195.93863606447,"48201"
"48141",36085.0722701546,"48201"
"48141",36085.0722701546,"48201"
"40139",839.187727212895,"48201"
"48265",5035.12636327736,"48201"
"29183",2517.56318163869,"48201"
"48447",839.187727212895,"48201"
"48055",13427.0036354063,"48201"
"22103",4195.93863606447,"48201"
"48143",2517.56318163869,"48201"
"22039",839.187727212895,"48201"
"48361",16783.7545442579,"48201"
"48365",7552.68954491606,"48201"
"48457",5035.12636327736,"48201"
"48257",8391.87727212895,"48201"
"48255",839.187727212895,"48201"
"48481",85597.1481757153,"48201"
"48135",1678.37545442579,"48201"
"48141",36085.0722701546,"48201"
"48367",5035.12636327736,"48201"
"48331",5874.31409049028,"48201"
"05031",839.187727212895,"48201"
"01089",2517.56318163869,"48201"
"48331",5874.31409049028,"48201"
"48057",7552.68954491606,"48201"
"48405",839.187727212895,"48201"
"48081",839.187727212895,"48201"
"48081",839.187727212895,"48201"
"48141",36085.0722701546,"48201"
"18093",839.187727212895,"48201"
"40139",839.187727212895,"48201"
"48015",47833.7004511352,"48201"
"48055",13427.0036354063,"48201"
"48361",16783.7545442579,"48201"
"22051",11748.6281809806,"48201"
"48285",10909.4404537676,"48201"
"48285",10909.4404537676,"48201"
"48215",52868.8268144124,"48201"
"48285",10909.4404537676,"48201"
"48027",15105.3790898321,"48201"
"20091",5035.12636327736,"48201"
"48255",839.187727212895,"48201"
"34003",2517.56318163869,"48201"
"28049",5874.31409049028,"48201"
"48473",83918.7727212895,"48201"
"48367",5035.12636327736,"48201"
"40139",839.187727212895,"48201"
"40061",839.187727212895,"48201"
"47149",2517.56318163869,"48201"
"48299",1678.37545442579,"48201"
"01097",2517.56318163869,"48201"
"48163",839.187727212895,"48201"
"48249",839.187727212895,"48201"
"17031",839.187727212895,"48201"
"39089",839.187727212895,"48201"
"48289",2517.56318163869,"48201"
"48135",1678.37545442579,"48201"
"39045",1678.37545442579,"48201"
"48347",20979.6931803224,"48201"
"48185",16783.7545442579,"48201"
"48029",284484.639525172,"48201"
"48391",839.187727212895,"48201"
"48039",5025056.11055083,"48201"
"48471",15944.566817045,"48201"
"48321",32728.321361303,"48201"
"48165",839.187727212895,"48201"
"48405",839.187727212895,"48201"
"27003",839.187727212895,"48201"
"48027",15105.3790898321,"48201"
"40109",3356.75090885159,"48201"
"48141",36085.0722701546,"48201"
"24015",839.187727212895,"48201"
"24015",839.187727212895,"48201"
"48163",839.187727212895,"48201"
"48021",32728.321361303,"48201"
"28049",5874.31409049028,"48201"
"22015",839.187727212895,"48201"
"48167",1398086.75353668,"48201"
"48365",7552.68954491606,"48201"
"48215",52868.8268144124,"48201"
"48215",52868.8268144124,"48201"
"48299",1678.37545442579,"48201"
"39041",839.187727212895,"48201"
"48255",839.187727212895,"48201"
"01097",2517.56318163869,"48201"
"48407",7552.68954491606,"48201"
"48213",1678.37545442579,"48201"
"48347",20979.6931803224,"48201"
"48401",10909.4404537676,"48201"
"48021",32728.321361303,"48201"
"47149",2517.56318163869,"48201"
"48143",2517.56318163869,"48201"
"48143",2517.56318163869,"48201"
"28131",839.187727212895,"48201"
"48447",839.187727212895,"48201"
"48255",839.187727212895,"48201"
"22015",839.187727212895,"48201"
"24015",839.187727212895,"48201"
"48185",16783.7545442579,"48201"
"48013",1678.37545442579,"48201"
"13223",2517.56318163869,"48201"
"48481",85597.1481757153,"48201"
"48143",2517.56318163869,"48201"
"48265",5035.12636327736,"48201"
"48157",9750522.20248665,"48201"
"36047",1678.37545442579,"48201"
"48027",15105.3790898321,"48201"
"48285",10909.4404537676,"48201"
"48221",1678.37545442579,"48201"
"48473",83918.7727212895,"48201"
"01089",2517.56318163869,"48201"
"48329",8391.87727212895,"48201"
"22019",6713.50181770317,"48201"
"28049",5874.31409049028,"48201"
"22043",839.187727212895,"48201"
"22043",839.187727212895,"48201"
"22015",839.187727212895,"48201"
"48365",7552.68954491606,"48201"
"48239",4195.93863606447,"48201"
"29183",2517.56318163869,"48201"
"22019",6713.50181770317,"48201"
"48299",1678.37545442579,"48201"
"29183",2517.56318163869,"48201"
"48215",52868.8268144124,"48201"
"01089",2517.56318163869,"48201"
"48207",1678.37545442579,"48201"
"48185",16783.7545442579,"48201"
"37175",839.187727212895,"48201"
"48021",32728.321361303,"48201"
"48477",23497.2563619611,"48201"
"48477",23497.2563619611,"48201"
"48477",23497.2563619611,"48201"
"22039",839.187727212895,"48201"
"48277",839.187727212895,"48201"
"13255",1678.37545442579,"48201"
"17197",4195.93863606447,"48201"
"17203",839.187727212895,"48201"
"17197",4195.93863606447,"48201"
"24015",839.187727212895,"48201"
"22073",1678.37545442579,"48201"
"48363",839.187727212895,"48201"
"40139",839.187727212895,"48201"
"13097",839.187727212895,"48201"
"48241",5035.12636327736,"48201"
"48029",284484.639525172,"48201"
"48257",8391.87727212895,"48201"
"36047",1678.37545442579,"48201"
"22117",839.187727212895,"48201"
"48027",15105.3790898321,"48201"
"48313",7552.68954491606,"48201"
"20091",5035.12636327736,"48201"
"40139",839.187727212895,"48201"
"22001",3356.75090885159,"48201"
"17113",2517.56318163869,"48201"
"22027",839.187727212895,"48201"
"28049",5874.31409049028,"48201"
"17113",2517.56318163869,"48201"
"48151",839.187727212895,"48201"
"17203",839.187727212895,"48201"
"05131",839.187727212895,"48201"
"22039",839.187727212895,"48201"
"05031",839.187727212895,"48201"
"48299",1678.37545442579,"48201"
"22081",839.187727212895,"48201"
"22081",839.187727212895,"48201"
"13227",839.187727212895,"48201"
"48401",10909.4404537676,"48201"
"40061",839.187727212895,"48201"
"13227",839.187727212895,"48201"
"01097",2517.56318163869,"48201"
"37175",839.187727212895,"48201"
"22071",8391.87727212895,"48201"
"13223",2517.56318163869,"48201"
"06037",4195.93863606447,"48201"
"48463",1678.37545442579,"48201"
"48199",14266.1913626192,"48201"
"17197",4195.93863606447,"48201"
"48425",1678.37545442579,"48201"
"22015",839.187727212895,"48201"
"22051",11748.6281809806,"48201"
"29213",839.187727212895,"48201"
"48403",2517.56318163869,"48201"
"48143",2517.56318163869,"48201"
"48367",5035.12636327736,"48201"
"48223",4195.93863606447,"48201"
"48463",1678.37545442579,"48201"
"48257",8391.87727212895,"48201"
"48257",8391.87727212895,"48201"
"48135",1678.37545442579,"48201"
"48473",83918.7727212895,"48201"
"48221",1678.37545442579,"48201"
"39041",839.187727212895,"48201"
"48465",1678.37545442579,"48201"
"48157",9750522.20248665,"48201"
"34003",2517.56318163869,"48201"
"34003",2517.56318163869,"48201"
"48043",839.187727212895,"48201"
"06029",1678.37545442579,"48201"
"05133",839.187727212895,"48201"
"48479",6713.50181770317,"48201"
"22121",839.187727212895,"48201"
"05031",839.187727212895,"48201"
"22039",839.187727212895,"48201"
"48479",6713.50181770317,"48201"
"48041",44476.9495422835,"48201"
"48293",4195.93863606447,"48201"
"48073",4195.93863606447,"48201"
"48299",1678.37545442579,"48201"
"17031",839.187727212895,"48201"
"40031",839.187727212895,"48201"
"22051",11748.6281809806,"48201"
"13227",839.187727212895,"48201"
"24045",1678.37545442579,"48201"
"24045",1678.37545442579,"48201"
"48313",7552.68954491606,"48201"
"28131",839.187727212895,"48201"
"39089",839.187727212895,"48201"
"28101",839.187727212895,"48201"
"48013",1678.37545442579,"48201"
"48255",839.187727212895,"48201"
"48439",58743.1409049028,"48201"
"48039",5025056.11055083,"48201"
"22055",5035.12636327736,"48201"
"13097",839.187727212895,"48201"
"22071",8391.87727212895,"48201"
"18093",839.187727212895,"48201"
"24015",839.187727212895,"48201"
"36047",1678.37545442579,"48201"
"28105",839.187727212895,"48201"
"22019",6713.50181770317,"48201"
"48473",83918.7727212895,"48201"
"48313",7552.68954491606,"48201"
"48095",839.187727212895,"48201"
"48465",1678.37545442579,"48201"
"48465",1678.37545442579,"48201"
"01097",2517.56318163869,"48201"
"22043",839.187727212895,"48201"
"22043",839.187727212895,"48201"
"06029",1678.37545442579,"48201"
"22121",839.187727212895,"48201"
"48479",6713.50181770317,"48201"
"25027",4195.93863606447,"48201"
"22031",839.187727212895,"48201"
"48039",5025056.11055083,"48201"
"48041",44476.9495422835,"48201"
"48293",4195.93863606447,"48201"
"48361",16783.7545442579,"48201"
"48073",4195.93863606447,"48201"
"48021",32728.321361303,"48201"
"48299",1678.37545442579,"48201"
"48339",1786630.67123626,"48201"
"48245",96506.588629483,"48201"
"48323",3356.75090885159,"48201"
"22039",839.187727212895,"48201"
"13255",1678.37545442579,"48201"
"25025",7552.68954491606,"48201"
"22081",839.187727212895,"48201"
"22081",839.187727212895,"48201"
"22015",839.187727212895,"48201"
"24015",839.187727212895,"48201"
"17197",4195.93863606447,"48201"
"27003",839.187727212895,"48201"
"05131",839.187727212895,"48201"
"24031",1678.37545442579,"48201"
"39089",839.187727212895,"48201"
"48265",5035.12636327736,"48201"
"48257",8391.87727212895,"48201"
"48349",4195.93863606447,"48201"
"48405",839.187727212895,"48201"
"17179",839.187727212895,"48201"
"22053",839.187727212895,"48201"
"28105",839.187727212895,"48201"
"48221",1678.37545442579,"48201"
"48473",83918.7727212895,"48201"
"48473",83918.7727212895,"48201"
"48481",85597.1481757153,"48201"
"17113",2517.56318163869,"48201"
"13097",839.187727212895,"48201"
"48163",839.187727212895,"48201"
"48315",839.187727212895,"48201"
"17203",839.187727212895,"48201"
"17203",839.187727212895,"48201"
"48177",839.187727212895,"48201"
"48477",23497.2563619611,"48201"
"22031",839.187727212895,"48201"
"48089",17622.9422714708,"48201"
"48073",4195.93863606447,"48201"
"23031",839.187727212895,"48201"
"48293",4195.93863606447,"48201"
"48401",10909.4404537676,"48201"
"17031",839.187727212895,"48201"
"17031",839.187727212895,"48201"
"13223",2517.56318163869,"48201"
"48063",1678.37545442579,"48201"
"48463",1678.37545442579,"48201"
"48493",5035.12636327736,"48201"
"06037",4195.93863606447,"48201"
"48493",5035.12636327736,"48201"
"48439",58743.1409049028,"48201"
"40041",839.187727212895,"48201"
"48405",839.187727212895,"48201"
"48209",24336.444089174,"48201"
"13097",839.187727212895,"48201"
"48241",5035.12636327736,"48201"
"48403",2517.56318163869,"48201"
"28047",3356.75090885159,"48201"
"48265",5035.12636327736,"48201"
"48015",47833.7004511352,"48201"
"17179",839.187727212895,"48201"
"48043",839.187727212895,"48201"
"28105",839.187727212895,"48201"
"48043",839.187727212895,"48201"
"48425",1678.37545442579,"48201"
"48145",3356.75090885159,"48201"
"48221",1678.37545442579,"48201"
"48465",1678.37545442579,"48201"
"48157",9750522.20248665,"48201"
"48175",839.187727212895,"48201"
"06029",1678.37545442579,"48201"
"48291",126717.346809147,"48201"
"48315",839.187727212895,"48201"
"48163",839.187727212895,"48201"
"22019",6713.50181770317,"48201"
"48041",44476.9495422835,"48201"
"48177",839.187727212895,"48201"
"23031",839.187727212895,"48201"
"23031",839.187727212895,"48201"
"48025",1678.37545442579,"48201"
"48021",32728.321361303,"48201"
"17113",2517.56318163869,"48201"
"12086",3356.75090885159,"48201"
"48131",4195.93863606447,"48201"
"48131",4195.93863606447,"48201"
"48131",4195.93863606447,"48201"
"48131",4195.93863606447,"48201"
"48055",13427.0036354063,"48201"
"48213",1678.37545442579,"48201"
"48013",1678.37545442579,"48201"
"18093",839.187727212895,"48201"
"48507",839.187727212895,"48201"
"48013",1678.37545442579,"48201"
"48439",58743.1409049028,"48201"
"13227",839.187727212895,"48201"
"48457",5035.12636327736,"48201"
"29183",2517.56318163869,"48201"
"48225",6713.50181770317,"48201"
"48165",839.187727212895,"48201"
"47149",2517.56318163869,"48201"
"01089",2517.56318163869,"48201"
"48239",4195.93863606447,"48201"
"01073",5874.31409049028,"48201"
"29189",4195.93863606447,"48201"
"48405",839.187727212895,"48201"
"48425",1678.37545442579,"48201"
"39035",5035.12636327736,"48201"
"39041",839.187727212895,"48201"
"48505",839.187727212895,"48201"
"48505",839.187727212895,"48201"
"48505",839.187727212895,"48201"
"48427",5874.31409049028,"48201"
"22015",839.187727212895,"48201"
"22019",6713.50181770317,"48201"
"22121",839.187727212895,"48201"
"22105",3356.75090885159,"48201"
"48181",3356.75090885159,"48201"
"48163",839.187727212895,"48201"
"48161",1678.37545442579,"48201"
"48177",839.187727212895,"48201"
"48063",1678.37545442579,"48201"
"48181",3356.75090885159,"48201"
"48245",96506.588629483,"48201"
"48505",839.187727212895,"48201"
"48441",8391.87727212895,"48201"
"13223",2517.56318163869,"48201"
"48061",19301.3177258966,"48201"
"48293",4195.93863606447,"48201"
"48323",3356.75090885159,"48201"
"25025",7552.68954491606,"48201"
"22081",839.187727212895,"48201"
"40041",839.187727212895,"48201"
"48351",2517.56318163869,"48201"
"40041",839.187727212895,"48201"
"40041",839.187727212895,"48201"
"48099",5035.12636327736,"48201"
"05131",839.187727212895,"48201"
"48057",7552.68954491606,"48201"
"48225",6713.50181770317,"48201"
"22027",839.187727212895,"48201"
"48167",1398086.75353668,"48201"
"48015",47833.7004511352,"48201"
"48201",41101736.5034333,"48201"
"22063",839.187727212895,"48201"
"48267",839.187727212895,"48201"
"22033",7552.68954491606,"48201"
"22033",7552.68954491606,"48201"
"48145",3356.75090885159,"48201"
"48095",839.187727212895,"48201"
"48095",839.187727212895,"48201"
"18019",839.187727212895,"48201"
"18019",839.187727212895,"48201"
"06029",1678.37545442579,"48201"
"05131",839.187727212895,"48201"
"22105",3356.75090885159,"48201"
"48479",6713.50181770317,"48201"
"48453",150214.603171109,"48201"
"48025",1678.37545442579,"48201"
"48385",839.187727212895,"48201"
"48163",839.187727212895,"48201"
"06037",4195.93863606447,"48201"
"37175",839.187727212895,"48201"
"48401",10909.4404537676,"48201"
"48247",839.187727212895,"48201"
"12086",3356.75090885159,"48201"
"29055",839.187727212895,"48201"
"48175",839.187727212895,"48201"
"29055",839.187727212895,"48201"
"48329",8391.87727212895,"48201"
"22051",11748.6281809806,"48201"
"24045",1678.37545442579,"48201"
"25027",4195.93863606447,"48201"
"48405",839.187727212895,"48201"
"22019",6713.50181770317,"48201"
"48039",5025056.11055083,"48201"
"48455",2517.56318163869,"48201"
"13097",839.187727212895,"48201"
"22071",8391.87727212895,"48201"
"48223",4195.93863606447,"48201"
"48165",839.187727212895,"48201"
"22027",839.187727212895,"48201"
"29213",839.187727212895,"48201"
"22033",7552.68954491606,"48201"
"48167",1398086.75353668,"48201"
"22033",7552.68954491606,"48201"
"48213",1678.37545442579,"48201"
"39035",5035.12636327736,"48201"
"48293",4195.93863606447,"48201"
"48057",7552.68954491606,"48201"
"48465",1678.37545442579,"48201"
"23005",839.187727212895,"48201"
"22105",3356.75090885159,"48201"
"40109",3356.75090885159,"48201"
"48273",1678.37545442579,"48201"
"06029",1678.37545442579,"48201"
"48471",15944.566817045,"48201"
"48249",839.187727212895,"48201"
"29071",1678.37545442579,"48201"
"40061",839.187727212895,"48201"
"48113",159445.66817045,"48201"
"48161",1678.37545442579,"48201"
"48025",1678.37545442579,"48201"
"48441",8391.87727212895,"48201"
"48171",839.187727212895,"48201"
"48249",839.187727212895,"48201"
"48249",839.187727212895,"48201"
"29055",839.187727212895,"48201"
"48171",839.187727212895,"48201"
"01097",2517.56318163869,"48201"
"48423",26014.8195435998,"48201"
"48053",3356.75090885159,"48201"
"13227",839.187727212895,"48201"
"48133",1678.37545442579,"48201"
"48151",839.187727212895,"48201"
"48391",839.187727212895,"48201"
"48227",2517.56318163869,"48201"
"28101",839.187727212895,"48201"
"48351",2517.56318163869,"48201"
"48225",6713.50181770317,"48201"
"22117",839.187727212895,"48201"
"48165",839.187727212895,"48201"
"13223",2517.56318163869,"48201"
"48167",1398086.75353668,"48201"
"40027",839.187727212895,"48201"
"48167",1398086.75353668,"48201"
"48331",5874.31409049028,"48201"
"01073",5874.31409049028,"48201"
"48145",3356.75090885159,"48201"
"48143",2517.56318163869,"48201"
"48095",839.187727212895,"48201"
"48505",839.187727212895,"48201"
"18019",839.187727212895,"48201"
"48051",6713.50181770317,"48201"
"05131",839.187727212895,"48201"
"17203",839.187727212895,"48201"
"13255",1678.37545442579,"48201"
"40031",839.187727212895,"48201"
"12101",1678.37545442579,"48201"
"06029",1678.37545442579,"48201"
"22031",839.187727212895,"48201"
"22105",3356.75090885159,"48201"
"48181",3356.75090885159,"48201"
"48035",1678.37545442579,"48201"
"48249",839.187727212895,"48201"
"12086",3356.75090885159,"48201"
"12086",3356.75090885159,"48201"
"48005",16783.7545442579,"48201"
"48071",88953.899084567,"48201"
"48449",839.187727212895,"48201"
"28039",839.187727212895,"48201"
"48013",1678.37545442579,"48201"
"48365",7552.68954491606,"48201"
"22079",6713.50181770317,"48201"
"22031",839.187727212895,"48201"
"48209",24336.444089174,"48201"
"25025",7552.68954491606,"48201"
"48209",24336.444089174,"48201"
"39041",839.187727212895,"48201"
"48231",1678.37545442579,"48201"
"22055",5035.12636327736,"48201"
"37175",839.187727212895,"48201"
"48267",839.187727212895,"48201"
"22033",7552.68954491606,"48201"
"28131",839.187727212895,"48201"
"48493",5035.12636327736,"48201"
"48385",839.187727212895,"48201"
"17179",839.187727212895,"48201"
"48355",37763.4477245805,"48201"
"22033",7552.68954491606,"48201"
"48319",839.187727212895,"48201"
"28101",839.187727212895,"48201"
"48095",839.187727212895,"48201"
"48145",3356.75090885159,"48201"
"22043",839.187727212895,"48201"
"22043",839.187727212895,"48201"
"25027",4195.93863606447,"48201"
"48309",13427.0036354063,"48201"
"40031",839.187727212895,"48201"
"48385",839.187727212895,"48201"
"39095",2517.56318163869,"48201"
"48005",16783.7545442579,"48201"
"48241",5035.12636327736,"48201"
"39045",1678.37545442579,"48201"
"12086",3356.75090885159,"48201"
"48203",5035.12636327736,"48201"
"28089",2517.56318163869,"48201"
"48287",6713.50181770317,"48201"
"48043",839.187727212895,"48201"
"48043",839.187727212895,"48201"
"48325",2517.56318163869,"48201"
"36059",2517.56318163869,"48201"
"36059",2517.56318163869,"48201"
"48241",5035.12636327736,"48201"
"13097",839.187727212895,"48201"
"48391",839.187727212895,"48201"
"18005",3356.75090885159,"48201"
"37175",839.187727212895,"48201"
"48391",839.187727212895,"48201"
"22071",8391.87727212895,"48201"
"48231",1678.37545442579,"48201"
"48241",5035.12636327736,"48201"
"47149",2517.56318163869,"48201"
"22103",4195.93863606447,"48201"
"40027",839.187727212895,"48201"
"05031",839.187727212895,"48201"
"05031",839.187727212895,"48201"
"06037",4195.93863606447,"48201"
"28047",3356.75090885159,"48201"
"48201",41101736.5034333,"48201"
"48355",37763.4477245805,"48201"
"48465",1678.37545442579,"48201"
"48053",3356.75090885159,"48201"
"22071",8391.87727212895,"48201"
"48145",3356.75090885159,"48201"
"22017",5874.31409049028,"48201"
"48505",839.187727212895,"48201"
"12101",1678.37545442579,"48201"
"48397",4195.93863606447,"48201"
"48441",8391.87727212895,"48201"
"48273",1678.37545442579,"48201"
"29219",839.187727212895,"48201"
"22017",5874.31409049028,"48201"
"48161",1678.37545442579,"48201"
"48049",1678.37545442579,"48201"
"28089",2517.56318163869,"48201"
"48247",839.187727212895,"48201"
"48071",88953.899084567,"48201"
"13223",2517.56318163869,"48201"
"39095",2517.56318163869,"48201"
"48005",16783.7545442579,"48201"
"22027",839.187727212895,"48201"
"28131",839.187727212895,"48201"
"48123",5035.12636327736,"48201"
"48451",4195.93863606447,"48201"
"48133",1678.37545442579,"48201"
"13227",839.187727212895,"48201"
"29055",839.187727212895,"48201"
"48227",2517.56318163869,"48201"
"28101",839.187727212895,"48201"
"36059",2517.56318163869,"48201"
"22117",839.187727212895,"48201"
"22055",5035.12636327736,"48201"
"48089",17622.9422714708,"48201"
"48385",839.187727212895,"48201"
"37193",839.187727212895,"48201"
"06037",4195.93863606447,"48201"
"48385",839.187727212895,"48201"
"22099",1678.37545442579,"48201"
"29099",3356.75090885159,"48201"
"48029",284484.639525172,"48201"
"28101",839.187727212895,"48201"
"48053",3356.75090885159,"48201"
"48145",3356.75090885159,"48201"
"25027",4195.93863606447,"48201"
"17203",839.187727212895,"48201"
"29219",839.187727212895,"48201"
"22017",5874.31409049028,"48201"
"01089",2517.56318163869,"48201"
"48291",126717.346809147,"48201"
"22105",3356.75090885159,"48201"
"22105",3356.75090885159,"48201"
"48091",12587.8159081935,"48201"
"48091",12587.8159081935,"48201"
"48401",10909.4404537676,"48201"
"48161",1678.37545442579,"48201"
"48171",839.187727212895,"48201"
"24041",839.187727212895,"48201"
"48287",6713.50181770317,"48201"
"48325",2517.56318163869,"48201"
"48325",2517.56318163869,"48201"
"48071",88953.899084567,"48201"
"48013",1678.37545442579,"48201"
"28121",2517.56318163869,"48201"
"22079",6713.50181770317,"48201"
"22031",839.187727212895,"48201"
"48177",839.187727212895,"48201"
"18005",3356.75090885159,"48201"
"22079",6713.50181770317,"48201"
"48209",24336.444089174,"48201"
"48491",184621.299986837,"48201"
"48351",2517.56318163869,"48201"
"48285",10909.4404537676,"48201"
"48267",839.187727212895,"48201"
"48063",1678.37545442579,"48201"
"22073",1678.37545442579,"48201"
"22073",1678.37545442579,"48201"
"17179",839.187727212895,"48201"
"48355",37763.4477245805,"48201"
"48257",8391.87727212895,"48201"
"39041",839.187727212895,"48201"
"48049",1678.37545442579,"48201"
"48319",839.187727212895,"48201"
"48095",839.187727212895,"48201"
"48053",3356.75090885159,"48201"
"22071",8391.87727212895,"48201"
"48427",5874.31409049028,"48201"
"48479",6713.50181770317,"48201"
"29219",839.187727212895,"48201"
"48041",44476.9495422835,"48201"
"48157",9750522.20248665,"48201"
"48471",15944.566817045,"48201"
"48251",10909.4404537676,"48201"
"48039",5025056.11055083,"48201"
"48089",17622.9422714708,"48201"
"48035",1678.37545442579,"48201"
"28089",2517.56318163869,"48201"
"48251",10909.4404537676,"48201"
"12101",1678.37545442579,"48201"
"48395",7552.68954491606,"48201"
"48135",1678.37545442579,"48201"
"48325",2517.56318163869,"48201"
"28039",839.187727212895,"48201"
"48423",26014.8195435998,"48201"
"48037",4195.93863606447,"48201"
"48329",8391.87727212895,"48201"
"18005",3356.75090885159,"48201"
"48133",1678.37545442579,"48201"
"48199",14266.1913626192,"48201"
"36059",2517.56318163869,"48201"
"48199",14266.1913626192,"48201"
"48167",1398086.75353668,"48201"
"48039",5025056.11055083,"48201"
"48493",5035.12636327736,"48201"
"40027",839.187727212895,"48201"
"28131",839.187727212895,"48201"
"48201",41101736.5034333,"48201"
"22099",1678.37545442579,"48201"
"48455",2517.56318163869,"48201"
"48331",5874.31409049028,"48201"
"48331",5874.31409049028,"48201"
"37193",839.187727212895,"48201"
"48355",37763.4477245805,"48201"
"22051",11748.6281809806,"48201"
"48157",9750522.20248665,"48201"
"18019",839.187727212895,"48201"
"01089",2517.56318163869,"48201"
"12101",1678.37545442579,"48201"
"05031",839.187727212895,"48201"
"48157",9750522.20248665,"48201"
"29077",1678.37545442579,"48201"
"22017",5874.31409049028,"48201"
"48089",17622.9422714708,"48201"
"29219",839.187727212895,"48201"
"48091",12587.8159081935,"48201"
"48427",5874.31409049028,"48201"
"18019",839.187727212895,"48201"
"18019",839.187727212895,"48201"
"48059",839.187727212895,"48201"
"48161",1678.37545442579,"48201"
"40041",839.187727212895,"48201"
"48131",4195.93863606447,"48201"
"48315",839.187727212895,"48201"
"48071",88953.899084567,"48201"
"48133",1678.37545442579,"48201"
"48325",2517.56318163869,"48201"
"12095",4195.93863606447,"48201"
"25025",7552.68954491606,"48201"
"48133",1678.37545442579,"48201"
"24031",1678.37545442579,"48201"
"28101",839.187727212895,"48201"
"37175",839.187727212895,"48201"
"48187",17622.9422714708,"48201"
"48457",5035.12636327736,"48201"
"40031",839.187727212895,"48201"
"22055",5035.12636327736,"48201"
"22099",1678.37545442579,"48201"
"48207",1678.37545442579,"48201"
"48491",184621.299986837,"48201"
"22099",1678.37545442579,"48201"
"48409",9231.06499934187,"48201"
"29099",3356.75090885159,"48201"
"48029",284484.639525172,"48201"
"48425",1678.37545442579,"48201"
"29013",839.187727212895,"48201"
"12101",1678.37545442579,"48201"
"48319",839.187727212895,"48201"
"48113",159445.66817045,"48201"
"48363",839.187727212895,"48201"
"48319",839.187727212895,"48201"
"48177",839.187727212895,"48201"
"05113",839.187727212895,"48201"
"05113",839.187727212895,"48201"
"05113",839.187727212895,"48201"
"23005",839.187727212895,"48201"
"29077",1678.37545442579,"48201"
"48203",5035.12636327736,"48201"
"48187",17622.9422714708,"48201"
"39095",2517.56318163869,"48201"
"48251",10909.4404537676,"48201"
"48439",58743.1409049028,"48201"
"12086",3356.75090885159,"48201"
"17097",4195.93863606447,"48201"
"12095",4195.93863606447,"48201"
"48005",16783.7545442579,"48201"
"48277",839.187727212895,"48201"
"29213",839.187727212895,"48201"
"01073",5874.31409049028,"48201"
"18005",3356.75090885159,"48201"
"28039",839.187727212895,"48201"
"22079",6713.50181770317,"48201"
"48099",5035.12636327736,"48201"
"48165",839.187727212895,"48201"
"48267",839.187727212895,"48201"
"17179",839.187727212895,"48201"
"48099",5035.12636327736,"48201"
"29213",839.187727212895,"48201"
"06037",4195.93863606447,"48201"
"48203",5035.12636327736,"48201"
"22063",839.187727212895,"48201"
"48423",26014.8195435998,"48201"
"48081",839.187727212895,"48201"
"48081",839.187727212895,"48201"
"48053",3356.75090885159,"48201"
"48391",839.187727212895,"48201"
"48029",284484.639525172,"48201"
"20091",5035.12636327736,"48201"
"48397",4195.93863606447,"48201"
"48319",839.187727212895,"48201"
"48397",4195.93863606447,"48201"
"23005",839.187727212895,"48201"
"23005",839.187727212895,"48201"
"55043",839.187727212895,"48201"
"28047",3356.75090885159,"48201"
"48089",17622.9422714708,"48201"
"22055",5035.12636327736,"48201"
"48249",839.187727212895,"48201"
"28089",2517.56318163869,"48201"
"48247",839.187727212895,"48201"
"24041",839.187727212895,"48201"
"48287",6713.50181770317,"48201"
"39095",2517.56318163869,"48201"
"48151",839.187727212895,"48201"
"22005",3356.75090885159,"48201"
"48123",5035.12636327736,"48201"
"28121",2517.56318163869,"48201"
"48119",1678.37545442579,"48201"
"48451",4195.93863606447,"48201"
"12095",4195.93863606447,"48201"
"48133",1678.37545442579,"48201"
"28039",839.187727212895,"48201"
"48459",5874.31409049028,"48201"
"36059",2517.56318163869,"48201"
"48459",5874.31409049028,"48201"
"47149",2517.56318163869,"48201"
"48217",839.187727212895,"48201"
"48239",4195.93863606447,"48201"
"25025",7552.68954491606,"48201"
"48491",184621.299986837,"48201"
"48139",10070.2527265548,"48201"
"55043",839.187727212895,"48201"
"29099",3356.75090885159,"48201"
"48463",1678.37545442579,"48201"
"48053",3356.75090885159,"48201"
"29099",3356.75090885159,"48201"
"48391",839.187727212895,"48201"
"29013",839.187727212895,"48201"
"05133",839.187727212895,"48201"
"48063",1678.37545442579,"48201"
"34003",2517.56318163869,"48201"
"48319",839.187727212895,"48201"
"48019",2517.56318163869,"48201"
"29219",839.187727212895,"48201"
"29219",839.187727212895,"48201"
"48091",12587.8159081935,"48201"
"28047",3356.75090885159,"48201"
"48089",17622.9422714708,"48201"
"48247",839.187727212895,"48201"
"48339",1786630.67123626,"48201"
"48251",10909.4404537676,"48201"
"39095",2517.56318163869,"48201"
"48161",1678.37545442579,"48201"
"48291",126717.346809147,"48201"
"55079",5035.12636327736,"48201"
"48131",4195.93863606447,"48201"
"48151",839.187727212895,"48201"
"48071",88953.899084567,"48201"
"28121",2517.56318163869,"48201"
"48005",16783.7545442579,"48201"
"48491",184621.299986837,"48201"
"29055",839.187727212895,"48201"
"55063",839.187727212895,"48201"
"48187",17622.9422714708,"48201"
"48227",2517.56318163869,"48201"
"48187",17622.9422714708,"48201"
"48187",17622.9422714708,"48201"
"48323",3356.75090885159,"48201"
"48267",839.187727212895,"48201"
"25025",7552.68954491606,"48201"
"48037",4195.93863606447,"48201"
"47149",2517.56318163869,"48201"
"24003",2517.56318163869,"48201"
"48409",9231.06499934187,"48201"
"28047",3356.75090885159,"48201"
"37193",839.187727212895,"48201"
"29013",839.187727212895,"48201"
"22087",1678.37545442579,"48201"
"29013",839.187727212895,"48201"
"40109",3356.75090885159,"48201"
"48291",126717.346809147,"48201"
"24003",2517.56318163869,"48201"
"48385",839.187727212895,"48201"
"48479",6713.50181770317,"48201"
"05113",839.187727212895,"48201"
"40109",3356.75090885159,"48201"
"29077",1678.37545442579,"48201"
"48245",96506.588629483,"48201"
"48203",5035.12636327736,"48201"
"39095",2517.56318163869,"48201"
"40031",839.187727212895,"48201"
"40031",839.187727212895,"48201"
"48061",19301.3177258966,"48201"
"55079",5035.12636327736,"48201"
"17031",839.187727212895,"48201"
"48151",839.187727212895,"48201"
"48449",839.187727212895,"48201"
"48325",2517.56318163869,"48201"
"48427",5874.31409049028,"48201"
"12095",4195.93863606447,"48201"
"48119",1678.37545442579,"48201"
"28039",839.187727212895,"48201"
"48365",7552.68954491606,"48201"
"22079",6713.50181770317,"48201"
"48361",16783.7545442579,"48201"
"17179",839.187727212895,"48201"
"48099",5035.12636327736,"48201"
"48099",5035.12636327736,"48201"
"28039",839.187727212895,"48201"
"48215",52868.8268144124,"48201"
"05113",839.187727212895,"48201"
"48323",3356.75090885159,"48201"
"48423",26014.8195435998,"48201"
"48423",26014.8195435998,"48201"
"48423",26014.8195435998,"48201"
"48019",2517.56318163869,"48201"
"22087",1678.37545442579,"48201"
"29013",839.187727212895,"48201"
"48165",839.187727212895,"48201"
"39089",839.187727212895,"48201"
"48031",839.187727212895,"48201"
"20091",5035.12636327736,"48201"
"48457",5035.12636327736,"48201"
"48471",15944.566817045,"48201"
"40109",3356.75090885159,"48201"
"48371",839.187727212895,"48201"
"48049",1678.37545442579,"48201"
"48351",2517.56318163869,"48201"
"28105",839.187727212895,"48201"
"24041",839.187727212895,"48201"
"48471",15944.566817045,"48201"
"45047",839.187727212895,"48201"
"48085",73848.5199947347,"48201"
"22079",6713.50181770317,"48201"
"48051",6713.50181770317,"48201"
"48175",839.187727212895,"48201"
"55079",5035.12636327736,"48201"
"48291",126717.346809147,"48201"
"48071",88953.899084567,"48201"
"48025",1678.37545442579,"48201"
"48025",1678.37545442579,"48201"
"48469",19301.3177258966,"48201"
"48239",4195.93863606447,"48201"
"48493",5035.12636327736,"48201"
"48459",5874.31409049028,"48201"
"48199",14266.1913626192,"48201"
"48349",4195.93863606447,"48201"
"48239",4195.93863606447,"48201"
"48147",839.187727212895,"48201"
"48349",4195.93863606447,"48201"
"48207",1678.37545442579,"48201"
"48041",44476.9495422835,"48201"
"48139",10070.2527265548,"48201"
"48201",41101736.5034333,"48201"
"39045",1678.37545442579,"48201"
"48081",839.187727212895,"48201"
"40027",839.187727212895,"48201"
"48231",1678.37545442579,"48201"
"48123",5035.12636327736,"48201"
"22087",1678.37545442579,"48201"
"22005",3356.75090885159,"48201"
"22017",5874.31409049028,"48201"
"48019",2517.56318163869,"48201"
"48085",73848.5199947347,"48201"
"48371",839.187727212895,"48201"
"48477",23497.2563619611,"48201"
"48057",7552.68954491606,"48201"
"48371",839.187727212895,"48201"
"29077",1678.37545442579,"48201"
"48007",4195.93863606447,"48201"
"48371",839.187727212895,"48201"
"48247",839.187727212895,"48201"
"23005",839.187727212895,"48201"
"48051",6713.50181770317,"48201"
"48439",58743.1409049028,"48201"
"48287",6713.50181770317,"48201"
"48171",839.187727212895,"48201"
"48119",1678.37545442579,"48201"
"48119",1678.37545442579,"48201"
"48277",839.187727212895,"48201"
"48063",1678.37545442579,"48201"
"18005",3356.75090885159,"48201"
"01073",5874.31409049028,"48201"
"48227",2517.56318163869,"48201"
"48187",17622.9422714708,"48201"
"48227",2517.56318163869,"48201"
"29189",4195.93863606447,"48201"
"55063",839.187727212895,"48201"
"48217",839.187727212895,"48201"
"05133",839.187727212895,"48201"
"48323",3356.75090885159,"48201"
"48323",3356.75090885159,"48201"
"48037",4195.93863606447,"48201"
"48139",10070.2527265548,"48201"
"24003",2517.56318163869,"48201"
"48463",1678.37545442579,"48201"
"24031",1678.37545442579,"48201"
"48217",839.187727212895,"48201"
"48231",1678.37545442579,"48201"
"28105",839.187727212895,"48201"
"05131",839.187727212895,"48201"
"24003",2517.56318163869,"48201"
"48031",839.187727212895,"48201"
"37193",839.187727212895,"48201"
"48477",23497.2563619611,"48201"
"28047",3356.75090885159,"48201"
"36047",1678.37545442579,"48201"
"22055",5035.12636327736,"48201"
"48171",839.187727212895,"48201"
"48471",15944.566817045,"48201"
"48203",5035.12636327736,"48201"
"48113",159445.66817045,"48201"
"24041",839.187727212895,"48201"
"48251",10909.4404537676,"48201"
"01097",2517.56318163869,"48201"
"48439",58743.1409049028,"48201"
"55079",5035.12636327736,"48201"
"48051",6713.50181770317,"48201"
"48449",839.187727212895,"48201"
"17097",4195.93863606447,"48201"
"13255",1678.37545442579,"48201"
"55079",5035.12636327736,"48201"
"36005",4195.93863606447,"48201"
"01073",5874.31409049028,"48201"
"48459",5874.31409049028,"48201"
"48493",5035.12636327736,"48201"
"48267",839.187727212895,"48201"
"48209",24336.444089174,"48201"
"48149",7552.68954491606,"48201"
"28089",2517.56318163869,"48201"
"48207",1678.37545442579,"48201"
"48215",52868.8268144124,"48201"
"48139",10070.2527265548,"48201"
"48139",10070.2527265548,"48201"
"29099",3356.75090885159,"48201"
"48201",41101736.5034333,"48201"
"18005",3356.75090885159,"48201"
"48225",6713.50181770317,"48201"
"48123",5035.12636327736,"48201"
"48041",44476.9495422835,"48201"
"22087",1678.37545442579,"48201"
"22087",1678.37545442579,"48201"
"22005",3356.75090885159,"48201"
"48113",159445.66817045,"48201"
"55043",839.187727212895,"48201"
"48265",5035.12636327736,"48201"
"48043",839.187727212895,"48201"
"22005",3356.75090885159,"48201"
"48113",159445.66817045,"48201"
"48371",839.187727212895,"48201"
"48113",159445.66817045,"48201"
"29077",1678.37545442579,"48201"
"48049",1678.37545442579,"48201"
"48363",839.187727212895,"48201"
"48251",10909.4404537676,"48201"
"48441",8391.87727212895,"48201"
"48175",839.187727212895,"48201"
"48287",6713.50181770317,"48201"
"48309",13427.0036354063,"48201"
"22121",839.187727212895,"48201"
"40041",839.187727212895,"48201"
"13255",1678.37545442579,"48201"
"48005",16783.7545442579,"48201"
"12095",4195.93863606447,"48201"
"36005",4195.93863606447,"48201"
"55063",839.187727212895,"48201"
"48459",5874.31409049028,"48201"
"48037",4195.93863606447,"48201"
"22117",839.187727212895,"48201"
"29183",2517.56318163869,"48201"
"28089",2517.56318163869,"48201"
"48147",839.187727212895,"48201"
"29213",839.187727212895,"48201"
"48207",1678.37545442579,"48201"
"40039",1678.37545442579,"48201"
"48035",1678.37545442579,"48201"
"39045",1678.37545442579,"48201"
"40027",839.187727212895,"48201"
"24031",1678.37545442579,"48201"
"48507",839.187727212895,"48201"
"48231",1678.37545442579,"48201"
"22039",839.187727212895,"48201"
"29013",839.187727212895,"48201"
"05113",839.187727212895,"48201"
"48347",20979.6931803224,"48201"
"23031",839.187727212895,"48201"
"22073",1678.37545442579,"48201"
"48049",1678.37545442579,"48201"
"48371",839.187727212895,"48201"
"27003",839.187727212895,"48201"
"29077",1678.37545442579,"48201"
"48379",2517.56318163869,"48201"
"48259",3356.75090885159,"48201"
"48273",1678.37545442579,"48201"
"48273",1678.37545442579,"48201"
"48273",1678.37545442579,"48201"
"48441",8391.87727212895,"48201"
"45047",839.187727212895,"48201"
"17097",4195.93863606447,"48201"
"48449",839.187727212895,"48201"
"48449",839.187727212895,"48201"
"48427",5874.31409049028,"48201"
"48119",1678.37545442579,"48201"
"36059",2517.56318163869,"48201"
"28121",2517.56318163869,"48201"
"48365",7552.68954491606,"48201"
"48227",2517.56318163869,"48201"
"29189",4195.93863606447,"48201"
"22063",839.187727212895,"48201"
"48067",1678.37545442579,"48201"
"40039",1678.37545442579,"48201"
"48177",839.187727212895,"48201"
"48139",10070.2527265548,"48201"
"40039",1678.37545442579,"48201"
"48067",1678.37545442579,"48201"
"48447",839.187727212895,"48201"
"05133",839.187727212895,"48201"
"55043",839.187727212895,"48201"
"48201",41101736.5034333,"48201"
"23031",839.187727212895,"48201"
"22099",1678.37545442579,"48201"
"22001",3356.75090885159,"48201"
"48061",19301.3177258966,"48201"
"39035",5035.12636327736,"48201"
"39035",5035.12636327736,"48201"
"48507",839.187727212895,"48201"
"48347",20979.6931803224,"48201"
"22073",1678.37545442579,"48201"
"48223",4195.93863606447,"48201"
"40109",3356.75090885159,"48201"
"48203",5035.12636327736,"48201"
"48223",4195.93863606447,"48201"
"13255",1678.37545442579,"48201"
"22053",839.187727212895,"48201"
"48351",2517.56318163869,"48201"
"48363",839.187727212895,"48201"
"48175",839.187727212895,"48201"
"48059",839.187727212895,"48201"
"48441",8391.87727212895,"48201"
"48287",6713.50181770317,"48201"
"22053",839.187727212895,"48201"
"48449",839.187727212895,"48201"
"48059",839.187727212895,"48201"
"48181",3356.75090885159,"48201"
"48119",1678.37545442579,"48201"
"48239",4195.93863606447,"48201"
"48459",5874.31409049028,"48201"
"12095",4195.93863606447,"48201"
"25027",4195.93863606447,"48201"
"22121",839.187727212895,"48201"
"28079",839.187727212895,"48201"
"28079",839.187727212895,"48201"
"29213",839.187727212895,"48201"
"48207",1678.37545442579,"48201"
"28079",839.187727212895,"48201"
"48015",47833.7004511352,"48201"
"28079",839.187727212895,"48201"
"40027",839.187727212895,"48201"
"39045",1678.37545442579,"48201"
"48217",839.187727212895,"48201"
"22099",1678.37545442579,"48201"
"48401",10909.4404537676,"48201"
"28105",839.187727212895,"48201"
"48123",5035.12636327736,"48201"
"48061",19301.3177258966,"48201"
"24041",839.187727212895,"48201"
"48507",839.187727212895,"48201"
"48061",19301.3177258966,"48201"
"48259",3356.75090885159,"48201"
"48339",1786630.67123626,"48201"
"48223",4195.93863606447,"48201"
"36047",1678.37545442579,"48201"
"48379",2517.56318163869,"48201"
"48351",2517.56318163869,"48201"
"47157",6713.50181770317,"48201"
"17097",4195.93863606447,"48201"
"48059",839.187727212895,"48201"
"48245",96506.588629483,"48201"
"48309",13427.0036354063,"48201"
"48051",6713.50181770317,"48201"
"48051",6713.50181770317,"48201"
"48031",839.187727212895,"48201"
"12101",1678.37545442579,"48201"
"48181",3356.75090885159,"48201"
"48329",8391.87727212895,"48201"
"28131",839.187727212895,"48201"
"48067",1678.37545442579,"48201"
"36005",4195.93863606447,"48201"
"24045",1678.37545442579,"48201"
"48469",19301.3177258966,"48201"
"48397",4195.93863606447,"48201"
"48149",7552.68954491606,"48201"
"48469",19301.3177258966,"48201"
"40039",1678.37545442579,"48201"
"28079",839.187727212895,"48201"
"47187",6713.50181770317,"48201"
"47187",6713.50181770317,"48201"
"24003",2517.56318163869,"48201"
"47187",6713.50181770317,"48201"
"48185",16783.7545442579,"48201"
"48149",7552.68954491606,"48201"
"48183",20140.5054531095,"48201"
"45047",839.187727212895,"48201"
"48061",19301.3177258966,"48201"
"23005",839.187727212895,"48201"
"48289",2517.56318163869,"48201"
"48259",3356.75090885159,"48201"
"48507",839.187727212895,"48201"
"34003",2517.56318163869,"48201"
"18093",839.187727212895,"48201"
"27003",839.187727212895,"48201"
"27003",839.187727212895,"48201"
"48379",2517.56318163869,"48201"
"48259",3356.75090885159,"48201"
"22087",1678.37545442579,"48201"
"47157",6713.50181770317,"48201"
"48175",839.187727212895,"48201"
"48085",73848.5199947347,"48201"
"48031",839.187727212895,"48201"
"48059",839.187727212895,"48201"
"48031",839.187727212895,"48201"
"17097",4195.93863606447,"48201"
"48031",839.187727212895,"48201"
"48277",839.187727212895,"48201"
"48427",5874.31409049028,"48201"
"48499",5035.12636327736,"48201"
"48019",2517.56318163869,"48201"
"48349",4195.93863606447,"48201"
"36005",4195.93863606447,"48201"
"48349",4195.93863606447,"48201"
"36005",4195.93863606447,"48201"
"48149",7552.68954491606,"48201"
"48467",5035.12636327736,"48201"
"40039",1678.37545442579,"48201"
"48373",14266.1913626192,"48201"
"48147",839.187727212895,"48201"
"47187",6713.50181770317,"48201"
"48149",7552.68954491606,"48201"
"39045",1678.37545442579,"48201"
"48067",1678.37545442579,"48201"
"29099",3356.75090885159,"48201"
"48467",5035.12636327736,"48201"
"48425",1678.37545442579,"48201"
"48491",184621.299986837,"48201"
"48409",9231.06499934187,"48201"
"48409",9231.06499934187,"48201"
"39035",5035.12636327736,"48201"
"29071",1678.37545442579,"48201"
"18093",839.187727212895,"48201"
"48049",1678.37545442579,"48201"
"18093",839.187727212895,"48201"
"48027",15105.3790898321,"48201"
"48027",15105.3790898321,"48201"
"47157",6713.50181770317,"48201"
"47157",6713.50181770317,"48201"
"36047",1678.37545442579,"48201"
"24041",839.187727212895,"48201"
"48273",1678.37545442579,"48201"
"45047",839.187727212895,"48201"
"48309",13427.0036354063,"48201"
"17097",4195.93863606447,"48201"
"48059",839.187727212895,"48201"
"22053",839.187727212895,"48201"
"22053",839.187727212895,"48201"
"48171",839.187727212895,"48201"
"28121",2517.56318163869,"48201"
"36005",4195.93863606447,"48201"
"28079",839.187727212895,"48201"
"48499",5035.12636327736,"48201"
"48397",4195.93863606447,"48201"
"48209",24336.444089174,"48201"
"22031",839.187727212895,"48201"
"48373",14266.1913626192,"48201"
"48373",14266.1913626192,"48201"
"37193",839.187727212895,"48201"
"48475",839.187727212895,"48201"
"48453",150214.603171109,"48201"
"47187",6713.50181770317,"48201"
"48035",1678.37545442579,"48201"
"24003",2517.56318163869,"48201"
"48451",4195.93863606447,"48201"
"24045",1678.37545442579,"48201"
"23031",839.187727212895,"48201"
"55043",839.187727212895,"48201"
"48265",5035.12636327736,"48201"
"39035",5035.12636327736,"48201"
"55043",839.187727212895,"48201"
"48247",839.187727212895,"48201"
"48347",20979.6931803224,"48201"
"48085",73848.5199947347,"48201"
"48085",73848.5199947347,"48201"
"48085",73848.5199947347,"48201"
"48339",1786630.67123626,"48201"
"27003",839.187727212895,"48201"
"48379",2517.56318163869,"48201"
"48147",839.187727212895,"48201"
"47157",6713.50181770317,"48201"
"48309",13427.0036354063,"48201"
"22017",5874.31409049028,"48201"
"22053",839.187727212895,"48201"
"48373",14266.1913626192,"48201"
"22005",3356.75090885159,"48201"
"48181",3356.75090885159,"48201"
"48373",14266.1913626192,"48201"
"48451",4195.93863606447,"48201"
"48277",839.187727212895,"48201"
"28121",2517.56318163869,"48201"
"48499",5035.12636327736,"48201"
"48499",5035.12636327736,"48201"
"48453",150214.603171109,"48201"
"55079",5035.12636327736,"48201"
"48277",839.187727212895,"48201"
"48373",14266.1913626192,"48201"
"48491",184621.299986837,"48201"
"48057",7552.68954491606,"48201"
"48231",1678.37545442579,"48201"
"29071",1678.37545442579,"48201"
"34003",2517.56318163869,"48201"
"48409",9231.06499934187,"48201"
"48469",19301.3177258966,"48201"
"48499",5035.12636327736,"48201"
"48409",9231.06499934187,"48201"
"48183",20140.5054531095,"48201"
"48183",20140.5054531095,"48201"
"48183",20140.5054531095,"48201"
"48183",20140.5054531095,"48201"
"48245",96506.588629483,"48201"
"48309",13427.0036354063,"48201"
"48123",5035.12636327736,"48201"
"48057",7552.68954491606,"48201"
"22073",1678.37545442579,"48201"
"29071",1678.37545442579,"48201"
"48291",126717.346809147,"48201"
"48147",839.187727212895,"48201"
"22063",839.187727212895,"48201"
"48007",4195.93863606447,"48201"
"22005",3356.75090885159,"48201"
"47157",6713.50181770317,"48201"
"45047",839.187727212895,"48201"
"48403",2517.56318163869,"48201"
"48183",20140.5054531095,"48201"
"48475",839.187727212895,"48201"
"48091",12587.8159081935,"48201"
"48507",839.187727212895,"48201"
"48315",839.187727212895,"48201"
"48469",19301.3177258966,"48201"
"48025",1678.37545442579,"48201"
"48397",4195.93863606447,"48201"
"48453",150214.603171109,"48201"
"48149",7552.68954491606,"48201"
"47187",6713.50181770317,"48201"
"48403",2517.56318163869,"48201"
"48073",4195.93863606447,"48201"
"48245",96506.588629483,"48201"
"48007",4195.93863606447,"48201"
"48213",1678.37545442579,"48201"
"48447",839.187727212895,"48201"
"48403",2517.56318163869,"48201"
"22063",839.187727212895,"48201"
"48451",4195.93863606447,"48201"
"29071",1678.37545442579,"48201"
"48063",1678.37545442579,"48201"
"48217",839.187727212895,"48201"
"48339",1786630.67123626,"48201"
"48339",1786630.67123626,"48201"
"48007",4195.93863606447,"48201"
"48007",4195.93863606447,"48201"
"48475",839.187727212895,"48201"
"48185",16783.7545442579,"48201"
"48361",16783.7545442579,"48201"
"48379",2517.56318163869,"48201"
"48453",150214.603171109,"48201"
"48035",1678.37545442579,"48201"
"48467",5035.12636327736,"48201"
"48035",1678.37545442579,"48201"
"48467",5035.12636327736,"48201"
"48241",5035.12636327736,"48201"
"24045",1678.37545442579,"48201"
"48151",839.187727212895,"48201"
"48073",4195.93863606447,"48201"
"48329",8391.87727212895,"48201"
"48329",8391.87727212895,"48201"
"40039",1678.37545442579,"48201"
"29071",1678.37545442579,"48201"
"48019",2517.56318163869,"48201"
"48475",839.187727212895,"48201"
"48007",4195.93863606447,"48201"
"48499",5035.12636327736,"48201"
"48453",150214.603171109,"48201"
"48225",6713.50181770317,"48201"
"48147",839.187727212895,"48201"
"48037",4195.93863606447,"48201"
"48355",37763.4477245805,"48201"
"48185",16783.7545442579,"48201"
"48349",4195.93863606447,"48201"
"48067",1678.37545442579,"48201"
"29189",4195.93863606447,"48201"
"48091",12587.8159081935,"48201"
"48019",2517.56318163869,"48201"
"48037",4195.93863606447,"48201"
"37193",839.187727212895,"48201"
"48217",839.187727212895,"48201"
"48403",2517.56318163869,"48201"
"22121",839.187727212895,"48201"
"48073",4195.93863606447,"48201"
"24031",1678.37545442579,"48201"
"48361",16783.7545442579,"48201"
"29189",4195.93863606447,"48201"
"29055",839.187727212895,"48201"
"48467",5035.12636327736,"48201"
"48467",5035.12636327736,"48201"
"48451",4195.93863606447,"48201"
"48379",2517.56318163869,"48201"
"48355",37763.4477245805,"48201"
"22063",839.187727212895,"48201"
"22117",839.187727212895,"48201"
"48213",1678.37545442579,"48201"
"48225",6713.50181770317,"48201"
"48099",5035.12636327736,"48201"
"29189",4195.93863606447,"48201"
"48213",1678.37545442579,"48201"
"48067",1678.37545442579,"48201"
"48469",19301.3177258966,"48201"
"28045",18.518218976037,"48201"
"22051",18.518218976037,"48201"
"48493",55.554656928111,"48201"
"22019",18.518218976037,"48201"
"22027",18.518218976037,"48201"
"48073",18.518218976037,"48201"
"48091",74.0728759041481,"48201"
"48185",74.0728759041481,"48201"
"12033",18.518218976037,"48201"
"48149",18.518218976037,"48201"
"48473",333.327941568666,"48201"
"48481",370.364379520741,"48201"
"48139",185.18218976037,"48201"
"48265",55.554656928111,"48201"
"13121",18.518218976037,"48201"
"48441",37.036437952074,"48201"
"22101",18.518218976037,"48201"
"48365",18.518218976037,"48201"
"48165",18.518218976037,"48201"
"48249",55.554656928111,"48201"
"48089",37.036437952074,"48201"
"48055",18.518218976037,"48201"
"48409",111.109313856222,"48201"
"48255",18.518218976037,"48201"
"48135",129.627532832259,"48201"
"24005",18.518218976037,"48201"
"48157",9166.5183931383,"48201"
"48469",92.5910948801854,"48201"
"48475",18.518218976037,"48201"
"48115",18.518218976037,"48201"
"48453",907.392729825816,"48201"
"51650",18.518218976037,"48201"
"48113",870.356291873741,"48201"
"48419",18.518218976037,"48201"
"48401",55.554656928111,"48201"
"48057",55.554656928111,"48201"
"48297",55.554656928111,"48201"
"48285",92.5910948801854,"48201"
"48491",444.437255424888,"48201"
"22069",18.518218976037,"48201"
"47063",18.518218976037,"48201"
"22089",18.518218976037,"48201"
"34031",18.518218976037,"48201"
"48167",1333.31176627466,"48201"
"48451",74.0728759041481,"48201"
"48121",407.400817472815,"48201"
"48467",18.518218976037,"48201"
"48085",537.028350305074,"48201"
"48251",148.145751808296,"48201"
"48477",185.18218976037,"48201"
"48293",37.036437952074,"48201"
"06001",18.518218976037,"48201"
"48133",18.518218976037,"48201"
"48005",55.554656928111,"48201"
"48027",166.663970784333,"48201"
"22055",18.518218976037,"48201"
"26027",18.518218976037,"48201"
"48471",37.036437952074,"48201"
"48379",18.518218976037,"48201"
"48355",388.882598496777,"48201"
"48309",166.663970784333,"48201"
"48051",92.5910948801854,"48201"
"06009",18.518218976037,"48201"
"48259",74.0728759041481,"48201"
"48013",18.518218976037,"48201"
"48411",18.518218976037,"48201"
"51059",18.518218976037,"48201"
"48231",55.554656928111,"48201"
"28027",18.518218976037,"48201"
"48367",166.663970784333,"48201"
"22071",18.518218976037,"48201"
"48397",37.036437952074,"48201"
"48339",3018.46969309403,"48201"
"48439",1092.57491958618,"48201"
"48325",74.0728759041481,"48201"
"22063",18.518218976037,"48201"
"48479",148.145751808296,"48201"
"48217",37.036437952074,"48201"
"47105",18.518218976037,"48201"
"48025",18.518218976037,"48201"
"48099",18.518218976037,"48201"
"22105",18.518218976037,"48201"
"48015",111.109313856222,"48201"
"48037",18.518218976037,"48201"
"48361",111.109313856222,"48201"
"48429",18.518218976037,"48201"
"48347",55.554656928111,"48201"
"48331",37.036437952074,"48201"
"06085",18.518218976037,"48201"
"48281",37.036437952074,"48201"
"22061",18.518218976037,"48201"
"48209",111.109313856222,"48201"
"48029",1462.93929910693,"48201"
"48245",462.955474400926,"48201"
"48143",37.036437952074,"48201"
"48371",37.036437952074,"48201"
"48001",18.518218976037,"48201"
"48291",425.919036448852,"48201"
"48349",18.518218976037,"48201"
"48257",148.145751808296,"48201"
"48395",18.518218976037,"48201"
"48241",18.518218976037,"48201"
"48183",55.554656928111,"48201"
"48187",55.554656928111,"48201"
"48253",18.518218976037,"48201"
"48039",2833.28750333366,"48201"
"48449",18.518218976037,"48201"
"48373",18.518218976037,"48201"
"06029",55.554656928111,"48201"
"48177",18.518218976037,"48201"
"48041",259.255065664518,"48201"
"05139",18.518218976037,"48201"
"01003",18.518218976037,"48201"
"48455",18.518218976037,"48201"
"48423",92.5910948801854,"48201"
"48203",18.518218976037,"48201"
"48215",388.882598496777,"48201"
"48313",18.518218976037,"48201"
"48321",185.18218976037,"48201"
"06037",18.518218976037,"48201"
"05043",18.518218976037,"48201"
"48329",148.145751808296,"48201"
"48201",56499.086095889,"48201"
"48459",18.518218976037,"48201"
"05069",18.518218976037,"48201"
"48213",18.518218976037,"48201"
"48199",111.109313856222,"48201"
"48443",18.518218976037,"48201"
"48071",277.773284640555,"48201"
"48021",148.145751808296,"48201"
"48225",37.036437952074,"48201"
"06059",1681.18706997989,"48201"
"48241",1681.18706997989,"48201"
"48029",11768.3094898592,"48201"
"48339",23536.6189797184,"48201"
"48201",1082684.47306705,"48201"
"48355",1681.18706997989,"48201"
"48321",1681.18706997989,"48201"
"48039",68928.6698691753,"48201"
"48407",1681.18706997989,"48201"
"06019",1681.18706997989,"48201"
"48113",25217.8060496983,"48201"
"22003",1681.18706997989,"48201"
"48251",1681.18706997989,"48201"
"48453",10087.1224198793,"48201"
"48209",3362.37413995978,"48201"
"48199",3362.37413995978,"48201"
"22019",1681.18706997989,"48201"
"48347",1681.18706997989,"48201"
"48291",6724.74827991955,"48201"
"48121",6724.74827991955,"48201"
"48361",3362.37413995978,"48201"
"48481",10087.1224198793,"48201"
"48071",5043.56120993966,"48201"
"48185",1681.18706997989,"48201"
"48245",5043.56120993966,"48201"
"48203",1681.18706997989,"48201"
"48439",8405.93534989944,"48201"
"48089",1681.18706997989,"48201"
"48373",1681.18706997989,"48201"
"48157",141219.713878311,"48201"
"48285",1681.18706997989,"48201"
"48015",5043.56120993966,"48201"
"48491",1681.18706997989,"48201"
"48073",1681.18706997989,"48201"
"48183",1681.18706997989,"48201"
"48309",5043.56120993966,"48201"
"48473",3362.37413995978,"48201"
"48167",35304.9284695777,"48201"
"06073",43715.4245836597,"48201"
"48005",43715.4245836597,"48201"
"48183",43715.4245836597,"48201"
"48381",43715.4245836597,"48201"
"48473",393438.821252937,"48201"
"48085",1005454.76542417,"48201"
"48029",1224031.88834247,"48201"
"06071",43715.4245836597,"48201"
"48203",43715.4245836597,"48201"
"48071",262292.547501958,"48201"
"48471",131146.273750979,"48201"
"48481",349723.396669277,"48201"
"48287",43715.4245836597,"48201"
"48467",43715.4245836597,"48201"
"48157",10447986.4754947,"48201"
"48201",64961120.9313183,"48201"
"48367",87430.8491673194,"48201"
"48027",174861.698334639,"48201"
"48015",131146.273750979,"48201"
"48167",1748616.98334639,"48201"
"48089",174861.698334639,"48201"
"48361",218577.122918298,"48201"
"48347",43715.4245836597,"48201"
"48491",349723.396669277,"48201"
"48339",2404348.35210128,"48201"
"48493",43715.4245836597,"48201"
"48185",87430.8491673194,"48201"
"48291",568300.519587576,"48201"
"48113",699446.793338556,"48201"
"48373",43715.4245836597,"48201"
"06019",43715.4245836597,"48201"
"48025",43715.4245836597,"48201"
"48199",131146.273750979,"48201"
"48321",87430.8491673194,"48201"
"48041",43715.4245836597,"48201"
"48469",131146.273750979,"48201"
"47157",43715.4245836597,"48201"
"48459",43715.4245836597,"48201"
"48251",131146.273750979,"48201"
"48213",43715.4245836597,"48201"
"48349",87430.8491673194,"48201"
"48257",43715.4245836597,"48201"
"48397",174861.698334639,"48201"
"48139",87430.8491673194,"48201"
"48187",43715.4245836597,"48201"
"48453",918023.916256854,"48201"
"48123",43715.4245836597,"48201"
"48217",43715.4245836597,"48201"
"48121",480869.670420256,"48201"
"48051",43715.4245836597,"48201"
"48355",131146.273750979,"48201"
"48039",5070989.25170453,"48201"
"06111",43715.4245836597,"48201"
"22003",43715.4245836597,"48201"
"48285",131146.273750979,"48201"
"48245",480869.670420256,"48201"
"48209",174861.698334639,"48201"
"48409",43715.4245836597,"48201"
"48331",43715.4245836597,"48201"
"12095",43715.4245836597,"48201"
"48365",43715.4245836597,"48201"
"48401",43715.4245836597,"48201"
"48439",1224031.88834247,"48201"
"48477",870.759178953633,"48201"
"48157",10449.1101474436,"48201"
"48085",1044.91101474436,"48201"
"48041",696.607343162907,"48201"
"28137",174.151835790726,"48201"
"05141",174.151835790726,"48201"
"48051",174.151835790726,"48201"
"48379",174.151835790726,"48201"
"48407",174.151835790726,"48201"
"48215",522.455507372179,"48201"
"48439",174.151835790726,"48201"
"48049",174.151835790726,"48201"
"48005",174.151835790726,"48201"
"48491",1044.91101474436,"48201"
"48167",870.759178953633,"48201"
"48245",174.151835790726,"48201"
"48185",348.303671581453,"48201"
"06065",174.151835790726,"48201"
"48313",174.151835790726,"48201"
"48201",102227.127609156,"48201"
"48473",348.303671581453,"48201"
"48055",348.303671581453,"48201"
"48039",3657.18855160526,"48201"
"48083",174.151835790726,"48201"
"48481",522.455507372179,"48201"
"48365",174.151835790726,"48201"
"48291",522.455507372179,"48201"
"48499",174.151835790726,"48201"
"48029",696.607343162907,"48201"
"48209",174.151835790726,"48201"
"48339",3657.18855160526,"48201"
"48089",174.151835790726,"48201"
"48469",174.151835790726,"48201"
"06037",348.303671581453,"48201"
"48071",348.303671581453,"48201"
"48293",174.151835790726,"48201"
"48453",1741.51835790726,"48201"
"48113",522.455507372179,"48201"
"48347",522.455507372179,"48201"
"48015",174.151835790726,"48201"
"48395",174.151835790726,"48201"
"06013",174.151835790726,"48201"
"48157",2949.91430891701,"48201"
"48149",56.729121325327,"48201"
"48055",56.729121325327,"48201"
"48199",56.729121325327,"48201"
"48167",850.936819879907,"48201"
"48409",56.729121325327,"48201"
"48491",226.916485301308,"48201"
"48407",56.729121325327,"48201"
"22063",56.729121325327,"48201"
"48039",1191.31154783187,"48201"
"48361",113.458242650654,"48201"
"48355",56.729121325327,"48201"
"48481",113.458242650654,"48201"
"48051",170.187363975981,"48201"
"48185",56.729121325327,"48201"
"48245",113.458242650654,"48201"
"48209",56.729121325327,"48201"
"48453",226.916485301308,"48201"
"48201",21557.0661036243,"48201"
"48391",56.729121325327,"48201"
"48439",56.729121325327,"48201"
"48085",340.374727951962,"48201"
"48007",113.458242650654,"48201"
"48029",113.458242650654,"48201"
"48091",56.729121325327,"48201"
"48477",56.729121325327,"48201"
"48285",56.729121325327,"48201"
"48089",56.729121325327,"48201"
"36005",56.729121325327,"48201"
"48471",113.458242650654,"48201"
"48313",56.729121325327,"48201"
"48121",113.458242650654,"48201"
"22033",56.729121325327,"48201"
"48041",170.187363975981,"48201"
"48071",56.729121325327,"48201"
"48291",226.916485301308,"48201"
"48113",226.916485301308,"48201"
"48373",56.729121325327,"48201"
"05143",56.729121325327,"48201"
"48401",56.729121325327,"48201"
"48251",56.729121325327,"48201"
"36059",56.729121325327,"48201"
"48339",680.749455903924,"48201"
"48249",56.729121325327,"48201"
"48439",551.96299889328,"48201"
"48453",183.98766629776,"48201"
"48061",183.98766629776,"48201"
"48051",367.975332595521,"48201"
"48157",5519.6299889328,"48201"
"48201",59979.9792130699,"48201"
"48365",183.98766629776,"48201"
"48215",183.98766629776,"48201"
"48493",183.98766629776,"48201"
"48209",183.98766629776,"48201"
"48113",183.98766629776,"48201"
"48291",183.98766629776,"48201"
"48167",1471.90133038208,"48201"
"48085",183.98766629776,"48201"
"22055",183.98766629776,"48201"
"48477",367.975332595521,"48201"
"48039",1655.88899667984,"48201"
"48339",2207.85199557313,"48201"
"48015",183.98766629776,"48201"
"48185",367.975332595521,"48201"
"48473",183.98766629776,"48201"
"48071",367.975332595521,"48201"
"48423",367.975332595521,"48201"
"48041",183.98766629776,"48201"
"48401",183.98766629776,"48201"
"48013",183.98766629776,"48201"
"48321",551.96299889328,"48201"
"48187",183.98766629776,"48201"
"48029",183.98766629776,"48201"
"48245",551.96299889328,"48201"
"48213",183.98766629776,"48201"
"48469",183.98766629776,"48201"
"48057",183.98766629776,"48201"
"48259",183.98766629776,"48201"
"48365",45.9491458024287,"48201"
"48027",551.389749629144,"48201"
"48299",45.9491458024287,"48201"
"48373",137.847437407286,"48201"
"48141",597.338895431573,"48201"
"28047",91.8982916048576,"48201"
"22005",91.8982916048576,"48201"
"36001",45.9491458024287,"48201"
"48361",459.491458024287,"48201"
"48499",45.9491458024287,"48201"
"48051",505.440603826716,"48201"
"48131",275.694874814572,"48201"
"48255",413.542312221859,"48201"
"22019",45.9491458024287,"48201"
"28109",91.8982916048576,"48201"
"48497",45.9491458024287,"48201"
"48029",10614.252680361,"48201"
"48013",964.932061851004,"48201"
"48245",1424.42351987529,"48201"
"48507",45.9491458024287,"48201"
"48169",45.9491458024287,"48201"
"48297",45.9491458024287,"48201"
"48145",91.8982916048576,"48201"
"48477",413.542312221859,"48201"
"48041",827.084624443719,"48201"
"22055",137.847437407286,"48201"
"48325",137.847437407286,"48201"
"48039",15944.3535934428,"48201"
"48401",45.9491458024287,"48201"
"40001",45.9491458024287,"48201"
"01097",45.9491458024287,"48201"
"48171",183.796583209715,"48201"
"48249",413.542312221859,"48201"
"22033",183.796583209715,"48201"
"22011",45.9491458024287,"48201"
"48049",45.9491458024287,"48201"
"48043",45.9491458024287,"48201"
"36093",45.9491458024287,"48201"
"48135",413.542312221859,"48201"
"48185",367.59316641943,"48201"
"48005",275.694874814572,"48201"
"48337",45.9491458024287,"48201"
"48409",367.59316641943,"48201"
"18107",45.9491458024287,"48201"
"17111",45.9491458024287,"48201"
"01131",45.9491458024287,"48201"
"48241",91.8982916048576,"48201"
"48225",183.796583209715,"48201"
"48227",137.847437407286,"48201"
"22063",91.8982916048576,"48201"
"48219",45.9491458024287,"48201"
"48187",505.440603826716,"48201"
"48139",689.237187036429,"48201"
"48307",45.9491458024287,"48201"
"48007",137.847437407286,"48201"
"48025",229.745729012143,"48201"
"48503",45.9491458024287,"48201"
"40047",45.9491458024287,"48201"
"48001",91.8982916048576,"48201"
"48457",45.9491458024287,"48201"
"22003",45.9491458024287,"48201"
"48259",275.694874814572,"48201"
"48331",137.847437407286,"48201"
"48267",45.9491458024287,"48201"
"48157",74713.3110747489,"48201"
"48321",597.338895431573,"48201"
"48161",45.9491458024287,"48201"
"48175",367.59316641943,"48201"
"48089",321.644020617001,"48201"
"48055",321.644020617001,"48201"
"51043",45.9491458024287,"48201"
"48397",275.694874814572,"48201"
"48257",183.796583209715,"48201"
"12113",91.8982916048576,"48201"
"48217",91.8982916048576,"48201"
"48265",367.59316641943,"48201"
"22115",45.9491458024287,"48201"
"48123",551.389749629144,"48201"
"48471",45.9491458024287,"48201"
"48221",91.8982916048576,"48201"
"48281",45.9491458024287,"48201"
"48479",275.694874814572,"48201"
"48021",735.186332838858,"48201"
"48019",91.8982916048576,"48201"
"48149",137.847437407286,"48201"
"48367",413.542312221859,"48201"
"48407",137.847437407286,"48201"
"22001",45.9491458024287,"48201"
"17089",45.9491458024287,"48201"
"48333",45.9491458024287,"48201"
"48323",91.8982916048576,"48201"
"48355",2067.71156110929,"48201"
"48305",45.9491458024287,"48201"
"48285",505.440603826716,"48201"
"48121",4089.47397641616,"48201"
"48469",918.982916048576,"48201"
"48313",45.9491458024287,"48201"
"48389",45.9491458024287,"48201"
"40137",45.9491458024287,"48201"
"48349",137.847437407286,"48201"
"09110",45.9491458024287,"48201"
"48201",309421.547833555,"48201"
"48209",1654.16924888743,"48201"
"48183",183.796583209715,"48201"
"48177",551.389749629144,"48201"
"48165",45.9491458024287,"48201"
"48085",6846.42272456187,"48201"
"48303",229.745729012143,"48201"
"48113",7168.06674517888,"48201"
"48485",91.8982916048576,"48201"
"48493",1516.32181148015,"48201"
"48059",45.9491458024287,"48201"
"40131",45.9491458024287,"48201"
"48463",91.8982916048576,"48201"
"08101",45.9491458024287,"48201"
"01053",45.9491458024287,"48201"
"48251",367.59316641943,"48201"
"48057",183.796583209715,"48201"
"48309",459.491458024287,"48201"
"48317",45.9491458024287,"48201"
"48329",183.796583209715,"48201"
"48091",1056.83035345586,"48201"
"48239",183.796583209715,"48201"
"48481",735.186332838858,"48201"
"22099",45.9491458024287,"48201"
"22097",91.8982916048576,"48201"
"48371",45.9491458024287,"48201"
"40143",275.694874814572,"48201"
"48213",459.491458024287,"48201"
"48203",91.8982916048576,"48201"
"48347",321.644020617001,"48201"
"48451",45.9491458024287,"48201"
"48099",183.796583209715,"48201"
"48215",505.440603826716,"48201"
"22101",91.8982916048576,"48201"
"48491",2802.89789394815,"48201"
"40109",229.745729012143,"48201"
"48015",827.084624443719,"48201"
"48467",45.9491458024287,"48201"
"48167",6432.88041234001,"48201"
"48339",17047.133092701,"48201"
"48453",8178.9479528323,"48201"
"02170",45.9491458024287,"48201"
"02090",91.8982916048576,"48201"
"22079",91.8982916048576,"48201"
"48199",367.59316641943,"48201"
"40017",45.9491458024287,"48201"
"48473",1010.88120765343,"48201"
"48459",45.9491458024287,"48201"
"40079",91.8982916048576,"48201"
"48071",1608.22010308501,"48201"
"48291",2435.30472752872,"48201"
"48465",45.9491458024287,"48201"
"48439",6846.42272456187,"48201"
"40027",45.9491458024287,"48201"
"48077",45.9491458024287,"48201"
"48419",91.8982916048576,"48201"
"48423",689.237187036429,"48201"
"48391",45.9491458024287,"48201"
"48441",229.745729012143,"48201"
"48287",137.847437407286,"48201"
"21111",7283.41899679967,"48201"
"48149",3641.70949839984,"48201"
"48331",3641.70949839984,"48201"
"48029",32775.3854855985,"48201"
"48225",3641.70949839984,"48201"
"48091",7283.41899679967,"48201"
"48297",3641.70949839984,"48201"
"06071",3641.70949839984,"48201"
"01107",3641.70949839984,"48201"
"48373",7283.41899679967,"48201"
"48309",21850.256990399,"48201"
"48089",3641.70949839984,"48201"
"48339",211219.15090719,"48201"
"26091",3641.70949839984,"48201"
"48355",3641.70949839984,"48201"
"48347",3641.70949839984,"48201"
"48395",3641.70949839984,"48201"
"48187",7283.41899679967,"48201"
"48085",10925.1284951995,"48201"
"48167",138384.960939194,"48201"
"48473",3641.70949839984,"48201"
"48469",14566.8379935994,"48201"
"48021",3641.70949839984,"48201"
"48285",3641.70949839984,"48201"
"29189",3641.70949839984,"48201"
"48209",14566.8379935994,"48201"
"48201",10393438.9084331,"48201"
"36081",10925.1284951995,"48201"
"48157",1372924.48089673,"48201"
"13229",3641.70949839984,"48201"
"48481",25491.9664887989,"48201"
"13135",3641.70949839984,"48201"
"48113",10925.1284951995,"48201"
"48291",18208.5474919991,"48201"
"48453",101967.865955195,"48201"
"48245",3641.70949839984,"48201"
"48077",3641.70949839984,"48201"
"36039",3641.70949839984,"48201"
"48185",10925.1284951995,"48201"
"48057",7283.41899679967,"48201"
"48491",14566.8379935994,"48201"
"48051",7283.41899679967,"48201"
"48039",582673.519743974,"48201"
"48071",10925.1284951995,"48201"
"26161",21850.256990399,"48201"
"48471",3641.70949839984,"48201"
"48015",7283.41899679967,"48201"
"48041",18208.5474919991,"48201"
"48439",7283.41899679967,"48201"
"48289",3641.70949839984,"48201"
"48477",7283.41899679967,"48201"
"48321",7283.41899679967,"48201"
