"","FIPS","county","gdp_2024"
"1"," 01000","Alabama",255629447
"2"," 01001","Autauga, AL",1758017
"3"," 01003","Baldwin, AL",10208956
"4"," 01005","Barbour, AL",747750
"5"," 01007","Bibb, AL",476273
"6"," 01009","Blount, AL",1174999
"7"," 01011","Bullock, AL",292695
"8"," 01013","Butler, AL",702420
"9"," 01015","Calhoun, AL",4965547
"10"," 01017","Chambers, AL",990039
"11"," 01019","Cherokee, AL",632989
"12"," 01021","Chilton, AL",1261402
"13"," 01023","Choctaw, AL",553184
"14"," 01025","Clarke, AL",833608
"15"," 01027","Clay, AL",427679
"16"," 01029","Cleburne, AL",372482
"17"," 01031","Coffee, AL",1819734
"18"," 01033","Colbert, AL",2847285
"19"," 01035","Conecuh, AL",397455
"20"," 01037","Coosa, AL",189287
"21"," 01039","Covington, AL",1283169
"22"," 01041","Crenshaw, AL",500149
"23"," 01043","Cullman, AL",3288755
"24"," 01045","Dale, AL",3114449
"25"," 01047","Dallas, AL",1318245
"26"," 01049","DeKalb, AL",2384155
"27"," 01051","Elmore, AL",2430776
"28"," 01053","Escambia, AL",1299130
"29"," 01055","Etowah, AL",3120496
"30"," 01057","Fayette, AL",368269
"31"," 01059","Franklin, AL",1043953
"32"," 01061","Geneva, AL",614453
"33"," 01063","Greene, AL",215850
"34"," 01065","Hale, AL",283640
"35"," 01067","Henry, AL",516959
"36"," 01069","Houston, AL",6085531
"37"," 01071","Jackson, AL",1637868
"38"," 01073","Jefferson, AL",51158763
"39"," 01075","Lamar, AL",338807
"40"," 01077","Lauderdale, AL",2988972
"41"," 01079","Lawrence, AL",645253
"42"," 01081","Lee, AL",7169778
"43"," 01083","Limestone, AL",5497797
"44"," 01085","Lowndes, AL",440550
"45"," 01087","Macon, AL",607800
"46"," 01089","Madison, AL",32236676
"47"," 01091","Marengo, AL",846917
"48"," 01093","Marion, AL",976529
"49"," 01095","Marshall, AL",4082729
"50"," 01097","Mobile, AL",24306390
"51"," 01099","Monroe, AL",630618
"52"," 01101","Montgomery, AL",15685249
"53"," 01103","Morgan, AL",6619015
"54"," 01105","Perry, AL",199443
"55"," 01107","Pickens, AL",431033
"56"," 01109","Pike, AL",1663527
"57"," 01111","Randolph, AL",525885
"58"," 01113","Russell, AL",1760468
"59"," 01115","St. Clair, AL",2402348
"60"," 01117","Shelby, AL",13301277
"61"," 01119","Sumter, AL",341510
"62"," 01121","Talladega, AL",3694135
"63"," 01123","Tallapoosa, AL",1514769
"64"," 01125","Tuscaloosa, AL",11362541
"65"," 01127","Walker, AL",1963695
"66"," 01129","Washington, AL",1055630
"67"," 01131","Wilcox, AL",386907
"68"," 01133","Winston, AL",811115
"69"," 02000","Alaska",55945726
"70"," 02013","Aleutians East Borough, AK",225464
"71"," 02016","Aleutians West Census Area, AK",978184
"72"," 02020","Anchorage Municipality, AK",25051159
"73"," 02050","Bethel Census Area, AK",674969
"74"," 02060","Bristol Bay Borough, AK",141950
"75"," 02063","Chugach Census Area, AK*",1185552
"76"," 02066","Copper River Census Area, AK*",139800
"77"," 02068","Denali Borough, AK",305254
"78"," 02070","Dillingham Census Area, AK",255988
"79"," 02090","Fairbanks North Star Borough, AK",5975015
"80"," 02100","Haines Borough, AK",116106
"81"," 02105","Hoonah-Angoon Census Area, AK*",110601
"82"," 02110","Juneau City and Borough, AK",2406431
"83"," 02122","Kenai Peninsula Borough, AK",2748305
"84"," 02130","Ketchikan Gateway Borough, AK*",961119
"85"," 02150","Kodiak Island Borough, AK",782770
"86"," 02158","Kusilvak Census Area, AK*",144569
"87"," 02164","Lake and Peninsula Borough, AK",111360
"88"," 02170","Matanuska-Susitna Borough, AK",3468517
"89"," 02180","Nome Census Area, AK",476390
"90"," 02185","North Slope Borough, AK",7292252
"91"," 02188","Northwest Arctic Borough, AK",521404
"92"," 02195","Petersburg Borough, AK*",172412
"93"," 02198","Prince of Wales-Hyder Census Area, AK*",226956
"94"," 02201","Prince of Wales-Outer Ketchikan Census Area, AK*",NA
"95"," 02220","Sitka City and Borough, AK",573445
"96"," 02230","Skagway Municipality, AK*",98234
"97"," 02232","Skagway-Hoonah-Angoon Census Area, AK*",NA
"98"," 02240","Southeast Fairbanks Census Area, AK",724588
"99"," 02261","Valdez-Cordova Census Area, AK*",NA
"100"," 02275","Wrangell City and Borough, AK*",94733
"101"," 02280","Wrangell-Petersburg Census Area, AK*",NA
"102"," 02282","Yakutat City and Borough, AK*",34160
"103"," 02290","Yukon-Koyukuk Census Area, AK",290769
"104"," 04000","Arizona",446968228
"105"," 04001","Apache, AZ",2281917
"106"," 04003","Cochise, AZ",5204349
"107"," 04005","Coconino, AZ",8294983
"108"," 04007","Gila, AZ",1821016
"109"," 04009","Graham, AZ",1410668
"110"," 04011","Greenlee, AZ",1622092
"111"," 04012","La Paz, AZ",662932
"112"," 04013","Maricopa, AZ",329775922
"113"," 04015","Mohave, AZ",7229383
"114"," 04017","Navajo, AZ",3130447
"115"," 04019","Pima, AZ",52752176
"116"," 04021","Pinal, AZ",12744920
"117"," 04023","Santa Cruz, AZ",2130410
"118"," 04025","Yavapai, AZ",9153804
"119"," 04027","Yuma, AZ",8887417
"120"," 05000","Arkansas",147389907
"121"," 05001","Arkansas, AR",1029130
"122"," 05003","Ashley, AR",915701
"123"," 05005","Baxter, AR",1748671
"124"," 05007","Benton, AR",21170960
"125"," 05009","Boone, AR",1537501
"126"," 05011","Bradley, AR",349899
"127"," 05013","Calhoun, AR",346369
"128"," 05015","Carroll, AR",1013672
"129"," 05017","Chicot, AR",275709
"130"," 05019","Clark, AR",810962
"131"," 05021","Clay, AR",359249
"132"," 05023","Cleburne, AR",649938
"133"," 05025","Cleveland, AR",182162
"134"," 05027","Columbia, AR",1049224
"135"," 05029","Conway, AR",770337
"136"," 05031","Craighead, AR",5563502
"137"," 05033","Crawford, AR",1744875
"138"," 05035","Crittenden, AR",1761898
"139"," 05037","Cross, AR",457366
"140"," 05039","Dallas, AR",247637
"141"," 05041","Desha, AR",550270
"142"," 05043","Drew, AR",625794
"143"," 05045","Faulkner, AR",4594326
"144"," 05047","Franklin, AR",531817
"145"," 05049","Fulton, AR",181126
"146"," 05051","Garland, AR",3663311
"147"," 05053","Grant, AR",479900
"148"," 05055","Greene, AR",1603557
"149"," 05057","Hempstead, AR",1006115
"150"," 05059","Hot Spring, AR",1225768
"151"," 05061","Howard, AR",692534
"152"," 05063","Independence, AR",2059585
"153"," 05065","Izard, AR",294187
"154"," 05067","Jackson, AR",841501
"155"," 05069","Jefferson, AR",2665308
"156"," 05071","Johnson, AR",731296
"157"," 05073","Lafayette, AR",171937
"158"," 05075","Lawrence, AR",420207
"159"," 05077","Lee, AR",185375
"160"," 05079","Lincoln, AR",286960
"161"," 05081","Little River, AR",543664
"162"," 05083","Logan, AR",566645
"163"," 05085","Lonoke, AR",1574493
"164"," 05087","Madison, AR",555734
"165"," 05089","Marion, AR",627230
"166"," 05091","Miller, AR",1333712
"167"," 05093","Mississippi, AR",3736124
"168"," 05095","Monroe, AR",197245
"169"," 05097","Montgomery, AR",159614
"170"," 05099","Nevada, AR",234242
"171"," 05101","Newton, AR",105055
"172"," 05103","Ouachita, AR",669901
"173"," 05105","Perry, AR",207580
"174"," 05107","Phillips, AR",502277
"175"," 05109","Pike, AR",299551
"176"," 05111","Poinsett, AR",667009
"177"," 05113","Polk, AR",654696
"178"," 05115","Pope, AR",3183342
"179"," 05117","Prairie, AR",198964
"180"," 05119","Pulaski, AR",32536180
"181"," 05121","Randolph, AR",564605
"182"," 05123","St. Francis, AR",714348
"183"," 05125","Saline, AR",3091885
"184"," 05127","Scott, AR",395480
"185"," 05129","Searcy, AR",192224
"186"," 05131","Sebastian, AR",7356931
"187"," 05133","Sevier, AR",596229
"188"," 05135","Sharp, AR",447222
"189"," 05137","Stone, AR",282752
"190"," 05139","Union, AR",2595449
"191"," 05141","Van Buren, AR",363774
"192"," 05143","Washington, AR",14125098
"193"," 05145","White, AR",2537670
"194"," 05147","Woodruff, AR",269009
"195"," 05149","Yell, AR",701302
"196"," 06000","California",3306928555
"197"," 06001","Alameda, CA",149073515
"198"," 06003","Alpine, CA",115535
"199"," 06005","Amador, CA",1649007
"200"," 06007","Butte, CA",9976475
"201"," 06009","Calaveras, CA",1598733
"202"," 06011","Colusa, CA",1554879
"203"," 06013","Contra Costa, CA",76853439
"204"," 06015","Del Norte, CA",847242
"205"," 06017","El Dorado, CA",9003663
"206"," 06019","Fresno, CA",49888249
"207"," 06021","Glenn, CA",1117692
"208"," 06023","Humboldt, CA",5855113
"209"," 06025","Imperial, CA",10014382
"210"," 06027","Inyo, CA",1214756
"211"," 06029","Kern, CA",49752853
"212"," 06031","Kings, CA",7210907
"213"," 06033","Lake, CA",2074974
"214"," 06035","Lassen, CA",1150292
"215"," 06037","Los Angeles, CA",810842127
"216"," 06039","Madera, CA",6799065
"217"," 06041","Marin, CA",29894901
"218"," 06043","Mariposa, CA",800084
"219"," 06045","Mendocino, CA",3589922
"220"," 06047","Merced, CA",10266145
"221"," 06049","Modoc, CA",518676
"222"," 06051","Mono, CA",1191570
"223"," 06053","Monterey, CA",29711750
"224"," 06055","Napa, CA",11313745
"225"," 06057","Nevada, CA",4810425
"226"," 06059","Orange, CA",277517685
"227"," 06061","Placer, CA",26794130
"228"," 06063","Plumas, CA",1136564
"229"," 06065","Riverside, CA",102469702
"230"," 06067","Sacramento, CA",106654911
"231"," 06069","San Benito, CA",2515745
"232"," 06071","San Bernardino, CA",105151197
"233"," 06073","San Diego, CA",266924506
"234"," 06075","San Francisco, CA",233948380
"235"," 06077","San Joaquin, CA",35064542
"236"," 06079","San Luis Obispo, CA",19031961
"237"," 06081","San Mateo, CA",196767358
"238"," 06083","Santa Barbara, CA",33505043
"239"," 06085","Santa Clara, CA",399159581
"240"," 06087","Santa Cruz, CA",16712516
"241"," 06089","Shasta, CA",9184523
"242"," 06091","Sierra, CA",98747
"243"," 06093","Siskiyou, CA",1766695
"244"," 06095","Solano, CA",29914870
"245"," 06097","Sonoma, CA",30869179
"246"," 06099","Stanislaus, CA",24813761
"247"," 06101","Sutter, CA",4025128
"248"," 06103","Tehama, CA",2175398
"249"," 06105","Trinity, CA",456212
"250"," 06107","Tulare, CA",19484144
"251"," 06109","Tuolumne, CA",2569679
"252"," 06111","Ventura, CA",55123601
"253"," 06113","Yolo, CA",15908346
"254"," 06115","Yuba, CA",3520158
"255"," 08000","Colorado",448838490
"256"," 08001","Adams, CO*",33004761
"257"," 08003","Alamosa, CO",698903
"258"," 08005","Arapahoe, CO",54462475
"259"," 08007","Archuleta, CO",586428
"260"," 08009","Baca, CO",109961
"261"," 08011","Bent, CO",133131
"262"," 08013","Boulder, CO*",33422982
"263"," 08014","Broomfield, CO*",10004266
"264"," 08015","Chaffee, CO",990516
"265"," 08017","Cheyenne, CO",291522
"266"," 08019","Clear Creek, CO",478465
"267"," 08021","Conejos, CO",188534
"268"," 08023","Costilla, CO",95973
"269"," 08025","Crowley, CO",135167
"270"," 08027","Custer, CO",171739
"271"," 08029","Delta, CO",924849
"272"," 08031","Denver, CO",104064585
"273"," 08033","Dolores, CO",88174
"274"," 08035","Douglas, CO",25204322
"275"," 08037","Eagle, CO",5267447
"276"," 08039","Elbert, CO",809141
"277"," 08041","El Paso, CO",43989388
"278"," 08043","Fremont, CO",1588785
"279"," 08045","Garfield, CO",3831291
"280"," 08047","Gilpin, CO",757843
"281"," 08049","Grand, CO",1218516
"282"," 08051","Gunnison, CO",1153789
"283"," 08053","Hinsdale, CO",43245
"284"," 08055","Huerfano, CO",252519
"285"," 08057","Jackson, CO",140602
"286"," 08059","Jefferson, CO*",37106170
"287"," 08061","Kiowa, CO",86821
"288"," 08063","Kit Carson, CO",493117
"289"," 08065","Lake, CO",404340
"290"," 08067","La Plata, CO",3280060
"291"," 08069","Larimer, CO",22617976
"292"," 08071","Las Animas, CO",500723
"293"," 08073","Lincoln, CO",389454
"294"," 08075","Logan, CO",1093941
"295"," 08077","Mesa, CO",7454851
"296"," 08079","Mineral, CO",73698
"297"," 08081","Moffat, CO",920077
"298"," 08083","Montezuma, CO",1188499
"299"," 08085","Montrose, CO",1849394
"300"," 08087","Morgan, CO",1598419
"301"," 08089","Otero, CO",568314
"302"," 08091","Ouray, CO",226866
"303"," 08093","Park, CO",532097
"304"," 08095","Phillips, CO",193493
"305"," 08097","Pitkin, CO",2935059
"306"," 08099","Prowers, CO",479594
"307"," 08101","Pueblo, CO",6868520
"308"," 08103","Rio Blanco, CO",566322
"309"," 08105","Rio Grande, CO",429941
"310"," 08107","Routt, CO",2257117
"311"," 08109","Saguache, CO",162612
"312"," 08111","San Juan, CO",43954
"313"," 08113","San Miguel, CO",819644
"314"," 08115","Sedgwick, CO",74155
"315"," 08117","Summit, CO",3302135
"316"," 08119","Teller, CO",970330
"317"," 08121","Washington, CO",142413
"318"," 08123","Weld, CO*",24480489
"319"," 08125","Yuma, CO",461760
"320"," 09000","Connecticut",286160067
"321"," 09001","Fairfield, CT*",NA
"322"," 09003","Hartford, CT*",NA
"323"," 09005","Litchfield, CT*",NA
"324"," 09007","Middlesex, CT*",NA
"325"," 09009","New Haven, CT*",NA
"326"," 09011","New London, CT*",NA
"327"," 09013","Tolland, CT*",NA
"328"," 09015","Windham, CT*",NA
"329"," 09110","Capitol, CT*",88946536
"330"," 09120","Greater Bridgeport, CT*",27209614
"331"," 09130","Lower Connecticut River Valley, CT*",12908053
"332"," 09140","Naugatuck Valley, CT*",26812846
"333"," 09150","Northeastern Connecticut, CT*",4355057
"334"," 09160","Northwest Hills, CT*",5184662
"335"," 09170","South Central Connecticut, CT*",40204020
"336"," 09180","Southeastern Connecticut, CT*",19316257
"337"," 09190","Western Connecticut, CT*",61223022
"338"," 10000","Delaware",85350534
"339"," 10001","Kent, DE",9069233
"340"," 10003","New Castle, DE",58412908
"341"," 10005","Sussex, DE",17867776
"342"," 11000","District of Columbia",145087985
"343"," 11001","District of Columbia, DC",145087985
"344"," 12000","Florida",1352275106
"345"," 12001","Alachua, FL",16456777
"346"," 12003","Baker, FL",801544
"347"," 12005","Bay, FL",10440780
"348"," 12007","Bradford, FL",729440
"349"," 12009","Brevard, FL",35095914
"350"," 12011","Broward, FL",136649542
"351"," 12013","Calhoun, FL",384202
"352"," 12015","Charlotte, FL",7566912
"353"," 12017","Citrus, FL",5395130
"354"," 12019","Clay, FL",7086382
"355"," 12021","Collier, FL",27820258
"356"," 12023","Columbia, FL",2699486
"357"," 12027","DeSoto, FL",1100173
"358"," 12029","Dixie, FL",316390
"359"," 12031","Duval, FL",83517200
"360"," 12033","Escambia, FL",18897020
"361"," 12035","Flagler, FL",3990529
"362"," 12037","Franklin, FL",389751
"363"," 12039","Gadsden, FL",1275717
"364"," 12041","Gilchrist, FL",443407
"365"," 12043","Glades, FL",352968
"366"," 12045","Gulf, FL",506457
"367"," 12047","Hamilton, FL",641948
"368"," 12049","Hardee, FL",1160182
"369"," 12051","Hendry, FL",1455171
"370"," 12053","Hernando, FL",5659680
"371"," 12055","Highlands, FL",2980473
"372"," 12057","Hillsborough, FL",121004917
"373"," 12059","Holmes, FL",437047
"374"," 12061","Indian River, FL",8020666
"375"," 12063","Jackson, FL",1529487
"376"," 12065","Jefferson, FL",340534
"377"," 12067","Lafayette, FL",241798
"378"," 12069","Lake, FL",13812535
"379"," 12071","Lee, FL",41934562
"380"," 12073","Leon, FL",18790318
"381"," 12075","Levy, FL",1272209
"382"," 12077","Liberty, FL",369651
"383"," 12079","Madison, FL",592906
"384"," 12081","Manatee, FL",20417218
"385"," 12083","Marion, FL",13570815
"386"," 12085","Martin, FL",9555927
"387"," 12086","Miami-Dade, FL",203059107
"388"," 12087","Monroe, FL",6402345
"389"," 12089","Nassau, FL",3800560
"390"," 12091","Okaloosa, FL",15005247
"391"," 12093","Okeechobee, FL",2175079
"392"," 12095","Orange, FL",125714369
"393"," 12097","Osceola, FL",15569050
"394"," 12099","Palm Beach, FL",110546089
"395"," 12101","Pasco, FL",18764534
"396"," 12103","Pinellas, FL",62297828
"397"," 12105","Polk, FL",33850469
"398"," 12107","Putnam, FL",2705030
"399"," 12109","St. Johns, FL",14423704
"400"," 12111","St. Lucie, FL",12842240
"401"," 12113","Santa Rosa, FL",6120812
"402"," 12115","Sarasota, FL",27981018
"403"," 12117","Seminole, FL",27404677
"404"," 12119","Sumter, FL",5791292
"405"," 12121","Suwannee, FL",1666334
"406"," 12123","Taylor, FL",649820
"407"," 12125","Union, FL",410095
"408"," 12127","Volusia, FL",22899878
"409"," 12129","Wakulla, FL",909779
"410"," 12131","Walton, FL",4883487
"411"," 12133","Washington, FL",723352
"412"," 13000","Georgia",697450891
"413"," 13001","Appling, GA",1671215
"414"," 13003","Atkinson, GA",272823
"415"," 13005","Bacon, GA",399545
"416"," 13007","Baker, GA",67662
"417"," 13009","Baldwin, GA",1539495
"418"," 13011","Banks, GA",527369
"419"," 13013","Barrow, GA",2859782
"420"," 13015","Bartow, GA",6649961
"421"," 13017","Ben Hill, GA",622165
"422"," 13019","Berrien, GA",442143
"423"," 13021","Bibb, GA",8722664
"424"," 13023","Bleckley, GA",277615
"425"," 13025","Brantley, GA",280165
"426"," 13027","Brooks, GA",467534
"427"," 13029","Bryan, GA",2494183
"428"," 13031","Bulloch, GA",2918172
"429"," 13033","Burke, GA",3022505
"430"," 13035","Butts, GA",781053
"431"," 13037","Calhoun, GA",111787
"432"," 13039","Camden, GA",2144752
"433"," 13043","Candler, GA",308267
"434"," 13045","Carroll, GA",6665826
"435"," 13047","Catoosa, GA",1712970
"436"," 13049","Charlton, GA",215374
"437"," 13051","Chatham, GA",22101588
"438"," 13053","Chattahoochee, GA",1710403
"439"," 13055","Chattooga, GA",574676
"440"," 13057","Cherokee, GA",10117689
"441"," 13059","Clarke, GA",8379557
"442"," 13061","Clay, GA",56213
"443"," 13063","Clayton, GA",21234037
"444"," 13065","Clinch, GA",225841
"445"," 13067","Cobb, GA",64921272
"446"," 13069","Coffee, GA",1796848
"447"," 13071","Colquitt, GA",1609148
"448"," 13073","Columbia, GA",4766804
"449"," 13075","Cook, GA",389083
"450"," 13077","Coweta, GA",5911619
"451"," 13079","Crawford, GA",180302
"452"," 13081","Crisp, GA",1027191
"453"," 13083","Dade, GA",521098
"454"," 13085","Dawson, GA",1167980
"455"," 13087","Decatur, GA",1058528
"456"," 13089","DeKalb, GA",47192352
"457"," 13091","Dodge, GA",442650
"458"," 13093","Dooly, GA",320470
"459"," 13095","Dougherty, GA",4907588
"460"," 13097","Douglas, GA",6119327
"461"," 13099","Early, GA",501753
"462"," 13101","Echols, GA",40144
"463"," 13103","Effingham, GA",2275632
"464"," 13105","Elbert, GA",740382
"465"," 13107","Emanuel, GA",741868
"466"," 13109","Evans, GA",420668
"467"," 13111","Fannin, GA",979639
"468"," 13113","Fayette, GA",6218168
"469"," 13115","Floyd, GA",4445591
"470"," 13117","Forsyth, GA",12612503
"471"," 13119","Franklin, GA",1149135
"472"," 13121","Fulton, GA",201157288
"473"," 13123","Gilmer, GA",1115184
"474"," 13125","Glascock, GA",31581
"475"," 13127","Glynn, GA",4753424
"476"," 13129","Gordon, GA",2606146
"477"," 13131","Grady, GA",639492
"478"," 13133","Greene, GA",941330
"479"," 13135","Gwinnett, GA",56392457
"480"," 13137","Habersham, GA",1640256
"481"," 13139","Hall, GA",13805042
"482"," 13141","Hancock, GA",146520
"483"," 13143","Haralson, GA",1153957
"484"," 13145","Harris, GA",674049
"485"," 13147","Hart, GA",1005031
"486"," 13149","Heard, GA",1183172
"487"," 13151","Henry, GA",8992588
"488"," 13153","Houston, GA",7763379
"489"," 13155","Irwin, GA",223529
"490"," 13157","Jackson, GA",4775506
"491"," 13159","Jasper, GA",325797
"492"," 13161","Jeff Davis, GA",520485
"493"," 13163","Jefferson, GA",521830
"494"," 13165","Jenkins, GA",164494
"495"," 13167","Johnson, GA",130592
"496"," 13169","Jones, GA",492746
"497"," 13171","Lamar, GA",497526
"498"," 13173","Lanier, GA",143652
"499"," 13175","Laurens, GA",2067597
"500"," 13177","Lee, GA",818362
"501"," 13179","Liberty, GA",4102994
"502"," 13181","Lincoln, GA",137459
"503"," 13183","Long, GA",231513
"504"," 13185","Lowndes, GA",5436352
"505"," 13187","Lumpkin, GA",1025121
"506"," 13189","McDuffie, GA",674616
"507"," 13191","McIntosh, GA",240172
"508"," 13193","Macon, GA",469669
"509"," 13195","Madison, GA",692794
"510"," 13197","Marion, GA",108492
"511"," 13199","Meriwether, GA",682318
"512"," 13201","Miller, GA",205208
"513"," 13205","Mitchell, GA",805629
"514"," 13207","Monroe, GA",1390761
"515"," 13209","Montgomery, GA",158178
"516"," 13211","Morgan, GA",1117555
"517"," 13213","Murray, GA",1480226
"518"," 13215","Muscogee, GA",10780155
"519"," 13217","Newton, GA",3507598
"520"," 13219","Oconee, GA",1957955
"521"," 13221","Oglethorpe, GA",399665
"522"," 13223","Paulding, GA",3910454
"523"," 13225","Peach, GA",1100681
"524"," 13227","Pickens, GA",1190281
"525"," 13229","Pierce, GA",478240
"526"," 13231","Pike, GA",387401
"527"," 13233","Polk, GA",1360809
"528"," 13235","Pulaski, GA",291106
"529"," 13237","Putnam, GA",673974
"530"," 13239","Quitman, GA",35590
"531"," 13241","Rabun, GA",640851
"532"," 13243","Randolph, GA",173768
"533"," 13245","Richmond, GA",13207421
"534"," 13247","Rockdale, GA",4543019
"535"," 13249","Schley, GA",119759
"536"," 13251","Screven, GA",315874
"537"," 13253","Seminole, GA",302168
"538"," 13255","Spalding, GA",2354665
"539"," 13257","Stephens, GA",1087059
"540"," 13259","Stewart, GA",163775
"541"," 13261","Sumter, GA",925490
"542"," 13263","Talbot, GA",240426
"543"," 13265","Taliaferro, GA",35439
"544"," 13267","Tattnall, GA",711377
"545"," 13269","Taylor, GA",212150
"546"," 13271","Telfair, GA",305501
"547"," 13273","Terrell, GA",235928
"548"," 13275","Thomas, GA",2391611
"549"," 13277","Tift, GA",2099592
"550"," 13279","Toombs, GA",1124907
"551"," 13281","Towns, GA",452394
"552"," 13283","Treutlen, GA",111018
"553"," 13285","Troup, GA",4203133
"554"," 13287","Turner, GA",206041
"555"," 13289","Twiggs, GA",239441
"556"," 13291","Union, GA",954557
"557"," 13293","Upson, GA",740315
"558"," 13295","Walker, GA",1724899
"559"," 13297","Walton, GA",3266676
"560"," 13299","Ware, GA",1426044
"561"," 13301","Warren, GA",208433
"562"," 13303","Washington, GA",648888
"563"," 13305","Wayne, GA",1255904
"564"," 13307","Webster, GA",59846
"565"," 13309","Wheeler, GA",121491
"566"," 13311","White, GA",1004816
"567"," 13313","Whitfield, GA",6171126
"568"," 13315","Wilcox, GA",166603
"569"," 13317","Wilkes, GA",381989
"570"," 13319","Wilkinson, GA",426739
"571"," 13321","Worth, GA",338102
"572"," 15000","Hawaii",91877966
"573"," 15001","Hawaii, HI",9431618
"574"," 15003","Honolulu, HI",68315829
"575"," 15007","Kauai, HI",4271283
"576"," 15901","Maui + Kalawao, HI*",9855200
"577"," 16000","Idaho",99567334
"578"," 16001","Ada, ID",35731361
"579"," 16003","Adams, ID",158849
"580"," 16005","Bannock, ID",3410715
"581"," 16007","Bear Lake, ID",226303
"582"," 16009","Benewah, ID",422241
"583"," 16011","Bingham, ID",1712442
"584"," 16013","Blaine, ID",1937608
"585"," 16015","Boise, ID",215172
"586"," 16017","Bonner, ID",1956126
"587"," 16019","Bonneville, ID",6903459
"588"," 16021","Boundary, ID",496559
"589"," 16023","Butte, ID",1583598
"590"," 16025","Camas, ID",86270
"591"," 16027","Canyon, ID",8920206
"592"," 16029","Caribou, ID",857858
"593"," 16031","Cassia, ID",1989930
"594"," 16033","Clark, ID",46268
"595"," 16035","Clearwater, ID",362670
"596"," 16037","Custer, ID",197984
"597"," 16039","Elmore, ID",1484687
"598"," 16041","Franklin, ID",478281
"599"," 16043","Fremont (includes Yellowstone Park), ID",421489
"600"," 16045","Gem, ID",520667
"601"," 16047","Gooding, ID",1309652
"602"," 16049","Idaho, ID",505189
"603"," 16051","Jefferson, ID",1040502
"604"," 16053","Jerome, ID",1485692
"605"," 16055","Kootenai, ID",8769037
"606"," 16057","Latah, ID",1644179
"607"," 16059","Lemhi, ID",418470
"608"," 16061","Lewis, ID",165784
"609"," 16063","Lincoln, ID",297383
"610"," 16065","Madison, ID",1568057
"611"," 16067","Minidoka, ID",971341
"612"," 16069","Nez Perce, ID",2281553
"613"," 16071","Oneida, ID",148729
"614"," 16073","Owyhee, ID",511498
"615"," 16075","Payette, ID",983105
"616"," 16077","Power, ID",436623
"617"," 16079","Shoshone, ID",689461
"618"," 16081","Teton, ID",500752
"619"," 16083","Twin Falls, ID",4580587
"620"," 16085","Valley, ID",654941
"621"," 16087","Washington, ID",518092
"622"," 17000","Illinois",899125864
"623"," 17001","Adams, IL",3602228
"624"," 17003","Alexander, IL",201779
"625"," 17005","Bond, IL",587691
"626"," 17007","Boone, IL",1628500
"627"," 17009","Brown, IL",438664
"628"," 17011","Bureau, IL",1173234
"629"," 17013","Calhoun, IL",96837
"630"," 17015","Carroll, IL",563678
"631"," 17017","Cass, IL",688259
"632"," 17019","Champaign, IL",12169367
"633"," 17021","Christian, IL",1431037
"634"," 17023","Clark, IL",554167
"635"," 17025","Clay, IL",598642
"636"," 17027","Clinton, IL",1170707
"637"," 17029","Coles, IL",2751881
"638"," 17031","Cook, IL",432556656
"639"," 17033","Crawford, IL",1264803
"640"," 17035","Cumberland, IL",1373863
"641"," 17037","DeKalb, IL",4287257
"642"," 17039","De Witt, IL",1226225
"643"," 17041","Douglas, IL",1070002
"644"," 17043","DuPage, IL",101729561
"645"," 17045","Edgar, IL",847431
"646"," 17047","Edwards, IL",280834
"647"," 17049","Effingham, IL",2333624
"648"," 17051","Fayette, IL",579373
"649"," 17053","Ford, IL",833921
"650"," 17055","Franklin, IL",1013965
"651"," 17057","Fulton, IL",857770
"652"," 17059","Gallatin, IL",134812
"653"," 17061","Greene, IL",319485
"654"," 17063","Grundy, IL",4741684
"655"," 17065","Hamilton, IL",340967
"656"," 17067","Hancock, IL",618252
"657"," 17069","Hardin, IL",93838
"658"," 17071","Henderson, IL",164956
"659"," 17073","Henry, IL",1548081
"660"," 17075","Iroquois, IL",1049279
"661"," 17077","Jackson, IL",2600977
"662"," 17079","Jasper, IL",483563
"663"," 17081","Jefferson, IL",1796801
"664"," 17083","Jersey, IL",508548
"665"," 17085","Jo Daviess, IL",860924
"666"," 17087","Johnson, IL",249121
"667"," 17089","Kane, IL",28613180
"668"," 17091","Kankakee, IL",6807457
"669"," 17093","Kendall, IL",4062578
"670"," 17095","Knox, IL",1851369
"671"," 17097","Lake, IL",65290037
"672"," 17099","LaSalle, IL",5826912
"673"," 17101","Lawrence, IL",547354
"674"," 17103","Lee, IL",1663230
"675"," 17105","Livingston, IL",2264241
"676"," 17107","Logan, IL",1033878
"677"," 17109","McDonough, IL",1084829
"678"," 17111","McHenry, IL",12112910
"679"," 17113","McLean, IL",13442187
"680"," 17115","Macon, IL",7025649
"681"," 17117","Macoupin, IL",1131376
"682"," 17119","Madison, IL",12941382
"683"," 17121","Marion, IL",1369011
"684"," 17123","Marshall, IL",527715
"685"," 17125","Mason, IL",469574
"686"," 17127","Massac, IL",373631
"687"," 17129","Menard, IL",267644
"688"," 17131","Mercer, IL",431910
"689"," 17133","Monroe, IL",1034708
"690"," 17135","Montgomery, IL",1466948
"691"," 17137","Morgan, IL",1513012
"692"," 17139","Moultrie, IL",725796
"693"," 17141","Ogle, IL",2941741
"694"," 17143","Peoria, IL",13265891
"695"," 17145","Perry, IL",638660
"696"," 17147","Piatt, IL",533678
"697"," 17149","Pike, IL",610573
"698"," 17151","Pope, IL",65230
"699"," 17153","Pulaski, IL",167158
"700"," 17155","Putnam, IL",316741
"701"," 17157","Randolph, IL",1558102
"702"," 17159","Richland, IL",623975
"703"," 17161","Rock Island, IL",9877640
"704"," 17163","St. Clair, IL",12699001
"705"," 17165","Saline, IL",878604
"706"," 17167","Sangamon, IL",12294172
"707"," 17169","Schuyler, IL",251597
"708"," 17171","Scott, IL",152418
"709"," 17173","Shelby, IL",841283
"710"," 17175","Stark, IL",252584
"711"," 17177","Stephenson, IL",1899601
"712"," 17179","Tazewell, IL",5843142
"713"," 17181","Union, IL",404824
"714"," 17183","Vermilion, IL",3227952
"715"," 17185","Wabash, IL",340161
"716"," 17187","Warren, IL",834486
"717"," 17189","Washington, IL",1034476
"718"," 17191","Wayne, IL",508557
"719"," 17193","White, IL",556113
"720"," 17195","Whiteside, IL",2201978
"721"," 17197","Will, IL",38147264
"722"," 17199","Williamson, IL",3159218
"723"," 17201","Winnebago, IL",14429372
"724"," 17203","Woodford, IL",1302187
"725"," 18000","Indiana",412003374
"726"," 18001","Adams, IN",1845806
"727"," 18003","Allen, IN",22994824
"728"," 18005","Bartholomew, IN",7129869
"729"," 18007","Benton, IN",461580
"730"," 18009","Blackford, IN",315895
"731"," 18011","Boone, IN",4789931
"732"," 18013","Brown, IN",341539
"733"," 18015","Carroll, IN",727723
"734"," 18017","Cass, IN",1509419
"735"," 18019","Clark, IN",6468235
"736"," 18021","Clay, IN",853391
"737"," 18023","Clinton, IN",1574924
"738"," 18025","Crawford, IN",185903
"739"," 18027","Daviess, IN",1724933
"740"," 18029","Dearborn, IN",1863099
"741"," 18031","Decatur, IN",1634756
"742"," 18033","DeKalb, IN",2722939
"743"," 18035","Delaware, IN",4278280
"744"," 18037","Dubois, IN",2933125
"745"," 18039","Elkhart, IN",17756181
"746"," 18041","Fayette, IN",551866
"747"," 18043","Floyd, IN",3300680
"748"," 18045","Fountain, IN",521190
"749"," 18047","Franklin, IN",568025
"750"," 18049","Fulton, IN",688981
"751"," 18051","Gibson, IN",3881584
"752"," 18053","Grant, IN",2529334
"753"," 18055","Greene, IN",697808
"754"," 18057","Hamilton, IN",24904099
"755"," 18059","Hancock, IN",3776322
"756"," 18061","Harrison, IN",1302071
"757"," 18063","Hendricks, IN",7827655
"758"," 18065","Henry, IN",1534673
"759"," 18067","Howard, IN",4917232
"760"," 18069","Huntington, IN",1603300
"761"," 18071","Jackson, IN",2887574
"762"," 18073","Jasper, IN",1476887
"763"," 18075","Jay, IN",1213384
"764"," 18077","Jefferson, IN",1705311
"765"," 18079","Jennings, IN",753840
"766"," 18081","Johnson, IN",5928628
"767"," 18083","Knox, IN",1906533
"768"," 18085","Kosciusko, IN",6266382
"769"," 18087","Lagrange, IN",2034126
"770"," 18089","Lake, IN",24764214
"771"," 18091","LaPorte, IN",4460626
"772"," 18093","Lawrence, IN",1475759
"773"," 18095","Madison, IN",4261893
"774"," 18097","Marion, IN",108739716
"775"," 18099","Marshall, IN",1786933
"776"," 18101","Martin, IN",1273938
"777"," 18103","Miami, IN",969117
"778"," 18105","Monroe, IN",7418848
"779"," 18107","Montgomery, IN",1784440
"780"," 18109","Morgan, IN",2372866
"781"," 18111","Newton, IN",364171
"782"," 18113","Noble, IN",2033247
"783"," 18115","Ohio, IN",95188
"784"," 18117","Orange, IN",737679
"785"," 18119","Owen, IN",604608
"786"," 18121","Parke, IN",393775
"787"," 18123","Perry, IN",905330
"788"," 18125","Pike, IN",521332
"789"," 18127","Porter, IN",8129211
"790"," 18129","Posey, IN",4640068
"791"," 18131","Pulaski, IN",716989
"792"," 18133","Putnam, IN",1109620
"793"," 18135","Randolph, IN",953954
"794"," 18137","Ripley, IN",1129053
"795"," 18139","Rush, IN",615238
"796"," 18141","St. Joseph, IN",15366920
"797"," 18143","Scott, IN",754486
"798"," 18145","Shelby, IN",2204075
"799"," 18147","Spencer, IN",1029345
"800"," 18149","Starke, IN",548450
"801"," 18151","Steuben, IN",1506883
"802"," 18153","Sullivan, IN",869724
"803"," 18155","Switzerland, IN",242712
"804"," 18157","Tippecanoe, IN",11168640
"805"," 18159","Tipton, IN",591882
"806"," 18161","Union, IN",155003
"807"," 18163","Vanderburgh, IN",12156623
"808"," 18165","Vermillion, IN",885465
"809"," 18167","Vigo, IN",5180949
"810"," 18169","Wabash, IN",1303003
"811"," 18171","Warren, IN",270995
"812"," 18173","Warrick, IN",2631586
"813"," 18175","Washington, IN",780904
"814"," 18177","Wayne, IN",2982990
"815"," 18179","Wells, IN",1199264
"816"," 18181","White, IN",1146256
"817"," 18183","Whitley, IN",1937632
"818"," 19000","Iowa",206438928
"819"," 19001","Adair, IA",493562
"820"," 19003","Adams, IA",198660
"821"," 19005","Allamakee, IA",581652
"822"," 19007","Appanoose, IA",382833
"823"," 19009","Audubon, IA",350679
"824"," 19011","Benton, IA",850412
"825"," 19013","Black Hawk, IA",7574396
"826"," 19015","Boone, IA",993019
"827"," 19017","Bremer, IA",1219738
"828"," 19019","Buchanan, IA",827056
"829"," 19021","Buena Vista, IA",1545409
"830"," 19023","Butler, IA",515993
"831"," 19025","Calhoun, IA",416525
"832"," 19027","Carroll, IA",1396164
"833"," 19029","Cass, IA",743875
"834"," 19031","Cedar, IA",606436
"835"," 19033","Cerro Gordo, IA",2890284
"836"," 19035","Cherokee, IA",843091
"837"," 19037","Chickasaw, IA",850368
"838"," 19039","Clarke, IA",500842
"839"," 19041","Clay, IA",1179968
"840"," 19043","Clayton, IA",870450
"841"," 19045","Clinton, IA",2284327
"842"," 19047","Crawford, IA",859893
"843"," 19049","Dallas, IA",8550013
"844"," 19051","Davis, IA",306801
"845"," 19053","Decatur, IA",216787
"846"," 19055","Delaware, IA",958351
"847"," 19057","Des Moines, IA",2221427
"848"," 19059","Dickinson, IA",1179189
"849"," 19061","Dubuque, IA",6926276
"850"," 19063","Emmet, IA",392589
"851"," 19065","Fayette, IA",800463
"852"," 19067","Floyd, IA",917123
"853"," 19069","Franklin, IA",594529
"854"," 19071","Fremont, IA",291869
"855"," 19073","Greene, IA",540406
"856"," 19075","Grundy, IA",539210
"857"," 19077","Guthrie, IA",567734
"858"," 19079","Hamilton, IA",854305
"859"," 19081","Hancock, IA",984747
"860"," 19083","Hardin, IA",863495
"861"," 19085","Harrison, IA",508106
"862"," 19087","Henry, IA",864153
"863"," 19089","Howard, IA",570430
"864"," 19091","Humboldt, IA",449116
"865"," 19093","Ida, IA",551885
"866"," 19095","Iowa, IA",907656
"867"," 19097","Jackson, IA",682179
"868"," 19099","Jasper, IA",1137849
"869"," 19101","Jefferson, IA",709844
"870"," 19103","Johnson, IA",9887747
"871"," 19105","Jones, IA",631420
"872"," 19107","Keokuk, IA",326816
"873"," 19109","Kossuth, IA",1066606
"874"," 19111","Lee, IA",1749234
"875"," 19113","Linn, IA",17575215
"876"," 19115","Louisa, IA",728908
"877"," 19117","Lucas, IA",265780
"878"," 19119","Lyon, IA",1110011
"879"," 19121","Madison, IA",509936
"880"," 19123","Mahaska, IA",873915
"881"," 19125","Marion, IA",2078419
"882"," 19127","Marshall, IA",1739482
"883"," 19129","Mills, IA",486633
"884"," 19131","Mitchell, IA",765437
"885"," 19133","Monona, IA",344000
"886"," 19135","Monroe, IA",485114
"887"," 19137","Montgomery, IA",419234
"888"," 19139","Muscatine, IA",2577854
"889"," 19141","O'Brien, IA",956767
"890"," 19143","Osceola, IA",467536
"891"," 19145","Page, IA",615018
"892"," 19147","Palo Alto, IA",617067
"893"," 19149","Plymouth, IA",1561144
"894"," 19151","Pocahontas, IA",476013
"895"," 19153","Polk, IA",50518845
"896"," 19155","Pottawattamie, IA",4836746
"897"," 19157","Poweshiek, IA",1279070
"898"," 19159","Ringgold, IA",174755
"899"," 19161","Sac, IA",605476
"900"," 19163","Scott, IA",10565169
"901"," 19165","Shelby, IA",810198
"902"," 19167","Sioux, IA",3014989
"903"," 19169","Story, IA",6136665
"904"," 19171","Tama, IA",636320
"905"," 19173","Taylor, IA",279166
"906"," 19175","Union, IA",805377
"907"," 19177","Van Buren, IA",213355
"908"," 19179","Wapello, IA",1648497
"909"," 19181","Warren, IA",1429806
"910"," 19183","Washington, IA",1412399
"911"," 19185","Wayne, IA",230960
"912"," 19187","Webster, IA",2119925
"913"," 19189","Winnebago, IA",532596
"914"," 19191","Winneshiek, IA",1026441
"915"," 19193","Woodbury, IA",5432371
"916"," 19195","Worth, IA",357509
"917"," 19197","Wright, IA",989859
"918"," 20000","Kansas",181599646
"919"," 20001","Allen, KS",547637
"920"," 20003","Anderson, KS",385679
"921"," 20005","Atchison, KS",648222
"922"," 20007","Barber, KS",182334
"923"," 20009","Barton, KS",1282207
"924"," 20011","Bourbon, KS",569368
"925"," 20013","Brown, KS",505439
"926"," 20015","Butler, KS",2923277
"927"," 20017","Chase, KS",110832
"928"," 20019","Chautauqua, KS",71366
"929"," 20021","Cherokee, KS",834849
"930"," 20023","Cheyenne, KS",127268
"931"," 20025","Clark, KS",222143
"932"," 20027","Clay, KS",261665
"933"," 20029","Cloud, KS",400795
"934"," 20031","Coffey, KS",715230
"935"," 20033","Comanche, KS",56284
"936"," 20035","Cowley, KS",1284209
"937"," 20037","Crawford, KS",1634395
"938"," 20039","Decatur, KS",167864
"939"," 20041","Dickinson, KS",633380
"940"," 20043","Doniphan, KS",260913
"941"," 20045","Douglas, KS",5496976
"942"," 20047","Edwards, KS",175910
"943"," 20049","Elk, KS",79957
"944"," 20051","Ellis, KS",1650991
"945"," 20053","Ellsworth, KS",239091
"946"," 20055","Finney, KS",2403822
"947"," 20057","Ford, KS",2550024
"948"," 20059","Franklin, KS",855043
"949"," 20061","Geary, KS",2919500
"950"," 20063","Gove, KS",221553
"951"," 20065","Graham, KS",144538
"952"," 20067","Grant, KS",504917
"953"," 20069","Gray, KS",757759
"954"," 20071","Greeley, KS",210047
"955"," 20073","Greenwood, KS",167793
"956"," 20075","Hamilton, KS",321817
"957"," 20077","Harper, KS",326597
"958"," 20079","Harvey, KS",1314379
"959"," 20081","Haskell, KS",412029
"960"," 20083","Hodgeman, KS",154937
"961"," 20085","Jackson, KS",336935
"962"," 20087","Jefferson, KS",361481
"963"," 20089","Jewell, KS",105872
"964"," 20091","Johnson, KS",54055349
"965"," 20093","Kearny, KS",193851
"966"," 20095","Kingman, KS",253966
"967"," 20097","Kiowa, KS",101298
"968"," 20099","Labette, KS",810055
"969"," 20101","Lane, KS",137471
"970"," 20103","Leavenworth, KS",3120908
"971"," 20105","Lincoln, KS",112542
"972"," 20107","Linn, KS",439312
"973"," 20109","Logan, KS",167722
"974"," 20111","Lyon, KS",1552118
"975"," 20113","McPherson, KS",2078239
"976"," 20115","Marion, KS",403204
"977"," 20117","Marshall, KS",546044
"978"," 20119","Meade, KS",238192
"979"," 20121","Miami, KS",1086771
"980"," 20123","Mitchell, KS",468450
"981"," 20125","Montgomery, KS",2305369
"982"," 20127","Morris, KS",183568
"983"," 20129","Morton, KS",168025
"984"," 20131","Nemaha, KS",490245
"985"," 20133","Neosho, KS",600921
"986"," 20135","Ness, KS",182140
"987"," 20137","Norton, KS",275898
"988"," 20139","Osage, KS",308377
"989"," 20141","Osborne, KS",139860
"990"," 20143","Ottawa, KS",107738
"991"," 20145","Pawnee, KS",266772
"992"," 20147","Phillips, KS",456444
"993"," 20149","Pottawatomie, KS",1176120
"994"," 20151","Pratt, KS",581524
"995"," 20153","Rawlins, KS",128661
"996"," 20155","Reno, KS",2638151
"997"," 20157","Republic, KS",291215
"998"," 20159","Rice, KS",738363
"999"," 20161","Riley, KS",2953476
"1000"," 20163","Rooks, KS",180317
"1001"," 20165","Rush, KS",150428
"1002"," 20167","Russell, KS",277818
"1003"," 20169","Saline, KS",2962118
"1004"," 20171","Scott, KS",430339
"1005"," 20173","Sedgwick, KS",33351338
"1006"," 20175","Seward, KS",1352889
"1007"," 20177","Shawnee, KS",11434085
"1008"," 20179","Sheridan, KS",166697
"1009"," 20181","Sherman, KS",300943
"1010"," 20183","Smith, KS",159083
"1011"," 20185","Stafford, KS",222260
"1012"," 20187","Stanton, KS",172433
"1013"," 20189","Stevens, KS",380976
"1014"," 20191","Sumner, KS",671445
"1015"," 20193","Thomas, KS",712429
"1016"," 20195","Trego, KS",141923
"1017"," 20197","Wabaunsee, KS",131655
"1018"," 20199","Wallace, KS",102254
"1019"," 20201","Washington, KS",213359
"1020"," 20203","Wichita, KS",266361
"1021"," 20205","Wilson, KS",296719
"1022"," 20207","Woodson, KS",73623
"1023"," 20209","Wyandotte, KS",12130713
"1024"," 21000","Kentucky",230966362
"1025"," 21001","Adair, KY",434091
"1026"," 21003","Allen, KY",481886
"1027"," 21005","Anderson, KY",637832
"1028"," 21007","Ballard, KY",273817
"1029"," 21009","Barren, KY",1452509
"1030"," 21011","Bath, KY",200665
"1031"," 21013","Bell, KY",774733
"1032"," 21015","Boone, KY",12373703
"1033"," 21017","Bourbon, KY",1032162
"1034"," 21019","Boyd, KY",2927963
"1035"," 21021","Boyle, KY",1364960
"1036"," 21023","Bracken, KY",162811
"1037"," 21025","Breathitt, KY",239425
"1038"," 21027","Breckinridge, KY",402468
"1039"," 21029","Bullitt, KY",2825245
"1040"," 21031","Butler, KY",323472
"1041"," 21033","Caldwell, KY",430113
"1042"," 21035","Calloway, KY",1463124
"1043"," 21037","Campbell, KY",3935227
"1044"," 21039","Carlisle, KY",198271
"1045"," 21041","Carroll, KY",1764934
"1046"," 21043","Carter, KY",515336
"1047"," 21045","Casey, KY",357135
"1048"," 21047","Christian, KY",6145169
"1049"," 21049","Clark, KY",1594843
"1050"," 21051","Clay, KY",350848
"1051"," 21053","Clinton, KY",367673
"1052"," 21055","Crittenden, KY",186723
"1053"," 21057","Cumberland, KY",199342
"1054"," 21059","Daviess, KY",4757569
"1055"," 21061","Edmonson, KY",188506
"1056"," 21063","Elliott, KY",85037
"1057"," 21065","Estill, KY",226771
"1058"," 21067","Fayette, KY",22665840
"1059"," 21069","Fleming, KY",328521
"1060"," 21071","Floyd, KY",1127767
"1061"," 21073","Franklin, KY",3632709
"1062"," 21075","Fulton, KY",213705
"1063"," 21077","Gallatin, KY",403477
"1064"," 21079","Garrard, KY",324346
"1065"," 21081","Grant, KY",619705
"1066"," 21083","Graves, KY",1358319
"1067"," 21085","Grayson, KY",744965
"1068"," 21087","Green, KY",178666
"1069"," 21089","Greenup, KY",841876
"1070"," 21091","Hancock, KY",862798
"1071"," 21093","Hardin, KY",5790375
"1072"," 21095","Harlan, KY",583773
"1073"," 21097","Harrison, KY",553682
"1074"," 21099","Hart, KY",630211
"1075"," 21101","Henderson, KY",2275648
"1076"," 21103","Henry, KY",382797
"1077"," 21105","Hickman, KY",211443
"1078"," 21107","Hopkins, KY",2018299
"1079"," 21109","Jackson, KY",161618
"1080"," 21111","Jefferson, KY",62385959
"1081"," 21113","Jessamine, KY",2291800
"1082"," 21115","Johnson, KY",481989
"1083"," 21117","Kenton, KY",9707993
"1084"," 21119","Knott, KY",212911
"1085"," 21121","Knox, KY",658927
"1086"," 21123","Larue, KY",235815
"1087"," 21125","Laurel, KY",2327671
"1088"," 21127","Lawrence, KY",413007
"1089"," 21129","Lee, KY",125669
"1090"," 21131","Leslie, KY",149748
"1091"," 21133","Letcher, KY",411838
"1092"," 21135","Lewis, KY",187753
"1093"," 21137","Lincoln, KY",461810
"1094"," 21139","Livingston, KY",367750
"1095"," 21141","Logan, KY",1120605
"1096"," 21143","Lyon, KY",254930
"1097"," 21145","McCracken, KY",5332962
"1098"," 21147","McCreary, KY",268728
"1099"," 21149","McLean, KY",261932
"1100"," 21151","Madison, KY",3524543
"1101"," 21153","Magoffin, KY",164783
"1102"," 21155","Marion, KY",1000877
"1103"," 21157","Marshall, KY",1359867
"1104"," 21159","Martin, KY",226489
"1105"," 21161","Mason, KY",1212944
"1106"," 21163","Meade, KY",796954
"1107"," 21165","Menifee, KY",87689
"1108"," 21167","Mercer, KY",899507
"1109"," 21169","Metcalfe, KY",205247
"1110"," 21171","Monroe, KY",341746
"1111"," 21173","Montgomery, KY",1087640
"1112"," 21175","Morgan, KY",294652
"1113"," 21177","Muhlenberg, KY",1189019
"1114"," 21179","Nelson, KY",1868288
"1115"," 21181","Nicholas, KY",99431
"1116"," 21183","Ohio, KY",839634
"1117"," 21185","Oldham, KY",2346031
"1118"," 21187","Owen, KY",201321
"1119"," 21189","Owsley, KY",54014
"1120"," 21191","Pendleton, KY",301494
"1121"," 21193","Perry, KY",994110
"1122"," 21195","Pike, KY",2049587
"1123"," 21197","Powell, KY",249979
"1124"," 21199","Pulaski, KY",2375168
"1125"," 21201","Robertson, KY",31733
"1126"," 21203","Rockcastle, KY",358213
"1127"," 21205","Rowan, KY",834573
"1128"," 21207","Russell, KY",844947
"1129"," 21209","Scott, KY",3988567
"1130"," 21211","Shelby, KY",1882166
"1131"," 21213","Simpson, KY",988081
"1132"," 21215","Spencer, KY",342980
"1133"," 21217","Taylor, KY",892865
"1134"," 21219","Todd, KY",428496
"1135"," 21221","Trigg, KY",354607
"1136"," 21223","Trimble, KY",568508
"1137"," 21225","Union, KY",792647
"1138"," 21227","Warren, KY",8900029
"1139"," 21229","Washington, KY",381999
"1140"," 21231","Wayne, KY",418337
"1141"," 21233","Webster, KY",405923
"1142"," 21235","Whitley, KY",1220015
"1143"," 21237","Wolfe, KY",120497
"1144"," 21239","Woodford, KY",1229132
"1145"," 22000","Louisiana",257055867
"1146"," 22001","Acadia, LA",1594380
"1147"," 22003","Allen, LA",817883
"1148"," 22005","Ascension, LA",9996326
"1149"," 22007","Assumption, LA",561760
"1150"," 22009","Avoyelles, LA",904965
"1151"," 22011","Beauregard, LA",1539178
"1152"," 22013","Bienville, LA",676762
"1153"," 22015","Bossier, LA",6085253
"1154"," 22017","Caddo, LA",14300751
"1155"," 22019","Calcasieu, LA",13981745
"1156"," 22021","Caldwell, LA",189628
"1157"," 22023","Cameron, LA",822014
"1158"," 22025","Catahoula, LA",180168
"1159"," 22027","Claiborne, LA",434607
"1160"," 22029","Concordia, LA",556360
"1161"," 22031","De Soto, LA",2597887
"1162"," 22033","East Baton Rouge, LA",37162731
"1163"," 22035","East Carroll, LA",120353
"1164"," 22037","East Feliciana, LA",527575
"1165"," 22039","Evangeline, LA",913208
"1166"," 22041","Franklin, LA",471126
"1167"," 22043","Grant, LA",430062
"1168"," 22045","Iberia, LA",3077847
"1169"," 22047","Iberville, LA",2669510
"1170"," 22049","Jackson, LA",470127
"1171"," 22051","Jefferson, LA",24636957
"1172"," 22053","Jefferson Davis, LA",816045
"1173"," 22055","Lafayette, LA",15969890
"1174"," 22057","Lafourche, LA",4889276
"1175"," 22059","LaSalle, LA",499944
"1176"," 22061","Lincoln, LA",2145688
"1177"," 22063","Livingston, LA",3227527
"1178"," 22065","Madison, LA",345766
"1179"," 22067","Morehouse, LA",575154
"1180"," 22069","Natchitoches, LA",1506279
"1181"," 22071","Orleans, LA",24053678
"1182"," 22073","Ouachita, LA",7376144
"1183"," 22075","Plaquemines, LA",3085492
"1184"," 22077","Pointe Coupee, LA",824824
"1185"," 22079","Rapides, LA",5714736
"1186"," 22081","Red River, LA",882051
"1187"," 22083","Richland, LA",693025
"1188"," 22085","Sabine, LA",1044160
"1189"," 22087","St. Bernard, LA",1284662
"1190"," 22089","St. Charles, LA",9420571
"1191"," 22091","St. Helena, LA",201677
"1192"," 22093","St. James, LA",2598255
"1193"," 22095","St. John the Baptist, LA",3071000
"1194"," 22097","St. Landry, LA",2427958
"1195"," 22099","St. Martin, LA",1528505
"1196"," 22101","St. Mary, LA",2875505
"1197"," 22103","St. Tammany, LA",13329021
"1198"," 22105","Tangipahoa, LA",4845782
"1199"," 22107","Tensas, LA",121319
"1200"," 22109","Terrebonne, LA",5789729
"1201"," 22111","Union, LA",588225
"1202"," 22113","Vermilion, LA",1533180
"1203"," 22115","Vernon, LA",2131726
"1204"," 22117","Washington, LA",1343795
"1205"," 22119","Webster, LA",1203749
"1206"," 22121","West Baton Rouge, LA",1697945
"1207"," 22123","West Carroll, LA",177316
"1208"," 22125","West Feliciana, LA",973966
"1209"," 22127","Winn, LA",541300
"1210"," 23000","Maine",77758621
"1211"," 23001","Androscoggin, ME",5507053
"1212"," 23003","Aroostook, ME",2819143
"1213"," 23005","Cumberland, ME",27597164
"1214"," 23007","Franklin, ME",1153285
"1215"," 23009","Hancock, ME",2866426
"1216"," 23011","Kennebec, ME",6698949
"1217"," 23013","Knox, ME",2046787
"1218"," 23015","Lincoln, ME",1396304
"1219"," 23017","Oxford, ME",1970737
"1220"," 23019","Penobscot, ME",7530721
"1221"," 23021","Piscataquis, ME",582242
"1222"," 23023","Sagadahoc, ME",2541756
"1223"," 23025","Somerset, ME",1882232
"1224"," 23027","Waldo, ME",1529899
"1225"," 23029","Washington, ME",1136562
"1226"," 23031","York, ME",10538145
"1227"," 24000","Maryland",433105905
"1228"," 24001","Allegany, MD",2748469
"1229"," 24003","Anne Arundel, MD",55635123
"1230"," 24005","Baltimore, MD",57707206
"1231"," 24009","Calvert, MD",4828234
"1232"," 24011","Caroline, MD",1233365
"1233"," 24013","Carroll, MD",6804752
"1234"," 24015","Cecil, MD",5448557
"1235"," 24017","Charles, MD",6682037
"1236"," 24019","Dorchester, MD",1395003
"1237"," 24021","Frederick, MD",15943952
"1238"," 24023","Garrett, MD",1365063
"1239"," 24025","Harford, MD",13995030
"1240"," 24027","Howard, MD",30577345
"1241"," 24029","Kent, MD",948734
"1242"," 24031","Montgomery, MD",94922164
"1243"," 24033","Prince George's, MD",50887450
"1244"," 24035","Queen Anne's, MD",2157003
"1245"," 24037","St. Mary's, MD",8388208
"1246"," 24039","Somerset, MD",953912
"1247"," 24041","Talbot, MD",2138647
"1248"," 24043","Washington, MD",7597356
"1249"," 24045","Wicomico, MD",5608755
"1250"," 24047","Worcester, MD",3142528
"1251"," 24510","Baltimore (Independent City), MD",51900153
"1252"," 25000","Massachusetts",628786940
"1253"," 25001","Barnstable, MA",14830770
"1254"," 25003","Berkshire, MA",7205142
"1255"," 25005","Bristol, MA",27757139
"1256"," 25007","Dukes, MA",1612733
"1257"," 25009","Essex, MA",48360034
"1258"," 25011","Franklin, MA",2896237
"1259"," 25013","Hampden, MA",23695319
"1260"," 25015","Hampshire, MA",8036784
"1261"," 25017","Middlesex, MA",204141715
"1262"," 25019","Nantucket, MA",1592151
"1263"," 25021","Norfolk, MA",59516176
"1264"," 25023","Plymouth, MA",28366702
"1265"," 25025","Suffolk, MA",153074038
"1266"," 25027","Worcester, MA",48166049
"1267"," 26000","Michigan",562177628
"1268"," 26001","Alcona, MI",204575
"1269"," 26003","Alger, MI",253880
"1270"," 26005","Allegan, MI",5137459
"1271"," 26007","Alpena, MI",1126633
"1272"," 26009","Antrim, MI",649298
"1273"," 26011","Arenac, MI",454745
"1274"," 26013","Baraga, MI",282678
"1275"," 26015","Barry, MI",1792103
"1276"," 26017","Bay, MI",3716382
"1277"," 26019","Benzie, MI",564484
"1278"," 26021","Berrien, MI",7356445
"1279"," 26023","Branch, MI",1490136
"1280"," 26025","Calhoun, MI",7464101
"1281"," 26027","Cass, MI",1448030
"1282"," 26029","Charlevoix, MI",1353471
"1283"," 26031","Cheboygan, MI",693431
"1284"," 26033","Chippewa, MI",1238741
"1285"," 26035","Clare, MI",1224189
"1286"," 26037","Clinton, MI",2440611
"1287"," 26039","Crawford, MI",419855
"1288"," 26041","Delta, MI",1242884
"1289"," 26043","Dickinson, MI",1323191
"1290"," 26045","Eaton, MI",6192749
"1291"," 26047","Emmet, MI",2002314
"1292"," 26049","Genesee, MI",16529058
"1293"," 26051","Gladwin, MI",532269
"1294"," 26053","Gogebic, MI",490552
"1295"," 26055","Grand Traverse, MI",5853232
"1296"," 26057","Gratiot, MI",1538437
"1297"," 26059","Hillsdale, MI",1830169
"1298"," 26061","Houghton, MI",1235378
"1299"," 26063","Huron, MI",1710199
"1300"," 26065","Ingham, MI",18752816
"1301"," 26067","Ionia, MI",1903885
"1302"," 26069","Iosco, MI",973914
"1303"," 26071","Iron, MI",320697
"1304"," 26073","Isabella, MI",2498065
"1305"," 26075","Jackson, MI",7100376
"1306"," 26077","Kalamazoo, MI",16537412
"1307"," 26079","Kalkaska, MI",649330
"1308"," 26081","Kent, MI",47140599
"1309"," 26083","Keweenaw, MI",57311
"1310"," 26085","Lake, MI",223949
"1311"," 26087","Lapeer, MI",2528188
"1312"," 26089","Leelanau, MI",870567
"1313"," 26091","Lenawee, MI",3371902
"1314"," 26093","Livingston, MI",7927804
"1315"," 26095","Luce, MI",160562
"1316"," 26097","Mackinac, MI",519125
"1317"," 26099","Macomb, MI",44058622
"1318"," 26101","Manistee, MI",902508
"1319"," 26103","Marquette, MI",2733481
"1320"," 26105","Mason, MI",1040664
"1321"," 26107","Mecosta, MI",1290828
"1322"," 26109","Menominee, MI",753748
"1323"," 26111","Midland, MI",6376374
"1324"," 26113","Missaukee, MI",506431
"1325"," 26115","Monroe, MI",6345564
"1326"," 26117","Montcalm, MI",1642615
"1327"," 26119","Montmorency, MI",236358
"1328"," 26121","Muskegon, MI",6688142
"1329"," 26123","Newaygo, MI",1662030
"1330"," 26125","Oakland, MI",115904656
"1331"," 26127","Oceana, MI",648586
"1332"," 26129","Ogemaw, MI",597326
"1333"," 26131","Ontonagon, MI",131041
"1334"," 26133","Osceola, MI",839955
"1335"," 26135","Oscoda, MI",217735
"1336"," 26137","Otsego, MI",1154149
"1337"," 26139","Ottawa, MI",16443944
"1338"," 26141","Presque Isle, MI",346658
"1339"," 26143","Roscommon, MI",671433
"1340"," 26145","Saginaw, MI",8852219
"1341"," 26147","St. Clair, MI",5861090
"1342"," 26149","St. Joseph, MI",2283808
"1343"," 26151","Sanilac, MI",1307410
"1344"," 26153","Schoolcraft, MI",269603
"1345"," 26155","Shiawassee, MI",1852187
"1346"," 26157","Tuscola, MI",1374503
"1347"," 26159","Van Buren, MI",2530576
"1348"," 26161","Washtenaw, MI",28092107
"1349"," 26163","Wayne, MI",105985562
"1350"," 26165","Wexford, MI",1377096
"1351"," 27000","Minnesota",399253322
"1352"," 27001","Aitkin, MN",508557
"1353"," 27003","Anoka, MN",15749652
"1354"," 27005","Becker, MN",1535830
"1355"," 27007","Beltrami, MN",1954736
"1356"," 27009","Benton, MN",1782058
"1357"," 27011","Big Stone, MN",246015
"1358"," 27013","Blue Earth, MN",4355637
"1359"," 27015","Brown, MN",1539839
"1360"," 27017","Carlton, MN",1437280
"1361"," 27019","Carver, MN",5971759
"1362"," 27021","Cass, MN",1033761
"1363"," 27023","Chippewa, MN",587868
"1364"," 27025","Chisago, MN",1721308
"1365"," 27027","Clay, MN",2213702
"1366"," 27029","Clearwater, MN",309271
"1367"," 27031","Cook, MN",295086
"1368"," 27033","Cottonwood, MN",654772
"1369"," 27035","Crow Wing, MN",3107455
"1370"," 27037","Dakota, MN",29480134
"1371"," 27039","Dodge, MN",765429
"1372"," 27041","Douglas, MN",2179454
"1373"," 27043","Faribault, MN",589779
"1374"," 27045","Fillmore, MN",649230
"1375"," 27047","Freeborn, MN",1315275
"1376"," 27049","Goodhue, MN",2997116
"1377"," 27051","Grant, MN",267590
"1378"," 27053","Hennepin, MN",155025745
"1379"," 27055","Houston, MN",634715
"1380"," 27057","Hubbard, MN",763761
"1381"," 27059","Isanti, MN",1219174
"1382"," 27061","Itasca, MN",1959956
"1383"," 27063","Jackson, MN",656985
"1384"," 27065","Kanabec, MN",409291
"1385"," 27067","Kandiyohi, MN",2425921
"1386"," 27069","Kittson, MN",162866
"1387"," 27071","Koochiching, MN",496840
"1388"," 27073","Lac qui Parle, MN",319299
"1389"," 27075","Lake, MN",410660
"1390"," 27077","Lake of the Woods, MN",186152
"1391"," 27079","Le Sueur, MN",935636
"1392"," 27081","Lincoln, MN",450209
"1393"," 27083","Lyon, MN",1638337
"1394"," 27085","McLeod, MN",1833712
"1395"," 27087","Mahnomen, MN",185878
"1396"," 27089","Marshall, MN",309402
"1397"," 27091","Martin, MN",1069579
"1398"," 27093","Meeker, MN",1312854
"1399"," 27095","Mille Lacs, MN",888842
"1400"," 27097","Morrison, MN",1150927
"1401"," 27099","Mower, MN",2376798
"1402"," 27101","Murray, MN",552066
"1403"," 27103","Nicollet, MN",1522982
"1404"," 27105","Nobles, MN",1460466
"1405"," 27107","Norman, MN",175778
"1406"," 27109","Olmsted, MN",12913810
"1407"," 27111","Otter Tail, MN",2510958
"1408"," 27113","Pennington, MN",2020628
"1409"," 27115","Pine, MN",760363
"1410"," 27117","Pipestone, MN",762624
"1411"," 27119","Polk, MN",1255900
"1412"," 27121","Pope, MN",544789
"1413"," 27123","Ramsey, MN",45240617
"1414"," 27125","Red Lake, MN",184676
"1415"," 27127","Redwood, MN",1137734
"1416"," 27129","Renville, MN",892456
"1417"," 27131","Rice, MN",3134576
"1418"," 27133","Rock, MN",778832
"1419"," 27135","Roseau, MN",1333824
"1420"," 27137","St. Louis, MN",10618119
"1421"," 27139","Scott, MN",8317254
"1422"," 27141","Sherburne, MN",3695417
"1423"," 27143","Sibley, MN",549538
"1424"," 27145","Stearns, MN",9689611
"1425"," 27147","Steele, MN",2191557
"1426"," 27149","Stevens, MN",607133
"1427"," 27151","Swift, MN",592770
"1428"," 27153","Todd, MN",880039
"1429"," 27155","Traverse, MN",255018
"1430"," 27157","Wabasha, MN",825421
"1431"," 27159","Wadena, MN",564696
"1432"," 27161","Waseca, MN",993749
"1433"," 27163","Washington, MN",13126134
"1434"," 27165","Watonwan, MN",461331
"1435"," 27167","Wilkin, MN",282423
"1436"," 27169","Winona, MN",2332948
"1437"," 27171","Wright, MN",5477880
"1438"," 27173","Yellow Medicine, MN",578350
"1439"," 28000","Mississippi",123419283
"1440"," 28001","Adams, MS",978586
"1441"," 28003","Alcorn, MS",1258193
"1442"," 28005","Amite, MS",310589
"1443"," 28007","Attala, MS",504151
"1444"," 28009","Benton, MS",314528
"1445"," 28011","Bolivar, MS",1062695
"1446"," 28013","Calhoun, MS",276831
"1447"," 28015","Carroll, MS",108984
"1448"," 28017","Chickasaw, MS",419587
"1449"," 28019","Choctaw, MS",626320
"1450"," 28021","Claiborne, MS",671489
"1451"," 28023","Clarke, MS",317787
"1452"," 28025","Clay, MS",512138
"1453"," 28027","Coahoma, MS",657446
"1454"," 28029","Copiah, MS",714344
"1455"," 28031","Covington, MS",811154
"1456"," 28033","DeSoto, MS",7297483
"1457"," 28035","Forrest, MS",3772384
"1458"," 28037","Franklin, MS",214424
"1459"," 28039","George, MS",502751
"1460"," 28041","Greene, MS",176327
"1461"," 28043","Grenada, MS",884259
"1462"," 28045","Hancock, MS",1824776
"1463"," 28047","Harrison, MS",9941203
"1464"," 28049","Hinds, MS",12125090
"1465"," 28051","Holmes, MS",252876
"1466"," 28053","Humphreys, MS",167555
"1467"," 28055","Issaquena, MS",15729
"1468"," 28057","Itawamba, MS",598968
"1469"," 28059","Jackson, MS",8806295
"1470"," 28061","Jasper, MS",507238
"1471"," 28063","Jefferson, MS",110739
"1472"," 28065","Jefferson Davis, MS",202048
"1473"," 28067","Jones, MS",2837532
"1474"," 28069","Kemper, MS",278272
"1475"," 28071","Lafayette, MS",2463311
"1476"," 28073","Lamar, MS",2173473
"1477"," 28075","Lauderdale, MS",3804542
"1478"," 28077","Lawrence, MS",404820
"1479"," 28079","Leake, MS",731574
"1480"," 28081","Lee, MS",5039718
"1481"," 28083","Leflore, MS",1082102
"1482"," 28085","Lincoln, MS",1237457
"1483"," 28087","Lowndes, MS",3201793
"1484"," 28089","Madison, MS",8129447
"1485"," 28091","Marion, MS",867487
"1486"," 28093","Marshall, MS",891693
"1487"," 28095","Monroe, MS",1018755
"1488"," 28097","Montgomery, MS",207852
"1489"," 28099","Neshoba, MS",1177130
"1490"," 28101","Newton, MS",568678
"1491"," 28103","Noxubee, MS",258950
"1492"," 28105","Oktibbeha, MS",2120643
"1493"," 28107","Panola, MS",1085590
"1494"," 28109","Pearl River, MS",1171361
"1495"," 28111","Perry, MS",329082
"1496"," 28113","Pike, MS",1200778
"1497"," 28115","Pontotoc, MS",950644
"1498"," 28117","Prentiss, MS",608365
"1499"," 28119","Quitman, MS",88909
"1500"," 28121","Rankin, MS",7860121
"1501"," 28123","Scott, MS",1161435
"1502"," 28125","Sharkey, MS",79113
"1503"," 28127","Simpson, MS",738033
"1504"," 28129","Smith, MS",469438
"1505"," 28131","Stone, MS",425523
"1506"," 28133","Sunflower, MS",634953
"1507"," 28135","Tallahatchie, MS",333448
"1508"," 28137","Tate, MS",626606
"1509"," 28139","Tippah, MS",657626
"1510"," 28141","Tishomingo, MS",631467
"1511"," 28143","Tunica, MS",568335
"1512"," 28145","Union, MS",1190936
"1513"," 28147","Walthall, MS",283836
"1514"," 28149","Warren, MS",2796394
"1515"," 28151","Washington, MS",1347613
"1516"," 28153","Wayne, MS",711684
"1517"," 28155","Webster, MS",204999
"1518"," 28157","Wilkinson, MS",151892
"1519"," 28159","Winston, MS",518225
"1520"," 28161","Yalobusha, MS",298160
"1521"," 28163","Yazoo, MS",855904
"1522"," 29000","Missouri",353307390
"1523"," 29001","Adair, MO",865136
"1524"," 29003","Andrew, MO",301482
"1525"," 29005","Atchison, MO",320841
"1526"," 29007","Audrain, MO",903844
"1527"," 29009","Barry, MO",1672784
"1528"," 29011","Barton, MO",389815
"1529"," 29013","Bates, MO",474859
"1530"," 29015","Benton, MO",466649
"1531"," 29017","Bollinger, MO",176834
"1532"," 29019","Boone, MO",10934659
"1533"," 29021","Buchanan, MO",5160891
"1534"," 29023","Butler, MO",1518971
"1535"," 29025","Caldwell, MO",209981
"1536"," 29027","Callaway, MO",2077210
"1537"," 29029","Camden, MO",1787679
"1538"," 29031","Cape Girardeau, MO",4155045
"1539"," 29033","Carroll, MO",311604
"1540"," 29035","Carter, MO",123334
"1541"," 29037","Cass, MO",3222251
"1542"," 29039","Cedar, MO",349398
"1543"," 29041","Chariton, MO",279011
"1544"," 29043","Christian, MO",2238994
"1545"," 29045","Clark, MO",149234
"1546"," 29047","Clay, MO",14182365
"1547"," 29049","Clinton, MO",436287
"1548"," 29051","Cole, MO",5832789
"1549"," 29053","Cooper, MO",478070
"1550"," 29055","Crawford, MO",732094
"1551"," 29057","Dade, MO",207628
"1552"," 29059","Dallas, MO",306546
"1553"," 29061","Daviess, MO",199432
"1554"," 29063","DeKalb, MO",314566
"1555"," 29065","Dent, MO",366293
"1556"," 29067","Douglas, MO",216637
"1557"," 29069","Dunklin, MO",877732
"1558"," 29071","Franklin, MO",4976726
"1559"," 29073","Gasconade, MO",431921
"1560"," 29075","Gentry, MO",222183
"1561"," 29077","Greene, MO",18673850
"1562"," 29079","Grundy, MO",304793
"1563"," 29081","Harrison, MO",229372
"1564"," 29083","Henry, MO",815589
"1565"," 29085","Hickory, MO",178120
"1566"," 29087","Holt, MO",183702
"1567"," 29089","Howard, MO",218539
"1568"," 29091","Howell, MO",1369134
"1569"," 29093","Iron, MO",277478
"1570"," 29095","Jackson, MO",52072491
"1571"," 29097","Jasper, MO",5735790
"1572"," 29099","Jefferson, MO",5200859
"1573"," 29101","Johnson, MO",2027418
"1574"," 29103","Knox, MO",121221
"1575"," 29105","Laclede, MO",1577603
"1576"," 29107","Lafayette, MO",867155
"1577"," 29109","Lawrence, MO",1049003
"1578"," 29111","Lewis, MO",230944
"1579"," 29113","Lincoln, MO",1443347
"1580"," 29115","Linn, MO",411795
"1581"," 29117","Livingston, MO",558838
"1582"," 29119","McDonald, MO",787487
"1583"," 29121","Macon, MO",580164
"1584"," 29123","Madison, MO",282143
"1585"," 29125","Maries, MO",188786
"1586"," 29127","Marion, MO",1242832
"1587"," 29129","Mercer, MO",104607
"1588"," 29131","Miller, MO",813767
"1589"," 29133","Mississippi, MO",307820
"1590"," 29135","Moniteau, MO",513359
"1591"," 29137","Monroe, MO",221972
"1592"," 29139","Montgomery, MO",351301
"1593"," 29141","Morgan, MO",644675
"1594"," 29143","New Madrid, MO",1047197
"1595"," 29145","Newton, MO",2352220
"1596"," 29147","Nodaway, MO",767710
"1597"," 29149","Oregon, MO",223140
"1598"," 29151","Osage, MO",458811
"1599"," 29153","Ozark, MO",147740
"1600"," 29155","Pemiscot, MO",455014
"1601"," 29157","Perry, MO",968566
"1602"," 29159","Pettis, MO",2731179
"1603"," 29161","Phelps, MO",1647469
"1604"," 29163","Pike, MO",522921
"1605"," 29165","Platte, MO",7352727
"1606"," 29167","Polk, MO",901754
"1607"," 29169","Pulaski, MO",2328960
"1608"," 29171","Putnam, MO",141991
"1609"," 29173","Ralls, MO",640585
"1610"," 29175","Randolph, MO",1231746
"1611"," 29177","Ray, MO",498503
"1612"," 29179","Reynolds, MO",160715
"1613"," 29181","Ripley, MO",215314
"1614"," 29183","St. Charles, MO",21081697
"1615"," 29185","St. Clair, MO",198309
"1616"," 29186","Ste. Genevieve, MO",623747
"1617"," 29187","St. Francois, MO",1865794
"1618"," 29189","St. Louis, MO",92154682
"1619"," 29195","Saline, MO",984077
"1620"," 29197","Schuyler, MO",142008
"1621"," 29199","Scotland, MO",176144
"1622"," 29201","Scott, MO",1728245
"1623"," 29203","Shannon, MO",143354
"1624"," 29205","Shelby, MO",162642
"1625"," 29207","Stoddard, MO",1141672
"1626"," 29209","Stone, MO",852759
"1627"," 29211","Sullivan, MO",500343
"1628"," 29213","Taney, MO",2869141
"1629"," 29215","Texas, MO",571063
"1630"," 29217","Vernon, MO",895987
"1631"," 29219","Warren, MO",926770
"1632"," 29221","Washington, MO",442037
"1633"," 29223","Wayne, MO",199382
"1634"," 29225","Webster, MO",942034
"1635"," 29227","Worth, MO",56726
"1636"," 29229","Wright, MO",446816
"1637"," 29510","St. Louis (Independent City), MO",32119062
"1638"," 30000","Montana",60605713
"1639"," 30001","Beaverhead, MT",520911
"1640"," 30003","Big Horn, MT",942296
"1641"," 30005","Blaine, MT",175418
"1642"," 30007","Broadwater, MT",232366
"1643"," 30009","Carbon, MT",416881
"1644"," 30011","Carter, MT",74008
"1645"," 30013","Cascade, MT",4405442
"1646"," 30015","Chouteau, MT",227303
"1647"," 30017","Custer, MT",525022
"1648"," 30019","Daniels, MT",97478
"1649"," 30021","Dawson, MT",396799
"1650"," 30023","Deer Lodge, MT",336614
"1651"," 30025","Fallon, MT",192572
"1652"," 30027","Fergus, MT",571116
"1653"," 30029","Flathead, MT",5512091
"1654"," 30031","Gallatin, MT",9280217
"1655"," 30033","Garfield, MT",33058
"1656"," 30035","Glacier, MT",522140
"1657"," 30037","Golden Valley, MT",25216
"1658"," 30039","Granite, MT",126326
"1659"," 30041","Hill, MT",740105
"1660"," 30043","Jefferson, MT",298980
"1661"," 30045","Judith Basin, MT",110089
"1662"," 30047","Lake, MT",1052343
"1663"," 30049","Lewis and Clark, MT",4480091
"1664"," 30051","Liberty, MT",240238
"1665"," 30053","Lincoln, MT",676458
"1666"," 30055","McCone, MT",113928
"1667"," 30057","Madison, MT",491159
"1668"," 30059","Meagher, MT",69514
"1669"," 30061","Mineral, MT",121980
"1670"," 30063","Missoula, MT",7132080
"1671"," 30065","Musselshell, MT",363190
"1672"," 30067","Park, MT",687470
"1673"," 30069","Petroleum, MT",18815
"1674"," 30071","Phillips, MT",122900
"1675"," 30073","Pondera, MT",242108
"1676"," 30075","Powder River, MT",127143
"1677"," 30077","Powell, MT",276052
"1678"," 30079","Prairie, MT",50521
"1679"," 30081","Ravalli, MT",1471834
"1680"," 30083","Richland, MT",1002027
"1681"," 30085","Roosevelt, MT",442271
"1682"," 30087","Rosebud, MT",811738
"1683"," 30089","Sanders, MT",417892
"1684"," 30091","Sheridan, MT",177837
"1685"," 30093","Silver Bow, MT",1699243
"1686"," 30095","Stillwater, MT",503900
"1687"," 30097","Sweet Grass, MT",218616
"1688"," 30099","Teton, MT",237337
"1689"," 30101","Toole, MT",385013
"1690"," 30103","Treasure, MT",79877
"1691"," 30105","Valley, MT",287204
"1692"," 30107","Wheatland, MT",80487
"1693"," 30109","Wibaux, MT",45209
"1694"," 30111","Yellowstone, MT",10776934
"1695"," 31000","Nebraska",148102798
"1696"," 31001","Adams, NE",2028756
"1697"," 31003","Antelope, NE",576887
"1698"," 31005","Arthur, NE",25350
"1699"," 31007","Banner, NE",35556
"1700"," 31009","Blaine, NE",39534
"1701"," 31011","Boone, NE",418119
"1702"," 31013","Box Butte, NE",539216
"1703"," 31015","Boyd, NE",107841
"1704"," 31017","Brown, NE",201132
"1705"," 31019","Buffalo, NE",3595336
"1706"," 31021","Burt, NE",324849
"1707"," 31023","Butler, NE",446851
"1708"," 31025","Cass, NE",836050
"1709"," 31027","Cedar, NE",414020
"1710"," 31029","Chase, NE",320534
"1711"," 31031","Cherry, NE",372019
"1712"," 31033","Cheyenne, NE",524888
"1713"," 31035","Clay, NE",342397
"1714"," 31037","Colfax, NE",793811
"1715"," 31039","Cuming, NE",814312
"1716"," 31041","Custer, NE",681402
"1717"," 31043","Dakota, NE",1906575
"1718"," 31045","Dawes, NE",301828
"1719"," 31047","Dawson, NE",1729495
"1720"," 31049","Deuel, NE",64565
"1721"," 31051","Dixon, NE",367161
"1722"," 31053","Dodge, NE",2366379
"1723"," 31055","Douglas, NE",59205158
"1724"," 31057","Dundy, NE",181035
"1725"," 31059","Fillmore, NE",415798
"1726"," 31061","Franklin, NE",90175
"1727"," 31063","Frontier, NE",76592
"1728"," 31065","Furnas, NE",233184
"1729"," 31067","Gage, NE",1217626
"1730"," 31069","Garden, NE",81275
"1731"," 31071","Garfield, NE",84676
"1732"," 31073","Gosper, NE",93052
"1733"," 31075","Grant, NE",37778
"1734"," 31077","Greeley, NE",143568
"1735"," 31079","Hall, NE",4029101
"1736"," 31081","Hamilton, NE",702042
"1737"," 31083","Harlan, NE",200976
"1738"," 31085","Hayes, NE",69017
"1739"," 31087","Hitchcock, NE",138972
"1740"," 31089","Holt, NE",678811
"1741"," 31091","Hooker, NE",29138
"1742"," 31093","Howard, NE",215084
"1743"," 31095","Jefferson, NE",415771
"1744"," 31097","Johnson, NE",192787
"1745"," 31099","Kearney, NE",454218
"1746"," 31101","Keith, NE",395003
"1747"," 31103","Keya Paha, NE",39088
"1748"," 31105","Kimball, NE",200382
"1749"," 31107","Knox, NE",687585
"1750"," 31109","Lancaster, NE",22760411
"1751"," 31111","Lincoln, NE",2538673
"1752"," 31113","Logan, NE",30844
"1753"," 31115","Loup, NE",46221
"1754"," 31117","McPherson, NE",26041
"1755"," 31119","Madison, NE",2473012
"1756"," 31121","Merrick, NE",410943
"1757"," 31123","Morrill, NE",352326
"1758"," 31125","Nance, NE",159079
"1759"," 31127","Nemaha, NE",822413
"1760"," 31129","Nuckolls, NE",292882
"1761"," 31131","Otoe, NE",1394409
"1762"," 31133","Pawnee, NE",105950
"1763"," 31135","Perkins, NE",293233
"1764"," 31137","Phelps, NE",785727
"1765"," 31139","Pierce, NE",566332
"1766"," 31141","Platte, NE",2920870
"1767"," 31143","Polk, NE",355802
"1768"," 31145","Red Willow, NE",552270
"1769"," 31147","Richardson, NE",371981
"1770"," 31149","Rock, NE",99010
"1771"," 31151","Saline, NE",1022202
"1772"," 31153","Sarpy, NE",10468075
"1773"," 31155","Saunders, NE",814141
"1774"," 31157","Scotts Bluff, NE",1818233
"1775"," 31159","Seward, NE",841627
"1776"," 31161","Sheridan, NE",340209
"1777"," 31163","Sherman, NE",116081
"1778"," 31165","Sioux, NE",96933
"1779"," 31167","Stanton, NE",405338
"1780"," 31169","Thayer, NE",387858
"1781"," 31171","Thomas, NE",38698
"1782"," 31173","Thurston, NE",469450
"1783"," 31175","Valley, NE",286432
"1784"," 31177","Washington, NE",1488411
"1785"," 31179","Wayne, NE",624883
"1786"," 31181","Webster, NE",278916
"1787"," 31183","Wheeler, NE",72363
"1788"," 31185","York, NE",929392
"1789"," 32000","Nevada",207351867
"1790"," 32001","Churchill, NV",1242460
"1791"," 32003","Clark, NV",152128224
"1792"," 32005","Douglas, NV",3112053
"1793"," 32007","Elko, NV",3025972
"1794"," 32009","Esmeralda, NV",32472
"1795"," 32011","Eureka, NV",844798
"1796"," 32013","Humboldt, NV",1328417
"1797"," 32015","Lander, NV",610699
"1798"," 32017","Lincoln, NV",196520
"1799"," 32019","Lyon, NV",1761010
"1800"," 32021","Mineral, NV",179568
"1801"," 32023","Nye, NV",2029210
"1802"," 32027","Pershing, NV",401299
"1803"," 32029","Storey, NV",1904842
"1804"," 32031","Washoe, NV",33777549
"1805"," 32033","White Pine, NV",918978
"1806"," 32510","Carson City (Independent City), NV",4161999
"1807"," 33000","New Hampshire",94925966
"1808"," 33001","Belknap, NH",3313957
"1809"," 33003","Carroll, NH",2624043
"1810"," 33005","Cheshire, NH",4056687
"1811"," 33007","Coos, NH",1404401
"1812"," 33009","Grafton, NH",7900309
"1813"," 33011","Hillsborough, NH",30826638
"1814"," 33013","Merrimack, NH",10732797
"1815"," 33015","Rockingham, NH",25954423
"1816"," 33017","Strafford, NH",6461716
"1817"," 33019","Sullivan, NH",1651624
"1818"," 34000","New Jersey",675897582
"1819"," 34001","Atlantic, NJ",15115117
"1820"," 34003","Bergen, NJ",83504631
"1821"," 34005","Burlington, NJ",32395824
"1822"," 34007","Camden, NJ",27237865
"1823"," 34009","Cape May, NJ",5971611
"1824"," 34011","Cumberland, NJ",6496332
"1825"," 34013","Essex, NJ",60969249
"1826"," 34015","Gloucester, NJ",14722428
"1827"," 34017","Hudson, NJ",52089910
"1828"," 34019","Hunterdon, NJ",7859018
"1829"," 34021","Mercer, NJ",46589728
"1830"," 34023","Middlesex, NJ",70024451
"1831"," 34025","Monmouth, NJ",41972064
"1832"," 34027","Morris, NJ",60717582
"1833"," 34029","Ocean, NJ",24596867
"1834"," 34031","Passaic, NJ",22769061
"1835"," 34033","Salem, NJ",5665107
"1836"," 34035","Somerset, NJ",45797704
"1837"," 34037","Sussex, NJ",5258445
"1838"," 34039","Union, NJ",41396980
"1839"," 34041","Warren, NJ",4872358
"1840"," 35000","New Mexico",119044478
"1841"," 35001","Bernalillo, NM",43535686
"1842"," 35003","Catron, NM",112712
"1843"," 35005","Chaves, NM",2241622
"1844"," 35006","Cibola, NM",671301
"1845"," 35007","Colfax, NM",475977
"1846"," 35009","Curry, NM",3355148
"1847"," 35011","De Baca, NM",84507
"1848"," 35013","Doña Ana, NM",8900673
"1849"," 35015","Eddy, NM",9816999
"1850"," 35017","Grant, NM",1015892
"1851"," 35019","Guadalupe, NM",216068
"1852"," 35021","Harding, NM",36926
"1853"," 35023","Hidalgo, NM",198666
"1854"," 35025","Lea, NM",11439564
"1855"," 35027","Lincoln, NM",685847
"1856"," 35028","Los Alamos, NM",3273176
"1857"," 35029","Luna, NM",957125
"1858"," 35031","McKinley, NM",2229863
"1859"," 35033","Mora, NM",126704
"1860"," 35035","Otero, NM",2963903
"1861"," 35037","Quay, NM",266508
"1862"," 35039","Rio Arriba, NM",1079901
"1863"," 35041","Roosevelt, NM",738494
"1864"," 35043","Sandoval, NM",4835066
"1865"," 35045","San Juan, NM",5511398
"1866"," 35047","San Miguel, NM",783248
"1867"," 35049","Santa Fe, NM",7873444
"1868"," 35051","Sierra, NM",325248
"1869"," 35053","Socorro, NM",521775
"1870"," 35055","Taos, NM",1171147
"1871"," 35057","Torrance, NM",683132
"1872"," 35059","Union, NM",137032
"1873"," 35061","Valencia, NM",1844320
"1874"," 36000","New York",1840059266
"1875"," 36001","Albany, NY",36723564
"1876"," 36003","Allegany, NY",1526380
"1877"," 36005","Bronx, NY",45350508
"1878"," 36007","Broome, NY",9514748
"1879"," 36009","Cattaraugus, NY",2990123
"1880"," 36011","Cayuga, NY",3129766
"1881"," 36013","Chautauqua, NY",4849681
"1882"," 36015","Chemung, NY",3687874
"1883"," 36017","Chenango, NY",2418774
"1884"," 36019","Clinton, NY",3779778
"1885"," 36021","Columbia, NY",2640476
"1886"," 36023","Cortland, NY",1789191
"1887"," 36025","Delaware, NY",2493037
"1888"," 36027","Dutchess, NY",15975373
"1889"," 36029","Erie, NY",63227371
"1890"," 36031","Essex, NY",1787554
"1891"," 36033","Franklin, NY",2118625
"1892"," 36035","Fulton, NY",1879185
"1893"," 36037","Genesee, NY",2654510
"1894"," 36039","Greene, NY",2804271
"1895"," 36041","Hamilton, NY",229340
"1896"," 36043","Herkimer, NY",1782339
"1897"," 36045","Jefferson, NY",6422740
"1898"," 36047","Kings, NY",114696036
"1899"," 36049","Lewis, NY",1302122
"1900"," 36051","Livingston, NY",2359491
"1901"," 36053","Madison, NY",2400880
"1902"," 36055","Monroe, NY",51582543
"1903"," 36057","Montgomery, NY",2014941
"1904"," 36059","Nassau, NY",100702886
"1905"," 36061","New York, NY",813692135
"1906"," 36063","Niagara, NY",10529258
"1907"," 36065","Oneida, NY",11610804
"1908"," 36067","Onondaga, NY",33314361
"1909"," 36069","Ontario, NY",6879195
"1910"," 36071","Orange, NY",21475920
"1911"," 36073","Orleans, NY",1457001
"1912"," 36075","Oswego, NY",7214978
"1913"," 36077","Otsego, NY",2745800
"1914"," 36079","Putnam, NY",4279953
"1915"," 36081","Queens, NY",111143768
"1916"," 36083","Rensselaer, NY",12484495
"1917"," 36085","Richmond, NY",18158675
"1918"," 36087","Rockland, NY",19026544
"1919"," 36089","St. Lawrence, NY",5150706
"1920"," 36091","Saratoga, NY",13000396
"1921"," 36093","Schenectady, NY",9803339
"1922"," 36095","Schoharie, NY",1011100
"1923"," 36097","Schuyler, NY",545491
"1924"," 36099","Seneca, NY",1598581
"1925"," 36101","Steuben, NY",4719141
"1926"," 36103","Suffolk, NY",108243017
"1927"," 36105","Sullivan, NY",3482973
"1928"," 36107","Tioga, NY",1625185
"1929"," 36109","Tompkins, NY",6427486
"1930"," 36111","Ulster, NY",8098702
"1931"," 36113","Warren, NY",5388815
"1932"," 36115","Washington, NY",2006852
"1933"," 36117","Wayne, NY",3975009
"1934"," 36119","Westchester, NY",93324101
"1935"," 36121","Wyoming, NY",1820761
"1936"," 36123","Yates, NY",1044388
"1937"," 37000","North Carolina",664131646
"1938"," 37001","Alamance, NC",7006266
"1939"," 37003","Alexander, NC",897189
"1940"," 37005","Alleghany, NC",321000
"1941"," 37007","Anson, NC",892779
"1942"," 37009","Ashe, NC",824236
"1943"," 37011","Avery, NC",673947
"1944"," 37013","Beaufort, NC",1855657
"1945"," 37015","Bertie, NC",634238
"1946"," 37017","Bladen, NC",1461064
"1947"," 37019","Brunswick, NC",6212981
"1948"," 37021","Buncombe, NC",16397012
"1949"," 37023","Burke, NC",2885235
"1950"," 37025","Cabarrus, NC",9911947
"1951"," 37027","Caldwell, NC",2507601
"1952"," 37029","Camden, NC",171803
"1953"," 37031","Carteret, NC",2867261
"1954"," 37033","Caswell, NC",392772
"1955"," 37035","Catawba, NC",9470715
"1956"," 37037","Chatham, NC",2215972
"1957"," 37039","Cherokee, NC",903883
"1958"," 37041","Chowan, NC",558928
"1959"," 37043","Clay, NC",247611
"1960"," 37045","Cleveland, NC",4718209
"1961"," 37047","Columbus, NC",1469282
"1962"," 37049","Craven, NC",5298573
"1963"," 37051","Cumberland, NC",18998586
"1964"," 37053","Currituck, NC",874078
"1965"," 37055","Dare, NC",2364034
"1966"," 37057","Davidson, NC",5406628
"1967"," 37059","Davie, NC",1485265
"1968"," 37061","Duplin, NC",2277548
"1969"," 37063","Durham, NC",44218779
"1970"," 37065","Edgecombe, NC",1544787
"1971"," 37067","Forsyth, NC",27212912
"1972"," 37069","Franklin, NC",2216290
"1973"," 37071","Gaston, NC",8814927
"1974"," 37073","Gates, NC",182839
"1975"," 37075","Graham, NC",248938
"1976"," 37077","Granville, NC",3801170
"1977"," 37079","Greene, NC",474073
"1978"," 37081","Guilford, NC",36907991
"1979"," 37083","Halifax, NC",1480473
"1980"," 37085","Harnett, NC",3024858
"1981"," 37087","Haywood, NC",2007941
"1982"," 37089","Henderson, NC",4950585
"1983"," 37091","Hertford, NC",886164
"1984"," 37093","Hoke, NC",1309579
"1985"," 37095","Hyde, NC",172947
"1986"," 37097","Iredell, NC",10800464
"1987"," 37099","Jackson, NC",1673931
"1988"," 37101","Johnston, NC",8957049
"1989"," 37103","Jones, NC",235356
"1990"," 37105","Lee, NC",3268826
"1991"," 37107","Lenoir, NC",2831565
"1992"," 37109","Lincoln, NC",3578575
"1993"," 37111","McDowell, NC",2183153
"1994"," 37113","Macon, NC",1824821
"1995"," 37115","Madison, NC",479847
"1996"," 37117","Martin, NC",628492
"1997"," 37119","Mecklenburg, NC",146152496
"1998"," 37121","Mitchell, NC",491519
"1999"," 37123","Montgomery, NC",1167411
"2000"," 37125","Moore, NC",4459182
"2001"," 37127","Nash, NC",5553352
"2002"," 37129","New Hanover, NC",16493616
"2003"," 37131","Northampton, NC",560233
"2004"," 37133","Onslow, NC",9687003
"2005"," 37135","Orange, NC",10391629
"2006"," 37137","Pamlico, NC",289603
"2007"," 37139","Pasquotank, NC",1704926
"2008"," 37141","Pender, NC",1906544
"2009"," 37143","Perquimans, NC",292972
"2010"," 37145","Person, NC",1697010
"2011"," 37147","Pitt, NC",9927193
"2012"," 37149","Polk, NC",562480
"2013"," 37151","Randolph, NC",4488759
"2014"," 37153","Richmond, NC",2045604
"2015"," 37155","Robeson, NC",3929644
"2016"," 37157","Rockingham, NC",2938806
"2017"," 37159","Rowan, NC",6080815
"2018"," 37161","Rutherford, NC",1921245
"2019"," 37163","Sampson, NC",1913823
"2020"," 37165","Scotland, NC",1233631
"2021"," 37167","Stanly, NC",2083474
"2022"," 37169","Stokes, NC",1379229
"2023"," 37171","Surry, NC",2685819
"2024"," 37173","Swain, NC",699590
"2025"," 37175","Transylvania, NC",1888571
"2026"," 37177","Tyrrell, NC",93785
"2027"," 37179","Union, NC",10026314
"2028"," 37181","Vance, NC",1285767
"2029"," 37183","Wake, NC",104113676
"2030"," 37185","Warren, NC",310686
"2031"," 37187","Washington, NC",271928
"2032"," 37189","Watauga, NC",2470872
"2033"," 37191","Wayne, NC",5216387
"2034"," 37193","Wilkes, NC",2535014
"2035"," 37195","Wilson, NC",3999260
"2036"," 37197","Yadkin, NC",1013218
"2037"," 37199","Yancey, NC",451727
"2038"," 38000","North Dakota",63366354
"2039"," 38001","Adams, ND",129538
"2040"," 38003","Barnes, ND",631434
"2041"," 38005","Benson, ND",272280
"2042"," 38007","Billings, ND",175811
"2043"," 38009","Bottineau, ND",448932
"2044"," 38011","Bowman, ND",188893
"2045"," 38013","Burke, ND",232756
"2046"," 38015","Burleigh, ND",6093642
"2047"," 38017","Cass, ND",14875063
"2048"," 38019","Cavalier, ND",447622
"2049"," 38021","Dickey, ND",399168
"2050"," 38023","Divide, ND",229080
"2051"," 38025","Dunn, ND",1782576
"2052"," 38027","Eddy, ND",167862
"2053"," 38029","Emmons, ND",126660
"2054"," 38031","Foster, ND",229197
"2055"," 38033","Golden Valley, ND",88011
"2056"," 38035","Grand Forks, ND",4580307
"2057"," 38037","Grant, ND",73164
"2058"," 38039","Griggs, ND",155020
"2059"," 38041","Hettinger, ND",111641
"2060"," 38043","Kidder, ND",149903
"2061"," 38045","LaMoure, ND",251570
"2062"," 38047","Logan, ND",95064
"2063"," 38049","McHenry, ND",202209
"2064"," 38051","McIntosh, ND",108350
"2065"," 38053","McKenzie, ND",3508368
"2066"," 38055","McLean, ND",726600
"2067"," 38057","Mercer, ND",865831
"2068"," 38059","Morton, ND",1491229
"2069"," 38061","Mountrail, ND",1965732
"2070"," 38063","Nelson, ND",174321
"2071"," 38065","Oliver, ND",237634
"2072"," 38067","Pembina, ND",625465
"2073"," 38069","Pierce, ND",196931
"2074"," 38071","Ramsey, ND",669911
"2075"," 38073","Ransom, ND",296907
"2076"," 38075","Renville, ND",179002
"2077"," 38077","Richland, ND",1129589
"2078"," 38079","Rolette, ND",457396
"2079"," 38081","Sargent, ND",1273601
"2080"," 38083","Sheridan, ND",49193
"2081"," 38085","Sioux, ND",115706
"2082"," 38087","Slope, ND",35263
"2083"," 38089","Stark, ND",3006537
"2084"," 38091","Steele, ND",156149
"2085"," 38093","Stutsman, ND",1469482
"2086"," 38095","Towner, ND",219273
"2087"," 38097","Traill, ND",466680
"2088"," 38099","Walsh, ND",767284
"2089"," 38101","Ward, ND",3983560
"2090"," 38103","Wells, ND",327144
"2091"," 38105","Williams, ND",6692008
"2092"," 39000","Ohio",721997309
"2093"," 39001","Adams, OH",801060
"2094"," 39003","Allen, OH",8894463
"2095"," 39005","Ashland, OH",1853136
"2096"," 39007","Ashtabula, OH",3379299
"2097"," 39009","Athens, OH",2138534
"2098"," 39011","Auglaize, OH",2782323
"2099"," 39013","Belmont, OH",2755875
"2100"," 39015","Brown, OH",903674
"2101"," 39017","Butler, OH",23138601
"2102"," 39019","Carroll, OH",1561226
"2103"," 39021","Champaign, OH",1277591
"2104"," 39023","Clark, OH",4739064
"2105"," 39025","Clermont, OH",8072668
"2106"," 39027","Clinton, OH",2454287
"2107"," 39029","Columbiana, OH",3766695
"2108"," 39031","Coshocton, OH",1333448
"2109"," 39033","Crawford, OH",1318330
"2110"," 39035","Cuyahoga, OH",106977324
"2111"," 39037","Darke, OH",2540817
"2112"," 39039","Defiance, OH",1685567
"2113"," 39041","Delaware, OH",15418306
"2114"," 39043","Erie, OH",4101782
"2115"," 39045","Fairfield, OH",5194627
"2116"," 39047","Fayette, OH",1627110
"2117"," 39049","Franklin, OH",111942917
"2118"," 39051","Fulton, OH",2024730
"2119"," 39053","Gallia, OH",1812722
"2120"," 39055","Geauga, OH",4595806
"2121"," 39057","Greene, OH",11887764
"2122"," 39059","Guernsey, OH",3077774
"2123"," 39061","Hamilton, OH",84686542
"2124"," 39063","Hancock, OH",5625837
"2125"," 39065","Hardin, OH",1051471
"2126"," 39067","Harrison, OH",1286842
"2127"," 39069","Henry, OH",1212306
"2128"," 39071","Highland, OH",1393773
"2129"," 39073","Hocking, OH",634518
"2130"," 39075","Holmes, OH",2795104
"2131"," 39077","Huron, OH",2227477
"2132"," 39079","Jackson, OH",1020138
"2133"," 39081","Jefferson, OH",3706700
"2134"," 39083","Knox, OH",2320555
"2135"," 39085","Lake, OH",12152688
"2136"," 39087","Lawrence, OH",1684471
"2137"," 39089","Licking, OH",8497691
"2138"," 39091","Logan, OH",2215672
"2139"," 39093","Lorain, OH",11591666
"2140"," 39095","Lucas, OH",26009545
"2141"," 39097","Madison, OH",2282781
"2142"," 39099","Mahoning, OH",9742263
"2143"," 39101","Marion, OH",2706215
"2144"," 39103","Medina, OH",7909477
"2145"," 39105","Meigs, OH",382265
"2146"," 39107","Mercer, OH",3102542
"2147"," 39109","Miami, OH",4661218
"2148"," 39111","Monroe, OH",930523
"2149"," 39113","Montgomery, OH",31884143
"2150"," 39115","Morgan, OH",379666
"2151"," 39117","Morrow, OH",697347
"2152"," 39119","Muskingum, OH",4029674
"2153"," 39121","Noble, OH",466568
"2154"," 39123","Ottawa, OH",1998793
"2155"," 39125","Paulding, OH",587288
"2156"," 39127","Perry, OH",698251
"2157"," 39129","Pickaway, OH",1939716
"2158"," 39131","Pike, OH",1158281
"2159"," 39133","Portage, OH",6662719
"2160"," 39135","Preble, OH",1188358
"2161"," 39137","Putnam, OH",1245245
"2162"," 39139","Richland, OH",4665061
"2163"," 39141","Ross, OH",3069851
"2164"," 39143","Sandusky, OH",2989576
"2165"," 39145","Scioto, OH",2715135
"2166"," 39147","Seneca, OH",2059295
"2167"," 39149","Shelby, OH",3227311
"2168"," 39151","Stark, OH",17756966
"2169"," 39153","Summit, OH",31733316
"2170"," 39155","Trumbull, OH",7581251
"2171"," 39157","Tuscarawas, OH",4033795
"2172"," 39159","Union, OH",5036135
"2173"," 39161","Van Wert, OH",1305375
"2174"," 39163","Vinton, OH",407410
"2175"," 39165","Warren, OH",14967012
"2176"," 39167","Washington, OH",3725925
"2177"," 39169","Wayne, OH",7056118
"2178"," 39171","Williams, OH",1650478
"2179"," 39173","Wood, OH",8326275
"2180"," 39175","Wyandot, OH",1059700
"2181"," 40000","Oklahoma",210315910
"2182"," 40001","Adair, OK",457392
"2183"," 40003","Alfalfa, OK",343174
"2184"," 40005","Atoka, OK",378768
"2185"," 40007","Beaver, OK",422184
"2186"," 40009","Beckham, OK",1121039
"2187"," 40011","Blaine, OK",1230516
"2188"," 40013","Bryan, OK",2035380
"2189"," 40015","Caddo, OK",1013047
"2190"," 40017","Canadian, OK",7050877
"2191"," 40019","Carter, OK",3110991
"2192"," 40021","Cherokee, OK",1501185
"2193"," 40023","Choctaw, OK",449172
"2194"," 40025","Cimarron, OK",197547
"2195"," 40027","Cleveland, OK",9660151
"2196"," 40029","Coal, OK",250291
"2197"," 40031","Comanche, OK",5352745
"2198"," 40033","Cotton, OK",162560
"2199"," 40035","Craig, OK",459225
"2200"," 40037","Creek, OK",2197488
"2201"," 40039","Custer, OK",1498133
"2202"," 40041","Delaware, OK",1035255
"2203"," 40043","Dewey, OK",653438
"2204"," 40045","Ellis, OK",943107
"2205"," 40047","Garfield, OK",3095702
"2206"," 40049","Garvin, OK",1740768
"2207"," 40051","Grady, OK",3634954
"2208"," 40053","Grant, OK",254093
"2209"," 40055","Greer, OK",97830
"2210"," 40057","Harmon, OK",111999
"2211"," 40059","Harper, OK",254938
"2212"," 40061","Haskell, OK",344841
"2213"," 40063","Hughes, OK",726597
"2214"," 40065","Jackson, OK",1158626
"2215"," 40067","Jefferson, OK",123928
"2216"," 40069","Johnston, OK",480197
"2217"," 40071","Kay, OK",1856105
"2218"," 40073","Kingfisher, OK",2675889
"2219"," 40075","Kiowa, OK",191566
"2220"," 40077","Latimer, OK",251932
"2221"," 40079","Le Flore, OK",1391369
"2222"," 40081","Lincoln, OK",770561
"2223"," 40083","Logan, OK",1007531
"2224"," 40085","Love, OK",726602
"2225"," 40087","McClain, OK",1967319
"2226"," 40089","McCurtain, OK",1349481
"2227"," 40091","McIntosh, OK",389583
"2228"," 40093","Major, OK",566264
"2229"," 40095","Marshall, OK",597041
"2230"," 40097","Mayes, OK",2136054
"2231"," 40099","Murray, OK",546422
"2232"," 40101","Muskogee, OK",2857882
"2233"," 40103","Noble, OK",639049
"2234"," 40105","Nowata, OK",204670
"2235"," 40107","Okfuskee, OK",244533
"2236"," 40109","Oklahoma, OK",57603238
"2237"," 40111","Okmulgee, OK",902917
"2238"," 40113","Osage, OK",1107006
"2239"," 40115","Ottawa, OK",1118209
"2240"," 40117","Pawnee, OK",367325
"2241"," 40119","Payne, OK",3527641
"2242"," 40121","Pittsburg, OK",1917474
"2243"," 40123","Pontotoc, OK",2235722
"2244"," 40125","Pottawatomie, OK",2139848
"2245"," 40127","Pushmataha, OK",244976
"2246"," 40129","Roger Mills, OK",387885
"2247"," 40131","Rogers, OK",3652457
"2248"," 40133","Seminole, OK",804408
"2249"," 40135","Sequoyah, OK",736437
"2250"," 40137","Stephens, OK",2432037
"2251"," 40139","Texas, OK",2123187
"2252"," 40141","Tillman, OK",130276
"2253"," 40143","Tulsa, OK",46528460
"2254"," 40145","Wagoner, OK",1494243
"2255"," 40147","Washington, OK",3743470
"2256"," 40149","Washita, OK",319401
"2257"," 40151","Woods, OK",615793
"2258"," 40153","Woodward, OK",1192351
"2259"," 41000","Oregon",263347671
"2260"," 41001","Baker, OR",659181
"2261"," 41003","Benton, OR",5064774
"2262"," 41005","Clackamas, OR",23938822
"2263"," 41007","Clatsop, OR",2006105
"2264"," 41009","Columbia, OR",1573562
"2265"," 41011","Coos, OR",2513157
"2266"," 41013","Crook, OR",1443018
"2267"," 41015","Curry, OR",718528
"2268"," 41017","Deschutes, OR",13055367
"2269"," 41019","Douglas, OR",4022460
"2270"," 41021","Gilliam, OR",349322
"2271"," 41023","Grant, OR",295946
"2272"," 41025","Harney, OR",382182
"2273"," 41027","Hood River, OR",1405739
"2274"," 41029","Jackson, OR",10536558
"2275"," 41031","Jefferson, OR",881061
"2276"," 41033","Josephine, OR",3043019
"2277"," 41035","Klamath, OR",2753034
"2278"," 41037","Lake, OR",373242
"2279"," 41039","Lane, OR",18362925
"2280"," 41041","Lincoln, OR",2128651
"2281"," 41043","Linn, OR",5398113
"2282"," 41045","Malheur, OR",1196776
"2283"," 41047","Marion, OR",18554602
"2284"," 41049","Morrow, OR",1737025
"2285"," 41051","Multnomah, OR",72671698
"2286"," 41053","Polk, OR",2457746
"2287"," 41055","Sherman, OR",594867
"2288"," 41057","Tillamook, OR",1128481
"2289"," 41059","Umatilla, OR",3509938
"2290"," 41061","Union, OR",1057169
"2291"," 41063","Wallowa, OR",484792
"2292"," 41065","Wasco, OR",2013069
"2293"," 41067","Washington, OR",52860270
"2294"," 41069","Wheeler, OR",41746
"2295"," 41071","Yamhill, OR",4012979
"2296"," 42000","Pennsylvania",803232536
"2297"," 42001","Adams, PA",3626431
"2298"," 42003","Allegheny, PA",107180697
"2299"," 42005","Armstrong, PA",2196207
"2300"," 42007","Beaver, PA",6137813
"2301"," 42009","Bedford, PA",1508888
"2302"," 42011","Berks, PA",20884340
"2303"," 42013","Blair, PA",6307591
"2304"," 42015","Bradford, PA",5483875
"2305"," 42017","Bucks, PA",38241897
"2306"," 42019","Butler, PA",11714428
"2307"," 42021","Cambria, PA",4885225
"2308"," 42023","Cameron, PA",199054
"2309"," 42025","Carbon, PA",2389097
"2310"," 42027","Centre, PA",9001773
"2311"," 42029","Chester, PA",49491894
"2312"," 42031","Clarion, PA",1084922
"2313"," 42033","Clearfield, PA",3110201
"2314"," 42035","Clinton, PA",1562949
"2315"," 42037","Columbia, PA",2594231
"2316"," 42039","Crawford, PA",2823464
"2317"," 42041","Cumberland, PA",18344582
"2318"," 42043","Dauphin, PA",22841095
"2319"," 42045","Delaware, PA",34058368
"2320"," 42047","Elk, PA",1342677
"2321"," 42049","Erie, PA",11733054
"2322"," 42051","Fayette, PA",4346193
"2323"," 42053","Forest, PA",211566
"2324"," 42055","Franklin, PA",6383165
"2325"," 42057","Fulton, PA",590120
"2326"," 42059","Greene, PA",3530840
"2327"," 42061","Huntingdon, PA",1280935
"2328"," 42063","Indiana, PA",3261115
"2329"," 42065","Jefferson, PA",1432135
"2330"," 42067","Juniata, PA",770926
"2331"," 42069","Lackawanna, PA",10420292
"2332"," 42071","Lancaster, PA",30749241
"2333"," 42073","Lawrence, PA",3192358
"2334"," 42075","Lebanon, PA",6256678
"2335"," 42077","Lehigh, PA",25441685
"2336"," 42079","Luzerne, PA",15866759
"2337"," 42081","Lycoming, PA",6067871
"2338"," 42083","McKean, PA",1658860
"2339"," 42085","Mercer, PA",4366035
"2340"," 42087","Mifflin, PA",1838228
"2341"," 42089","Monroe, PA",7547807
"2342"," 42091","Montgomery, PA",90035254
"2343"," 42093","Montour, PA",2323801
"2344"," 42095","Northampton, PA",16417928
"2345"," 42097","Northumberland, PA",3715841
"2346"," 42099","Perry, PA",1040015
"2347"," 42101","Philadelphia, PA",109412657
"2348"," 42103","Pike, PA",1543258
"2349"," 42105","Potter, PA",838976
"2350"," 42107","Schuylkill, PA",5001884
"2351"," 42109","Snyder, PA",1678768
"2352"," 42111","Somerset, PA",2326047
"2353"," 42113","Sullivan, PA",285308
"2354"," 42115","Susquehanna, PA",2181943
"2355"," 42117","Tioga, PA",1764117
"2356"," 42119","Union, PA",1948824
"2357"," 42121","Venango, PA",1687982
"2358"," 42123","Warren, PA",1311373
"2359"," 42125","Washington, PA",14875064
"2360"," 42127","Wayne, PA",2047403
"2361"," 42129","Westmoreland, PA",15168261
"2362"," 42131","Wyoming, PA",1423339
"2363"," 42133","York, PA",22090548
"2364"," 44000","Rhode Island",63459122
"2365"," 44001","Bristol, RI",2089480
"2366"," 44003","Kent, RI",9791443
"2367"," 44005","Newport, RI",6911489
"2368"," 44007","Providence, RI",37007696
"2369"," 44009","Washington, RI",7655213
"2370"," 45000","South Carolina",278032803
"2371"," 45001","Abbeville, SC",626626
"2372"," 45003","Aiken, SC",7648930
"2373"," 45005","Allendale, SC",294930
"2374"," 45007","Anderson, SC",8125127
"2375"," 45009","Bamberg, SC",378827
"2376"," 45011","Barnwell, SC",525062
"2377"," 45013","Beaufort, SC",9962863
"2378"," 45015","Berkeley, SC",11596144
"2379"," 45017","Calhoun, SC",701884
"2380"," 45019","Charleston, SC",39771365
"2381"," 45021","Cherokee, SC",1824380
"2382"," 45023","Chester, SC",1382442
"2383"," 45025","Chesterfield, SC",1397541
"2384"," 45027","Clarendon, SC",743164
"2385"," 45029","Colleton, SC",1147463
"2386"," 45031","Darlington, SC",2651613
"2387"," 45033","Dillon, SC",792507
"2388"," 45035","Dorchester, SC",5241010
"2389"," 45037","Edgefield, SC",678919
"2390"," 45039","Fairfield, SC",1107537
"2391"," 45041","Florence, SC",7856131
"2392"," 45043","Georgetown, SC",3080854
"2393"," 45045","Greenville, SC",38032534
"2394"," 45047","Greenwood, SC",3680095
"2395"," 45049","Hampton, SC",517734
"2396"," 45051","Horry, SC",17567956
"2397"," 45053","Jasper, SC",1615980
"2398"," 45055","Kershaw, SC",2640088
"2399"," 45057","Lancaster, SC",4224906
"2400"," 45059","Laurens, SC",2363808
"2401"," 45061","Lee, SC",383871
"2402"," 45063","Lexington, SC",15201656
"2403"," 45065","McCormick, SC",246712
"2404"," 45067","Marion, SC",700950
"2405"," 45069","Marlboro, SC",740848
"2406"," 45071","Newberry, SC",1525680
"2407"," 45073","Oconee, SC",4094892
"2408"," 45075","Orangeburg, SC",3075936
"2409"," 45077","Pickens, SC",4671169
"2410"," 45079","Richland, SC",29406025
"2411"," 45081","Saluda, SC",501875
"2412"," 45083","Spartanburg, SC",18032868
"2413"," 45085","Sumter, SC",4750520
"2414"," 45087","Union, SC",711939
"2415"," 45089","Williamsburg, SC",812060
"2416"," 45091","York, SC",15071403
"2417"," 46000","South Dakota",57717977
"2418"," 46003","Aurora, SD",115184
"2419"," 46005","Beadle, SD",937951
"2420"," 46007","Bennett, SD",112168
"2421"," 46009","Bon Homme, SD",217179
"2422"," 46011","Brookings, SD",2358071
"2423"," 46013","Brown, SD",2410553
"2424"," 46015","Brule, SD",258917
"2425"," 46017","Buffalo, SD",74982
"2426"," 46019","Butte, SD",358503
"2427"," 46021","Campbell, SD",73078
"2428"," 46023","Charles Mix, SD",460096
"2429"," 46025","Clark, SD",250292
"2430"," 46027","Clay, SD",680369
"2431"," 46029","Codington, SD",1614051
"2432"," 46031","Corson, SD",91457
"2433"," 46033","Custer, SD",305824
"2434"," 46035","Davison, SD",1339652
"2435"," 46037","Day, SD",279575
"2436"," 46039","Deuel, SD",430122
"2437"," 46041","Dewey, SD",212027
"2438"," 46043","Douglas, SD",198010
"2439"," 46045","Edmunds, SD",182989
"2440"," 46047","Fall River, SD",294091
"2441"," 46049","Faulk, SD",124847
"2442"," 46051","Grant, SD",628914
"2443"," 46053","Gregory, SD",181635
"2444"," 46055","Haakon, SD",98614
"2445"," 46057","Hamlin, SD",314648
"2446"," 46059","Hand, SD",211920
"2447"," 46061","Hanson, SD",156129
"2448"," 46063","Harding, SD",71212
"2449"," 46065","Hughes, SD",1293675
"2450"," 46067","Hutchinson, SD",415350
"2451"," 46069","Hyde, SD",136847
"2452"," 46071","Jackson, SD",83902
"2453"," 46073","Jerauld, SD",135810
"2454"," 46075","Jones, SD",64762
"2455"," 46077","Kingsbury, SD",274986
"2456"," 46079","Lake, SD",700495
"2457"," 46081","Lawrence, SD",1413582
"2458"," 46083","Lincoln, SD",6557607
"2459"," 46085","Lyman, SD",151430
"2460"," 46087","McCook, SD",309355
"2461"," 46089","McPherson, SD",102505
"2462"," 46091","Marshall, SD",340984
"2463"," 46093","Meade, SD",999728
"2464"," 46095","Mellette, SD",55967
"2465"," 46097","Miner, SD",133410
"2466"," 46099","Minnehaha, SD",16629966
"2467"," 46101","Moody, SD",356627
"2468"," 46102","Oglala Lakota, SD*",345060
"2469"," 46103","Pennington, SD",6378908
"2470"," 46105","Perkins, SD",131933
"2471"," 46107","Potter, SD",106970
"2472"," 46109","Roberts, SD",421727
"2473"," 46111","Sanborn, SD",123514
"2474"," 46115","Spink, SD",402893
"2475"," 46117","Stanley, SD",138570
"2476"," 46119","Sully, SD",82800
"2477"," 46121","Todd, SD",250799
"2478"," 46123","Tripp, SD",272734
"2479"," 46125","Turner, SD",465979
"2480"," 46127","Union, SD",1817614
"2481"," 46129","Walworth, SD",232464
"2482"," 46135","Yankton, SD",1401101
"2483"," 46137","Ziebach, SD",42862
"2484"," 47000","Tennessee",440200184
"2485"," 47001","Anderson, TN",6009989
"2486"," 47003","Bedford, TN",2361433
"2487"," 47005","Benton, TN",448450
"2488"," 47007","Bledsoe, TN",283940
"2489"," 47009","Blount, TN",7456181
"2490"," 47011","Bradley, TN",5089918
"2491"," 47013","Campbell, TN",1111675
"2492"," 47015","Cannon, TN",328899
"2493"," 47017","Carroll, TN",768461
"2494"," 47019","Carter, TN",1183440
"2495"," 47021","Cheatham, TN",1406748
"2496"," 47023","Chester, TN",397463
"2497"," 47025","Claiborne, TN",830755
"2498"," 47027","Clay, TN",255912
"2499"," 47029","Cocke, TN",922002
"2500"," 47031","Coffee, TN",3383843
"2501"," 47033","Crockett, TN",593584
"2502"," 47035","Cumberland, TN",2073458
"2503"," 47037","Davidson, TN",93016890
"2504"," 47039","Decatur, TN",346868
"2505"," 47041","DeKalb, TN",747514
"2506"," 47043","Dickson, TN",2318214
"2507"," 47045","Dyer, TN",1795862
"2508"," 47047","Fayette, TN",1559195
"2509"," 47049","Fentress, TN",599552
"2510"," 47051","Franklin, TN",1429025
"2511"," 47053","Gibson, TN",1515088
"2512"," 47055","Giles, TN",1288536
"2513"," 47057","Grainger, TN",547389
"2514"," 47059","Greene, TN",2594683
"2515"," 47061","Grundy, TN",264694
"2516"," 47063","Hamblen, TN",3716353
"2517"," 47065","Hamilton, TN",29365770
"2518"," 47067","Hancock, TN",96709
"2519"," 47069","Hardeman, TN",625489
"2520"," 47071","Hardin, TN",1040358
"2521"," 47073","Hawkins, TN",1916726
"2522"," 47075","Haywood, TN",1038312
"2523"," 47077","Henderson, TN",796728
"2524"," 47079","Henry, TN",1287446
"2525"," 47081","Hickman, TN",543768
"2526"," 47083","Houston, TN",163565
"2527"," 47085","Humphreys, TN",897413
"2528"," 47087","Jackson, TN",238912
"2529"," 47089","Jefferson, TN",1865852
"2530"," 47091","Johnson, TN",452424
"2531"," 47093","Knox, TN",34553606
"2532"," 47095","Lake, TN",112077
"2533"," 47097","Lauderdale, TN",718208
"2534"," 47099","Lawrence, TN",1225849
"2535"," 47101","Lewis, TN",379324
"2536"," 47103","Lincoln, TN",1325734
"2537"," 47105","Loudon, TN",2348254
"2538"," 47107","McMinn, TN",2179357
"2539"," 47109","McNairy, TN",585889
"2540"," 47111","Macon, TN",642499
"2541"," 47113","Madison, TN",6668423
"2542"," 47115","Marion, TN",910573
"2543"," 47117","Marshall, TN",1343498
"2544"," 47119","Maury, TN",5809006
"2545"," 47121","Meigs, TN",266538
"2546"," 47123","Monroe, TN",1789367
"2547"," 47125","Montgomery, TN",7271428
"2548"," 47127","Moore, TN",509553
"2549"," 47129","Morgan, TN",365302
"2550"," 47131","Obion, TN",1294351
"2551"," 47133","Overton, TN",610787
"2552"," 47135","Perry, TN",208584
"2553"," 47137","Pickett, TN",161553
"2554"," 47139","Polk, TN",372766
"2555"," 47141","Putnam, TN",4126248
"2556"," 47143","Rhea, TN",2343174
"2557"," 47145","Roane, TN",2827292
"2558"," 47147","Robertson, TN",2847893
"2559"," 47149","Rutherford, TN",21930022
"2560"," 47151","Scott, TN",536248
"2561"," 47153","Sequatchie, TN",353039
"2562"," 47155","Sevier, TN",5816639
"2563"," 47157","Shelby, TN",67994503
"2564"," 47159","Smith, TN",669039
"2565"," 47161","Stewart, TN",911129
"2566"," 47163","Sullivan, TN",9483104
"2567"," 47165","Sumner, TN",9232461
"2568"," 47167","Tipton, TN",1345719
"2569"," 47169","Trousdale, TN",229462
"2570"," 47171","Unicoi, TN",634337
"2571"," 47173","Union, TN",351540
"2572"," 47175","Van Buren, TN",101397
"2573"," 47177","Warren, TN",1559877
"2574"," 47179","Washington, TN",7192025
"2575"," 47181","Wayne, TN",418889
"2576"," 47183","Weakley, TN",1047445
"2577"," 47185","White, TN",842758
"2578"," 47187","Williamson, TN",31510387
"2579"," 47189","Wilson, TN",7715815
"2580"," 48000","Texas",2221943292
"2581"," 48001","Anderson, TX",2150054
"2582"," 48003","Andrews, TX",4737748
"2583"," 48005","Angelina, TX",3586981
"2584"," 48007","Aransas, TX",743698
"2585"," 48009","Archer, TX",353124
"2586"," 48011","Armstrong, TX",84359
"2587"," 48013","Atascosa, TX",4304185
"2588"," 48015","Austin, TX",1769939
"2589"," 48017","Bailey, TX",475336
"2590"," 48019","Bandera, TX",421406
"2591"," 48021","Bastrop, TX",3344351
"2592"," 48023","Baylor, TX",184930
"2593"," 48025","Bee, TX",879620
"2594"," 48027","Bell, TX",20351868
"2595"," 48029","Bexar, TX",127563908
"2596"," 48031","Blanco, TX",547705
"2597"," 48033","Borden, TX",1091478
"2598"," 48035","Bosque, TX",658993
"2599"," 48037","Bowie, TX",4034276
"2600"," 48039","Brazoria, TX",18217082
"2601"," 48041","Brazos, TX",12496050
"2602"," 48043","Brewster, TX",473515
"2603"," 48045","Briscoe, TX",64270
"2604"," 48047","Brooks, TX",257355
"2605"," 48049","Brown, TX",1506419
"2606"," 48051","Burleson, TX",1075086
"2607"," 48053","Burnet, TX",2074267
"2608"," 48055","Caldwell, TX",1214974
"2609"," 48057","Calhoun, TX",4206466
"2610"," 48059","Callahan, TX",427189
"2611"," 48061","Cameron, TX",13570589
"2612"," 48063","Camp, TX",414456
"2613"," 48065","Carson, TX",971040
"2614"," 48067","Cass, TX",1207268
"2615"," 48069","Castro, TX",844715
"2616"," 48071","Chambers, TX",2888587
"2617"," 48073","Cherokee, TX",1606405
"2618"," 48075","Childress, TX",276931
"2619"," 48077","Clay, TX",337702
"2620"," 48079","Cochran, TX",258281
"2621"," 48081","Coke, TX",246134
"2622"," 48083","Coleman, TX",220525
"2623"," 48085","Collin, TX",94982449
"2624"," 48087","Collingsworth, TX",82209
"2625"," 48089","Colorado, TX",923914
"2626"," 48091","Comal, TX",9194530
"2627"," 48093","Comanche, TX",519767
"2628"," 48095","Concho, TX",231602
"2629"," 48097","Cooke, TX",2896103
"2630"," 48099","Coryell, TX",1762428
"2631"," 48101","Cottle, TX",115495
"2632"," 48103","Crane, TX",1037704
"2633"," 48105","Crockett, TX",690649
"2634"," 48107","Crosby, TX",205032
"2635"," 48109","Culberson, TX",3546804
"2636"," 48111","Dallam, TX",767321
"2637"," 48113","Dallas, TX",311747303
"2638"," 48115","Dawson, TX",1347444
"2639"," 48117","Deaf Smith, TX",1640858
"2640"," 48119","Delta, TX",138621
"2641"," 48121","Denton, TX",50216254
"2642"," 48123","DeWitt, TX",3973228
"2643"," 48125","Dickens, TX",99936
"2644"," 48127","Dimmit, TX",3410651
"2645"," 48129","Donley, TX",134886
"2646"," 48131","Duval, TX",291492
"2647"," 48133","Eastland, TX",757061
"2648"," 48135","Ector, TX",13751509
"2649"," 48137","Edwards, TX",63532
"2650"," 48139","Ellis, TX",8231178
"2651"," 48141","El Paso, TX",42288300
"2652"," 48143","Erath, TX",1897376
"2653"," 48145","Falls, TX",513922
"2654"," 48147","Fannin, TX",1148993
"2655"," 48149","Fayette, TX",1731107
"2656"," 48151","Fisher, TX",382875
"2657"," 48153","Floyd, TX",288050
"2658"," 48155","Foard, TX",99443
"2659"," 48157","Fort Bend, TX",39054035
"2660"," 48159","Franklin, TX",523476
"2661"," 48161","Freestone, TX",992574
"2662"," 48163","Frio, TX",1297008
"2663"," 48165","Gaines, TX",1965380
"2664"," 48167","Galveston, TX",20111790
"2665"," 48169","Garza, TX",246030
"2666"," 48171","Gillespie, TX",1362241
"2667"," 48173","Glasscock, TX",4581798
"2668"," 48175","Goliad, TX",275297
"2669"," 48177","Gonzales, TX",3237084
"2670"," 48179","Gray, TX",1148517
"2671"," 48181","Grayson, TX",6585066
"2672"," 48183","Gregg, TX",8441207
"2673"," 48185","Grimes, TX",1130456
"2674"," 48187","Guadalupe, TX",12526823
"2675"," 48189","Hale, TX",1360507
"2676"," 48191","Hall, TX",82094
"2677"," 48193","Hamilton, TX",295065
"2678"," 48195","Hansford, TX",674688
"2679"," 48197","Hardeman, TX",218160
"2680"," 48199","Hardin, TX",1447941
"2681"," 48201","Harris, TX",458701746
"2682"," 48203","Harrison, TX",4598011
"2683"," 48205","Hartley, TX",940369
"2684"," 48207","Haskell, TX",334767
"2685"," 48209","Hays, TX",11726892
"2686"," 48211","Hemphill, TX",368662
"2687"," 48213","Henderson, TX",2139968
"2688"," 48215","Hidalgo, TX",24238655
"2689"," 48217","Hill, TX",1302570
"2690"," 48219","Hockley, TX",1730951
"2691"," 48221","Hood, TX",2770835
"2692"," 48223","Hopkins, TX",2120501
"2693"," 48225","Houston, TX",999626
"2694"," 48227","Howard, TX",9008488
"2695"," 48229","Hudspeth, TX",173359
"2696"," 48231","Hunt, TX",5274871
"2697"," 48233","Hutchinson, TX",7471998
"2698"," 48235","Irion, TX",932243
"2699"," 48237","Jack, TX",382244
"2700"," 48239","Jackson, TX",609148
"2701"," 48241","Jasper, TX",1105886
"2702"," 48243","Jeff Davis, TX",81562
"2703"," 48245","Jefferson, TX",21299598
"2704"," 48247","Jim Hogg, TX",171202
"2705"," 48249","Jim Wells, TX",1625502
"2706"," 48251","Johnson, TX",7126899
"2707"," 48253","Jones, TX",463313
"2708"," 48255","Karnes, TX",6619033
"2709"," 48257","Kaufman, TX",5252297
"2710"," 48259","Kendall, TX",2737026
"2711"," 48261","Kenedy, TX",212344
"2712"," 48263","Kent, TX",265272
"2713"," 48265","Kerr, TX",2493483
"2714"," 48267","Kimble, TX",156361
"2715"," 48269","King, TX",101872
"2716"," 48271","Kinney, TX",126074
"2717"," 48273","Kleberg, TX",1247255
"2718"," 48275","Knox, TX",236447
"2719"," 48277","Lamar, TX",2830306
"2720"," 48279","Lamb, TX",763404
"2721"," 48281","Lampasas, TX",580216
"2722"," 48283","La Salle, TX",3809427
"2723"," 48285","Lavaca, TX",1362517
"2724"," 48287","Lee, TX",1094380
"2725"," 48289","Leon, TX",959714
"2726"," 48291","Liberty, TX",2567666
"2727"," 48293","Limestone, TX",1607249
"2728"," 48295","Lipscomb, TX",522346
"2729"," 48297","Live Oak, TX",2572913
"2730"," 48299","Llano, TX",873244
"2731"," 48301","Loving, TX",10797298
"2732"," 48303","Lubbock, TX",15402026
"2733"," 48305","Lynn, TX",276433
"2734"," 48307","McCulloch, TX",329903
"2735"," 48309","McLennan, TX",14524159
"2736"," 48311","McMullen, TX",2093132
"2737"," 48313","Madison, TX",621936
"2738"," 48315","Marion, TX",302697
"2739"," 48317","Martin, TX",15076951
"2740"," 48319","Mason, TX",121163
"2741"," 48321","Matagorda, TX",2232448
"2742"," 48323","Maverick, TX",2067877
"2743"," 48325","Medina, TX",1225078
"2744"," 48327","Menard, TX",48742
"2745"," 48329","Midland, TX",36432786
"2746"," 48331","Milam, TX",756865
"2747"," 48333","Mills, TX",286901
"2748"," 48335","Mitchell, TX",406134
"2749"," 48337","Montague, TX",638083
"2750"," 48339","Montgomery, TX",39558095
"2751"," 48341","Moore, TX",3843391
"2752"," 48343","Morris, TX",747686
"2753"," 48345","Motley, TX",37941
"2754"," 48347","Nacogdoches, TX",2903057
"2755"," 48349","Navarro, TX",1865767
"2756"," 48351","Newton, TX",448567
"2757"," 48353","Nolan, TX",941869
"2758"," 48355","Nueces, TX",21605890
"2759"," 48357","Ochiltree, TX",863631
"2760"," 48359","Oldham, TX",318951
"2761"," 48361","Orange, TX",4669626
"2762"," 48363","Palo Pinto, TX",1013703
"2763"," 48365","Panola, TX",1909902
"2764"," 48367","Parker, TX",5842457
"2765"," 48369","Parmer, TX",1098370
"2766"," 48371","Pecos, TX",2373457
"2767"," 48373","Polk, TX",1429141
"2768"," 48375","Potter, TX",8884596
"2769"," 48377","Presidio, TX",273515
"2770"," 48379","Rains, TX",262962
"2771"," 48381","Randall, TX",4742155
"2772"," 48383","Reagan, TX",4766949
"2773"," 48385","Real, TX",81313
"2774"," 48387","Red River, TX",349899
"2775"," 48389","Reeves, TX",13156893
"2776"," 48391","Refugio, TX",422504
"2777"," 48393","Roberts, TX",162152
"2778"," 48395","Robertson, TX",2452874
"2779"," 48397","Rockwall, TX",6209706
"2780"," 48399","Runnels, TX",335243
"2781"," 48401","Rusk, TX",2188709
"2782"," 48403","Sabine, TX",313876
"2783"," 48405","San Augustine, TX",632717
"2784"," 48407","San Jacinto, TX",393794
"2785"," 48409","San Patricio, TX",2941371
"2786"," 48411","San Saba, TX",154306
"2787"," 48413","Schleicher, TX",149311
"2788"," 48415","Scurry, TX",1846918
"2789"," 48417","Shackelford, TX",260373
"2790"," 48419","Shelby, TX",1598845
"2791"," 48421","Sherman, TX",492467
"2792"," 48423","Smith, TX",13120426
"2793"," 48425","Somervell, TX",1329236
"2794"," 48427","Starr, TX",1223145
"2795"," 48429","Stephens, TX",400061
"2796"," 48431","Sterling, TX",224200
"2797"," 48433","Stonewall, TX",128093
"2798"," 48435","Sutton, TX",187967
"2799"," 48437","Swisher, TX",511069
"2800"," 48439","Tarrant, TX",139883117
"2801"," 48441","Taylor, TX",7698728
"2802"," 48443","Terrell, TX",46905
"2803"," 48445","Terry, TX",506462
"2804"," 48447","Throckmorton, TX",174030
"2805"," 48449","Titus, TX",2249514
"2806"," 48451","Tom Green, TX",6916630
"2807"," 48453","Travis, TX",165671955
"2808"," 48455","Trinity, TX",264446
"2809"," 48457","Tyler, TX",572964
"2810"," 48459","Upshur, TX",906791
"2811"," 48461","Upton, TX",7084209
"2812"," 48463","Uvalde, TX",971073
"2813"," 48465","Val Verde, TX",1934776
"2814"," 48467","Van Zandt, TX",1498144
"2815"," 48469","Victoria, TX",4994607
"2816"," 48471","Walker, TX",2436259
"2817"," 48473","Waller, TX",4367085
"2818"," 48475","Ward, TX",4725137
"2819"," 48477","Washington, TX",2525414
"2820"," 48479","Webb, TX",13161195
"2821"," 48481","Wharton, TX",2118801
"2822"," 48483","Wheeler, TX",343428
"2823"," 48485","Wichita, TX",6000261
"2824"," 48487","Wilbarger, TX",803789
"2825"," 48489","Willacy, TX",542594
"2826"," 48491","Williamson, TX",34984848
"2827"," 48493","Wilson, TX",1412855
"2828"," 48495","Winkler, TX",1964694
"2829"," 48497","Wise, TX",3339833
"2830"," 48499","Wood, TX",1678292
"2831"," 48501","Yoakum, TX",2214822
"2832"," 48503","Young, TX",1100483
"2833"," 48505","Zapata, TX",552291
"2834"," 48507","Zavala, TX",854913
"2835"," 49000","Utah",234300566
"2836"," 49001","Beaver, UT",416765
"2837"," 49003","Box Elder, UT",2894878
"2838"," 49005","Cache, UT",7165803
"2839"," 49007","Carbon, UT",918791
"2840"," 49009","Daggett, UT",112172
"2841"," 49011","Davis, UT",18149590
"2842"," 49013","Duchesne, UT",1602306
"2843"," 49015","Emery, UT",1109249
"2844"," 49017","Garfield, UT",341149
"2845"," 49019","Grand, UT",704674
"2846"," 49021","Iron, UT",2421909
"2847"," 49023","Juab, UT",688868
"2848"," 49025","Kane, UT",430284
"2849"," 49027","Millard, UT",1124088
"2850"," 49029","Morgan, UT",420698
"2851"," 49031","Piute, UT",101591
"2852"," 49033","Rich, UT",194371
"2853"," 49035","Salt Lake, UT",119476922
"2854"," 49037","San Juan, UT",632119
"2855"," 49039","Sanpete, UT",1197301
"2856"," 49041","Sevier, UT",1207257
"2857"," 49043","Summit, UT",4672480
"2858"," 49045","Tooele, UT",2491322
"2859"," 49047","Uintah, UT",2325013
"2860"," 49049","Utah, UT",38928334
"2861"," 49051","Wasatch, UT",1411894
"2862"," 49053","Washington, UT",8822616
"2863"," 49055","Wayne, UT",119504
"2864"," 49057","Weber, UT",14325610
"2865"," 50000","Vermont",36398905
"2866"," 50001","Addison, VT",1816615
"2867"," 50003","Bennington, VT",1872849
"2868"," 50005","Caledonia, VT",1277281
"2869"," 50007","Chittenden, VT",13170478
"2870"," 50009","Essex, VT",138755
"2871"," 50011","Franklin, VT",2202584
"2872"," 50013","Grand Isle, VT",202934
"2873"," 50015","Lamoille, VT",1293434
"2874"," 50017","Orange, VT",911242
"2875"," 50019","Orleans, VT",1197362
"2876"," 50021","Rutland, VT",2915195
"2877"," 50023","Washington, VT",4108451
"2878"," 50025","Windham, VT",2378574
"2879"," 50027","Windsor, VT",2922765
"2880"," 51000","Virginia",613708694
"2881"," 51001","Accomack, VA",1609589
"2882"," 51007","Amelia, VA",292432
"2883"," 51009","Amherst, VA",835793
"2884"," 51011","Appomattox, VA",358211
"2885"," 51013","Arlington, VA",41376780
"2886"," 51017","Bath, VA",257786
"2887"," 51019","Bedford, VA*",2100757
"2888"," 51021","Bland, VA",209500
"2889"," 51023","Botetourt, VA",1449517
"2890"," 51025","Brunswick, VA",925439
"2891"," 51027","Buchanan, VA",980668
"2892"," 51029","Buckingham, VA",533917
"2893"," 51033","Caroline, VA",955036
"2894"," 51036","Charles City, VA",260076
"2895"," 51037","Charlotte, VA",283077
"2896"," 51041","Chesterfield, VA",18545492
"2897"," 51043","Clarke, VA",466681
"2898"," 51045","Craig, VA",108127
"2899"," 51047","Culpeper, VA",2145613
"2900"," 51049","Cumberland, VA",176022
"2901"," 51051","Dickenson, VA",586745
"2902"," 51057","Essex, VA",430563
"2903"," 51061","Fauquier, VA",3227177
"2904"," 51063","Floyd, VA",417534
"2905"," 51065","Fluvanna, VA",960306
"2906"," 51067","Franklin, VA",1668099
"2907"," 51071","Giles, VA",707171
"2908"," 51073","Gloucester, VA",1038636
"2909"," 51075","Goochland, VA",2978868
"2910"," 51077","Grayson, VA",305499
"2911"," 51079","Greene, VA",521484
"2912"," 51083","Halifax, VA",1239321
"2913"," 51085","Hanover, VA",7021908
"2914"," 51087","Henrico, VA",29755353
"2915"," 51091","Highland, VA",86710
"2916"," 51093","Isle of Wight, VA",1297039
"2917"," 51097","King and Queen, VA",156548
"2918"," 51099","King George, VA",2349561
"2919"," 51101","King William, VA",634290
"2920"," 51103","Lancaster, VA",528927
"2921"," 51105","Lee, VA",432174
"2922"," 51107","Loudoun, VA",37440677
"2923"," 51109","Louisa, VA",2371939
"2924"," 51111","Lunenburg, VA",256401
"2925"," 51113","Madison, VA",391490
"2926"," 51115","Mathews, VA",198513
"2927"," 51117","Mecklenburg, VA",1240310
"2928"," 51119","Middlesex, VA",393188
"2929"," 51125","Nelson, VA",546625
"2930"," 51127","New Kent, VA",809693
"2931"," 51131","Northampton, VA",513131
"2932"," 51133","Northumberland, VA",374654
"2933"," 51135","Nottoway, VA",536933
"2934"," 51137","Orange, VA",1218502
"2935"," 51139","Page, VA",673053
"2936"," 51141","Patrick, VA",402644
"2937"," 51145","Powhatan, VA",949840
"2938"," 51147","Prince Edward, VA",769207
"2939"," 51155","Pulaski, VA",1572597
"2940"," 51157","Rappahannock, VA",317344
"2941"," 51159","Richmond, VA",303917
"2942"," 51167","Russell, VA",714713
"2943"," 51169","Scott, VA",461246
"2944"," 51171","Shenandoah, VA",1775441
"2945"," 51173","Smyth, VA",1082653
"2946"," 51179","Stafford, VA",6586373
"2947"," 51181","Surry, VA",1151960
"2948"," 51183","Sussex, VA",330729
"2949"," 51185","Tazewell, VA",1313434
"2950"," 51187","Warren, VA",1970967
"2951"," 51193","Westmoreland, VA",502877
"2952"," 51197","Wythe, VA",1498629
"2953"," 51510","Alexandria (Independent City), VA",14388228
"2954"," 51550","Chesapeake (Independent City), VA",11925555
"2955"," 51650","Hampton (Independent City), VA",7252088
"2956"," 51700","Newport News (Independent City), VA",15527021
"2957"," 51710","Norfolk (Independent City), VA",21097861
"2958"," 51740","Portsmouth (Independent City), VA",6015283
"2959"," 51760","Richmond (Independent City), VA",28127971
"2960"," 51770","Roanoke (Independent City), VA",7946958
"2961"," 51800","Suffolk (Independent City), VA",4495006
"2962"," 51810","Virginia Beach (Independent City), VA",25840101
"2963"," 51901","Albemarle + Charlottesville, VA*",14042589
"2964"," 51903","Alleghany + Covington, VA*",848405
"2965"," 51907","Augusta, Staunton + Waynesboro, VA*",5538943
"2966"," 51911","Campbell + Lynchburg, VA*",7660513
"2967"," 51913","Carroll + Galax, VA*",997301
"2968"," 51918","Dinwiddie, Colonial Heights + Petersburg, VA*",3150863
"2969"," 51919","Fairfax, Fairfax City + Falls Church, VA*",151225537
"2970"," 51921","Frederick + Winchester, VA*",7536165
"2971"," 51923","Greensville + Emporia, VA*",1558897
"2972"," 51929","Henry + Martinsville, VA*",2299788
"2973"," 51931","James City + Williamsburg, VA*",5940811
"2974"," 51933","Montgomery + Radford, VA*",6150730
"2975"," 51939","Pittsylvania + Danville, VA*",3651879
"2976"," 51941","Prince George + Hopewell, VA*",4113138
"2977"," 51942","Prince William, Manassas + Manassas Park, VA*",24926326
"2978"," 51944","Roanoke + Salem, VA*",6411823
"2979"," 51945","Rockbridge, Buena Vista + Lexington, VA*",1391574
"2980"," 51947","Rockingham + Harrisonburg, VA*",8344240
"2981"," 51949","Southampton + Franklin, VA*",781153
"2982"," 51951","Spotsylvania + Fredericksburg, VA*",7988890
"2983"," 51953","Washington + Bristol, VA*",3551196
"2984"," 51955","Wise + Norton, VA*",1700679
"2985"," 51958","York + Poquoson, VA*",3085720
"2986"," 53000","Washington",702232288
"2987"," 53001","Adams, WA",1097173
"2988"," 53003","Asotin, WA",753733
"2989"," 53005","Benton, WA",13124028
"2990"," 53007","Chelan, WA",5563975
"2991"," 53009","Clallam, WA",2940757
"2992"," 53011","Clark, WA",26085187
"2993"," 53013","Columbia, WA",376028
"2994"," 53015","Cowlitz, WA",5530726
"2995"," 53017","Douglas, WA",2190136
"2996"," 53019","Ferry, WA",210990
"2997"," 53021","Franklin, WA",4359524
"2998"," 53023","Garfield, WA",165041
"2999"," 53025","Grant, WA",6812669
"3000"," 53027","Grays Harbor, WA",2904808
"3001"," 53029","Island, WA",3623667
"3002"," 53031","Jefferson, WA",1435541
"3003"," 53033","King, WA",409159636
"3004"," 53035","Kitsap, WA",14380899
"3005"," 53037","Kittitas, WA",2005844
"3006"," 53039","Klickitat, WA",1877501
"3007"," 53041","Lewis, WA",3869765
"3008"," 53043","Lincoln, WA",496467
"3009"," 53045","Mason, WA",1889628
"3010"," 53047","Okanogan, WA",1844474
"3011"," 53049","Pacific, WA",787061
"3012"," 53051","Pend Oreille, WA",594499
"3013"," 53053","Pierce, WA",50061822
"3014"," 53055","San Juan, WA",948762
"3015"," 53057","Skagit, WA",7177856
"3016"," 53059","Skamania, WA",328555
"3017"," 53061","Snohomish, WA",49915375
"3018"," 53063","Spokane, WA",31291275
"3019"," 53065","Stevens, WA",1335970
"3020"," 53067","Thurston, WA",16900081
"3021"," 53069","Wahkiakum, WA",105055
"3022"," 53071","Walla Walla, WA",3534101
"3023"," 53073","Whatcom, WA",15565102
"3024"," 53075","Whitman, WA",2483770
"3025"," 53077","Yakima, WA",10144203
"3026"," 54000","West Virginia",82716452
"3027"," 54001","Barbour, WV",567910
"3028"," 54003","Berkeley, WV",4687464
"3029"," 54005","Boone, WV",804174
"3030"," 54007","Braxton, WV",321673
"3031"," 54009","Brooke, WV",985840
"3032"," 54011","Cabell, WV",5313364
"3033"," 54013","Calhoun, WV",117201
"3034"," 54015","Clay, WV",166509
"3035"," 54017","Doddridge, WV",598316
"3036"," 54019","Fayette, WV",1206603
"3037"," 54021","Gilmer, WV",182242
"3038"," 54023","Grant, WV",471794
"3039"," 54025","Greenbrier, WV",1126193
"3040"," 54027","Hampshire, WV",434889
"3041"," 54029","Hancock, WV",988648
"3042"," 54031","Hardy, WV",765693
"3043"," 54033","Harrison, WV",4784228
"3044"," 54035","Jackson, WV",882243
"3045"," 54037","Jefferson, WV",2356263
"3046"," 54039","Kanawha, WV",11439241
"3047"," 54041","Lewis, WV",572871
"3048"," 54043","Lincoln, WV",264891
"3049"," 54045","Logan, WV",1499937
"3050"," 54047","McDowell, WV",533902
"3051"," 54049","Marion, WV",2319464
"3052"," 54051","Marshall, WV",2692990
"3053"," 54053","Mason, WV",856490
"3054"," 54055","Mercer, WV",1794791
"3055"," 54057","Mineral, WV",885980
"3056"," 54059","Mingo, WV",713683
"3057"," 54061","Monongalia, WV",7455591
"3058"," 54063","Monroe, WV",244421
"3059"," 54065","Morgan, WV",313139
"3060"," 54067","Nicholas, WV",663384
"3061"," 54069","Ohio, WV",3808917
"3062"," 54071","Pendleton, WV",179153
"3063"," 54073","Pleasants, WV",451425
"3064"," 54075","Pocahontas, WV",268962
"3065"," 54077","Preston, WV",766168
"3066"," 54079","Putnam, WV",3101871
"3067"," 54081","Raleigh, WV",3427406
"3068"," 54083","Randolph, WV",867254
"3069"," 54085","Ritchie, WV",642697
"3070"," 54087","Roane, WV",296389
"3071"," 54089","Summers, WV",207761
"3072"," 54091","Taylor, WV",601330
"3073"," 54093","Tucker, WV",294178
"3074"," 54095","Tyler, WV",1253477
"3075"," 54097","Upshur, WV",807823
"3076"," 54099","Wayne, WV",1050709
"3077"," 54101","Webster, WV",134897
"3078"," 54103","Wetzel, WV",1036788
"3079"," 54105","Wirt, WV",72929
"3080"," 54107","Wood, WV",3744336
"3081"," 54109","Wyoming, WV",754138
"3082"," 55000","Wisconsin",354382123
"3083"," 55001","Adams, WI",575023
"3084"," 55003","Ashland, WI",707159
"3085"," 55005","Barron, WI",2308208
"3086"," 55007","Bayfield, WI",448328
"3087"," 55009","Brown, WI",20129247
"3088"," 55011","Buffalo, WI",553498
"3089"," 55013","Burnett, WI",564328
"3090"," 55015","Calumet, WI",1734366
"3091"," 55017","Chippewa, WI",2941431
"3092"," 55019","Clark, WI",1443171
"3093"," 55021","Columbia, WI",3179302
"3094"," 55023","Crawford, WI",671840
"3095"," 55025","Dane, WI",51263648
"3096"," 55027","Dodge, WI",3797710
"3097"," 55029","Door, WI",1501108
"3098"," 55031","Douglas, WI",1782817
"3099"," 55033","Dunn, WI",1926218
"3100"," 55035","Eau Claire, WI",6730548
"3101"," 55037","Florence, WI",128601
"3102"," 55039","Fond du Lac, WI",5112557
"3103"," 55041","Forest, WI",329836
"3104"," 55043","Grant, WI",2341197
"3105"," 55045","Green, WI",2010594
"3106"," 55047","Green Lake, WI",688885
"3107"," 55049","Iowa, WI",1233166
"3108"," 55051","Iron, WI",176755
"3109"," 55053","Jackson, WI",1017966
"3110"," 55055","Jefferson, WI",3791498
"3111"," 55057","Juneau, WI",921297
"3112"," 55059","Kenosha, WI",7957347
"3113"," 55061","Kewaunee, WI",795823
"3114"," 55063","La Crosse, WI",7638491
"3115"," 55065","Lafayette, WI",695373
"3116"," 55067","Langlade, WI",758734
"3117"," 55069","Lincoln, WI",1352384
"3118"," 55071","Manitowoc, WI",4117466
"3119"," 55073","Marathon, WI",9131392
"3120"," 55075","Marinette, WI",1923018
"3121"," 55077","Marquette, WI",456237
"3122"," 55078","Menominee, WI",171659
"3123"," 55079","Milwaukee, WI",62656414
"3124"," 55081","Monroe, WI",2293726
"3125"," 55083","Oconto, WI",1027969
"3126"," 55085","Oneida, WI",1887674
"3127"," 55087","Outagamie, WI",13229715
"3128"," 55089","Ozaukee, WI",5528428
"3129"," 55091","Pepin, WI",286595
"3130"," 55093","Pierce, WI",1179567
"3131"," 55095","Polk, WI",1653023
"3132"," 55097","Portage, WI",4572461
"3133"," 55099","Price, WI",560641
"3134"," 55101","Racine, WI",9100357
"3135"," 55103","Richland, WI",791160
"3136"," 55105","Rock, WI",8437452
"3137"," 55107","Rusk, WI",540669
"3138"," 55109","St. Croix, WI",4453870
"3139"," 55111","Sauk, WI",4215562
"3140"," 55113","Sawyer, WI",735665
"3141"," 55115","Shawano, WI",1341970
"3142"," 55117","Sheboygan, WI",7211859
"3143"," 55119","Taylor, WI",830952
"3144"," 55121","Trempealeau, WI",1418480
"3145"," 55123","Vernon, WI",1213265
"3146"," 55125","Vilas, WI",1026545
"3147"," 55127","Walworth, WI",4858838
"3148"," 55129","Washburn, WI",618480
"3149"," 55131","Washington, WI",7001853
"3150"," 55133","Waukesha, WI",32895836
"3151"," 55135","Waupaca, WI",2009292
"3152"," 55137","Waushara, WI",704836
"3153"," 55139","Winnebago, WI",11107020
"3154"," 55141","Wood, WI",4107043
"3155"," 56000","Wyoming",39780691
"3156"," 56001","Albany, WY",1848358
"3157"," 56003","Big Horn, WY",569829
"3158"," 56005","Campbell, WY",4918971
"3159"," 56007","Carbon, WY",1450690
"3160"," 56009","Converse, WY",1721445
"3161"," 56011","Crook, WY",344434
"3162"," 56013","Fremont, WY",1655777
"3163"," 56015","Goshen, WY",454738
"3164"," 56017","Hot Springs, WY",246817
"3165"," 56019","Johnson, WY",450910
"3166"," 56021","Laramie, WY",6649763
"3167"," 56023","Lincoln, WY",979478
"3168"," 56025","Natrona, WY",5299993
"3169"," 56027","Niobrara, WY",132145
"3170"," 56029","Park, WY",1703610
"3171"," 56031","Platte, WY",503372
"3172"," 56033","Sheridan, WY",1791763
"3173"," 56035","Sublette, WY",779024
"3174"," 56037","Sweetwater, WY",3043979
"3175"," 56039","Teton, WY",3741782
"3176"," 56041","Uinta, WY",859720
"3177"," 56043","Washakie, WY",344609
"3178"," 56045","Weston, WY",337177
"3179"," 91000","New England",1187475701
"3180"," 92000","Mideast",3983256319
"3181"," 93000","Great Lakes",2949425062
"3182"," 94000","Plains",1410039749
"3183"," 95000","Southeast",5142935998
"3184"," 96000","Southwest",2999061943
"3185"," 97000","Rocky Mountain",883219272
"3186"," 98000","Far West",4627729346
