"HomeCounty","AllCommutes","sum(CNS01)","sum(CNS02)","sum(CNS03)","sum(CNS04)","sum(CNS05)","sum(CNS06)","sum(CNS07)","sum(CNS08)","sum(CNS09)","sum(CNS10)","sum(CNS11)","sum(CNS12)","sum(CNS13)","sum(CNS14)","sum(CNS15)","sum(CNS16)","sum(CNS17)","sum(CNS18)","sum(CNS19)","sum(CNS20)"
1001,22855,130,68,309,1145,2865,949,2861,809,303,893,270,1159,170,1103,1830,2510,453,2106,649,2273
1003,82561,594,213,852,5000,7274,3105,12170,2696,803,2654,1934,3987,625,4284,6945,10252,1388,10842,2490,4453
1005,9641,189,105,104,329,2069,276,1340,494,46,237,83,210,42,479,750,1094,64,889,199,642
1007,7743,95,107,104,635,1392,288,974,290,72,234,80,247,52,369,681,862,77,576,165,443
1009,23007,120,87,310,1620,3497,1421,2798,863,261,887,273,1007,252,967,1853,3181,202,1703,635,1070
1011,3811,239,6,47,110,840,78,430,140,26,77,33,74,20,290,245,476,34,244,58,344
1013,8080,132,11,95,330,1839,274,918,296,88,215,74,214,39,456,631,951,87,768,154,508
1015,41872,181,16,301,1265,7958,1579,5228,1380,505,1035,420,1354,208,2964,3887,6049,303,4203,904,2132
1017,14493,164,10,135,568,3344,376,1661,796,306,352,129,397,116,1210,1029,1573,123,1240,336,628
1019,8578,153,6,160,328,1963,291,1090,241,71,214,69,230,50,383,770,1277,31,672,162,417
1021,17158,174,87,345,1457,2651,811,2262,594,186,719,192,615,186,820,1339,1704,153,1408,457,998
1023,4201,205,14,68,340,755,110,530,212,46,85,39,97,18,157,390,522,30,283,96,204
1025,9984,315,51,212,649,1931,276,1379,324,69,321,76,194,28,384,790,1247,55,808,209,666
1027,5971,77,10,98,259,1750,166,594,177,45,143,62,125,34,293,496,801,33,375,121,312
1029,5686,59,1,38,416,1176,215,770,127,72,143,46,152,84,303,531,685,28,423,136,281
1031,17732,294,34,181,555,3355,515,2319,740,145,521,194,670,125,902,1646,2378,149,1682,417,910
1033,21601,89,95,236,1132,4324,834,2837,498,180,722,213,664,100,1125,1840,3036,168,1961,440,1107
1035,4696,181,24,74,241,890,162,578,251,23,115,42,96,9,185,372,550,47,432,101,323
1037,3987,28,49,54,203,835,115,480,137,38,117,39,126,36,281,292,500,61,273,82,241
1039,13466,239,31,518,619,2121,651,1951,514,124,391,139,398,48,711,1146,1717,88,948,281,831
1041,5961,135,4,81,239,1158,331,722,287,47,186,45,141,33,242,484,755,30,400,175,466
1043,34757,334,72,307,2028,6399,1510,4686,1587,340,1033,338,1424,308,1424,2688,4641,216,2949,771,1702
1045,16026,150,42,175,694,2520,560,2189,766,144,421,168,583,141,833,1279,2383,123,1666,363,826
1047,14098,164,29,164,543,2936,337,1687,408,88,298,166,281,101,859,1301,1948,113,1279,407,989
1049,25496,257,12,272,1028,7647,904,3036,1009,227,628,183,617,125,983,1942,2905,123,1941,457,1200
1051,32896,137,94,327,1642,3872,1257,3943,988,380,1267,375,1611,273,1669,2766,4195,1065,2600,919,3516
1053,14031,195,155,167,854,2114,441,1847,520,79,459,127,307,74,578,1035,1545,696,1188,280,1370
1055,38886,106,42,406,1441,7459,1377,4845,1096,399,1078,343,1041,188,2447,3300,6560,306,3667,751,2034
1057,7123,124,99,87,330,1627,239,908,256,66,214,54,131,45,225,657,1000,33,536,130,362
1059,12875,117,62,135,571,4093,417,1464,355,72,392,113,298,70,445,1183,1356,62,897,213,560
1061,9504,215,13,109,438,1568,492,1375,411,69,295,107,347,66,399,631,1365,71,690,208,635
1063,2973,48,4,24,123,571,55,363,158,23,55,21,62,14,175,253,401,108,269,64,182
1065,6252,163,16,51,350,1248,102,725,249,38,172,65,156,32,319,666,877,52,497,100,374
1067,7402,219,21,170,316,1003,297,1002,362,59,200,60,219,34,342,601,1191,48,575,166,517
1069,41215,286,93,801,1686,4352,2130,6051,1870,514,1093,463,1301,276,2353,3043,7608,275,4004,961,2055
1071,20372,124,20,228,957,5745,705,2356,590,170,549,173,697,79,713,1695,2432,147,1580,408,1004
1073,279256,232,705,3894,10673,19200,13194,33485,9299,4923,20138,4232,15131,4886,19862,22741,45150,3386,26897,7896,13332
1075,5443,86,12,70,225,1327,172,660,300,50,187,46,124,23,275,373,732,22,387,108,264
1077,33464,198,54,351,2002,5326,1520,4778,761,329,1092,341,1258,195,1704,2808,4573,319,3416,730,1709
1079,13000,115,21,121,945,3350,518,1578,346,83,294,97,472,98,646,1002,1398,69,1038,226,583
1081,58396,339,99,369,2366,7820,1557,6386,1851,632,2458,893,2229,519,3885,8987,7454,685,6291,1290,2286
1083,35019,284,23,333,2023,5944,1226,4320,663,359,835,324,3699,211,2285,2959,4052,348,3023,709,1399
1085,3033,58,11,29,163,887,126,303,238,24,46,16,61,18,171,249,259,26,171,35,142
1087,8314,91,14,112,265,1158,177,996,320,54,159,95,179,53,765,957,1183,129,926,170,511
1089,146132,345,65,666,4482,16399,4503,17562,2976,2014,3500,1784,22954,870,13211,10896,18515,1928,14149,3080,6233
1091,7833,252,9,71,378,1587,189,949,272,47,212,62,146,35,480,765,1199,40,563,170,407
1093,12084,116,48,142,414,3153,445,1450,382,96,438,107,232,55,486,1053,1686,62,898,242,579
1095,38391,232,55,425,1631,9497,1479,5003,1108,445,965,408,1812,362,1785,2648,4560,244,3379,702,1651
1097,169639,801,429,1409,10920,17584,7107,22544,7496,1847,5222,2788,8262,1094,12371,14633,23741,1673,17837,5272,6609
1099,7965,232,27,75,439,1433,328,1027,453,60,198,59,180,31,296,693,968,164,639,177,486
1101,92085,195,78,468,2681,9555,2684,10566,3352,1140,3141,1152,4332,720,8536,7068,12228,1757,9868,2608,9956
1103,48639,149,54,324,2707,9989,1805,5975,1265,446,1318,522,3115,550,3394,3582,5748,405,4491,1018,1782
1105,3267,74,5,25,137,642,56,403,106,11,95,31,74,20,183,394,470,13,239,57,232
1107,7731,177,25,77,318,1735,149,906,289,60,174,92,189,51,359,720,1168,55,520,228,439
1109,13035,154,11,82,396,2367,416,1554,779,163,375,154,378,95,589,1512,1341,67,1349,241,1012
1111,9090,108,21,75,387,2413,250,1118,314,94,226,71,206,104,455,878,1091,44,584,189,462
1113,19703,110,33,131,908,2420,518,2599,714,198,1362,287,625,206,1389,1529,2686,180,2214,458,1136
1115,36760,83,61,496,2599,4769,2298,4803,1138,466,1816,421,1799,555,1955,2678,4708,357,3063,1157,1538
1117,93779,156,341,2003,4486,6225,5474,11170,2289,1886,8093,1454,6755,2073,5069,8062,12516,1223,7679,2753,4072
1119,3756,70,3,31,134,534,105,469,142,17,83,32,80,32,212,634,459,36,379,42,262
1121,34300,141,297,456,1514,6876,1218,4160,1512,314,1039,346,950,299,2469,2940,4152,329,3058,790,1440
1123,17864,143,29,164,768,3596,508,2187,541,162,394,200,524,202,1512,1358,2427,290,1394,339,1126
1125,81978,286,673,418,3761,11014,2076,9036,2719,912,2277,1373,3209,594,5177,10961,12403,973,8728,1854,3534
1127,25568,218,466,610,1390,3110,1129,3847,863,281,890,268,908,313,982,1949,4212,167,2179,640,1146
1129,6061,161,29,180,582,1155,169,627,221,62,180,48,149,45,275,653,647,27,374,142,335
1131,3558,147,9,28,224,744,79,426,149,33,98,20,55,15,176,363,370,18,233,70,301
1133,8556,66,43,74,411,2208,389,1126,371,76,283,79,244,78,260,652,978,57,593,156,412
2013,776,0,3,12,3,319,4,48,17,11,5,9,8,18,12,74,57,5,35,14,122
2016,2242,9,9,1,26,1226,21,138,302,16,7,26,12,3,15,71,63,2,26,32,237
2020,142274,220,4890,718,6191,2094,4162,16961,9863,3582,4426,2523,9627,1795,7068,10701,23895,2331,14284,4983,11960
2050,4802,1,23,95,63,36,29,620,278,75,20,157,34,32,50,1123,636,47,59,252,1172
2060,472,1,7,21,11,26,1,36,42,11,4,8,5,6,6,70,36,22,37,3,119
2063,2396,54,83,20,121,139,23,238,271,56,24,23,67,26,82,234,262,40,219,67,347
2066,985,5,25,38,39,27,11,90,63,16,12,11,39,6,31,122,114,35,67,68,166
2068,712,2,100,32,43,9,2,36,22,12,8,8,34,1,27,96,41,70,88,10,71
2070,1756,9,17,12,27,34,19,143,85,38,3,68,9,19,15,322,534,8,70,30,294
2090,39953,101,2099,396,2437,931,824,5246,2307,609,881,610,1617,256,1172,5176,5684,566,3698,1081,4262
2100,666,4,28,7,47,20,3,100,27,16,8,9,14,1,11,72,83,32,62,18,104
2105,645,0,20,5,27,31,1,81,60,5,2,10,10,0,4,110,45,41,44,11,138
2110,17855,25,696,76,680,348,216,2262,827,335,258,214,483,87,352,1494,2426,382,1318,552,4824
2122,20449,73,1802,204,1157,580,310,2533,965,305,272,281,750,89,468,2052,3553,245,1977,736,2097
2130,2522,36,6,4,99,148,32,275,224,24,79,32,40,11,51,288,264,17,151,52,689
2150,5758,130,23,29,195,1427,44,524,307,52,55,103,90,40,164,656,718,39,402,154,606
2158,2462,1,4,23,46,17,8,310,79,16,7,36,16,21,13,936,164,32,17,118,598
2164,648,3,7,21,27,9,1,21,47,7,2,13,2,6,4,149,70,16,19,25,199
2170,37246,113,1591,308,3268,696,746,4697,2074,804,786,453,1818,259,1258,4132,5779,484,3081,1157,3742
2180,3223,1,43,49,58,18,2,275,181,43,63,50,20,121,15,792,514,68,121,207,582
2185,2682,5,74,36,61,12,1,131,60,75,5,48,36,104,63,553,156,10,45,21,1186
2188,2200,1,276,22,42,13,2,163,90,49,5,35,9,5,93,418,427,56,81,19,394
2195,1042,15,25,2,24,179,1,150,34,20,5,9,18,19,13,143,123,10,47,22,183
2198,2136,70,16,20,94,166,5,273,120,9,18,48,11,18,15,347,146,9,97,19,635
2220,4379,42,8,3,165,360,34,505,241,49,67,59,56,21,210,454,770,36,504,88,707
2230,367,0,4,5,26,9,1,59,45,1,5,9,2,0,0,33,5,52,47,15,49
2240,1670,18,85,35,94,57,20,210,86,25,24,17,109,5,50,204,190,11,136,38,256
2275,775,6,5,1,33,84,8,90,46,7,9,8,8,3,3,97,183,5,43,17,119
2282,254,3,3,4,5,18,2,27,15,1,1,2,2,4,4,22,21,0,38,9,73
2290,1659,6,28,32,39,15,9,136,77,24,5,10,16,18,24,455,139,13,52,72,489
4001,14954,129,227,646,1011,264,203,1411,299,127,133,196,172,39,466,2421,1948,181,1507,205,3369
4003,37349,900,339,293,1818,1173,861,5300,909,507,873,446,2638,174,2931,4659,5095,629,4123,948,2733
4005,53005,286,191,680,2770,3775,1007,5996,1116,596,853,657,1633,215,2195,6981,7746,2107,8857,1330,4014
4007,17224,93,352,126,1090,970,396,2424,369,251,404,263,562,121,870,1554,2373,714,1946,399,1947
4009,11757,163,1450,144,497,357,258,1480,208,119,158,129,243,45,440,1751,1488,219,1057,280,1271
4011,2912,57,1261,32,68,33,59,262,29,15,38,16,31,11,61,316,187,24,175,28,209
4012,5687,241,16,74,254,173,117,822,140,49,111,104,120,25,232,447,576,352,798,130,906
4013,1778735,8534,2469,14066,95679,113096,71608,208566,60062,34867,126246,37113,107632,25776,172119,141609,232934,38585,171619,49486,66669
4015,67342,657,184,577,3752,3543,1697,10666,2141,952,1406,1107,1930,278,4187,3586,9079,1364,13922,1926,4388
4017,27921,356,390,562,1902,714,434,3474,636,409,372,393,591,164,982,3669,3969,426,3737,588,4153
4019,373089,1448,2438,2244,18374,24947,9630,43542,9052,5702,11933,6139,21382,2651,34355,37754,58871,8072,40880,12781,20894
4021,142391,2039,1121,1108,8388,10086,4819,20198,4314,2347,6562,2524,6505,1462,12727,11657,17912,2901,13819,3871,8031
4023,15918,296,130,92,542,715,1892,2549,1440,133,312,190,469,58,769,1479,1505,181,1715,384,1067
4025,77989,766,698,542,4991,4513,2519,10761,1915,1185,2003,1363,2991,415,4495,6597,13399,1818,10351,2245,4422
4027,65924,11451,217,597,2901,2765,1563,7655,1588,587,1341,768,2263,372,5139,6111,7371,1486,6569,1439,3741
5001,7808,196,5,97,308,2045,408,886,351,75,235,61,162,162,249,489,1076,55,437,129,382
5003,7722,370,9,51,579,1549,232,868,246,57,179,49,118,53,312,765,1164,41,511,164,405
5005,14779,33,62,122,625,2481,402,1871,318,209,556,206,543,231,495,1080,3207,166,1353,355,464
5007,114128,648,118,678,4979,12083,6275,12111,7023,1058,2884,1176,7895,15582,5471,8736,12004,1592,9440,2071,2304
5009,14712,36,21,108,645,1832,400,1898,873,233,456,164,401,295,1170,1471,2249,250,1517,282,411
5011,4401,240,16,35,198,835,107,452,123,44,113,45,60,31,192,444,874,17,291,79,205
5013,1838,43,11,17,151,427,41,197,130,22,41,30,34,18,65,158,248,8,90,22,85
5015,10203,146,26,108,503,2449,217,1140,300,113,306,94,273,175,420,698,1149,259,1309,155,363
5017,3885,237,8,13,181,243,169,453,274,17,96,31,46,18,122,279,995,28,242,85,348
5019,8333,190,15,84,240,1076,123,907,194,59,227,81,244,104,532,1331,1362,113,818,210,423
5021,5704,233,15,77,254,953,299,743,204,40,146,47,118,29,222,516,1063,34,363,100,248
5023,7771,95,164,126,515,1041,263,978,284,71,229,69,199,97,314,794,1225,84,777,152,294
5025,2879,126,10,24,150,473,90,334,109,21,96,20,50,27,94,332,531,14,124,67,187
5027,8541,93,266,72,338,1679,244,918,255,73,297,94,152,81,348,988,1414,50,673,207,299
5029,7796,103,91,81,603,1124,227,884,366,82,214,79,258,123,482,811,1110,91,581,159,327
5031,41307,444,53,363,1799,5472,1658,4997,1268,447,1018,498,1070,435,2563,4713,8255,369,3935,747,1203
5033,23217,181,177,197,1156,4149,907,2580,1179,298,600,226,672,716,1573,1890,3267,172,2068,559,650
5035,22439,311,18,136,979,2056,1245,2557,1960,160,422,311,546,261,1723,1915,3495,438,2186,819,901
5037,6952,243,12,81,359,663,466,904,359,78,204,122,147,62,281,691,1161,67,483,145,424
5039,2742,101,15,15,113,611,47,310,87,14,70,26,40,33,98,224,550,6,173,60,149
5041,4848,288,5,35,141,690,161,506,137,38,129,71,80,21,151,469,949,22,378,65,512
5043,6998,257,11,48,248,1013,174,690,163,59,205,69,130,51,245,1040,1487,37,549,101,421
5045,51393,139,445,437,3121,3953,1719,6012,1496,778,1821,603,3152,783,3436,5706,8848,571,4969,1188,2216
5047,6174,50,87,150,358,1222,181,694,208,61,135,48,149,129,336,635,883,30,422,97,299
5049,3649,12,8,65,164,369,98,499,99,53,113,39,100,35,116,384,894,35,275,68,223
5051,37383,157,167,275,2023,2848,1173,4814,828,524,1176,522,1160,347,2545,2505,7270,1730,4825,1041,1453
5053,7206,126,55,96,489,1177,293,729,229,84,240,72,224,90,296,602,1166,46,499,187,506
5055,17500,242,23,160,756,3910,677,2059,559,182,537,156,445,110,1081,1711,2774,108,1284,284,442
5057,8091,172,20,75,392,2011,206,864,297,44,181,71,176,41,319,725,1199,66,722,189,321
5059,12269,132,52,149,676,1475,351,1434,364,153,347,137,350,161,957,1114,2032,254,1097,295,739
5061,5179,170,22,28,187,1550,94,508,185,25,103,42,86,74,165,568,696,34,297,114,231
5063,14312,220,74,173,700,2638,481,1496,652,133,397,115,242,85,867,1327,2790,80,1023,299,520
5065,3889,33,74,29,189,435,98,501,149,38,114,75,68,37,137,524,837,46,224,79,202
5067,5831,211,19,56,228,908,260,807,222,41,118,85,133,42,248,571,931,39,457,108,347
5069,28355,216,60,243,933,4319,834,3038,826,282,853,239,564,194,1769,3078,5451,191,2136,555,2574
5071,8424,90,68,184,378,2174,173,840,329,56,167,78,171,120,423,841,1147,55,658,141,331
5073,2290,85,73,10,141,385,70,231,86,23,57,25,41,16,98,235,342,17,139,81,135
5075,5341,159,20,57,234,773,280,642,203,35,125,62,117,69,224,583,956,31,416,93,262
5077,2979,180,2,40,105,215,186,406,147,18,65,45,55,33,144,269,591,28,198,41,211
5079,3861,135,14,77,197,565,119,377,118,29,121,36,70,14,174,314,706,23,319,81,372
5081,4488,64,13,48,291,938,121,557,236,31,96,51,78,23,151,462,677,17,306,116,212
5083,7825,68,75,85,412,1656,198,828,302,67,249,73,154,157,295,731,1359,72,509,149,386
5085,29698,435,99,302,1570,2599,1539,3660,1452,505,1194,361,1220,387,1313,2887,4883,343,2585,673,1691
5087,4796,60,23,42,286,1079,162,619,285,71,123,34,134,83,179,540,479,38,306,84,169
5089,5272,22,12,17,210,1403,136,569,135,66,159,73,150,83,188,437,793,59,426,89,245
5091,16230,148,81,107,822,2017,777,1904,865,143,439,195,338,144,915,1553,2645,175,1735,412,815
5093,16514,440,19,149,785,3812,679,1875,640,91,295,238,233,146,1267,1446,2035,92,1286,265,721
5095,2856,138,3,29,119,478,206,360,118,34,67,33,39,43,73,227,413,17,228,62,169
5097,2686,55,35,24,169,198,95,323,85,16,88,33,67,36,131,227,469,92,283,76,184
5099,3176,82,27,60,144,691,74,366,160,18,84,42,74,16,134,263,514,27,177,88,135
5101,2050,26,7,32,98,244,57,246,66,22,46,19,66,48,105,270,335,21,196,30,116
5103,9573,133,94,87,529,2408,277,961,288,81,232,104,185,154,474,898,1541,34,570,161,362
5105,3463,35,42,41,277,412,93,475,106,38,101,27,121,51,177,347,540,50,264,72,194
5107,6665,264,6,61,251,568,330,828,311,60,116,79,124,62,332,823,1279,51,689,93,338
5109,3613,121,24,26,156,583,142,463,143,23,115,44,76,19,128,399,521,93,256,83,198
5111,8748,277,31,91,432,1472,470,1161,363,83,179,121,179,119,411,807,1358,60,635,145,354
5113,7060,115,52,60,355,1352,171,847,300,79,178,91,157,95,263,762,1093,53,580,163,294
5115,25705,516,157,730,1408,4257,698,2697,1083,257,833,240,760,360,1224,2927,3718,178,2283,572,807
5117,2989,171,13,27,187,437,172,405,142,22,68,24,68,50,104,245,412,17,169,62,194
5119,175036,240,296,1429,5911,8682,7375,19663,6378,4487,8730,2513,9352,3186,13163,12478,36922,2465,16303,4532,10931
5121,5990,141,20,52,299,882,259,718,194,50,155,56,140,66,231,640,1168,42,520,113,244
5123,8319,215,6,74,338,907,532,1093,422,66,198,104,152,76,454,772,1371,76,741,129,593
5125,51480,137,151,622,3275,3480,2603,6328,1864,949,2157,641,2267,866,2716,3790,10169,658,4222,1451,3134
5127,3522,121,15,19,165,817,121,368,123,27,86,40,74,57,131,367,486,22,232,54,197
5129,2353,23,12,26,99,310,81,298,57,22,64,37,65,42,91,271,447,27,196,37,148
5131,52476,183,398,297,2209,9675,1910,5491,2246,763,1297,655,1389,2139,4030,3952,8275,512,4753,1060,1242
5133,5933,170,38,35,279,1901,129,561,182,26,159,61,98,68,155,628,676,25,358,128,256
5135,5052,56,23,57,250,525,151,601,230,56,181,54,127,50,211,531,1032,43,515,108,251
5137,3481,26,57,44,167,365,94,480,121,32,114,37,73,27,96,294,695,73,370,53,263
5139,16953,156,218,136,1454,2804,476,1842,645,140,437,156,309,668,1064,1394,2670,145,1220,462,557
5141,4564,86,102,81,330,330,142,604,201,49,132,29,109,64,177,442,839,98,373,83,293
5143,96406,432,112,567,4556,11224,3888,10406,5474,1042,2572,1207,4656,5103,5087,12109,12683,1170,9921,1929,2268
5145,28782,252,288,292,1583,2736,1135,3874,1448,310,908,335,942,307,1443,3417,4803,230,2653,663,1163
5147,2538,136,1,19,82,344,157,316,100,25,43,28,47,56,107,186,472,10,183,39,187
5149,7883,183,45,98,492,1955,204,720,275,79,210,46,182,125,368,696,1179,67,552,120,287
6001,779722,4599,522,5126,34865,65280,32613,64980,27146,33386,27944,12004,94185,15939,51746,64915,109906,14105,66761,26882,26818
6003,853,32,1,22,62,44,20,82,28,7,11,14,25,1,45,76,122,44,98,32,87
6005,17698,615,45,225,1091,1180,532,2087,462,264,452,224,778,145,789,1570,2279,382,2155,555,1868
6007,81630,3222,70,761,3702,4298,2570,9054,1588,1070,2081,1314,2945,542,3296,9923,17132,1483,8345,3369,4865
6009,19767,694,34,298,1584,1234,786,2326,606,281,427,272,843,180,926,1883,2796,535,1875,629,1558
6011,8122,1732,11,67,304,757,358,834,165,43,112,77,177,28,290,558,732,311,640,190,736
6013,500172,3831,1192,5165,29064,27347,17513,49587,15428,16453,23025,8663,49115,10373,31877,42338,77286,9589,43802,17676,20848
6015,9451,296,5,49,287,333,121,1163,134,118,125,122,242,35,207,850,1562,243,1088,159,2312
6017,76029,827,77,978,5036,3647,2365,7319,1366,1425,3445,1336,5511,894,4467,7054,9703,2906,8470,2310,6893
6019,371648,34692,312,2614,17264,25680,14738,35682,11495,4280,8567,4924,12109,2851,21556,39291,63084,5473,31695,11009,24332
6021,11475,1771,15,143,560,854,488,1207,485,87,231,110,322,58,409,857,1507,240,921,305,905
6023,47599,1407,20,357,2017,2118,1168,6528,941,566,1031,618,1622,282,1483,5952,8155,1238,5371,1759,4966
6025,67754,9978,267,1529,2827,2277,2477,7970,2292,570,1062,787,1564,525,2900,6372,9960,824,6078,1391,6104
6027,8849,298,55,110,402,356,214,1132,160,64,81,113,241,23,255,853,1337,332,1283,275,1265
6029,296440,35504,7059,1986,16736,16953,10344,30828,9853,3635,6067,3627,11294,3794,15646,31703,36268,3779,24939,8283,18142
6031,49119,7566,76,224,1669,4639,1357,4478,1551,392,764,507,985,314,1987,4877,7111,1713,3852,984,4073
6033,19442,1019,56,368,916,1047,479,2361,385,209,315,233,579,156,602,1852,4126,948,1706,579,1506
6035,7889,334,5,94,224,186,158,780,132,115,136,96,153,33,186,705,1032,78,810,325,2307
6037,4360886,31292,3542,25585,152770,338171,220884,418195,164513,296740,147756,82892,291374,60748,300883,352273,661850,101496,422536,148668,138718
6039,51201,7632,75,500,2669,3903,1730,4711,1341,613,918,577,1385,444,2540,4654,6803,844,4822,1351,3689
6041,108383,884,55,823,4913,4468,3528,10242,2323,4497,5188,2111,13471,2746,5968,10059,14966,2908,10306,4761,4166
6043,8651,423,21,146,507,435,236,921,264,94,130,128,318,70,347,897,1139,503,1116,330,626
6045,31798,1626,43,201,1367,2349,947,4021,643,304,585,535,927,258,984,3140,5992,799,3991,869,2217
6047,93363,11805,63,843,4752,10887,3343,9919,3440,705,1411,904,2467,1285,3993,11383,11002,1003,7626,2069,4463
6049,3021,272,0,62,135,88,113,270,49,30,49,25,68,13,82,325,558,68,232,97,485
6051,5379,154,13,55,284,129,98,532,122,56,40,173,137,20,192,470,550,142,1596,181,435
6053,166989,25938,139,922,7714,7907,5871,16474,3900,1906,2793,2176,7023,1276,8243,15246,20267,3015,20917,5420,9842
6055,69187,3686,68,330,3883,8371,2291,6296,1842,898,1715,869,3192,701,3872,5267,10344,1217,9116,2140,3089
6057,35806,458,26,506,2544,1913,978,4174,721,488,962,769,2028,216,1483,3526,5691,1344,4090,1641,2248
6059,1453985,9328,1187,7249,73920,138205,85036,141431,37550,35928,67213,32527,121515,27840,107846,119763,175100,37576,144781,45193,44797
6061,153653,1435,74,1549,10500,7318,5859,16329,3419,3254,7435,2776,11259,2219,8224,14061,22134,3766,13401,4930,13711
6063,6580,122,10,135,374,386,156,693,211,95,117,87,295,66,222,683,1161,147,590,213,817
6065,888525,19686,770,6401,64626,65994,40455,97600,44815,13240,21398,13515,37184,8937,63661,81565,120549,23147,97156,25532,42294
6067,635137,7586,329,5344,33251,27647,21585,64484,18116,10537,24124,9297,40334,9672,43210,52073,99436,11596,56483,20584,79449
6069,23313,2452,67,182,1711,2228,851,2711,514,255,332,248,857,190,1204,2323,2725,443,2117,640,1263
6071,819895,7778,961,5870,47876,65451,45232,91265,53584,12111,20807,11358,32071,9475,63219,77282,123270,14627,75221,23134,39303
6073,1403578,12986,512,6742,76151,107837,54549,138692,32868,30211,47283,28712,136315,23947,92359,132754,188061,34860,163023,51429,44287
6075,464782,2060,104,4109,13114,19242,12121,31625,14049,31250,23317,8916,74371,11981,26644,32577,63857,10157,52264,19447,13577
6077,277771,13122,174,2271,17185,24037,13629,31103,14768,4074,6192,3303,12941,3434,18014,24393,39841,4152,23017,8117,14004
6079,112328,5336,330,1286,6267,7291,3606,11622,2342,1949,2263,1792,6684,925,4751,11660,15840,1787,14050,4548,7999
6081,379188,2704,126,2615,15504,22839,13402,31744,16149,22967,15352,6457,49433,7387,23298,29133,50301,6831,36433,14604,11909
6083,176180,15619,761,1221,8240,11884,5488,16183,3663,4596,3259,3159,11206,2186,8982,18156,23165,3394,21851,6261,6906
6085,917677,8244,349,3632,40500,130276,35721,73260,16576,59400,24556,12762,129156,13971,57587,67242,108573,15055,74043,26535,20239
6087,116158,6418,73,626,6102,9142,4317,11905,2238,2433,2615,1842,7700,1534,5663,14745,15452,2871,11709,4324,4449
6089,61675,1288,89,458,2908,2842,1727,7863,1601,712,1555,796,2610,502,3458,6289,12861,1474,5537,2011,5094
6091,944,26,5,20,97,45,17,82,29,12,23,10,32,3,46,119,133,19,75,32,119
6093,15266,750,24,134,623,876,362,1892,381,188,243,175,423,115,638,1887,2513,325,1603,567,1547
6095,193181,2984,377,1576,12766,13518,6549,20686,7084,3335,6103,2631,9905,2591,11561,15830,34637,3956,17663,5819,13610
6097,218195,6107,160,1551,13924,21381,8318,23161,4765,4407,6378,3571,13264,2802,11672,18635,33280,5835,21418,8038,9528
6099,207059,13927,155,1756,12889,23082,8898,23145,10393,2105,3951,2568,7789,2205,10265,21668,29615,2630,17748,5406,6864
6101,38338,3160,82,243,2225,2325,1270,4528,1370,425,855,539,1414,360,1930,3857,5747,800,3151,980,3077
6103,23677,1730,18,183,1112,2027,646,2920,897,197,445,233,692,267,980,2488,3588,695,1967,704,1888
6105,3308,111,11,56,141,232,100,420,61,46,51,32,120,10,94,383,484,64,322,114,456
6107,163028,28273,192,797,6281,12998,5507,16063,5810,1166,2921,1466,3589,1135,9610,16273,22521,1954,12325,3677,10470
6109,24898,748,81,318,1459,1475,628,2932,656,322,458,377,960,169,1051,2364,3960,1411,2503,821,2205
6111,383572,20188,863,2304,17994,34982,16435,39454,8313,15022,15998,6780,24716,4650,23680,33837,49031,7440,35980,11385,14520
6113,83220,3661,73,547,3967,4188,2639,7536,2583,1113,1922,1216,4412,962,4040,12545,11267,1296,8108,2497,8648
6115,25172,1123,76,237,1813,1540,895,2978,773,354,617,330,1086,250,1398,2416,3752,580,2305,649,2000
8001,230998,1382,1959,1283,19512,18194,13754,25219,11354,5617,7953,4195,15640,3759,14746,15149,26653,3550,23315,6946,10818
8003,6944,427,44,49,356,170,252,789,163,77,247,106,191,86,173,992,1230,119,735,184,554
8005,313729,852,1682,1018,16151,13524,15138,33360,11700,11782,18946,6350,28996,6952,22769,24142,42938,5818,29662,9859,12090
8007,4301,31,63,50,336,150,91,635,60,62,119,176,156,18,131,300,470,165,647,103,538
8009,1285,53,9,13,57,11,59,145,27,12,43,5,21,1,17,204,314,10,68,26,190
8011,1471,117,9,28,50,39,40,161,20,11,56,14,21,3,122,190,267,14,109,30,170
8013,143579,613,589,356,5479,11484,5648,13141,2156,5901,4504,2481,19908,2233,7125,17357,16255,2985,14267,4312,6785
8014,33615,86,203,152,1602,2788,1672,3271,803,1437,1407,585,4228,753,1557,3064,3842,597,2953,883,1732
8015,7609,61,65,73,617,253,277,986,113,149,236,159,355,32,193,649,1038,420,1081,187,665
8017,623,30,34,2,22,29,33,69,12,20,18,3,20,5,10,91,108,9,36,9,63
8019,3909,10,78,20,234,161,144,415,121,99,119,63,323,52,188,272,385,247,556,111,311
8021,2247,111,33,12,133,68,92,276,50,32,74,33,52,17,56,316,331,20,164,38,339
8023,1056,76,6,23,57,18,52,126,13,10,21,40,25,4,35,112,117,14,105,18,184
8025,1005,26,7,19,37,52,40,152,19,12,19,13,30,3,106,93,162,7,66,20,122
8027,1034,8,1,7,83,48,38,146,23,31,29,16,55,10,36,119,132,29,74,40,109
8029,9693,342,449,75,662,608,268,1262,213,196,281,143,327,48,312,920,1639,112,942,228,666
8031,330352,917,2591,1372,17406,14490,14456,27814,10082,10910,18288,7812,33571,7980,24782,26232,44089,6331,35380,10960,14889
8033,495,11,20,12,30,25,17,68,20,6,8,0,10,2,13,54,53,20,46,9,71
8035,157930,287,1146,746,8348,7091,8381,16130,3946,8540,12389,3292,19840,4197,8807,7985,18413,3509,12515,4781,7587
8037,25393,86,72,142,1894,475,544,2492,515,369,423,1252,1293,175,1340,1375,2149,2469,6121,938,1269
8039,13071,143,87,73,1193,665,695,1691,449,424,614,218,1206,202,637,1002,1385,207,931,372,877
8041,262698,636,475,2651,15007,12719,7198,30184,5099,9004,13161,4898,24135,2239,20228,26024,35458,5062,29224,10667,8629
8043,16355,90,273,145,1109,882,435,2213,389,243,341,268,739,79,692,1284,2827,394,1558,468,1926
8045,29900,226,543,281,3366,654,830,3586,856,363,623,945,1448,202,1385,2918,3604,1172,4017,907,1974
8047,2288,9,10,15,138,116,89,153,50,65,55,21,188,18,68,162,175,234,437,53,232
8049,4742,40,71,101,447,148,95,476,103,59,98,181,179,25,169,277,389,591,875,111,307
8051,7465,69,33,72,632,193,154,844,150,122,153,210,315,23,180,837,655,775,1204,218,626
8053,390,8,6,3,33,10,11,41,13,15,12,15,8,3,12,35,41,5,51,13,55
8055,2138,34,15,35,106,90,51,268,33,45,47,36,53,7,55,247,444,22,206,104,240
8057,659,61,11,10,57,26,14,84,17,8,17,6,27,3,17,50,63,18,81,4,85
8059,295262,917,2332,1913,18435,18511,13582,30095,7532,8763,13574,5594,28986,5883,16519,24910,35207,6715,27615,9271,18908
8061,579,23,6,13,44,8,37,60,8,9,9,3,14,1,12,92,125,9,27,8,71
8063,3240,281,21,30,140,135,274,363,81,43,134,24,77,13,168,364,391,20,316,73,292
8065,4182,11,156,36,387,129,99,476,65,56,60,138,159,22,190,416,365,328,791,98,200
8067,24177,105,502,181,1822,675,694,2989,596,390,943,460,1120,131,838,2243,3461,782,3167,667,2411
8069,152395,1050,1244,719,10068,13756,5566,16074,3100,3409,4549,2700,12050,1567,8287,16663,20147,2915,16075,4362,8094
8071,5445,50,142,21,293,129,124,776,85,52,164,87,142,24,140,628,1034,61,641,363,489
8073,2105,57,10,34,122,57,69,302,42,31,74,32,65,8,77,185,332,15,258,51,284
8075,9261,301,142,101,489,382,494,1244,295,115,238,85,261,123,369,883,1287,77,939,292,1144
8077,60868,445,1840,380,4178,2733,2453,7799,2284,852,2108,1085,2621,307,3096,4933,10730,1073,6811,1744,3396
8079,352,7,2,4,26,9,4,52,7,5,10,8,10,2,25,24,24,5,60,7,61
8081,6589,72,516,385,484,129,279,842,213,79,121,135,171,41,184,548,767,152,699,212,560
8083,9520,96,230,165,616,376,221,1348,245,117,227,159,333,32,222,1046,1526,157,1065,271,1068
8085,15028,235,180,221,1178,1113,493,2028,503,226,333,329,578,131,575,1219,2258,466,1631,421,910
8087,14299,723,317,181,833,2925,618,1415,380,320,318,123,364,81,550,1145,1596,99,1102,290,919
8089,7565,227,27,71,337,621,259,868,127,134,218,70,209,22,352,936,1447,69,692,179,700
8091,1811,23,28,13,137,65,19,164,23,31,52,39,120,13,62,180,164,129,302,75,172
8093,6287,31,70,43,521,293,257,715,125,122,202,145,480,78,328,599,607,204,746,175,546
8095,1989,295,19,32,99,65,180,193,60,31,77,18,48,5,50,181,222,11,142,47,214
8097,9490,35,26,29,413,118,138,918,131,115,189,604,544,57,441,517,635,1311,2354,417,498
8099,5093,362,99,70,228,324,173,679,95,68,243,47,114,16,194,524,725,33,441,133,525
8101,62377,337,125,622,3831,4485,1783,7949,1511,853,1313,768,2347,375,4865,5827,11747,863,6323,1649,4804
8103,2637,25,309,61,197,85,44,242,77,26,71,20,69,6,84,283,350,101,206,59,322
8105,4746,645,14,71,201,125,243,508,95,60,137,59,121,24,102,521,707,76,438,128,471
8107,12352,76,148,131,897,193,350,1411,239,164,290,577,568,74,414,907,1276,1348,1895,623,771
8109,1923,355,14,17,114,94,108,221,47,13,36,17,36,5,53,242,174,18,160,46,153
8111,269,7,7,1,17,6,3,32,2,1,5,4,13,1,5,30,25,21,43,12,34
8113,3198,18,34,12,190,83,52,336,57,64,46,139,118,8,102,191,184,503,650,103,308
8115,950,65,5,12,25,55,57,110,34,11,33,19,29,14,36,128,61,5,79,25,147
8117,12107,44,107,55,727,209,259,1489,222,130,226,523,617,92,578,650,908,833,3419,346,673
8119,10471,26,342,102,591,445,279,1216,188,229,337,180,761,64,522,941,1117,618,1465,337,711
8121,2122,145,41,48,92,119,147,232,89,26,75,27,57,12,57,256,228,15,152,54,250
8123,145967,2756,4085,753,11448,15447,7089,16197,4791,2841,4660,2215,8295,2245,8485,12263,17085,1859,12273,3834,7346
8125,4051,690,106,24,163,118,261,433,86,41,158,34,118,21,75,423,542,30,315,77,336
9001,420004,552,82,1609,14937,25863,16151,47539,9983,14525,35034,7153,35100,11723,25895,40160,63063,10876,31018,18466,10275
9003,444334,879,95,1502,15499,41610,17016,44573,14781,9728,40428,5468,27846,8974,25463,41296,75686,7767,31305,15648,18770
9005,95776,393,122,431,5440,11217,3747,12171,2253,1914,4648,994,4724,1996,4211,10323,15654,1903,6428,3976,3231
9007,83145,308,12,589,3772,8716,3684,8826,1846,1766,5483,965,5210,1398,3575,8735,13815,1766,5796,3024,3859
9009,391609,913,133,2091,15864,39078,16487,44582,10706,7687,17322,5432,20532,6428,22636,39883,75990,7247,29499,15198,13901
9011,125568,759,69,1388,4593,15525,3703,14505,2899,1729,3728,1060,6177,1424,4178,12234,19683,10904,12050,4058,4902
9013,71835,300,30,270,3314,7753,2703,7426,2147,1304,5742,807,4261,1143,2908,9707,10303,1344,4726,2496,3151
9015,53552,670,81,268,2402,7528,2027,6311,1941,628,1781,392,1849,576,1992,6850,8628,1517,4396,1915,1800
10001,72314,430,36,323,4271,5566,1832,9421,3546,961,2670,668,2979,539,4012,6689,12254,2328,5940,1980,5869
10003,264938,1507,30,1556,12012,12991,8515,28533,10374,3523,28742,3328,19171,6238,16586,22156,45481,5402,21075,7558,10160
10005,86385,812,40,413,5705,9210,2370,12472,2476,802,2385,1518,3166,625,4661,7041,13456,1642,10568,2751,4272
11001,312463,126,35,655,7620,2337,3852,20268,5728,8877,8791,6329,54342,2587,24361,28874,32875,5771,32777,28475,37783
12001,101561,744,46,431,3921,3540,2329,10089,2038,1482,3176,1634,4836,688,5288,20297,20154,1590,10101,2704,6473
12003,9107,118,8,49,800,545,373,1180,569,114,216,84,309,68,404,746,1654,87,735,194,854
12005,71917,302,88,299,4575,3486,2498,10697,1830,1005,1715,1936,3873,309,5321,5324,9663,1287,11639,2100,3970
12007,9593,119,66,79,644,516,291,1114,436,82,257,111,341,62,457,1163,1495,95,883,210,1172
12009,224632,779,71,448,13054,20642,6433,28023,6100,2955,6156,3695,16084,3107,15805,17796,33214,5238,25485,7312,12235
12011,834495,2421,223,1550,38328,25638,45903,111838,32660,18154,37125,20476,56575,9671,75718,64926,114045,16798,91237,30399,40810
12013,4776,182,15,23,363,246,161,581,169,73,110,57,134,25,153,409,814,37,410,92,722
12015,55291,508,58,187,4639,1933,1732,8703,1328,717,1540,1211,2746,456,3736,3325,8742,1602,7125,2007,2996
12017,42702,444,56,618,3513,1436,1189,6355,1102,507,1132,721,1772,234,2715,3604,8012,1071,4679,1278,2264
12019,85586,352,50,604,5723,3611,3429,11007,3956,1505,5366,1481,5914,884,5664,7708,12077,1593,8329,2498,3835
12021,137379,3591,80,231,12140,3466,4273,19399,2337,1625,3940,3636,7038,958,10250,8939,17714,7264,19288,5958,5252
12023,25664,353,18,113,1720,2108,886,3356,938,212,613,293,987,149,1981,2033,4460,226,2573,565,2080
12027,11142,1180,34,34,1070,439,323,1480,269,92,268,162,362,58,688,817,1484,196,1131,254,801
12029,4618,189,7,37,262,447,139,666,153,26,101,49,137,24,200,476,539,57,382,108,619
12031,422351,890,135,1921,22513,18332,17651,50005,21009,7508,36104,7157,28166,4334,39518,27385,61165,7376,45764,12415,13003
12033,120523,339,285,1112,8075,4943,3807,16720,2844,1372,7673,2267,6533,920,8951,9228,17996,1689,16394,3651,5724
12035,36666,271,13,100,2316,2112,1136,5091,855,809,1196,704,1761,268,2612,3327,5299,910,4751,1172,1963
12037,3934,71,0,22,245,169,128,522,58,52,125,163,130,8,170,385,274,46,728,95,543
12039,17194,737,70,40,955,703,451,1858,340,247,344,194,547,83,1044,1913,2886,178,1347,430,2827
12041,6421,327,9,51,473,385,207,733,206,51,181,77,239,40,269,801,1009,88,519,162,594
12043,3440,416,4,32,292,114,127,452,81,33,72,52,125,36,215,283,302,116,320,96,272
12045,4866,76,5,50,387,204,101,710,84,70,120,125,223,28,251,484,511,51,613,92,681
12047,4359,367,2,21,213,468,102,657,159,18,82,38,113,23,228,357,513,66,353,92,487
12049,9083,1102,88,72,854,653,250,1104,176,78,231,133,253,70,497,758,1012,167,675,201,709
12051,13573,2552,17,36,1097,632,395,1497,333,125,250,180,436,129,856,1116,1353,238,1189,314,828
12053,60429,452,41,254,4344,3207,1804,9220,1517,674,2081,927,3184,841,3899,4555,10180,1292,6383,1987,3587
12055,31733,2317,42,116,2193,1281,1053,4731,764,258,767,505,1419,235,2387,1083,5527,831,3065,914,2245
12057,606168,6850,390,2545,31879,26168,27852,72053,17359,12745,43687,12058,50321,12355,53996,44220,80933,14442,59062,16690,20563
12059,6334,111,12,65,572,483,211,970,180,63,149,100,264,32,242,282,969,66,654,148,761
12061,54470,1516,27,226,4098,2591,1664,7500,1330,687,1588,978,3026,377,3435,3699,8719,2281,5576,2090,3062
12063,16807,230,67,137,981,699,442,2264,666,171,359,166,516,71,720,1482,3860,133,1716,332,1795
12065,5364,230,4,28,310,190,153,616,123,85,136,72,276,19,233,484,678,64,388,194,1081
12067,2681,256,15,12,139,207,82,360,122,28,62,18,89,15,114,231,332,21,224,45,309
12069,132449,1815,89,602,9758,5210,4423,16930,3454,2096,4224,2732,6659,1433,9689,9271,19137,7636,16841,3785,6665
12071,260560,2805,165,833,23617,6991,9136,38423,5800,3573,7008,6339,14897,3402,18993,17810,38816,8793,32446,8933,11780
12073,120022,822,65,169,4679,2161,2416,12530,1628,2720,3853,1823,8242,637,5605,15575,14846,1402,12498,4119,24232
12075,14063,593,24,102,1132,779,410,1888,382,132,361,210,545,93,685,1695,2036,201,1247,332,1216
12077,2525,106,6,16,222,140,96,277,61,28,45,27,83,11,90,229,350,25,184,37,492
12079,6411,208,4,70,216,886,189,771,183,53,139,65,196,15,270,747,851,60,566,149,773
12081,143780,2694,53,404,9639,8897,5084,20219,3003,2009,4956,3172,8452,2097,9719,10554,21802,4358,16061,4877,5730
12083,118268,1977,110,499,8335,7299,4189,17206,3319,1273,3227,2026,5149,703,7395,10317,20087,2849,12849,3332,6127
12085,59228,594,38,610,4395,2976,2177,7429,1363,758,1903,1046,4046,594,4580,3745,9491,1990,6055,2471,2967
12086,1073581,9103,441,2246,49016,39796,61873,141644,54672,20104,47272,26080,69350,9550,85530,78216,149071,16698,127483,40059,45377
12087,41270,338,15,630,2547,760,1258,5809,1267,524,1034,1296,1813,304,2367,2019,3377,1166,10787,1510,2449
12089,33870,357,11,330,2439,2499,1269,4084,1743,506,1458,632,1832,257,2077,2818,3898,689,4424,1122,1425
12091,76470,210,72,408,4452,2568,1743,11802,1511,896,2740,1840,6486,471,5071,5985,8694,1336,14178,2585,3422
12093,13291,908,26,116,1001,642,502,1850,382,163,325,167,622,82,787,1028,1816,261,1354,400,859
12095,609219,3183,113,1687,28478,20923,21495,72364,21283,12170,20862,16287,39682,11149,60008,36096,70823,44965,89352,18921,19378
12097,152084,700,52,693,7295,4377,5298,19677,5902,2080,3485,4346,5905,2132,14185,11132,15170,14126,26529,4153,4847
12099,571097,7749,129,2198,31491,18111,23859,72491,12824,10457,22299,13831,41552,9298,50902,37266,84580,16732,64447,23706,27175
12101,193754,1307,119,923,12644,8822,7373,27577,4765,3325,10162,3498,12939,3207,13517,16837,30208,3834,19002,5444,8251
12103,419978,1042,69,988,20400,26109,16012,51757,8529,7929,21955,9402,32716,11936,30300,29569,66107,9198,47117,12631,16212
12105,264614,4747,606,758,15766,16630,11407,34569,11811,2685,10049,4515,10156,4692,21266,21363,31497,13201,30022,6223,12651
12107,25569,738,59,243,1850,2220,837,3624,687,258,703,386,1039,176,1575,2261,3717,336,2693,693,1474
12109,95221,392,31,293,4882,3610,3862,11071,2478,1472,7788,1759,6941,856,6264,9572,12881,2207,11371,3340,4151
12111,111925,1553,53,953,7448,5405,3959,15482,2850,1294,2906,1816,5982,811,7751,9321,18740,2386,12064,4343,6808
12113,61972,313,183,580,4750,2659,1939,8676,1576,973,2640,1254,4228,430,4248,5446,8526,835,7766,1772,3178
12115,146685,944,68,338,10453,7123,4858,22109,2828,1930,5084,3346,9433,1708,10233,8748,24334,4269,17223,5487,6169
12117,213846,792,30,762,13213,8344,9010,26473,5512,5501,12021,4609,18901,3752,18421,16733,27746,6163,21512,6832,7519
12119,23388,366,19,218,2062,976,737,3512,640,305,625,470,976,176,1424,1308,3281,1334,2532,638,1789
12121,13996,569,19,114,783,1472,491,1988,450,132,326,137,416,93,743,1030,2163,113,1249,326,1382
12123,7136,291,21,27,349,1429,128,852,146,84,123,55,228,28,256,722,775,48,496,189,889
12125,5032,90,10,23,343,274,155,615,241,44,142,42,141,31,254,632,763,34,332,99,767
12127,208804,1755,59,743,14961,11607,7134,28708,4721,2999,6931,4375,11246,2151,15886,16363,31881,5318,25832,6844,9290
12129,12731,113,13,49,877,603,313,1409,216,209,315,166,759,48,489,1325,1217,146,1056,383,3025
12131,23018,85,45,195,1962,649,506,3618,386,209,572,710,1315,116,1495,1621,2193,423,4594,851,1473
12133,8750,153,21,43,914,463,248,1214,238,93,167,134,371,30,448,702,1249,128,1062,208,864
13001,7133,326,2,327,440,890,343,864,283,53,167,34,208,60,295,641,1007,24,590,145,434
13003,2928,96,2,15,145,653,132,331,129,21,62,16,53,19,151,321,343,18,177,58,186
13005,4165,236,3,93,154,641,153,515,240,65,144,19,105,13,151,364,605,23,316,101,224
13007,1265,99,1,1,40,151,60,151,41,21,34,22,89,9,56,128,171,6,74,24,87
13009,15719,80,179,105,597,1248,419,1998,524,178,503,123,430,136,915,2252,2723,103,1592,315,1299
13011,7403,132,10,39,454,1255,459,978,254,116,160,116,232,83,347,725,847,40,562,149,445
13013,35961,91,16,141,2452,3701,3119,5004,1355,657,1096,534,1842,537,2331,3425,3729,305,3091,1026,1509
13015,45363,104,100,327,2829,6940,2532,5806,2121,834,1376,615,2248,562,3161,3104,4553,552,4469,1168,1962
13017,6312,306,8,25,146,1133,214,751,309,71,163,52,137,31,529,562,854,26,489,124,382
13019,6894,201,7,31,267,1180,364,855,267,100,221,70,195,63,291,835,809,30,527,154,427
13021,58611,196,145,234,1666,4493,1723,7701,2166,804,3622,794,2289,1100,4019,5610,10637,432,6775,1351,2854
13023,3994,88,11,30,207,505,114,479,108,25,168,34,118,25,183,589,524,51,348,67,320
13025,6101,155,5,73,423,583,324,776,238,85,133,62,150,36,284,713,751,65,612,160,473
13027,5849,292,10,21,260,619,253,742,232,132,143,56,150,33,348,620,757,64,493,274,350
13029,14385,58,4,72,833,1710,637,1684,722,170,363,229,513,76,814,1494,1877,141,1678,466,844
13031,26162,290,9,149,1337,2793,878,3154,1000,303,551,332,853,141,1308,4404,3538,190,2589,632,1711
13033,8846,155,14,328,428,1130,350,910,240,70,209,60,756,54,608,969,1103,53,697,155,557
13035,8725,15,5,96,513,906,444,1190,681,91,268,110,270,97,633,796,833,61,736,233,747
13037,1726,134,3,6,61,189,100,222,83,12,51,14,37,6,91,189,225,10,104,32,157
13039,15741,64,2,84,648,1099,537,2329,668,198,442,269,635,90,1172,1503,1913,136,2404,478,1070
13043,4003,121,1,54,248,486,190,548,160,70,99,25,174,25,185,385,492,31,362,88,259
13045,48089,87,38,406,3329,6886,2582,5427,2034,1020,1195,562,1708,1109,3135,4738,5569,484,4398,1107,2275
13047,26887,190,14,133,1200,4050,1194,3359,1784,282,1215,280,1020,371,1353,2182,3791,282,2466,765,956
13049,3468,135,4,31,170,416,124,426,170,36,69,27,89,20,309,377,395,22,291,78,279
13051,117028,198,29,357,4233,8454,4392,14228,8101,1564,2604,1684,4454,905,9567,9446,17393,1749,17863,3715,6092
13053,1835,22,20,7,109,162,64,278,51,24,83,25,53,17,122,192,223,21,168,75,119
13055,9816,70,0,49,405,3358,404,1052,238,119,187,74,301,64,434,683,970,45,649,169,545
13057,107519,181,117,402,6522,7330,7888,13564,3255,3930,5145,1900,9390,2281,7665,8851,10733,1660,9854,3159,3692
13059,45756,188,25,128,1407,4575,2136,4956,1386,608,1064,771,1547,520,2950,9044,5502,437,5240,1061,2211
13061,1077,62,2,1,55,197,35,122,34,9,20,6,25,4,67,88,154,11,65,22,98
13063,114415,157,50,334,3482,5948,5727,13696,13205,2318,3286,1749,3957,1612,12754,8898,13467,1080,13496,2814,6385
13065,2714,164,1,22,103,547,105,296,84,63,33,12,63,5,124,295,350,16,209,37,185
13067,343766,254,137,1150,14199,18367,22559,36886,14343,14487,18789,6894,33404,10316,29717,26034,38933,4857,32408,9460,10572
13069,15582,463,4,86,930,2838,639,1880,769,147,327,119,337,92,1005,1355,2170,94,1322,312,693
13071,16870,1148,18,87,748,2672,810,2093,512,132,472,124,421,58,844,1789,2329,108,1243,492,770
13073,54681,183,111,712,3073,4153,1922,6123,1241,920,1583,585,4291,376,4725,6180,8826,854,4870,1608,2345
13075,6660,274,16,28,272,739,280,859,284,125,161,73,197,46,312,737,959,38,666,172,422
13077,61600,117,29,458,3146,6172,3592,7057,6727,1439,1851,750,2942,989,3830,5121,6432,704,5459,1764,3021
13079,5107,123,25,24,347,655,178,634,174,64,233,52,208,77,274,507,685,30,384,122,311
13081,7791,205,22,18,246,1219,367,995,270,61,196,77,171,37,380,875,1068,31,850,171,532
13083,5788,9,3,24,323,997,255,676,313,70,270,63,230,69,264,446,740,94,503,200,239
13085,10112,26,12,70,687,1002,696,1377,298,258,346,156,698,127,643,892,1054,147,788,271,564
13087,11180,562,68,55,440,1077,539,1457,348,124,315,82,317,66,597,1128,2002,46,849,279,829
13089,328348,288,91,884,8221,15855,15078,32936,17314,14581,15708,6520,27968,8527,30032,29366,41945,4785,32942,8724,16583
13091,6597,89,7,67,240,874,236,773,210,70,194,43,186,52,349,751,1179,32,520,129,596
13093,3573,111,13,28,113,773,145,447,175,25,84,20,62,25,188,311,379,15,261,71,327
13095,31131,356,7,48,1032,2928,1157,3878,1171,435,636,305,1151,229,2621,3796,5282,213,3102,848,1936
13097,60831,54,39,274,3099,5026,3884,6956,4526,1392,1885,1068,2926,1080,5003,5260,7101,932,5857,1424,3045
13099,4518,236,8,31,148,456,304,574,146,37,122,27,152,22,202,478,809,23,321,102,320
13101,1373,206,1,6,90,177,66,141,81,15,13,27,47,4,54,135,116,19,82,21,72
13103,24259,155,14,117,1570,3945,1231,2668,1625,265,536,327,1016,149,1333,1988,2709,193,2310,719,1389
13105,8631,92,141,38,335,2029,506,909,232,90,224,52,247,68,381,834,1029,67,676,170,511
13107,8125,154,20,112,312,1444,283,938,240,81,192,57,235,88,418,1004,1192,39,653,123,540
13109,3918,132,1,27,234,723,149,482,149,28,70,32,84,19,205,398,501,20,308,94,262
13111,7828,99,23,68,407,781,357,1102,220,104,233,94,334,83,331,756,1055,136,940,202,503
13113,50911,56,22,254,2123,3270,2946,5251,6279,1235,1711,769,3062,923,2884,5075,5298,560,4872,1582,2739
13115,39509,149,20,264,1476,7223,1722,4602,996,587,896,417,1294,307,2533,3912,6078,321,3818,980,1914
13117,102006,134,84,388,5148,6254,8444,11400,2687,5549,5621,1804,12186,2495,7499,8121,9564,1495,7847,2552,2734
13119,8887,109,10,32,426,1469,486,1131,439,148,202,89,300,97,470,946,1000,66,753,220,494
13121,441013,326,173,1121,11303,17258,25305,40954,23506,23466,25557,9712,49121,12374,43234,32033,47083,7031,43948,12161,15347
13123,9207,66,55,52,495,1490,413,1298,223,198,257,122,391,70,366,774,983,69,1125,255,505
13125,1129,45,55,7,75,124,36,109,44,7,26,10,44,24,58,140,151,4,63,17,90
13127,33127,68,19,93,1210,1969,942,4244,1559,482,734,443,1259,147,2307,2851,4746,1062,6017,1170,1805
13129,22090,106,31,76,918,6298,1279,2382,976,169,403,187,643,149,1459,1561,2350,117,1656,375,955
13131,9776,587,68,57,426,1268,401,1132,315,76,266,78,283,56,652,938,1376,51,687,276,783
13133,6737,207,15,43,550,711,261,842,232,77,208,72,234,46,439,600,829,85,731,192,363
13135,379961,418,154,942,16185,24172,27861,49107,12946,14205,18103,6833,30375,9532,32769,29520,43124,5144,36906,10393,11272
13137,17414,230,16,105,825,3911,678,1959,454,323,443,165,536,153,878,1655,2056,133,1680,344,870
13139,81401,399,51,252,4237,16845,5221,8824,3191,1382,2437,937,3439,1162,5589,5968,9517,837,6609,1774,2730
13141,2769,39,22,19,108,387,68,325,121,25,82,29,66,20,217,325,369,14,192,47,294
13143,10876,39,5,77,824,1707,549,1349,367,186,280,88,348,151,572,1136,1265,107,921,247,658
13145,12713,45,19,51,693,1202,486,1241,439,175,1210,185,577,221,741,1354,1604,180,1187,313,790
13147,9955,114,19,109,359,1916,498,1325,363,161,235,76,310,112,524,961,1077,106,848,211,631
13149,4379,39,5,53,339,777,210,454,178,75,92,38,125,65,291,384,409,29,300,110,406
13151,96550,104,65,720,3992,5209,5045,11219,10281,2247,3123,1426,4349,1410,7280,9985,11176,915,9124,2353,6527
13153,52911,312,66,204,1598,5766,1537,6628,1632,588,2593,611,3230,572,2701,5592,8753,514,6485,1252,2277
13155,3520,137,3,34,124,459,173,421,157,34,81,29,67,14,234,440,527,16,218,88,264
13157,25940,194,30,174,1472,3451,1970,3210,1089,335,609,499,909,256,1433,2883,3077,223,2049,669,1408
13159,4435,45,5,43,247,657,158,499,131,52,124,34,152,36,267,644,516,54,340,64,367
13161,5631,229,2,94,176,1074,258,690,235,46,135,32,150,165,296,594,572,28,431,98,326
13163,6012,189,112,85,233,924,151,654,208,50,103,63,175,114,386,602,884,30,452,129,468
13165,2687,45,4,51,110,437,77,350,75,27,58,21,118,10,197,200,394,23,210,57,223
13167,3304,56,66,25,187,413,103,418,140,36,90,39,121,56,218,260,563,13,194,71,235
13169,11461,78,137,69,642,875,395,1336,351,162,783,129,449,224,556,1250,2132,81,828,265,719
13171,7393,45,14,69,396,883,326,890,427,88,218,53,234,78,539,883,901,49,617,165,518
13173,3029,69,2,9,131,346,121,378,139,55,89,42,80,15,153,306,461,34,310,74,215
13175,19767,147,110,145,870,2020,605,2618,695,246,603,157,555,294,1422,1800,3823,123,1786,415,1333
13177,12054,244,5,33,678,1022,599,1373,368,162,411,143,621,100,704,1372,2166,87,794,356,816
13179,17769,95,6,120,637,1352,555,2529,1031,199,466,314,649,131,1230,1664,2329,141,2548,569,1204
13181,3448,93,5,22,262,383,118,430,109,44,89,39,139,27,220,366,417,47,288,92,258
13183,4204,91,3,24,277,351,131,507,194,50,113,70,175,32,243,543,456,19,434,118,373
13185,40959,554,48,121,1554,3618,1245,5291,2072,1302,926,599,1299,220,2417,4736,6452,676,4947,998,1884
13187,10634,27,13,54,605,1376,511,1300,316,146,275,103,480,124,484,1436,1328,143,1119,224,570
13189,9111,230,65,58,527,1164,289,960,315,133,200,75,417,70,1020,691,1271,73,718,300,535
13191,4086,36,1,30,178,381,174,568,202,57,90,45,147,48,262,351,431,76,607,126,276
13193,4048,221,18,12,164,783,104,430,135,37,101,26,109,23,196,343,589,26,345,78,308
13195,11477,70,22,42,668,1441,800,1336,339,125,230,163,384,116,615,1896,1382,73,835,263,677
13197,2432,79,22,11,161,376,87,250,67,41,113,22,66,19,139,236,313,12,190,84,144
13199,8301,79,5,38,579,1521,359,913,408,122,229,61,191,76,590,666,1002,69,743,212,438
13201,2327,98,4,17,74,149,183,330,102,12,79,24,68,17,105,246,406,7,171,55,180
13205,8610,373,64,54,273,1522,374,1050,303,71,188,70,328,45,592,813,1019,38,574,225,634
13207,11026,95,31,124,599,741,456,1293,530,157,598,178,442,210,680,1002,1735,79,931,274,871
13209,2914,113,1,92,107,271,129,329,115,27,90,16,78,22,225,383,452,11,189,42,222
13211,7498,122,5,59,517,992,415,983,194,114,201,85,296,60,494,586,822,60,857,202,434
13213,16738,41,40,46,579,5521,926,1848,656,131,269,121,578,201,836,1165,1439,92,1233,319,697
13215,69829,138,49,170,2417,5678,2049,8137,1681,1114,6813,1057,3078,1361,5248,5769,10528,712,8397,1972,3461
13217,44649,75,29,263,2732,5155,2206,5296,2214,1185,1388,571,1864,635,3343,4424,5350,387,4199,1023,2310
13219,15393,102,9,47,678,1044,715,1581,323,231,504,223,660,182,789,3439,2133,162,1239,491,841
13221,6731,104,29,33,381,777,362,770,190,93,178,78,237,57,341,1104,786,54,482,212,463
13223,71095,62,58,467,5164,5807,4870,8644,3657,1734,2413,1068,4131,1380,4670,6205,8040,858,6526,1880,3461
13225,9999,211,23,49,394,1397,288,1152,324,102,387,97,390,98,551,1067,1414,77,1112,252,614
13227,13264,26,86,71,949,1431,733,1710,359,310,477,227,738,156,727,1191,1537,156,1210,390,780
13229,7296,250,3,49,438,759,412,916,366,80,211,63,204,57,322,783,1006,59,625,207,486
13231,7452,32,6,61,503,803,375,840,530,95,227,74,269,102,478,855,851,58,565,185,543
13233,16636,38,11,118,1000,3915,658,1881,522,217,325,163,487,119,1124,1289,1793,130,1582,465,799
13235,3290,88,1,31,123,466,169,436,111,23,99,24,100,21,154,326,507,23,298,67,223
13237,7701,179,11,69,574,851,237,931,322,93,274,75,236,49,397,811,1028,69,813,170,512
13239,713,31,7,12,17,141,28,77,45,6,13,5,11,6,53,61,76,6,69,8,41
13241,6035,44,4,34,451,545,168,890,96,90,142,68,259,52,276,630,727,121,780,241,417
13243,2481,218,6,8,78,368,93,249,110,14,50,12,50,13,172,286,370,9,155,53,167
13245,77528,197,91,567,3052,5882,2121,9316,2226,1158,1607,742,4442,632,9061,7722,12747,1078,9127,2072,3688
13247,37193,41,22,168,2021,3200,1559,4420,2013,1081,1243,520,1779,581,3159,3542,4900,341,3708,899,1996
13249,1828,70,7,10,85,243,97,202,55,23,65,21,36,17,80,228,235,15,107,46,186
13251,5213,156,4,107,262,840,158,646,147,57,128,32,245,26,278,608,619,29,362,113,396
13253,3026,182,10,35,95,299,182,425,128,27,95,23,76,14,106,293,479,18,233,77,229
13255,26850,54,15,100,1437,3035,1401,3558,1785,445,656,322,1013,332,2493,2279,3079,233,2486,716,1411
13257,11201,98,13,54,502,2258,498,1395,296,174,266,103,320,165,562,1131,1489,115,936,266,560
13259,1248,73,4,5,45,183,49,146,69,19,22,11,30,5,108,140,152,5,61,24,97
13261,11226,331,38,63,368,1495,463,1344,392,121,255,100,357,116,561,1456,1740,52,942,233,799
13263,2486,31,26,7,170,357,83,271,91,39,118,32,87,29,176,216,366,17,169,51,150
13265,727,23,5,5,36,107,20,81,34,6,21,7,21,5,42,76,91,5,60,20,62
13267,7356,516,3,153,374,594,340,951,294,65,201,56,262,46,465,695,924,29,545,163,680
13269,2896,75,50,46,293,400,77,307,97,27,79,23,62,26,115,324,400,41,190,86,178
13271,3874,91,2,64,133,565,162,466,150,28,89,29,89,36,357,406,460,14,338,63,332
13273,3542,114,4,7,144,430,230,485,136,42,89,36,109,12,209,374,487,20,293,90,231
13275,18305,441,120,69,592,2075,840,1978,489,179,586,162,581,91,1664,1737,3218,136,1594,566,1187
13277,15368,456,16,84,545,1265,904,1980,731,208,370,147,391,102,1003,1619,2541,83,1795,365,763
13279,9591,448,6,373,438,935,432,1147,291,71,226,56,252,45,823,1034,1489,43,767,173,542
13281,3843,19,10,59,225,195,121,543,79,63,96,65,170,67,156,490,557,108,481,83,256
13283,2215,44,5,38,113,197,89,319,86,18,66,9,51,29,148,224,379,14,162,37,187
13285,30597,101,17,144,1398,6574,1022,3048,1469,437,892,240,876,288,3002,2754,3492,287,2435,737,1384
13287,3145,72,5,9,67,314,203,403,153,21,91,27,77,17,167,398,460,16,309,53,283
13289,3109,38,77,20,148,329,109,372,158,38,194,31,114,41,161,300,437,25,238,70,209
13291,7714,117,15,111,426,510,289,1068,251,103,228,91,291,235,278,842,1180,125,897,191,466
13293,11322,61,20,107,657,1741,349,1327,502,133,370,86,333,118,722,1254,1602,71,887,315,667
13295,25626,39,23,115,1173,4785,1077,3089,1391,341,946,265,937,280,1264,2007,3325,361,2295,801,1112
13297,38884,125,44,273,3053,4037,2536,5041,1284,796,1216,472,1902,507,2588,3935,4236,376,3431,999,2033
13299,13714,306,8,84,618,1592,572,1812,680,159,301,123,290,111,722,1183,2109,73,1405,528,1038
13301,2446,64,25,12,101,494,108,269,81,22,46,15,63,22,193,187,348,11,161,52,172
13303,7228,97,224,76,348,733,174,772,504,52,171,32,216,241,331,783,1174,35,534,164,567
13305,10230,175,7,92,722,1316,304,1307,509,101,213,95,261,80,462,978,1550,62,1040,260,696
13307,1115,50,6,6,60,172,41,118,62,12,30,6,25,7,71,121,143,5,71,14,95
13309,1867,114,3,43,69,172,67,232,108,21,42,11,36,11,167,215,229,12,121,35,159
13311,10326,78,13,47,633,1297,400,1296,361,166,254,103,378,93,468,1104,1374,128,1321,265,547
13313,44486,114,35,126,1390,14957,2467,4472,1983,325,771,352,1860,489,2522,2500,3999,294,3437,871,1522
13315,2457,75,2,17,92,333,88,287,150,24,68,29,47,14,119,340,328,13,148,44,239
13317,4459,87,17,28,235,594,168,547,183,85,124,37,118,29,314,417,683,27,348,102,316
13319,3557,34,226,13,185,261,115,420,169,37,175,20,111,28,211,376,553,12,206,82,323
13321,7630,285,1,35,403,872,490,976,287,63,218,74,279,56,430,728,1013,54,599,236,531
15001,48353,1714,7,579,3658,1088,1440,7114,2082,690,1091,1028,1442,411,3850,1123,5904,1554,9933,1817,1828
15003,375189,2352,187,4359,27419,10982,13589,43987,20458,7944,12689,7837,20115,7995,37528,10763,51348,7463,61107,17706,9361
15005,146,1,0,2,8,5,8,22,10,4,0,1,8,0,20,3,14,5,26,5,4
15007,31652,524,14,328,2114,580,791,4071,1579,309,527,839,905,247,2849,330,3205,1293,8866,1180,1101
15009,85336,1444,15,840,5517,1878,2270,11641,4633,1078,1212,2276,2529,604,8532,1584,6774,2870,24334,3598,1707
16001,201355,1462,352,858,10740,16659,9122,23109,5246,3670,8812,2598,12191,3176,16748,16128,31831,3106,17047,5745,12755
16003,1396,54,7,10,89,102,45,181,25,35,27,24,37,2,42,136,149,64,130,35,202
16005,35864,504,144,126,1695,2923,1284,4496,855,479,1627,322,1692,560,2084,4192,5831,604,3331,753,2362
16007,2201,35,96,16,117,217,87,311,35,37,48,9,48,12,67,257,386,32,187,48,156
16009,3287,152,21,17,133,532,52,400,176,34,72,27,60,22,85,219,493,203,183,81,325
16011,18801,935,27,79,1049,2355,1098,2082,634,157,490,157,1192,94,972,1794,2438,303,1263,469,1213
16013,8135,139,38,24,936,346,217,1019,203,107,172,193,556,32,441,701,511,224,1471,314,491
16015,2426,62,11,13,218,212,122,233,64,49,82,21,99,19,123,238,271,133,187,57,212
16017,15811,327,146,137,933,2306,337,2378,294,278,371,236,602,84,520,1122,2354,447,1507,537,895
16019,49743,1041,129,142,2741,3574,2403,6830,1513,706,1303,449,4961,207,4220,3940,7255,536,4283,1368,2142
16021,3932,304,22,15,213,439,77,596,84,37,65,28,149,11,122,292,647,38,337,107,349
16023,874,39,1,13,33,24,32,106,19,19,23,8,124,3,47,75,112,19,65,28,84
16025,356,43,2,5,33,13,25,27,11,6,3,5,9,1,18,42,27,5,27,13,41
16027,85903,2899,162,362,6748,9085,3868,10727,3080,1097,2682,884,3489,856,6494,6731,11854,938,7161,2290,4496
16029,2874,137,231,22,196,426,102,296,59,27,58,34,60,7,96,332,390,10,152,54,185
16031,9815,1419,57,112,483,1149,552,1157,570,101,221,53,212,26,453,699,1051,116,697,271,416
16033,334,36,0,4,15,40,12,46,4,8,6,2,10,2,10,49,12,5,15,6,52
16035,2666,156,25,15,119,290,99,289,59,29,53,20,64,10,52,212,502,51,200,49,372
16037,1247,58,44,31,60,22,32,161,24,29,26,17,100,9,53,141,112,39,134,32,123
16039,8508,547,10,40,451,804,281,1169,289,92,240,91,294,61,588,690,1059,79,872,259,592
16041,5421,227,48,66,360,1092,233,681,156,100,124,24,167,15,113,623,579,58,348,95,312
16043,4723,270,18,42,368,379,202,600,163,46,110,61,225,11,198,552,458,36,390,118,476
16045,6829,185,22,45,663,555,342,857,220,82,179,70,260,51,372,518,1150,70,494,206,488
16047,6154,1308,16,56,304,762,233,648,268,41,113,23,142,30,171,544,618,44,373,168,292
16049,5373,192,82,42,443,565,182,671,168,61,135,35,127,23,123,485,854,129,383,113,560
16051,11075,609,25,52,782,969,654,1486,394,137,251,96,882,65,620,1127,1387,102,607,255,575
16053,10398,1867,13,55,451,1431,421,1215,566,97,197,72,205,52,519,774,1001,63,702,241,456
16055,63845,734,439,391,4614,5997,1921,9004,1367,850,2853,760,2609,566,3768,4658,10432,1701,6369,1607,3205
16057,15477,408,40,19,550,1503,413,1877,235,188,264,166,557,55,391,4089,1829,161,1552,335,845
16059,2652,66,23,14,167,122,81,374,56,34,44,27,101,12,94,220,386,58,293,129,351
16061,1305,52,10,6,82,122,55,164,61,10,23,9,25,7,20,150,198,40,105,21,145
16063,2232,351,8,31,206,227,65,228,84,18,32,18,69,10,106,191,199,16,183,49,141
16065,13695,315,35,55,580,708,643,1685,421,136,295,236,976,43,921,2611,1628,198,1256,300,653
16067,9231,1272,28,79,409,1269,615,986,573,112,178,57,204,27,333,684,1033,63,622,233,454
16069,18796,289,89,98,851,3043,516,2239,487,294,809,166,490,146,518,1713,3291,554,1524,440,1239
16071,1778,50,152,6,101,248,44,232,57,23,60,10,33,4,44,187,254,14,127,29,103
16073,3824,533,14,55,285,412,170,410,135,40,72,32,104,23,207,298,385,30,297,73,249
16075,9905,483,36,74,513,1350,454,1302,355,118,260,104,382,47,444,838,1295,50,693,263,844
16077,3117,409,3,27,147,450,203,291,180,36,82,17,73,23,146,322,299,22,159,63,165
16079,4268,55,451,34,222,226,111,826,182,45,83,59,179,17,127,361,533,89,322,76,270
16081,5099,117,11,23,575,152,107,528,125,79,96,123,233,13,297,406,497,168,1125,174,250
16083,36548,2588,57,198,1617,4378,1545,4601,1466,444,959,290,1168,261,2523,2902,5269,337,3323,1053,1569
16085,3327,72,16,29,260,114,56,447,67,32,81,75,112,20,132,247,300,134,575,122,436
16087,3950,256,13,30,195,616,148,400,91,69,89,28,117,13,120,374,605,36,255,104,391
17001,34005,271,155,140,1437,4347,2116,4896,1073,510,1655,404,964,155,1429,2579,5807,476,2649,1153,1789
17003,2385,32,27,29,84,190,93,311,138,16,60,36,72,14,133,218,483,26,196,46,181
17005,7004,96,8,70,354,894,413,867,211,114,215,54,196,39,242,854,1044,86,582,189,476
17007,22685,120,13,106,1164,4557,1015,2684,1015,258,689,219,758,158,1483,1930,2669,330,1854,766,897
17009,2606,28,2,8,138,168,571,256,193,26,98,10,58,6,66,185,301,15,166,84,227
17011,16401,561,79,73,761,2402,893,2113,1012,204,505,105,492,108,597,1329,2440,189,1207,476,855
17013,2071,37,23,16,181,189,102,228,74,21,101,13,61,22,66,185,315,10,220,56,151
17015,6671,96,9,44,346,1115,358,874,217,82,248,42,184,54,285,680,912,38,481,247,359
17017,6586,167,9,42,277,1457,368,656,208,93,251,39,177,27,351,560,818,68,388,156,474
17019,79519,409,40,289,2637,6411,2815,8298,2344,1859,2740,1252,3512,388,3887,16624,11396,1273,7806,2088,3451
17021,15411,126,58,158,738,1741,825,1842,422,212,820,117,598,83,587,1421,2550,226,1192,504,1191
17023,6466,113,82,24,406,1314,243,630,246,80,209,40,207,51,243,578,789,38,551,160,462
17025,5755,117,115,27,204,1172,344,622,275,88,202,50,110,29,197,458,935,31,386,151,242
17027,17188,427,18,144,1296,1803,826,1934,701,222,643,253,862,204,545,1473,2943,198,1373,563,760
17029,20715,142,35,120,851,3243,726,2303,473,390,725,184,692,386,1229,2936,3109,173,1644,550,804
17031,2371888,1711,566,7349,65776,180902,109472,235695,108626,55665,130731,38039,203028,41843,192030,221632,338197,49550,216268,89105,85703
17033,8279,61,149,68,455,1767,330,900,247,90,258,75,342,49,319,748,1101,57,541,219,503
17035,4826,89,18,37,285,973,221,563,144,76,184,24,97,34,168,468,715,23,363,121,223
17037,44423,381,46,252,2222,5322,2439,5002,1638,629,1321,476,1703,438,2472,6787,5408,751,3581,1542,2013
17039,6374,87,5,120,450,575,318,938,232,72,248,59,235,34,321,724,711,74,533,238,400
17041,8737,84,15,38,465,2199,381,925,271,96,303,87,233,35,266,989,916,67,715,222,430
17043,483909,537,200,1739,18553,43380,32687,49695,20637,10795,27915,6937,47414,11962,34734,42390,58508,10554,36119,16909,12244
17045,6858,117,20,35,265,1581,268,741,223,87,405,38,185,44,209,587,945,60,492,162,394
17047,2887,59,53,20,117,696,180,333,118,23,86,20,71,9,95,243,364,13,161,86,140
17049,17345,133,43,135,972,2467,915,2065,848,416,519,132,480,105,643,1206,2812,247,1734,661,812
17051,8733,144,69,56,508,1057,487,990,391,109,284,63,257,50,358,743,1384,81,834,264,604
17053,6625,117,3,49,322,952,370,844,229,90,268,78,213,40,244,708,1135,60,445,177,281
17055,14943,73,396,117,579,2113,405,1886,569,238,514,104,372,137,566,1527,2398,140,1356,378,1075
17057,13998,163,10,125,642,1367,684,1778,409,180,525,114,503,155,538,1542,2640,150,1023,519,931
17059,2174,103,84,16,103,163,79,266,157,31,55,12,78,17,64,210,347,13,147,70,159
17061,5574,107,20,35,218,595,354,772,229,53,251,39,177,30,181,520,881,44,425,146,497
17063,26414,62,41,572,2032,2705,1309,2961,1595,411,887,350,1287,216,1319,2774,3307,438,2188,912,1048
17065,3445,72,129,22,152,462,148,402,152,42,108,35,99,19,75,351,603,10,228,139,197
17067,8080,282,19,63,444,1205,415,1028,280,80,285,57,241,34,305,842,1066,61,642,226,505
17069,1292,9,100,27,44,78,49,162,91,10,40,11,41,5,28,91,308,9,59,22,108
17071,2786,35,12,6,156,459,149,361,119,34,110,13,94,23,92,257,410,39,162,69,186
17073,22525,268,22,147,1503,3085,1192,2723,921,347,799,137,783,612,821,2142,2976,339,1609,683,1416
17075,12620,225,19,82,655,1401,848,1683,556,175,532,100,344,69,444,1294,2242,89,957,363,542
17077,19869,103,195,117,758,1639,465,2413,725,275,550,219,585,274,680,3333,3298,198,2114,531,1397
17079,4417,137,34,120,250,627,274,527,252,60,164,25,123,11,121,426,501,43,298,183,241
17081,16800,79,133,98,523,2566,650,2203,1366,159,521,116,516,66,850,1338,2765,101,1454,473,823
17083,9763,96,23,59,637,973,483,1206,462,125,361,91,468,128,353,1017,1656,114,856,289,366
17085,9513,110,14,109,571,1186,475,1200,390,119,465,89,325,104,361,764,1147,165,1112,392,415
17087,4539,33,75,75,233,393,129,582,190,39,177,38,166,24,153,434,836,53,367,131,411
17089,245673,596,172,830,11314,29722,16679,27552,9364,4271,11019,2813,16536,4666,20925,21461,27257,5305,20031,8005,7155
17091,49925,405,44,301,2192,5972,2686,5711,2733,577,1684,444,1985,360,3033,4744,8936,679,4150,1620,1669
17093,66225,119,68,489,3276,6210,4291,8171,2981,1192,2980,756,4394,1087,4246,6769,7935,1393,5125,2369,2374
17095,22115,277,14,121,778,2096,1046,3544,904,409,625,243,610,256,1063,2090,3599,282,2023,743,1392
17097,328803,490,86,951,11505,40803,21325,36855,9414,6332,16254,4356,27150,9385,24678,29546,37049,8550,25286,10472,8316
17099,52230,605,548,656,2793,6916,2406,6727,2687,670,1766,554,1748,381,2711,4638,6914,628,4452,1928,2502
17101,6616,60,196,56,313,1075,305,752,242,55,299,39,168,35,246,502,1190,63,454,158,408
17103,15680,123,31,111,655,2819,858,1771,617,205,483,166,530,123,818,1402,2461,191,1077,525,714
17105,15908,271,33,110,818,1758,826,2029,700,619,809,126,450,89,743,1367,2331,188,1312,479,850
17107,11099,153,50,73,499,1121,541,1297,452,140,491,108,439,79,439,1164,1660,124,944,405,920
17109,12170,164,18,39,458,1482,488,1592,332,139,353,151,361,58,350,2093,1596,137,1212,379,768
17111,160581,597,125,533,9425,20005,10964,18407,5622,2729,7196,1931,10693,3255,10024,15518,16678,3422,12137,5713,5607
17113,80396,440,35,354,2552,3677,2298,7516,2091,897,17190,885,3821,1395,4408,10012,8317,1136,7357,2520,3495
17115,45852,160,27,564,2294,7117,1678,4982,1682,549,1590,426,1751,247,2004,4249,7507,704,4499,1587,2235
17117,20848,206,87,165,1293,1919,1212,2817,895,291,930,196,730,209,861,1797,3099,245,1727,728,1441
17119,122329,411,130,722,6062,11068,5212,13552,6141,2170,5162,1530,6976,2482,6264,11595,18364,2238,12461,4574,5215
17121,16606,163,117,71,560,2650,558,2010,930,176,486,100,427,101,520,1395,3285,196,1469,437,955
17123,5573,51,19,24,258,1002,296,730,247,81,182,32,203,72,225,440,754,99,436,169,253
17125,4383,135,9,47,181,330,264,609,173,68,178,33,123,21,129,415,708,42,346,104,468
17127,6220,17,27,118,236,487,252,877,324,77,211,55,203,24,208,536,1047,317,619,177,408
17129,5744,42,38,59,296,223,238,598,167,61,323,49,301,40,236,608,917,76,417,228,827
17131,7187,66,8,43,477,1128,393,845,249,128,285,47,268,165,338,638,856,82,460,291,420
17133,17765,94,66,167,1211,1449,888,1813,697,415,934,208,1131,486,842,1668,2540,273,1455,614,814
17135,10948,154,82,128,524,1059,583,1489,405,181,487,100,351,62,432,1065,1676,124,960,332,754
17137,15677,141,11,103,670,1770,782,1792,531,160,739,114,568,84,571,1439,2682,181,1404,477,1458
17139,7364,52,3,33,417,1870,302,739,238,113,315,59,275,67,248,579,964,67,478,192,353
17141,23130,223,18,338,1096,4113,1121,2334,1009,298,767,360,690,141,1085,2577,2956,371,1715,710,1208
17143,82649,200,46,514,2944,8317,3121,9073,2594,1259,2821,931,5402,1945,6246,7090,14579,1978,7757,2840,2992
17145,8041,41,131,87,360,1272,258,900,354,71,259,42,189,52,282,772,1339,67,669,244,652
17147,7965,104,7,60,429,837,391,857,284,142,398,105,339,41,254,1222,1013,82,608,214,578
17149,6511,201,40,40,357,525,540,913,368,58,304,48,160,29,197,581,923,51,465,158,553
17151,1396,10,52,31,78,112,40,183,82,15,35,16,45,3,28,119,263,31,105,29,119
17153,2070,45,17,21,60,187,77,242,168,13,41,18,63,7,75,224,403,24,136,55,194
17155,2751,122,21,25,167,437,150,357,177,41,97,16,94,24,96,241,287,24,167,68,140
17157,13639,86,110,200,707,2354,548,1590,576,135,410,81,364,104,590,1062,2144,92,1004,455,1027
17159,7234,64,149,63,258,1063,442,870,455,82,213,37,161,19,247,752,1157,42,594,195,371
17161,66693,166,51,394,3415,9530,2806,8419,2329,932,2095,613,2857,2002,4440,5414,9069,837,6195,2502,2627
17163,114162,346,100,750,4607,7620,3985,13160,5331,2023,4453,1518,6990,2174,6847,10780,19485,2020,12850,4259,4864
17165,10111,81,454,99,452,714,309,1238,467,187,357,92,285,78,291,1065,2087,76,776,276,727
17167,93299,385,194,482,3125,3743,3174,10463,2163,1338,4805,870,4421,765,5187,8589,15364,1313,8204,3883,14831
17169,3137,66,12,15,154,383,344,297,130,20,114,21,80,14,99,329,462,19,193,77,308
17171,2498,32,2,53,132,277,182,303,85,20,124,15,60,12,85,242,301,27,235,57,254
17173,9939,105,23,127,522,1676,452,1134,349,119,513,87,406,61,318,923,1506,124,768,236,490
17175,2584,51,6,10,120,397,143,320,96,32,128,15,110,24,109,275,335,41,165,73,134
17177,21168,386,14,115,1127,3599,1000,2327,739,284,829,194,660,152,1234,1969,3202,301,1577,720,739
17179,61795,228,29,405,3143,7260,2707,6750,2296,816,2949,651,3162,1535,2988,5567,9523,1490,5577,2108,2611
17181,6889,100,68,93,281,458,217,825,265,72,216,66,207,60,187,719,1724,55,550,203,523
17183,33500,312,26,176,1197,5318,2210,4214,1430,442,1169,265,870,258,1826,3002,4797,259,2822,1018,1889
17185,5034,58,167,100,278,926,184,535,116,44,128,41,166,22,250,460,725,22,386,162,264
17187,7831,119,7,23,246,1513,335,917,328,77,251,60,194,61,302,896,1160,76,581,230,455
17189,6936,137,23,121,334,1059,487,823,306,64,280,49,236,46,212,575,1003,56,548,160,417
17191,6615,98,181,66,245,1296,339,858,301,74,225,35,178,20,209,663,799,41,457,181,349
17193,6076,102,387,71,261,721,307,726,295,55,168,51,184,30,197,625,818,46,446,196,390
17195,26591,199,39,195,1237,5305,1205,2991,996,291,737,177,814,167,1447,2402,4110,378,1914,758,1229
17197,343366,532,276,2704,17296,30252,20362,39226,17978,5954,15134,4365,23856,5107,23671,32892,44459,7324,27148,12440,12390
17199,27410,150,459,222,1223,2815,675,3399,905,415,1097,257,773,316,1052,2995,5302,243,2555,694,1863
17201,132482,362,42,702,4756,25298,5831,13414,5217,1942,3808,1243,4418,993,11335,11232,19760,2490,10899,4376,4364
17203,18443,142,6,90,1022,2411,843,1946,610,287,1143,161,938,344,747,1981,2741,291,1445,540,755
18001,15023,138,19,34,546,4147,652,1525,598,243,416,162,382,87,665,1146,2186,77,1045,453,502
18003,173367,374,126,434,7460,29687,8685,19176,6790,3008,7281,2131,5796,2016,10647,13376,27691,2029,16074,5413,5173
18005,38750,96,47,116,1288,11875,1433,3573,1195,375,971,298,1593,564,2374,2729,4715,291,3065,774,1378
18007,3969,112,6,16,198,763,186,397,159,49,142,36,116,20,165,574,436,42,243,107,202
18009,5390,55,8,12,245,1467,184,553,284,52,127,56,134,45,191,457,738,41,435,113,193
18011,31991,134,24,152,1527,3638,1617,3392,1754,616,1522,486,2156,593,1928,2904,4434,437,2417,971,1289
18013,6248,54,7,42,349,1028,204,759,191,53,115,59,230,69,316,550,874,86,770,149,343
18015,9996,188,41,50,567,2552,427,1036,349,93,229,88,278,49,410,1019,1175,53,729,243,420
18017,17558,198,31,34,714,5287,606,1662,480,150,360,101,323,105,823,1380,2616,73,1336,391,888
18019,59776,91,86,276,2613,9325,2235,7663,3810,701,2962,771,2524,655,3651,3454,8397,919,5664,1509,2470
18021,10642,56,69,70,442,2405,282,1249,399,109,273,83,224,66,374,1200,1286,54,946,357,698
18023,13382,161,16,33,557,3774,470,1285,745,158,268,138,278,58,812,1135,1438,70,1027,359,600
18025,4304,42,91,30,233,924,139,499,208,32,117,42,104,25,144,363,525,80,367,105,234
18027,13580,171,186,151,1398,2763,460,1566,614,139,289,121,442,76,469,1016,1618,84,1074,352,591
18029,24398,53,32,213,1607,3473,1167,2551,1309,283,872,254,926,539,1264,1682,3526,995,2071,633,948
18031,12704,163,29,71,583,3025,426,1222,615,133,310,98,291,310,948,881,1574,125,1054,310,536
18033,20882,102,42,54,820,7217,807,1796,837,227,465,160,471,187,903,1473,2242,202,1570,569,738
18035,44762,157,31,125,1764,5032,1346,5261,1360,410,1497,634,1796,411,3128,5946,7927,575,4450,1269,1643
18037,22560,402,135,137,1025,7120,1102,2654,852,266,486,126,594,356,671,1536,1907,185,1667,515,824
18039,96143,294,46,150,2651,37902,4700,8548,2351,764,1752,790,2186,1644,4496,6899,9608,528,6760,2333,1741
18041,10618,85,7,67,388,2383,325,1190,390,125,279,95,302,89,497,721,1857,106,953,285,474
18043,39806,51,30,173,2109,6019,1548,4462,2288,504,2034,536,1823,426,2161,2620,6238,692,3683,960,1449
18045,7591,152,25,22,317,1995,299,921,291,79,196,56,171,51,273,737,856,56,611,151,332
18047,11453,94,26,57,762,2077,469,1178,464,130,374,85,409,421,622,894,1596,127,937,309,422
18049,9080,132,9,58,400,2484,366,1103,244,125,219,72,167,103,322,781,1104,45,616,305,425
18051,15265,165,355,221,769,3367,446,1598,558,161,283,152,400,116,1150,1307,1949,121,1187,405,555
18053,27259,146,46,119,855,4903,730,3131,1551,307,703,284,607,288,1320,3056,4877,201,2466,698,971
18055,12228,159,311,182,656,1666,349,1449,431,141,348,127,618,93,450,1286,1792,71,1035,336,728
18057,157332,511,136,855,6054,14439,8227,16322,4606,3655,10857,2781,13552,3190,10458,13906,23122,2588,12402,4975,4696
18059,38509,153,35,180,2288,4748,1813,4112,1686,647,1627,549,2316,488,2574,3003,5564,489,3335,1092,1810
18061,18543,61,108,129,1024,3445,750,2062,930,213,743,170,653,151,740,1428,2816,504,1428,443,745
18063,80977,189,47,649,3854,8169,3938,9269,5826,1325,3309,1077,4381,1124,5714,6548,11914,1139,6665,2404,3436
18065,18078,140,20,64,843,3316,616,2088,640,211,443,172,550,153,1106,1676,2872,180,1544,515,929
18067,36810,249,25,99,1246,9765,1053,4129,932,405,1024,353,1199,244,2106,2853,4992,244,3634,976,1282
18069,17543,172,30,49,695,4545,705,1718,683,361,569,146,494,148,908,1189,2481,130,1361,585,574
18071,21028,506,21,140,789,6053,765,2206,885,155,482,175,518,163,1316,1470,2437,135,1543,428,841
18073,16099,573,34,167,1334,2532,618,2077,796,195,400,134,399,119,662,1422,2144,187,1288,444,574
18075,9434,275,16,32,388,2963,314,912,378,99,211,70,230,85,316,694,1232,71,630,202,316
18077,13800,52,4,278,512,3320,393,1403,503,138,329,113,408,133,571,1153,2098,166,1283,324,619
18079,12728,121,37,63,728,3421,428,1383,709,114,272,118,299,100,706,859,1543,77,949,255,546
18081,72445,123,76,389,3959,9411,3072,8610,3810,1062,2706,965,3433,807,4431,6328,10680,778,6764,2185,2856
18083,16361,261,524,249,615,2392,602,1834,513,173,376,157,379,151,591,1431,3312,103,1382,464,852
18085,37960,486,23,88,1271,14725,1429,3456,690,407,769,310,776,461,1624,3230,3495,244,2523,1135,818
18087,15263,141,2,50,615,6802,666,1455,366,110,275,96,280,91,393,961,1102,68,1085,371,334
18089,214023,412,105,1497,11941,27713,8613,24783,9114,2605,6055,2633,8934,2541,12827,18543,33761,5064,19994,8004,8884
18091,48084,208,25,373,2435,9966,1769,5485,1474,487,1158,499,1307,361,2542,3357,6179,1127,5172,1579,2581
18093,18543,100,231,89,1138,3334,514,2362,603,246,484,185,831,117,651,1840,2797,145,1592,514,770
18095,55192,267,55,131,2963,6806,2034,6511,2271,702,1842,700,2234,667,4020,4375,8748,1090,5263,1581,2932
18097,453148,579,158,1767,16836,39749,19436,51905,28106,7929,20657,7559,24822,6578,45215,30576,68036,6145,44622,14805,17668
18099,21079,230,6,67,814,7221,677,2000,426,222,428,130,459,176,809,2186,2155,149,1547,661,716
18101,4092,64,33,24,227,821,153,504,183,54,95,36,205,26,118,280,513,38,414,111,193
18103,15013,252,62,62,599,3958,480,1575,558,113,397,139,330,95,568,1215,1912,97,1258,496,847
18105,52903,100,160,271,1713,5141,1438,5346,1263,870,1341,820,2197,413,2095,12848,6994,490,5515,1773,2115
18107,16689,158,34,75,665,4324,592,1910,1128,202,345,145,354,110,775,1545,1785,167,1317,407,651
18109,33421,72,83,344,2489,4313,1781,4045,2391,456,1031,420,1309,294,1975,2786,4025,330,2742,942,1593
18111,6564,260,12,62,463,1120,334,757,355,70,201,53,176,31,293,529,700,104,550,168,326
18113,22430,175,23,90,813,9520,669,1901,505,291,446,154,491,161,872,1535,1887,127,1505,610,655
18115,3046,7,10,33,129,499,134,318,157,24,86,21,82,38,141,226,369,317,191,71,193
18117,9177,88,58,62,600,1825,249,884,312,96,182,68,210,76,295,714,1119,84,1670,193,392
18119,9405,53,45,75,550,2043,342,1086,432,171,255,84,287,61,362,983,1108,53,767,246,402
18121,6303,67,19,68,346,1278,204,787,214,74,147,88,180,51,276,540,759,48,544,156,457
18123,8448,71,64,79,446,2477,183,799,249,105,181,65,195,111,297,605,1009,89,712,205,506
18125,5371,56,158,221,277,1146,161,576,235,60,110,55,119,51,253,451,585,46,382,160,269
18127,78795,160,46,754,4633,13041,3220,8718,2825,1004,2148,838,3196,720,3791,8026,11262,1206,7023,3058,3126
18129,12315,72,79,133,904,2525,448,1240,553,138,259,99,465,194,573,1120,1561,145,933,355,519
18131,6054,185,24,47,296,1445,263,661,186,74,178,44,115,28,196,575,846,35,414,150,292
18133,15712,83,65,110,825,2868,531,1715,1063,196,411,153,393,98,900,1692,2030,114,1244,424,797
18135,10912,215,7,58,632,2592,433,1131,351,104,280,87,290,78,499,1000,1470,146,795,294,450
18137,13314,107,42,120,734,2415,406,1254,719,159,419,104,404,566,813,1083,1881,223,1060,346,459
18139,7746,83,14,50,348,1580,341,896,436,72,177,57,250,104,468,555,989,91,686,220,329
18141,124384,221,22,283,4544,22119,6160,13042,3613,1730,3075,1581,4580,2126,6617,17353,17657,1168,10660,3651,4182
18143,9840,51,19,80,366,2474,260,1212,425,71,284,101,278,47,491,808,1243,73,888,247,422
18145,22652,171,30,116,1251,4627,981,2382,997,259,567,256,802,215,1545,1508,3042,554,1947,646,756
18147,9366,119,61,167,598,2335,401,906,380,121,246,81,254,87,384,718,1075,206,566,218,443
18149,10423,152,7,88,540,2582,427,1192,318,116,229,76,248,64,508,934,1298,95,807,308,434
18151,16208,122,13,91,564,5123,536,1657,723,150,282,148,326,98,751,1388,1670,75,1441,439,611
18153,7133,68,276,174,245,943,209,926,258,79,149,63,186,43,256,561,1086,67,659,186,699
18155,4346,13,17,37,191,756,228,424,159,48,108,31,120,63,212,311,431,535,308,117,237
18157,74818,407,71,167,2734,12941,1984,7488,2078,872,1885,1006,2624,418,4651,14315,9420,561,7184,1939,2073
18159,6574,247,10,9,340,1582,245,764,157,75,174,49,210,76,298,507,823,41,523,152,292
18161,3419,30,1,30,137,507,151,463,120,32,99,32,98,41,192,475,499,26,296,87,103
18163,86032,192,302,689,4709,12165,3467,10287,2767,1226,1903,1104,3158,2121,5880,6655,13721,1516,8522,3186,2462
18165,6090,58,19,72,338,1158,236,723,233,70,160,53,138,64,271,572,818,48,496,178,385
18167,42615,127,145,228,1778,6525,1166,5197,1489,443,1213,521,1160,387,2447,4820,6385,367,4622,1249,2346
18169,14232,360,20,48,604,3608,507,1409,332,173,361,108,292,172,547,1452,2057,189,1096,370,527
18171,3917,109,11,19,188,967,203,361,110,49,114,27,90,23,162,481,435,18,253,93,204
18173,29384,106,185,357,1885,4336,1224,3336,916,440,838,276,1312,640,1583,2478,5013,469,2170,974,846
18175,11927,103,29,64,751,2672,431,1560,468,139,309,113,305,67,490,1107,1514,106,972,320,407
18177,28630,169,17,165,1014,5468,1021,3431,856,252,899,213,707,279,1869,2559,4887,209,2612,837,1166
18179,13173,146,18,35,531,3073,616,1237,780,210,405,210,420,142,588,977,1884,102,925,393,481
18181,11776,317,75,87,572,3007,465,1216,458,122,255,115,299,31,490,1203,1316,112,880,243,513
18183,16128,132,11,62,746,4556,791,1603,577,208,458,137,440,159,672,1123,2117,115,1131,581,509
19001,3579,93,15,25,195,552,164,415,113,30,205,23,98,45,113,335,547,37,236,144,194
19003,1777,47,6,17,47,297,92,188,63,23,65,11,52,12,52,190,335,22,105,40,113
19005,7039,224,57,77,299,1191,452,934,225,50,227,35,150,58,155,692,1151,81,411,198,372
19007,5914,49,17,72,234,1116,206,833,265,83,182,99,152,31,203,619,882,57,432,134,248
19009,2933,207,3,12,161,294,218,377,133,43,124,26,82,47,78,202,532,24,142,84,144
19011,14044,191,40,163,883,2574,704,1702,659,223,739,148,412,126,498,1238,1813,134,758,338,701
19013,60938,239,55,307,2227,10844,2074,7435,2302,642,2374,685,2101,706,3328,6670,8687,458,5342,2234,2228
19015,13418,231,19,59,794,1133,651,1539,467,271,657,137,487,291,480,1848,2137,190,875,340,812
19017,12489,138,11,75,540,2193,587,1439,345,121,716,97,348,129,314,1647,2101,75,696,326,591
19019,9997,199,18,56,566,1914,488,1189,339,142,427,83,268,90,337,903,1585,93,566,281,453
19021,9372,439,3,43,312,2660,384,946,238,77,239,48,221,33,346,1099,1125,58,615,168,318
19023,7019,112,11,48,353,1219,378,775,213,77,315,36,197,78,219,837,1179,33,407,186,346
19025,4220,119,9,13,176,408,361,485,175,64,153,22,89,25,83,495,905,29,194,95,320
19027,11127,304,13,72,546,1341,988,1472,385,111,709,69,282,94,307,863,1964,89,773,274,471
19029,6167,169,15,52,427,813,341,729,243,113,251,80,149,46,168,550,1033,51,395,247,295
19031,9789,121,24,53,580,1289,475,1120,449,134,344,73,381,84,370,1423,1442,123,567,230,507
19033,21346,188,46,99,981,3100,1038,2567,640,349,753,167,608,231,1032,1580,4294,226,1821,715,911
19035,5967,198,9,39,370,780,312,770,341,56,217,22,160,77,131,593,1029,40,376,121,326
19037,6262,200,19,13,348,1391,450,712,199,54,220,31,118,104,134,609,849,45,339,157,270
19039,4698,134,6,53,236,853,167,636,256,38,231,35,98,41,149,343,634,41,441,120,186
19041,8366,289,9,122,396,1066,473,1110,325,162,223,69,155,129,309,765,1458,114,628,216,348
19043,8423,182,45,44,494,1607,494,1095,280,93,333,45,166,106,203,850,1175,111,497,204,399
19045,24013,155,49,134,1289,4428,877,2844,994,368,786,154,620,244,1517,2407,3476,247,1918,632,874
19047,8507,148,8,46,410,2365,420,932,287,89,293,35,182,48,207,862,1020,69,553,155,378
19049,42396,489,36,136,1822,2307,1998,4464,1094,969,7354,555,3025,936,1927,3440,5863,765,2484,1167,1565
19051,3337,73,8,47,144,534,147,467,132,35,107,30,92,21,82,402,493,28,201,91,203
19053,3267,94,8,24,173,377,143,482,134,36,102,22,92,32,107,362,518,27,263,81,190
19055,8692,99,39,40,527,1757,568,1028,362,90,427,48,246,46,249,715,1274,90,529,257,301
19057,20066,71,41,106,1220,4040,618,2555,816,207,564,185,482,120,870,1766,3013,445,1631,593,723
19059,8583,132,24,55,432,1525,371,1054,252,83,301,69,248,61,390,783,1178,200,856,191,378
19061,52846,264,90,142,2266,7188,2574,6391,2122,828,3298,468,2213,835,2302,5357,7491,1203,4252,1703,1859
19063,4855,177,4,12,240,1009,206,509,170,73,171,20,116,62,139,480,777,42,364,103,181
19065,9659,269,36,53,495,1390,625,1182,339,96,371,40,224,87,266,1162,1662,61,624,276,401
19067,7294,159,7,29,283,1540,351,802,224,109,310,31,170,87,220,590,1224,64,438,289,367
19069,4550,174,16,24,296,788,238,489,120,94,158,22,118,175,126,386,678,45,273,124,206
19071,3243,70,3,55,141,396,148,450,128,38,124,27,90,44,92,382,577,24,170,73,211
19073,4176,100,8,32,202,597,313,522,131,60,183,25,125,32,123,389,648,123,270,112,181
19075,5729,150,5,44,346,702,336,683,226,65,259,46,142,46,197,759,867,54,297,189,316
19077,4399,207,9,17,247,402,264,523,130,51,325,29,154,32,143,498,639,75,285,106,263
19079,7112,377,19,19,403,983,601,778,196,104,241,36,159,62,241,753,1027,30,430,148,505
19081,5599,151,7,55,172,1407,310,585,255,78,181,35,120,44,101,407,956,32,290,215,198
19083,8531,352,37,45,594,906,560,1125,262,125,338,66,250,150,234,956,1170,77,500,226,558
19085,7042,95,14,74,442,775,374,817,320,132,370,80,281,127,234,672,1144,59,496,181,355
19087,9503,88,14,62,491,1989,326,1058,531,100,274,70,206,88,362,1042,1267,76,663,273,523
19089,4677,202,18,31,242,1044,251,537,121,61,188,21,107,36,133,383,687,34,239,105,237
19091,4683,97,10,73,237,1012,260,519,198,67,157,25,131,39,96,421,659,27,296,112,247
19093,3898,96,6,27,213,817,253,443,136,17,241,25,83,18,95,405,529,33,180,83,198
19095,9297,168,9,43,476,1784,382,1290,338,76,325,72,242,71,297,1147,1286,85,590,235,381
19097,9880,155,27,41,567,1784,554,1216,427,142,503,56,283,95,280,981,1328,140,707,248,346
19099,17895,175,17,76,1067,2965,844,1989,561,278,1135,135,557,245,663,1655,2472,212,1360,531,958
19101,6717,81,10,28,264,952,304,819,206,106,551,65,305,99,250,844,843,53,445,274,218
19103,68793,206,72,176,2399,5757,1476,6887,2114,812,2596,672,2293,476,3349,14655,14327,512,6104,1584,2326
19105,9922,144,45,75,751,1477,542,1147,409,180,474,93,278,66,348,1080,1332,108,644,260,469
19107,4542,120,20,21,291,782,308,585,195,36,207,28,95,68,122,443,588,29,256,101,247
19109,6902,215,6,65,335,1296,401,877,210,106,401,45,182,47,192,416,1039,99,447,188,335
19111,16295,114,15,96,1103,3322,485,2174,647,116,436,127,349,75,815,1304,2400,102,1203,465,947
19113,113368,269,123,1076,5681,17926,4061,11592,5379,3083,7850,1513,4274,1131,6804,10595,14584,1616,8459,3552,3800
19115,5376,47,16,51,308,1414,250,514,249,36,137,33,120,60,292,543,657,35,288,131,195
19117,4083,41,8,38,173,454,220,781,356,55,167,17,111,46,123,353,573,27,207,123,210
19119,5596,412,10,38,318,824,360,647,172,134,205,23,182,29,83,611,723,28,449,133,215
19121,7747,132,41,37,643,598,352,1037,218,124,806,83,357,149,290,622,1092,80,460,249,377
19123,11257,173,9,53,539,2816,460,1300,368,135,356,71,271,86,309,1199,1617,78,726,297,394
19125,17157,120,45,46,784,4300,541,1738,436,186,723,119,549,173,495,1886,2460,262,1179,392,723
19127,20354,388,21,110,971,5017,663,2472,553,229,558,138,496,197,844,1729,2879,158,1495,622,814
19129,7388,71,8,97,414,519,317,837,340,122,429,80,303,131,273,681,1598,62,566,197,343
19131,4907,115,44,32,253,1060,303,544,128,52,166,21,106,40,78,435,849,85,248,109,239
19133,4438,76,1,38,334,457,274,663,141,43,195,30,96,51,158,479,619,112,299,107,265
19135,3902,71,7,39,202,886,154,491,162,52,117,32,93,24,111,334,559,25,280,87,176
19137,4732,223,12,23,239,659,236,599,129,181,170,35,112,40,132,394,790,56,331,145,226
19139,21253,150,30,360,1170,5061,678,2084,883,145,501,206,817,560,1585,2057,2283,121,1284,610,668
19141,7404,323,3,42,359,1228,551,797,286,81,257,42,186,31,177,768,1305,48,425,207,288
19143,3321,316,5,16,143,590,246,338,158,36,125,12,71,12,63,276,462,21,181,86,164
19145,6583,105,11,26,256,1187,303,820,187,90,209,38,133,117,217,512,1360,42,404,151,415
19147,4322,160,5,27,167,576,235,518,134,62,131,9,78,46,77,519,793,26,418,105,236
19149,14491,312,24,86,749,2632,753,1649,883,136,505,106,304,346,458,1273,2057,127,1071,447,573
19151,3041,112,15,16,100,433,258,382,201,42,112,10,72,14,49,339,422,26,184,50,204
19153,241262,783,122,586,12234,16332,11865,26980,7191,4884,30971,3328,13559,5378,14241,18369,32142,4289,20304,7331,10373
19155,47485,351,33,414,2953,4413,2149,6206,2397,859,2650,592,1892,1018,2291,3761,7035,590,4906,1244,1731
19157,9398,223,11,58,528,1640,452,1090,265,81,520,57,224,50,316,1482,1138,75,624,185,379
19159,2140,88,3,20,104,217,104,238,48,12,65,18,63,16,52,268,460,23,142,69,130
19161,5101,121,47,20,212,731,418,627,228,62,243,30,94,27,114,528,779,49,344,131,296
19163,80350,207,54,442,4157,9425,3835,10376,2976,868,2752,758,3353,3078,4967,7044,11663,1092,7532,2911,2860
19165,5734,103,1,67,315,532,393,681,458,196,268,35,188,129,123,492,971,72,335,131,244
19167,18207,1065,52,50,1069,3431,1104,1858,583,166,604,152,505,147,520,2124,2644,126,1074,387,546
19169,38443,552,67,108,1834,3406,1321,4080,827,560,1594,391,1730,542,1579,7976,4914,470,3157,949,2386
19171,9089,248,10,51,542,1574,421,974,288,77,313,63,216,63,299,871,1178,63,940,243,655
19173,2795,88,4,15,100,573,117,347,112,20,78,19,55,12,59,295,448,9,136,73,235
19175,5848,128,8,61,225,1155,251,776,190,63,178,32,133,47,299,587,904,60,367,140,244
19177,2693,55,12,14,124,584,150,304,114,26,138,20,76,19,81,266,362,15,133,58,142
19179,17282,149,29,96,751,3937,516,2216,654,192,518,127,364,151,771,1729,2414,173,1378,470,647
19181,25995,125,23,97,1680,1724,1162,3059,896,488,3196,331,1214,543,1150,2470,3396,445,1833,743,1420
19183,11466,229,18,33,898,1326,495,1526,430,107,372,68,296,83,360,1535,1984,59,906,266,475
19185,2655,36,15,23,99,468,145,395,116,38,78,18,64,41,62,292,347,18,159,66,175
19187,16539,205,60,61,963,2287,935,2009,711,325,496,106,435,136,553,1572,2662,133,1448,508,934
19189,5284,169,9,19,204,1290,238,599,191,77,207,25,125,36,93,468,692,96,295,245,206
19191,9930,280,178,59,479,1546,562,1158,244,104,374,39,320,67,224,1438,1425,101,664,257,411
19193,51913,326,27,251,3106,8583,2297,6158,2041,614,2119,467,1141,797,3217,4246,6865,809,4876,1784,2189
19195,3853,53,16,18,186,739,189,446,145,69,112,19,85,33,108,289,565,165,285,136,195
19197,5596,329,19,27,223,1009,389,612,181,113,156,29,151,44,104,549,841,33,329,148,310
20001,6552,26,146,37,222,1399,231,726,162,111,198,47,158,43,152,895,915,36,439,141,468
20003,3559,40,48,66,183,408,141,459,137,47,112,22,96,23,76,460,567,18,244,76,336
20005,7441,34,27,45,411,1174,241,740,172,85,237,71,261,81,337,994,1096,81,623,182,549
20007,2291,64,152,10,110,198,96,263,66,39,74,8,72,11,44,316,368,25,152,44,179
20009,12794,313,457,124,706,1221,558,1644,327,179,618,110,374,102,393,1434,2068,174,1041,296,655
20011,6754,35,52,48,291,1228,280,701,150,57,235,48,218,36,298,959,1113,49,457,127,372
20013,4735,75,11,30,197,656,162,550,160,83,124,40,119,18,180,521,758,287,322,93,349
20015,29827,163,178,117,1764,5077,1009,2975,770,367,815,328,1206,395,1451,3807,4118,516,2337,711,1723
20017,1268,17,22,10,49,237,40,124,50,11,27,13,31,5,34,173,142,22,87,24,150
20019,1449,22,73,43,52,184,25,150,32,22,43,10,34,11,34,211,211,10,89,18,175
20021,9286,70,47,76,467,1666,299,878,318,96,220,71,219,111,321,1213,1633,128,780,190,483
20023,1066,83,10,28,37,37,123,127,19,20,33,5,26,2,21,118,168,9,79,28,93
20025,757,63,4,3,17,58,37,89,26,9,28,7,20,4,18,111,145,4,39,7,68
20027,3725,132,8,18,201,395,172,440,130,75,154,37,107,20,99,498,623,27,238,111,240
20029,4249,63,21,13,151,466,245,492,114,99,144,27,116,13,128,543,727,48,396,131,312
20031,4501,58,57,517,200,293,138,538,165,77,137,27,111,27,166,455,660,65,269,100,441
20033,792,23,18,10,16,77,29,94,18,14,37,1,13,4,5,111,166,3,48,16,89
20035,14309,61,111,47,562,3314,445,1324,295,145,422,84,398,95,583,1474,2278,414,1132,237,888
20037,16722,116,134,88,630,2611,527,1586,563,280,393,153,361,300,656,2471,2749,172,1532,317,1083
20039,1357,86,21,7,59,47,109,147,48,12,47,6,54,10,19,127,235,3,91,38,191
20041,8534,131,35,62,414,1202,411,1005,312,111,284,91,306,65,269,1214,1153,99,629,213,528
20043,3433,45,15,29,189,553,169,314,122,47,124,28,121,26,170,379,455,84,211,75,277
20045,54473,127,95,217,2148,3742,1725,5483,1583,1052,1735,724,4414,594,2473,9478,7386,584,5598,2286,3029
20047,1427,140,20,13,63,131,80,135,59,10,36,1,33,3,40,212,234,16,67,19,115
20049,1001,20,32,10,48,100,35,94,34,22,38,7,25,3,29,187,111,2,80,16,108
20051,13164,110,391,77,584,863,659,1605,280,401,462,155,373,272,273,1743,2381,177,1258,346,754
20053,2558,22,49,26,93,306,121,278,59,51,110,26,84,8,59,268,467,25,156,55,295
20055,18531,856,308,300,810,3349,944,2293,538,194,501,110,309,82,431,2125,1933,260,1682,361,1145
20057,15795,538,86,94,524,5010,653,1440,387,218,301,78,266,58,526,1670,1403,337,1156,271,779
20059,13070,181,83,147,726,1262,545,1584,993,165,408,118,519,163,641,1483,1898,127,977,289,761
20061,11126,82,48,45,365,655,601,1288,685,138,314,199,398,109,948,1567,1236,103,1311,353,681
20063,1213,59,14,10,39,72,84,125,42,20,46,4,22,4,15,137,245,4,88,64,119
20065,1223,41,45,11,55,56,67,112,38,33,48,12,31,8,24,142,230,5,61,31,173
20067,3383,354,247,109,199,177,226,277,93,89,100,32,79,3,33,371,378,50,272,114,180
20069,2128,272,9,30,95,135,174,217,72,30,82,6,73,17,56,328,238,27,74,43,150
20071,588,79,5,2,13,7,43,62,15,8,28,3,19,1,6,59,104,8,7,13,106
20073,2946,67,93,28,185,377,117,313,80,38,98,20,87,24,89,340,418,33,203,61,275
20075,930,260,12,9,12,18,89,86,21,2,64,4,16,0,16,95,88,7,43,20,68
20077,2639,42,53,24,185,456,116,281,89,25,77,11,43,17,75,292,390,13,208,44,198
20079,15836,81,38,55,804,3476,463,1519,301,171,461,137,480,163,609,1753,2845,152,1228,354,746
20081,1262,262,43,10,60,47,103,104,46,9,29,0,22,6,16,151,166,16,59,30,83
20083,842,89,6,5,42,41,58,74,32,6,27,6,16,2,15,128,135,6,25,17,112
20085,6725,38,26,43,431,661,234,687,163,88,252,46,208,70,245,717,1059,125,721,174,737
20087,9474,51,63,88,702,930,354,912,328,162,354,102,464,120,360,1234,1453,106,544,275,872
20089,1262,42,3,31,28,76,81,123,38,22,58,6,33,3,28,162,205,12,90,36,185
20091,301022,354,244,1371,11205,16153,15841,29751,10783,7143,23099,4532,34931,10904,18766,27829,41725,5905,22447,8006,10033
20093,1580,260,35,23,49,93,72,159,52,22,44,8,19,6,23,177,244,12,94,16,172
20095,3712,52,66,17,328,622,136,420,95,38,156,19,108,28,67,457,535,38,251,54,225
20097,1234,27,20,2,56,34,68,121,58,25,41,9,20,3,20,266,197,14,71,42,140
20099,9297,56,30,47,186,1849,270,938,422,92,217,46,161,138,176,1063,2330,40,537,193,506
20101,769,101,15,38,7,11,101,59,11,19,32,2,12,2,14,103,103,12,25,21,81
20103,32364,77,35,235,1877,2524,1294,3835,1444,497,1393,400,2036,407,1804,3520,4905,429,2707,885,2060
20105,1395,45,2,9,65,129,87,151,29,16,53,4,48,6,43,218,226,9,65,38,152
20107,3615,34,55,84,274,323,155,448,123,50,129,43,92,21,115,554,437,26,187,96,369
20109,1356,70,16,10,39,45,130,193,25,24,51,3,30,5,14,101,171,13,121,60,235
20111,16797,124,83,209,671,2952,628,1874,536,327,376,186,445,62,946,2224,2286,233,1467,330,838
20113,13970,86,87,135,722,3037,444,1253,283,163,380,122,391,201,475,1728,2301,167,883,343,769
20115,5794,110,30,32,277,1012,233,563,106,56,168,44,152,37,161,939,879,37,337,139,482
20117,4868,82,10,100,212,986,228,550,128,93,205,36,171,13,151,491,587,62,299,113,351
20119,1618,126,26,22,85,68,92,164,77,23,51,5,40,2,27,275,281,5,85,28,136
20121,17298,79,67,177,1245,1412,779,1815,768,308,945,231,1034,365,884,1803,2646,187,1075,448,1030
20123,2963,52,6,25,128,283,226,335,82,59,110,12,72,15,65,413,539,35,199,76,231
20125,13182,130,133,76,534,2533,470,1373,318,136,321,87,331,68,553,1556,2429,150,932,224,828
20127,2408,64,14,15,144,263,104,257,57,58,103,29,98,12,73,301,335,27,202,42,210
20129,1135,88,40,19,45,44,80,144,20,28,36,4,10,8,15,175,176,11,66,26,100
20131,5493,141,7,48,232,1044,242,557,219,71,245,26,184,19,172,493,985,79,287,126,316
20133,7018,40,160,43,201,1384,268,739,198,62,184,45,153,35,122,960,1244,27,480,150,523
20135,1217,22,126,7,45,45,104,109,50,12,49,5,30,4,16,167,225,7,54,41,99
20137,2433,89,17,88,100,250,77,237,63,47,94,5,58,62,40,204,416,17,165,49,355
20139,8309,51,64,120,480,639,357,1077,353,148,358,63,300,82,388,1060,1276,71,465,197,760
20141,1656,29,26,5,67,124,142,227,71,19,57,3,58,13,28,217,268,12,68,38,184
20143,2863,41,5,11,124,454,138,294,68,33,97,23,104,32,66,383,503,20,155,90,222
20145,3099,137,38,14,146,124,117,270,56,17,100,26,96,16,38,348,947,36,173,63,337
20147,2588,125,29,19,74,231,95,293,114,40,114,5,71,19,62,331,370,7,177,67,345
20149,11078,118,34,135,849,1225,425,1273,198,193,436,129,392,97,324,1895,1455,71,700,342,787
20151,4619,209,186,26,179,196,175,574,109,41,163,31,155,84,83,633,721,47,503,94,410
20153,1093,60,5,7,53,55,118,130,21,25,35,7,23,7,32,102,194,8,55,25,131
20155,28120,358,142,90,1296,3673,1197,3301,792,524,975,213,732,622,1564,3078,4338,505,2453,590,1677
20157,2287,70,10,35,76,247,158,277,81,32,82,7,62,6,54,263,354,17,160,68,228
20159,4252,169,109,24,202,488,167,406,117,80,146,19,171,20,188,734,495,21,285,80,331
20161,24681,198,88,94,1153,1346,812,2776,440,402,912,367,1079,127,929,5825,2843,234,2697,881,1478
20163,2277,70,93,21,93,111,212,264,63,39,100,7,65,12,60,247,368,11,153,59,229
20165,1426,26,31,1,70,157,81,134,58,39,40,7,34,5,31,186,272,9,88,25,132
20167,2961,38,136,20,126,241,180,325,71,65,92,34,85,18,51,317,429,28,265,55,385
20169,26346,147,44,71,1153,5025,1037,2944,776,335,681,205,980,423,944,2497,4383,191,2373,751,1386
20171,2277,367,14,38,107,92,151,216,57,31,102,6,69,10,51,242,357,27,169,41,130
20173,233795,642,602,650,12272,40051,8350,26650,6773,4178,6305,3186,10131,3251,16988,20779,31508,4706,21849,5958,8966
20175,11526,809,251,90,332,3319,404,1166,348,111,204,69,175,56,356,1092,1107,50,875,181,531
20177,83012,160,153,365,3987,6202,2440,7921,2264,1445,4500,812,3783,1519,5950,7457,15384,695,6553,2476,8946
20179,1177,109,7,17,62,39,95,146,30,12,54,3,32,7,15,144,208,5,56,38,98
20181,2753,84,15,21,70,75,308,346,82,63,96,19,95,15,63,281,439,20,320,87,254
20183,1610,45,12,18,57,63,150,181,66,25,58,3,45,4,30,235,288,13,97,58,162
20185,2068,148,59,10,126,124,99,182,57,10,76,9,57,11,44,360,293,10,121,46,226
20187,823,149,19,9,25,20,96,65,16,14,34,4,19,0,13,106,77,12,54,12,79
20189,2309,249,76,33,116,139,123,222,97,27,60,8,47,4,46,314,313,23,142,50,220
20191,10132,98,53,48,503,2081,355,1079,294,147,311,82,281,67,305,1235,1314,221,742,225,691
20193,3969,172,19,40,172,135,360,573,111,58,129,33,89,11,61,490,592,46,442,129,307
20195,1509,24,76,34,43,62,101,138,34,25,38,12,31,5,16,151,334,7,168,31,179
20197,3473,34,34,46,291,376,137,377,95,47,161,24,100,36,153,503,459,15,195,94,296
20199,634,65,4,7,20,17,89,70,9,2,10,9,17,2,13,101,50,4,35,9,101
20201,2915,176,8,25,144,362,179,320,61,50,126,20,66,10,51,330,442,20,182,75,268
20203,803,130,2,9,18,54,56,67,11,7,21,6,13,7,13,132,126,5,38,13,75
20205,4553,50,62,42,220,1045,135,459,128,51,124,21,111,31,104,482,840,39,260,70,279
20207,1719,20,33,21,62,225,57,211,41,21,62,12,37,29,47,269,237,14,118,35,168
20209,75151,105,50,755,3434,7502,3608,8308,4001,999,2909,1096,4328,1109,6954,5457,10414,1510,7206,1931,3475
21001,6585,20,22,33,294,1146,216,871,296,71,210,53,119,37,303,916,1007,49,498,109,315
21003,8011,44,8,56,379,1670,338,965,477,81,173,85,181,121,390,728,996,118,705,172,324
21005,10277,72,33,49,421,1852,317,1137,282,146,340,85,343,75,549,991,1126,120,767,229,1343
21007,3056,15,3,16,171,392,147,441,140,36,102,28,185,20,152,263,450,42,223,70,160
21009,18046,58,18,146,751,3904,812,2303,491,275,469,156,404,156,1226,1528,2470,293,1554,364,668
21011,4524,14,9,43,224,1109,157,491,133,44,116,31,108,52,280,455,653,17,284,84,220
21013,7952,19,243,74,202,863,170,1112,204,94,220,131,234,35,297,1033,1473,80,811,218,439
21015,63446,73,53,312,2431,7200,4240,6786,4910,872,3397,742,3429,2184,3945,4646,7329,1101,5467,1979,2350
21017,9143,570,25,28,374,1248,362,1149,259,132,273,82,349,119,511,843,1217,203,712,225,462
21019,18177,16,86,156,871,1261,533,2546,564,231,473,198,597,106,923,1719,4336,167,1924,516,954
21021,11908,43,25,94,422,2067,515,1328,282,162,326,107,429,71,699,1455,1900,142,1049,268,524
21023,2586,19,22,33,131,451,107,326,104,35,72,15,70,23,128,269,355,17,167,77,165
21025,4185,4,83,28,126,169,97,620,113,50,114,27,84,12,162,642,1104,18,313,91,328
21027,7335,33,27,44,519,1469,334,922,304,71,220,69,231,48,323,739,952,57,468,203,302
21029,40762,52,55,242,2278,6281,2169,4424,4232,524,1860,507,1618,517,2310,3071,4440,522,3149,1288,1223
21031,4983,30,45,48,289,1303,165,559,181,37,132,71,121,47,214,507,555,27,326,136,190
21033,5254,88,78,59,199,921,162,688,189,62,132,59,141,20,265,489,742,36,524,92,308
21035,14174,92,16,122,703,1910,551,1694,758,215,373,149,393,68,470,2437,1948,103,1305,352,515
21037,46264,19,21,241,2094,4207,2445,4833,2084,779,2702,686,3157,1788,2394,3715,6492,948,4449,1486,1724
21039,1976,52,4,19,130,303,80,244,81,13,77,65,80,16,82,182,269,18,139,40,82
21041,4440,11,3,54,179,977,239,535,191,39,123,30,174,33,323,350,388,136,385,88,182
21043,8263,17,80,101,482,934,182,1218,250,73,240,72,225,28,324,1184,1431,78,719,267,358
21045,5543,25,5,22,231,1470,303,600,161,40,158,28,110,44,202,585,830,29,370,83,247
21047,22337,159,85,228,657,4398,752,2753,735,190,604,243,595,90,1860,1998,3258,181,2208,482,861
21049,16502,114,31,116,782,2518,734,2158,510,198,420,150,706,275,1295,1391,2342,225,1405,377,755
21051,6000,10,77,26,264,684,146,817,283,95,151,38,160,30,406,671,1075,28,418,121,500
21053,3502,24,14,5,91,877,122,393,97,39,85,23,69,10,140,366,592,49,232,59,215
21055,3656,25,182,22,183,665,131,455,102,27,132,24,78,13,114,302,606,24,274,72,225
21057,2292,11,4,19,70,513,46,280,67,22,71,22,46,9,76,195,497,60,126,35,123
21059,43482,277,240,701,2135,7205,1436,4925,1473,435,2586,416,1189,252,2077,4023,7068,373,4020,1326,1325
21061,4650,19,4,26,320,927,187,564,176,44,128,46,132,71,214,459,650,66,339,88,190
21063,1716,1,32,15,125,172,26,237,57,9,38,13,40,10,57,214,264,8,134,48,216
21065,5398,21,25,50,319,978,166,726,139,87,113,51,146,36,321,569,745,44,464,111,287
21067,144281,1451,154,320,4525,11529,4972,16751,5368,2154,4435,1948,8124,1908,10857,18702,23813,2428,15295,3991,5556
21069,5867,38,23,97,266,932,242,800,196,67,188,39,136,34,217,614,1060,57,406,113,342
21071,9752,8,354,142,445,325,362,1481,254,226,266,121,350,56,388,1320,1852,111,850,249,592
21073,22132,123,35,133,672,2411,560,2304,541,311,662,203,765,195,1597,1837,2259,310,2010,533,4671
21075,2108,54,4,16,74,329,86,297,103,19,78,26,61,14,96,194,234,11,164,53,195
21077,3297,3,4,33,143,605,332,353,206,31,101,32,118,50,193,198,280,128,257,99,131
21079,6938,44,10,43,367,1087,319,832,194,99,187,54,286,51,335,834,1029,84,580,146,357
21081,10691,21,10,92,459,1922,674,1332,676,112,369,100,396,177,641,837,1037,112,1002,256,466
21083,15004,156,59,147,834,2365,731,2056,605,201,473,190,527,77,624,1372,2226,183,1224,378,576
21085,10584,37,14,51,662,2498,431,1273,318,102,321,118,235,77,510,923,1587,72,636,238,481
21087,3881,11,3,39,127,747,104,482,222,31,133,25,67,15,197,455,717,30,268,72,136
21089,13011,14,69,78,641,1048,305,1852,416,144,339,105,439,87,632,1438,3119,117,1178,354,636
21091,3534,15,26,23,245,1037,64,327,101,37,125,28,63,12,145,313,479,14,244,85,151
21093,42241,68,41,231,1531,6284,1209,5524,2162,681,1402,495,1505,599,3353,3956,5601,362,4141,1288,1808
21095,6802,15,438,62,176,318,203,1007,179,93,151,52,189,32,269,1024,1351,35,637,176,395
21097,7376,76,14,41,246,1668,245,871,215,71,191,59,230,56,440,614,1138,82,534,194,391
21099,6145,37,5,26,233,1786,225,825,195,75,139,42,99,31,278,525,623,82,560,125,234
21101,20782,151,267,352,1061,4034,831,2480,544,219,560,214,599,211,971,1650,3387,282,1643,633,693
21103,7246,36,19,64,353,1262,316,898,302,85,338,63,249,74,383,516,858,113,615,205,497
21105,1641,80,5,16,78,234,78,188,88,20,74,21,35,5,69,188,254,9,84,34,81
21107,19629,156,971,160,833,2676,515,2481,973,153,536,171,521,69,761,1878,3452,105,1629,643,946
21109,3920,7,34,60,207,672,89,421,161,95,102,26,89,20,288,587,552,13,239,93,165
21111,367306,285,199,1602,12933,38811,16552,39867,26576,6051,23413,5551,19612,6041,29422,30575,47867,5888,35692,10423,9946
21113,22179,157,24,90,1214,2297,884,2983,700,296,573,253,982,191,1276,2814,3464,328,2087,570,996
21115,5676,4,212,72,232,154,151,979,150,114,176,91,198,19,202,777,1064,39,516,163,363
21117,82389,62,43,443,3272,8060,4604,8574,4975,1235,4797,1143,5133,3180,5343,5770,10761,1513,7866,2376,3239
21119,4282,4,178,29,186,136,115,594,125,60,96,40,90,18,149,688,1125,17,267,99,266
21121,9444,10,138,121,271,929,255,1304,336,174,208,87,418,71,616,1411,1634,52,846,186,377
21123,6286,26,8,55,364,1324,230,741,284,78,227,43,148,44,283,543,885,62,470,185,286
21125,21628,40,158,167,766,2943,689,2686,1068,513,527,187,816,94,2577,2123,3108,135,1712,405,914
21127,4813,3,99,60,261,330,164,720,162,52,117,53,142,23,189,606,957,24,407,132,312
21129,1601,3,48,11,65,90,47,245,58,13,34,21,39,10,50,200,320,11,137,36,163
21131,2585,8,188,15,97,162,57,347,89,28,47,18,68,16,111,349,572,12,161,54,186
21133,6969,16,435,50,253,264,162,990,251,79,168,49,155,99,242,1005,1661,27,513,120,430
21135,4453,9,11,78,266,793,145,591,169,42,128,27,99,29,144,481,776,22,326,85,232
21137,8656,36,13,65,439,1539,395,1114,218,90,246,62,385,76,406,953,1266,90,677,186,400
21139,3467,10,150,27,250,396,141,465,185,37,79,21,96,15,149,256,494,68,342,92,194
21141,10606,134,27,56,497,2800,426,1245,330,112,294,97,285,109,493,884,1220,67,786,287,457
21143,2489,17,21,21,150,289,65,352,80,24,48,9,71,10,139,167,342,53,269,70,292
21145,28308,58,72,227,1436,2294,1197,4006,1395,524,1018,309,1495,206,1693,2202,4772,439,3191,791,983
21147,4507,24,13,39,145,699,140,534,186,65,117,45,103,32,220,658,700,37,435,107,208
21149,3446,68,71,66,159,579,137,424,156,14,141,20,70,17,157,357,523,21,188,112,166
21151,36069,82,75,172,1603,4840,1058,4361,860,487,817,329,1642,292,2332,5762,4961,377,3564,803,1652
21153,3068,4,110,22,172,95,71,488,114,56,78,25,130,18,112,467,573,13,260,68,192
21155,9094,47,18,50,350,2905,309,864,253,72,217,62,185,33,587,752,1147,44,618,226,355
21157,13283,51,59,93,1126,1758,471,1669,591,198,434,114,408,73,574,1247,1763,272,1402,377,603
21159,2650,7,221,20,105,108,80,477,69,30,70,17,98,11,100,388,396,10,221,82,140
21161,6775,25,14,216,265,1002,210,831,193,83,194,75,143,48,367,601,1138,79,744,178,369
21163,11595,22,72,118,729,1660,407,1455,703,194,424,175,458,98,748,1134,1304,104,978,367,445
21165,2128,10,5,13,159,491,61,220,67,17,46,15,46,14,104,221,311,14,149,44,121
21167,9244,59,25,104,347,2096,287,950,239,109,245,72,308,50,402,959,1272,194,774,212,540
21169,3594,24,10,17,127,837,129,453,118,43,101,29,96,38,204,271,494,35,292,104,172
21171,4082,52,1,36,185,913,152,525,132,46,126,27,70,25,182,416,589,25,314,78,188
21173,11430,41,32,91,612,2685,420,1510,337,138,287,92,270,116,667,994,1453,90,872,229,494
21175,4444,9,36,46,370,566,141,466,131,102,144,23,120,34,183,548,584,22,317,97,505
21177,11423,130,528,117,529,1673,254,1474,469,117,314,86,419,39,438,1088,1683,63,1051,293,658
21179,22215,63,45,97,1367,5480,943,2414,1240,240,719,181,661,152,1226,1675,2480,148,1759,577,748
21181,2936,101,8,9,144,564,106,383,79,37,84,38,82,30,140,268,391,52,172,67,181
21183,9288,72,231,89,516,2066,258,977,233,77,290,67,240,38,388,910,1560,56,667,230,323
21185,30784,111,41,168,1243,3269,1554,3543,1622,557,2312,433,1869,523,1625,2845,4089,554,2518,782,1126
21187,4459,14,5,74,158,884,250,467,189,42,111,31,117,43,244,403,442,116,353,123,393
21189,1037,4,13,7,45,56,25,138,41,13,41,9,16,8,36,166,256,3,62,26,72
21191,6029,3,41,39,351,953,368,684,319,72,237,61,290,121,293,556,681,69,443,183,265
21193,8502,10,359,48,291,236,202,1147,236,100,214,82,232,33,422,1131,2275,33,710,206,535
21195,18773,24,1218,210,598,800,529,2971,576,280,584,163,681,66,614,2643,3704,148,1552,405,1007
21197,4420,18,8,21,240,889,141,564,150,59,121,39,92,43,298,443,536,48,381,77,252
21199,22674,57,24,194,882,3205,887,3017,817,299,672,163,796,173,1269,2317,4136,203,1948,531,1084
21201,808,3,1,13,48,145,30,88,25,15,23,2,20,6,38,72,138,21,34,26,60
21203,5443,3,35,27,251,878,123,602,203,108,117,33,164,15,324,702,1026,42,390,109,291
21205,8850,15,13,74,359,1116,217,1028,279,101,213,96,166,53,397,1574,1516,42,875,154,562
21207,6398,20,5,26,248,1460,209,831,177,103,199,60,113,28,165,724,1056,144,431,97,302
21209,25131,343,39,109,812,5026,860,2483,918,263,646,285,1012,232,1955,2586,3036,399,2073,588,1466
21211,21059,132,23,110,828,3509,935,2612,865,288,946,227,891,262,1424,1730,2190,328,1659,706,1394
21213,7984,44,12,43,334,1948,399,1013,383,76,196,54,181,100,461,644,739,110,839,179,229
21215,9229,21,12,59,461,1640,446,1091,627,140,427,114,447,143,510,728,1021,97,633,222,390
21217,9305,14,5,65,259,1858,223,1042,563,91,248,98,169,39,749,1068,1374,77,812,175,376
21219,4134,88,13,35,153,837,188,556,199,42,129,28,131,19,189,396,535,27,250,89,230
21221,4754,80,16,40,196,853,145,657,155,66,132,47,109,16,236,524,595,96,420,86,285
21223,3924,14,15,91,195,796,164,482,160,42,158,47,144,22,183,317,490,33,295,82,194
21225,5798,96,405,62,218,1015,218,655,153,40,144,55,151,30,196,563,957,40,411,121,268
21227,51805,151,65,336,2121,8658,2121,5827,1652,547,1489,553,1709,1641,3456,5846,6778,597,5451,1087,1720
21229,5204,62,6,29,267,1400,201,528,201,54,138,38,117,33,238,559,600,27,351,149,206
21231,7479,171,29,35,163,1713,216,887,181,86,226,37,222,33,479,799,1113,88,554,129,318
21233,5083,74,287,65,291,1009,196,502,234,47,121,47,102,19,207,400,758,23,283,128,290
21235,11394,12,127,83,307,1366,279,1460,310,201,239,95,412,84,753,1821,1857,76,1103,231,578
21237,1538,8,18,8,60,98,47,196,34,13,50,15,22,2,57,281,314,10,98,31,176
21239,12454,629,11,42,477,1404,448,1194,412,190,367,150,628,112,623,1423,1696,265,1101,337,945
22001,23015,176,1266,148,1786,1801,1049,3383,833,314,744,453,1063,325,890,1510,3632,397,1977,530,738
22003,8019,113,135,65,777,703,228,896,196,98,193,89,241,56,391,696,978,839,659,173,493
22005,51797,164,325,364,7078,6200,2361,5987,2192,869,1592,970,2767,860,2883,1913,6576,692,4353,1536,2115
22007,9502,193,230,65,1501,1165,300,1301,417,66,240,160,305,73,399,849,1002,100,612,194,330
22009,13740,246,180,113,1054,866,409,1576,300,157,461,130,389,77,473,1162,2853,977,834,299,1184
22011,14110,293,175,100,1480,1579,389,1679,328,115,497,168,857,161,561,1656,1788,191,1185,354,554
22013,5490,142,121,39,356,850,160,597,221,66,94,72,120,33,186,609,1013,39,450,95,227
22015,48926,139,1080,415,2802,2950,2107,6377,1429,799,1383,824,1892,471,2502,4618,8824,1269,5675,1260,2110
22017,101952,197,1869,712,4598,5807,4090,13234,3075,1583,2525,1865,3396,1007,7346,7946,21829,2651,12242,2677,3303
22019,83301,209,853,379,9328,8499,2594,9704,2597,928,1772,1189,3464,815,4366,6853,11649,1431,11513,1749,3409
22021,3212,71,69,38,230,190,101,389,105,44,137,38,92,26,104,297,693,23,222,82,261
22023,3151,31,92,25,517,275,145,351,159,55,55,47,154,18,126,273,280,71,201,68,208
22025,3043,101,76,52,237,182,102,443,77,27,115,19,88,33,102,288,530,21,211,70,269
22027,5610,78,275,73,334,673,151,673,228,54,133,69,122,57,172,485,1123,63,357,108,382
22029,6601,125,193,118,373,293,292,949,281,53,227,75,189,63,294,575,1167,90,551,171,522
22031,11100,149,401,110,734,1201,398,1401,355,131,308,129,295,87,566,1181,1848,129,928,232,517
22033,192415,229,608,1144,15178,11804,6535,22870,6127,3897,6047,3024,10972,3427,12618,19157,29350,3170,19078,5713,11467
22035,2693,140,19,18,101,152,104,341,72,27,56,27,44,20,216,239,726,20,183,30,158
22037,7764,39,66,58,819,758,234,884,252,90,197,81,243,61,339,594,1471,72,542,192,772
22039,12146,118,444,168,940,1013,394,1622,447,152,362,186,387,120,417,925,2478,447,750,207,569
22041,6879,201,87,53,411,469,215,980,221,64,252,78,204,95,194,766,1511,41,559,138,340
22043,7204,98,109,76,624,792,310,827,204,110,222,74,243,64,302,628,1328,157,418,161,457
22045,28689,265,2015,174,1711,3123,1187,3858,1047,252,733,880,984,251,1326,2073,4023,727,2452,699,909
22047,13315,100,108,41,1818,1483,341,1549,591,158,360,191,470,153,855,942,1689,189,1088,265,924
22049,5772,172,98,39,374,782,155,666,176,56,197,65,148,49,208,494,1129,101,409,147,307
22051,189321,131,1449,1290,12558,8970,8516,23940,9022,3140,7097,3781,11358,2904,12631,12418,27719,4983,24227,5855,7332
22053,12752,99,456,113,1284,1013,484,1663,349,111,324,231,429,159,427,1050,2145,439,1179,252,545
22055,97679,229,5182,381,4816,6182,4575,12964,2992,1583,3008,2376,5878,1788,4690,7453,15744,1807,10526,2582,2923
22057,42921,236,1881,292,3360,4116,1567,5319,3911,336,1088,859,1794,477,2052,3652,5653,602,3434,924,1368
22059,4421,122,217,36,319,241,149,565,126,45,165,45,150,29,231,431,875,41,257,82,295
22061,18886,178,238,146,771,1788,546,2163,510,251,572,349,568,240,802,3357,3153,232,2012,398,612
22063,58178,168,367,485,8015,5857,2454,6821,1789,917,1840,916,3141,865,2686,4951,6922,719,4687,1720,2858
22065,3956,99,37,32,179,270,134,559,89,37,89,48,76,44,224,342,968,47,429,50,203
22067,10811,286,85,91,693,1510,332,1303,237,137,350,122,217,124,397,952,2306,94,838,211,526
22069,14519,177,242,123,691,2070,359,1676,439,199,394,166,399,86,756,1840,2459,141,1396,264,642
22071,155264,127,855,360,4985,4551,3716,16432,5970,3360,4929,2802,9360,2359,12226,15771,23264,4517,28932,4597,6151
22073,65306,263,593,495,3823,4793,2159,7992,1565,1489,2990,896,2463,1553,3754,6337,12796,894,6159,1731,2561
22075,9119,61,245,93,612,654,408,949,637,82,228,214,470,91,450,790,1090,167,848,235,795
22077,9405,119,76,139,1064,980,320,1205,388,104,301,109,309,89,355,754,1513,99,712,200,569
22079,50714,571,488,453,3563,3630,1513,6026,1122,609,1271,604,2034,619,3240,4258,11704,645,4112,1473,2779
22081,3080,54,89,25,189,483,94,314,124,34,95,20,78,25,119,273,640,35,200,58,131
22083,8080,168,95,67,579,588,309,995,230,91,295,102,210,193,299,807,1809,94,619,159,371
22085,7679,237,147,82,457,893,219,1034,308,93,270,76,300,95,249,981,1077,53,614,199,295
22087,17940,23,190,130,1377,1394,729,2366,1029,217,494,248,869,200,987,1281,2255,407,2345,466,933
22089,25095,39,255,299,2473,2473,1180,2722,1375,315,848,375,1235,354,1428,2093,3313,443,2190,603,1082
22091,4102,40,54,32,454,494,106,539,147,24,88,59,84,50,150,438,705,47,274,93,224
22093,9020,111,75,75,904,1510,281,1141,544,71,210,127,273,112,428,676,1060,143,707,179,393
22095,19462,39,163,184,1723,1974,742,2614,1242,277,508,358,762,280,1274,1237,2514,345,2097,457,672
22097,31842,132,1100,207,2490,2203,1377,4629,1142,375,924,503,1181,330,1146,2567,6210,528,2886,740,1172
22099,22107,112,1333,130,1510,2269,1150,3245,864,296,603,520,961,376,948,761,3102,375,2164,509,879
22101,22063,143,1058,161,1465,2687,741,2778,951,242,572,642,715,168,1138,1844,2397,979,1970,519,893
22103,99718,171,1386,473,6523,5185,4753,12904,4160,1637,3755,1361,6805,1464,4773,8478,15981,2031,10694,2758,4426
22105,48367,180,446,281,4159,3858,2063,6574,1948,550,1197,679,1804,573,1954,5237,8149,589,4778,1430,1918
22107,1436,117,23,10,85,87,52,200,37,11,38,18,30,13,71,146,233,19,102,22,122
22109,43825,173,2639,272,2632,3786,1644,5851,2882,408,1074,1139,2104,414,2406,2906,5953,497,4371,1162,1512
22111,8980,213,155,84,795,1458,263,990,286,153,272,89,253,190,430,760,1345,87,576,183,398
22113,23120,225,1830,142,1594,1805,1044,3054,778,295,696,543,967,271,771,2040,3388,294,2013,563,807
22115,15803,223,224,124,1418,875,458,1932,454,185,460,269,1659,149,852,1662,2103,118,1611,422,605
22117,17915,164,228,148,1225,1338,743,2328,702,229,575,182,725,182,1038,1888,3168,199,1625,408,820
22119,14962,75,530,139,964,1631,601,2012,499,213,374,226,411,109,635,1147,2894,271,1253,293,685
22121,12247,54,59,97,1565,1365,399,1173,555,175,341,177,517,132,563,1116,1606,270,979,300,804
22123,3349,142,54,37,240,250,135,419,117,41,99,33,84,36,102,403,680,17,227,91,142
22125,4288,15,35,149,371,355,132,459,124,36,123,43,147,30,188,385,554,62,427,103,550
22127,5064,309,115,30,266,618,128,557,124,44,132,41,148,26,300,587,928,31,292,210,178
23001,50281,367,31,215,2751,5900,1720,6531,2079,567,1800,519,2339,1271,3250,4612,9278,555,3616,1321,1559
23003,27697,1137,15,251,938,2749,675,4105,1083,403,825,304,537,332,851,3161,6044,225,2117,764,1181
23005,145697,473,61,493,6579,9746,6226,16993,4598,2693,8903,2348,9537,3775,8090,14448,26159,2474,12927,4866,4308
23007,12492,220,6,108,612,1544,269,1752,314,115,279,122,334,98,632,1683,2050,553,1035,257,509
23009,21578,237,10,101,1481,1187,564,3327,526,269,662,243,1626,162,799,2505,3714,440,1808,1108,809
23011,55163,397,28,303,2618,4430,2069,7581,1618,757,1266,472,2026,974,2835,5972,10618,558,3956,1779,4906
23013,15997,252,3,85,889,1483,349,2355,380,273,510,194,604,141,885,1430,2804,321,1456,748,835
23015,13760,140,3,52,830,1510,330,1902,323,197,445,109,588,164,569,1426,2420,282,1139,576,755
23017,25202,372,21,156,1545,3233,617,3713,775,259,654,232,786,435,916,2476,4413,762,2220,681,936
23019,66891,776,27,424,3424,3226,2349,10106,2463,946,1671,737,2174,831,3983,8004,14558,884,5524,2126,2658
23021,6489,110,13,51,302,941,161,1014,133,67,151,49,139,51,282,726,1337,54,417,161,330
23023,17720,50,5,91,846,2607,497,2297,465,250,643,212,902,267,737,1936,2912,233,1440,602,728
23025,22511,574,10,141,1387,2973,654,3417,667,193,508,217,582,271,1132,2331,4019,300,1668,625,842
23027,15998,154,9,72,862,1317,420,2336,402,208,745,144,455,136,1356,1763,2823,210,1187,604,795
23029,10825,293,14,97,439,991,296,1720,293,78,326,75,273,69,281,1525,2093,65,777,309,811
23031,94475,334,104,467,4801,9778,3635,12880,2672,1444,4528,1227,4604,1569,4449,8634,16373,1462,9721,2930,2863
24001,26786,38,121,85,1163,2295,849,3251,726,638,643,202,829,178,1107,3175,4998,346,2869,828,2445
24003,262434,234,77,1067,18259,9788,11269,29954,9059,4719,8526,4692,30630,2627,15931,23304,31330,5085,22793,10609,22481
24005,406010,495,77,1793,20829,15998,14749,42399,14580,7195,18871,7623,34655,4423,27485,46074,67069,6849,31297,13812,29737
24009,35957,47,18,761,4024,1087,1025,3800,1009,427,682,460,3744,254,1705,3645,4212,547,3424,1301,3785
24011,16363,300,18,129,1266,1226,786,2273,766,219,383,175,825,110,741,1665,1990,235,1348,577,1331
24013,87208,383,51,387,7701,4886,3810,9418,2092,1415,3707,1127,8964,819,4561,9420,11607,1413,6464,3086,5897
24015,46116,569,98,287,3379,4161,1686,5355,2218,612,2159,525,2942,566,2116,4133,6239,1040,4065,1602,2364
24017,72666,60,22,678,5217,1506,1594,8352,2910,1257,1804,1075,7587,570,4140,6495,8764,1031,6904,3140,9560
24019,15695,117,21,56,869,1428,560,1962,702,232,411,215,788,250,664,1260,2481,255,1683,515,1226
24021,123779,492,103,303,9680,6349,4082,13189,2656,2081,5157,1625,14770,1209,7089,14056,14129,2120,10099,4702,9888
24023,12319,63,201,49,885,1004,397,1536,422,269,200,278,455,184,436,1198,1920,250,1174,421,977
24025,119961,284,78,691,8363,6276,4990,14500,4987,2048,5265,1801,10801,1058,6335,11966,17294,2297,10029,4262,6636
24027,154964,215,30,502,6732,5290,5490,14048,3706,3356,6574,2505,24584,2018,9131,18063,19805,2804,11375,5388,13348
24029,8517,239,0,24,478,778,334,962,253,77,233,103,444,92,348,1087,1126,268,771,277,623
24031,487092,362,67,744,20503,10700,9952,41713,9469,11323,17421,9918,77554,6077,32565,47188,58945,7714,41077,28997,54803
24033,431256,242,88,1538,21549,7547,9181,42958,16659,7948,10197,8363,41554,3504,37860,40342,61603,6721,41721,20819,50862
24035,23815,275,8,85,1928,1161,1187,2744,660,314,686,339,1873,168,1154,2353,2868,555,2462,1064,1931
24037,44586,64,23,714,4071,1065,977,4820,1813,565,879,531,7777,304,1790,4239,5320,628,3971,1544,3491
24039,8703,117,5,23,477,582,346,1049,216,103,165,101,292,64,321,1174,1634,126,819,266,823
24041,17198,132,8,69,1042,843,621,2064,502,255,575,238,1293,132,895,1420,2736,383,1952,750,1288
24043,68154,253,133,213,4395,5125,2549,9027,3338,962,3778,765,3840,583,3870,5813,9942,956,5595,2101,4916
24045,45005,315,22,272,2326,4296,1636,5172,1215,525,1191,632,1807,670,1925,5601,7706,603,4600,1556,2935
24047,22802,118,8,84,1160,1125,703,2824,400,269,564,438,1008,245,853,2286,2646,709,4742,793,1827
24510,257267,169,41,852,9094,8328,7111,24788,12154,4390,8897,4689,17661,2527,23610,28419,48804,4648,22365,8258,20462
25001,95460,256,66,481,6418,2913,2521,13577,2235,1931,2908,1402,5634,879,3997,8044,18681,3274,11313,3893,5037
25003,60456,220,55,308,3153,4744,1531,7499,1152,993,2008,614,2793,491,2168,7724,12370,1357,6264,2267,2745
25005,277582,1227,82,1618,16762,26901,12798,32695,8136,5306,10333,2778,14567,5107,13509,22874,52647,5214,23687,9630,11711
25007,6843,48,5,44,686,148,133,982,217,182,225,93,304,48,393,672,896,270,663,345,489
25009,389637,935,90,1548,17382,34732,14342,42734,10523,10507,16881,5087,31064,6411,22247,31829,71956,7200,32826,14287,17056
25011,37580,359,28,243,1661,3699,1173,4098,1024,678,930,328,1287,714,1119,6523,6744,685,2889,1140,2258
25013,218124,584,88,1434,8604,20807,8260,23542,7460,3083,9805,2324,7484,3336,10068,23392,49517,4526,17028,7354,9428
25015,70586,272,39,456,2932,4780,2107,7128,1611,1137,2662,721,3024,960,2216,14243,13217,1179,5603,2289,4010
25017,820622,1243,163,2267,30656,55161,27517,72933,16305,33560,43723,10930,105080,19414,41831,90838,133370,14226,61901,26907,32597
25019,5866,52,0,26,777,150,83,845,193,113,120,104,245,46,523,411,723,280,666,209,300
25021,369046,394,88,1414,15507,17177,13417,34954,8380,12078,26620,5844,38493,9337,17276,39073,64442,7210,29384,12915,15043
25023,263042,530,83,1599,15790,14571,10657,31475,7890,5936,14632,3310,17555,5841,12431,22820,48239,5401,22954,10045,11283
25025,383505,225,43,1078,9861,11402,9049,31786,11415,11065,24982,6749,40496,7086,27532,37686,74927,6390,40334,14902,16497
25027,408213,819,270,2124,19543,43265,16138,42581,11506,9394,17222,3882,28109,8693,18461,43433,75758,6624,30630,12891,16870
26001,3151,42,10,13,168,403,113,543,104,32,86,22,90,10,191,167,481,75,234,113,254
26003,2905,39,39,12,155,481,42,330,70,53,96,19,64,15,95,235,361,88,313,80,318
26005,57390,1265,42,268,3149,14001,3040,6207,1698,517,1506,448,2077,435,3668,4004,6323,919,4438,1853,1532
26007,11788,66,130,80,681,1310,444,1632,312,193,367,123,356,28,513,795,2211,144,1143,501,759
26009,8540,165,65,45,497,1400,207,982,128,131,195,123,254,28,426,594,1241,148,1195,298,418
26011,5755,101,12,36,288,882,205,763,182,60,135,36,175,46,374,405,836,61,695,185,278
26013,3040,78,33,17,117,336,60,328,44,44,65,30,60,11,92,243,476,9,441,90,466
26015,28106,467,26,101,1424,6546,1374,2786,704,281,1165,199,1074,263,1845,1924,3716,362,2018,943,888
26017,44061,210,43,285,1869,5512,1547,5464,1168,686,1264,426,1704,871,2921,3325,8240,483,4652,1594,1797
26019,7046,94,25,20,452,679,249,1017,122,64,259,78,218,29,306,531,1285,91,960,226,341
26021,67184,602,70,1298,2520,13183,2549,7126,1557,746,1789,613,2091,484,4424,5697,9133,790,7554,2456,2502
26023,17920,433,6,64,623,4367,749,1971,694,180,575,141,496,77,975,1214,2272,166,1600,527,790
26025,55569,397,37,185,1743,11788,1893,5694,1510,513,1235,439,2322,389,4017,4108,9203,542,5620,1839,2095
26027,23361,269,21,126,986,6481,1082,2387,624,195,582,187,793,273,1292,1995,2694,168,1771,838,597
26029,10946,52,14,72,653,1850,227,1249,159,117,209,143,278,26,662,719,1885,325,1440,319,547
26031,9499,69,26,79,746,601,283,1539,281,113,278,89,373,36,487,554,1444,250,1349,395,507
26033,12977,85,97,99,542,771,353,1731,336,147,363,69,324,19,326,1091,1699,600,1269,338,2718
26035,9945,121,40,49,597,1197,373,1373,375,88,260,98,395,90,572,893,1315,139,1134,405,431
26037,34664,510,50,255,1616,3121,1303,3354,1086,467,1768,462,1834,458,1826,4182,4944,322,2568,1298,3240
26039,4559,18,28,29,223,474,163,753,131,47,99,38,162,17,202,312,757,55,559,120,372
26041,14287,156,42,55,816,1981,366,1953,446,146,501,93,510,49,562,989,2162,115,1714,753,878
26043,11662,112,76,87,1154,1781,368,1492,312,127,301,74,365,60,348,683,2390,133,1013,375,411
26045,48018,214,40,343,1725,5545,1708,4963,1812,691,2405,579,2409,650,2774,4755,6896,401,3712,1724,4672
26047,14026,54,15,64,968,1180,317,1799,235,170,279,169,427,45,943,852,2515,742,2096,508,648
26049,156648,533,101,524,6089,17610,6444,21264,3959,1843,4983,1872,9921,1794,12098,12835,27368,1969,15110,4916,5415
26051,8601,133,19,52,662,1240,267,1178,249,77,191,106,277,98,487,571,1255,119,808,368,444
26053,5725,102,5,43,269,802,130,733,127,64,128,66,145,20,98,462,999,123,644,156,609
26055,40878,275,229,209,2139,3809,1445,5390,818,735,1656,456,1778,146,1862,3513,8247,440,4909,1388,1434
26057,14782,439,39,70,486,2402,584,1484,358,119,467,123,433,142,782,1422,2542,117,1331,448,994
26059,19227,380,17,85,692,4362,760,1981,589,213,488,184,681,125,998,2137,2690,121,1285,638,801
26061,11980,97,27,62,604,947,259,1613,192,115,370,101,519,47,337,1917,2173,111,1346,346,797
26063,13598,657,22,73,712,1935,524,1500,378,219,498,77,458,162,1177,892,2108,116,975,459,656
26065,119167,363,84,695,3394,10603,3562,11695,3862,1817,4962,1778,7109,1971,8292,16736,17062,1164,10020,4404,9594
26067,26221,772,14,136,1342,5512,970,2677,718,270,1007,226,909,289,1903,1960,2982,226,1868,811,1629
26069,8527,78,21,48,401,1131,254,1299,331,108,269,67,254,35,695,545,1179,98,907,287,520
26071,4328,84,11,36,287,544,74,506,90,49,160,29,160,101,116,238,899,85,365,202,292
26073,23890,266,156,96,1119,2404,676,2244,699,255,722,247,724,310,1178,3870,3118,296,3798,713,999
26075,62115,262,95,1230,2251,11360,2121,6781,1427,663,1526,627,2525,526,4377,5214,10162,608,5264,2185,2911
26077,112961,1465,52,348,4030,19066,5138,11072,2469,1185,4506,1643,5736,685,7645,11510,17941,1308,10563,3761,2838
26079,6303,127,142,23,435,739,221,807,132,58,147,90,175,18,372,431,1029,48,779,210,320
26081,302616,2486,100,785,11646,51581,18211,29766,8631,3690,11684,3394,14542,4108,26670,25177,45931,3550,23880,10500,6284
26083,809,9,6,2,60,87,16,87,9,5,29,13,19,6,10,70,152,5,99,31,94
26085,3448,60,1,17,203,577,116,524,82,36,84,39,114,23,264,165,455,21,343,103,221
26087,38104,291,49,177,2260,7203,1563,4540,1035,422,1057,383,2599,468,2566,2660,4928,393,3107,1139,1264
26089,8716,152,35,25,586,753,289,1105,156,142,312,112,357,44,462,659,1422,139,1209,280,477
26091,39397,374,23,187,1557,7761,1323,4467,977,476,1083,353,1607,288,2201,4165,5279,394,3342,1366,2174
26093,85937,248,67,290,4602,11359,4431,9946,2021,1274,3016,1306,7643,1170,4833,8499,10849,1269,7312,2949,2853
26095,2172,80,10,4,96,193,41,296,68,14,60,34,49,3,53,125,405,34,235,72,300
26097,3944,69,51,22,279,167,74,458,183,27,101,31,82,6,119,264,492,285,651,99,484
26099,396608,578,111,1413,15405,57187,16810,47132,9169,5571,14553,5461,36634,8890,28169,24950,58970,4382,36011,13447,11765
26101,8818,125,45,46,455,1081,272,1117,191,89,226,52,228,45,412,581,1375,76,1487,313,602
26103,27034,191,1308,237,1307,1419,688,3405,682,413,883,290,921,102,948,2620,5522,298,2984,1026,1790
26105,12243,299,106,55,532,2140,331,1522,419,173,295,109,338,45,743,921,1584,122,1226,473,810
26107,14574,187,35,69,689,2235,400,1756,371,180,364,136,510,93,1055,2124,1837,192,1242,516,583
26109,9504,146,17,20,371,2974,308,857,221,81,231,70,195,21,238,570,1160,77,1079,375,493
26111,34337,126,62,202,2098,4773,952,3321,718,333,825,312,1516,2033,2552,3089,5340,440,2866,1494,1285
26113,5289,397,31,14,210,952,170,634,229,56,130,27,134,39,277,397,772,46,364,173,237
26115,68077,263,112,1015,3449,10699,2876,7150,2875,862,1663,718,4036,1374,3989,6123,10058,803,5875,2183,1954
26117,26336,593,30,121,1429,5286,1122,2994,821,346,896,238,919,288,1693,1893,3523,242,1833,769,1300
26119,3023,38,38,19,204,452,120,442,102,41,60,21,73,7,137,182,445,69,277,96,200
26121,73499,718,67,260,2773,19078,2336,8183,1496,798,1609,598,2047,415,5001,4732,11505,775,6699,2182,2227
26123,19878,598,17,91,1179,4190,817,2333,530,191,709,153,661,111,1236,1591,2518,187,1406,663,697
26125,586292,591,189,2080,17884,60275,28496,60257,11758,11230,28428,9988,79354,17924,43030,43165,84200,7853,45518,18508,15564
26127,10454,411,38,38,539,2395,470,1166,243,91,249,68,230,32,570,800,1099,136,940,337,602
26129,7068,160,35,36,394,634,299,1143,221,92,202,68,217,29,365,413,1256,57,773,227,447
26131,1969,50,11,37,139,99,33,318,38,15,70,21,43,6,45,194,311,11,276,44,208
26133,8629,154,22,45,445,1714,277,1017,226,87,203,46,604,47,490,730,1163,58,616,287,398
26135,2510,28,9,14,134,491,66,365,59,25,65,38,68,11,107,176,323,12,267,96,156
26137,9768,86,159,64,547,1225,306,1482,253,94,184,110,316,27,391,576,1626,246,1270,385,421
26139,135670,2533,56,608,5524,34952,6520,12712,3472,1358,3737,1255,5343,941,9197,11540,16693,1337,10222,4359,3311
26141,4929,132,117,59,349,435,173,663,190,68,186,34,186,13,208,284,784,61,456,205,326
26143,7117,66,54,39,366,713,278,1285,210,109,181,87,204,53,328,501,1058,64,862,240,419
26145,75044,299,34,323,2668,9225,2233,9116,1698,1125,2278,790,3268,992,6901,5426,14737,746,7817,2773,2595
26147,75296,280,53,841,4269,14202,2858,9472,2076,770,1966,744,3881,707,4286,5153,11074,672,6735,2329,2928
26149,28903,420,6,84,837,10910,1066,2734,673,200,646,230,819,155,1397,1786,3047,168,1986,917,822
26151,15157,505,77,88,758,2897,655,2108,399,165,413,106,501,79,971,927,2186,86,1152,403,681
26153,3091,96,110,10,206,203,51,472,59,23,123,23,62,6,87,188,494,96,291,114,377
26155,28505,183,32,126,1377,4352,1135,3543,747,433,983,357,1898,329,1563,2871,4092,313,2150,900,1121
26157,20725,470,36,123,1115,3285,771,2760,590,290,619,180,644,145,1303,1518,3345,199,1790,677,865
26159,31268,951,33,331,1445,5242,1410,3576,708,338,957,309,1397,416,1963,2656,4146,278,2804,1096,1212
26161,160028,209,56,687,3407,13430,5123,14071,3893,3346,4227,1904,14715,2140,8682,32087,28928,1990,12640,4359,4134
26163,705961,687,481,3456,19216,80862,27809,74305,29906,10662,24096,10505,59521,20108,61727,47374,108998,8572,71088,23487,23101
26165,11816,193,29,48,468,2331,314,1356,363,185,307,104,331,66,823,1016,1712,118,1083,383,586
27001,6279,43,29,69,346,589,140,864,165,71,158,43,153,29,170,588,1236,86,792,240,468
27003,191881,438,101,682,10384,26359,10462,19142,5891,3446,8504,2543,11563,5773,9029,15613,29589,2896,14558,6741,8167
27005,16179,346,53,29,1015,2189,477,1988,556,188,433,129,325,131,411,1574,2809,387,1423,530,1186
27007,19636,198,40,93,995,1312,555,2421,509,337,387,146,466,105,573,2520,4042,656,1755,452,2074
27009,20937,165,22,26,1321,2874,969,2464,793,320,651,227,725,206,1045,1768,4180,183,1479,617,902
27011,2428,82,9,14,193,222,161,253,46,25,77,12,50,22,41,263,514,16,156,90,182
27013,29844,399,90,81,1484,4470,1208,3618,810,567,748,345,918,280,1182,3519,4893,351,2694,983,1204
27015,12585,565,7,95,714,2143,482,1608,498,216,416,70,453,211,304,859,2067,152,847,316,562
27017,17418,94,35,175,1007,1557,446,1843,597,143,555,135,504,142,386,1581,3612,720,1523,477,1886
27019,53847,165,19,89,2436,6837,3589,5000,1257,1037,3313,821,4557,1874,2863,5141,6893,900,3675,1584,1797
27021,11400,99,23,47,623,1048,340,1501,286,134,375,195,274,60,325,1087,1859,455,1368,339,962
27023,6525,157,8,27,351,1163,291,692,203,63,236,86,150,92,113,647,1173,151,346,227,349
27025,29467,97,20,70,2125,4318,1406,3359,793,367,977,329,1145,580,1166,2600,4565,519,2340,952,1739
27027,29648,242,44,73,1927,2216,1846,3390,948,617,1576,378,1317,622,1038,3482,4756,398,2579,938,1261
27029,3579,69,4,38,223,379,124,402,126,36,93,19,54,19,76,369,774,80,266,92,336
27031,2443,5,2,42,119,68,36,308,35,29,53,48,44,5,52,184,285,197,592,40,299
27033,5888,204,4,43,328,1152,352,588,215,62,159,27,107,50,104,592,1065,48,377,136,275
27035,29110,175,59,140,1932,2501,862,3864,679,416,1081,245,834,204,1137,2515,5932,271,3622,947,1694
27037,227621,791,170,693,8931,18888,11990,22569,9062,6435,15057,3518,15492,8559,11763,20780,32730,3938,18159,7990,10106
27039,10850,202,12,31,720,1468,577,994,312,176,215,68,228,77,368,873,2850,97,760,364,458
27041,17826,201,28,110,951,2820,950,2363,436,270,558,160,517,189,609,1539,2865,248,1636,685,691
27043,5470,230,12,37,236,803,280,684,140,112,219,40,130,38,98,550,868,25,390,180,398
27045,10201,306,20,69,579,1156,561,1088,287,125,312,55,242,59,204,973,2514,113,717,251,570
27047,15457,231,9,83,646,3000,634,2050,447,196,528,126,292,133,551,1106,2711,291,1132,514,777
27049,24801,406,25,74,1296,3819,1142,2498,886,319,726,212,688,612,927,1813,4362,824,2056,804,1312
27051,2803,116,6,24,189,279,203,351,76,31,90,22,59,13,46,306,553,23,137,106,173
27053,639886,968,208,1482,18473,55837,32808,56625,14217,15552,44033,11395,61277,25871,40817,57094,101135,10204,50105,21126,20659
27055,9771,171,21,74,553,1270,432,990,450,211,349,61,224,216,259,981,2059,108,561,289,492
27057,8753,260,22,59,543,858,195,1365,189,126,240,103,168,50,184,995,1501,187,763,245,700
27059,20622,149,15,107,1592,3521,795,2238,603,283,595,224,733,279,765,2007,3301,252,1478,718,967
27061,19560,180,591,415,1048,1396,544,2531,454,193,527,129,460,73,841,1936,3992,396,1636,690,1528
27063,5476,159,13,25,209,1115,338,528,178,66,170,27,143,22,216,546,904,35,335,121,326
27065,7095,45,27,52,481,873,216,910,177,76,173,67,155,38,188,695,1358,83,782,274,425
27067,22891,757,17,126,1215,3657,954,2809,611,373,576,160,669,447,739,1748,4649,242,1441,712,989
27069,1965,64,2,4,54,248,248,237,74,34,54,4,26,7,21,243,337,15,85,69,139
27071,5474,113,15,18,222,805,129,748,187,88,184,40,103,22,130,522,897,101,587,160,403
27073,3430,60,2,15,161,352,286,398,104,52,133,37,59,28,59,357,776,26,199,142,184
27075,4926,30,12,77,174,516,111,442,113,40,118,66,113,29,113,463,1102,124,717,175,391
27077,2158,61,2,9,52,464,83,263,42,22,32,9,23,7,38,194,238,48,352,83,136
27079,15322,158,62,45,1067,3022,653,1585,426,184,518,110,525,149,545,1464,2120,177,1068,478,966
27081,2733,127,13,52,141,290,148,320,96,20,122,16,66,44,53,278,554,23,168,57,145
27083,13474,257,20,63,549,1940,613,1736,450,120,890,99,281,512,382,1423,2174,143,871,292,659
27085,18450,333,16,84,920,4529,795,2216,436,246,512,124,551,407,591,1282,2803,202,1204,479,720
27087,2365,33,5,30,85,81,70,232,64,10,45,23,26,2,48,215,252,615,96,57,376
27089,4344,121,16,24,205,479,737,427,104,59,175,15,71,20,77,470,652,40,222,162,268
27091,10279,438,6,58,454,1610,542,1437,321,117,405,76,181,108,292,863,1596,68,801,317,589
27093,11707,276,16,52,651,2509,579,1174,359,107,324,84,341,270,422,1054,1881,92,685,333,498
27095,11925,100,40,58,841,1772,379,1484,345,104,239,69,375,91,328,913,1892,127,1475,378,915
27097,15680,328,36,55,1004,1985,705,1967,451,174,559,76,723,135,498,1396,2787,131,1269,583,818
27099,20741,237,13,118,817,4451,760,2214,563,196,419,140,344,711,807,1693,4140,185,1443,679,811
27101,4327,111,15,36,261,548,277,533,133,37,213,13,121,29,75,432,814,38,301,103,237
27103,16575,358,64,49,731,2731,621,1768,401,299,465,171,522,156,633,2126,2719,160,1184,516,901
27105,11828,472,10,47,382,3423,448,1460,370,113,370,53,302,35,239,919,1609,81,726,376,393
27107,3058,135,3,36,152,173,224,383,89,70,107,14,71,19,51,349,605,137,134,72,234
27109,81582,388,25,127,3037,7751,2024,8784,1691,1457,1441,590,1782,754,2676,5488,31570,848,6338,2270,2541
27111,27714,506,52,437,1521,4288,1153,3320,704,384,709,185,657,193,710,2531,5663,285,1943,936,1537
27113,7566,61,4,15,203,714,2197,867,151,92,170,47,97,30,263,640,721,221,537,250,286
27115,12137,194,37,61,759,990,351,1461,297,171,312,94,271,71,300,1159,2044,197,2096,374,898
27117,5057,306,14,39,299,449,237,792,168,59,185,33,197,27,87,460,945,32,361,119,248
27119,15635,409,50,67,849,1379,1004,1901,526,212,358,108,416,91,288,1838,3147,233,1254,511,994
27121,5381,155,8,7,264,790,444,655,123,55,204,22,138,43,102,543,976,37,408,171,236
27123,266937,594,69,569,8013,23782,10494,23936,6973,6202,13557,4030,16534,10540,16096,29007,46945,4427,22568,9389,13212
27125,1994,37,4,26,94,171,401,202,73,15,83,10,36,6,38,210,261,32,113,62,120
27127,7769,187,10,30,355,1178,512,877,256,64,326,54,146,78,156,690,1249,65,830,205,501
27129,7681,394,8,25,367,1279,434,786,371,71,210,38,226,160,175,640,1283,89,493,165,467
27131,32721,465,32,69,1660,5538,1478,3592,1095,485,1098,276,971,425,1260,3942,4944,405,2369,1062,1555
27133,5074,165,8,11,267,473,327,576,202,57,339,41,148,28,101,437,1157,35,319,129,254
27135,8797,84,9,33,204,2476,1360,882,163,81,197,41,144,39,98,672,1015,254,511,219,315
27137,90920,248,3121,959,4032,4375,2341,9767,2706,1104,3405,1024,3676,903,2719,9093,21856,1896,8450,3411,5834
27139,76968,190,70,243,3799,9244,4996,7355,2402,1594,4662,1094,5446,2465,4301,5804,9627,1365,6723,2657,2931
27141,50151,277,63,322,3727,7184,2711,5735,1627,684,1768,474,2230,989,2152,4662,7265,575,3700,1703,2303
27143,7613,546,4,23,429,1302,384,775,268,59,254,42,235,203,173,624,1063,66,485,186,492
27145,75678,867,143,128,4169,10572,3272,9512,2595,1295,2641,807,2557,773,3858,7130,13831,739,5731,2337,2721
27147,19146,195,12,84,768,4780,554,2463,434,242,1433,189,281,162,992,1454,2411,167,1212,503,810
27149,4724,448,4,28,206,736,182,436,78,61,118,27,107,81,54,753,704,49,317,111,224
27151,4563,244,14,53,225,782,264,410,107,70,119,38,136,32,99,470,738,45,256,149,312
27153,11078,297,24,32,520,2437,481,1261,376,156,348,70,252,96,269,1010,1870,85,681,337,476
27155,1440,62,3,13,48,117,122,181,52,14,45,10,28,13,23,189,256,19,76,37,132
27157,10822,304,11,28,558,1646,486,1170,411,143,243,66,184,128,238,732,2618,165,861,273,557
27159,5856,104,8,35,303,871,339,656,188,52,169,32,116,50,132,659,1209,48,443,184,258
27161,9164,152,10,14,480,2024,320,1092,259,136,343,61,217,48,289,845,1394,92,619,229,540
27163,134574,388,76,308,5724,12287,6370,13617,3693,2957,7723,1822,8544,8392,5956,12438,19729,2317,10340,4675,7218
27165,5774,178,5,24,370,1413,218,569,269,77,217,43,112,45,85,551,755,56,322,163,302
27167,2979,155,12,24,202,446,183,352,90,24,74,34,77,17,66,302,456,34,207,77,147
27169,23864,487,7,30,828,4265,805,2555,960,479,590,150,489,739,782,2889,4193,237,1732,678,969
27171,71220,511,55,309,5319,10248,4251,8159,1935,1090,2976,780,3709,1492,3141,6542,9406,926,5396,2381,2594
27173,5215,161,16,32,262,659,257,616,185,57,227,39,99,78,95,522,942,260,283,140,285
28001,11510,99,292,140,606,684,392,1739,600,149,332,129,249,76,569,970,1901,356,1322,280,625
28003,13597,77,8,140,507,2785,537,1936,513,149,338,180,264,62,1050,947,2175,90,1047,233,559
28005,4451,137,74,37,333,605,153,610,202,36,103,57,128,33,151,351,764,20,285,98,274
28007,5956,134,44,70,380,781,153,880,209,88,151,37,113,44,246,677,961,32,501,131,324
28009,3197,22,1,21,157,709,117,426,287,33,84,24,52,23,202,241,394,25,177,61,141
28011,11949,380,7,64,317,1370,365,1547,479,118,264,149,220,92,619,1940,1991,50,1014,207,756
28013,5644,294,18,55,155,1585,144,713,233,51,120,25,119,20,182,468,845,22,278,78,239
28015,3311,77,3,47,187,392,209,384,109,40,94,37,108,23,156,352,570,31,184,57,251
28017,7491,165,19,45,227,2495,164,937,288,59,154,36,136,53,352,529,886,35,489,117,305
28019,3179,92,96,40,135,463,76,323,75,38,61,24,71,18,116,526,589,11,222,51,152
28021,3284,35,32,134,110,417,48,353,127,15,51,21,46,15,162,423,672,44,346,33,200
28023,5742,129,133,47,252,842,172,684,226,48,153,56,139,65,291,616,984,29,437,104,335
28025,8355,115,35,65,302,1599,213,1053,287,58,154,85,158,107,528,940,1137,142,879,142,356
28027,9078,306,5,117,195,623,268,1056,263,63,202,123,168,21,688,1159,1689,63,1463,176,430
28029,11458,152,199,99,699,1753,321,1496,697,114,298,103,265,98,485,946,1944,54,856,185,694
28031,7187,147,109,81,464,1162,203,926,394,48,185,70,144,49,282,544,1232,50,621,146,330
28033,80541,252,49,334,3767,6875,5633,9945,9776,818,2127,977,2538,741,6185,6012,9656,960,8973,1842,3081
28035,27881,126,217,240,1184,2656,848,3647,1052,304,809,368,769,371,1736,3283,4847,339,3295,507,1283
28037,3030,101,74,39,158,273,90,383,239,74,76,15,64,31,85,366,563,12,144,63,180
28039,7994,131,71,108,789,1192,262,1121,234,102,226,67,331,80,241,819,996,56,654,161,353
28041,3387,109,103,34,244,330,90,437,114,43,69,30,66,29,98,419,577,20,219,63,293
28043,9139,122,28,42,290,1811,265,1216,315,95,197,67,198,37,1003,791,1356,65,784,135,322
28045,15939,40,128,217,1198,1332,353,2366,487,200,415,187,913,135,851,1150,2081,616,2137,344,789
28047,73197,91,347,720,3866,4046,1599,10090,2091,1004,1988,1122,2660,805,4329,5470,11499,2180,14800,1546,2944
28049,103165,314,250,519,2981,5965,2981,12679,4433,1732,3727,1345,3447,1828,8868,11255,18512,827,11418,2161,7923
28051,6002,156,15,38,177,1095,122,820,254,70,126,64,94,48,451,674,884,19,431,147,317
28053,2914,196,1,12,104,516,91,339,135,25,95,28,35,38,96,353,451,10,176,49,164
28055,365,32,1,3,12,16,7,46,13,3,13,8,6,3,23,44,59,6,27,10,33
28057,9846,101,6,113,550,2676,327,1113,448,131,259,76,214,88,416,843,1400,58,601,167,259
28059,56548,92,282,560,3719,8393,1063,6660,1310,801,1492,660,2204,467,2972,4627,7586,1218,9088,1165,2189
28061,6039,111,96,58,266,1515,144,700,172,76,138,46,93,69,205,646,968,26,369,89,252
28063,2250,26,31,89,100,198,41,295,70,13,40,18,18,18,119,363,492,18,153,28,120
28065,4449,83,80,48,295,790,96,528,175,23,100,28,79,43,201,394,856,25,314,61,230
28067,25665,299,922,241,1674,4714,767,2858,869,235,632,327,625,380,998,2507,4193,165,2034,512,713
28069,3459,90,20,45,198,475,93,386,98,18,68,27,46,29,221,425,602,12,323,46,237
28071,18742,60,12,146,610,1530,441,2217,564,277,460,235,800,88,957,3863,2743,149,2429,336,825
28073,21605,129,193,237,1111,1447,741,3040,705,224,717,315,716,333,1021,2863,4174,199,2218,477,745
28075,29399,238,134,295,1330,2767,1139,4281,948,270,916,382,671,448,2146,2783,5472,166,3232,575,1206
28077,4424,90,79,54,342,659,113,619,163,45,118,43,86,23,154,379,836,19,287,83,232
28079,8241,189,71,99,475,1444,196,1002,290,84,210,49,158,57,448,756,1171,55,728,100,659
28081,36971,90,15,220,1108,7539,1238,4553,1392,803,1057,393,1078,542,3442,2497,5668,273,3174,746,1143
28083,11441,408,5,96,366,1412,365,1464,383,108,217,120,212,77,592,1345,2305,91,1009,229,637
28085,13861,296,209,114,909,1288,638,1912,906,161,407,117,368,114,431,1405,2202,87,1212,412,673
28087,23230,139,62,218,1086,3362,654,3340,1198,269,502,388,506,109,1486,2660,3252,204,2469,560,766
28089,46613,168,186,291,1532,3939,1641,5162,1509,1005,2514,598,2759,1099,2978,4975,7769,444,3761,1116,3167
28091,8490,109,250,72,741,739,282,1200,457,87,285,91,245,176,336,756,1305,55,678,189,437
28093,13773,53,7,51,772,1773,800,1886,1732,111,340,137,285,110,1324,981,1437,91,1099,268,516
28095,14952,82,58,73,806,4044,413,1758,496,164,343,99,282,96,739,1211,2268,68,1079,261,612
28097,4089,88,26,33,225,654,123,529,136,33,93,35,77,24,265,382,768,20,321,74,183
28099,11796,265,43,88,739,1002,300,1493,310,103,240,96,172,146,397,1437,1531,155,1510,206,1563
28101,8062,191,44,73,449,1375,156,948,253,60,193,73,147,67,377,1004,1233,61,714,169,475
28103,3619,91,12,30,183,864,96,460,177,18,46,31,52,24,156,372,492,14,272,52,177
28105,18002,82,76,112,526,1886,379,1929,403,205,331,230,422,115,919,4854,2219,177,2104,232,801
28107,13295,127,38,108,679,1889,505,1869,655,177,373,111,406,50,912,1394,1847,83,1322,172,578
28109,18189,70,249,154,1241,1488,559,2760,569,187,533,182,939,130,1008,1798,2950,188,1917,379,888
28111,3789,82,75,36,251,519,108,527,150,30,116,32,81,51,140,393,614,26,270,82,206
28113,15080,274,233,123,766,2289,462,2231,818,168,329,188,332,157,564,1235,2381,83,1505,271,671
28115,13480,61,4,86,388,4460,401,1519,650,162,312,97,335,79,729,1004,1569,82,895,221,426
28117,10478,45,6,84,426,2378,278,1163,555,152,317,121,252,150,722,1054,1340,57,749,149,480
28119,2459,121,16,19,72,253,67,304,115,10,55,28,47,9,230,206,391,13,318,30,155
28121,66546,367,359,482,3562,4272,3274,8217,2598,965,3423,962,3199,1302,3205,7080,11173,562,5626,1636,4282
28123,11760,321,56,72,651,3362,282,1322,441,93,266,83,211,70,650,779,1490,46,838,201,526
28125,1801,193,2,6,46,74,52,246,73,16,49,20,26,20,56,221,348,9,151,54,139
28127,9635,116,212,82,766,1105,322,1286,414,86,314,91,214,85,387,522,1980,44,784,226,599
28129,5308,89,70,110,372,1008,149,635,228,59,149,35,137,45,159,547,841,27,294,96,258
28131,6700,186,51,68,427,725,167,870,246,78,201,70,217,50,215,748,1032,87,767,120,375
28133,9153,444,4,36,231,925,367,1108,611,72,238,76,140,109,398,1117,1644,63,713,250,607
28135,3842,152,1,27,116,533,121,480,167,29,80,37,76,6,402,301,611,23,316,80,284
28137,11302,132,22,48,539,1132,515,1477,973,157,268,122,311,69,676,1333,1533,78,1235,213,469
28139,9173,59,51,61,349,2639,257,1012,527,80,210,81,193,54,489,936,1100,37,541,140,357
28141,7603,54,17,65,314,2065,296,939,273,71,225,62,170,29,276,687,977,70,493,129,391
28143,4274,195,3,16,88,327,121,429,177,23,58,54,65,19,378,289,311,30,1413,51,227
28145,11585,41,11,102,387,3247,345,1387,671,137,284,75,255,69,547,964,1475,74,919,182,413
28147,5208,129,105,41,370,761,157,676,285,57,125,41,86,43,198,506,879,23,369,109,248
28149,18466,197,52,366,730,1790,431,2397,684,208,461,228,604,118,1043,1471,2819,395,3106,331,1035
28151,18171,479,31,68,406,1346,615,2635,895,225,431,206,464,169,867,1967,3157,237,2029,630,1314
28153,7428,216,240,74,378,1367,209,1051,293,54,150,61,134,143,232,723,1091,33,560,95,324
28155,3843,83,48,40,166,574,106,471,153,35,83,29,110,24,122,611,629,28,253,63,215
28157,2798,60,43,38,194,270,76,344,109,14,56,22,47,14,166,245,480,25,177,39,379
28159,6664,158,61,63,342,1075,203,945,245,70,116,53,122,96,232,806,930,36,588,109,414
28161,5147,42,22,36,243,1226,93,598,194,41,133,48,124,25,389,397,812,18,404,84,218
28163,9069,240,71,134,449,1183,289,1087,389,101,291,102,218,72,546,809,1520,58,653,138,719
29001,9135,43,16,62,359,826,240,1146,255,150,246,84,244,90,219,1796,1582,150,979,288,360
29003,7944,31,10,86,473,1260,325,822,252,99,314,59,298,82,450,724,1302,163,571,207,416
29005,2236,81,4,102,78,152,166,272,67,37,74,5,77,7,76,300,344,21,185,47,141
29007,9975,112,9,107,405,1501,495,1348,318,144,288,72,277,137,437,946,1513,133,756,306,671
29009,11248,242,20,47,498,2699,376,1508,410,120,291,104,564,227,413,966,1164,108,907,249,335
29011,5282,94,15,54,322,748,279,678,193,64,186,42,178,54,244,531,846,61,431,82,180
29013,5514,91,36,111,339,401,202,874,228,43,236,29,175,48,167,589,1050,70,407,119,299
29015,6429,61,5,32,376,799,210,975,197,80,192,58,190,55,215,679,1163,86,583,190,283
29017,3978,35,21,12,310,627,187,559,162,38,115,22,104,49,132,318,725,35,239,113,175
29019,76816,226,68,593,2967,3344,2251,8445,1630,1358,3167,1019,3500,2643,3687,12039,14371,1407,7645,2105,4351
29021,39398,68,29,265,1730,7415,1552,4143,1258,506,1476,344,1427,364,2980,2773,6083,756,3391,1013,1825
29023,17468,155,21,208,653,2344,649,2211,549,183,565,160,351,122,1006,1311,4201,140,1530,405,704
29025,3776,31,8,33,281,433,184,544,153,52,119,31,93,29,131,400,556,36,216,78,368
29027,19946,102,54,421,1055,1566,707,2305,757,283,585,184,654,362,830,2090,3098,343,1512,503,2535
29029,15390,74,12,110,1050,1030,539,2469,383,219,470,289,483,137,683,1324,2207,556,2142,456,757
29031,37220,145,79,189,1880,3827,1769,4441,1180,620,1053,373,1322,652,1569,3749,8052,678,3529,863,1250
29033,3967,105,6,37,261,465,177,471,124,67,145,27,138,47,121,434,658,40,290,122,232
29035,1749,10,10,10,85,221,53,234,63,11,57,6,24,6,37,204,368,33,189,30,98
29037,49173,319,50,401,3758,4502,2319,5909,2378,891,2509,621,3439,1026,2735,4001,6291,813,3877,1327,2007
29039,5041,175,6,62,305,527,195,695,152,57,158,46,181,58,151,480,1006,52,443,97,195
29041,3322,66,4,39,160,351,195,397,110,54,116,42,78,81,95,411,542,25,223,86,247
29043,36987,92,60,210,2050,2750,1771,4588,1417,635,1618,482,1807,670,1929,3943,6459,699,3382,1097,1328
29045,2431,27,15,25,124,485,142,334,101,21,86,13,36,10,89,223,343,9,143,47,158
29047,121400,138,81,858,5407,11281,6085,13303,5529,2214,6150,1833,10543,2450,7118,9192,16468,2675,11167,3418,5490
29049,9718,54,9,111,653,1158,527,1153,432,143,456,96,465,124,405,780,1522,140,709,216,565
29051,36803,66,63,312,1786,2155,1154,4123,759,705,1419,274,1368,833,2153,2405,4608,620,3032,1110,7858
29053,7683,58,8,72,403,465,321,1037,223,97,269,83,247,175,275,881,1358,64,838,261,548
29055,9877,30,74,64,555,2111,284,1341,312,118,291,109,255,106,386,738,1452,104,900,214,433
29057,2797,189,12,20,165,396,162,302,131,33,73,23,60,29,104,259,466,28,177,45,123
29059,6109,37,14,43,350,778,328,823,334,81,201,56,170,62,263,590,929,65,573,162,250
29061,3151,24,5,32,205,348,144,483,90,40,104,21,78,19,90,375,457,33,236,85,282
29063,4277,24,5,35,256,492,194,578,169,45,215,59,134,46,202,389,629,42,283,103,377
29065,5286,22,108,44,264,526,160,695,169,69,205,30,109,41,152,567,1133,80,487,132,293
29067,3340,26,9,18,182,573,115,430,176,53,103,33,84,30,114,393,438,34,266,70,193
29069,11835,363,12,140,382,1587,522,1445,434,100,335,155,227,83,332,1180,2872,78,822,181,585
29071,49754,152,82,348,4062,9151,1922,5535,1560,809,1777,587,2283,1001,2695,3646,5969,978,4127,1503,1567
29073,6725,13,34,40,363,1673,252,723,242,87,186,75,193,101,318,528,844,97,484,122,350
29075,3094,51,2,22,112,351,171,410,106,32,104,37,70,12,141,301,675,22,191,73,211
29077,121951,274,116,523,5067,8583,6110,14666,5825,2330,5056,1777,5694,2727,8108,10943,22352,2155,12473,3752,3420
29079,4302,83,1,67,168,658,160,591,132,67,113,39,128,28,136,453,738,59,307,90,284
29081,3558,114,12,33,141,311,170,578,108,61,140,19,79,14,106,416,625,41,269,100,221
29083,8747,62,6,92,451,1141,322,1273,349,104,282,71,203,60,245,802,1769,123,779,218,395
29085,1803,29,6,15,119,126,84,297,90,22,68,13,67,21,72,195,294,37,126,43,79
29087,2247,44,14,18,109,308,127,286,69,24,80,17,64,33,76,221,328,30,186,57,156
29089,4535,25,8,45,243,360,154,546,100,61,170,41,148,95,193,644,874,41,359,98,330
29091,14505,47,44,112,507,1916,639,1793,525,178,369,126,652,212,435,1461,3126,171,1201,355,636
29093,3867,16,243,17,187,292,111,454,143,40,101,53,91,29,149,416,895,38,250,116,226
29095,336961,381,169,2135,15027,24812,14470,36214,13873,7140,18760,5336,26737,7263,25638,23421,52614,6642,33119,9824,13386
29097,50764,364,72,359,1862,8144,1896,5833,2728,608,1252,458,1426,1274,3049,4657,8304,646,4919,1582,1331
29099,108608,136,203,862,8845,10011,5667,12469,3802,2003,4516,1547,6023,2872,6158,9073,15579,2027,10076,3823,2916
29101,20104,100,16,161,1183,2362,747,2280,734,222,650,171,686,195,681,3020,2909,280,2016,504,1187
29103,1400,26,12,10,43,154,83,185,35,24,57,4,48,11,35,171,242,9,89,52,110
29105,13041,110,18,130,554,3677,425,1816,450,159,299,104,281,92,561,1052,1350,148,1086,247,482
29107,14336,97,3,151,1113,1730,708,1636,533,243,579,206,571,153,646,1310,2161,177,1166,345,808
29109,16297,257,38,115,764,3319,642,2005,687,209,438,158,858,216,638,1283,2307,184,1288,443,448
29111,4546,94,35,30,235,715,220,545,163,41,158,25,78,46,120,507,757,138,270,141,228
29113,26134,156,91,216,2508,3583,1179,2987,1106,370,1186,279,1155,445,1430,2119,3193,342,2281,696,812
29115,4745,45,2,45,206,884,172,512,122,150,176,31,147,108,100,546,650,38,319,142,350
29117,6123,56,5,87,323,538,312,895,251,94,214,48,181,62,280,505,970,104,468,201,529
29119,9155,162,5,46,529,2365,353,1157,325,73,201,67,282,397,458,709,850,107,645,160,264
29121,5905,80,5,92,328,650,233,710,182,82,177,58,285,69,152,662,1008,56,465,188,423
29123,5240,33,86,60,351,729,186,681,208,38,138,41,111,33,184,470,1027,36,345,151,332
29125,3433,8,8,21,198,567,119,446,144,38,132,24,83,29,154,327,481,38,228,73,315
29127,13715,86,38,140,671,2108,611,1959,426,131,478,95,363,117,409,1212,2446,253,1197,327,648
29129,1393,35,16,11,47,260,50,142,39,47,51,18,35,16,35,169,197,16,60,48,101
29131,10011,52,11,52,784,993,342,1419,300,125,339,144,257,82,469,934,1237,245,1113,306,807
29133,4987,237,6,63,118,452,293,650,383,52,163,79,93,26,136,417,936,24,432,106,321
29135,6560,70,5,85,500,786,302,860,171,83,212,33,165,123,212,573,771,82,456,172,899
29137,3732,41,13,41,192,622,198,477,130,31,124,22,79,83,84,395,611,61,227,69,232
29139,5094,48,21,39,380,878,228,636,206,46,155,30,106,66,158,423,701,55,404,150,364
29141,6539,120,12,43,546,737,237,994,208,60,194,68,178,47,280,523,871,92,752,167,410
29143,6770,212,8,147,254,891,356,931,290,62,198,60,123,53,209,565,1476,46,465,87,337
29145,24239,160,43,167,1036,4194,1015,2956,1241,298,594,204,680,370,1191,2426,3822,465,2025,576,776
29147,9182,68,7,69,338,1387,357,1170,211,123,256,75,258,90,359,1385,1225,142,917,201,544
29149,2137,16,6,13,57,222,93,339,100,22,60,18,74,35,60,243,419,14,181,33,132
29151,6263,17,30,47,476,996,211,761,188,70,220,26,142,101,216,548,683,61,389,161,920
29153,2788,36,7,16,152,510,82,360,110,20,87,19,82,24,63,317,410,62,226,61,144
29155,6814,165,17,50,218,1096,306,862,260,40,147,51,83,36,203,523,1728,168,396,120,345
29157,9905,51,57,75,660,2203,407,1100,425,79,299,64,311,135,236,678,1706,155,711,241,312
29159,19024,187,14,124,799,3429,696,2225,570,364,448,190,655,243,1000,1775,3061,249,1598,731,666
29161,16347,25,32,141,722,1385,482,2174,698,149,470,136,486,158,574,2036,3365,367,1721,392,834
29163,7472,235,29,68,423,877,385,1131,248,73,218,54,208,86,203,629,1111,148,490,248,608
29165,49667,59,52,315,2077,3834,2487,5248,2389,1032,2929,875,4537,1116,3094,3945,6476,1105,4518,1427,2152
29167,12194,108,26,105,688,1020,773,1631,564,148,372,130,393,150,464,1484,2419,155,825,278,461
29169,12395,44,20,92,530,732,347,1900,405,175,372,151,593,99,607,1562,1688,93,2120,303,562
29171,1736,32,0,33,75,312,71,258,52,25,60,23,31,10,32,189,311,11,61,40,110
29173,4872,57,12,55,269,892,284,636,152,42,115,28,82,38,131,425,782,58,376,111,327
29175,9942,62,14,187,467,1051,415,1362,456,124,332,91,269,427,263,1013,1690,107,783,241,588
29177,10160,62,23,96,661,1601,556,1165,540,131,348,102,482,123,403,735,1470,132,823,225,482
29179,2031,8,150,16,68,315,87,249,46,25,45,11,27,17,31,261,407,5,105,35,123
29181,3795,51,4,24,146,656,120,518,116,33,92,26,61,18,122,353,901,20,313,86,135
29183,204687,241,155,933,11036,19320,11543,22532,7198,5900,12121,3088,13289,7336,12967,16203,26795,3999,18750,6473,4808
29185,3360,42,6,25,194,325,125,595,143,42,109,29,87,21,130,323,689,22,200,78,175
29186,8504,33,119,88,675,1121,347,949,767,83,272,73,228,69,255,601,1481,116,634,228,365
29187,25392,80,237,193,1439,2395,899,3055,880,249,855,225,698,286,1314,2472,4924,308,2018,780,2085
29189,472931,468,234,2108,17414,32717,22712,47440,15961,12661,25485,8180,33034,19617,35477,36943,82563,10655,44149,15063,10050
29195,10452,189,8,134,412,1987,394,1178,242,161,313,65,249,143,333,1006,1938,179,849,203,469
29197,1491,19,0,29,97,212,49,212,51,18,34,10,32,14,32,186,260,20,95,36,85
29199,1782,20,11,15,66,198,104,294,67,26,54,9,40,13,32,191,353,22,91,45,131
29201,16652,306,29,178,770,1954,855,2113,896,180,433,161,441,157,635,1103,3699,121,1454,446,721
29203,2145,29,35,6,83,423,56,258,87,20,75,10,37,14,39,278,352,31,122,36,154
29205,2640,110,8,16,124,370,101,340,84,19,88,9,71,27,74,278,464,14,164,110,169
29207,12081,406,22,97,556,2050,548,1577,479,143,414,135,250,72,325,1043,2226,86,870,200,582
29209,12027,54,17,81,747,754,406,1717,411,154,334,217,419,161,824,927,1434,775,1711,439,445
29211,2388,6,5,36,81,703,87,256,43,29,64,18,56,18,86,261,360,13,92,36,138
29213,23363,47,20,149,855,802,665,3456,667,333,503,513,671,226,2061,1622,2337,1845,5269,670,652
29215,6950,37,22,86,273,874,238,939,296,72,190,56,153,61,221,822,1249,64,636,148,513
29217,8350,202,17,72,385,1058,314,1026,295,111,387,61,229,65,310,853,1781,90,605,205,284
29219,15066,50,31,72,1369,2300,707,1828,612,236,652,151,621,304,786,1113,1809,189,1279,467,490
29221,8699,22,149,33,649,1110,249,1019,327,75,242,85,177,76,370,892,1600,83,677,279,585
29223,3155,21,39,16,99,454,89,450,104,95,134,29,69,16,109,291,609,12,254,100,165
29225,14063,73,34,151,919,1822,736,1837,857,176,480,140,499,200,697,1263,2022,185,1072,372,528
29227,833,14,2,11,31,108,33,119,31,11,25,9,20,11,31,98,122,3,57,26,71
29229,5797,43,11,34,288,907,269,804,290,65,192,53,137,91,174,721,777,54,437,151,299
29510,146277,143,46,751,3795,8441,4957,12745,4970,3407,5809,2408,8285,4635,13851,9639,30027,4032,17726,4968,5642
30001,3844,263,82,49,240,89,175,474,62,38,92,79,139,8,62,497,523,59,446,145,322
30003,4108,96,137,57,108,60,82,365,89,31,70,80,80,15,75,701,380,167,281,79,1155
30005,1536,56,10,22,77,29,62,203,29,17,33,15,33,4,30,321,282,23,92,63,135
30007,2436,52,45,16,198,220,74,308,63,27,96,21,91,7,78,207,327,48,223,69,266
30009,4079,95,150,28,280,169,183,483,111,44,117,58,179,21,119,423,508,158,541,167,245
30011,354,15,7,14,18,10,13,42,10,4,3,0,6,1,7,18,67,9,45,7,58
30013,34882,257,128,226,2053,1298,1432,4890,1099,495,1663,355,1494,194,1628,2821,6590,952,3883,1314,2110
30015,1658,87,4,16,71,39,83,173,31,10,70,31,51,5,25,286,241,41,157,48,189
30017,6682,149,203,51,329,113,334,1047,246,99,302,55,143,46,210,581,1042,134,745,211,642
30019,606,2,6,2,27,10,59,67,19,55,38,2,13,0,8,59,114,5,33,17,70
30021,4357,58,266,56,250,98,255,576,303,93,112,38,78,18,47,401,675,56,451,164,362
30023,4040,29,63,38,223,179,83,485,84,44,87,26,156,18,77,300,921,142,401,122,562
30025,1188,19,173,11,109,19,40,121,85,20,45,9,18,1,24,110,137,7,79,40,121
30027,4585,107,52,46,342,338,207,492,97,70,125,49,123,7,93,453,895,72,501,164,352
30029,41341,424,347,255,2989,2617,1245,5791,898,411,1754,662,2026,177,1851,3238,6624,1390,5338,1567,1737
30031,52567,626,296,170,4826,3006,1794,6986,1215,613,1502,845,3986,266,1886,6584,5584,1891,6501,2115,1875
30033,393,19,3,4,22,8,34,56,17,4,20,2,2,1,5,56,29,3,29,10,69
30035,3747,34,109,69,97,45,109,441,110,48,58,66,78,3,61,639,302,175,264,79,960
30037,310,10,19,2,16,27,20,31,10,4,3,6,7,0,6,49,27,7,38,8,20
30039,1029,25,15,5,52,75,20,133,22,13,17,5,27,6,35,88,116,33,207,40,95
30041,6903,59,26,79,345,72,265,1005,186,243,220,120,217,8,105,964,1261,152,673,275,628
30043,4740,57,123,34,388,214,139,470,121,45,172,40,248,13,143,394,828,74,437,176,624
30045,620,63,8,3,49,18,40,57,14,4,24,8,18,0,8,112,65,7,48,13,61
30047,10204,182,85,128,508,653,243,1317,160,161,235,107,395,35,236,1287,1450,224,1100,337,1361
30049,33374,282,249,164,1902,943,764,3928,708,585,1464,350,1874,90,1139,2390,5317,718,3144,1666,5697
30051,574,39,5,3,21,9,43,66,21,2,11,9,8,2,9,78,105,10,45,23,65
30053,5679,113,68,42,360,298,101,821,155,78,122,88,161,13,165,601,1063,187,562,226,455
30055,581,6,10,11,25,1,69,67,27,25,24,1,12,0,2,66,85,4,45,26,75
30057,2678,153,109,14,286,116,64,298,69,20,70,45,113,3,76,249,271,44,449,60,169
30059,692,74,9,1,42,29,16,74,13,6,26,5,17,1,12,62,91,30,100,23,61
30061,1316,23,11,4,65,138,36,250,35,8,24,12,41,3,25,152,166,29,146,30,118
30063,53008,482,173,183,2524,2130,1873,6779,1582,916,1884,718,2957,271,2863,5631,9305,1358,6019,2451,2909
30065,1764,23,142,15,129,61,89,186,60,20,38,22,73,9,42,198,222,36,163,111,125
30067,7310,164,177,40,497,466,133,814,130,119,219,97,340,50,189,585,950,306,1287,405,342
30069,199,6,5,2,19,5,6,13,5,2,3,1,1,0,4,41,23,5,21,7,30
30071,1263,26,25,22,62,31,42,201,41,16,41,6,42,3,11,195,160,17,135,43,144
30073,2188,48,42,39,120,37,129,312,52,29,72,21,73,3,51,291,329,52,188,81,219
30075,664,24,37,13,67,11,12,90,11,5,10,1,13,0,8,102,75,12,56,33,84
30077,2453,118,13,40,103,160,41,243,46,17,55,18,73,7,45,184,345,104,229,64,548
30079,339,19,7,9,21,7,13,34,9,6,13,3,16,1,2,41,50,4,31,19,34
30081,15659,248,63,96,1139,934,542,1932,464,197,495,150,909,46,854,1580,2597,410,1427,680,896
30083,6015,90,800,93,510,274,321,672,463,46,134,69,180,16,72,433,719,132,484,146,361
30085,3349,41,113,29,126,47,114,399,105,58,90,67,55,9,55,508,356,43,261,58,815
30087,3070,119,335,264,144,43,45,244,46,43,61,44,44,15,70,508,266,69,208,71,431
30089,3030,111,90,41,172,217,61,376,77,37,78,20,57,4,52,327,510,41,351,129,279
30091,1600,23,109,29,80,23,92,181,111,29,75,10,37,4,12,164,265,25,164,46,121
30093,16939,120,353,541,794,668,537,2137,423,185,362,190,722,255,553,1498,3264,404,2059,584,1290
30095,3576,57,436,25,249,320,148,444,65,24,64,37,132,45,85,336,399,81,306,117,206
30097,1271,61,118,4,91,89,27,153,20,13,33,5,23,11,17,155,184,27,140,54,46
30099,2066,69,9,43,122,56,167,239,61,84,104,18,59,5,41,280,256,29,170,65,189
30101,1753,10,76,27,68,26,90,243,114,23,54,22,73,2,123,165,214,30,203,26,164
30103,352,34,21,7,25,4,19,36,8,6,8,1,7,0,7,63,24,7,30,9,36
30105,3308,50,35,67,154,66,207,369,141,93,115,8,91,6,51,403,627,44,359,113,309
30107,614,76,21,11,36,66,11,61,16,2,19,4,18,1,2,79,61,8,42,19,61
30109,492,7,42,12,35,4,31,37,30,5,10,6,11,1,9,58,81,31,15,8,59
30111,82034,469,1336,490,5220,3121,5322,11176,3086,1270,3110,1171,5097,769,3387,6060,12568,2004,8919,3409,4050
31001,14849,298,15,284,861,2216,723,1716,398,150,405,108,409,161,435,1523,2738,159,1178,447,625
31003,2840,185,7,27,172,223,262,384,96,20,104,18,48,15,51,303,503,23,128,73,198
31005,166,18,0,1,9,9,9,19,5,1,1,2,7,0,5,36,7,1,12,1,23
31007,282,35,1,1,16,10,11,29,9,2,11,2,5,3,13,60,35,0,9,4,26
31009,222,26,0,0,11,9,12,21,4,1,12,0,9,1,4,32,31,3,13,2,31
31011,2577,243,10,27,119,250,196,294,84,13,89,8,65,10,41,256,527,20,125,65,135
31013,4460,251,2,28,174,303,263,553,163,90,156,31,129,37,123,440,781,22,410,127,377
31015,634,59,0,3,26,34,42,66,29,12,29,3,11,2,6,88,110,1,31,6,76
31017,1161,66,1,29,59,72,86,159,33,17,51,3,32,6,20,108,171,8,85,44,111
31019,23199,443,52,110,1137,2827,1137,2873,638,285,665,188,853,609,736,2642,3602,329,2224,827,1022
31021,3231,111,3,41,207,294,199,386,135,60,138,13,106,36,99,389,502,49,181,75,207
31023,4296,145,2,52,219,833,321,406,143,38,166,25,129,26,152,361,599,48,231,88,312
31025,13162,93,91,150,942,1026,602,1710,620,215,783,124,658,310,532,1388,1779,201,914,335,689
31027,3803,211,5,47,227,493,252,453,152,56,189,23,89,16,115,407,511,36,219,98,204
31029,1735,242,1,12,61,45,177,294,42,35,76,7,29,14,14,181,234,16,102,44,109
31031,2845,277,1,12,147,73,167,376,52,31,51,19,81,32,32,367,446,37,300,84,260
31033,5200,109,6,69,156,230,594,676,184,46,141,28,135,718,111,404,646,14,517,100,316
31035,2624,120,15,17,180,260,230,297,122,26,101,12,66,29,60,327,348,10,143,78,183
31037,5745,272,3,16,274,2130,335,485,194,31,133,26,105,17,187,495,470,24,245,101,202
31039,4584,359,12,27,263,608,286,442,181,65,199,21,151,28,86,375,723,47,326,136,249
31041,5202,416,9,61,286,611,347,657,123,55,211,22,145,31,96,545,791,28,366,104,298
31043,10791,80,5,45,675,3372,358,1024,443,71,402,53,142,114,541,693,1073,160,894,268,378
31045,3591,56,42,29,143,41,128,570,46,53,133,21,95,55,70,704,516,22,397,54,416
31047,11807,483,23,89,555,3487,526,1186,355,74,345,58,242,135,391,888,1275,106,777,264,548
31049,818,50,3,7,25,22,81,113,39,7,35,5,11,27,15,97,103,6,74,19,79
31051,2839,176,4,10,216,547,115,254,116,24,114,12,47,16,100,314,357,31,154,47,185
31053,18790,221,10,139,1009,3633,873,2450,591,272,649,160,536,192,872,1748,2629,220,1367,602,617
31055,281810,680,84,1884,14297,20508,9906,31079,9091,7810,21729,4038,17828,10606,22583,23338,42491,4974,25502,7397,5985
31057,716,67,2,3,24,30,54,70,16,19,20,0,18,3,16,76,157,9,55,14,63
31059,2922,125,2,31,204,239,208,343,121,18,152,20,55,12,65,312,496,23,157,83,256
31061,1320,97,1,17,44,80,101,155,39,8,45,6,33,10,33,151,263,14,83,45,95
31063,981,56,4,6,51,64,63,114,40,17,55,6,26,16,16,155,108,7,57,23,97
31065,1936,163,3,21,86,143,101,234,60,47,60,1,48,46,56,221,313,14,110,31,178
31067,12015,135,14,120,673,1697,511,1436,373,129,388,80,327,95,419,1115,2372,189,850,321,771
31069,767,82,1,5,21,20,50,91,14,5,33,8,20,13,11,98,143,9,48,14,81
31071,831,36,7,4,21,52,94,131,22,19,23,1,28,1,7,95,128,1,50,47,64
31073,903,70,3,9,48,115,55,106,33,5,39,7,17,7,16,112,110,12,35,21,83
31075,262,65,1,0,11,3,10,46,9,2,2,0,7,0,4,41,13,5,19,7,17
31077,893,51,4,5,46,66,108,111,20,4,31,2,12,2,33,122,119,4,64,18,71
31079,30528,412,38,104,1593,6382,1246,3730,1192,269,1079,258,752,356,1519,2492,4013,440,2630,853,1170
31081,4558,137,3,19,193,533,379,557,183,117,198,29,145,21,134,476,628,71,323,145,267
31083,1358,125,5,13,59,99,92,167,30,17,62,3,35,12,22,114,259,16,76,33,119
31085,370,67,2,13,20,12,23,31,7,2,15,3,7,1,5,61,42,0,12,10,37
31087,1069,22,26,18,37,87,72,169,40,22,32,4,16,5,21,116,197,5,62,21,97
31089,2521,304,23,5,93,140,272,310,118,30,100,8,49,18,35,257,375,29,159,66,130
31091,291,12,0,1,8,7,8,30,7,0,8,3,2,1,2,56,47,45,11,7,36
31093,3200,127,11,34,190,403,191,405,130,26,160,11,77,17,96,304,515,38,194,93,178
31095,3900,167,6,8,246,617,195,518,122,50,105,23,80,22,97,337,650,37,252,107,261
31097,2316,37,9,30,166,295,99,269,69,26,99,13,53,12,61,224,371,20,129,38,296
31099,3216,142,6,13,147,447,210,332,89,43,104,17,95,60,71,365,572,57,216,75,155
31101,3494,167,8,51,151,224,226,518,101,45,140,19,110,84,59,324,438,21,456,98,254
31103,286,29,0,9,8,13,20,35,10,5,3,3,10,0,2,43,37,2,11,10,36
31105,1661,55,38,12,61,209,85,195,57,18,45,9,18,24,132,169,241,12,104,35,142
31107,3712,148,4,35,156,340,260,437,128,44,136,17,78,29,119,457,584,95,174,68,403
31109,153018,508,56,744,7846,13193,4268,16545,4776,3136,10586,1527,8212,2378,8106,17240,23121,2962,12706,4351,10757
31111,14513,412,27,307,727,436,719,2156,655,237,511,113,458,84,353,1465,2615,229,1673,415,921
31113,292,37,0,5,26,11,15,36,20,6,4,1,8,1,5,34,31,2,15,12,23
31115,294,17,2,11,9,26,18,27,13,6,14,0,6,0,5,33,43,1,27,4,32
31117,181,12,0,1,11,10,16,25,3,2,6,1,7,0,1,41,20,3,11,1,10
31119,18380,306,15,118,937,3129,1091,2377,567,207,644,174,549,71,715,1598,3091,154,1344,551,742
31121,3689,125,7,25,205,462,243,444,140,32,159,25,72,38,94,388,611,64,235,103,217
31123,2001,172,1,18,75,88,143,273,73,16,83,6,39,14,50,239,381,15,122,33,160
31125,1426,50,43,40,63,166,100,158,40,8,50,11,23,4,39,179,264,14,68,27,79
31127,3257,34,2,303,162,348,99,346,66,28,131,16,72,40,51,383,473,33,307,71,292
31129,2031,71,1,19,74,150,152,247,70,29,88,8,41,15,54,206,409,21,134,73,169
31131,8777,128,28,248,558,1219,300,1003,260,113,424,68,265,87,279,724,1342,131,789,202,609
31133,1202,14,6,6,51,197,41,138,24,11,58,5,28,13,36,170,190,10,58,35,111
31135,1153,78,0,22,91,45,140,155,28,10,53,1,39,11,12,95,204,7,50,31,81
31137,4412,244,8,27,209,475,320,485,106,55,163,19,120,43,68,460,769,114,337,101,289
31139,3764,75,13,22,259,502,301,413,155,48,173,20,88,28,98,418,621,29,193,92,216
31141,17223,437,30,376,885,4971,702,1859,411,114,476,147,436,85,590,1302,2019,195,1129,352,707
31143,2558,125,10,39,139,300,132,311,93,24,109,12,82,22,75,257,418,25,166,45,174
31145,5134,187,52,59,225,416,377,738,166,111,195,34,160,62,112,418,836,39,396,157,394
31147,3925,65,6,95,187,535,194,452,97,49,122,30,113,31,84,316,696,121,338,108,286
31149,583,41,0,5,13,20,87,60,22,6,26,1,9,2,8,79,89,4,38,8,65
31151,7379,96,3,33,375,1798,290,712,377,57,225,28,155,35,280,889,888,69,456,131,482
31153,89429,179,49,680,5407,4938,3718,10070,3409,2360,6635,1285,6022,3042,5696,8706,12891,1562,7494,2337,2949
31155,10993,89,23,88,759,1101,567,1386,379,168,629,92,462,170,441,1095,1587,153,729,254,821
31157,18202,443,22,153,1051,860,998,2446,564,320,651,146,496,135,1166,1782,3498,234,1606,416,1215
31159,8581,161,2,57,524,1226,360,842,408,132,438,64,278,76,301,998,1133,115,587,226,653
31161,2184,152,9,28,64,89,151,297,36,24,101,10,48,14,18,296,467,14,144,44,178
31163,1407,42,1,5,65,119,132,172,53,10,61,7,41,8,16,166,261,12,96,34,106
31165,475,45,2,10,12,21,13,57,10,2,21,1,19,1,16,61,93,7,26,3,55
31167,3089,102,11,26,162,453,210,372,130,32,118,22,85,14,95,301,503,26,170,100,157
31169,2433,75,1,19,107,420,177,241,71,19,91,16,46,8,41,273,419,21,123,66,199
31171,251,26,4,3,17,17,7,35,7,3,4,1,5,1,0,44,16,1,18,6,36
31173,2570,73,0,4,103,226,113,173,52,16,53,27,35,13,73,344,360,196,91,40,578
31175,1900,97,10,33,106,87,158,270,47,28,59,15,89,7,19,182,364,14,86,82,147
31177,10972,129,28,180,848,1064,396,1270,338,340,647,104,498,326,583,1025,1599,104,772,292,429
31179,3958,109,7,40,152,636,238,379,148,42,212,29,84,18,114,576,626,29,262,71,186
31181,1504,81,4,8,84,127,108,178,34,39,50,4,26,13,35,173,274,13,78,43,132
31183,392,76,2,1,15,22,46,34,9,1,12,2,6,1,5,55,44,4,26,5,26
31185,7012,216,7,90,346,797,429,841,280,80,336,27,249,33,299,563,941,79,682,204,513
32001,9554,310,308,107,636,613,259,1081,775,140,154,155,294,54,483,859,1041,364,900,243,778
32003,923776,1919,1000,3536,51346,22346,22341,105905,38962,12781,25668,20500,41172,20803,74452,61361,89565,20783,253902,23566,31868
32005,17939,137,92,129,1285,1432,382,2003,477,235,445,376,761,224,1060,717,2110,796,2989,489,1800
32007,23440,333,5323,104,1210,333,1033,2287,587,170,259,254,531,569,580,2014,1616,434,3692,595,1516
32009,322,10,38,1,28,15,1,29,4,4,13,6,5,2,18,26,20,7,31,5,59
32011,555,15,148,6,28,9,9,47,25,2,6,5,10,3,9,75,17,3,41,12,85
32013,7495,254,1825,91,324,215,218,856,253,64,59,46,126,56,254,603,584,114,840,164,549
32015,2404,48,774,40,66,46,70,238,102,35,13,9,20,16,44,183,200,64,156,62,218
32017,1458,49,28,23,68,46,24,195,54,27,28,13,45,7,62,241,141,22,152,13,220
32019,20439,539,257,147,1390,2166,654,2188,1738,200,409,299,758,184,1114,1562,1800,877,1849,500,1808
32021,1404,16,34,9,58,15,19,123,28,8,23,12,40,3,371,112,184,23,148,28,150
32023,12875,191,661,165,894,317,257,1785,364,143,236,242,579,133,848,1047,1133,631,2106,402,741
32027,1691,71,378,10,56,64,31,191,73,9,9,14,45,14,43,113,136,26,177,38,193
32029,1505,13,9,11,118,125,50,172,115,25,33,30,68,20,83,113,173,33,147,40,127
32031,209256,864,762,977,13788,12993,8605,22651,14688,2554,5723,3913,10426,3030,14868,17347,23682,5864,31201,5442,9878
32033,3652,48,646,40,143,82,88,396,88,18,48,53,43,31,78,274,342,63,461,73,637
32510,23688,146,106,108,1433,2484,513,2781,703,313,592,332,822,248,1315,1431,2712,930,2976,652,3091
33001,28631,152,52,121,1581,2904,942,4189,650,386,785,298,1140,566,1256,2824,4764,552,2761,922,1786
33003,19353,100,33,140,1042,1340,561,3057,388,310,503,262,752,225,774,2148,2801,413,2871,642,991
33005,36539,223,25,131,1877,5166,1485,4876,815,525,1206,316,1303,805,1459,4374,5503,389,2866,1513,1682
33007,14559,224,18,125,713,1037,357,2282,408,143,273,124,333,178,452,1551,2732,353,1752,300,1204
33009,40581,255,34,158,1606,3443,982,4983,830,527,923,407,1643,420,1190,7090,8486,756,3907,976,1965
33011,219069,324,156,563,10733,26595,10446,28219,5767,5785,9680,2469,16332,4012,13136,18814,31185,3028,15885,7665,8275
33013,76196,344,112,300,3840,6682,3509,9483,1844,1374,3212,884,4190,964,3402,8139,13016,1260,5321,2666,5654
33015,168111,328,118,785,8634,17072,8773,22633,4809,4139,7947,2052,12610,2955,9101,15846,23199,2587,12989,5108,6426
33017,60498,151,32,264,2280,7140,2286,7998,1287,1429,3728,564,3666,626,3415,6437,8398,860,5348,1884,2705
33019,20125,164,38,66,824,3344,671,2742,437,307,592,163,870,147,849,2094,3603,319,1333,548,1014
34001,123804,626,29,854,5552,3609,3230,14204,2962,1239,2699,1639,5456,1102,5924,11800,18791,2456,30703,4046,6883
34003,450764,303,93,2029,17321,22470,28918,47350,14642,14054,28120,9167,41584,11537,25565,47803,68902,7851,29757,16147,17151
34005,230323,577,71,1240,9593,14051,12025,25932,9409,4479,12351,3223,17591,4601,15054,25225,37302,3850,15449,7139,11161
34007,247941,634,50,1029,10422,15369,10779,28903,9645,4438,11944,3671,17476,4121,18413,24874,44535,4189,19287,8322,9840
34009,38689,183,34,287,2288,1090,1022,5438,1079,393,1027,640,1633,376,1612,4417,5463,1202,5635,1336,3534
34011,62418,1840,114,498,3230,7487,2787,7028,2387,533,1362,545,1909,552,3769,6761,10806,768,4463,1665,3914
34013,352326,169,44,1106,10754,16196,15903,35855,20558,9590,19463,7233,26763,6893,28398,35939,58512,5536,25323,12836,15255
34015,148052,945,50,1110,8304,9593,7635,17661,5768,2335,6347,1905,9316,2269,9122,17194,23651,2452,10814,4742,6839
34017,320845,135,25,962,9123,13953,16147,31596,16756,12594,28288,7732,33578,6218,24138,26024,39594,5208,25108,11222,12444
34019,65052,320,60,314,3147,4640,3694,6993,1669,1710,3574,864,6801,2066,3301,7277,7981,1255,3972,2315,3099
34021,169416,306,116,503,4662,8543,7411,16350,6531,3891,9782,2286,16464,3815,12091,20278,25845,3020,10996,5678,10848
34023,408660,370,75,1816,13855,24627,24962,45002,20704,10828,22879,5768,43571,9031,32729,37727,54300,5099,25123,13310,16884
34025,306518,483,80,1955,14965,12906,14163,35405,10234,8870,18590,5184,28032,5542,16068,33416,44634,7481,23769,11247,13494
34027,252340,296,76,1055,9932,15233,14657,24888,6977,7439,16448,4434,30258,8280,16558,26175,31980,4367,15386,9322,8579
34029,240607,440,139,2373,15129,10178,10444,33215,8150,3913,8767,3954,16215,2976,12353,26151,40191,5805,18869,9123,12222
34031,235874,242,78,1018,9964,19589,14038,29495,9334,4785,9429,3983,15590,4951,18011,22930,36547,3149,16038,8413,8290
34033,33456,613,18,798,2160,3089,1701,3934,1732,336,1454,373,1553,432,1869,3397,4730,434,2183,993,1657
34035,172237,208,67,565,5809,11666,10327,16608,5252,5464,10797,2533,21032,6226,12371,16577,22612,2442,9813,5794,6074
34037,75345,180,110,391,4533,5015,4256,9294,2490,1498,3018,1091,5916,2223,3976,8787,10147,1493,5185,2682,3060
34039,259302,156,41,1022,9854,15741,13429,27476,16279,6374,14334,4603,19864,5042,20984,25939,36784,3518,17240,9313,11309
34041,52236,247,58,262,2619,3923,2622,6443,1837,1032,2041,686,3868,1340,2841,5885,7475,876,3799,1849,2533
35001,290876,594,443,1138,15838,11965,9538,32394,7189,7984,9743,4240,26830,2968,18999,26522,53018,5635,31918,7878,16042
35003,603,26,11,11,31,30,11,92,11,5,9,1,12,2,13,114,81,4,37,10,92
35005,25395,1350,1133,213,1491,1079,907,3617,1161,325,718,295,781,83,1075,1954,4112,282,3149,574,1096
35006,7390,23,364,118,289,158,152,767,118,66,136,59,115,32,420,724,1469,447,720,98,1115
35007,4551,74,82,68,224,116,97,639,52,45,128,56,110,19,130,391,738,59,810,221,492
35009,18924,1344,103,147,1072,1151,581,2567,681,203,533,242,593,355,585,2006,3127,203,2155,566,710
35011,709,41,6,17,57,23,21,97,13,21,19,10,15,5,22,82,106,10,63,10,71
35013,74699,1769,352,701,4819,2610,1710,9355,2293,963,2172,1041,3905,201,4347,8829,14858,869,8303,1542,4060
35015,25070,347,4559,311,1941,849,676,2891,910,224,551,374,797,119,1391,1780,2853,254,2457,684,1102
35017,9857,90,1155,87,509,171,133,1276,121,121,209,99,238,139,245,1379,1845,88,1076,234,642
35019,1546,16,2,22,85,17,14,229,17,22,25,12,33,7,118,169,260,18,337,30,113
35021,344,40,2,2,34,14,5,47,9,2,14,1,7,1,15,53,31,3,15,4,45
35023,1702,60,130,19,71,30,25,244,60,20,34,8,27,5,51,225,243,18,257,30,145
35025,27227,444,4568,385,2227,702,865,3535,1091,316,564,368,701,185,1144,2515,3078,358,2589,735,857
35027,5992,113,51,109,409,91,85,923,98,92,133,151,203,28,219,487,636,362,1188,187,427
35028,9614,14,11,50,164,107,55,501,54,155,219,93,4913,25,250,861,885,173,467,238,379
35029,8814,536,315,70,555,899,150,1190,190,54,161,89,179,22,228,791,1405,114,1018,149,699
35031,23134,82,157,282,1134,460,522,3192,408,199,431,276,317,42,621,3027,5201,418,2860,372,3133
35033,1133,31,7,23,76,22,12,92,19,20,23,2,34,11,36,170,302,21,79,38,115
35035,20192,261,220,173,1350,419,351,2816,542,355,515,267,864,70,1162,2297,3587,233,3005,444,1261
35037,3426,86,37,68,271,88,66,483,91,38,110,30,97,31,101,405,553,39,519,105,208
35039,10485,64,62,121,486,153,132,1042,157,91,214,82,1065,43,318,1016,1529,430,1227,242,2011
35041,7640,787,30,79,389,521,152,975,337,80,185,68,202,60,196,1236,1144,75,698,173,253
35043,59883,101,166,277,3342,3290,2013,7008,1433,1478,1791,783,4350,472,4116,5732,9416,2009,6108,1408,4590
35045,48274,425,4682,1122,3877,1048,1721,5958,1194,500,990,543,1349,325,1440,4879,7914,999,4839,1251,3218
35047,10037,78,43,118,440,140,110,1179,286,96,295,87,259,29,303,1459,2704,141,1078,205,987
35049,60004,225,134,330,2854,1059,1195,8145,970,1294,1806,828,5370,353,2828,5239,8959,1990,7663,2470,6292
35051,3633,107,38,42,211,72,51,583,53,38,76,42,91,11,100,341,817,96,483,99,282
35053,6457,140,45,77,299,198,105,745,177,52,133,54,367,31,190,1320,1166,106,739,122,391
35055,9994,33,58,117,591,221,126,1286,99,137,213,173,436,22,313,927,1920,589,1666,280,787
35057,3599,77,30,57,329,172,172,563,100,63,71,38,182,19,197,353,470,75,333,89,209
35059,1709,159,16,38,90,36,49,161,43,48,71,6,38,6,188,161,224,19,167,44,145
35061,27270,235,90,236,2047,1386,795,3622,1148,489,729,348,1532,278,1363,2612,4706,369,2844,600,1841
36001,146644,176,113,508,4115,6370,4229,14355,4419,2688,6997,1948,9988,2426,7095,16247,25663,1908,10721,5739,20939
36003,18126,247,60,60,606,2801,475,2214,417,173,438,117,419,161,542,2922,2732,194,1415,650,1483
36005,554160,235,35,1736,19650,13603,16541,61113,23335,12409,18782,20475,26686,7234,40462,46492,136939,11607,51191,22266,23369
36007,81803,231,143,578,2885,8469,3476,9061,1985,1039,1930,1020,3224,821,3478,10389,15143,938,7562,3280,6151
36009,31906,320,120,89,1133,4134,1014,4032,771,232,796,246,773,309,1281,4196,4350,992,2671,1244,3203
36011,34478,839,52,195,1485,4816,1278,4260,1137,327,883,338,1432,385,1129,3638,5190,428,2893,1201,2572
36013,51661,530,119,195,1699,8472,1522,6700,1308,555,1072,456,1295,613,2100,6331,7689,812,4461,2032,3700
36015,34507,106,179,112,1067,3776,1029,4092,977,283,1045,335,1574,586,1599,4227,6816,534,2917,1176,2077
36017,20706,147,25,59,800,3807,661,2299,566,381,1045,192,616,219,664,2793,2822,174,1296,674,1466
36019,34136,609,36,142,1140,3326,983,4739,1525,425,542,419,755,157,1128,4407,5828,373,2927,1042,3633
36021,27593,603,46,116,1497,1609,1043,3426,948,427,800,283,1231,327,950,2993,4936,403,2048,963,2944
36023,20154,249,69,58,701,2155,571,2207,552,179,524,175,796,180,919,3085,3119,300,1899,874,1542
36025,17296,140,105,126,735,1898,501,2074,459,298,513,162,518,121,396,2187,2878,226,1472,655,1832
36027,131533,701,130,1264,7003,7439,4174,15381,4385,2744,4422,1991,7223,1960,6277,17789,22574,2632,9948,4989,8507
36029,435930,947,175,1553,14712,37131,17902,48255,15264,5673,24020,6301,23271,13822,24286,45114,69065,7991,40854,18217,21377
36031,15810,214,98,36,656,1206,261,1736,322,213,300,147,419,111,304,2041,2900,619,1836,646,1745
36033,18318,318,13,65,591,846,313,2277,458,241,263,184,454,127,380,2634,3712,649,1483,559,2751
36035,23077,88,46,101,1021,2852,784,3014,1227,386,588,232,764,318,687,2432,4615,202,1540,980,1200
36037,28382,731,65,96,1274,3890,1261,3287,705,312,810,305,990,409,1090,3632,3932,544,2227,1065,1757
36039,19465,131,23,105,976,1201,732,2573,779,366,698,246,705,202,658,2047,2796,527,1743,722,2235
36041,1642,25,8,4,80,48,23,237,52,19,27,14,31,6,39,250,140,72,204,40,323
36043,28279,143,63,157,1042,3184,993,3347,994,368,1172,265,816,291,846,3448,5692,312,2163,911,2072
36045,36839,411,46,208,1568,2285,1045,5281,1175,552,816,467,1022,359,1638,4934,6550,380,3632,1452,3018
36047,1127140,398,74,3580,40258,27582,39011,106534,50337,44310,60617,32637,87835,16340,69356,95109,235159,22849,97436,47853,49865
36049,9278,288,17,94,461,1221,228,1058,274,73,173,94,201,55,197,1362,1560,59,775,319,769
36051,28696,485,201,83,1441,3512,1134,3144,776,341,812,292,1229,458,1293,4026,3718,351,2158,992,2250
36053,31275,247,42,145,1316,3449,1240,3376,1011,376,1210,371,1375,354,1031,4605,4643,465,3278,980,1761
36055,355427,785,176,1224,11109,37114,12037,37209,8950,5542,11560,5622,22288,9175,22381,50001,60290,4982,27999,13494,13489
36057,20181,137,43,66,899,2594,626,2586,1163,301,529,172,777,250,556,1889,4060,164,1309,590,1470
36059,679528,335,65,4039,32123,21457,30926,69702,25710,19309,41068,13551,51816,9956,34898,80564,120539,13013,46258,28431,35768
36061,778345,282,47,1374,14060,13073,26859,53124,14821,55132,87075,27560,103761,19092,46455,69209,100411,22406,68380,32785,22439
36063,100025,636,43,548,4287,12301,3492,12681,3520,948,4440,1201,4353,2183,5167,9225,14422,3244,9106,3423,4805
36065,98760,319,92,396,2558,9177,3117,10931,3564,1315,5398,819,3898,822,3429,11901,19724,1307,9945,3054,6994
36067,212899,627,124,1472,7262,15562,9661,23943,8227,2661,9103,3175,12618,3344,10764,27037,36276,3316,18554,7712,11461
36069,51407,538,50,149,2156,6133,2014,6031,1165,751,1666,599,2277,993,2261,6963,8240,895,4124,1837,2565
36071,167519,819,159,1321,7833,9132,8691,21746,7286,3665,5461,2544,8944,2272,9009,19901,27702,2566,11834,6702,9932
36073,18240,730,32,67,765,3033,532,2141,644,197,733,179,625,248,786,2046,2330,227,1238,557,1130
36075,49120,310,63,1498,2785,5143,2325,6429,1842,487,1543,587,2069,453,1867,4735,7318,614,4413,1555,3084
36077,24467,129,42,137,883,2053,675,2868,608,288,973,250,751,194,560,3361,5386,557,2113,715,1924
36079,48207,82,13,394,3176,1607,1833,4902,1447,1403,2304,876,3435,904,2224,6789,7106,1234,3283,2079,3116
36081,1010047,404,66,3663,45874,29167,39011,101847,51306,31292,56136,29190,73578,13946,59811,78146,188234,19170,96461,49540,43205
36083,76302,214,113,380,3614,4759,2337,7840,2334,1369,3344,944,4478,993,2872,9277,12765,980,5740,3014,8935
36085,206318,93,21,1437,11119,4674,6456,20202,10257,5779,12090,4483,14041,2699,11098,19764,41653,3665,14223,8119,14445
36087,145405,129,96,1090,6530,6016,6527,15718,4439,3959,5891,2866,9688,2485,8140,18260,27458,2531,9614,6397,7571
36089,36305,508,50,387,1286,2574,749,4609,1028,382,792,302,839,477,981,6520,6929,454,2856,1155,3427
36091,110723,378,152,447,4510,9222,4153,12020,3165,1671,5880,1467,8298,1669,4207,13485,16027,2076,8780,4000,9116
36093,74962,89,120,232,2555,4331,2362,8320,2964,1209,3263,1000,5507,1322,3405,8332,13068,1103,6018,2742,7020
36095,11191,135,77,89,546,761,358,1426,566,170,298,91,380,70,266,1583,1767,156,1020,292,1140
36097,7514,128,35,14,262,937,154,872,234,66,162,64,309,106,211,1207,1192,106,664,237,554
36099,13375,171,18,33,438,1692,408,1769,366,133,288,125,389,129,443,1939,2090,136,1194,389,1225
36101,39820,455,150,165,1170,5465,900,4585,1156,401,1027,274,2387,1008,1920,5231,6401,461,2851,1274,2539
36103,747948,2230,186,3748,48222,45330,38601,85200,25580,16700,31803,10633,51300,9636,41754,91293,113026,13150,53072,29032,37452
36105,30510,284,73,144,1316,1572,1064,3855,1317,429,749,463,1039,430,1149,3703,6077,583,2175,1177,2911
36107,22477,139,115,108,920,3077,762,2446,811,245,481,194,793,225,828,3301,3805,410,1705,659,1453
36109,41304,329,152,133,925,2548,760,3843,976,503,1031,466,1978,287,1160,13121,5152,560,3544,1292,2544
36111,78103,615,127,577,3729,4357,2851,10068,3060,1569,2363,1196,3537,860,3445,9570,13264,1298,6947,2957,5713
36113,30188,126,108,131,1291,2408,926,3828,747,467,1117,313,1268,426,1319,3450,4938,690,3184,1189,2262
36115,27799,348,128,94,1439,3876,873,3666,722,358,848,265,958,303,1072,3008,4176,504,2187,799,2175
36117,43872,1095,59,311,2183,7168,1415,5093,1053,533,1174,466,1979,731,1997,5364,6108,461,2966,1337,2379
36119,424607,326,57,2297,19828,11112,14915,40449,11503,14200,28663,11208,34800,8725,22535,50408,71941,10586,29364,19583,22107
36121,17562,864,78,59,918,2250,618,2091,529,158,381,151,613,274,918,1905,2301,311,1104,633,1406
36123,9077,210,14,17,464,1385,269,1205,248,79,183,92,245,86,263,1172,1487,94,713,341,510
37001,70145,176,39,164,3393,9786,3132,8513,1824,837,1955,687,2445,914,4747,7809,11347,813,6418,1640,3506
37003,16007,133,14,57,565,4746,671,1714,537,94,301,94,393,290,763,1143,1618,184,1192,360,1138
37005,3827,102,7,12,183,598,105,459,96,34,81,31,102,85,199,339,579,120,334,80,281
37007,10056,239,19,22,447,2245,413,1100,286,93,153,61,286,122,522,675,1347,63,793,252,918
37009,9729,150,13,34,711,940,440,1266,217,127,268,107,280,278,331,1100,1524,124,989,234,596
37011,5804,60,30,30,342,464,171,716,129,52,105,81,158,50,307,612,835,284,623,249,506
37013,18996,573,5,59,910,2516,662,2407,400,224,407,177,537,274,1116,2177,2946,170,1615,476,1345
37015,6856,297,0,22,183,1036,289,843,184,46,104,52,144,45,409,709,1308,43,492,134,516
37017,11766,486,3,60,564,1992,366,1498,346,108,231,104,329,137,750,968,1898,83,902,217,724
37019,41165,218,13,695,2440,1965,1432,5957,1104,802,934,1043,2144,295,2462,3621,5834,1457,5105,1019,2625
37021,110036,356,88,391,4720,10385,3474,14373,2580,1582,2697,1314,5217,1079,6848,8490,20471,2177,14571,3713,5510
37023,34501,123,26,71,1185,8274,1282,3940,866,290,534,260,874,472,2172,2744,4690,374,3049,788,2487
37025,92785,351,56,355,5430,7270,4805,11129,3407,2091,5461,1201,5396,2979,6280,6960,12513,2265,8732,2393,3711
37027,34856,88,26,112,1294,8107,1785,4200,1068,319,597,257,944,665,1997,2742,4344,364,2891,751,2305
37029,4064,73,2,22,244,220,157,478,139,44,121,82,253,28,163,496,544,53,352,137,456
37031,26031,200,4,145,1394,1292,753,4125,590,306,602,514,1118,183,1353,2632,3671,606,3734,923,1886
37033,9696,50,18,38,487,1732,375,1171,274,107,232,74,303,113,617,939,1467,106,741,227,625
37035,70694,183,23,209,2610,17173,3452,8163,2504,693,1395,573,2420,1616,4625,5002,8064,1013,5904,1517,3555
37037,29245,175,39,123,1305,3300,1162,2900,525,574,849,331,2001,404,1579,4583,4359,398,2275,869,1494
37039,9854,80,20,60,586,844,233,1480,183,118,234,90,471,61,301,960,1299,617,984,272,961
37041,5689,204,1,24,275,614,330,669,187,78,118,82,191,29,213,545,867,48,540,172,502
37043,3616,15,5,57,212,241,78,503,55,43,127,40,175,25,110,403,515,122,398,87,405
37045,40249,151,30,166,1874,7591,1562,5059,1554,358,737,341,1038,387,2638,3872,5316,482,3482,891,2720
37047,20928,327,7,117,1128,2103,657,2951,543,259,557,296,689,257,1391,1885,3703,178,2066,480,1334
37049,35804,391,24,116,1424,4123,992,4913,894,472,689,418,1570,338,2184,3300,6024,558,4352,942,2080
37051,103949,518,15,289,3905,8441,2778,14550,3418,1358,1944,1338,4636,930,7601,10581,18409,1059,13039,2797,6343
37053,11176,58,11,73,1003,509,394,1584,332,149,295,455,580,104,629,1119,1161,243,1164,376,937
37055,15224,56,2,88,1079,588,366,2406,254,197,329,1278,570,56,759,1087,1053,396,2904,425,1331
37057,72896,170,55,230,3459,13407,3850,8983,2776,788,2248,778,2699,1703,4807,5922,9332,1070,5944,1676,2999
37059,17707,36,21,38,882,2914,697,2178,786,204,557,181,694,425,1101,1493,2429,349,1498,403,821
37061,20253,1503,11,79,1018,3723,675,2450,498,119,333,141,472,432,891,2130,2417,107,1481,394,1379
37063,139219,239,29,194,4264,7881,3948,13350,2561,3140,4947,1649,10617,1591,9459,20023,29989,1891,13203,3683,6561
37065,21835,417,12,60,824,3732,811,2824,519,402,420,189,713,401,1303,1753,3280,147,2055,433,1540
37067,157698,168,66,197,5632,15377,6523,17690,6091,2031,7115,1884,7299,4693,13332,15471,25404,2777,15483,3753,6712
37069,28248,296,32,102,2100,3006,1316,3858,771,465,785,320,1598,352,1793,2444,3409,355,2264,796,2186
37071,106375,176,60,698,6085,16253,5666,12819,4481,1721,3795,1381,4608,2168,7519,6784,13509,1748,9663,2634,4607
37073,4518,143,2,25,275,603,164,559,179,38,97,55,161,40,213,508,620,41,317,142,336
37075,3044,16,2,12,320,149,85,331,47,25,67,18,75,12,113,319,410,186,412,75,370
37077,25018,148,14,79,1355,3511,904,2866,697,403,608,282,1292,236,1587,2377,3947,208,1816,515,2173
37079,7792,272,3,12,519,1217,283,881,160,56,133,70,199,106,407,847,1223,65,612,152,575
37081,227773,328,64,302,7453,25008,12400,25500,9791,3869,10372,3009,10030,5548,20449,20684,31790,2988,22775,5644,9769
37083,19852,330,4,135,675,3311,639,2483,800,169,317,146,458,181,924,1934,3095,106,1968,467,1710
37085,44759,346,47,191,2876,4746,1777,6494,1097,548,1034,501,2188,537,2916,4638,5887,518,4576,1166,2676
37087,25210,94,22,134,1450,3393,544,3226,410,262,542,240,868,187,1026,2134,4104,926,3013,807,1828
37089,44099,541,27,140,2250,5510,1655,6081,1019,547,973,482,1706,384,2516,3543,7658,788,4779,1407,2093
37091,7647,184,2,29,275,1001,416,865,293,72,137,55,156,51,443,877,1274,43,570,230,674
37093,16118,134,8,62,670,2095,374,2147,463,132,224,157,560,156,1040,1655,2983,134,1729,372,1023
37095,1626,116,0,10,100,72,78,257,40,6,29,31,32,7,57,197,154,11,189,36,204
37097,79633,380,62,404,4230,12101,4492,9519,2861,1008,2500,880,3790,3091,5484,5646,8909,2116,7421,1974,2765
37099,13363,49,25,37,665,683,314,1679,251,118,234,122,452,78,628,948,1949,1522,1732,349,1528
37101,82790,761,93,332,6274,8079,4210,10751,2016,1376,2345,994,4498,1294,4803,7256,10556,960,7160,2168,6864
37103,3796,109,6,8,229,431,111,492,105,32,65,27,111,42,208,440,594,27,363,80,316
37105,24592,145,29,164,1396,4671,1042,3006,552,277,481,236,985,228,1872,2364,3001,313,2035,518,1277
37107,23550,444,11,67,1129,3952,757,2713,560,222,524,200,601,394,1397,2121,3783,176,1979,526,1994
37109,36960,116,14,333,2348,6068,2151,4216,1538,559,1322,428,1844,897,2504,2491,3869,637,3054,905,1666
37111,19494,108,89,40,817,5075,558,2354,432,171,329,128,466,161,975,1520,2698,207,1697,490,1179
37113,13429,57,21,34,973,714,279,1985,216,186,365,159,1006,104,577,1182,1859,465,1745,470,1032
37115,7665,26,16,94,549,898,240,920,187,70,141,68,259,78,333,799,1267,138,754,228,600
37117,9724,258,5,51,378,1464,351,1229,190,97,217,77,227,91,468,1078,1613,77,960,168,725
37119,490786,725,118,1323,19338,27455,24556,52488,21600,15662,39995,7999,40683,21651,44653,29880,58009,11349,48620,12564,12118
37121,5554,19,195,19,276,747,189,710,146,34,109,58,119,55,295,629,808,70,433,166,477
37123,9644,137,12,14,562,2358,321,1077,206,78,222,73,252,180,461,808,1281,125,701,174,602
37125,33377,251,42,128,1490,2768,960,3983,695,377,802,331,1373,363,1747,2978,7398,818,3962,949,1962
37127,39526,657,39,88,1922,5758,2090,5073,911,768,931,424,1523,828,2102,3711,5417,321,3577,798,2588
37129,90285,332,23,439,4462,4703,3367,11737,2072,2723,2436,1791,6094,909,5394,8346,14449,1911,11923,2858,4316
37131,6599,137,2,33,225,969,372,803,312,50,90,47,136,45,319,628,1029,27,513,176,686
37133,51079,298,23,327,2813,1972,1370,8235,1225,623,1143,962,2807,498,4539,4817,6446,648,7790,1426,3117
37135,63866,206,32,187,2216,3512,1867,5908,869,1337,1967,734,4526,782,2931,14868,10902,893,5543,1915,2671
37137,4435,68,1,25,274,525,111,625,83,54,60,69,138,38,249,449,633,97,411,150,375
37139,16391,205,2,61,806,1002,550,2201,571,153,325,297,710,115,764,1851,2515,238,1897,565,1563
37141,22127,432,11,105,1611,2030,1137,3276,575,369,426,326,1109,189,1198,1876,3088,312,2240,602,1215
37143,5067,116,3,26,274,339,252,665,170,51,105,86,198,26,219,564,762,66,488,167,490
37145,16477,128,3,149,981,2117,465,2062,321,185,374,137,706,176,999,1853,2718,199,1312,417,1175
37147,68715,620,18,434,2425,6912,2175,7819,1197,990,1539,712,1948,1141,4586,9605,13498,564,7180,1427,3925
37149,7932,112,7,30,494,920,313,956,198,84,157,81,298,84,520,725,1319,147,795,224,468
37151,60688,295,58,156,3202,14103,3255,6948,2051,572,1604,663,1804,918,3661,4605,6875,753,4849,1489,2827
37153,17598,210,63,96,812,3070,388,2395,407,133,293,187,474,176,878,1637,2891,183,1699,385,1221
37155,42549,460,20,139,2077,6658,1156,4918,1103,265,794,297,889,384,3006,4602,7440,236,3927,636,3542
37157,39045,144,28,186,2199,6991,1961,4935,1301,419,1176,410,1378,688,2788,2872,4856,413,3091,1023,2186
37159,58822,367,128,236,3411,8243,3302,7505,2686,608,1438,510,2198,1226,3808,4361,8386,1119,5263,1312,2715
37161,26406,126,35,125,1378,4412,963,3324,760,438,481,200,659,237,1815,2696,3866,310,2361,561,1659
37163,23832,1772,7,77,1328,3653,994,3039,606,231,380,153,584,473,1211,2265,3194,128,1829,501,1407
37165,12786,97,9,35,473,2327,338,1600,355,79,216,90,291,131,849,1254,2098,88,1316,217,923
37167,27045,284,32,74,1851,4310,1119,3162,593,269,673,248,893,484,1351,2463,3946,422,2216,737,1918
37169,20082,59,26,60,1280,3151,896,2407,869,191,772,175,741,510,1292,1576,2720,341,1593,523,900
37171,29730,202,41,81,2057,4380,1037,3536,1293,314,753,260,893,873,1641,2706,4254,342,2647,833,1587
37173,5564,18,1,13,219,332,109,607,126,50,69,51,107,18,204,434,642,982,623,143,816
37175,11297,67,14,28,680,1112,361,1544,214,169,278,137,459,83,619,1138,1904,197,1135,395,763
37177,1408,94,0,3,68,77,59,182,27,10,27,39,34,12,47,201,122,12,161,58,175
37179,98245,574,60,296,6858,9865,5566,11760,3162,2182,5656,1312,6532,2934,6314,7026,11307,1862,8409,2820,3750
37181,18619,131,6,44,719,2598,761,2545,991,212,346,190,766,162,1258,1671,2715,145,1621,387,1351
37183,495271,1026,186,1622,20930,36901,24403,51045,9634,17804,21677,7955,53607,9856,36574,44477,61971,8899,42638,14017,30049
37185,7327,122,3,13,270,943,234,937,268,74,124,66,317,70,466,822,1051,62,599,156,730
37187,4377,261,2,14,137,560,176,598,116,37,81,50,113,23,212,399,626,34,436,99,403
37189,18194,36,20,57,800,798,431,2359,444,212,331,392,706,306,782,3457,2660,396,2610,465,932
37191,47336,1231,15,199,2015,7140,1993,6081,1133,434,1026,428,1296,694,2122,4862,6800,342,4466,1061,3998
37193,26200,194,26,75,1054,5082,1074,3124,979,291,535,247,768,1484,1288,2161,3499,307,2178,554,1280
37195,33607,565,15,47,1658,5178,1538,3773,721,532,860,301,966,774,1997,2945,4950,254,3112,655,2766
37197,16439,85,11,35,977,2948,634,1882,867,239,497,146,519,444,991,1295,2157,228,1324,328,832
37199,5996,32,47,32,456,817,157,779,182,68,118,66,171,58,256,694,800,93,520,180,470
38001,1094,35,41,6,34,31,76,144,41,22,41,3,34,6,14,75,321,4,69,35,62
38003,5564,86,19,62,382,580,334,592,170,74,203,34,188,36,122,728,1006,85,423,176,264
38005,2145,38,4,15,72,161,141,161,49,22,106,35,39,6,34,336,232,242,146,26,280
38007,449,4,72,3,56,19,23,23,45,5,11,10,12,1,7,40,27,22,28,10,31
38009,2890,51,163,44,154,110,209,340,109,28,141,23,113,19,58,399,367,34,243,54,231
38011,1705,37,125,16,107,40,186,205,84,26,77,10,49,8,11,153,281,37,127,33,93
38013,938,3,105,16,69,30,99,94,87,7,33,12,19,6,16,104,95,8,61,16,58
38015,53059,181,892,634,3793,1322,2295,6520,1532,716,2309,560,3098,1401,2035,4455,9939,946,4493,1924,4014
38017,92140,417,170,216,5650,7181,6174,10274,3218,2597,5905,1352,4925,2442,4172,7510,14658,1446,8191,3188,2454
38019,1666,34,10,33,85,56,176,176,90,67,105,8,29,5,13,180,285,6,114,77,117
38021,2457,121,6,14,112,323,231,309,46,60,72,11,63,19,48,235,389,16,183,52,147
38023,866,3,87,2,40,12,64,100,116,15,28,8,26,1,15,33,132,5,71,30,78
38025,1859,13,226,26,177,85,93,152,179,18,41,34,73,9,47,149,156,42,106,46,187
38027,1078,29,13,12,52,101,91,129,20,23,45,5,23,4,21,123,219,30,56,26,56
38029,1436,61,9,17,84,30,139,162,43,46,51,12,36,7,40,186,291,17,98,22,85
38031,1680,29,0,25,60,211,166,201,49,29,80,16,41,9,30,165,271,30,130,35,103
38033,771,24,31,6,39,16,83,103,53,8,31,6,15,2,8,92,117,17,30,19,71
38035,34711,425,144,220,1893,2379,1520,4992,1077,399,948,377,1329,203,1037,5051,6364,763,3454,955,1181
38037,851,15,22,9,38,39,61,76,30,9,42,5,26,3,25,113,184,13,44,16,81
38039,994,48,0,8,45,128,83,87,41,21,35,7,31,4,40,124,153,19,58,21,41
38041,1162,17,48,16,84,56,115,130,76,8,52,5,46,6,18,108,169,13,75,27,93
38043,998,52,29,6,65,34,63,129,22,35,50,5,44,7,13,121,142,13,65,25,78
38045,1861,70,5,20,74,155,236,175,43,39,122,15,42,23,28,252,266,22,117,63,94
38047,755,22,3,8,38,19,92,67,33,10,38,5,18,1,13,87,175,6,44,27,49
38049,2406,65,92,54,169,72,249,296,136,21,87,13,59,7,58,295,326,26,165,54,162
38051,1077,43,2,15,42,27,108,110,24,8,58,10,33,8,15,132,279,8,59,28,68
38053,4893,17,623,46,534,61,247,411,582,35,104,111,184,19,113,323,292,124,438,135,494
38055,4194,41,278,212,324,85,306,429,117,91,167,21,119,37,111,444,607,83,286,121,315
38057,4621,15,360,695,579,72,170,474,115,97,151,10,117,57,76,377,567,78,296,79,236
38059,17058,109,377,303,1344,770,817,1945,565,220,699,153,941,300,614,1369,3082,356,1411,573,1110
38061,3722,15,484,25,251,106,174,343,323,77,72,54,93,23,77,335,258,140,254,87,531
38063,1110,56,5,8,51,43,99,109,33,16,62,8,26,7,24,137,229,7,89,31,70
38065,838,9,58,71,103,31,44,65,17,18,26,7,32,10,21,68,105,27,49,18,59
38067,3367,233,12,26,192,481,273,417,127,24,140,16,61,12,84,302,476,35,199,83,174
38069,1916,13,30,17,126,96,161,260,52,22,148,14,70,8,31,186,340,23,150,62,107
38071,6006,62,21,43,292,238,317,873,139,120,270,75,143,39,132,792,1032,208,622,127,461
38073,2834,67,12,7,146,618,194,273,60,20,97,15,73,24,53,262,510,22,169,86,126
38075,1063,23,83,12,74,39,86,142,55,10,32,24,27,3,27,142,116,7,71,32,58
38077,7936,212,26,49,463,1440,541,876,258,87,253,77,241,95,193,898,1055,175,472,202,323
38079,4478,25,80,35,193,151,163,502,85,63,103,105,46,7,81,633,622,396,211,39,938
38081,1976,82,8,10,85,571,138,170,56,23,64,5,34,20,38,194,200,36,98,61,83
38083,538,8,27,5,18,17,46,56,23,6,18,9,22,5,9,62,95,6,32,16,58
38085,1013,17,10,4,33,14,30,64,13,5,9,28,14,3,14,182,84,176,47,32,234
38087,328,15,25,7,28,8,18,38,20,7,9,0,9,2,3,40,40,7,14,6,32
38089,17814,65,1969,164,1474,1167,1111,2049,1307,281,449,290,653,89,451,1169,1979,350,1497,558,742
38091,722,17,3,6,59,86,73,79,25,7,47,3,17,3,19,92,99,2,43,9,33
38093,11431,179,35,63,510,1202,675,1430,392,152,437,77,450,119,245,1297,2001,136,897,334,800
38095,1007,80,5,16,43,85,93,95,13,13,66,2,25,4,13,107,186,17,45,16,83
38097,3370,174,11,16,184,291,269,347,159,38,162,22,104,9,44,589,483,37,199,73,159
38099,5526,456,10,29,231,556,391,576,185,113,203,37,126,27,128,519,1248,65,271,140,215
38101,33447,162,1886,239,2350,714,1985,4785,1574,507,1344,595,1156,166,1063,2951,5214,525,3762,1216,1253
38103,1780,37,17,16,59,83,189,229,29,33,88,18,37,3,17,196,386,23,142,57,121
38105,18980,122,3405,191,1587,371,1446,1928,1378,142,432,745,674,54,547,1247,1575,307,1568,488,773
39001,8247,16,32,166,458,967,315,1144,235,87,230,71,212,66,366,795,1607,59,869,179,373
39003,45102,177,36,139,2037,9076,1810,4719,1452,538,1023,310,1247,491,2997,3538,7678,482,4190,1628,1534
39005,22184,234,64,106,1016,4565,1128,2598,743,268,452,172,950,291,1059,1903,3326,176,1718,639,776
39007,38612,438,88,363,1708,8560,1341,4061,993,443,870,275,1248,628,1752,3068,6612,374,3332,1258,1200
39009,21153,54,106,151,1147,1479,648,2390,540,282,452,245,573,279,881,4556,3624,155,2223,545,823
39011,22636,106,13,98,1052,6797,926,2199,657,236,435,144,572,189,860,1696,3190,272,1751,864,579
39013,28488,36,1797,328,1477,1656,1243,4064,889,396,886,331,1001,347,1387,2030,5451,311,2773,889,1196
39015,18369,28,39,164,1188,3118,792,2128,669,264,650,187,711,269,902,1521,2778,204,1588,499,670
39017,174400,135,126,680,7478,21695,10994,19899,6208,2651,8931,1996,9204,5494,11178,15005,24000,3258,16061,5018,4389
39019,12114,29,188,63,795,2444,549,1364,438,110,306,149,381,156,525,809,1892,131,1022,381,382
39021,16492,106,21,44,581,4297,647,1604,855,169,410,115,551,207,1015,1474,2009,180,1182,480,545
39023,56982,380,52,219,1759,9501,2288,6319,2760,617,2300,579,2148,1023,3359,5016,8872,589,5460,1732,2009
39025,97919,130,84,360,5227,11434,5224,10854,3590,1797,5186,1374,6392,3586,5511,7127,13485,2146,8543,3183,2686
39027,18189,91,26,83,749,2833,884,2163,1674,302,604,179,594,316,964,1596,2264,271,1547,408,641
39029,45143,187,352,532,2279,8521,1759,5470,1838,415,968,408,1244,508,2167,3406,7634,529,4214,1413,1299
39031,15030,101,139,213,798,3362,490,1735,479,167,340,84,392,183,672,1225,2440,144,1255,419,392
39033,19422,212,26,109,848,4339,728,2061,600,242,658,174,727,218,1163,1410,2887,178,1596,538,708
39035,583272,474,340,2686,16352,54319,27367,56790,18620,11084,27348,9717,34533,16258,40184,45863,117269,13409,52542,18058,20059
39037,25312,506,29,95,1385,6528,1260,2512,1073,277,754,198,785,169,1008,1761,3519,285,1780,746,642
39039,17653,199,26,89,710,5442,576,1877,512,179,478,133,348,143,699,1398,2378,142,1292,550,482
39041,93322,240,78,556,3251,6423,4101,8946,3164,2197,7101,1243,8266,5365,5471,9919,11743,1870,7057,2779,3552
39043,33954,285,58,201,1337,5967,1218,3778,958,437,698,330,860,366,1422,2644,5674,1270,4382,1016,1053
39045,68452,131,92,553,3339,5918,2832,7669,3601,1071,3330,869,3235,1896,3887,6598,10894,856,6201,2017,3463
39047,11804,114,18,55,452,2073,572,1623,764,107,383,107,319,134,564,867,1704,128,1049,247,524
39049,604719,1003,268,3202,16975,33875,25231,62548,32239,13120,39914,8981,41667,25123,51168,54302,86909,10287,56597,18146,23164
39051,20959,264,28,82,1082,4805,1001,2126,723,209,504,162,725,274,859,1901,3050,329,1594,566,675
39053,11113,32,38,314,525,1124,268,1419,364,120,334,73,274,86,407,1254,2794,74,885,307,421
39055,42640,190,62,196,2074,6331,2404,4141,1010,620,1968,571,2500,990,2128,3805,6955,699,3013,1475,1508
39057,65362,146,66,226,2215,6354,2304,7568,2219,1655,2240,689,5348,1407,3364,7415,10770,850,6687,1835,2004
39059,15231,44,406,87,823,2122,528,1928,618,154,303,112,483,153,602,1260,3013,85,1565,422,523
39061,389873,315,162,1942,13743,33826,19337,36531,14607,6917,21529,5126,25360,16768,29050,29116,64251,9805,37778,12195,11515
39063,35399,92,60,181,1156,8145,1246,3513,2181,383,654,322,1159,1398,1786,3038,4540,295,3251,1182,817
39065,12146,160,12,48,387,2989,486,1127,530,121,332,101,350,130,633,1293,1530,126,1039,352,400
39067,5946,15,306,102,344,727,248,727,220,80,116,65,144,52,228,448,1114,49,441,184,336
39069,12799,122,14,59,680,3455,410,1174,558,149,310,121,289,70,418,1270,1869,94,922,408,407
39071,17148,84,45,82,909,2936,688,2157,1148,213,522,110,466,221,834,1559,2580,168,1473,428,525
39073,10261,51,92,76,626,1411,265,1164,303,97,241,112,233,126,439,1009,1966,84,1176,317,473
39075,17548,152,121,70,1791,5141,785,2294,608,139,460,93,480,191,523,909,1568,126,1323,373,401
39077,27024,580,50,164,1542,6207,1037,2908,954,330,556,225,647,287,1160,1805,3897,475,2517,828,855
39079,11670,42,47,104,571,2310,280,1382,294,109,292,95,259,86,632,1287,2011,68,988,305,508
39081,25949,21,370,532,1254,2589,954,3500,1143,389,659,273,686,278,1201,2218,5169,360,2542,829,982
39083,22239,199,91,119,1235,4000,685,2491,540,275,693,183,634,372,1046,2528,3499,246,2028,714,661
39085,117491,595,174,831,4702,20048,5416,11962,2480,1493,5698,1487,5733,2557,5842,9762,19450,1838,9823,3622,3978
39087,24642,27,50,188,1270,2123,734,3199,867,254,645,252,817,222,1294,2316,6438,180,2309,654,803
39089,77034,498,105,528,3847,7745,3096,8636,3486,1095,5040,871,3884,2497,4671,6766,10708,983,6891,2587,3100
39091,20615,148,33,77,771,4868,862,1947,1387,173,425,164,836,334,1653,1541,2531,196,1516,526,627
39093,140791,850,111,793,6099,19959,6241,16003,4423,2137,4849,1626,6663,3583,8015,11946,23110,2278,12356,4278,5471
39095,192859,406,147,873,8218,25582,8207,21433,8568,2341,4422,2122,8590,4493,13518,15287,34074,3379,19070,6505,5624
39097,19794,141,20,115,982,2555,926,2328,1298,337,793,193,992,507,1143,1599,2368,273,1574,498,1152
39099,98621,136,191,557,4225,12488,4245,12275,3660,1202,2350,1058,3204,1633,6904,8296,19058,1319,9402,3228,3190
39101,26779,211,34,109,933,5997,915,2980,1055,528,668,303,767,377,1613,2078,3848,248,2220,803,1092
39103,88314,189,94,414,4224,11079,5322,9719,3502,1508,3343,1066,4866,3930,4483,7215,13221,1532,6977,2591,3039
39105,8463,144,74,178,574,701,191,1086,294,85,252,48,210,75,324,1078,1673,41,769,239,427
39107,21645,412,30,45,1043,6820,866,2090,815,273,637,116,470,115,579,1710,2860,185,1410,721,448
39109,49836,161,36,226,2317,11656,2201,5182,2090,603,1240,425,2016,722,2786,4064,6526,505,4202,1512,1366
39111,5080,30,369,66,362,411,168,689,213,56,204,31,127,40,214,421,799,27,421,169,263
39113,231203,314,105,976,7684,25407,9232,24951,8434,5547,8929,2816,13242,4218,16558,20481,42818,3298,23038,6812,6343
39115,4947,15,115,44,361,603,276,623,165,53,162,25,109,37,173,477,841,21,441,128,278
39117,13525,76,25,70,767,2437,485,1661,467,189,388,159,445,242,747,1110,2034,192,1133,344,554
39119,34696,113,412,258,1992,4112,1211,4448,1755,481,1009,276,948,463,1776,3414,6255,370,3226,1095,1082
39121,4980,6,174,39,390,541,216,585,191,62,140,42,149,92,163,437,959,20,387,132,255
39123,18571,81,83,286,942,3363,647,2053,737,204,415,180,538,282,684,1480,2711,518,1917,598,852
39125,9010,436,19,43,390,2567,371,899,308,88,242,52,204,64,315,694,1181,56,596,229,256
39127,13154,50,215,101,801,1923,508,1593,454,159,370,102,396,171,585,1184,2369,122,1104,369,578
39129,25135,140,30,154,1347,2624,1171,2978,1651,398,964,285,1032,626,1389,2391,3438,334,2100,695,1388
39131,10299,52,32,82,536,1503,300,1263,389,126,255,75,320,89,847,948,1752,60,950,264,456
39133,71583,159,206,269,3231,11702,4228,8306,2280,1002,2255,852,3357,1906,3389,6879,10009,1108,6110,2201,2134
39135,18049,92,39,105,837,3880,784,2035,710,229,506,157,568,171,865,1718,2579,179,1614,575,406
39137,17104,186,23,46,928,4471,705,1614,576,183,401,105,434,186,686,1573,2647,107,1210,509,514
39139,49948,160,47,248,2180,10019,1801,5492,1378,747,1237,404,1456,461,3617,4002,8198,520,4368,1490,2123
39141,27951,116,41,176,1249,4222,844,3576,1030,355,681,203,621,316,1482,2360,5595,220,2561,644,1659
39143,29662,130,61,226,1326,8327,895,3067,988,250,643,311,796,406,1244,2209,4168,431,2516,871,797
39145,28095,49,42,162,1546,2760,751,3328,816,242,705,319,866,207,1667,3040,6497,144,2631,621,1702
39147,25805,125,102,122,1172,7064,948,2883,979,323,504,210,634,344,993,2332,3504,215,2022,756,573
39149,24346,106,17,85,1232,7820,1158,2325,712,213,479,155,691,240,1257,1704,2807,208,1834,736,567
39151,169836,363,668,842,7686,26921,7919,19217,5203,2415,5473,1708,6515,3701,9958,13978,29402,2203,15774,5924,3966
39153,252751,218,315,1226,9223,29769,13202,28271,7997,4311,9657,3061,13980,11534,16722,20270,42011,4421,21316,7968,7279
39155,85512,173,146,474,3383,14367,3810,11146,3288,962,2150,952,2572,1333,5201,6674,14534,995,8005,2714,2633
39157,42324,175,841,292,2290,9363,1739,4759,1212,411,955,371,1283,369,1876,3038,6802,461,3796,1247,1044
39159,27304,182,38,165,974,3711,1219,2816,1200,524,1241,262,2201,994,2258,2292,3109,334,1844,730,1210
39161,14666,167,18,46,648,4047,530,1448,476,147,586,106,344,81,680,1125,2105,144,1108,511,349
39163,4782,21,34,37,277,932,117,514,181,47,134,38,90,42,191,507,845,20,407,100,248
39165,105123,162,64,336,4094,13042,6050,10622,3177,2434,5319,1264,7823,4767,5805,9018,14521,2641,8116,3000,2868
39167,26192,68,441,289,1704,3259,859,3206,937,321,1043,273,734,330,1108,2188,4823,194,2383,758,1274
39169,50393,418,387,230,2439,11430,2305,5724,1673,534,1373,404,1692,1101,2069,4631,6807,517,4043,1463,1153
39171,18296,146,22,95,639,6496,722,2059,541,201,347,114,333,113,609,1409,2118,133,1182,565,452
39173,59509,320,76,366,2756,9728,2337,5811,2736,742,1362,686,2522,1344,2707,6869,8946,842,5345,1931,2083
39175,10990,96,72,38,552,3116,374,1207,350,126,273,69,238,146,454,752,1550,65,820,359,333
40001,7031,205,43,92,271,1221,168,745,212,48,161,51,167,60,297,891,913,233,502,143,608
40003,2325,42,109,59,171,128,182,266,72,10,113,23,81,33,67,287,253,30,132,48,219
40005,4586,32,96,41,199,467,120,552,187,39,137,42,122,29,156,533,632,158,397,91,556
40007,2230,113,186,41,225,148,100,233,109,33,74,11,61,11,39,289,244,17,119,46,131
40009,7452,45,819,133,472,305,307,1047,282,67,280,139,230,33,203,622,994,71,722,164,517
40011,4676,80,237,68,320,464,222,538,151,70,141,40,146,30,138,482,542,157,316,103,431
40013,16537,89,216,121,699,1597,640,1744,540,155,459,124,603,347,580,1865,2225,954,1328,251,2000
40015,9023,138,349,244,552,457,297,1029,239,107,247,85,282,67,375,965,972,468,713,163,1274
40017,62177,159,2341,508,3331,4167,3000,6922,2319,864,2459,881,3434,1079,3856,5953,8666,1062,5296,1578,4302
40019,20749,69,904,134,1037,2267,671,2543,1270,195,637,274,788,96,942,1768,3155,495,1968,496,1040
40021,17839,672,125,299,760,1311,621,1921,335,147,444,281,380,137,659,2289,2933,607,1345,349,2224
40023,4567,21,72,81,230,413,100,473,168,36,102,16,137,28,130,470,738,271,341,228,512
40025,494,65,18,6,23,31,16,48,26,6,35,9,14,4,9,71,45,4,33,5,26
40027,116768,186,2425,922,5836,6878,4713,13292,3230,2042,4303,1753,6734,1542,7147,15030,16267,2117,12207,2767,7377
40029,1901,27,55,22,115,140,32,202,59,15,85,14,69,17,67,248,337,31,127,34,205
40031,42591,124,450,342,1924,3257,1071,5481,1307,522,1506,651,2230,295,2759,4761,6008,1026,5314,907,2656
40033,2097,3,38,20,109,218,64,266,79,20,72,21,71,47,88,233,225,128,157,36,202
40035,5675,89,55,127,272,450,218,786,217,64,211,37,179,85,282,448,1084,86,462,103,420
40037,32439,73,839,389,2245,3778,1441,4089,1276,407,1100,421,1386,357,1837,2827,4416,690,2667,762,1439
40039,10049,62,597,125,509,837,483,1144,318,135,322,155,384,40,346,1268,1245,307,875,261,636
40041,13758,256,101,170,749,2067,355,1675,402,102,368,107,392,185,654,1410,1779,633,1150,348,855
40043,2187,45,188,30,200,132,75,305,67,24,68,22,64,14,56,262,224,28,178,48,157
40045,1743,68,129,11,116,71,97,210,118,9,64,18,53,9,74,200,218,11,127,34,106
40047,24608,213,1403,168,1795,2019,1034,3205,869,271,794,297,1360,180,1191,2203,3403,402,2247,569,985
40049,9558,71,516,116,611,1013,245,1287,414,54,283,89,357,61,339,916,1336,219,851,196,584
40051,21617,173,858,272,1468,1850,1031,2437,773,261,750,286,928,212,914,2205,2965,349,1887,541,1457
40053,1983,29,134,24,202,121,121,223,77,19,67,14,64,29,64,219,256,29,113,40,138
40055,1624,7,80,23,81,87,57,214,46,19,73,11,42,4,35,179,275,30,146,23,192
40057,885,40,21,8,62,45,71,96,12,7,68,11,23,16,28,90,173,7,32,9,66
40059,1467,135,100,36,76,66,48,146,51,21,56,15,53,11,33,171,186,6,69,35,153
40061,3715,29,185,69,239,272,122,467,75,46,84,18,78,14,127,401,836,79,219,39,316
40063,4715,84,183,52,242,293,102,583,130,43,154,30,141,30,304,454,902,83,341,101,463
40065,8565,169,205,88,314,914,274,1071,283,84,290,99,198,61,288,1116,1419,80,970,138,504
40067,1918,38,102,16,115,169,85,263,85,21,91,17,63,8,68,188,250,29,134,38,138
40069,3683,30,162,32,144,470,101,405,130,30,73,27,104,37,135,422,657,94,237,59,334
40071,17568,54,526,207,1179,1846,461,1982,525,206,450,155,622,483,785,1749,2297,907,1508,369,1257
40073,7012,195,663,107,472,419,321,840,289,328,245,69,237,40,232,625,844,78,519,156,333
40075,3045,54,115,34,142,225,141,357,90,28,119,37,93,16,60,361,602,40,197,54,280
40077,3131,13,139,50,213,268,74,396,99,20,84,22,97,14,114,328,524,71,222,45,338
40079,16380,112,456,237,724,2087,449,1995,466,118,509,134,436,200,747,1771,2555,491,1218,308,1367
40081,12016,36,423,111,904,1127,511,1343,450,149,508,122,536,115,524,1169,1391,275,1019,237,1066
40083,18397,89,722,191,1220,1025,734,2125,569,247,718,263,1003,251,1051,1856,2747,444,1618,457,1067
40085,4131,30,102,53,157,550,90,470,380,33,77,24,124,14,126,301,401,461,451,61,226
40087,15193,100,577,162,1228,934,616,1734,537,209,522,158,750,163,638,1624,2138,267,1436,358,1042
40089,11544,266,107,130,503,2097,229,1253,414,154,284,102,205,33,588,1166,1615,303,868,362,865
40091,6089,17,85,103,315,517,152,860,156,57,215,54,193,48,233,594,1078,228,511,131,542
40093,3734,139,393,51,286,239,166,415,142,31,131,35,137,25,121,388,433,29,249,68,256
40095,5661,17,102,34,213,1266,124,641,278,34,126,70,139,87,176,516,699,184,468,95,392
40097,15170,125,212,365,1053,2563,479,1699,421,164,421,117,478,190,897,1510,1771,280,1255,301,869
40099,5429,62,175,29,397,552,255,766,152,89,115,40,171,21,171,420,805,211,440,89,469
40101,26271,149,181,260,1313,3027,860,3010,839,338,705,370,653,172,1504,2283,4644,565,2297,508,2593
40103,4987,15,88,58,247,995,145,504,113,42,188,41,116,26,184,678,561,142,335,111,398
40105,3569,16,152,25,258,419,170,367,121,29,123,30,106,28,177,298,610,94,247,76,223
40107,4093,36,132,38,260,365,126,422,115,39,110,35,103,42,149,401,713,157,297,73,480
40109,325679,469,9142,2310,15405,19272,13916,37416,9890,5486,13923,5010,18941,6261,25404,29432,47062,5995,35120,8652,16573
40111,14230,57,174,159,847,1691,402,1672,447,143,480,139,430,192,644,1297,2380,390,1169,336,1181
40113,18877,73,750,255,1215,1813,593,1967,781,235,630,204,713,268,1071,1873,2401,612,1455,418,1550
40115,12775,283,87,103,545,1798,339,1402,285,77,323,104,349,99,572,1094,1925,978,1259,238,915
40117,6730,21,231,139,552,754,224,826,194,70,189,80,274,83,267,601,848,138,474,158,607
40119,32672,77,819,303,1653,2201,938,3819,625,409,916,420,1250,290,1497,6689,3868,596,3710,799,1793
40121,13002,54,483,131,619,1031,338,1685,536,118,341,133,365,61,544,1215,2273,349,1247,250,1229
40123,16050,78,383,187,748,1379,387,1606,351,106,465,226,1090,66,771,1763,2760,530,1191,298,1665
40125,26982,66,590,267,1285,2752,863,2935,639,405,836,290,1051,178,1436,2693,3598,608,2530,578,3382
40127,3190,42,64,47,171,237,69,410,99,29,116,22,90,16,88,418,575,99,175,105,318
40129,1063,10,86,22,95,33,44,148,59,10,33,6,27,6,12,175,111,24,56,19,87
40131,41455,114,543,643,2568,5342,1957,4598,2572,584,1351,535,1646,554,2446,3760,5144,1031,3218,891,1958
40133,10037,53,418,123,515,1200,281,1205,279,90,321,109,365,67,463,975,1409,246,858,180,880
40135,14286,129,155,164,698,1550,403,1847,423,139,379,117,395,189,750,1523,2342,661,1156,272,994
40137,16843,45,1255,134,907,1885,530,2124,741,172,650,187,604,109,765,1398,2464,283,1345,382,863
40139,8934,2366,315,158,471,551,304,871,158,196,230,45,201,172,220,811,634,54,635,163,379
40141,2866,120,43,47,123,412,95,236,77,26,105,25,74,56,74,332,364,76,218,48,315
40143,285738,389,4368,3557,13867,27486,12333,32696,12165,5958,11964,4766,14847,4414,23746,24270,41281,5761,26920,7362,7588
40145,34301,98,425,468,2231,4053,1621,3943,1543,577,1286,460,1544,508,2213,3015,4574,668,2775,858,1441
40147,22556,58,2877,173,1118,1406,673,2470,611,263,799,240,979,243,1453,2063,2977,475,2058,771,849
40149,3537,49,236,65,221,225,205,441,119,55,109,47,164,14,80,468,410,43,230,61,295
40151,3847,63,273,34,228,188,149,521,127,73,175,29,92,23,93,562,451,42,322,65,337
40153,9002,196,1011,145,619,488,407,1176,301,117,265,166,234,52,267,784,1095,75,796,287,521
41001,6027,338,22,110,298,599,158,819,168,70,132,64,236,47,144,484,935,72,599,272,460
41003,36692,1137,31,123,1439,3084,848,3487,791,714,761,415,1861,627,1515,7326,5433,580,3349,1419,1752
41005,188980,3497,147,971,12996,18705,11108,20859,6480,3852,7029,2957,11644,5024,10279,15660,25646,3090,15168,7249,6619
41007,18937,416,15,48,983,1434,496,2701,590,212,370,352,546,132,770,1359,2745,475,3662,701,930
41009,22602,531,70,215,1644,3300,1035,2422,957,370,630,298,1016,450,1058,1767,2896,320,1946,829,848
41011,22192,853,44,116,955,1738,458,2645,887,271,492,256,587,205,1325,1502,4641,280,2949,684,1304
41013,8500,351,20,55,662,792,619,986,395,100,174,102,293,59,388,564,1159,134,823,330,494
41015,7033,252,26,51,390,507,133,1006,159,75,137,101,245,57,211,459,1144,87,1142,231,620
41017,74874,1240,69,409,5907,5168,2609,9136,2007,1899,1945,1195,4311,764,4759,4559,11625,2496,8991,2720,3065
41019,39220,1736,153,210,1757,4699,1073,4704,1438,433,893,457,1019,540,2446,2739,6723,417,4050,1516,2217
41021,740,60,0,7,43,30,23,84,39,11,19,6,15,16,88,68,96,6,48,22,59
41023,2618,307,3,26,153,177,71,314,66,44,52,27,93,18,77,231,413,39,191,89,227
41025,2665,251,6,14,136,62,78,345,42,19,38,12,100,9,95,280,473,26,232,51,396
41027,11483,1731,8,87,452,1343,419,1156,237,150,137,95,593,89,311,940,1382,394,1210,373,376
41029,84270,2317,119,371,4194,7581,2743,12402,2947,1440,2225,1172,2653,1258,3837,5764,15691,1723,9026,3132,3675
41031,8801,503,7,96,444,1198,303,932,215,87,136,87,263,55,430,761,1012,169,943,262,898
41033,28671,687,29,117,1370,3151,1037,4181,824,342,798,449,837,352,1291,2027,5332,383,3058,1195,1211
41035,24011,1153,30,202,1236,1969,793,2814,711,255,476,220,795,479,1359,2348,4413,444,2191,874,1249
41037,2561,292,22,20,119,208,69,304,53,30,44,18,50,13,64,219,368,14,188,79,387
41039,151659,2810,228,729,7323,13975,6223,18553,4133,3372,3686,2429,6051,3263,9398,16402,25329,2777,14792,5727,4459
41041,19558,523,33,130,1011,1159,426,2705,513,217,299,355,622,140,971,1273,2670,795,3757,744,1215
41043,51651,2147,55,142,3242,6698,1815,5724,2156,651,1116,614,1764,769,2469,4939,7991,596,4025,1951,2787
41045,10463,876,88,114,412,1119,558,1371,384,162,196,64,224,33,330,861,1627,53,932,259,800
41047,136613,7476,222,390,9487,13783,4862,14925,3767,1648,4011,1753,5185,1668,8035,10022,20589,1715,11173,4772,11130
41049,4586,719,8,115,156,836,146,420,205,58,64,36,93,45,147,406,496,41,250,101,244
41051,382972,3001,123,1666,15840,30927,16882,36390,12541,10038,15510,7148,29222,14817,22987,37334,55805,6950,38291,16105,11395
41053,34184,1406,39,107,2107,2858,860,3319,833,457,1007,458,1333,455,1880,3502,5619,477,3001,1119,3347
41055,702,39,1,8,58,32,20,66,58,7,12,3,16,10,28,75,71,14,99,21,64
41057,11028,720,7,172,570,1542,293,1315,325,130,201,148,279,99,485,744,1370,177,1442,463,546
41059,31080,3061,40,296,1356,3726,896,3273,1529,347,493,272,797,231,943,2405,4177,290,3336,852,2760
41061,10775,503,9,44,710,1361,277,1390,325,138,239,105,280,61,269,1158,1787,143,883,359,734
41063,2754,228,3,19,166,179,110,323,96,26,80,63,90,7,62,210,502,31,226,100,233
41065,11669,1024,20,147,523,1088,328,1498,337,175,178,136,357,91,444,843,1985,195,1339,436,525
41067,279465,3710,180,1125,12878,37751,12662,26571,6858,7729,11480,4157,19692,11932,19611,23224,34481,4869,22897,10058,7600
41069,441,45,0,3,17,24,16,56,11,6,7,5,9,2,15,65,60,10,28,10,52
41071,44049,2552,80,229,2766,6544,1731,4517,1070,627,1124,544,1607,566,2150,4034,5575,711,3829,1508,2285
42001,50605,1166,166,194,3215,8502,1566,5665,2547,513,1320,387,2214,640,2161,4418,7000,744,4303,1791,2093
42003,599909,316,2629,4015,23688,31922,20493,62558,19501,10949,40732,7977,51129,23571,32346,55319,108250,11286,53511,21608,18109
42005,30915,146,670,352,1986,4181,1273,3712,1520,304,891,245,1304,604,982,2119,5777,365,2156,1259,1069
42007,77686,106,448,1173,3788,7476,3100,9206,4289,1038,3164,854,4955,2285,3903,5864,13153,974,6449,3125,2336
42009,21312,172,150,162,1320,3102,664,2836,1699,219,498,114,585,206,753,1734,3490,171,1883,653,901
42011,198764,2447,284,1366,9044,34407,7911,21525,8741,2225,6364,2079,9757,5519,12297,15997,31337,2336,13268,6109,5751
42013,52495,234,190,365,2743,5881,1950,6789,2645,722,1168,494,1949,768,2589,4544,10922,555,4105,1770,2112
42015,25496,219,662,183,1238,4162,868,2892,1391,309,710,238,869,408,923,1847,5263,254,1588,696,776
42017,323345,594,252,1281,17145,28398,18054,37395,10401,7051,16943,4142,28311,7182,17819,28149,52364,5960,21994,11872,8038
42019,86283,205,643,570,4442,9899,3925,10148,3497,1382,3537,834,5528,2895,4104,6655,14283,1016,6913,3264,2543
42021,56520,158,327,595,2737,4354,1949,6954,2789,857,2025,473,2496,710,2764,4933,12723,494,4222,2092,2868
42023,2050,5,15,11,56,757,46,182,57,25,40,5,46,37,39,113,241,16,154,69,136
42025,28667,130,81,205,1399,3301,1188,3255,1858,808,890,241,1199,470,1309,2523,5091,609,2250,870,990
42027,54707,210,205,263,2309,3737,1183,5570,1832,882,1261,776,2754,817,2030,14175,7426,612,4659,1667,2339
42029,251226,3417,199,1291,10639,18255,12231,25001,7686,5876,19083,3565,29031,9328,13544,22832,34472,3926,15545,9462,5843
42031,15551,79,214,134,775,2276,498,1943,561,143,400,108,394,143,550,1391,3246,81,1257,670,688
42033,32845,110,476,318,1647,3795,1049,4447,2186,281,825,312,1141,349,1158,2496,6711,211,2450,1368,1515
42035,15765,136,251,72,859,2604,491,1848,677,169,354,162,501,132,632,1611,2338,120,1312,577,919
42037,27995,128,60,674,1052,4150,748,2978,1616,420,925,192,1049,1092,984,2492,5072,329,2163,793,1078
42039,34751,283,214,223,1197,7569,892,3842,1048,362,829,215,971,253,1289,3023,6421,366,2754,1414,1586
42041,112666,438,89,365,4124,8036,4051,12505,9486,1646,6761,1128,7279,3594,6900,9359,15198,1500,8229,4497,7481
42043,130879,451,75,579,4345,9401,4868,12865,8929,1680,7809,1259,6570,3277,9946,8830,20143,3552,11093,4429,10778
42045,273610,347,83,1365,11272,13806,9819,26920,10932,5120,16964,3903,22275,7356,15920,29401,53699,4723,20702,10600,8403
42047,15985,59,110,88,605,6069,311,1438,539,145,311,83,508,124,319,862,2399,85,867,528,535
42049,120103,512,157,636,3938,18154,3591,14010,3315,1366,5362,1012,3806,1032,5815,10635,24509,2481,10932,4810,4030
42051,53591,97,1475,447,2951,5362,1875,7164,2599,613,1217,523,1969,796,2463,4037,9925,717,5528,1706,2127
42053,1873,15,41,7,81,235,53,224,86,18,48,8,58,19,76,110,389,16,170,57,162
42055,68443,812,181,250,3415,9937,2336,7926,5384,760,2816,481,2744,923,3670,5097,10550,789,5269,2360,2743
42057,6264,65,116,38,383,1231,194,769,379,66,181,31,143,65,154,485,917,50,428,204,365
42059,14501,12,1075,167,957,882,462,1657,551,167,438,190,680,252,508,1321,2589,145,1113,506,829
42061,16816,190,79,134,1156,2155,530,1867,729,200,505,143,509,163,556,1821,3083,158,1249,524,1065
42063,32287,257,1072,466,1857,2763,1552,4063,1294,356,1321,282,1308,597,1229,3007,5505,341,2482,1283,1252
42065,18853,97,483,158,1025,3148,531,2284,862,169,387,145,523,167,497,1537,3890,117,1346,675,812
42067,10439,164,24,54,654,2377,350,1138,560,107,448,65,300,110,296,702,1342,121,647,314,666
42069,93714,177,238,476,3465,8813,3897,10849,6093,1442,3820,771,4468,1433,5742,8452,17454,1018,7832,3161,4113
42071,252307,2547,388,1107,15954,36949,13120,29683,11708,3411,7725,2271,11916,5572,13104,17168,40975,4285,20116,8405,5903
42073,38860,79,250,304,2210,4603,1454,4783,1624,423,1508,392,1570,828,1866,3306,7427,369,3103,1382,1379
42075,65286,451,50,289,2856,8891,2571,7065,3986,834,1955,507,2415,1411,3711,5220,11478,2068,4947,2087,2494
42077,169853,424,149,802,6555,18134,7344,17800,11606,2749,5999,1726,8760,5154,13511,14156,30112,2321,13426,5119,4006
42079,143795,211,443,1315,5302,15789,5955,17451,10574,2879,5738,1008,5659,2503,9315,11300,24995,1620,12228,4065,5445
42081,51940,161,745,419,2461,7373,2147,6106,2295,602,1628,624,2047,754,2666,4455,8661,394,4328,1905,2169
42083,17141,96,382,117,673,3441,546,1796,598,163,424,72,457,292,572,1468,3183,167,1152,588,954
42085,46602,138,268,175,1995,7085,1527,5828,1879,435,1478,438,1301,754,2177,4022,9171,464,4104,1570,1793
42087,20373,212,38,84,1000,4587,601,2287,977,234,512,127,501,233,549,1667,3614,154,1491,603,902
42089,63183,113,129,299,2754,5315,2132,8236,3829,927,1896,837,2706,922,3704,5873,9659,1267,8541,2132,1912
42091,415422,520,224,2048,17495,32116,20381,43425,10327,9801,27650,6022,46222,12160,24290,40275,64671,5971,26469,14976,10379
42093,8479,71,27,110,248,834,224,850,374,63,378,47,260,545,243,595,2377,71,620,194,348
42095,144312,361,119,829,6005,16126,6263,16473,7753,2459,5229,1458,7046,3690,9472,13958,24248,2053,11799,4582,4389
42097,39952,409,226,357,1599,5669,1457,4594,2062,401,1273,268,1271,1254,1383,3291,7787,426,2924,1244,2057
42099,21288,200,21,86,1395,1633,963,2591,2057,225,1366,175,1075,466,881,1549,2741,226,1343,809,1486
42101,614983,660,149,4458,16550,27890,17336,58480,25986,11645,27779,8392,38473,11345,41569,54165,146834,10105,55542,22490,35135
42103,21381,57,61,121,1046,1380,766,2977,1065,321,601,293,830,343,1063,2111,3467,412,2511,1031,925
42105,6007,68,52,18,276,943,215,753,356,189,114,18,214,34,255,560,976,44,366,176,380
42107,64533,554,476,544,2854,11322,2337,7632,4591,697,1623,435,2361,1004,2674,4823,10978,614,4059,1773,3182
42109,16836,133,57,89,813,3307,731,2018,741,150,495,116,538,322,493,1543,2597,131,1293,490,779
42111,31737,191,429,238,1901,3245,1345,3943,1750,317,1067,265,1296,316,1183,2216,5830,346,3103,1037,1719
42113,2219,17,38,28,134,366,68,257,100,20,54,18,82,18,81,210,328,33,139,68,160
42115,17660,89,539,160,1129,2229,863,2250,763,215,501,182,823,216,718,1437,2722,180,1382,571,691
42117,16575,121,343,197,694,2687,550,2030,810,210,496,128,717,217,587,1400,2643,143,1244,553,805
42119,16841,135,66,85,701,2163,472,1847,820,148,480,130,470,411,580,2320,3013,121,1515,539,825
42121,21831,69,152,122,793,4117,567,2644,944,195,501,163,645,189,893,1694,4366,104,1583,889,1201
42123,18028,74,178,99,501,3710,355,2197,1022,145,970,67,392,612,554,1214,3322,126,1134,641,715
42125,94648,110,2359,768,6488,8018,3957,11213,3717,1386,3691,1311,5841,2757,4348,6965,15722,1877,7814,3503,2803
42127,21665,52,120,136,1524,1546,897,3075,1162,395,753,211,835,249,876,1628,3538,308,2322,914,1124
42129,169721,281,1078,1483,8873,19348,7723,20693,7383,2028,6437,1680,9950,4497,7611,13410,29565,2229,14370,6261,4821
42131,11990,101,190,60,586,1686,499,1524,726,160,409,83,431,165,624,958,1789,102,995,416,486
42133,218480,902,298,1192,13343,31841,8724,23976,11703,2689,7710,2320,11275,5085,12434,16509,32231,2796,15539,8307,9606
44001,22379,33,4,85,991,1952,791,2061,426,449,1186,308,1455,455,769,2886,3981,478,2109,918,1042
44003,89556,148,44,338,3715,8635,3878,10609,2424,1873,4336,1202,5323,2389,4093,8376,15087,1731,8253,3354,3748
44005,36478,127,11,163,1668,2542,1156,4063,803,685,1427,544,2600,686,1361,3871,5900,1091,4668,1617,1495
44007,289791,444,100,800,12057,28510,11622,32435,7722,5125,13071,3587,14142,7175,20578,25324,51880,6148,27313,10782,10976
44009,58586,227,82,221,2488,5814,1986,6542,1110,1080,2085,771,3216,1272,2000,7561,9428,2046,5979,2139,2539
45001,10016,44,8,60,374,2371,259,1068,233,134,244,71,247,45,693,1017,1452,63,720,243,670
45003,62653,448,93,595,3712,7508,1741,6710,1705,761,1629,573,4050,273,7154,6281,8333,1015,5601,1544,2927
45005,3200,102,1,9,93,488,93,400,111,26,44,28,109,7,231,298,460,18,235,107,340
45007,84475,154,58,692,3619,14634,3464,10507,2576,1163,2024,812,3070,828,6135,7991,12719,905,8118,1962,3044
45009,5602,153,2,97,182,1020,131,680,164,46,143,49,178,25,389,618,772,35,432,114,372
45011,8633,135,14,86,391,1524,190,1129,252,68,199,97,381,27,823,777,1092,67,701,218,462
45013,61953,287,8,364,3525,1657,1474,8700,1292,616,1683,2022,3109,901,4644,4853,8044,2350,10659,3096,2669
45015,83967,173,74,1478,5111,9040,2979,10810,3270,1667,2284,1401,5641,671,6144,6895,10171,1161,8476,2397,4124
45017,6703,125,4,95,371,1073,219,805,317,54,181,52,256,35,442,540,857,68,449,162,598
45019,173991,287,56,991,8149,9710,5003,20281,5901,3600,5301,3738,13690,1555,14269,15137,25014,3826,25171,5158,7154
45021,24751,115,16,195,1179,5615,1133,3115,1025,244,509,266,649,247,1772,2340,2161,267,2266,609,1028
45023,14638,103,7,149,805,2818,774,1761,649,218,363,143,494,132,1093,1061,1443,205,1337,356,727
45025,18814,253,57,186,888,4468,689,2145,888,183,441,141,422,217,943,1529,2259,156,1512,361,1076
45027,11752,234,1,101,566,1459,327,1654,387,93,307,103,332,99,721,1000,1798,128,1288,349,805
45029,14828,398,11,129,944,1391,475,2124,433,188,371,188,534,65,983,1151,2027,181,1722,389,1124
45031,26386,205,21,388,1072,4343,979,3195,1022,203,899,234,731,352,1852,1904,4056,265,2535,633,1497
45033,11147,143,5,27,388,2011,392,1533,648,61,369,76,261,48,567,1013,1511,67,1085,168,774
45035,66917,153,46,555,3638,7656,2191,8437,2408,1213,1686,1019,4074,552,5114,6601,8288,969,6772,1961,3584
45037,10599,244,19,108,548,1749,326,1240,297,100,221,75,459,59,901,1000,1430,170,776,294,583
45039,9781,88,13,146,402,1719,383,1075,299,102,336,90,313,85,879,819,1202,88,729,227,786
45041,55009,307,23,307,2102,5961,1950,7003,1771,606,2502,705,1956,706,3683,4403,10323,622,5881,1312,2886
45043,24883,383,13,310,1487,2233,617,3609,501,246,637,574,905,100,1548,1722,3739,725,3653,687,1194
45045,215696,307,97,977,10021,30811,11455,24237,7237,4846,7940,2841,12611,3540,21222,16801,27184,3256,19752,5238,5323
45047,29806,124,22,285,1117,6594,845,3329,833,296,648,277,854,192,2246,2508,4657,295,2573,557,1554
45049,7120,273,6,58,435,698,209,1080,205,48,121,65,295,78,386,593,910,72,630,267,691
45051,125548,313,50,736,6421,4075,3395,19509,2145,2093,3944,4309,5260,664,7768,9791,13176,4713,27877,3127,6182
45053,8905,98,2,102,708,358,245,1410,294,69,172,197,258,88,735,574,1218,191,1279,399,508
45055,28120,367,105,247,1509,3574,895,3632,736,356,1748,287,1173,210,1679,2216,3665,386,2601,755,1979
45057,34561,200,137,230,2024,5050,1687,4298,1163,643,1768,401,1831,775,2281,2613,3638,457,2755,847,1763
45059,29829,88,60,325,1229,6410,983,3642,1252,400,776,263,1115,227,2237,2239,3243,370,2586,617,1767
45061,7581,147,10,44,314,1222,207,1006,287,57,275,63,211,60,589,550,1004,71,665,200,599
45063,125405,799,123,1730,6685,9870,6041,14452,4282,2066,6223,1933,6461,1367,8117,12517,16765,1331,11358,3841,9444
45065,3010,31,6,24,154,539,73,333,52,27,47,20,102,18,266,224,458,25,235,114,262
45067,11049,99,7,46,401,1369,304,1520,518,100,499,110,284,81,680,989,1883,83,1145,225,706
45069,9855,99,17,62,328,2679,220,1178,338,58,255,90,181,75,518,688,1362,51,877,180,599
45071,17241,381,11,255,778,3579,599,1933,454,178,429,177,528,102,1219,1395,2046,206,1421,365,1185
45073,29157,110,12,761,1498,5410,839,3386,521,379,733,267,1037,156,1912,3400,3367,435,2795,888,1251
45075,36461,568,26,447,1445,5888,987,4587,1577,288,858,306,922,175,2651,3932,4607,298,3840,761,2298
45077,49552,99,37,879,2545,8094,1842,5738,1143,666,1225,506,1949,413,3266,6037,6243,694,4821,1307,2048
45079,166225,660,93,1500,4884,9845,5532,18072,5067,2936,10940,2456,7938,1689,14755,16918,23757,1977,17734,4782,14690
45081,7843,314,11,112,383,1812,325,806,241,87,153,57,249,45,532,585,952,66,530,125,458
45083,126921,236,121,787,6729,22153,7051,15339,5190,1804,3742,1412,5449,1915,11272,10981,12141,1351,12323,3189,3736
45085,39409,324,12,158,1715,5959,1040,4848,1311,395,1182,368,1184,363,3336,3413,5588,340,3992,1213,2668
45087,12082,91,18,116,469,2510,530,1490,602,114,319,100,311,75,1035,981,1158,81,1023,298,761
45089,13072,242,7,187,687,1981,296,1600,348,109,343,129,282,139,970,1138,1853,108,1400,396,857
45091,116047,430,72,1148,6428,13716,6837,12730,4901,2810,6015,1571,6648,2394,8156,10182,12065,2392,10263,2882,4407
46003,1248,86,6,6,47,86,84,155,27,11,45,9,46,9,32,144,222,5,87,32,109
46005,9458,232,31,48,364,2244,601,1022,209,108,480,79,174,164,172,769,1346,121,563,235,496
46007,999,23,3,24,79,22,35,120,11,18,25,8,12,3,17,207,148,22,67,21,134
46009,2745,66,8,21,138,359,143,359,66,30,103,23,67,15,58,236,471,40,167,66,309
46011,15593,299,68,208,716,3454,528,1573,304,156,523,161,476,143,261,2660,1512,237,1450,386,478
46013,20433,319,67,123,941,2931,1176,2828,431,252,1033,142,505,354,715,1644,3141,245,1849,618,1119
46015,2389,83,12,13,102,63,187,376,43,40,93,18,58,9,37,294,356,33,347,64,161
46017,448,8,0,0,15,7,6,39,5,3,11,31,5,1,6,62,68,42,33,3,103
46019,4352,59,121,40,285,262,232,654,114,28,138,46,144,19,120,392,684,53,550,138,273
46021,530,42,3,4,19,40,50,46,14,18,30,5,16,2,16,55,72,7,36,10,45
46023,3254,135,13,24,186,136,193,417,54,27,100,40,73,11,48,468,530,196,200,67,336
46025,1363,73,7,5,69,164,84,161,39,14,57,4,36,6,14,177,185,12,108,37,111
46027,5487,39,19,26,181,467,165,652,208,88,185,45,126,39,161,1298,673,40,677,76,322
46029,15356,254,39,55,724,2896,770,2435,345,222,741,107,349,127,299,1158,1921,268,1475,475,696
46031,765,19,4,0,17,10,57,54,12,7,16,12,8,1,19,220,84,50,36,8,131
46033,2885,24,35,33,224,128,64,314,63,24,91,33,93,21,70,298,538,117,312,97,306
46035,10824,131,33,56,590,1645,588,1649,230,228,435,98,323,86,370,803,1630,90,1058,278,503
46037,2589,82,7,42,125,290,185,409,48,26,102,9,57,12,40,278,377,30,208,62,200
46039,2057,76,6,32,148,402,99,261,75,44,69,8,44,9,35,183,267,20,140,40,99
46041,1595,20,15,24,63,18,54,140,10,29,25,41,35,0,47,331,200,12,79,5,447
46043,1264,45,4,11,60,139,141,143,36,11,47,5,30,5,22,111,248,9,82,24,91
46045,1599,94,6,22,58,118,171,202,44,15,84,7,38,11,41,160,261,12,118,28,109
46047,2527,38,27,19,152,36,51,273,29,24,58,22,73,7,52,272,696,126,307,53,212
46049,807,28,2,10,27,38,92,114,17,6,34,2,22,1,11,81,154,2,84,15,67
46051,3648,200,27,70,190,562,314,490,111,49,141,14,63,9,124,297,443,36,294,82,132
46053,1891,79,31,23,120,58,117,282,33,12,104,17,54,7,22,221,327,41,143,58,142
46055,665,22,5,7,15,45,53,87,20,28,28,2,28,1,7,66,131,8,47,14,51
46057,2504,111,15,15,247,394,183,326,62,20,108,16,46,8,31,276,331,23,154,46,92
46059,1586,151,1,8,57,70,142,181,61,10,122,7,48,7,25,166,219,12,111,52,136
46061,1398,26,15,11,109,189,80,187,47,11,70,7,36,6,54,152,165,11,109,28,85
46063,401,21,22,3,63,5,13,57,23,1,8,0,7,0,4,51,39,2,30,6,46
46065,9756,152,21,32,665,141,365,1281,276,166,500,116,634,23,156,629,1202,181,975,292,1949
46067,3292,119,6,15,134,320,365,425,87,36,130,14,66,24,54,347,656,24,213,77,180
46069,532,50,2,7,29,7,59,77,11,33,24,1,10,0,4,67,68,8,15,15,45
46071,789,5,1,4,46,28,31,129,12,9,17,8,16,2,7,169,93,36,76,11,89
46073,764,39,1,4,28,106,59,58,16,15,43,3,31,4,11,86,113,8,66,14,59
46075,438,22,2,11,8,6,18,60,12,5,18,0,10,0,6,53,36,6,92,14,59
46077,2485,100,6,32,133,447,192,272,105,24,116,15,47,13,37,282,322,28,152,60,102
46079,5413,142,18,147,242,835,320,615,106,69,227,32,191,29,107,643,778,71,474,121,246
46081,11721,70,222,41,703,598,275,1355,261,126,334,147,455,54,343,1145,1775,467,2364,280,706
46083,30886,212,54,121,1601,2380,1738,3912,986,564,2839,323,1374,724,1044,2531,6119,447,2158,770,989
46085,1246,40,2,6,37,23,61,187,15,20,31,29,13,1,20,181,122,50,135,19,254
46087,2558,61,7,17,188,236,208,325,93,31,160,14,65,24,65,250,438,23,169,64,120
46089,831,50,4,7,33,67,72,91,19,8,45,2,13,7,13,118,140,6,41,29,66
46091,1867,103,4,5,103,328,123,202,31,15,69,10,37,8,26,191,241,43,133,63,132
46093,11800,68,96,69,1035,497,533,1646,289,118,561,166,436,102,322,1066,2183,196,1325,385,707
46095,471,23,4,4,22,2,11,47,4,1,8,4,10,1,5,117,58,27,39,3,81
46097,1042,24,3,8,50,105,81,106,23,11,38,2,31,21,61,126,162,16,68,27,79
46099,103698,540,209,284,5321,10238,5564,13372,3626,1891,9153,1158,4259,1841,4358,6957,17924,1912,9417,2818,2856
46101,3080,176,22,38,203,376,193,326,82,28,107,21,65,27,55,339,403,31,342,63,183
46102,2069,14,7,1,78,39,21,187,5,21,18,71,27,4,32,527,271,138,87,21,500
46103,50857,172,192,254,3552,2147,2008,7332,1034,705,2462,715,1989,605,1707,4505,9513,1057,6244,1791,2873
46105,1169,40,6,33,56,115,116,144,28,24,41,2,26,4,41,123,144,10,86,41,89
46107,839,51,4,2,73,46,91,110,16,6,29,3,3,2,7,95,105,18,61,32,85
46109,4073,71,14,26,141,401,206,421,87,43,120,57,52,17,69,557,605,333,211,63,579
46111,1068,37,3,8,56,181,76,138,30,15,49,6,34,8,20,115,153,4,50,17,68
46115,2857,92,9,27,121,171,264,326,59,22,140,18,58,25,27,296,736,33,195,51,187
46117,1433,29,7,4,153,22,79,227,36,16,62,13,68,7,24,105,163,28,135,43,212
46119,603,71,1,6,39,18,41,90,12,5,31,3,14,2,6,64,41,3,55,12,89
46121,1952,11,4,7,39,20,35,197,12,12,28,78,12,3,11,509,248,97,74,19,536
46123,2348,99,15,11,106,75,188,337,60,28,80,10,79,25,39,262,424,14,211,66,219
46125,4185,120,9,30,296,401,315,479,140,55,245,61,109,74,92,423,737,43,255,97,204
46127,6584,68,25,43,312,912,389,701,240,71,385,64,192,265,274,740,957,113,421,143,269
46129,2427,51,35,25,92,61,151,380,66,38,93,28,67,9,76,292,358,140,194,76,195
46135,11579,99,36,39,487,2423,450,1413,233,139,439,90,286,80,493,974,1626,121,975,281,895
46137,625,13,2,6,29,6,20,79,3,12,12,12,10,0,6,142,53,5,36,7,172
47001,32328,28,41,266,1211,4656,1065,3955,905,406,1045,326,3243,379,2498,2544,4315,325,3055,900,1165
47003,20141,68,19,137,1122,4661,588,2415,1014,268,509,191,636,334,1515,1726,1884,129,1629,418,878
47005,5634,17,41,55,268,1111,177,779,302,50,218,34,145,40,245,478,720,26,477,126,325
47007,4362,122,18,19,242,730,97,491,155,76,164,40,95,27,216,426,644,20,302,84,394
47009,56164,128,54,173,2646,7616,2031,7052,1888,712,2140,627,2235,886,4030,5417,8108,774,6080,1551,2016
47011,44530,163,25,285,1670,9002,1267,4763,2880,500,1469,411,1333,509,2993,4018,5678,324,4240,1418,1582
47013,14672,21,106,205,815,2812,436,1851,458,149,404,133,453,178,683,1214,2168,186,1239,315,846
47015,6015,30,11,54,355,1093,229,789,302,80,217,70,195,55,275,509,790,35,460,147,319
47017,9840,138,14,101,463,1498,340,1193,381,122,350,86,221,65,510,1268,1421,40,748,241,640
47019,22754,39,40,126,1121,2765,683,3161,643,331,658,207,574,347,1220,2553,3935,206,2449,563,1133
47021,19723,29,14,139,1445,1931,897,2218,968,380,727,298,1123,421,1218,1558,2621,252,1710,578,1196
47023,6566,21,1,32,323,970,296,866,250,65,162,59,147,25,313,756,1284,32,532,99,333
47025,11747,42,128,100,453,2361,291,1482,603,115,368,107,275,113,377,1449,1739,98,895,259,492
47027,2810,17,7,13,145,485,97,362,109,18,62,37,41,12,111,289,464,39,234,61,207
47029,14019,37,43,147,484,2660,362,1825,499,113,342,240,312,127,697,1043,1362,482,2293,358,593
47031,21381,133,14,190,920,4761,608,2525,684,221,591,199,1306,240,1403,1955,2267,124,1838,387,1015
47033,5791,87,2,65,257,1107,268,717,214,50,165,59,97,19,328,539,993,32,364,98,330
47035,19666,203,73,129,767,2586,615,2884,1139,311,518,264,497,93,1195,1549,2982,203,1674,769,1215
47037,330910,284,101,658,10293,18061,12825,34196,14241,9135,15723,6235,23736,7704,31622,25159,50325,5688,37898,10773,16253
47039,4241,36,34,22,241,655,184,549,177,37,128,28,73,12,234,350,782,30,262,73,334
47041,7736,155,13,83,347,1966,269,915,316,108,189,74,181,57,324,682,840,84,619,140,374
47043,23481,51,48,272,1631,3238,950,2846,757,348,847,253,1007,351,1655,1645,3218,227,2188,578,1371
47045,14867,130,5,57,632,3152,530,1788,649,121,448,146,305,110,921,1522,1947,99,1145,265,895
47047,18706,89,9,156,1097,2404,1074,2433,1307,182,616,243,688,268,1504,1267,2367,133,1429,482,958
47049,5775,117,19,32,253,776,206,855,248,55,142,42,116,24,190,549,1248,36,361,134,372
47051,17041,82,36,187,619,4149,484,2016,480,162,397,135,956,156,929,1848,1883,93,1303,302,824
47053,19935,119,3,228,934,3141,758,2703,801,193,582,196,388,88,1207,1816,3506,147,1562,440,1123
47055,12323,56,19,160,547,3175,447,1479,381,160,355,112,285,89,790,1215,1392,37,874,223,527
47057,8531,66,87,88,506,1707,332,1216,455,60,169,56,183,67,452,805,929,80,641,231,401
47059,26816,70,37,218,993,5818,755,3455,1263,234,746,209,540,287,1556,2412,4353,240,2051,545,1034
47061,4472,83,12,37,191,917,116,495,146,45,122,41,144,33,208,641,449,27,415,123,227
47063,25104,68,64,186,917,5988,897,3291,1155,244,498,188,497,244,1911,2017,2740,210,2248,730,1011
47065,151627,124,74,813,6074,18618,5391,16302,9818,2469,7408,2087,6696,2908,11986,11256,22624,1847,15140,4734,5258
47067,1983,8,10,14,83,438,60,240,94,12,55,12,28,24,74,223,217,23,121,47,200
47069,8931,94,5,72,331,2031,244,1025,311,81,202,70,138,54,845,713,1464,28,568,141,514
47071,9378,87,14,95,444,2067,308,1237,366,100,270,62,168,36,406,708,1430,63,813,196,508
47073,21459,54,55,204,1269,4811,537,2645,791,259,578,138,438,248,1012,1845,3271,153,1820,486,845
47075,7698,134,3,81,208,1960,245,873,238,59,156,76,78,39,636,672,985,27,563,165,500
47077,10952,32,10,129,580,1853,573,1271,464,96,432,87,197,35,584,989,1887,75,848,201,609
47079,12526,144,41,123,705,1963,555,1612,459,134,393,134,306,121,724,1115,1994,77,960,286,680
47081,8213,20,25,66,637,1374,287,1078,207,87,260,86,300,105,453,705,983,70,707,211,552
47083,2767,11,18,21,207,566,60,325,74,34,76,28,74,20,131,304,400,12,211,43,152
47085,6744,11,22,42,374,1516,222,880,272,53,169,43,213,30,277,691,806,30,547,153,393
47087,4598,18,11,31,294,732,191,610,193,73,103,37,122,30,213,480,696,33,370,93,268
47089,21134,55,184,170,972,2976,758,2945,1047,211,536,249,544,241,1359,1868,2441,476,2699,504,899
47091,6000,23,12,48,358,895,156,795,260,49,178,58,182,53,165,624,853,58,550,140,543
47093,200195,262,171,1046,7581,15519,9189,25631,6381,3896,8131,2735,13758,3980,16347,20932,28430,2696,21394,6156,5960
47095,2180,55,1,28,72,275,87,237,77,7,38,21,25,20,116,181,297,15,189,26,413
47097,9174,156,2,135,326,1611,323,1103,489,62,285,97,183,64,725,745,1108,59,757,195,749
47099,17155,79,14,155,794,3476,592,2086,704,206,510,168,513,139,743,1663,2360,98,1561,320,974
47101,4625,40,7,13,235,799,114,506,143,64,165,80,146,52,254,444,743,58,391,92,279
47103,14194,111,14,165,647,3321,477,1853,478,197,355,141,859,74,766,1219,1492,89,1003,265,668
47105,20715,479,16,271,964,3319,761,2729,807,238,569,222,1181,234,1386,1554,2368,238,2025,665,689
47107,19459,88,16,167,822,5527,567,2132,927,213,599,207,463,115,1210,1038,2280,163,1817,442,666
47109,9971,160,7,92,505,2352,347,1219,418,94,221,97,182,41,506,857,1270,52,803,187,561
47111,9716,49,14,45,506,1881,471,1248,499,124,328,87,273,113,461,922,1152,54,681,191,617
47113,41003,126,16,147,1441,5320,1642,4897,1367,406,862,576,923,219,3831,3998,8345,231,3596,732,2328
47115,11629,23,27,122,562,2176,389,1376,599,115,557,96,368,113,591,1038,1430,97,1130,308,512
47117,14455,59,21,129,721,3170,481,1993,453,201,478,182,521,197,946,1000,1622,118,1151,312,700
47119,41848,118,35,296,1811,5373,1583,5763,1414,749,2093,818,1927,767,2958,2961,5796,390,3990,1125,1881
47121,4551,22,5,58,234,1188,128,537,250,33,118,36,95,30,227,416,465,43,361,100,205
47123,17150,199,14,119,696,4809,478,2115,610,150,473,163,460,159,906,1213,1796,132,1530,437,691
47125,62308,94,247,567,2426,7044,1878,8615,2292,1135,1701,847,2444,598,4844,6380,7948,441,7964,1573,3270
47127,2785,8,2,19,124,786,74,292,72,29,54,18,150,43,168,299,312,25,174,33,103
47129,7005,24,12,72,389,968,158,880,228,68,189,55,409,67,510,647,911,49,495,194,680
47131,12061,97,8,92,460,2128,592,1823,464,138,404,122,291,84,659,1140,1443,106,991,256,763
47133,9309,97,63,47,529,1406,360,1179,378,87,256,79,225,65,515,1012,1427,50,765,204,565
47135,2782,9,18,10,119,621,80,314,87,20,77,26,75,19,118,247,465,11,194,48,224
47137,1794,18,10,7,83,268,125,213,64,17,60,8,33,4,65,166,315,38,114,38,148
47139,6443,38,9,50,355,1466,156,758,341,45,197,46,185,64,353,499,763,84,560,185,289
47141,27968,86,62,95,1262,3882,1076,3848,1255,332,737,231,653,161,1647,3285,4358,149,2592,700,1557
47143,12050,38,12,45,509,3354,244,1314,388,106,335,97,321,70,720,1189,1336,80,1064,246,582
47145,21113,76,20,166,870,2870,579,2691,693,211,626,211,1912,178,1510,2019,2744,173,2013,528,1023
47147,33914,133,18,228,2219,5198,1641,4105,1556,536,1162,490,1553,554,2178,2442,3922,321,2978,865,1815
47149,144371,163,77,657,5577,18349,6306,17102,7864,3577,6453,2172,7321,2643,11677,12189,17853,1353,13995,3573,5470
47151,7900,26,38,106,428,1726,212,929,210,67,193,51,206,71,279,1024,1140,51,537,178,428
47153,5386,24,28,38,304,871,198,604,279,63,225,62,191,58,261,474,819,61,426,133,267
47155,43794,38,53,287,1620,2525,1128,6502,1131,389,1299,921,1224,534,2379,2913,3625,3863,10346,1025,1992
47157,415805,435,80,2602,11379,26213,21763,46754,41096,4497,12883,6776,18015,6056,48563,34016,58858,4879,39904,11208,19828
47159,8917,20,66,113,582,1525,382,1100,477,117,287,83,305,80,455,719,1077,74,760,195,500
47161,4545,27,25,43,280,576,142,617,121,43,128,55,143,28,228,592,564,32,451,116,334
47163,65219,91,73,290,3756,9852,2208,8944,2077,1183,2256,549,1751,965,3431,5263,10818,550,6872,1718,2572
47165,83701,95,51,424,4303,8787,4466,9980,4066,1478,3095,1367,4822,1737,5672,7472,10789,1078,7543,2263,4213
47167,25863,96,13,185,1709,3276,1384,3288,1534,269,804,320,944,323,1717,2046,3325,239,2314,917,1160
47169,3889,13,5,31,245,544,162,512,186,57,145,41,166,61,194,326,573,23,301,100,204
47171,6894,41,9,77,323,1343,164,821,169,91,175,56,144,122,456,567,1099,68,700,150,319
47173,7103,15,18,76,524,959,308,1030,322,97,194,86,256,123,424,583,880,74,643,181,310
47175,2172,44,3,9,102,418,81,236,81,23,62,23,40,12,77,206,267,13,121,36,318
47177,16436,420,12,170,651,4097,679,2006,682,233,452,130,404,103,882,1257,1914,102,1266,292,684
47179,50427,62,39,186,2037,6234,1666,6672,1176,960,1948,478,1471,846,3025,5395,9455,398,5251,1154,1974
47181,5959,103,29,34,334,1063,199,662,163,50,237,41,144,30,313,498,1078,18,432,107,424
47183,12673,129,99,109,414,1910,502,1635,551,158,485,123,203,67,676,1616,1763,67,987,417,762
47185,9915,62,23,89,367,2055,446,1323,476,97,229,60,242,46,519,920,1240,78,788,203,652
47187,97954,142,43,268,3273,5708,4538,10395,3237,2968,6133,1645,10043,3488,6119,9247,13775,1704,8477,2864,3887
47189,61807,51,66,324,3118,5188,3526,7198,3721,1378,2829,1062,3870,1356,4232,5097,7625,775,5564,1786,3041
48001,16673,169,413,137,958,1372,720,2302,1009,196,459,233,603,80,803,1645,2553,132,1574,477,838
48003,7522,71,1449,79,674,340,322,697,324,84,201,184,188,53,199,919,521,75,553,251,338
48005,34588,408,467,209,1889,4384,1247,4130,1128,350,879,362,1019,418,1842,3721,7085,287,2848,672,1243
48007,8606,58,219,46,947,399,263,1088,250,102,226,192,396,36,398,768,1075,198,1312,284,349
48009,3573,63,156,28,215,265,205,421,123,49,129,69,134,11,189,352,585,32,271,113,163
48011,695,23,18,11,55,66,32,77,19,4,25,8,26,6,24,69,95,8,49,23,57
48013,18209,240,978,328,1548,1126,757,2283,627,177,604,324,710,146,877,1958,2365,186,1730,434,811
48015,15028,194,422,127,1197,1981,796,2002,477,161,455,196,748,127,661,1497,1638,188,1233,400,528
48017,3075,678,56,57,128,312,175,308,95,43,94,12,59,16,48,247,294,17,252,59,125
48019,7727,150,107,80,626,349,293,968,234,103,378,108,425,66,337,781,1149,102,873,281,317
48021,34764,202,297,500,3128,2413,1542,4236,908,602,1157,539,1981,248,1924,3618,3998,415,3579,1039,2438
48023,1494,63,28,35,80,59,58,172,53,22,54,11,52,7,47,136,307,10,144,51,105
48025,10239,148,523,82,657,471,362,1227,291,106,242,139,321,56,438,1479,1573,75,953,335,761
48027,114928,283,693,518,5721,7342,4495,14268,3600,1352,4388,1834,5288,925,6310,14824,21251,1315,11893,3444,5184
48029,799120,1759,6076,5072,41171,37509,31092,89814,23936,18776,57652,14420,47493,9550,60742,76371,124211,13358,97134,23528,19456
48031,3724,99,22,53,327,246,146,482,89,47,106,49,206,67,179,416,375,114,379,108,214
48033,316,35,26,3,24,12,16,27,13,1,4,6,15,1,9,47,19,3,18,13,24
48035,7495,113,134,73,632,852,318,880,279,93,288,99,247,51,297,868,1141,78,610,166,276
48037,35715,244,212,233,1786,3365,1797,4482,1890,354,1072,403,932,360,1798,3878,6189,283,3995,987,1455
48039,154893,485,3358,1320,16046,15870,6719,14519,5817,1609,4495,2584,10090,1664,7750,17758,20989,1690,12396,4253,5481
48041,85426,696,1129,571,4646,4960,2545,8039,1419,1181,1820,1416,4310,399,3560,23248,9199,1356,9145,1915,3872
48043,3785,94,119,40,203,78,113,436,72,84,96,46,100,16,102,708,384,86,693,102,213
48045,466,58,8,12,33,24,25,43,15,1,19,5,5,4,11,61,47,8,27,8,52
48047,2889,85,98,9,182,67,67,336,90,20,66,35,68,9,171,343,722,20,289,52,160
48049,16412,135,226,133,838,2359,678,2054,387,223,544,158,428,65,764,1859,2569,190,1441,403,958
48051,8491,113,283,71,746,677,407,1064,224,87,227,128,373,57,333,1187,987,92,746,251,438
48053,18405,115,170,273,1918,1121,763,2365,425,253,555,320,910,104,795,1790,2271,714,1981,616,946
48055,17530,157,230,146,1475,1316,676,2121,542,247,523,280,867,137,1013,1837,2273,213,1724,501,1252
48057,8848,88,234,58,1226,1553,219,962,256,67,195,96,389,48,387,773,773,60,853,216,395
48059,3477,40,119,24,221,297,175,503,119,40,148,46,120,17,117,484,375,47,322,103,160
48061,144754,1094,1020,1460,6945,6893,3952,18392,4747,1378,3435,2074,3442,593,9219,20247,36596,1577,14110,2570,5010
48063,5579,205,85,63,314,954,262,713,189,47,188,43,137,27,216,607,794,31,422,108,174
48065,2165,82,128,23,224,260,74,263,69,21,71,24,62,26,43,238,176,35,133,50,163
48067,9719,248,113,139,519,1241,467,1272,385,72,305,88,255,82,340,1155,1509,54,824,235,416
48069,2921,787,27,23,109,254,163,276,121,10,57,27,80,10,64,236,266,7,160,87,157
48071,19360,67,893,144,2254,2304,911,1769,1091,202,450,311,1268,151,871,2119,1644,239,1522,455,695
48073,19513,536,395,178,1218,2493,751,2032,882,192,541,167,544,118,984,2146,3437,131,1468,409,891
48075,2223,78,32,35,158,63,71,309,82,34,74,34,50,7,53,177,355,9,241,62,299
48077,4604,83,120,40,304,385,265,535,198,43,154,73,144,12,168,558,729,43,391,150,209
48079,1142,128,99,8,65,37,48,118,30,9,32,10,25,4,34,155,146,12,66,53,63
48081,966,19,35,12,79,42,35,114,31,8,32,11,18,9,33,132,168,8,82,24,74
48083,3133,54,47,56,207,232,141,386,101,40,117,49,94,26,135,419,468,26,262,77,196
48085,456043,601,2064,1971,18413,32955,26195,48767,10989,17362,37657,10129,51612,9368,32844,39057,49817,7072,38156,11672,9342
48087,1047,78,22,37,68,32,40,114,23,15,42,6,23,1,20,122,202,16,67,25,94
48089,9667,237,290,90,835,1225,495,1197,342,77,257,127,355,64,407,854,1249,142,809,294,321
48091,56403,158,784,484,4518,3485,2569,7091,1730,1109,2372,939,3311,714,3318,5970,7107,1154,6178,1669,1743
48093,6135,519,102,69,327,545,333,814,222,96,200,84,152,51,168,674,833,48,460,143,295
48095,848,25,58,7,56,41,33,100,25,4,26,11,19,1,81,85,144,3,59,25,45
48097,17918,123,511,159,998,3186,780,2140,694,205,626,172,643,83,677,1368,1686,883,2002,432,550
48099,21391,91,129,104,1255,1070,781,2693,609,263,825,329,1074,138,1401,3164,2881,214,2303,679,1388
48101,473,39,20,6,12,20,7,76,11,1,30,1,14,0,16,28,65,2,36,19,70
48103,1958,19,373,28,126,84,90,224,136,9,45,47,30,11,51,179,186,27,152,53,88
48105,941,46,145,11,55,30,40,152,53,7,32,10,36,5,21,34,57,5,108,28,66
48107,2444,204,44,29,153,83,129,322,89,24,71,28,62,12,100,320,374,36,175,60,129
48109,880,45,69,8,56,51,20,131,25,6,15,16,20,3,17,46,94,18,173,20,47
48111,3448,853,30,25,271,329,195,360,115,42,76,16,54,6,70,221,211,26,259,93,196
48113,1155535,1639,4873,4046,60891,77247,63906,125704,57061,28367,73137,26835,91116,17859,109161,92950,140267,16249,110009,31102,23116
48115,4957,400,457,54,293,194,226,606,226,42,134,39,141,22,137,513,409,37,432,146,449
48117,8241,1119,75,68,417,1625,372,889,348,83,203,76,137,34,111,883,722,53,552,216,258
48119,1788,38,20,14,96,245,75,178,58,10,55,10,50,4,87,269,318,10,112,38,101
48121,403443,751,2252,1856,18987,25612,26453,44750,18878,11699,28460,8368,35814,8074,30617,35566,42676,6159,36443,10523,9505
48123,7946,80,369,70,634,861,353,958,260,67,221,126,256,51,309,747,1146,66,655,223,494
48125,700,39,23,23,29,27,25,88,13,41,30,2,24,4,26,69,92,7,54,17,67
48127,3342,86,258,24,177,112,83,354,168,20,59,53,56,47,135,417,560,37,380,81,235
48129,1100,75,24,17,62,71,36,108,21,9,31,10,23,8,17,208,139,20,103,46,72
48131,3380,28,312,48,244,134,115,343,121,17,77,50,93,22,144,250,680,22,273,131,276
48133,7418,149,323,67,587,608,267,957,355,63,219,104,255,69,244,827,1089,69,612,224,330
48135,64920,262,8015,393,5454,3515,4651,8205,2693,585,1560,1564,2120,551,1891,5634,6688,516,6777,2346,1500
48137,485,17,23,3,46,15,18,79,15,14,21,2,16,3,24,30,67,2,33,20,37
48139,80035,275,530,633,5612,10010,4362,8875,4146,1432,3177,1246,3765,782,4574,9199,8572,990,6651,2021,3183
48141,313051,1688,1348,2753,15810,16867,11992,40853,15545,5303,8518,5658,11718,1394,26457,41857,47887,3264,35369,7285,11485
48143,16793,690,309,136,1141,1608,759,1973,624,135,467,257,567,68,797,2463,2003,191,1599,515,491
48145,6614,75,144,62,461,660,377,862,257,59,170,72,207,24,361,713,1074,48,491,165,332
48147,14084,137,157,164,985,1679,625,1817,463,163,573,191,561,93,577,1484,2126,177,1125,333,654
48149,11162,254,210,235,766,1085,661,1570,275,192,493,163,498,99,420,931,1327,169,993,312,509
48151,1634,85,75,25,82,135,63,211,49,9,63,20,52,8,49,184,237,8,102,50,127
48153,2509,265,36,26,128,138,131,278,91,20,86,23,47,7,109,337,366,17,164,105,135
48155,485,21,12,6,21,23,19,56,19,4,19,5,11,1,20,70,72,5,40,18,43
48157,323074,877,12321,2385,18733,21125,17946,34128,10332,4886,12117,5457,28596,5364,19440,34960,48266,3661,26028,8209,8243
48159,3114,59,46,41,190,383,108,357,207,35,114,24,90,9,110,357,488,16,269,95,116
48161,7883,83,359,120,553,586,354,1065,255,61,264,74,271,39,324,892,1094,59,832,178,420
48163,5706,208,331,41,399,225,181,700,204,55,155,76,173,33,405,592,847,35,612,127,307
48165,6170,475,1000,72,617,249,346,539,248,53,141,85,134,31,114,725,551,26,423,128,213
48167,147830,231,2475,1148,11118,11778,5903,14503,6326,1495,5196,2658,9866,1183,8156,21587,16293,2732,15700,3925,5557
48169,2010,86,226,11,175,45,87,197,55,16,44,21,52,7,208,261,203,11,168,43,94
48171,10952,97,128,139,974,867,314,1576,230,128,389,133,466,48,331,939,1809,194,1577,303,310
48173,547,113,91,5,31,19,31,45,13,3,12,9,11,1,11,38,36,2,29,8,39
48175,2793,55,167,52,217,184,130,306,90,19,75,49,98,20,97,317,393,38,253,74,159
48177,8432,547,364,98,535,1070,430,998,283,64,256,91,241,44,298,783,1032,62,694,230,312
48179,8811,301,734,84,557,827,353,1247,322,86,249,84,209,40,281,1001,878,113,771,234,440
48181,52552,225,437,378,3005,6428,2007,6689,1450,722,2708,666,2182,422,2764,5294,7742,1137,5003,1174,2119
48183,50905,142,1959,415,3012,5959,2501,5800,1723,594,1592,705,2056,322,3107,4605,8494,494,4773,1316,1336
48185,11857,186,252,157,1060,1364,615,1439,377,113,311,179,534,62,540,1227,1274,145,1006,304,712
48187,69219,272,874,608,4575,6711,3052,8540,2398,1266,2858,1137,3399,671,3981,7179,8833,1167,7265,2007,2426
48189,14497,818,274,117,735,1017,682,2014,1087,136,417,171,339,91,470,1614,1842,87,1361,489,736
48191,975,96,12,16,34,40,55,120,35,9,41,9,32,0,19,107,127,10,70,36,107
48193,3274,95,22,48,187,235,145,504,92,38,70,41,120,18,83,340,583,30,293,103,227
48195,2157,298,230,14,126,79,142,213,70,5,108,13,50,8,32,280,258,11,95,54,71
48197,1547,108,19,5,51,168,37,202,57,14,33,16,24,5,36,193,328,14,103,44,90
48199,22704,108,527,218,2966,2808,882,2653,667,216,562,306,1180,127,820,2111,2861,189,1904,756,843
48201,1951123,3220,54781,11897,143343,148124,110400,207927,86588,25530,67607,39112,143841,25859,148570,190962,236857,23206,182972,56547,43780
48203,26895,103,996,279,1637,3483,1165,3008,914,345,909,357,998,144,1402,2718,4053,206,2491,742,945
48205,2186,445,32,17,180,170,144,193,75,34,59,17,52,7,47,196,166,16,132,78,126
48207,2191,119,95,29,102,79,74,359,83,18,87,12,65,8,91,222,357,9,163,62,157
48209,83521,234,356,635,5670,4993,3411,9443,1936,1840,2905,1625,6310,694,4775,10899,9388,1307,9094,2745,5261
48211,1520,59,259,10,108,45,91,116,58,21,51,31,41,14,22,222,109,18,81,60,104
48213,27323,295,343,290,1842,2866,1285,3461,982,366,861,382,1086,168,1201,2984,4198,368,2469,701,1175
48215,265510,4057,2572,1740,15957,9706,8371,36556,7964,2530,6962,2592,6476,849,14371,40542,62399,2865,23975,4923,10103
48217,13872,138,202,183,1181,1581,619,2059,559,148,432,178,441,96,638,1406,1757,133,1219,336,566
48219,9797,377,983,76,585,388,393,1109,335,135,304,89,215,71,353,1544,1060,59,870,529,322
48221,22918,215,898,456,1635,1546,1000,3062,887,311,768,376,913,140,894,2240,3285,428,2301,688,875
48223,13680,199,121,150,741,1742,919,1768,549,192,447,120,457,54,598,1562,2023,129,1160,301,448
48225,7614,81,170,80,574,697,295,905,274,78,177,83,264,36,259,903,1149,65,595,204,725
48227,14392,210,1277,202,837,965,593,1786,421,139,323,243,344,90,388,1174,2896,137,1466,415,486
48229,1084,100,40,17,77,57,34,156,39,27,25,17,26,4,96,127,97,5,65,21,54
48231,37796,164,181,423,2394,5788,1608,4682,1196,493,1235,484,1866,275,1755,4289,5015,431,3394,895,1228
48233,8714,176,824,128,1020,864,299,1026,211,58,223,76,236,39,190,972,762,153,806,340,311
48235,496,19,98,7,40,21,23,60,15,4,12,8,12,2,9,43,42,7,35,11,28
48237,3062,29,263,19,209,200,145,365,151,27,91,31,124,10,157,324,374,36,292,84,131
48239,5781,78,239,126,738,612,265,655,167,64,185,73,177,34,241,609,664,31,458,174,191
48241,12023,124,231,139,1325,1520,422,1393,384,98,288,102,413,71,361,1252,1847,121,1009,326,597
48243,732,68,27,10,44,17,21,65,17,4,26,10,15,5,15,168,50,17,92,22,39
48245,103019,223,1269,825,11475,10880,3536,12083,3714,919,2314,1466,4408,719,5690,9451,15290,983,9971,3158,4645
48247,1937,71,116,21,119,63,48,253,59,16,43,12,43,4,77,247,422,21,131,55,116
48249,15564,172,1178,87,1065,710,671,1652,477,104,400,345,465,121,562,1428,3521,151,1481,352,622
48251,72200,343,1384,472,5651,8884,3761,8671,3263,975,2278,993,3058,478,3547,7652,8820,929,6464,2024,2553
48253,7056,159,308,102,521,372,341,992,223,76,255,107,201,34,226,752,1247,72,512,174,382
48255,5201,67,396,88,313,303,225,672,194,47,171,74,183,34,299,485,580,36,570,103,361
48257,55340,153,372,484,4032,5090,3059,6268,2730,994,2384,928,3132,528,2917,5936,7398,738,4640,1384,2173
48259,15926,99,286,90,1218,758,648,1787,313,251,1283,299,1095,194,707,1691,2280,321,1502,476,628
48261,217,26,7,1,15,17,8,18,6,1,6,4,4,3,11,15,27,3,24,7,14
48263,312,12,16,4,9,13,9,34,3,3,12,1,16,2,10,32,68,2,10,5,51
48265,20037,194,210,175,1463,1224,621,3037,445,288,663,286,984,104,770,1669,3856,300,2418,726,604
48267,1605,35,60,22,112,59,60,284,32,17,58,15,34,4,43,188,214,6,225,50,87
48269,130,9,3,0,5,9,6,16,3,2,2,0,3,1,0,25,14,1,14,2,15
48271,690,15,17,41,59,28,34,61,38,3,21,21,21,1,17,52,101,12,49,54,45
48273,11850,307,343,81,818,625,185,1279,261,81,276,160,322,38,517,2269,2091,87,1351,248,511
48275,1409,128,68,12,102,59,73,150,32,12,44,14,25,6,44,133,266,19,77,50,95
48277,20394,175,122,206,1241,3469,641,2208,599,171,676,169,537,88,1317,2092,3681,161,1722,468,651
48279,5412,655,133,116,252,260,297,720,214,48,163,43,112,88,175,580,649,23,407,153,324
48281,8070,44,91,57,774,587,313,1042,189,99,239,122,425,38,355,1077,1015,74,729,266,534
48283,1880,49,202,9,124,47,55,168,76,8,49,26,34,22,82,241,222,13,232,39,182
48285,8794,134,372,75,598,1190,557,1132,309,72,314,105,320,56,275,934,1138,66,589,232,326
48287,7674,206,264,106,948,586,366,894,173,95,271,97,388,36,315,667,805,82,652,200,523
48289,4966,117,202,86,532,426,251,743,150,46,127,55,185,18,154,535,393,27,461,166,292
48291,32640,191,1165,237,4116,3153,1763,3906,1794,321,838,496,1787,216,1575,3015,3022,283,2791,938,1033
48293,9412,79,293,119,632,804,365,1227,291,71,319,100,248,45,384,1019,1794,75,823,215,509
48295,1068,75,100,6,70,106,59,111,55,4,29,10,19,6,34,156,82,3,37,20,86
48297,3594,62,242,21,344,164,174,433,146,42,133,75,141,18,141,332,355,36,382,108,245
48299,7149,60,84,102,636,332,380,998,155,89,240,126,374,38,301,636,891,293,783,235,396
48301,164,1,11,4,16,9,9,19,13,0,6,5,6,0,5,14,14,3,19,5,5
48303,135686,1387,1568,985,6822,4967,6800,16242,4139,3118,5412,2042,4859,1144,6441,21905,22956,1729,14611,4212,4347
48305,2372,226,71,88,143,102,127,243,75,46,88,28,59,12,81,307,318,18,154,70,116
48307,3108,69,365,64,164,177,144,380,87,39,101,36,106,12,99,310,330,31,330,91,173
48309,105822,347,469,710,6347,12790,4698,11758,2981,1127,4114,1755,3764,704,7362,12400,16225,1193,10430,2655,3993
48311,282,18,15,0,23,12,14,28,10,2,4,1,6,2,3,40,24,1,23,12,44
48313,5893,498,162,52,424,322,245,754,147,44,142,94,215,31,238,646,606,55,605,162,451
48315,4004,30,122,54,245,506,153,506,148,48,140,39,111,20,189,388,670,25,379,95,136
48317,1800,128,266,49,131,87,91,225,67,35,43,20,44,8,49,130,198,16,120,39,54
48319,1312,51,93,7,69,70,111,160,29,17,51,23,45,4,18,138,143,13,151,27,92
48321,16983,547,484,718,2018,1512,592,2008,446,151,401,246,728,115,816,1493,2029,183,1540,526,430
48323,22506,324,589,163,918,1011,555,2866,1145,199,436,268,413,70,761,3403,5346,973,1946,348,772
48325,18289,269,415,254,1314,877,644,2252,597,289,939,238,999,123,949,2072,2607,233,1888,460,870
48327,675,32,32,7,45,29,24,109,13,5,22,3,19,1,33,93,83,6,61,21,37
48329,71150,319,12944,463,4273,2800,3977,7973,2761,712,1869,1543,3212,1154,2609,5310,7920,949,6565,2197,1600
48331,10561,152,243,143,1064,825,487,1209,285,154,363,146,427,80,624,1162,1466,92,917,271,451
48333,2019,73,16,8,117,157,87,329,39,76,73,16,64,4,59,289,274,16,132,59,131
48335,2983,69,203,29,159,111,127,419,104,22,71,31,66,14,88,388,466,14,258,81,263
48337,8051,85,424,80,493,797,326,1033,351,77,284,101,244,31,285,874,1113,147,787,223,296
48339,227436,554,9580,1906,18915,18083,13668,24893,10541,2888,7767,4237,16073,2529,12606,22414,23274,3388,20892,6639,6589
48341,9910,779,386,70,678,2297,413,1059,296,58,184,83,179,32,243,980,784,61,739,240,349
48343,4568,62,38,57,190,847,198,512,168,36,177,28,128,21,150,618,641,31,360,96,210
48345,441,37,8,4,40,17,18,53,16,5,24,10,9,3,17,39,62,11,23,16,29
48347,23754,365,291,156,1336,3088,949,2712,589,186,578,261,695,137,1306,3734,3629,191,2158,547,846
48349,20917,197,199,209,1407,3231,934,2575,885,228,566,276,614,111,1063,2462,2860,195,1626,511,768
48351,4174,83,77,57,490,565,105,484,149,34,88,39,162,20,133,397,653,33,285,105,215
48353,6672,93,248,110,406,737,200,858,281,49,186,48,195,22,255,685,993,90,679,177,360
48355,144901,614,2954,1264,13173,6737,4943,16760,4852,1611,3944,2614,6592,751,7703,15894,26842,2134,17061,4412,4046
48357,4255,291,783,42,331,161,229,469,106,51,103,34,76,11,91,453,391,46,328,126,133
48359,593,65,19,10,33,31,28,80,22,3,10,1,16,3,9,81,103,8,47,8,16
48361,37053,84,666,302,4479,5603,1363,4200,1172,294,1004,503,1777,250,1388,3460,4290,609,3190,1152,1267
48363,9433,186,487,132,632,1333,351,1097,378,97,211,135,317,62,340,994,1085,129,904,243,320
48365,8573,62,554,87,891,905,300,965,323,79,215,98,289,38,387,939,1233,56,579,185,388
48367,55081,313,1259,396,3930,6470,2712,6047,2586,753,2177,832,2872,446,2638,5649,6861,768,4765,1509,2098
48369,3659,591,29,19,124,1034,143,233,107,22,76,12,73,23,151,384,282,21,140,96,99
48371,6156,175,694,77,589,240,189,820,260,50,168,79,133,70,111,403,554,44,779,143,578
48373,14643,170,250,143,1130,1189,533,1957,605,184,409,174,492,183,627,1320,2077,137,1387,401,1275
48375,50416,553,606,363,2993,7272,2157,6729,1681,593,2001,783,1587,397,2146,3875,6929,517,5774,1667,1793
48377,1970,200,84,16,191,55,48,232,76,20,64,16,37,3,47,174,201,58,267,30,151
48379,3383,41,66,38,230,370,198,500,105,32,113,31,204,15,137,393,392,22,292,93,111
48381,62505,737,738,652,3395,5503,2767,7988,1928,880,2891,1064,2731,532,2297,8283,9008,624,5884,1883,2720
48383,1642,50,431,19,86,52,75,155,109,9,35,12,46,11,19,147,138,13,117,29,89
48385,978,37,12,8,68,46,29,102,23,16,33,21,51,6,36,122,149,8,116,30,65
48387,4850,86,73,45,244,853,197,552,167,31,137,49,104,21,215,542,860,37,305,90,242
48389,5346,82,548,58,447,146,195,769,312,51,118,120,107,29,138,463,488,54,671,123,427
48391,2760,64,203,19,295,133,90,287,91,19,71,45,99,14,87,268,399,20,310,84,162
48393,457,28,46,7,30,24,18,55,14,2,15,2,13,5,22,72,30,4,17,8,45
48395,7621,168,165,97,596,701,360,829,192,84,176,108,295,40,308,962,1050,75,848,162,405
48397,44509,97,297,274,3010,4128,2350,4781,1745,1016,2216,801,3236,540,2383,5059,5342,707,3680,1246,1601
48399,4478,89,185,51,259,551,158,552,120,33,180,49,115,18,194,458,771,32,331,103,229
48401,20312,245,929,272,1446,2550,947,2182,764,253,639,240,725,84,1153,1968,2849,135,1628,449,854
48403,2963,42,93,36,321,292,76,382,90,14,86,32,113,16,87,360,475,19,207,78,144
48405,2811,60,51,86,298,398,76,319,99,15,59,25,63,16,87,277,514,18,141,50,159
48407,7826,46,192,66,694,656,359,1024,356,70,171,103,324,49,340,976,923,65,666,197,549
48409,28278,239,787,297,4010,1589,966,3112,885,249,670,435,1118,122,1264,3047,4134,467,3282,694,911
48411,2476,144,90,19,133,174,170,304,86,46,76,19,95,11,76,239,252,22,215,99,206
48413,1067,28,106,36,106,46,50,113,40,8,39,3,33,6,24,174,113,7,49,27,59
48415,6134,108,643,87,383,256,253,720,224,58,166,76,190,19,259,812,565,54,642,207,412
48417,1358,27,164,7,79,77,52,184,35,17,45,19,43,7,42,146,188,22,97,31,76
48419,8361,281,297,97,694,1439,257,872,282,52,279,63,226,41,304,1010,1025,49,551,163,379
48421,981,247,21,6,39,55,71,131,36,5,18,6,18,7,17,121,67,7,48,24,37
48423,89817,812,1893,493,4567,5991,4396,10803,3719,1867,2822,1113,3815,583,4842,8667,19204,976,8423,2640,2191
48425,3274,20,114,137,209,186,121,356,139,33,74,36,117,9,124,377,516,42,308,114,242
48427,22092,232,321,145,1387,582,425,2532,501,128,530,166,463,33,793,4120,6664,97,1668,303,1002
48429,3571,68,329,62,287,363,131,411,109,31,130,39,110,20,96,288,439,47,275,94,242
48431,501,33,53,10,43,21,17,52,10,3,25,5,23,4,14,30,53,4,62,19,20
48433,576,24,42,8,50,25,17,75,13,7,18,3,15,5,14,33,117,5,37,22,46
48435,1542,56,251,5,129,51,91,149,40,8,42,23,50,2,63,134,136,11,142,41,118
48437,2635,265,35,52,126,188,156,289,145,30,73,16,58,10,51,333,295,26,195,71,221
48439,919927,1686,7337,3546,48799,81460,52185,100194,60225,17131,48661,16073,53146,11358,69219,85196,110990,15027,87519,25637,24538
48441,55637,233,1133,501,3193,2601,2383,7161,1632,891,2614,795,2098,315,2567,5384,11104,869,5926,1788,2449
48443,254,6,19,8,17,7,13,28,8,0,5,3,8,3,14,33,16,1,22,7,36
48445,4981,417,322,45,231,246,250,635,156,41,179,46,131,28,222,419,660,51,454,166,282
48447,708,28,56,6,56,44,38,61,30,11,17,8,15,0,22,103,93,2,42,14,62
48449,13517,250,140,202,517,3886,436,1467,515,87,360,91,213,49,537,1161,1827,64,1058,255,402
48451,45939,466,1810,398,2705,2986,1967,5454,1215,752,1812,675,1616,206,2207,4756,8374,588,4809,1414,1729
48453,561171,897,1950,3040,27574,30402,28475,54076,9916,18228,24468,12022,63106,4780,40241,59236,63884,9474,59039,19267,31096
48455,4735,58,76,47,353,359,189,566,161,39,103,48,139,30,173,535,677,136,408,124,514
48457,5876,137,126,63,668,599,169,694,166,55,158,59,218,46,160,651,867,71,455,164,350
48459,15829,90,507,222,1186,1808,716,2068,589,308,550,190,677,82,648,1633,2225,133,1320,404,473
48461,1058,20,175,10,82,50,77,86,59,8,18,12,27,11,28,73,136,17,65,14,90
48463,10316,370,298,80,545,467,398,1355,343,99,297,139,379,58,436,1230,1902,97,1033,286,504
48465,17403,179,329,137,903,1196,606,2358,936,182,526,188,433,64,996,1702,3314,173,1910,386,885
48467,18461,326,298,172,1339,1764,895,2515,678,195,602,258,725,92,669,2302,2575,195,1756,508,597
48469,39625,243,1458,507,3441,3431,1781,5191,1408,435,1191,635,1492,257,1849,3623,5906,349,3722,1174,1532
48471,22272,369,306,135,1301,1446,690,2482,555,193,488,271,860,82,867,2953,2392,263,2162,543,3914
48473,18713,112,535,125,1641,1956,1172,2058,574,206,541,300,1148,190,1078,2135,2094,247,1551,456,594
48475,5082,74,982,63,367,203,214,542,251,37,111,112,154,17,163,482,424,42,504,124,216
48477,16767,161,311,113,1144,2125,940,2132,491,198,619,232,689,108,709,1557,2628,192,1439,398,581
48479,97834,350,2477,528,3856,1427,3301,12377,12576,728,2664,1227,2650,173,6782,14404,15899,1129,9641,1817,3828
48481,21389,1104,851,228,1744,1954,1052,2769,708,201,619,327,756,134,851,2155,2651,221,1792,617,655
48483,1918,103,219,18,88,65,74,246,73,15,62,15,33,8,42,299,221,8,212,25,92
48485,47571,230,932,271,2086,3919,1672,5970,1738,598,1463,665,1415,175,2398,4836,9222,932,5176,1682,2191
48487,6243,140,120,140,238,763,143,663,145,97,202,62,134,28,161,715,1494,56,506,189,247
48489,6668,331,74,62,345,228,188,864,209,99,132,66,149,27,479,753,1579,69,622,130,262
48491,251905,430,1537,1880,16084,18800,15478,27049,4524,6673,10999,4126,23733,1832,15362,25707,29661,4194,22856,8315,12665
48493,20357,123,671,578,1654,1511,969,2319,746,271,872,297,1007,174,850,2436,2576,242,1729,494,838
48495,3273,55,709,24,312,139,117,371,183,16,69,60,77,12,81,321,193,25,254,93,162
48497,24986,132,1325,195,1863,2218,1233,3005,1611,267,833,399,912,136,1163,2348,3360,288,2142,660,896
48499,15081,188,301,210,954,1469,771,2074,624,288,523,162,618,66,580,1529,2284,158,1374,380,528
48501,2784,202,483,22,213,67,120,293,94,22,58,29,55,13,97,396,244,11,207,75,83
48503,7998,97,650,87,470,1063,281,1006,175,88,296,99,240,47,233,814,1263,99,588,155,247
48505,3654,41,301,75,259,92,78,399,97,20,116,37,80,5,168,357,833,12,349,103,232
48507,4269,154,227,24,277,250,85,445,148,21,88,53,103,30,164,632,842,28,419,115,164
49001,2358,283,94,15,173,126,52,280,85,19,43,12,44,9,48,225,290,45,279,48,188
49003,25315,299,87,90,1757,5647,912,2901,1236,286,575,203,932,158,1265,2095,2647,417,1904,529,1375
49005,56514,587,111,109,3232,11026,1396,6146,1628,913,1591,516,3975,490,2713,7306,5912,1062,3982,1082,2737
49007,9815,28,570,260,587,361,408,1277,433,160,215,80,377,58,445,1146,1348,176,785,314,787
49009,351,2,5,4,38,16,7,43,12,4,5,1,13,3,12,36,16,0,68,10,56
49011,144065,463,310,684,8894,13619,5636,16576,6838,3010,6810,2023,11021,2420,8607,13773,18151,3472,10698,4023,7037
49013,6887,54,979,67,488,228,203,741,464,147,119,77,185,50,164,831,935,82,353,143,577
49015,3207,18,203,142,289,96,62,421,100,112,58,15,102,20,105,374,371,39,291,103,286
49017,2014,42,24,21,100,57,26,212,39,93,29,15,40,4,46,219,196,63,617,28,143
49019,5365,22,132,45,314,105,91,729,97,83,81,132,168,27,140,337,435,393,1564,94,376
49021,19385,429,194,101,1641,1657,463,2328,570,262,612,247,647,97,1032,2776,2117,350,2175,447,1240
49023,4479,73,49,39,467,577,101,479,105,91,69,36,204,11,158,514,623,56,401,82,344
49025,3101,4,34,49,142,90,54,434,78,39,95,42,73,3,75,271,300,90,614,342,272
49027,5038,345,117,338,293,249,138,668,186,55,82,20,134,20,423,560,476,80,416,83,355
49029,5053,38,27,42,487,486,215,540,170,94,164,62,349,63,243,543,651,116,377,115,271
49031,428,42,6,2,32,22,10,53,25,4,6,4,12,2,9,72,38,3,44,9,33
49033,750,30,36,6,68,41,14,85,22,8,20,21,22,11,33,107,72,9,48,37,60
49035,544550,993,2014,2105,31891,43646,22770,61251,23805,15451,33211,8540,41279,10746,41327,55479,61936,9731,42759,14658,20958
49037,4021,28,225,23,284,93,62,334,113,43,77,26,63,10,84,725,651,62,609,66,443
49039,8808,167,235,36,588,851,195,1077,338,260,208,70,296,75,301,1550,1048,105,631,159,618
49041,8798,128,364,48,523,512,269,1269,735,129,193,38,265,28,253,1026,1044,83,953,142,796
49043,22044,68,96,85,1328,1043,640,2394,823,496,760,714,1458,302,1008,2077,1956,2321,3088,560,827
49045,29106,140,270,141,1981,3352,1207,3460,1713,613,1128,358,1649,387,2126,2658,2884,447,2386,775,1431
49047,14072,80,1751,182,1004,376,534,1949,762,304,262,257,422,61,348,1312,1362,274,1229,346,1257
49049,247756,1261,806,929,20725,19110,8608,30494,6499,12059,8812,3339,20172,2655,16490,28959,29291,5115,18370,5810,8252
49051,14543,42,66,135,1261,714,420,1957,495,347,400,346,854,153,783,1398,1417,987,1775,365,628
49053,59347,211,334,239,5090,2942,1454,8039,3552,1174,1514,904,2809,233,2846,5454,9233,1782,7270,1637,2630
49055,953,10,19,14,104,18,20,121,20,8,15,3,21,1,20,133,121,45,187,26,47
49057,109670,467,198,340,7383,16395,3807,12871,3941,1540,4055,1179,5929,958,7948,9693,12877,1963,7954,2610,7562
50001,17402,506,50,94,1111,1780,460,2206,402,216,461,137,878,59,420,2996,2923,268,1332,483,620
50003,15198,104,8,53,673,1998,287,2075,280,221,307,158,519,185,573,2013,2864,270,1637,421,552
50005,12679,144,10,47,695,1484,291,1774,314,202,337,106,410,40,359,1858,2351,154,998,375,730
50007,84395,283,37,427,3499,7234,2969,9700,1962,1750,2834,893,6655,702,3490,11949,14501,1569,7396,2635,3910
50009,2038,83,2,10,97,272,34,289,63,25,45,13,48,6,52,255,361,26,146,47,164
50011,23511,463,26,117,1380,3299,921,3008,908,327,504,177,860,78,1409,2738,3640,237,1673,549,1197
50013,3522,44,6,21,235,418,152,465,151,59,80,28,185,15,160,411,553,34,245,86,174
50015,11834,165,11,81,792,830,262,1386,191,139,358,109,526,77,378,1251,1930,137,2203,373,635
50017,12920,203,29,43,737,1194,462,1524,310,154,466,115,561,62,348,1897,2629,123,855,354,854
50019,11342,239,6,43,676,1447,301,1483,308,126,277,94,269,52,305,1438,2170,90,1160,291,567
50021,29907,198,268,324,1651,3019,981,4132,681,381,598,284,1006,333,1124,3527,5598,373,3386,914,1129
50023,29103,141,56,133,1359,2014,905,3514,567,445,1528,252,1664,257,971,3534,5050,342,2792,1099,2480
50025,20060,265,24,108,1021,1817,757,2440,386,257,460,254,652,119,761,2943,3414,243,2526,595,1018
50027,26296,230,43,133,1305,2435,756,3098,536,525,593,238,1157,137,775,3866,5389,396,2687,752,1245
51001,14883,357,7,75,738,2042,445,1871,400,162,280,172,938,148,601,1529,1788,184,1712,474,960
51003,45578,393,46,137,2032,1705,1016,4586,821,997,1095,700,3415,1004,2302,8464,7963,1304,4302,1875,1421
51005,7181,19,7,30,435,1327,196,843,255,72,130,47,205,75,239,724,1072,100,866,260,279
51007,5940,112,9,39,722,442,306,671,216,64,220,60,284,138,318,527,842,75,363,191,341
51009,13944,129,15,73,874,2333,407,1553,400,124,450,142,603,200,671,1466,2352,167,1110,373,502
51011,6921,67,25,32,555,927,201,943,237,57,204,71,312,111,337,632,1080,77,504,188,361
51013,117879,38,16,276,3087,1124,1891,6652,1491,3862,4662,2226,29820,2087,7136,10751,8736,2025,10058,9409,12532
51015,35571,241,36,259,2449,5374,1335,4445,1833,454,666,371,1292,644,1390,3537,5547,459,2923,1145,1171
51017,1967,11,3,28,151,148,37,147,34,13,29,20,80,19,62,208,278,22,547,40,90
51019,33727,167,27,203,2284,4365,1624,4012,1048,417,1094,427,2054,627,1652,3187,5252,400,2549,1225,1113
51021,2650,13,17,11,120,476,169,334,56,23,49,17,62,43,132,253,415,22,167,58,213
51023,14895,34,29,85,909,1587,805,1717,673,175,514,177,769,458,807,1396,2357,202,1121,495,585
51025,6953,188,18,31,384,721,199,798,445,50,171,59,221,102,523,706,1071,60,509,190,507
51027,7422,34,656,67,421,352,199,1053,290,61,180,51,308,118,401,805,1141,46,474,250,515
51029,6569,118,60,56,491,324,123,812,232,47,137,61,252,115,322,779,1139,52,518,210,721
51031,23917,161,32,128,1603,3627,953,3027,726,250,739,280,1252,354,1411,2097,3456,266,1990,778,787
51033,15789,94,19,143,1193,845,810,2140,747,166,663,207,1086,342,910,1306,1877,440,1375,568,858
51035,11824,91,44,30,530,2254,283,1497,373,89,208,102,336,120,481,1246,2119,150,956,286,629
51036,3590,55,6,23,266,442,167,380,188,41,127,34,157,93,260,281,426,80,261,124,179
51037,4995,110,4,50,229,585,176,650,266,42,104,46,173,62,247,615,743,56,329,154,354
51041,166887,241,100,1021,10088,8944,7077,18825,6571,2663,9752,2300,12303,5934,11073,14441,24125,3262,13370,5934,8863
51043,7253,88,12,36,591,444,237,762,257,148,251,88,813,119,376,867,734,108,540,299,483
51045,1926,15,5,35,146,233,69,278,60,8,74,16,80,27,80,192,349,20,125,54,60
51047,21057,241,48,144,1900,1099,616,2412,534,431,522,274,2087,258,1136,2297,2634,329,1801,862,1432
51049,4471,57,5,20,411,245,135,599,148,57,131,43,164,55,241,530,655,53,345,120,457
51051,5016,16,363,51,297,142,89,635,168,51,97,26,276,68,269,730,757,20,315,100,546
51053,13129,59,41,120,1025,1113,507,1572,1000,106,375,126,511,276,778,1272,1976,206,895,429,742
51057,5450,74,13,40,442,361,217,735,192,81,193,73,302,107,287,453,770,71,505,194,340
51059,528475,324,150,1302,20266,7424,10777,46203,10684,15801,19674,8501,115265,10383,33625,52254,49177,8940,48096,30610,39019
51061,36461,215,53,228,3469,1226,1113,4170,1013,734,1031,524,4865,537,1822,4081,3824,695,3220,1593,2048
51063,6194,123,14,34,412,1085,218,716,133,84,127,61,232,59,243,832,903,64,477,163,214
51065,11489,108,14,84,664,471,310,1282,269,200,255,158,712,272,609,1880,1902,273,993,467,566
51067,22102,201,38,65,1728,3454,879,2683,728,230,615,219,838,388,1124,2418,3224,300,1539,719,712
51069,39639,251,84,186,2619,4053,1276,4779,1754,653,1217,414,2560,873,2138,4508,5283,609,3291,1227,1864
51071,7145,15,9,36,422,1467,142,756,153,50,125,65,300,56,264,1271,893,76,508,168,369
51073,16210,79,7,106,1212,1720,402,1940,377,185,391,250,1069,288,801,1699,2242,497,1609,616,720
51075,10512,48,18,78,774,446,495,1122,256,141,905,149,917,464,633,809,1398,191,722,362,584
51077,6243,81,25,32,277,1218,112,781,199,70,142,37,145,49,263,560,1089,103,506,131,423
51079,8234,60,20,42,504,487,207,1028,188,148,178,123,599,142,422,1148,1312,176,773,318,359
51081,4351,51,23,37,182,697,130,513,238,36,62,44,104,31,242,340,642,32,406,104,437
51083,15005,176,14,138,791,2514,438,1782,683,144,303,160,441,161,810,1458,2297,263,1271,417,744
51085,54244,189,76,324,4057,2649,2970,6042,1384,938,3494,739,4343,2200,3113,5241,6692,1174,3961,1852,2806
51087,159305,188,73,769,7113,6418,6548,17160,4773,2712,12779,2417,13750,6506,12013,13817,22414,2946,13435,5624,7850
51089,21061,76,19,73,829,4168,692,2823,919,255,449,182,887,264,1427,1864,2895,224,1530,631,854
51091,845,23,1,8,95,73,32,87,34,10,33,11,20,9,25,75,123,7,70,37,72
51093,16581,130,6,250,918,2803,525,1605,456,190,447,230,1091,301,917,1476,2193,214,1331,592,906
51095,28701,58,11,253,1347,1677,706,3110,518,379,606,517,2161,712,1465,3795,3742,1908,3959,813,964
51097,3852,42,8,18,378,379,142,526,138,39,119,45,212,84,218,347,432,74,311,139,201
51099,9619,82,16,67,785,273,261,1036,305,181,349,131,1359,132,510,964,1036,148,751,418,815
51101,9753,92,22,72,958,768,510,1162,327,131,355,139,583,276,551,821,1175,228,741,345,497
51103,4965,35,4,22,374,311,157,651,170,68,178,60,274,101,245,386,885,86,482,211,265
51105,7589,59,228,39,405,612,195,1123,175,87,170,60,200,116,299,1077,1383,66,550,170,575
51107,201037,342,75,622,9163,4487,5819,20200,7108,7802,8265,2862,45028,4035,12534,18128,17187,3822,16070,8799,8689
51109,13167,126,35,222,1072,1063,479,1622,429,172,428,216,709,267,689,1579,1758,238,1018,418,627
51111,4892,95,6,29,366,613,173,588,219,49,106,39,156,56,244,493,694,40,307,134,485
51113,5927,102,11,44,518,467,207,980,132,76,101,58,338,67,214,788,798,91,425,196,314
51115,3004,48,2,22,184,232,96,416,93,36,88,36,191,41,141,366,387,70,263,144,148
51117,12880,307,11,100,669,1511,358,1617,685,143,272,98,441,167,863,1214,1854,129,1111,433,897
51119,5555,52,3,29,487,480,218,811,157,69,164,85,303,161,267,404,808,132,433,233,259
51121,34649,114,59,124,1271,3850,770,3778,740,443,609,549,1897,330,1659,8771,4114,495,3171,903,1002
51125,6231,223,10,56,426,621,162,622,154,61,114,82,295,103,241,866,925,87,698,270,215
51127,9350,48,14,94,877,790,472,888,308,126,375,121,603,333,495,890,1131,263,642,305,575
51131,4815,372,2,13,212,558,134,511,186,44,98,62,207,51,195,454,642,132,483,158,301
51133,5017,40,0,34,390,435,181,706,159,51,155,59,279,72,196,454,673,101,414,279,339
51135,6300,98,13,47,380,425,202,875,245,65,154,59,224,86,267,694,1148,45,444,178,651
51137,14395,342,31,150,1123,1172,523,1838,420,181,408,219,820,189,670,1691,1899,230,1162,536,791
51139,10841,109,11,50,858,1578,291,1265,284,124,255,137,594,108,491,992,1300,463,1085,329,517
51141,6756,159,9,20,376,1451,189,772,227,67,130,37,374,86,238,688,913,85,454,191,290
51143,26276,260,18,125,1619,4622,1100,3239,789,222,617,268,793,322,1551,2764,3896,286,1925,747,1113
51145,13684,46,35,124,1373,642,654,1530,321,171,802,191,1131,467,736,1198,1771,218,891,545,838
51147,8728,90,22,47,443,464,205,1009,223,90,181,96,266,96,489,1544,1498,65,786,282,832
51149,14324,36,11,157,915,1312,580,1681,964,148,454,161,738,400,839,1331,1928,201,1199,493,776
51153,208863,208,153,892,14582,4434,4949,24943,5653,4579,5717,3114,31840,3452,14741,21765,22392,3690,19609,8994,13156
51155,14259,107,29,79,500,3324,373,1716,482,102,241,146,417,138,772,1736,1862,176,1164,350,545
51157,2778,47,3,12,309,145,72,385,55,46,78,34,222,28,144,324,299,31,295,120,129
51159,3939,64,1,44,289,322,145,504,137,51,122,44,226,43,171,394,486,70,324,160,342
51161,45285,68,31,225,2173,3813,2098,5423,1684,609,1900,541,2653,1524,2449,4210,8113,662,3675,1608,1826
51163,9572,51,28,46,557,1227,245,1208,258,107,188,96,441,109,317,1642,1141,144,1033,304,430
51165,41063,606,58,165,2839,5853,1799,4496,2071,632,865,531,1714,461,1445,5984,4874,568,3676,1095,1331
51167,9615,40,475,116,658,844,222,1254,308,79,221,57,430,108,451,1040,1539,60,722,345,646
51169,8340,43,74,61,698,1308,173,1114,225,133,188,45,200,116,356,794,1362,63,724,233,430
51171,18899,141,22,89,1302,2899,570,2371,699,357,481,206,1045,418,816,1912,2150,285,1576,619,941
51173,12535,35,35,57,458,2626,303,1501,381,119,190,63,271,151,937,1081,2239,135,964,228,761
51175,7181,177,9,79,394,836,362,878,312,100,147,66,247,73,301,761,970,61,474,200,734
51177,56097,176,47,448,4047,1801,1946,7091,2100,950,2312,773,5238,926,2950,6118,7163,1145,5607,2204,3055
51179,55683,86,43,325,3829,1392,1484,6426,1648,1087,2125,789,6953,800,3122,6323,6496,1118,5318,2378,3941
51181,2846,24,3,98,196,261,105,324,160,21,71,35,112,43,191,327,315,69,203,71,217
51183,4573,48,21,58,232,453,195,586,316,35,81,44,130,67,309,346,675,26,449,153,349
51185,16054,60,628,117,799,1193,572,2527,445,204,331,170,528,243,720,1763,2555,157,1253,602,1187
51187,19531,80,19,121,1873,1255,537,2332,619,380,558,210,1959,352,1101,1866,2363,401,1776,801,928
51191,22649,105,171,223,937,3193,757,3243,896,323,496,145,819,490,962,2395,3475,228,2016,588,1187
51193,7921,136,9,45,659,571,264,1066,266,121,237,102,644,84,397,751,866,161,684,324,534
51195,12611,56,547,73,543,649,328,1844,362,140,238,83,496,185,695,1684,2266,62,1106,256,998
51197,12475,70,76,70,547,2641,358,1670,372,103,228,66,286,91,637,1262,1708,174,1187,297,632
51199,27003,42,6,186,1222,2539,704,2974,557,333,627,442,2522,561,1422,3128,3552,985,2778,977,1446
51510,75256,29,19,155,2209,789,1181,5612,1428,2072,2412,1465,14952,1094,5180,6543,7177,1348,7315,5906,8370
51520,7049,22,23,48,244,889,223,1117,219,125,184,46,204,109,409,497,1052,64,985,198,391
51530,3044,9,2,9,124,532,66,363,72,30,56,22,131,32,123,498,404,42,291,94,144
51540,20024,72,10,37,713,566,400,1981,362,552,463,307,1375,368,1181,3992,3343,507,2483,879,433
51550,100532,203,33,638,6312,5206,3277,11633,3836,2238,3859,1696,7960,1501,6655,11122,14914,1461,9718,3625,4645
51570,8416,16,6,89,592,492,329,1167,482,103,298,110,487,178,480,821,1047,176,796,331,416
51580,2871,10,2,20,196,407,78,376,81,38,71,39,86,26,143,205,371,33,433,124,132
51590,17650,46,7,83,551,2747,703,2149,510,118,409,181,522,224,1616,1443,3238,195,1721,511,676
51595,2746,27,7,17,95,369,72,324,153,17,38,30,52,19,170,229,460,31,383,58,195
51600,11609,4,7,18,507,149,254,1166,216,300,410,191,2306,251,708,1290,1107,200,1107,656,762
51610,6290,3,0,11,200,67,102,385,82,243,277,117,1391,95,348,713,502,99,485,431,739
51620,3317,40,0,18,113,375,112,409,137,35,59,26,100,16,190,382,628,31,285,105,256
51630,10711,20,10,59,605,315,313,1291,344,209,424,148,1067,209,685,1197,1496,186,1162,437,534
51640,2745,15,9,14,113,481,67,329,73,36,48,22,86,28,143,201,537,52,275,53,163
51650,56371,50,8,344,2318,7002,1459,6628,1660,792,1145,926,3520,937,4253,5448,8156,1147,5848,1677,3053
51660,20794,483,19,55,948,3044,622,2328,927,380,417,244,905,202,890,3340,2278,284,2415,469,544
51670,10110,25,10,88,669,715,382,1218,806,113,344,127,461,214,810,622,1425,141,1095,354,491
51678,2191,6,4,6,74,108,52,219,65,28,50,15,121,26,76,510,296,32,296,96,111
51680,28780,58,19,91,1090,2814,913,3729,797,339,1080,358,1585,522,2100,2726,5279,324,3117,948,891
51683,19927,28,20,72,2034,530,536,2443,572,400,470,289,2709,325,1594,1768,2024,330,1989,776,1018
51685,7531,5,9,28,715,195,175,940,223,163,185,127,1057,112,612,619,755,126,719,349,417
51690,5709,17,2,27,154,1095,113,660,266,69,102,51,316,79,544,446,907,58,427,179,197
51700,76693,75,10,544,3073,9759,1858,9389,2046,937,1611,1274,4806,1498,5739,6769,11012,2499,8546,2348,2900
51710,89100,89,24,455,4581,4455,2531,11075,3581,1765,3096,1751,6119,1415,6830,8990,14381,1409,10380,3289,2884
51720,1581,7,52,8,67,84,37,225,36,33,27,11,61,18,92,192,307,7,154,31,132
51730,15002,19,8,70,474,1097,506,1635,1410,123,386,167,537,204,1311,1157,2919,164,1611,446,758
51735,5336,6,1,39,355,649,145,578,95,58,122,86,485,106,236,660,605,110,413,201,386
51740,41284,96,12,176,2142,2779,1206,5485,1645,655,1216,679,2443,621,3133,3760,7115,599,4285,1443,1794
51750,5312,17,8,36,125,708,95,687,131,68,95,77,193,55,309,1096,695,90,533,129,165
51760,100296,111,28,384,3837,3523,3121,10260,3462,1693,5709,1542,7768,3716,9261,9049,15374,2244,10448,3716,5050
51770,43915,72,30,140,1882,3666,1705,5365,1914,604,1649,582,2351,1323,3295,2799,8493,516,4477,1699,1353
51775,11059,19,12,80,514,1063,537,1302,392,119,482,143,614,330,664,1033,1858,183,942,383,389
51790,11489,46,11,67,574,1133,371,1476,469,186,239,121,444,225,517,1418,1972,196,1163,413,448
51800,38573,156,14,311,1816,3687,1267,4355,1538,583,1126,600,2422,587,2434,4139,6358,521,3503,1310,1846
51810,198020,211,44,970,10447,8802,5968,23833,6019,4370,9208,4176,17383,3615,12396,20902,28342,3965,23272,7195,6902
51820,10498,66,14,57,604,1342,287,1324,471,158,208,129,452,241,475,928,1710,169,1122,395,346
51830,4327,5,0,16,151,179,87,498,83,69,102,69,321,79,256,586,484,335,770,109,128
51840,12838,46,20,57,679,1266,375,1584,536,222,402,139,791,271,883,1369,1761,217,1299,392,529
53001,7237,1490,10,84,180,971,319,680,348,64,108,73,116,25,186,823,811,52,429,86,382
53003,9382,159,16,45,440,1299,264,1217,213,138,336,78,332,55,270,986,1729,194,822,261,528
53005,84848,6485,49,1614,5016,5571,2547,9644,2408,871,1687,1161,7424,516,8076,7989,10502,1367,6549,1860,3512
53007,35669,5332,32,811,1687,1841,2182,4000,782,636,641,481,989,189,1209,2963,5214,857,3645,770,1408
53009,28677,788,25,148,1598,1712,768,4268,1030,410,509,422,938,285,982,2388,5001,982,2809,1068,2546
53011,206247,1835,230,1724,14036,21086,12101,23283,9635,4765,6851,3593,11901,4567,11028,17563,28409,3041,16594,6787,7218
53013,1460,122,7,27,72,77,40,148,29,17,18,13,37,4,21,163,265,45,116,38,201
53015,48335,1596,150,357,3240,7009,2283,6091,1825,568,1085,666,1374,424,2284,4028,7217,697,3913,1334,2194
53017,19354,3516,20,530,1042,1116,984,2158,502,310,307,234,515,113,656,1672,2695,348,1440,393,803
53019,2341,147,66,29,110,168,38,247,50,26,51,47,53,41,70,257,385,62,158,37,299
53021,34687,4742,35,459,1928,3417,1253,3768,1199,323,629,437,1682,181,2173,3022,4101,461,2685,737,1455
53023,755,40,3,4,21,22,81,88,22,6,19,8,13,1,19,96,121,7,40,16,128
53025,34097,5817,63,989,1391,4426,1652,3400,1159,385,499,327,662,126,1386,3720,3114,353,2377,556,1695
53027,27480,839,54,234,1655,2830,862,3600,954,329,617,415,709,211,1114,2598,3432,583,2547,931,2966
53029,29487,552,49,137,1974,3316,861,3726,1050,605,658,519,1331,322,1306,2682,4205,932,2739,1006,1517
53031,11056,228,14,90,786,782,363,1409,335,272,210,199,445,64,402,990,1398,319,1138,517,1095
53033,1044867,5078,293,3964,45224,83380,45932,111690,40758,86758,36074,20344,98127,24877,58160,84715,125780,21689,86812,35406,29806
53035,89190,910,111,359,5118,4567,2841,11418,3018,2273,2542,1654,6146,1043,4427,8933,14029,3165,8910,3068,4658
53037,16433,864,20,204,1103,872,717,1862,439,315,333,178,504,101,497,2432,2029,419,1997,391,1156
53039,7360,992,5,128,319,892,233,714,210,93,132,83,268,61,304,679,821,106,580,293,447
53041,32826,1235,110,348,1908,3442,1174,4609,1220,417,578,402,961,255,1436,3338,4060,797,2932,894,2710
53043,3803,280,12,149,246,193,250,383,100,57,90,42,135,26,78,517,595,72,232,51,295
53045,22360,638,25,242,1434,1770,707,2985,745,335,510,273,830,141,956,2037,2820,1009,1794,690,2419
53047,14888,2896,98,258,595,726,369,1651,320,175,208,176,348,58,345,1578,1989,400,1186,279,1233
53049,7548,504,22,87,396,865,159,848,170,88,156,92,171,31,292,691,910,182,911,248,725
53051,4380,174,142,100,233,391,141,539,142,78,90,57,126,32,124,438,641,95,308,106,423
53053,357481,2592,252,1092,25433,31837,18727,43130,20009,6414,10422,6017,15035,3864,21858,31363,50477,8827,29427,12155,18550
53055,6136,105,5,79,638,222,122,798,178,116,100,143,274,39,266,538,619,238,990,272,394
53057,54693,2081,59,253,4147,6864,1838,7047,1860,809,1301,727,2011,505,2054,4675,7482,1749,4886,1681,2664
53059,5322,274,12,44,338,636,237,513,169,75,107,85,261,78,214,496,558,98,682,152,293
53061,372986,2713,218,2053,27481,57009,14075,42871,9265,15675,11865,5965,23888,5184,18358,27066,46178,8545,28807,11582,14188
53063,210322,2155,270,673,10043,15076,9767,25918,6459,3657,10046,3069,9786,3591,11320,20129,39193,4476,19407,5755,9532
53065,16477,666,125,106,828,1864,578,2083,525,205,391,201,539,183,597,1827,2417,414,1182,360,1386
53067,110351,2068,92,387,5389,5613,3562,12236,3137,1642,2895,1546,4699,1255,6136,11170,13743,2888,8596,3615,19682
53069,1495,120,10,15,90,183,66,184,62,21,30,14,46,10,69,131,126,26,98,41,153
53071,22035,1441,27,134,878,2057,614,2292,414,290,607,272,549,75,697,3058,4015,314,1916,711,1674
53073,87640,3182,188,232,5888,9532,2963,10591,2915,1705,2038,1137,3644,820,4097,9774,11031,2612,7922,2700,4669
53075,16126,437,31,32,425,1964,499,1373,302,146,189,227,374,57,287,5343,1851,157,1320,282,830
53077,100772,22157,61,539,3942,8836,4248,10043,2913,1034,1535,1040,2191,835,2697,9344,13578,1905,6713,1782,5379
54001,6135,28,291,55,486,404,207,739,224,91,148,51,218,30,189,635,1269,48,491,146,385
54003,52069,210,113,282,3176,3955,1943,6195,2989,1611,1744,474,2813,489,2648,5522,7692,708,4738,1253,3514
54005,7513,21,730,70,276,205,227,1003,296,83,201,60,274,81,474,693,1377,62,594,258,528
54007,4263,17,177,50,414,301,118,669,95,62,83,23,128,74,123,383,777,12,372,116,269
54009,10409,7,153,138,574,1157,354,1227,429,102,304,99,429,168,417,1055,1829,189,972,345,461
54011,38005,28,121,309,1601,2427,1284,5264,907,515,908,470,1468,351,2699,3804,8666,410,4028,1160,1585
54013,2199,4,160,30,266,152,41,249,80,16,60,13,59,12,79,199,461,19,149,40,110
54015,2749,14,103,34,233,117,64,340,106,30,69,20,65,25,147,334,552,10,166,79,241
54017,2391,2,187,32,210,132,70,305,111,35,65,26,73,21,111,228,379,14,177,47,166
54019,15605,35,615,173,823,621,540,2264,546,202,390,140,500,133,796,1211,3212,286,1539,456,1123
54021,2506,6,193,23,157,182,48,307,84,21,35,19,97,13,99,435,344,12,220,51,160
54023,5005,47,40,108,453,1013,82,545,211,56,130,28,128,82,145,369,835,34,307,157,235
54025,13680,152,229,76,784,970,275,1806,286,182,213,163,412,87,657,1202,2578,127,2305,427,749
54027,9262,63,38,61,771,1306,258,1104,309,140,275,75,376,154,369,937,1421,76,717,272,540
54029,13697,5,141,197,651,1968,408,1569,658,161,500,149,581,229,655,913,2262,283,1511,403,453
54031,6196,57,20,29,462,1760,136,645,216,86,140,42,192,81,198,599,672,35,389,132,305
54033,27490,25,998,389,1784,1369,1044,3730,1243,471,591,342,1414,325,1373,2024,5347,283,2561,830,1347
54035,10842,31,123,134,654,1490,359,1331,441,144,425,109,399,92,492,803,1799,77,966,296,677
54037,25834,124,63,111,1804,1453,744,2883,1005,551,720,281,2116,259,1262,3143,2956,498,3087,826,1948
54039,81687,71,1050,876,3677,2963,2963,9739,2907,1606,3489,997,3888,1018,5907,5645,16256,857,7465,2568,7745
54041,6742,31,436,68,497,319,209,896,259,84,120,64,211,38,347,548,1386,42,661,178,348
54043,6703,14,250,89,530,356,217,991,274,77,175,53,226,29,368,660,1317,65,467,200,345
54045,9658,13,823,127,310,424,330,1376,346,142,204,81,297,61,486,807,1873,78,884,406,590
54047,4500,21,343,49,125,150,114,737,175,59,100,32,124,26,236,430,852,25,315,119,468
54049,23830,18,1059,378,1356,1512,731,3059,660,329,478,231,1133,240,1375,2427,4503,249,2182,846,1064
54051,13468,5,914,244,872,858,567,1694,424,157,400,109,443,145,648,1025,2291,200,1309,461,702
54053,8861,125,45,259,473,963,226,1098,416,86,197,73,236,79,352,879,1801,73,661,287,532
54055,21770,34,483,212,870,1353,687,3242,605,288,466,184,624,247,1249,2290,4683,247,2117,704,1185
54057,11631,36,82,124,809,1668,314,1325,396,226,262,91,443,114,455,1011,2155,99,1001,325,695
54059,6431,32,655,78,184,240,144,913,213,72,141,64,199,31,278,794,1296,47,549,172,329
54061,42028,47,1143,372,1830,2361,1081,4148,774,556,686,539,2276,591,1879,7652,8322,363,4403,1221,1784
54063,4076,75,27,36,274,659,98,554,93,37,74,25,132,19,153,393,726,34,356,91,220
54065,7202,45,90,36,531,622,274,972,390,114,220,72,294,71,323,656,1078,79,595,205,535
54067,9177,87,501,94,487,675,302,1333,293,79,158,54,296,50,351,850,1883,75,860,256,493
54069,21493,10,600,193,960,958,996,2723,549,263,656,278,953,349,1217,1816,4210,350,2257,827,1328
54071,2797,44,23,16,243,396,95,333,100,43,95,16,87,26,86,255,441,36,212,107,143
54073,2938,5,100,88,162,420,62,291,75,42,80,14,87,19,165,273,495,29,244,57,230
54075,3063,53,24,25,190,239,53,308,78,48,53,40,77,10,114,308,531,13,487,102,310
54077,12518,48,629,173,1155,965,278,1501,437,183,260,135,467,142,454,1305,2248,120,996,432,590
54079,24467,58,160,359,1640,1788,1276,3052,940,356,870,308,1184,344,1479,2063,4152,270,1993,699,1476
54081,25108,55,1264,181,932,636,888,3583,706,358,536,249,922,293,1860,1783,5536,281,2738,800,1507
54083,11140,74,375,98,606,1003,323,1344,419,139,258,97,289,66,312,956,2393,80,1029,345,934
54085,3657,2,340,40,227,594,80,432,109,45,111,31,86,24,117,333,476,25,277,93,215
54087,4969,7,256,63,379,326,149,732,161,73,146,40,140,27,187,475,978,29,375,122,304
54089,3603,39,68,31,171,148,166,512,98,56,61,46,114,23,185,383,698,33,316,108,347
54091,6614,10,251,81,423,492,185,852,287,101,127,78,295,63,276,588,1306,43,559,215,382
54093,3034,13,91,53,233,245,53,332,68,35,87,48,81,17,98,243,593,15,322,107,300
54095,3109,3,154,37,202,482,86,419,91,27,99,16,55,13,123,277,499,21,206,82,217
54097,9162,72,488,72,664,689,330,1076,392,113,172,77,340,94,331,974,1774,54,826,228,396
54099,14458,18,193,156,839,1210,452,1762,574,153,312,133,473,97,889,1437,3374,152,1123,406,705
54101,2829,88,177,26,141,296,94,338,98,22,49,17,55,10,102,300,589,15,205,56,151
54103,5186,11,303,62,378,516,137,745,225,57,132,43,151,30,232,393,796,41,450,204,280
54105,1900,5,50,20,180,178,44,265,75,21,53,13,48,11,93,189,307,30,115,58,145
54107,37247,37,499,385,2086,3484,1166,5350,1473,603,1333,378,1057,375,2032,2819,6532,390,3661,1047,2540
54109,5337,18,711,49,204,152,119,760,145,54,109,39,142,41,261,692,989,40,424,125,263
55001,7978,301,17,54,296,1106,298,1028,315,93,178,90,162,101,280,607,864,156,1092,230,710
55003,7498,79,1,49,353,939,232,886,273,111,185,54,222,54,190,601,1212,62,761,191,1043
55005,22410,382,101,85,872,5396,673,2757,804,190,574,123,506,218,913,1584,3228,577,1736,558,1133
55007,6568,55,5,61,400,493,174,728,245,107,190,69,138,55,152,609,1105,170,840,151,821
55009,130579,1064,69,687,5915,21458,6355,12800,5301,1622,8068,1168,5340,4315,6737,9938,18045,2136,11348,3927,4286
55011,7476,279,13,77,349,1351,352,669,552,124,261,42,177,176,225,637,1022,78,563,173,356
55013,6333,91,19,40,212,994,152,772,172,71,123,39,136,95,194,525,927,388,621,200,562
55015,26500,458,72,63,1399,5936,1298,2453,736,419,1351,203,917,734,1327,1940,3055,333,1974,855,977
55017,28785,332,170,70,1468,5333,1085,3462,1228,262,978,176,815,620,1166,2031,4882,281,2010,833,1583
55019,12754,505,15,34,591,3114,622,1378,677,94,308,42,210,106,342,936,1578,87,753,268,1094
55021,31564,414,54,203,1756,4950,1514,3379,1073,423,1260,278,1233,656,1119,2521,4161,425,2803,944,2398
55023,7878,177,11,37,292,1392,228,1151,227,92,233,26,159,131,416,673,1169,148,662,179,475
55025,283330,1524,131,1288,10251,20401,10935,26701,6882,15630,15280,3600,18792,7470,14381,34554,39858,5044,22104,9205,19299
55027,43384,620,67,137,2294,11022,1922,4850,1587,463,1187,274,1194,836,1484,2722,5667,458,2970,1139,2491
55029,13848,266,9,59,678,2386,337,1740,266,151,407,161,371,154,467,883,1805,224,1836,711,937
55031,21081,66,17,188,1010,1634,703,2387,1125,260,733,207,715,334,690,1907,4419,305,2327,848,1206
55033,19853,352,32,70,962,3452,808,2046,1155,182,582,144,669,420,879,2012,3138,295,1492,431,732
55035,46685,279,98,78,1553,5630,1889,5354,2028,525,2030,408,1683,1658,2470,3794,8578,584,3940,1413,2693
55037,2132,26,8,6,176,391,82,212,61,24,84,9,47,13,66,160,321,23,178,73,172
55039,51637,936,165,153,2749,11386,2192,5750,1683,830,1875,354,1206,929,1854,3552,6901,451,3913,1631,3127
55041,3827,56,0,12,126,474,79,444,158,35,126,39,75,32,100,284,412,213,311,85,766
55043,23867,635,30,95,1002,3597,1025,3162,792,425,992,169,785,302,1062,2662,3028,339,1679,601,1485
55045,19354,384,20,94,924,3213,1017,2573,554,796,670,139,685,219,685,1470,2555,257,1354,608,1137
55047,9109,146,43,48,437,2073,309,1022,363,87,356,71,215,145,280,629,1156,81,728,242,678
55049,12907,235,29,66,731,1560,681,2712,330,205,467,110,448,180,356,1066,1742,221,835,264,669
55051,2463,36,1,5,135,323,78,332,52,25,66,36,69,15,40,217,383,42,278,53,277
55053,9833,279,173,48,497,1488,299,1030,542,60,315,54,199,136,230,720,1397,77,708,238,1343
55055,43156,484,31,202,2301,8635,2519,4514,1630,669,1335,354,1467,784,2196,3211,6011,723,3050,1220,1820
55057,11311,178,17,42,419,2213,329,1478,507,77,255,74,210,140,349,733,1707,111,1256,255,961
55059,83403,253,38,320,3220,12782,4561,10450,4155,859,2369,813,3151,1925,5520,6779,11432,1233,7228,2506,3809
55061,11010,638,3,181,698,2417,447,1026,393,81,400,56,283,217,324,822,1424,120,769,269,442
55063,57191,169,47,321,2134,7096,2995,6341,2247,845,2451,555,1659,1559,2182,5381,11067,727,4969,2015,2431
55065,8395,294,7,27,418,1291,578,1228,307,139,313,41,231,83,240,826,1062,77,493,222,518
55067,9532,430,13,38,333,1612,386,1362,508,106,372,70,200,127,273,688,1272,107,754,286,595
55069,15291,213,7,69,618,3394,654,1898,572,157,1079,91,301,329,446,801,1874,189,1196,402,1001
55071,41254,1011,54,528,1858,11524,1550,4092,1377,314,1246,250,929,811,1679,2511,5364,408,3072,1101,1575
55073,69460,859,82,244,2386,14299,4267,7494,2601,744,4314,429,2211,2078,2299,4318,11176,1048,4742,1657,2212
55075,20228,363,62,88,952,5601,680,2227,639,162,562,129,450,218,565,1303,2611,273,1702,625,1016
55077,6532,222,19,52,293,1429,225,800,228,64,158,37,128,72,178,442,786,96,623,173,507
55078,1404,20,1,5,36,191,26,111,38,8,32,14,12,5,42,155,194,198,69,39,208
55079,455227,507,110,1533,11577,55037,17294,43202,14998,7989,21585,5361,21419,15953,36534,38802,81746,8733,38827,14684,19336
55081,21143,355,169,128,827,3872,863,2363,1243,174,614,135,493,419,686,1510,3435,190,1732,552,1383
55083,19417,445,18,98,1143,4457,760,2034,788,126,835,147,544,411,624,1420,2589,216,1328,441,993
55085,18038,206,13,88,863,2124,706,3065,587,305,620,167,464,334,654,1211,2613,285,1877,576,1280
55087,100417,717,63,234,5922,19351,4357,10065,3290,1547,5646,813,3633,2972,6472,6815,12474,1290,7939,3472,3345
55089,45913,159,32,167,1552,7594,2306,4546,908,893,2658,524,2837,1572,2119,4279,6129,781,3463,1484,1910
55091,3758,124,12,15,227,507,252,467,234,31,124,24,99,82,94,276,564,37,281,82,226
55093,16932,281,62,65,915,2897,687,1855,680,157,509,116,561,304,555,1792,2246,358,1577,446,869
55095,23029,297,46,88,1269,4957,811,2569,693,244,639,183,640,400,891,1849,3577,475,1690,517,1194
55097,34717,714,40,150,1247,5184,1262,4029,1594,438,3129,241,1241,636,1142,2979,4353,308,3142,1207,1681
55099,6524,118,15,36,182,1991,217,611,180,65,180,35,190,70,160,490,931,71,388,166,428
55101,99473,288,30,417,4029,19246,4748,11146,4319,1036,3230,959,3377,2113,6256,6960,14694,1465,8041,2864,4255
55103,7851,203,19,41,378,1699,291,985,243,86,224,51,168,105,287,605,1302,95,500,184,385
55105,75892,668,106,367,3473,14729,4502,9002,2455,1447,2029,542,2270,1521,3753,6026,10004,840,6564,2127,3467
55107,6300,140,23,24,222,1673,173,695,293,60,144,31,108,135,175,446,751,46,385,148,628
55109,48602,356,54,153,2502,7457,2202,4980,1581,660,2232,433,2287,2145,1732,4205,6869,688,3999,1390,2677
55111,34901,401,35,137,1688,5523,1331,4350,960,346,1103,421,1388,555,1187,2363,4235,558,4688,846,2786
55113,6905,109,4,32,300,775,157,884,200,61,195,76,150,72,158,648,911,393,678,171,931
55115,20850,550,13,94,924,4187,843,2146,709,198,813,157,499,382,667,1626,2649,668,1501,553,1671
55117,58923,648,27,193,2300,19033,2503,5564,1429,460,2457,315,1397,1138,2459,3819,7007,742,4349,1602,1481
55119,9149,325,44,28,346,2232,725,832,422,88,289,57,184,164,321,607,1128,72,524,179,582
55121,16106,368,133,56,646,4314,656,1582,800,154,518,94,362,282,426,1287,2217,124,943,385,759
55123,13822,315,17,125,639,1767,666,1529,697,208,437,97,308,599,361,1298,2620,87,945,314,793
55125,8124,64,6,29,435,508,309,1348,249,136,232,116,198,110,248,630,1050,324,1128,303,701
55127,49250,438,32,189,2405,9663,2432,5327,1578,591,1372,438,1663,691,2462,4178,5859,1029,4969,1543,2391
55129,7370,95,8,22,231,1323,176,1051,309,66,234,50,177,124,185,665,1032,113,679,204,626
55131,73285,392,95,260,3655,15699,4162,7324,1923,1287,3597,609,3161,2301,3186,5209,9332,1150,4873,2530,2540
55133,210193,452,137,901,9665,31621,12296,20434,5571,4286,11719,2696,12738,7925,10880,16643,29836,3646,14653,6968,7126
55135,27109,454,14,68,1333,7206,936,2624,837,411,979,121,612,392,993,1836,3995,299,2120,716,1163
55137,10846,448,9,39,479,2159,452,1330,447,124,350,76,308,141,367,746,1278,87,956,276,774
55139,84769,441,50,204,3454,16828,3489,9149,2665,1496,3650,684,3269,2732,5146,5707,11183,879,6845,3141,3757
55141,38723,775,29,166,1642,6543,1505,4349,2161,1005,1400,241,927,555,1306,2285,7572,289,2804,1159,2010
56001,15833,120,160,72,882,423,243,1637,355,186,419,205,790,21,405,4585,2111,230,1617,378,994
56003,4418,135,478,46,323,238,124,398,88,77,124,43,139,11,124,690,637,45,257,104,337
56005,24885,142,4678,326,1859,551,1419,2553,851,270,446,311,724,362,683,2327,2517,167,2143,800,1756
56007,7026,147,333,71,678,591,130,850,215,82,148,68,158,26,175,703,737,74,858,134,848
56009,6452,105,1123,110,417,152,181,644,208,87,166,106,163,19,127,687,885,99,533,177,463
56011,2382,46,303,48,233,107,80,226,78,37,67,16,66,12,40,326,252,37,217,53,138
56013,15850,156,606,116,1031,336,435,1780,400,222,334,248,500,45,263,2596,2501,183,1868,473,1757
56015,4953,165,56,64,265,247,207,521,102,64,138,47,144,24,121,798,843,42,402,130,573
56017,2251,23,141,13,117,84,39,216,82,33,54,34,54,4,42,328,422,53,277,66,169
56019,3969,79,225,24,299,98,122,411,137,56,132,39,157,15,72,466,604,70,412,162,389
56021,44854,408,574,253,2987,1368,1148,5788,2387,1063,1600,648,1826,86,1950,3980,6821,427,4313,1336,5891
56023,6979,58,446,145,856,212,170,797,210,161,124,57,240,52,200,990,969,73,628,154,437
56025,39266,240,2695,363,3092,1322,2388,4578,1326,479,1043,944,1445,104,1243,3866,5997,534,4028,1386,2193
56027,816,29,38,18,53,15,24,90,19,10,16,12,21,1,7,117,112,12,78,15,129
56029,12515,286,509,97,1002,594,307,1438,326,274,299,138,411,59,294,1520,2017,293,1510,354,787
56031,3292,95,90,313,237,61,94,434,118,45,105,36,81,16,42,361,422,23,360,90,269
56033,14072,289,627,80,1093,410,375,1683,329,223,454,216,682,32,380,1258,2792,226,1492,528,903
56035,3053,72,449,17,291,61,51,282,111,38,57,51,119,4,100,379,255,85,263,94,274
56037,21186,66,3639,390,1510,1188,736,2141,967,249,343,329,560,104,513,2148,2145,178,2149,499,1332
56039,9765,47,51,25,875,115,146,1056,264,182,289,262,592,14,496,663,832,321,2777,300,458
56041,8763,40,727,120,630,384,240,986,405,230,162,125,257,59,184,1017,1443,67,752,144,791
56043,3828,123,130,43,257,343,135,352,158,92,101,64,106,8,99,405,528,60,314,126,384
56045,3042,37,523,21,181,145,81,281,122,56,59,23,64,7,49,331,453,19,229,72,289
