"inst_name,C,254",lat,lon,geoid,tractid,state,county
UNIVERSITY OF ARIZONA,32.232844,-110.959467,1400000US04019000501,04019000501,AZ,Pima County
UNIVERSITY OF ALABAMA AT BIRMINGHAM,33.50591,-86.799772,1400000US01073004502,01073004502,AL,Jefferson County
ARIZONA STATE UNIVERSITY-TEMPE CAMPUS,33.423954,-111.940687,1400000US04013318700,04013318700,AZ,Maricopa County
ST. JOSEPH'S HOSPITAL AND MEDICAL CENTER,37.775975,-122.392972,1400000US06075060703,06075060703,CA,San Francisco County
SOUTHEAST ARIZONA AREA HEALTH EDUCATION CENTER,31.340705,-110.960789,1400000US04023966401,04023966401,AZ,Santa Cruz County
ARKANSAS CANCER COALITION,34.759836,-92.340415,1400000US05119001501,05119001501,AR,Pulaski County
CAMPESINOS SIN FRONTERAS,32.596322,-114.712699,1400000US04027011505,04027011505,AZ,Yuma County
YUKON-KUSKOKWIM HEALTH CORPORATION,60.94,-164.62,1400000US02050000100,02050000100,AK,Bethel Census Area
MAYO CLINIC ARIZONA,33.589113,-111.79394,1400000US04013216858,04013216858,AZ,Maricopa County
TRANSLATIONAL GENOMICS RESEARCH INST,33.452982,-112.066306,1400000US04013113100,04013113100,AZ,Maricopa County
NORTHERN ARIZONA UNIVERSITY,35.192568,-111.656765,1400000US04005001000,04005001000,AZ,Coconino County
UNIVERSITY OF SOUTH ALABAMA,30.688966,-88.189832,1400000US01097003606,01097003606,AL,Mobile County
UNIVERSITY OF ARKANSAS AT FAYETTEVILLE,36.069922,-94.176965,1400000US05143011301,05143011301,AR,Washington County
PHOENIX CHILDREN'S HOSPITAL,33.478892,-112.040426,1400000US04013111602,04013111602,AZ,Maricopa County
UNIVERSITY OF ALABAMA IN TUSCALOOSA,33.215665,-87.53919,1400000US01125011200,01125011200,AL,Tuscaloosa County
UNIV OF ARKANSAS FOR MED SCIS,34.749005,-92.320097,1400000US05119980200,05119980200,AR,Pulaski County
ENDOTAT BIOTECHNOLOGIES LLC,33.693798,-111.999557,1400000US04013615001,04013615001,AZ,Maricopa County
AUBURN UNIVERSITY AT AUBURN,32.602139,-85.508496,1400000US01081040603,01081040603,AL,Lee County
"CELLIA SCIENCE, INC.",36.042291,-94.16811,1400000US05143011105,05143011105,AR,Washington County
ARKANSAS STATE UNIVERSITY,35.849336,-90.679349,1400000US05031000602,05031000602,AR,Craighead County
ARKANSAS CHILDREN'S HOSPITAL RES INST,34.743407,-92.291552,1400000US05119004500,05119004500,AR,Pulaski County
TUSKEGEE UNIVERSITY,32.428345,-85.709321,1400000US01087231700,01087231700,AL,Macon County
VITALANT,33.473853,-111.946795,1400000US04013217400,04013217400,AZ,Maricopa County
UNIVERSITY OF ALASKA FAIRBANKS,64.857437,-147.800301,1400000US02090000600,02090000600,AK,Fairbanks North Star Borough
"FAKNOSTICS, LLC",33.503994,-112.018614,1400000US04013108400,04013108400,AZ,Maricopa County
"ENDOMIMETICS, LLC",33.515462,-86.821045,1400000US01073002702,01073002702,AL,Jefferson County
SEQUITUR HEALTH CORP.,33.59544,-111.895786,1400000US04013216816,04013216816,AZ,Maricopa County
"BIOSENSING INSTRUMENT, INC.",33.357822,-111.926185,1400000US04013319905,04013319905,AZ,Maricopa County
"EVIMERO, LLC",33.226799,-87.531521,1400000US01125010406,01125010406,AL,Tuscaloosa County
"CALADAN THERAPEUTICS, INC.",33.446751,-86.798955,1400000US01073012921,01073012921,AL,Jefferson County
"GOALISTICS, LLC",33.336506,-111.938809,1400000US04013319910,04013319910,AZ,Maricopa County
"PRECISION EPIGENOMICS, INC.",31.940621,-110.907512,1400000US04019004127,04019004127,AZ,Pima County
HUDSON-ALPHA INSTITUTE FOR BIOTECHNOLOGY,34.72523,-86.691036,1400000US01089001403,01089001403,AL,Madison County
SOUTHCENTRAL FOUNDATION,61.182148,-149.795959,1400000US02020001602,02020001602,AK,Anchorage Municipality
ALASKA NATIVE TRIBAL HEALTH CONSORTIUM,61.183064,-149.806384,1400000US02020001602,02020001602,AK,Anchorage Municipality
MIDWESTERN UNIVERSITY (GLENDALE AZ),33.663405,-112.183604,1400000US04013616000,04013616000,AZ,Maricopa County
"BMSEED, LLC",33.377779,-111.914695,1400000US04013319903,04013319903,AZ,Maricopa County
"ALVEOLUS BIO, INC.",33.511775,-86.812587,1400000US01073002701,01073002701,AL,Jefferson County
NEPHROPATHOLOGY ASSOCIATES,34.740024,-92.396998,1400000US05119002407,05119002407,AR,Pulaski County
"CERIA THERAPEUTICS, INC.",40.043567,-105.293313,1400000US08013012104,08013012104,CO,Boulder County
"INTER TRIBAL COUNCIL OF ARIZONA, INC.",33.472611,-112.074768,1400000US04013111800,04013111800,AZ,Maricopa County
"FIBRONOX, L.L.C.",32.214149,-110.954751,1400000US04019000800,04019000800,AZ,Pima County
"QSCINT IMAGING SOLUTIONS, LLC",32.393673,-111.001394,1400000US04019004633,04019004633,AZ,Pima County
RELIANT GLYCOSCIENCES LLC,33.441958,-86.669071,1400000US01117030221,01117030221,AL,Shelby County
"SCINTILLATION NANOTECHNOLOGIES, INC.",32.073081,-110.69792,1400000US04019004081,04019004081,AZ,Pima County
VIVOSPHERE LLC,32.587008,-85.493201,1400000US01081040700,01081040700,AL,Lee County
CFD RESEARCH CORPORATION,34.7573,-86.678606,1400000US01089010626,01089010626,AL,Madison County
"VIC FOUNDRY, INC.",36.042291,-94.16811,1400000US05143011105,05143011105,AR,Washington County
IMETABOLIC BIOPHARMA CORPORATION,33.3429,-111.894721,1400000US04013319909,04013319909,AZ,Maricopa County
NEPHSMART LLC,34.731783,-92.41679,1400000US05119004224,05119004224,AR,Pulaski County
DINE' COLLEGE,36.326278,-109.268065,1400000US04001944100,04001944100,AZ,Apache County
SOUTHERN RESEARCH INSTITUTE,33.503687,-86.79741,1400000US01073004502,01073004502,AL,Jefferson County
"COMPOVAX, LLC",30.692961,-88.194383,1400000US01097003602,01097003602,AL,Mobile County
ALABAMA STATE UNIVERSITY,32.365014,-86.295702,1400000US01101001500,01101001500,AL,Montgomery County
CANAIRY LLC,33.439559,-86.681294,1400000US01117030221,01117030221,AL,Shelby County
"CND LIFE SCIENCES, INC.",33.518079,-112.010329,1400000US04013105103,04013105103,AZ,Maricopa County
BANNER HEALTH,33.433422,-112.087594,1400000US04013114800,04013114800,AZ,Maricopa County
"SFC FLUIDICS, LLC",36.042985,-94.167916,1400000US05143011105,05143011105,AR,Washington County
"INTERVEXION THERAPEUTICS, LLC",34.751922,-92.345672,1400000US05119002103,05119002103,AR,Pulaski County
"ANEUVAS TECHNOLOGIES, INC.",33.25312,-111.616347,1400000US04013816902,04013816902,AZ,Maricopa County
OUACHITA BAPTIST UNIVERSITY,34.124645,-93.051344,1400000US05019953602,05019953602,AR,Clark County
ALABAMA FIRE COLLEGE,33.120981,-87.566774,1400000US01125012505,01125012505,AL,Tuscaloosa County
"NUVOX PHARMA, LLC",32.212468,-110.947196,1400000US04019000700,04019000700,AZ,Pima County
"ZEBRA ANALYTIX, INC.",36.042285,-94.168103,1400000US05143011105,05143011105,AR,Washington County
LYCHEE BIOSCIENCE LLC,32.311097,-110.946023,1400000US04019004726,04019004726,AZ,Pima County
UNIVERSITY OF ALASKA ANCHORAGE,61.190646,-149.818129,1400000US02020001602,02020001602,AK,Anchorage Municipality
ARIZONA VETERANS RESEARCH AND EDUCATION FOUNDATION,33.496961,-112.066778,1400000US04013117100,04013117100,AZ,Maricopa County
WHITE MOUNTAIN APACHE TRIBE,33.837596,-109.968235,1400000US04017940301,04017940301,AZ,Navajo County
"LUCEOME BIOTECHNOLOGIES, LLC",32.212822,-110.946372,1400000US04019000700,04019000700,AZ,Pima County
"LIGHT RESEARCH, INC.",32.294565,-110.848018,1400000US04019004722,04019004722,AZ,Pima County
UNIVERSITY OF ALABAMA IN HUNTSVILLE,34.720045,-86.644056,1400000US01089001500,01089001500,AL,Madison County
SITKA TRIBE OF ALASKA,57.053115,-135.344477,1400000US02220000200,02220000200,AK,Sitka City and Borough
"ILUMINOS THERAPEUTICS, LLC",32.42501,-110.977859,1400000US04019004641,04019004641,AZ,Pima County
"BIOSTRATEGIES, LC",35.849336,-90.679349,1400000US05031000602,05031000602,AR,Craighead County
"UNIVERSITY OF CALIFORNIA, SAN FRANCISCO",37.767442,-122.413937,1400000US06075017700,06075017700,CA,San Francisco County
YALE UNIVERSITY,41.310925,-72.926428,1400000US09170361402,09170361402,CT,South Central Connecticut Planning Region
UNIVERSITY OF SOUTHERN CALIFORNIA,34.017282,-118.281254,1400000US06037222700,06037222700,CA,Los Angeles County
"TING THERAPEUTICS, INC.",41.260026,-96.065008,1400000US31055006704,31055006704,NE,Douglas County
UNIVERSITY OF CALIFORNIA SANTA BARBARA,34.431306,-119.834277,1400000US06083980000,06083980000,CA,Santa Barbara County
UNIVERSITY OF COLORADO DENVER,39.745098,-104.837605,1400000US08001008100,08001008100,CO,Adams County
UNIVERSITY OF CALIFORNIA BERKELEY,37.870017,-122.268624,1400000US06001422902,06001422902,CA,Alameda County
FRIENDI.FI CORPORATION,37.597459,-122.385206,1400000US06081604400,06081604400,CA,San Mateo County
UNIVERSITY OF COLORADO,38.891282,-104.800059,1400000US08041007802,08041007802,CO,El Paso County
"UNIVERSITY OF CALIFORNIA, SAN DIEGO",32.876991,-117.24087,1400000US06073008305,06073008305,CA,San Diego County
COLORADO STATE UNIVERSITY,40.57951,-105.081267,1400000US08069000201,08069000201,CO,Larimer County
UNIVERSITY OF CALIFORNIA-IRVINE,33.64852,-117.82136,1400000US06059062629,06059062629,CA,Orange County
UNIVERSITY OF CALIFORNIA LOS ANGELES,34.070199,-118.45102,1400000US06037265301,06037265301,CA,Los Angeles County
BECKMAN RESEARCH INSTITUTE/CITY OF HOPE,34.127716,-117.972442,1400000US06037430102,06037430102,CA,Los Angeles County
GEORGE WASHINGTON UNIVERSITY,38.898075,-77.043933,1400000US11001010800,11001010800,DC,District of Columbia
CHILDREN'S RESEARCH INSTITUTE,38.927274,-77.014396,1400000US11001002302,11001002302,DC,District of Columbia
STANFORD UNIVERSITY,37.426852,-122.17047,1400000US06085513000,06085513000,CA,Santa Clara County
UNIVERSITY OF CALIFORNIA AT DAVIS,38.543366,-121.72946,1400000US06113010608,06113010608,CA,Yolo County
SAN DIEGO STATE UNIVERSITY,32.762178,-117.069156,1400000US06073002804,06073002804,CA,San Diego County
UNIVERSITY OF CALIFORNIA RIVERSIDE,33.972585,-117.350361,1400000US06065030501,06065030501,CA,Riverside County
"MAGNETIC TIDES, INC.",37.925126,-122.296134,1400000US06013385100,06013385100,CA,Contra Costa County
CALIFORNIA INSTITUTE OF TECHNOLOGY,34.134332,-118.12652,1400000US06037463500,06037463500,CA,Los Angeles County
"SYMPHONY BIOSCIENCES, INC.",34.033932,-118.489495,1400000US06037701202,06037701202,CA,Los Angeles County
CEDARS-SINAI MEDICAL CENTER,34.076544,-118.380004,1400000US06037214902,06037214902,CA,Los Angeles County
GEORGETOWN UNIVERSITY,38.905206,-77.07547,1400000US11001000202,11001000202,DC,District of Columbia
J. DAVID GLADSTONE INSTITUTES,37.767618,-122.394315,1400000US06075060701,06075060701,CA,San Francisco County
"SCRIPPS RESEARCH INSTITUTE, THE",32.903062,-117.243592,1400000US06073008312,06073008312,CA,San Diego County
BUCK INSTITUTE FOR RESEARCH ON AGING,38.135302,-122.574863,1400000US06041102100,06041102100,CA,Marin County
CULTURA Y ARTE NATIVA DE LAS AMERICAS,37.750005,-122.409528,1400000US06075022902,06075022902,CA,San Francisco County
HOUSING AUTHORITY OF THE CITY OF LOS ANGELES,34.060406,-118.281668,1400000US06037208720,06037208720,CA,Los Angeles County
UNIVERSITY OF CONNECTICUT SCH OF MED/DNT,41.734182,-72.793791,1400000US09110460100,09110460100,CT,Capitol Planning Region
UNIVERSITY OF CONNECTICUT STORRS,41.811419,-72.247553,1400000US09110881200,09110881200,CT,Capitol Planning Region
CALIFORNIA MEDICAL INNOVATIONS INSTITUTE,32.90509,-117.229789,1400000US06073008339,06073008339,CA,San Diego County
KAISER FOUNDATION RESEARCH INSTITUTE,37.805769,-122.265214,1400000US06001402900,06001402900,CA,Alameda County
"GLYTR THERAPEUTICS, INC.",33.64852,-117.82136,1400000US06059062629,06059062629,CA,Orange County
UNIVERSITY OF CALIF-LAWRENC BERKELEY LAB,37.868252,-122.258486,1400000US06001422800,06001422800,CA,Alameda County
UNIVERSITY OF DELAWARE,39.714507,-75.738715,1400000US10003013610,10003013610,DE,New Castle County
LA JOLLA INSTITUTE FOR IMMUNOLOGY,32.838775,-117.253243,1400000US06073008303,06073008303,CA,San Diego County
VIRTUS THERAPEUTICS CORPORATION,41.306343,-72.933293,1400000US09170361401,09170361401,CT,South Central Connecticut Planning Region
SANFORD BURNHAM PREBYS MEDICAL DISCOVERY INSTITUTE,32.9036,-117.24298,1400000US06073008339,06073008339,CA,San Diego County
RAND CORPORATION,34.009659,-118.490943,1400000US06037701902,06037701902,CA,Los Angeles County
"PHOTOZIG, INC.",37.412894,-122.049891,1400000US06085504700,06085504700,CA,Santa Clara County
"VALA SCIENCES, INC.",32.887209,-117.181283,1400000US06073008350,06073008350,CA,San Diego County
CHARLES R. DREW UNIVERSITY OF MED & SCI,33.923952,-118.245687,1400000US06037540700,06037540700,CA,Los Angeles County
UNIVERSITY OF CALIFORNIA SANTA CRUZ,36.97756,-122.055836,1400000US06087100400,06087100400,CA,Santa Cruz County
NATIONAL JEWISH HEALTH,39.739206,-104.941874,1400000US08031003703,08031003703,CO,Denver County
SAN DIEGO BIOMEDICAL RESEARCH INSTITUTE,32.894055,-117.202589,1400000US06073008346,06073008346,CA,San Diego County
SRI INTERNATIONAL,37.457187,-122.175213,1400000US06081612500,06081612500,CA,San Mateo County
KECK GRADUATE INST OF APPLIED LIFE SCIS,34.092479,-117.722006,1400000US06037402001,06037402001,CA,Los Angeles County
"PRAEVIUM RESEARCH, INC.",34.43213,-119.811764,1400000US06083003001,06083003001,CA,Santa Barbara County
"POINT DESIGNS, LLC",40.13994,-105.257497,1400000US08013013202,08013013202,CO,Boulder County
"BIOSPYDER TECHNOLOGIES, INC.",33.025787,-117.21755,1400000US06073017106,06073017106,CA,San Diego County
SCINTILLON INSTITUTE FOR PHOTOBIOLOGY,32.887458,-117.182927,1400000US06073008350,06073008350,CA,San Diego County
SALK INSTITUTE FOR BIOLOGICAL STUDIES,32.8863,-117.243929,1400000US06073008312,06073008312,CA,San Diego County
SMITH-KETTLEWELL EYE RESEARCH INSTITUTE,37.791185,-122.43391,1400000US06075013500,06075013500,CA,San Francisco County
COSMYC INC,39.16869,-75.545247,1400000US10001043300,10001043300,DE,Kent County
UNIVERSITY OF COLORADO,40.013296,-105.251932,1400000US08013012605,08013012605,CO,Boulder County
DENVER HEALTH AND HOSPITAL AUTHORITY,39.727302,-104.991569,1400000US08031001800,08031001800,CO,Denver County
"RESOLUTE SCIENCE, INC.",33.019648,-117.197359,1400000US06073017106,06073017106,CA,San Diego County
NATIONAL ALLIANCE FOR HISPANIC HEALTH,38.90983,-77.036184,1400000US11001005202,11001005202,DC,District of Columbia
SAN FRANCISCO STATE UNIVERSITY,37.72091,-122.476074,1400000US06075033201,06075033201,CA,San Francisco County
MILLION MARKER WELLNESS INC.,37.929887,-122.305288,1400000US06013385100,06013385100,CA,Contra Costa County
ASSOCIATION OF AMERICAN MEDICAL COLLEGES,38.902811,-77.020782,1400000US11001004703,11001004703,DC,District of Columbia
"ONCTERNAL THERAPEUTICS, INC.",35.143199,-90.050426,1400000US47157011402,47157011402,TN,Shelby County
"HUNGRY HEART MEDIA, INC.",34.072514,-118.371028,1400000US06037214800,06037214800,CA,Los Angeles County
"COLOR HEALTH, INC.",37.600555,-122.37358,1400000US06081605100,06081605100,CA,San Mateo County
SETI INSTITUTE,37.386268,-122.051359,1400000US06085509109,06085509109,CA,Santa Clara County
WESLEYAN UNIVERSITY,41.557395,-72.655179,1400000US09130541500,09130541500,CT,Lower Connecticut River Valley Planning Region
"UNIVERSITY OF CALIFORNIA, MERCED",37.351306,-120.4324,1400000US06047001801,06047001801,CA,Merced County
PUBLIC HEALTH FOUNDATION ENTERPRISES,34.029482,-118.023269,1400000US06037408402,06037408402,CA,Los Angeles County
PYXIS PARTNERS LLC,38.905386,-77.030988,1400000US11001005003,11001005003,DC,District of Columbia
INSITEHUB LLC,39.679205,-75.73119,1400000US10003014502,10003014502,DE,New Castle County
VERILY LIFE SCIENCES LLC,37.654526,-122.399747,1400000US06081602300,06081602300,CA,San Mateo County
CHILDREN'S HOSPITAL OF LOS ANGELES,34.098065,-118.29069,1400000US06037191302,06037191302,CA,Los Angeles County
CALIFORNIA STATE UNIVERSITY FULLERTON,33.8781,-117.884245,1400000US06059011504,06059011504,CA,Orange County
CARE.COACH CORPORATION,37.603956,-122.394094,1400000US06081604400,06081604400,CA,San Mateo County
PUBLIC HEALTH INSTITUTE,37.803785,-122.275259,1400000US06001403100,06001403100,CA,Alameda County
"BIG EYE DIAGNOSTICS, INC.",32.90309,-117.180921,1400000US06073008350,06073008350,CA,San Diego County
EMBRIENT INC,32.857276,-117.226237,1400000US06073008364,06073008364,CA,San Diego County
PALO ALTO VETERANS INSTIT FOR RESEARCH,37.400877,-122.138324,1400000US06085511705,06085511705,CA,Santa Clara County
"ABBRATECH, INC.",41.291635,-72.689631,1400000US09170190100,09170190100,CT,South Central Connecticut Planning Region
CALIFORNIA STATE UNIVERSITY SACRAMENTO,38.553853,-121.421265,1400000US06067005201,06067005201,CA,Sacramento County
LOHOCLA RESEARCH CORPORATION,42.027222,-87.678067,1400000US17031810000,17031810000,IL,Cook County
"LEBRUN LABS, LLC",33.860473,-117.795983,1400000US06059021813,06059021813,CA,Orange County
SCRIPPS HEALTH,32.887742,-117.223797,1400000US06073008339,06073008339,CA,San Diego County
"NEURAEGIS, INC.",33.838148,-117.600411,1400000US06065041804,06065041804,CA,Riverside County
"STARLIGHT CARDIOVASCULAR, INC.",32.870705,-117.225305,1400000US06073008377,06073008377,CA,San Diego County
"ARMIDA LABS, INC.",32.8572,-117.189598,1400000US06073008344,06073008344,CA,San Diego County
DIGITAL ORGANIZING POWER-BUILDING AND ENGAGEMENT LABS,37.80342,-122.269799,1400000US06001403000,06001403000,CA,Alameda County
"VIVREON BIOSCIENCES, LLC",32.885478,-117.170654,1400000US06073008350,06073008350,CA,San Diego County
INTEGRATED MEDICAL SENSORS,33.700942,-117.756405,1400000US06059052431,06059052431,CA,Orange County
REKOVAR INC.,34.153753,-118.763422,1400000US06037800324,06037800324,CA,Los Angeles County
GALLAUDET UNIVERSITY,38.905784,-76.994932,1400000US11001008803,11001008803,DC,District of Columbia
MARTINEAU & ASSOCIATES,37.435907,-122.191259,1400000US06081612800,06081612800,CA,San Mateo County
FAIRFIELD UNIVERSITY,41.164233,-73.255844,1400000US09120060700,09120060700,CT,Greater Bridgeport Planning Region
"HEALCISIO, INC.",32.856071,-117.227467,1400000US06073008364,06073008364,CA,San Diego County
DELTA RESEARCH AND EDUCATIONAL FOUNDATION,38.91289,-77.039938,1400000US11001005302,11001005302,DC,District of Columbia
NORTHERN CALIFORNIA INSTITUTE/RES/EDU,37.781538,-122.504847,1400000US06075980200,06075980200,CA,San Francisco County
"NAVEGA THERAPEUTICS, INC.",32.85078,-117.250436,1400000US06073008312,06073008312,CA,San Diego County
"SYNTR HEALTH TECHNOLOGIES, LLC",33.866635,-118.048458,1400000US06037554512,06037554512,CA,Los Angeles County
"NEUROBEHAVIORAL SYSTEMS, INC.",37.871398,-122.268005,1400000US06001422902,06001422902,CA,Alameda County
DELAWARE STATE UNIVERSITY,39.189379,-75.541169,1400000US10001043300,10001043300,DE,Kent County
OCCIDENTAL COLLEGE,34.127505,-118.212852,1400000US06037181600,06037181600,CA,Los Angeles County
CALIFORNIA STATE UNIVERSITY FRESNO,36.815106,-119.745116,1400000US06019005408,06019005408,CA,Fresno County
LUNDQUIST INSTITUTE FOR BIOMEDICAL INNOVATION AT HARBOR-UCLA MEDICAL CENTER,33.831471,-118.295432,1400000US06037543503,06037543503,CA,Los Angeles County
CALIFORNIA STATE POLY U POMONA,34.049754,-117.815697,1400000US06037402403,06037402403,CA,Los Angeles County
DRYAD,38.542974,-121.744084,1400000US06113010701,06113010701,CA,Yolo County
MAGNUS MEDICAL INC,37.594964,-122.363634,1400000US06081605100,06081605100,CA,San Mateo County
"NEMOURS CHILDREN'S HOSPITAL, DELAWARE",39.778191,-75.557506,1400000US10003011700,10003011700,DE,New Castle County
UNIVERSITY OF DENVER (COLORADO SEMINARY),39.676639,-104.959481,1400000US08031003004,08031003004,CO,Denver County
CALIFORNIA STATE UNIVERSITY LOS ANGELES,34.062539,-118.169044,1400000US06037201700,06037201700,CA,Los Angeles County
SAN JOSE STATE UNIVERSITY,37.340938,-121.889413,1400000US06085501000,06085501000,CA,Santa Clara County
LOMA LINDA UNIVERSITY,34.051744,-117.261784,1400000US06071007303,06071007303,CA,San Bernardino County
ACTIOX LLC,34.218203,-118.887869,1400000US06111006302,06111006302,CA,Ventura County
"AUTONOMOUS HEALTHCARE, INC.",40.725875,-74.005946,1400000US36061003700,36061003700,NY,New York County
"BIOVINC, LLC",34.425307,-119.708189,1400000US06083000900,06083000900,CA,Santa Barbara County
"AMYGDALA NEUROSCIENCES, INC.",37.439933,-122.151692,1400000US06085511301,06085511301,CA,Santa Clara County
HUNTINGTON MEDICAL RESEARCH INSTITUTES,34.147786,-118.13699,1400000US06037462202,06037462202,CA,Los Angeles County
MOSES-WEITZMAN HEALTH SYSTEM INC,41.564516,-72.652628,1400000US09130541100,09130541100,CT,Lower Connecticut River Valley Planning Region
"LIFE ANALYTICS, INC.",37.451959,-122.272579,1400000US06081613300,06081613300,CA,San Mateo County
"PLANET BIOTECHNOLOGY, INC.",37.63371,-122.119975,1400000US06001437101,06001437101,CA,Alameda County
DENVER RESEARCH INSTITUTE,39.73196,-104.936299,1400000US08031004308,08031004308,CO,Denver County
"SHASQI, INC.",37.779354,-122.393234,1400000US06075061502,06075061502,CA,San Francisco County
HOWARD UNIVERSITY,38.923138,-77.021576,1400000US11001003400,11001003400,DC,District of Columbia
"ACATECHOL, INC.",34.425782,-119.685018,1400000US06083000801,06083000801,CA,Santa Barbara County
"GLYCODOTS, LLC",32.901318,-117.200493,1400000US06073008346,06073008346,CA,San Diego County
CALIFORNIA STATE UNIVERSITY NORTHRIDGE,34.245875,-118.501885,1400000US06037117302,06037117302,CA,Los Angeles County
AUXILIUM BIOTECHNOLOGIES INC.,32.943887,-117.228968,1400000US06073008331,06073008331,CA,San Diego County
"ELIXERA, INC.",37.480304,-122.184499,1400000US06081610400,06081610400,CA,San Mateo County
"POWELL MANSFIELD, INC.",32.77849,-117.11914,1400000US06073009307,06073009307,CA,San Diego County
"ODMR TECHNOLOGIES, INC.",37.929152,-122.315051,1400000US06013384000,06013384000,CA,Contra Costa County
"BEAVER HEALTH, INC.",37.413693,-121.960166,1400000US06085505014,06085505014,CA,Santa Clara County
"SURVEY GENOMICS, INC.",37.868679,-122.255874,1400000US06001422800,06001422800,CA,Alameda County
"RESVITA BIO, INC.",37.845451,-122.28766,1400000US06001425103,06001425103,CA,Alameda County
"ONDAVIA, INC.",37.626125,-122.121042,1400000US06001437101,06001437101,CA,Alameda County
ANANYA HEALTH INC,37.765043,-122.394529,1400000US06075022702,06075022702,CA,San Francisco County
NEST GENOMICS,37.888376,-122.294864,1400000US06001420500,06001420500,CA,Alameda County
"L2 DIAGNOSTICS, LLC",41.30464,-72.931023,1400000US09170140101,09170140101,CT,South Central Connecticut Planning Region
"CHROMOLOGIC, LLC",34.138587,-117.991131,1400000US06037431100,06037431100,CA,Los Angeles County
ANISE HEALTH INC,38.76518,-75.211745,1400000US10005050807,10005050807,DE,Sussex County
"RESONANT THERAPEUTICS, INC.",34.433903,-119.629863,1400000US06083001500,06083001500,CA,Santa Barbara County
PANLUMINATE INC.,41.306254,-72.932343,1400000US09170361401,09170361401,CT,South Central Connecticut Planning Region
"REJUVENATION TECHNOLOGIES, INC.",37.373108,-122.210939,1400000US06081613200,06081613200,CA,San Mateo County
"ABWIZ BIO, INC.",32.930495,-117.241947,1400000US06073008339,06073008339,CA,San Diego County
"EXAI BIO, INC.",37.434073,-122.112547,1400000US06085510801,06085510801,CA,Santa Clara County
NUMENTUS TECHNOLOGIES INC.,37.457187,-122.175213,1400000US06081612500,06081612500,CA,San Mateo County
TEAL HEALTH INC,37.436934,-122.193602,1400000US06081612800,06081612800,CA,San Mateo County
"CORDANCE MEDICAL, INC.",37.414589,-122.099296,1400000US06085509304,06085509304,CA,Santa Clara County
"ASSISTIVE TECHNOLOGY DEVELOPMENT, INC.",40.530372,-104.98376,1400000US08069002506,08069002506,CO,Larimer County
"VIROGENICS, INC.",32.904436,-117.218137,1400000US06073008346,06073008346,CA,San Diego County
"NOVOMEDIX, INC.",32.913223,-117.231033,1400000US06073008339,06073008339,CA,San Diego County
"CENNA BIOSCIENCES, INC.",32.848095,-117.212445,1400000US06073008307,06073008307,CA,San Diego County
VORTEX MEDICAL LLC,37.438425,-122.254651,1400000US06081613300,06081613300,CA,San Mateo County
CEIBA BIO INC.,32.943754,-117.192989,1400000US06073021502,06073021502,CA,San Diego County
"CELLINFINITY BIO, INC.",41.234654,-73.078341,1400000US09170150600,09170150600,CT,South Central Connecticut Planning Region
"ELECTRONIC BIOSCIENCES, INC.",32.904211,-117.19742,1400000US06073008346,06073008346,CA,San Diego County
"ACTIVE4D, INC.",32.989627,-117.262471,1400000US06073017307,06073017307,CA,San Diego County
"SAGE CEREBROVASCULAR DIAGNOSTICS, INC.",34.19833,-118.62174,1400000US06037134422,06037134422,CA,Los Angeles County
"TAMBO, INC.",37.779561,-122.39304,1400000US06075061502,06075061502,CA,San Francisco County
EDIFY,39.735847,-104.953653,1400000US08031003702,08031003702,CO,Denver County
"ONC.AI, INC.",37.495674,-122.27894,1400000US06081609601,06081609601,CA,San Mateo County
"QUANTITATIVE BIOSCIENCES, INC.",33.048676,-117.250594,1400000US06073017108,06073017108,CA,San Diego County
"LIBERANDUM TECHNOLOGIES, INC.",37.725308,-122.464024,1400000US06075030900,06075030900,CA,San Francisco County
"ORBIT GENOMICS, INC.",40.071761,-105.187817,1400000US08013012708,08013012708,CO,Boulder County
XIRETSA INC.,34.461139,-119.739863,1400000US06083000103,06083000103,CA,Santa Barbara County
"AMIDEBIO, LLC",40.027276,-105.27997,1400000US08013012106,08013012106,CO,Boulder County
"NARWHAL BIO, INC.",32.91965,-117.232045,1400000US06073008373,06073008373,CA,San Diego County
SAVAGE MEDICAL,37.513307,-122.311055,1400000US06081608800,06081608800,CA,San Mateo County
"IMMUNOVA THERAPEUTICS, LLC",34.141211,-117.991999,1400000US06037431100,06037431100,CA,Los Angeles County
"GELSANA THERAPEUTICS, INC.",39.747863,-104.840743,1400000US08001008100,08001008100,CO,Adams County
"EPIGENOME TECHNOLOGIES, INC.",32.942197,-117.246611,1400000US06073008324,06073008324,CA,San Diego County
SUMA SOLUTIONS,34.216258,-119.145364,1400000US06111004902,06111004902,CA,Ventura County
"OSSIUM HEALTH, INC.",37.774795,-122.414833,1400000US06075017603,06075017603,CA,San Francisco County
NEUROTRAINER INC,37.801147,-122.456668,1400000US06075060100,06075060100,CA,San Francisco County
"BLOOM SCIENCE, INC.",32.913227,-117.231045,1400000US06073008339,06073008339,CA,San Diego County
SCIENTIFIC HORIZONS CONSULTING LLC,33.803183,-117.836786,1400000US06059076206,06059076206,CA,Orange County
"KOLIBER BIOSCIENCES, INC.",32.959186,-116.971701,1400000US06073020801,06073020801,CA,San Diego County
"XCELLASSAY, INC.",37.771053,-122.440989,1400000US06075016601,06075016601,CA,San Francisco County
PINK CLOUD LLC,34.10047,-118.41571,1400000US06037261104,06037261104,CA,Los Angeles County
FLINT REHABILITATION DEVICES,33.688392,-117.858255,1400000US06059075516,06059075516,CA,Orange County
"NEUROMUSCULAR DYNAMICS, LLC",34.204228,-118.223857,1400000US06037300800,06037300800,CA,Los Angeles County
"SIEYAX, LLC",39.95248,-105.046508,1400000US08014030500,08014030500,CO,Broomfield County
OLMEDA BIOSCIENCES LLC,33.012947,-117.094115,1400000US06073017071,06073017071,CA,San Diego County
"XFIBRA, INC.",32.98287,-117.250914,1400000US06073017306,06073017306,CA,San Diego County
"ALLVIVO VASCULAR, INC.",33.654998,-117.702775,1400000US06059052408,06059052408,CA,Orange County
"ADEPTHERA, LLC",37.420137,-122.12582,1400000US06085510803,06085510803,CA,Santa Clara County
"MANZANITA PHARMACEUTICALS, INC.",37.429229,-122.24973,1400000US06081613300,06081613300,CA,San Mateo County
"SENTIENT RESEARCH, INC.",34.07494,-117.932436,1400000US06037405500,06037405500,CA,Los Angeles County
FEMTOVOX INCORPORATED,33.5464,-117.646121,1400000US06059032058,06059032058,CA,Orange County
"TOPAZ BIOSCIENCES, INC.",37.83827,-122.287044,1400000US06001425103,06001425103,CA,Alameda County
"3DT HOLDINGS, LLC",32.90509,-117.229789,1400000US06073008339,06073008339,CA,San Diego County
"KLEIN BUENDEL, INC.",39.74171,-105.155318,1400000US08059009807,08059009807,CO,Jefferson County
"GIGAMUNE, INC.",37.652366,-122.430543,1400000US06081602300,06081602300,CA,San Mateo County
"JACARANDA BIOSCIENCES, INC.",37.797991,-122.445591,1400000US06075012801,06075012801,CA,San Francisco County
"HIDO TECHNOLOGIES, INC.",38.694102,-121.102001,1400000US06017031700,06017031700,CA,El Dorado County
"SIMULATIONS PLUS, INC.",34.65511,-118.14838,1400000US06037900705,06037900705,CA,Los Angeles County
CHAPMAN UNIVERSITY,33.787684,-117.842309,1400000US06059075806,06059075806,CA,Orange County
"ENSYSCE BIOSCIENCES, INC.",29.743824,-95.46889,1400000US48201431801,48201431801,TX,Harris County
WORLD MOLECULAR IMAGING SOCIETY,33.983508,-118.387763,1400000US06037703003,06037703003,CA,Los Angeles County
AMERICAN SOCIETY FOR BONE & MINERAL RES,38.905957,-77.045788,1400000US11001010700,11001010700,DC,District of Columbia
RUNX1 FOUNDATION,34.437023,-119.632891,1400000US06083001500,06083001500,CA,Santa Barbara County
KEYSTONE SYMPOSIA,40.06,-106.4,1400000US08049000100,08049000100,CO,Grand County
NEUROVATIONS,38.325376,-122.291992,1400000US06055200602,06055200602,CA,Napa County
PROTEOGENOMICS RESEARCH INSTIT/SYS/ MED,32.90615,-117.227647,1400000US06073008339,06073008339,CA,San Diego County
TRETHERA CORPORATION,34.040676,-118.471822,1400000US06037701601,06037701601,CA,Los Angeles County
"NATIONAL FORUM FOR HEART DISEASE AND STROKE PREVENTION, INC",38.905322,-77.041313,1400000US11001010700,11001010700,DC,District of Columbia
"ASTRAZENECA PHARMACEUTICALS, LP",39.786758,-75.549829,1400000US10003011700,10003011700,DE,New Castle County
COLORADO SCHOOL OF MINES,39.75113,-105.222306,1400000US08059009901,08059009901,CO,Jefferson County
CALIFORNIA PACIFIC MED CTR RES INSTITUTE,37.784471,-122.397182,1400000US06075061503,06075061503,CA,San Francisco County
"EYSZ, INC.",37.816305,-122.217796,1400000US06001426100,06001426100,CA,Alameda County
"SANO HEALTHCARE CONSULTANTS, LLC",33.848635,-117.587998,1400000US06065041806,06065041806,CA,Riverside County
PERCEPTION DYNAMICS INSTITUTE,33.007274,-117.259788,1400000US06073017305,06073017305,CA,San Diego County
"VITAN-BIOTECH, LLC",39.483595,-105.083796,1400000US08035014203,08035014203,CO,Douglas County
TENVOS INC.,37.285997,-121.854284,1400000US06085503127,06085503127,CA,Santa Clara County
"DARE BIOSCIENCE, INC.",32.838775,-117.253243,1400000US06073008303,06073008303,CA,San Diego County
"CARNEGIE INSTITUTION OF WASHINGTON, D.C.",38.909422,-77.035949,1400000US11001005202,11001005202,DC,District of Columbia
CONNECTICUT CHILDREN'S MEDICAL CENTER,41.753882,-72.682221,1400000US09110500300,09110500300,CT,Capitol Planning Region
OAK CREST INSTITUTE OF SCIENCE,34.149662,-118.103359,1400000US06037462800,06037462800,CA,Los Angeles County
"MAGIC LIFESCIENCE, INC.",37.387355,-122.048386,1400000US06085509109,06085509109,CA,Santa Clara County
SOUTHERN CALIFORNIA UNIV OF HEALTH SCIS,33.921083,-117.983317,1400000US06037503702,06037503702,CA,Los Angeles County
LOYOLA MARYMOUNT UNIVERSITY,33.969677,-118.416139,1400000US06037276500,06037276500,CA,Los Angeles County
CALIFORNIA STATE UNIVERSITY SAN MARCOS,33.13799,-117.151093,1400000US06073020310,06073020310,CA,San Diego County
"ACROBAT GENOMICS, INC.",37.490135,-122.231699,1400000US06081610202,06081610202,CA,San Mateo County
TRINITY COLLEGE,41.745367,-72.690372,1400000US09110502700,09110502700,CT,Capitol Planning Region
"IMMPORT THERAPEUTICS, INC.",33.648792,-117.733962,1400000US06059052410,06059052410,CA,Orange County
MOLECULAR MEDICINE RESEARCH INSTITUTE,37.38165,-121.98739,1400000US06085508708,06085508708,CA,Santa Clara County
"SUBTLE MEDICAL, INC.",37.450922,-122.18522,1400000US06081612600,06081612600,CA,San Mateo County
AMERICAN UNIVERSITY,38.936949,-77.089471,1400000US11001000903,11001000903,DC,District of Columbia
"MYOGENE BIO, LLC",34.04404,-118.46381,1400000US06037267406,06037267406,CA,Los Angeles County
UNIVERSITY OF THE PACIFIC-STOCKTON,37.984345,-121.309964,1400000US06077003116,06077003116,CA,San Joaquin County
UNIVERSITY OF NORTHERN COLORADO,40.406318,-104.685634,1400000US08123000200,08123000200,CO,Weld County
CALIFORNIA STATE UNIVERSITY LONG BEACH,33.781104,-118.109903,1400000US06037574602,06037574602,CA,Los Angeles County
CALIFORNIA STATE UNIV SAN BERNARDINO,34.176782,-117.330185,1400000US06071004512,06071004512,CA,San Bernardino County
CALIFORNIA POLY STATE U SAN LUIS OBISPO,35.299317,-120.656618,1400000US06079010903,06079010903,CA,San Luis Obispo County
"RECOMBINANT TECHNOLOGIES, LLC",41.562986,-72.881929,1400000US09140343101,09140343101,CT,Naugatuck Valley Planning Region
"RAYDIANT OXIMETRY, INC.",38.566111,-121.458513,1400000US06067001500,06067001500,CA,Sacramento County
SOCIETY FOR NEUROSCIENCE,38.904567,-77.031637,1400000US11001010100,11001010100,DC,District of Columbia
"CORTECHS LABS, INC.",32.847994,-117.274739,1400000US06073008202,06073008202,CA,San Diego County
"MAGNETIC INSIGHT, INC.",37.509276,-121.998181,1400000US06001444602,06001444602,CA,Alameda County
"NEUROCOMP SYSTEMS, INC.",33.617051,-117.71995,1400000US06059062622,06059062622,CA,Orange County
"AFASCI, INC.",37.586207,-122.388145,1400000US06081605000,06081605000,CA,San Mateo County
"SPINEX, INC.",34.23731,-118.55834,1400000US06037113301,06037113301,CA,Los Angeles County
"ELGIA THERAPEUTICS, INC.",32.926312,-117.200624,1400000US06073008372,06073008372,CA,San Diego County
CENTER FOR INNOVATIVE PUBLIC HEALTH RESEARCH,33.430039,-117.616549,1400000US06059042107,06059042107,CA,Orange County
"ALLANDER BIOTECHNOLOGIES, INC.",39.747863,-104.840743,1400000US08001008100,08001008100,CO,Adams County
"CAMINO PHARMA, LLC",32.859823,-117.19263,1400000US06073008344,06073008344,CA,San Diego County
"BERKELEY MADONNA, INC.",37.887821,-122.266362,1400000US06001421500,06001421500,CA,Alameda County
"PICCOLO MEDICAL, INC.",37.765043,-122.394529,1400000US06075022702,06075022702,CA,San Francisco County
"AMYDIS DIAGNOSTICS, INC.",32.90049,-117.236754,1400000US06073008339,06073008339,CA,San Diego County
"BORROW MY GLASSES, LLC",41.298225,-72.619173,1400000US09170194201,09170194201,CT,South Central Connecticut Planning Region
"SPATIAL GENOMICS, INC.",34.137044,-118.09741,1400000US06037463300,06037463300,CA,Los Angeles County
POPNEURON LLC,39.76703,-104.882434,1400000US08031004110,08031004110,CO,Denver County
"RAFT PHARMACEUTICALS, LLC",32.899179,-117.196665,1400000US06073008346,06073008346,CA,San Diego County
"THERANOVA, LLC",37.765043,-122.394529,1400000US06075022702,06075022702,CA,San Francisco County
"PACIFIC OPTICA, INC.",34.441286,-119.800388,1400000US06083002913,06083002913,CA,Santa Barbara County
"MINUTIA, INC.",37.807986,-122.254894,1400000US06001403702,06001403702,CA,Alameda County
ATLASXOMICS INC.,41.323709,-72.927779,1400000US09170141800,09170141800,CT,South Central Connecticut Planning Region
"AMINO COMPANY LLC, THE",38.76518,-75.211745,1400000US10005050807,10005050807,DE,Sussex County
ALARA IMAGING INC.,41.139579,-73.364776,1400000US09190050400,09190050400,CT,Western Connecticut Planning Region
"PENSIEVISION, INC.",32.894418,-117.193011,1400000US06073008350,06073008350,CA,San Diego County
"APPLIKATE TECHNOLOGIES, INC.",41.220386,-73.330183,1400000US09190055200,09190055200,CT,Western Connecticut Planning Region
METROPOLITAN STATE UNIVERSITY OF DENVER,39.746406,-105.00767,1400000US08031980200,08031980200,CO,Denver County
CALIFORNIA STATE UNIV-DOMINGUEZ HILLS,33.867141,-118.255341,1400000US06037543321,06037543321,CA,Los Angeles County
"EKO DEVICES, INC.",37.858708,-122.290405,1400000US06001422000,06001422000,CA,Alameda County
FILTRO MEDICAL INC.,37.391757,-122.044139,1400000US06085509102,06085509102,CA,Santa Clara County
"MODULO BIO, INC.",37.353938,-122.082379,1400000US06085510001,06085510001,CA,Santa Clara County
"WHITMAN-WALKER INSTITUTE, INC.",38.9127,-77.031423,1400000US11001005001,11001005001,DC,District of Columbia
"VENTRIX, INC.",32.72174,-117.236798,1400000US06073007100,06073007100,CA,San Diego County
"LAWRENCE LIVERMORE NATIONAL SECURITY, LLC",37.687106,-121.705877,1400000US06001451103,06001451103,CA,Alameda County
EXIMIUS DIAGNOSTICS CORP,34.050822,-118.429915,1400000US06037267101,06037267101,CA,Los Angeles County
"BIOPAC SYSTEMS, INC.",34.436061,-119.848233,1400000US06083002933,06083002933,CA,Santa Barbara County
"NANOMETICS, LLC",40.730918,-73.993819,1400000US36061005900,36061005900,NY,New York County
"ORIGAMI THERAPEUTICS, INC.",32.953442,-117.230733,1400000US06073008369,06073008369,CA,San Diego County
"AURITEC PHARMACEUTICALS, INC.",34.149663,-118.103145,1400000US06037462800,06037462800,CA,Los Angeles County
"CARDIAC RSK3 INHIBITORS, LLC",25.826087,-80.13054,1400000US12086003906,12086003906,FL,Miami-Dade County
VETERANS MEDICAL RESEARCH FDN/SAN DIEGO,32.875201,-117.231672,1400000US06073008305,06073008305,CA,San Diego County
PARTILLION BIOSCIENCE CORPORATION,34.041487,-118.428125,1400000US06037267800,06037267800,CA,Los Angeles County
"VIVID VISION, INC.",42.742235,-84.401235,1400000US26065004802,26065004802,MI,Ingham County
"CROSSLIFE TECHNOLOGIES, INC.",33.102266,-117.196363,1400000US06073020043,06073020043,CA,San Diego County
"ORSOBIO, INC.",37.436284,-122.125986,1400000US06085511000,06085511000,CA,Santa Clara County
"POTENTIOMETRIC PROBES, LLC",41.829936,-72.279191,1400000US09110881300,09110881300,CT,Capitol Planning Region
"ALUME BIOSCIENCES, INC.",32.840956,-117.272734,1400000US06073008201,06073008201,CA,San Diego County
DOHENY EYE INSTITUTE,34.061864,-118.20266,1400000US06037203300,06037203300,CA,Los Angeles County
"INDIAN HEALTH COUNCIL, INC.",33.252897,-117.036867,1400000US06073019103,06073019103,CA,San Diego County
"OUI THERAPEUTICS, INC",41.327048,-72.940381,1400000US09170141500,09170141500,CT,South Central Connecticut Planning Region
SOCIETY FOR THE ADV CHICANOS/NATIVE AMER,36.972369,-122.025938,1400000US06087101002,06087101002,CA,Santa Cruz County
RIA TECHNOLOGY MANAGEMENT INC.,37.745468,-122.428085,1400000US06075021500,06075021500,CA,San Francisco County
HISPANIC ACCESS FOUNDATION,38.905411,-77.03901,1400000US11001010700,11001010700,DC,District of Columbia
"ENDOMET BIOSCIENCES, INC",34.148384,-118.12215,1400000US06037462302,06037462302,CA,Los Angeles County
AMERICAN SOCIETY FOR MICROBIOLOGY,38.907152,-77.039651,1400000US11001010700,11001010700,DC,District of Columbia
"CERESTI HEALTH, INC.",33.133013,-117.250306,1400000US06073019811,06073019811,CA,San Diego County
"BIOXYTECH RETINA, INC.",37.527185,-122.289042,1400000US06081608700,06081608700,CA,San Mateo County
231 SHEEP LLC,34.079524,-118.102152,1400000US06037481401,06037481401,CA,Los Angeles County
"FLEX ORTHOPAEDICS, INC.",34.144349,-118.712809,1400000US06037800328,06037800328,CA,Los Angeles County
ALLERDIA INC,34.04748,-118.43195,1400000US06037267202,06037267202,CA,Los Angeles County
HEARTLUNG CORPORATION,33.831471,-118.295432,1400000US06037543503,06037543503,CA,Los Angeles County
"3D BIOANALYTIX, INC.",32.902502,-117.153463,1400000US06073008351,06073008351,CA,San Diego County
"MEDFREE, INC.",37.493243,-121.926283,1400000US06001441525,06001441525,CA,Alameda County
"TAKEOFF41, INC.",37.39685,-122.1965,1400000US06081613200,06081613200,CA,San Mateo County
"IVOS MEDICAL, INC.",33.48881,-117.698271,1400000US06059042338,06059042338,CA,Orange County
AQUILLIUS CORPORATION,33.021399,-117.094325,1400000US06073017071,06073017071,CA,San Diego County
MAINSQUARE CO,37.732198,-122.440144,1400000US06075031100,06075031100,CA,San Francisco County
"DYNAMOID, INC.",47.619407,-122.317217,1400000US53033007502,53033007502,WA,King County
"ISONO HEALTH, INC.",37.779134,-122.392065,1400000US06075060701,06075060701,CA,San Francisco County
"MOLECULAR EXPRESS, INC.",33.868096,-118.216478,1400000US06037543305,06037543305,CA,Los Angeles County
"ABALONE BIO, INC.",37.85749,-122.287559,1400000US06001423300,06001423300,CA,Alameda County
ECLIPSE BIOINNOVATIONS INC,32.888093,-117.222375,1400000US06073008339,06073008339,CA,San Diego County
"SINOPIA BIOSCIENCES, INC.",32.717339,-117.168759,1400000US06073005402,06073005402,CA,San Diego County
"ILLUMINANT SURGICAL, INC.",37.438575,-122.158339,1400000US06085511609,06085511609,CA,Santa Clara County
METANOIA BIO LLC,34.064187,-118.405313,1400000US06037701000,06037701000,CA,Los Angeles County
"ALTAY THERAPEUTICS, INC.",37.632299,-122.428481,1400000US06081604102,06081604102,CA,San Mateo County
"DREAM FACE TECHNOLOGIES, LLC",39.545015,-104.887038,1400000US08035014115,08035014115,CO,Douglas County
"BINARY GENOMICS, INC.",41.290358,-72.63544,1400000US09170194201,09170194201,CT,South Central Connecticut Planning Region
MAXWELL BIOMEDICAL INC,32.904649,-117.215461,1400000US06073008346,06073008346,CA,San Diego County
"MANDALMED, INC.",37.779561,-122.39304,1400000US06075061502,06075061502,CA,San Francisco County
"WEARABLE ARTIFICIAL ORGANS, INC.",34.066902,-118.375919,1400000US06037700802,06037700802,CA,Los Angeles County
"VITAKEY, INC.",38.906448,-77.036937,1400000US11001010700,11001010700,DC,District of Columbia
"PREDICTABLY HUMAN, INC.",41.080348,-73.46711,1400000US09190030200,09190030200,CT,Western Connecticut Planning Region
"AVERY DIGITAL DATA, INC.",32.877241,-117.220953,1400000US06073008305,06073008305,CA,San Diego County
"DFUSION, INC.",37.063724,-122.000038,1400000US06087121200,06087121200,CA,Santa Cruz County
PETRI BIO LLC,34.043909,-118.449386,1400000US06037267300,06037267300,CA,Los Angeles County
KINETIC RIVER CORPORATION,37.417392,-122.096487,1400000US06085509304,06085509304,CA,Santa Clara County
"MSTM, LLC",39.766203,-75.726454,1400000US10003013506,10003013506,DE,New Castle County
"TRACE-ABILITY, INC.",34.014578,-118.465765,1400000US06037702201,06037702201,CA,Los Angeles County
"ONWARD HEALTH, INC",37.697662,-122.165039,1400000US06001433300,06001433300,CA,Alameda County
SAFEBEAT RX INC.,38.63698,-90.259091,1400000US29510119101,29510119101,MO,St. Louis city
ORTHO HAUS LLC,40.282981,-105.272712,1400000US08069001905,08069001905,CO,Larimer County
"LINKED SENIOR, INC.",38.902175,-77.032411,1400000US11001010100,11001010100,DC,District of Columbia
ABLELINK SMART LIVING TECHNOLOGIES LLC,38.987006,-104.722738,1400000US08041007501,08041007501,CO,El Paso County
"SILICON KIDNEY, LLC",37.761381,-122.461742,1400000US06075030102,06075030102,CA,San Francisco County
"EPIGEN BIOSCIENCES, INC.",32.899179,-117.196665,1400000US06073008346,06073008346,CA,San Diego County
NORD BIO INC,39.745482,-75.54823,1400000US10003002800,10003002800,DE,New Castle County
"NEUREXIS THERAPEUTICS, INC.",39.747863,-104.840743,1400000US08001008100,08001008100,CO,Adams County
"SPIKEGADGETS, LLC",37.448434,-121.893782,1400000US06085504421,06085504421,CA,Santa Clara County
"LUNA BIOSCIENCE, INC.",41.141465,-73.381904,1400000US09190050100,09190050100,CT,Western Connecticut Planning Region
"CIBOTS, INC.",33.017375,-117.11731,1400000US06073017070,06073017070,CA,San Diego County
INPRINT BIO LLC,41.725281,-72.806279,1400000US09110460202,09110460202,CT,Capitol Planning Region
MALCOVA INC,37.509276,-121.998181,1400000US06001444602,06001444602,CA,Alameda County
"ALIDA BIOSCIENCES, INC.",32.983854,-117.089056,1400000US06073017034,06073017034,CA,San Diego County
MITOPOWER LLC,37.436269,-122.125793,1400000US06085511000,06085511000,CA,Santa Clara County
"GREENSTONE BIOSCIENCES, INC.",37.40647,-122.151976,1400000US06085511705,06085511705,CA,Santa Clara County
"AVANTGEN, INC.",32.903232,-117.188988,1400000US06073008346,06073008346,CA,San Diego County
"CBEZ, LLC",33.00113,-117.036989,1400000US06073017053,06073017053,CA,San Diego County
"APERTURE THERAPEUTICS, INC.",37.483194,-122.239312,1400000US06081610000,06081610000,CA,San Mateo County
"RESHAPE LIFESCIENCES, INC.",45.023006,-93.206468,1400000US27123041302,27123041302,MN,Ramsey County
RNACONNECT INC,41.296361,-72.771947,1400000US09170184700,09170184700,CT,South Central Connecticut Planning Region
NEUROINDX INC.,33.80813,-118.171443,1400000US06037573402,06037573402,CA,Los Angeles County
"GYNION, LLC",41.266451,-73.175177,1400000US09120090600,09120090600,CT,Greater Bridgeport Planning Region
UNIV OF CALIF/DIV/AGRICULTURE/NAT/RESOUR,37.802293,-122.271459,1400000US06001403000,06001403000,CA,Alameda County
"WELLSIM BIOMEDICAL TECHNOLOGIES, INC.",38.021039,-122.259319,1400000US06013356001,06013356001,CA,Contra Costa County
"VASARYA THERAPEUTICS, INC.",39.121241,-75.533847,1400000US10001041701,10001041701,DE,Kent County
"ELIMU INFORMATICS, INC.",32.84967,-117.237831,1400000US06073008313,06073008313,CA,San Diego County
QUSPIN,39.899621,-105.118999,1400000US08059060501,08059060501,CO,Jefferson County
CELLULAR VEHICLES INC.,37.563942,-122.32513,1400000US06081606300,06081606300,CA,San Mateo County
"MARK THERAPEUTICS, INC.",42.239949,-70.885213,1400000US25023501101,25023501101,MA,Plymouth County
"ZETROZ SYSTEMS, LLC",41.260119,-73.17507,1400000US09120090600,09120090600,CT,Greater Bridgeport Planning Region
PHOTOTHERMAL SPECTROSCOPY CORP.,34.414208,-119.695304,1400000US06083001001,06083001001,CA,Santa Barbara County
"HILLHURST BIOPHARMACEUTICALS, INC.",34.204792,-118.222504,1400000US06037300800,06037300800,CA,Los Angeles County
ZYMO RESEARCH CORPORATION,33.684007,-117.833097,1400000US06059075516,06059075516,CA,Orange County
"ASPERO MEDICAL, INC.",39.990205,-105.235773,1400000US08013012511,08013012511,CO,Boulder County
"COGNIFISENSE, INC.",37.389469,-121.992194,1400000US06085508708,06085508708,CA,Santa Clara County
"URSA ANALYTICS, INC.",39.766959,-105.038456,1400000US08031000303,08031000303,CO,Denver County
"BIOPEPTIDES, INC.",40.938424,-73.096232,1400000US36103159700,36103159700,NY,Suffolk County
ALLYX THERAPEUTICS INC.,41.45083,-72.73522,1400000US09130585100,09130585100,CT,Lower Connecticut River Valley Planning Region
OLIPHA INC,39.748536,-75.54767,1400000US10003002800,10003002800,DE,New Castle County
BRANCHPOINT BIOSCIENCES INC.,34.144237,-118.151491,1400000US06037463700,06037463700,CA,Los Angeles County
ELEVEN THERAPEUTICS CORP,33.055722,-117.240664,1400000US06073017104,06073017104,CA,San Diego County
"EICOSIS, LLC",38.558885,-121.723068,1400000US06113010609,06113010609,CA,Yolo County
"ONCOARENDI THERAPEUTICS, LLC",41.414737,-72.672482,1400000US09170194201,09170194201,CT,South Central Connecticut Planning Region
"TRELLIS BIOSCIENCE, INC.",37.477011,-122.142628,1400000US06081611800,06081611800,CA,San Mateo County
HOAG MEMORIAL HOSPITAL PRESBYTERIAN,33.642217,-117.863051,1400000US06059063007,06059063007,CA,Orange County
"QUASAR, INC.",32.904211,-117.19742,1400000US06073008346,06073008346,CA,San Diego County
"FLUOROFINDER, LLC",39.92111,-105.113842,1400000US08014031104,08014031104,CO,Broomfield County
"LAZZARO MEDICAL, INC.",40.028511,-105.288799,1400000US08013012101,08013012101,CO,Boulder County
IAS,38.905411,-77.03901,1400000US11001010700,11001010700,DC,District of Columbia
"SUPERFLUID DX, INC.",32.90049,-117.236754,1400000US06073008339,06073008339,CA,San Diego County
"AMERICAN SOCIETY OF NEPHROLOGY, INC.",38.899995,-77.034315,1400000US11001010100,11001010100,DC,District of Columbia
"GENNEXT TECHNOLOGIES, INC.",37.54095,-122.506038,1400000US06081613600,06081613600,CA,San Mateo County
"OMNIOX, INC.",37.520358,-122.262869,1400000US06081608600,06081608600,CA,San Mateo County
"NEOCARE INNOVATIONS, INC.",34.028844,-118.498466,1400000US06037701302,06037701302,CA,Los Angeles County
"ADAPTELLIGENCE, LLC",46.743251,-117.183894,1400000US53075000202,53075000202,WA,Whitman County
"ACURASTEM, INC.",34.095356,-118.275085,1400000US06037195400,06037195400,CA,Los Angeles County
"DORIAN THERAPEUTICS, INC.",37.511769,-122.257406,1400000US06081609100,06081609100,CA,San Mateo County
EINSENCA INC.,39.156563,-75.524151,1400000US10001041300,10001041300,DE,Kent County
CELLIBRE INC,32.89661,-117.220207,1400000US06073008339,06073008339,CA,San Diego County
REVEL PHARMACEUTICALS INC.,37.758786,-122.390958,1400000US06075022600,06075022600,CA,San Francisco County
"EDVOTEK, INC.",38.904829,-77.018579,1400000US11001004802,11001004802,DC,District of Columbia
STEADMAN PHILIPPON RESEARCH INSTITUTE,39.642877,-106.380847,1400000US08037000702,08037000702,CO,Eagle County
PEROSPHERE TECHNOLOGIES INC.,41.39258,-73.51767,1400000US09190210800,09190210800,CT,Western Connecticut Planning Region
"KOLI, INC.",37.439933,-122.151692,1400000US06085511301,06085511301,CA,Santa Clara County
WESTERN STATES CANCER RESEARCH NCORP,39.685337,-104.936838,1400000US08031005104,08031005104,CO,Denver County
VACCINE RESEARCH INSTITUTE OF SAN DIEGO,32.803918,-117.215013,1400000US06073007800,06073007800,CA,San Diego County
"S-3 RESEARCH, LLC",32.951143,-117.213463,1400000US06073008330,06073008330,CA,San Diego County
CLAREMONT GRADUATE UNIVERSITY,34.103277,-117.714467,1400000US06037401901,06037401901,CA,Los Angeles County
ENVIVO BIO INC,37.387601,-122.134255,1400000US06085511701,06085511701,CA,Santa Clara County
"IHP THERAPEUTICS, INC.",37.785096,-122.481129,1400000US06075042601,06075042601,CA,San Francisco County
"ASTRAEA THERAPEUTICS, LLC",37.287543,-122.026129,1400000US06085507401,06085507401,CA,Santa Clara County
WESTERN UNIVERSITY OF HEALTH SCIENCES,34.05811,-117.747626,1400000US06037408800,06037408800,CA,Los Angeles County
EXAVIR THERAPEUTICS INC.,41.25875,-96.110633,1400000US31055007448,31055007448,NE,Douglas County
"PETCOIL, INC.",37.429319,-122.152608,1400000US06085513000,06085513000,CA,Santa Clara County
CENTIVAX INC,37.655732,-122.403183,1400000US06081602300,06081602300,CA,San Mateo County
"INSTANOSIS, INC.",38.91498,-75.42611,1400000US10001042500,10001042500,DE,Kent County
TERASAKI INSTITUTE FOR BIOMEDICAL INNOVATION,34.035251,-118.445384,1400000US06037267700,06037267700,CA,Los Angeles County
CATHOLIC UNIVERSITY OF AMERICA,38.93283,-76.997864,1400000US11001009511,11001009511,DC,District of Columbia
"TDA RESEARCH, INC.",39.791334,-105.137113,1400000US08059010308,08059010308,CO,Jefferson County
HUMBOLDT STATE UNIVERSITY,40.872378,-124.079597,1400000US06023001002,06023001002,CA,Humboldt County
"FORTISCIENCE, INC.",39.170067,-75.543096,1400000US10001043300,10001043300,DE,Kent County
GERONTOLOGICAL SOCIETY OF AMERICA,38.903389,-77.029146,1400000US11001010100,11001010100,DC,District of Columbia
"HUMAN GENOME ORGANIZATION INTERNATIONAL, INC.",41.725812,-72.835995,1400000US09110460203,09110460203,CT,Capitol Planning Region
POPULATION REFERENCE BUREAU,38.917847,-77.035346,1400000US11001004300,11001004300,DC,District of Columbia
"US HELPING US, PEOPLE INTO LIVING, INC.",38.935098,-77.024402,1400000US11001003100,11001003100,DC,District of Columbia
SCIENTIFIC ANALYSIS CORPORATION,37.78082,-122.40005,1400000US06075017801,06075017801,CA,San Francisco County
"BCN BIOSCIENCES, LLC",34.149901,-118.103528,1400000US06037462800,06037462800,CA,Los Angeles County
"PEACEFULLY, INC.",34.039563,-118.459887,1400000US06037267502,06037267502,CA,Los Angeles County
UNIVERSITY OF SAN FRANCISCO,37.775292,-122.451727,1400000US06075015701,06075015701,CA,San Francisco County
PHINOMICS INC.,37.446786,-122.165757,1400000US06085511302,06085511302,CA,Santa Clara County
"REELIN THERAPEUTICS, INC.",32.968065,-117.159941,1400000US06073008367,06073008367,CA,San Diego County
X-THERMA INC.,37.982904,-122.341075,1400000US06013392201,06013392201,CA,Contra Costa County
HARTFORD HOSPITAL,41.754123,-72.679854,1400000US09110500300,09110500300,CT,Capitol Planning Region
INTERNATIONAL BROTHERHOOD OF TEAMSTERS,38.895053,-77.00996,1400000US11001005900,11001005900,DC,District of Columbia
LIUNA TRAINING AND EDUCATION FUND,41.879065,-71.975186,1400000US09150902500,09150902500,CT,Northeastern Connecticut Planning Region
INTERNATIONAL ASSOCIATION FIRE FIGHTERS,38.895682,-77.041007,1400000US11001010800,11001010800,DC,District of Columbia
"LYMPHAXIS, INC.",37.387283,-122.064352,1400000US06085509109,06085509109,CA,Santa Clara County
"AMERICAN ASSOCIATION OF NEUROPATHOLOGISTS, INC.",39.61572,-105.015393,1400000US08005006501,08005006501,CO,Arapahoe County
FORT LEWIS COLLEGE,37.274983,-107.872039,1400000US08067970800,08067970800,CO,La Plata County
CALIFORNIA STATE UNIVERSITY HAYWARD,37.658655,-122.061339,1400000US06001436500,06001436500,CA,Alameda County
"CHRISTIANA CARE HEALTH SERVICES, INC.",39.751045,-75.549904,1400000US10003002800,10003002800,DE,New Castle County
"PYRAMES, INC.",37.322713,-122.054824,1400000US06085507701,06085507701,CA,Santa Clara County
"J. CRAIG VENTER INSTITUTE, INC.",39.099845,-77.193698,1400000US24031700838,24031700838,MD,Montgomery County
COMMONSPIRIT HEALTH RESEARCH INSTITUTE,39.568546,-104.868693,1400000US08005006864,08005006864,CO,Arapahoe County
TEZCAT LABORATORIES LLC,40.737769,-73.993401,1400000US36061005400,36061005400,NY,New York County
"QUADRIGA BIOSCIENCES, INC.",37.37361,-122.053271,1400000US06085509106,06085509106,CA,Santa Clara County
"SCIENCE COMMUNICATION LAB, INC.",37.776609,-122.474556,1400000US06075047600,06075047600,CA,San Francisco County
"CYTORUM, INC.",37.40883,-122.072267,1400000US06085509201,06085509201,CA,Santa Clara County
TENDEL THERAPIES INC.,37.905657,-122.273984,1400000US06013392000,06013392000,CA,Contra Costa County
"VONA ONCOLOGY, LLC",39.889269,-105.038267,1400000US08001009409,08001009409,CO,Adams County
BACSTITCH DNA INC.,37.400755,-122.117062,1400000US06085510500,06085510500,CA,Santa Clara County
NIGHTINGALE LABS CORPORATION,32.936242,-117.224786,1400000US06073008373,06073008373,CA,San Diego County
"PURACATH MEDICAL, INC.",37.406591,-122.108945,1400000US06085509404,06085509404,CA,Santa Clara County
SOUTHERN CALIFORNIA INST FOR RES/EDUC,33.775409,-118.118933,1400000US06037578100,06037578100,CA,Los Angeles County
UNIVERSITY OF THE DISTRICT OF COLUMBIA,38.944441,-77.064327,1400000US11001001200,11001001200,DC,District of Columbia
APPA HEALTH INC,37.837698,-122.222042,1400000US06001404200,06001404200,CA,Alameda County
"NEUROPTICS, INC.",33.679237,-117.851602,1400000US06059062610,06059062610,CA,Orange County
"ENSPECTRA HEALTH, INC.",37.45759,-122.180175,1400000US06081612500,06081612500,CA,San Mateo County
"KINTARA THERAPEUTICS, INC.",37.47688,-122.197503,1400000US06081610602,06081610602,CA,San Mateo County
TECH MUSEUM OF INNOVATION,37.331476,-121.890183,1400000US06085500800,06085500800,CA,Santa Clara County
SCRIPPS COLLEGE,34.103108,-117.71141,1400000US06037401901,06037401901,CA,Los Angeles County
"MODALITY.AI , INC",37.722049,-122.470325,1400000US06075030900,06075030900,CA,San Francisco County
DOMINICAN UNIVERSITY,37.979684,-122.512793,1400000US06041110100,06041110100,CA,Marin County
SAN FRANCISCO DEPARTMENT OF PUBLIC HEALTH,37.778128,-122.418652,1400000US06075012405,06075012405,CA,San Francisco County
STELLARTECH RESEARCH CORPORATION,37.403865,-121.913522,1400000US06085505006,06085505006,CA,Santa Clara County
"VERISKIN, INC.",32.960857,-117.21508,1400000US06073008328,06073008328,CA,San Diego County
NEUROSANT THERAPEUTICS LLC,33.157341,-117.19111,1400000US06073020039,06073020039,CA,San Diego County
"CALIFORNIA STATE UNIV,  MONTEREY BAY",36.651674,-121.801724,1400000US06053014104,06053014104,CA,Monterey County
"ARISAN THERAPEUTICS, INC.",32.905643,-117.227266,1400000US06073008339,06073008339,CA,San Diego County
GREATER LOS ANGELES VETERANS RESEARCH AND EDUCATION FOUNDATION,34.054858,-118.453774,1400000US06037980017,06037980017,CA,Los Angeles County
APPLIED BIOMEDICAL SCIENCE INSTITUTE,32.961265,-117.151836,1400000US06073008368,06073008368,CA,San Diego County
CELLARCUS BIOSCIENCES INC,32.817167,-117.268625,1400000US06073008102,06073008102,CA,San Diego County
"VULINTUS, LLC",32.993165,-96.588528,1400000US48085031336,48085031336,TX,Collin County
MEDLUIDICS LLC,38.629847,-121.324093,1400000US06067007801,06067007801,CA,Sacramento County
"SPINOGENIX, INC.",33.461494,-117.637465,1400000US06059042111,06059042111,CA,Orange County
AMERICAN PSYCHOLOGICAL ASSOCIATION,38.89984,-77.007538,1400000US11001010603,11001010603,DC,District of Columbia
ENDOCRINE SOCIETY,38.904115,-77.046163,1400000US11001010700,11001010700,DC,District of Columbia
UNIVERSITY OF HARTFORD,41.79337,-72.716263,1400000US09110497300,09110497300,CT,Capitol Planning Region
AMERICAN MEDICAL INFORMATICS ASSN,38.9832,-77.094696,1400000US24031704804,24031704804,MD,Montgomery County
SONOMA STATE UNIVERSITY,38.343934,-122.699887,1400000US06097151305,06097151305,CA,Sonoma County
AMERICAN ACADEMY-CHILD/ADOLESCENT PSYCH,38.937944,-77.07376,1400000US11001000600,11001000600,DC,District of Columbia
"BOLDER BIOTECHNOLOGY, INC.",39.96642,-105.1542,1400000US08013013006,08013013006,CO,Boulder County
"ENABLE BIOSCIENCES, INC.",37.422406,-122.200907,1400000US06081613000,06081613000,CA,San Mateo County
"INOVODEL, INC.",38.519122,-75.058345,1400000US10005051204,10005051204,DE,Sussex County
"NEUROPACE, INC.",37.38874,-122.048884,1400000US06085509109,06085509109,CA,Santa Clara County
NEUROENE THERAPEUTICS INC,32.819047,-79.878411,1400000US45019004621,45019004621,SC,Charleston County
"ADVANCED BRAIN MONITORING, INC.",33.13406,-117.278536,1400000US06073022101,06073022101,CA,San Diego County
"LARIX BIOSCIENCE, LLC",37.410976,-122.022213,1400000US06085504602,06085504602,CA,Santa Clara County
CHILDREN'S HOSPITAL OF ORANGE COUNTY,33.780978,-117.8672,1400000US06059076001,06059076001,CA,Orange County
NEURANO BIOSCIENCE,33.062174,-117.297479,1400000US06073017702,06073017702,CA,San Diego County
"ARIMA GENOMICS, INC.",32.887458,-117.182927,1400000US06073008350,06073008350,CA,San Diego County
"STRESS THERAPEUTICS, INC.",32.737909,-117.225016,1400000US06073006900,06073006900,CA,San Diego County
"SCIOGEN, LLC",37.378028,-122.095174,1400000US06085510200,06085510200,CA,Santa Clara County
CELESTIAL ONCOLOGY INC.,34.031106,-118.466877,1400000US06037701801,06037701801,CA,Los Angeles County
AMERICAN PSYCHIATRIC ASSOC FOUNDATION,38.894108,-77.069172,1400000US51013101704,51013101704,VA,Arlington County
"MAX BIOPHARMA, INC.",34.057358,-118.467644,1400000US06037264102,06037264102,CA,Los Angeles County
MODIFI BIOSCIENCES INC,41.142066,-73.359845,1400000US09190050200,09190050200,CT,Western Connecticut Planning Region
"BIOAMP DIAGNOSTICS, INC.",36.967989,-121.897758,1400000US06087122205,06087122205,CA,Santa Cruz County
"THERANOSTEC, INC.",38.39743,-121.468756,1400000US06067009635,06067009635,CA,Sacramento County
BIOCORRX PHARMACEUTICALS INC,33.795721,-117.882348,1400000US06059076104,06059076104,CA,Orange County
AMERICAN PUBLIC HEALTH ASSOCIATION,38.906639,-77.016577,1400000US11001004802,11001004802,DC,District of Columbia
"AEROSOL DYNAMICS, INC.",37.855831,-122.29099,1400000US06001422000,06001422000,CA,Alameda County
"ACTIVE MOTIF, INC.",33.123505,-117.28959,1400000US06073022101,06073022101,CA,San Diego County
INSTITUTE FOR MOLECULAR MEDICINE,33.725184,-118.000314,1400000US06059099410,06059099410,CA,Orange County
MYRIAD ADVANCED TECHNOLOGIES LLC,33.55512,-117.666532,1400000US06059032022,06059032022,CA,Orange County
"INDELIBLE LEARNING, INC.",33.780407,-118.408076,1400000US06037670328,06037670328,CA,Los Angeles County
AURICLE HEALTH INC,37.84541,-122.265519,1400000US06001400500,06001400500,CA,Alameda County
TRIFOIL IMAGING,34.241941,-118.588632,1400000US06037113303,06037113303,CA,Los Angeles County
"MERCATOR MEDSYSTEMS, INC.",37.837272,-122.301286,1400000US06001425101,06001425101,CA,Alameda County
"NEUCYTE, INC.",37.417626,-122.121033,1400000US06085510803,06085510803,CA,Santa Clara County
"BETTER BRAINS, INC",33.122298,-117.079947,1400000US06073020214,06073020214,CA,San Diego County
ORPHAGEN PHARMACEUTICALS,32.911713,-117.232045,1400000US06073008339,06073008339,CA,San Diego County
"MOLECULAR INSTRUMENTS, INC.",34.137603,-118.214672,1400000US06037181400,06037181400,CA,Los Angeles County
FLUID DISCOVERY INC,37.667215,-122.489443,1400000US06081601000,06081601000,CA,San Mateo County
"TEGA THERAPEUTICS, INC.",32.886171,-117.164475,1400000US06073008350,06073008350,CA,San Diego County
"GENERAL ENGINEERING AND RESEARCH, LLC",32.895234,-117.219032,1400000US06073008339,06073008339,CA,San Diego County
"CELLDOM, INC.",35.964557,-78.940527,1400000US37063002015,37063002015,NC,Durham County
CELLERGY PHARMA,39.77265,-75.574081,1400000US10003011700,10003011700,DE,New Castle County
"REVMEDICA, INC.",41.492152,-72.679214,1400000US09130585100,09130585100,CT,Lower Connecticut River Valley Planning Region
"SANSIMEON, INC",37.584558,-122.042805,1400000US06001441402,06001441402,CA,Alameda County
"ABTERRA BIOSCIENCES, INC.",32.803918,-117.215013,1400000US06073007800,06073007800,CA,San Diego County
"AMELIA TECHNOLOGIES, LLC",39.100482,-77.133807,1400000US24031700903,24031700903,MD,Montgomery County
"ACTIVE LIFE SCIENTIFIC, INC.",34.432169,-119.819098,1400000US06083003001,06083003001,CA,Santa Barbara County
"PANORAMA RESEARCH, INC.",37.410976,-122.022213,1400000US06085504602,06085504602,CA,Santa Clara County
"PHENOMIX SCIENCES, LLC",44.005401,-92.498964,1400000US27109001201,27109001201,MN,Olmsted County
MOBIUS SCIENTIFIC INC.,38.977017,-77.032515,1400000US11001010300,11001010300,DC,District of Columbia
"PARMEDICS, INC.",37.897386,-122.183854,1400000US06013354002,06013354002,CA,Contra Costa County
"VOXEL HEALTHCARE, LLC",47.662712,-122.315597,1400000US53033005306,53033005306,WA,King County
MOSAIC ENGINEERING LLC,37.905867,-122.313465,1400000US06013383000,06013383000,CA,Contra Costa County
VERSAPEUTICS INC,32.944222,-117.185163,1400000US06073021502,06073021502,CA,San Diego County
"HALO BIOSCIENCES, INC.",39.170067,-75.543096,1400000US10001043300,10001043300,DE,Kent County
"INVIZYNE TECHNOLOGIES, INC.",34.013686,-118.408508,1400000US06037702801,06037702801,CA,Los Angeles County
RHINO THERAPEUTICS INC,39.748536,-75.54767,1400000US10003002800,10003002800,DE,New Castle County
"AETON THERAPEUTICS, INC.",37.584558,-122.371022,1400000US06081605200,06081605200,CA,San Mateo County
TRIO PHARMACEUTICALS INC.,33.532821,-117.180292,1400000US06065049800,06065049800,CA,Riverside County
RNA THERAPEUTICS INC.,39.455788,-75.717813,1400000US10003016613,10003016613,DE,New Castle County
"MABSWITCH, INC.",34.201281,-118.451162,1400000US06037127220,06037127220,CA,Los Angeles County
WEATHERWAX BIOTECHNOLOGIES CORPORATION,37.758786,-122.390958,1400000US06075022600,06075022600,CA,San Francisco County
SHARP MEMORIAL HOSPITAL,32.798583,-117.154618,1400000US06073008702,06073008702,CA,San Diego County
ANTLIA BIOSCIENCE INC,33.071739,-117.297638,1400000US06073017601,06073017601,CA,San Diego County
"GLAX, LLC",39.758205,-75.561973,1400000US10003001200,10003001200,DE,New Castle County
"AIVOCODE, LLP",33.034516,-117.238638,1400000US06073017106,06073017106,CA,San Diego County
CONNECTICUT AGRICULTURAL EXPERIMENT STA,41.330982,-72.918845,1400000US09170141800,09170141800,CT,South Central Connecticut Planning Region
"VITALEX BIOSCIENCES, LLC",33.700942,-117.756405,1400000US06059052431,06059052431,CA,Orange County
"SCARLESS LABORATORIES, INC.",34.068293,-118.390041,1400000US06037700801,06037700801,CA,Los Angeles County
"CURATIX, LLC",41.307246,-72.932961,1400000US09170361401,09170361401,CT,South Central Connecticut Planning Region
"ENUMERIX, INC.",37.420954,-122.103534,1400000US06085510801,06085510801,CA,Santa Clara County
HOMESRENEWED VENTURES LLC,38.948183,-77.080825,1400000US11001001004,11001001004,DC,District of Columbia
"CORNOVUS PHARMACEUTICALS, INC.",41.322584,-72.919231,1400000US09170141800,09170141800,CT,South Central Connecticut Planning Region
"THETIS PHARMACEUTICALS, LLC",41.13811,-73.285901,1400000US09120060600,09120060600,CT,Greater Bridgeport Planning Region
AG BELL ASSN FOR DEAF & HARD OF HEARING,38.909867,-77.068809,1400000US11001000202,11001000202,DC,District of Columbia
"Q-CHEM, INC.",37.697782,-121.908161,1400000US06001450603,06001450603,CA,Alameda County
"QUERCUS MOLECULAR DESIGN, LLC",39.748536,-75.54767,1400000US10003002800,10003002800,DE,New Castle County
SMITHSONIAN INSTITUTION,38.855672,-77.048663,1400000US51013103404,51013103404,VA,Arlington County
INVENIO IMAGING INC.,37.478721,-122.140531,1400000US06081611800,06081611800,CA,San Mateo County
"NEW ENGLAND RESEARCH INSTITUTES, INC.",42.366104,-71.206736,1400000US25017370104,25017370104,MA,Middlesex County
PALO ALTO UNIVERSITY,37.382203,-122.187409,1400000US06085511707,06085511707,CA,Santa Clara County
"CARI HEALTH, INC.",32.925384,-117.21654,1400000US06073008374,06073008374,CA,San Diego County
CALIFORNIA STATE UNIVERSITY BAKERSFIELD AUXILIARY FOR SPONSORED PROGRAMS ADMINISTRATION,35.354257,-119.107587,1400000US06029002806,06029002806,CA,Kern County
UNIVERSITY OF NEW HAVEN,41.291139,-72.961159,1400000US09170361500,09170361500,CT,South Central Connecticut Planning Region
"OMVAX, INC.",37.766979,-122.393666,1400000US06075060701,06075060701,CA,San Francisco County
"FERROLOGIX, INC.",34.049225,-118.468858,1400000US06037264305,06037264305,CA,Los Angeles County
"TECHIMMUNE, LLC",33.60985,-117.875052,1400000US06059063008,06059063008,CA,Orange County
"ISCA TECHNOLOGIES, INC.",34.011199,-117.338697,1400000US06065042300,06065042300,CA,Riverside County
RADY PEDIATRIC GENOMICS & SYSTEMS MEDICINE INSTITUTE,32.79849,-117.152153,1400000US06073008702,06073008702,CA,San Diego County
"MIRESOURCE, INC.",37.410804,-122.260217,1400000US06081613400,06081613400,CA,San Mateo County
POSIT SCIENCE CORPORATION,37.787511,-122.404703,1400000US06075011700,06075011700,CA,San Francisco County
LOMA LINDA VETERANS ASSN RESEARCH & EDUC,34.052198,-117.192414,1400000US06071008100,06071008100,CA,San Bernardino County
"SIOLTA THERAPEUTICS, INC.",37.758786,-122.390958,1400000US06075022600,06075022600,CA,San Francisco County
TOURO UNIVERSITY OF CALIFORNIA,38.102623,-122.275686,1400000US06095250801,06095250801,CA,Solano County
HANDL HEALTH LLC,33.879012,-118.053865,1400000US06037554512,06037554512,CA,Los Angeles County
COASTAL MARINE BIOLABS,34.240579,-119.264111,1400000US06111002500,06111002500,CA,Ventura County
HELLO ROBOT INC,38.016938,-122.134969,1400000US06013316000,06013316000,CA,Contra Costa County
"COHERE-MED, INC.",37.582468,-122.368118,1400000US06081605300,06081605300,CA,San Mateo County
"ELLISON INSTITUTE, LLC",34.030644,-118.456215,1400000US06037267600,06037267600,CA,Los Angeles County
UNIVERSITY OF GEORGIA,33.931173,-83.378873,1400000US13059000401,13059000401,GA,Clarke County
UNIVERSITY OF FLORIDA,29.643443,-82.349637,1400000US12001000902,12001000902,FL,Alachua County
EMORY UNIVERSITY,33.791247,-84.3249,1400000US13089022404,13089022404,GA,DeKalb County
NORTHWESTERN UNIVERSITY AT CHICAGO,42.050479,-87.680046,1400000US17031808702,17031808702,IL,Cook County
PURDUE UNIVERSITY,40.41872,-86.910361,1400000US18157005500,18157005500,IN,Tippecanoe County
UNIVERSITY OF CHICAGO,41.789554,-87.601172,1400000US17031836200,17031836200,IL,Cook County
UNIVERSITY OF IOWA,41.664405,-91.542152,1400000US19103002300,19103002300,IA,Johnson County
NORTHWESTERN UNIVERSITY,42.050479,-87.680046,1400000US17031808702,17031808702,IL,Cook County
UNIVERSITY OF MIAMI SCHOOL OF MEDICINE,25.713468,-80.277246,1400000US12086007503,12086007503,FL,Miami-Dade County
AUGUSTA UNIVERSITY,33.470962,-81.991405,1400000US13245011000,13245011000,GA,Richmond County
UNIVERSITY OF HAWAII AT MANOA,21.299198,-157.820371,1400000US15003002701,15003002701,HI,Honolulu County
TRUSTEES OF INDIANA UNIVERSITY,39.172055,-86.523157,1400000US18105001600,18105001600,IN,Monroe County
FLORIDA ATLANTIC UNIVERSITY,26.376257,-80.114172,1400000US12099007100,12099007100,FL,Palm Beach County
NATIONAL OPINION RESEARCH CENTER,41.785875,-87.597545,1400000US17031420300,17031420300,IL,Cook County
NORTHSIDE HOSPITAL ATLANTA,33.90934,-84.353981,1400000US13121010115,13121010115,GA,Fulton County
INDIANA UNIVERSITY INDIANAPOLIS,39.779213,-86.175288,1400000US18097391001,18097391001,IN,Marion County
UNIVERSITY OF ILLINOIS AT CHICAGO,41.871509,-87.667721,1400000US17031838200,17031838200,IL,Cook County
"LECTENZ BIO, INC.",33.927538,-83.36872,1400000US13059150400,13059150400,GA,Clarke County
RUSH UNIVERSITY MEDICAL CENTER,41.87506,-87.668327,1400000US17031838100,17031838100,IL,Cook County
IOWA STATE UNIVERSITY,42.022225,-93.639475,1400000US19169001101,19169001101,IA,Story County
"EXVADE BIOSCIENCE, INC.",33.764232,-84.395287,1400000US13121002100,13121002100,GA,Fulton County
H. LEE MOFFITT CANCER CTR & RES INST,28.062583,-82.419596,1400000US12057010900,12057010900,FL,Hillsborough County
PALMER COLLEGE OF CHIROPRACTIC,41.529376,-90.574829,1400000US19163010600,19163010600,IA,Scott County
UNIVERSITY OF NOTRE DAME,41.693901,-86.239284,1400000US18141011203,18141011203,IN,St. Joseph County
ILLINOIS INSTITUTE OF TECHNOLOGY,41.831064,-87.629049,1400000US17031842000,17031842000,IL,Cook County
"HEALTH CHOICE NETWORK, INC.",25.784838,-80.341865,1400000US12086009010,12086009010,FL,Miami-Dade County
URBAN HEALTH PARTNERSHIPS,25.758156,-80.199322,1400000US12086006715,12086006715,FL,Miami-Dade County
WAIANAE COAST COMPREHENSIVE HEALTH CTR,21.440282,-158.186378,1400000US15003009705,15003009705,HI,Honolulu County
NORTHERN ILLINOIS UNIVERSITY,41.929327,-88.750764,1400000US17037001300,17037001300,IL,DeKalb County
UNIVERSITY OF MIAMI CORAL GABLES,25.713468,-80.277246,1400000US12086007503,12086007503,FL,Miami-Dade County
FLORIDA STATE UNIVERSITY,30.441455,-84.297889,1400000US12073001300,12073001300,FL,Leon County
KENNESAW STATE UNIVERSITY,34.034315,-84.574275,1400000US13067030247,13067030247,GA,Cobb County
UNIVERSITY OF SOUTH FLORIDA,28.074039,-82.395963,1400000US12057010900,12057010900,FL,Hillsborough County
NOVA SOUTHEASTERN UNIVERSITY,26.07761,-80.242565,1400000US12011070204,12011070204,FL,Broward County
TRITONX INC.,41.972724,-87.672394,1400000US17031031000,17031031000,IL,Cook County
"MAPHABIT, INC.",33.787792,-84.28825,1400000US13089022203,13089022203,GA,DeKalb County
LOYOLA UNIVERSITY CHICAGO,41.865155,-87.833381,1400000US17031816100,17031816100,IL,Cook County
UNIVERSITY OF ILLINOIS AT URBANA-CHAMPAIGN,40.116857,-88.228755,1400000US17019005300,17019005300,IL,Champaign County
ASIAN HEALTH COALITION OF ILLINOIS,41.883298,-87.63335,1400000US17031839100,17031839100,IL,Cook County
MEDITRACE LLC,29.652691,-82.492243,1400000US12001002202,12001002202,FL,Alachua County
FLORIDA INTERNATIONAL UNIVERSITY,25.761055,-80.376195,1400000US12086008904,12086008904,FL,Miami-Dade County
NYTRICX INC.,33.930426,-83.366033,1400000US13059150400,13059150400,GA,Clarke County
"KASA BIO, L.L.C.",34.033014,-84.289722,1400000US13121011428,13121011428,GA,Fulton County
GEORGIA INSTITUTE OF TECHNOLOGY,33.781897,-84.404009,1400000US13121000601,13121000601,GA,Fulton County
ALLIANCE NCTN FOUNDATION,41.879725,-87.636406,1400000US17031839100,17031839100,IL,Cook County
UNIVERSITY OF MIAMI ROSENTEIL SCHOOL,25.732238,-80.162969,1400000US12086980400,12086980400,FL,Miami-Dade County
UNIVERSITY OF IDAHO,46.730287,-116.996847,1400000US16057005102,16057005102,ID,Latah County
"CHESTNUT HEALTH SYSTEMS, INC.",40.487215,-89.021661,1400000US17113000302,17113000302,IL,McLean County
UNIVERSITY OF CENTRAL FLORIDA,28.601027,-81.197266,1400000US12095016515,12095016515,FL,Orange County
MAYO CLINIC  JACKSONVILLE,30.264703,-81.444793,1400000US12031014422,12031014422,FL,Duval County
ROSALIND FRANKLIN UNIV OF MEDICINE & SCI,42.302294,-87.861378,1400000US17097863004,17097863004,IL,Lake County
MOREHOUSE SCHOOL OF MEDICINE,33.746607,-84.414781,1400000US13121003800,13121003800,GA,Fulton County
ENDEAVOR HEALTH CLINICAL OPERATIONS,42.064695,-87.689868,1400000US17031808800,17031808800,IL,Cook County
LOYOLA UNIVERSITY OF CHICAGO,41.897385,-87.624242,1400000US17031081201,17031081201,IL,Cook County
GEORGIA STATE UNIVERSITY,33.753531,-84.384483,1400000US13121011901,13121011901,GA,Fulton County
"THYREOS, INC",41.894708,-87.786889,1400000US17031812400,17031812400,IL,Cook County
REHABILITATION INSTITUTE OF CHICAGO D/B/A SHIRLEY RYAN ABILITYLAB,41.895742,-87.618543,1400000US17031081401,17031081401,IL,Cook County
NORTHEASTERN ILLINOIS UNIVERSITY,41.982453,-87.716237,1400000US17031831800,17031831800,IL,Cook County
SOUTHERN ILLINOIS UNIVERSITY CARBONDALE,37.728408,-89.222946,1400000US17077010800,17077010800,IL,Jackson County
FLORIDA AGRICULTURAL AND MECHANICAL UNIV,30.428914,-84.289766,1400000US12073000400,12073000400,FL,Leon County
LURIE CHILDREN'S HOSPITAL OF CHICAGO,41.896663,-87.622919,1400000US17031081401,17031081401,IL,Cook County
ILLINOIS STATE UNIVERSITY,40.51729,-88.999162,1400000US17113000108,17113000108,IL,McLean County
"CARING TECHNOLOGIES, INC.",43.614032,-116.198968,1400000US16001000102,16001000102,ID,Ada County
ADVENTHEALTH ORLANDO,28.573251,-81.369742,1400000US12095012800,12095012800,FL,Orange County
AMPLIFIED SCIENCES INC,40.465442,-86.928554,1400000US18157005101,18157005101,IN,Tippecanoe County
SOUTHERN ILLINOIS UNIVERSITY SCH OF MED,39.809759,-89.657469,1400000US17167000300,17167000300,IL,Sangamon County
"TURNER SCIENTIFIC, LLC",39.718841,-90.241321,1400000US17137952000,17137952000,IL,Morgan County
"NALU SCIENTIFIC, LLC",21.30829,-157.808704,1400000US15003002900,15003002900,HI,Honolulu County
"NOVIS PRODUCTS, LLC",30.241524,-81.519211,1400000US12031014417,12031014417,FL,Duval County
E&E BIOCLUB LLC,39.89219,-86.310384,1400000US18097310113,18097310113,IN,Marion County
"PRENOSIS, INC.",40.091146,-88.239979,1400000US17019001400,17019001400,IL,Champaign County
SERODOPA THERAPEUTICS INC,29.650061,-82.332843,1400000US12001000201,12001000201,FL,Alachua County
"BRITESEED, LLC",41.966275,-87.67474,1400000US17031830800,17031830800,IL,Cook County
RENALIS HEALTH INC.,41.888026,-87.636122,1400000US17031081800,17031081800,IL,Cook County
"ZWICOAT MATERIALS INNOVATIONS, LLC",41.741647,-91.496431,1400000US19103010100,19103010100,IA,Johnson County
"LENA BIOSCIENCES, INC.",33.889115,-84.451319,1400000US13067030356,13067030356,GA,Cobb County
"CITY LABS, INC.",25.472703,-80.474665,1400000US12086011104,12086011104,FL,Miami-Dade County
"DENOVX, LLC",42.019307,-88.20301,1400000US17031804316,17031804316,IL,Cook County
CIRCULATECH LLC,26.015733,-80.427046,1400000US12011110301,12011110301,FL,Broward County
"DEGROME THERAPEUTICS, INC.",39.790713,-86.161554,1400000US18097353300,18097353300,IN,Marion County
"HALIDE BIOLOGICS, INC.",41.65925,-91.55653,1400000US19103000502,19103000502,IA,Johnson County
"RHAEOS, INC.",42.056689,-87.695503,1400000US17031809200,17031809200,IL,Cook County
ENCUE INC.,42.050235,-87.684434,1400000US17031809402,17031809402,IL,Cook County
"CREATIVE BIOTHERAPEUTICS, LLC",42.352143,-87.92232,1400000US17097861509,17097861509,IL,Lake County
"THIRD COAST DYNAMICS, INC.",42.050029,-87.692327,1400000US17031809500,17031809500,IL,Cook County
"VASCULONICS, LLC",39.790713,-86.161554,1400000US18097353300,18097353300,IN,Marion County
ADAPTIVE TESTING TECHNOLOGIES,41.885892,-87.642688,1400000US17031280100,17031280100,IL,Cook County
SOCIALRX INC,33.750768,-84.355071,1400000US13121003100,13121003100,GA,Fulton County
"INLIGHTA BIOSCIENCES, LLC",33.98647,-84.404528,1400000US13067030370,13067030370,GA,Cobb County
"AUTOMATED IMAGING DIAGNOSTICS, LLC",29.622191,-82.444973,1400000US12001002222,12001002222,FL,Alachua County
"NEUROLUX, INC.",40.091146,-88.239979,1400000US17019001400,17019001400,IL,Champaign County
NUAGO THERAPEUTICS INC,41.856214,-87.618635,1400000US17031330101,17031330101,IL,Cook County
HUMAN CELL CO,41.774867,-88.195101,1400000US17043846519,17043846519,IL,DuPage County
"REVOPSIS THERAPEUTICS, INC.",39.779947,-89.731676,1400000US17167003604,17167003604,IL,Sangamon County
"MEDOSOME BIOTEC, LLC",39.131903,-86.509113,1400000US18105001002,18105001002,IN,Monroe County
"VIRTUALLY BETTER, INC.",33.818284,-84.26711,1400000US13089022302,13089022302,GA,DeKalb County
"NEMOURS CHILDREN'S HOSPITAL, ORLANDO",28.5362,-81.374984,1400000US12095010300,12095010300,FL,Orange County
INTERNATIONAL SOCIETY/EXPER HEMATOLOGY,41.888471,-87.627293,1400000US17031081500,17031081500,IL,Cook County
MYOSIN THERAPEUTICS INC.,26.885174,-80.11392,1400000US12099000221,12099000221,FL,Palm Beach County
"OUTLIER TECHNOLOGY, LLC",29.652135,-82.328859,1400000US12001000500,12001000500,FL,Alachua County
IDAHO STATE UNIVERSITY,42.863144,-112.434395,1400000US16005000700,16005000700,ID,Bannock County
"ROSKAMP INSTITUTE, INC.",27.41751,-82.538972,1400000US12081000805,12081000805,FL,Manatee County
"MEANINGFUL MEASUREMENT, INC.",41.706069,-86.201451,1400000US18141011309,18141011309,IN,St. Joseph County
FLORIDA INSTITU /HUMAN/MACHINE COGNITION,30.413046,-87.209968,1400000US12033000801,12033000801,FL,Escambia County
CLARK ATLANTA UNIVERSITY,33.747725,-84.41301,1400000US13121003800,13121003800,GA,Fulton County
"OBJECTIVE ED, INC.",26.648204,-80.28948,1400000US12099007721,12099007721,FL,Palm Beach County
BOISE STATE UNIVERSITY,43.603636,-116.201282,1400000US16001000902,16001000902,ID,Ada County
FLORIDA GULF COAST UNIVERSITY,26.464191,-81.773016,1400000US12071040139,12071040139,FL,Lee County
UNIVERSITY OF WEST FLORIDA,30.549092,-87.215272,1400000US12033003607,12033003607,FL,Escambia County
FLORIDA INSTITUTE OF TECHNOLOGY,28.064694,-80.618823,1400000US12009064902,12009064902,FL,Brevard County
BALL STATE UNIVERSITY,40.197741,-85.409049,1400000US18035000902,18035000902,IN,Delaware County
NEMOURS CHILDREN'S CLINIC,30.312931,-81.663197,1400000US12031000800,12031000800,FL,Duval County
MERCER UNIVERSITY MACON,32.831421,-83.646907,1400000US13021010500,13021010500,GA,Bibb County
"MICROSENSOR LABS, LLC",41.790996,-87.586794,1400000US17031411000,17031411000,IL,Cook County
NORTH CENTRAL COLLEGE,41.774248,-88.143324,1400000US17043846103,17043846103,IL,DuPage County
DIAN FOSSEY GORILLA FUND I,33.739648,-84.371725,1400000US13121005300,13121005300,GA,Fulton County
LAKE FOREST COLLEGE,42.250489,-87.830724,1400000US17097863400,17097863400,IL,Lake County
UNIVERSITY OF NORTH FLORIDA,30.270668,-81.510431,1400000US12031014415,12031014415,FL,Duval County
GEORGIA SOUTHERN UNIVERSITY,32.4597,-81.802421,1400000US13031110301,13031110301,GA,Bulloch County
HOOLA MUSIC AND CULTURAL ARTS,21.310662,-157.80146,1400000US15003003104,15003003104,HI,Honolulu County
NEURODON LLC,41.441858,-87.488585,1400000US18089042608,18089042608,IN,Lake County
"STEMSYNERGY THERAPEUTICS, INC.",25.794577,-80.206744,1400000US12086003100,12086003100,FL,Miami-Dade County
"ECLIPSE ORTHOPAEDICS, LLC",41.200887,-85.874803,1400000US18085962300,18085962300,IN,Kosciusko County
ANXOMICS LLC,34.025688,-84.24031,1400000US13121011443,13121011443,GA,Fulton County
AQUALUNG THERAPEUTICS CORP.,32.288756,-110.931091,1400000US04019004711,04019004711,AZ,Pima County
SAROS THERAPEUTICS INC,42.166475,-87.883448,1400000US17097864802,17097864802,IL,Lake County
ALCORIX,41.627158,-88.14559,1400000US17197880408,17197880408,IL,Will County
BRIGHTOUTCOME INC.,42.153621,-87.981561,1400000US17031803010,17031803010,IL,Cook County
"IMPACTIV, INC.",33.878979,-84.395065,1400000US13121010211,13121010211,GA,Fulton County
"UCHICAGO ARGONNE, LLC",41.789554,-87.601172,1400000US17031836200,17031836200,IL,Cook County
"MIDWEST BIOPROCESSING CENTER, LLC",41.785466,-87.937147,1400000US17043845402,17043845402,IL,DuPage County
"ENGINEERING RESOURCES GROUP, INC.",26.016727,-80.427072,1400000US12011110301,12011110301,FL,Broward County
LIVOTION LLC,42.372429,-72.526278,1400000US25015820500,25015820500,MA,Hampshire County
"KDH RESEARCH AND COMMUNICATION, INC.",33.787517,-84.382632,1400000US13121000400,13121000400,GA,Fulton County
"BIOCIRCUIT TECHNOLOGIES, INC.",33.80456,-84.392889,1400000US13121009105,13121009105,GA,Fulton County
ACHEMINALL CORPORATION,41.679437,-88.187618,1400000US17197880318,17197880318,IL,Will County
"VIVACELLE BIO, INC.",32.365292,-93.684335,1400000US22017024002,22017024002,LA,Caddo Parish
THER-AI LLC,28.626546,-81.224995,1400000US12117021317,12117021317,FL,Seminole County
GALATEA BIO INC,25.84195,-80.301448,1400000US12086000711,12086000711,FL,Miami-Dade County
"CONVERGENT ENGINEERING, INC.",29.652691,-82.492243,1400000US12001002202,12001002202,FL,Alachua County
BOLD TYPE LLC,28.573461,-81.208719,1400000US12095016511,12095016511,FL,Orange County
"MOONLIGHT THERAPEUTICS, INC.",33.876672,-84.261125,1400000US13089021712,13089021712,GA,DeKalb County
"MEGADALTON SOLUTIONS, INC",39.130389,-86.483891,1400000US18105001002,18105001002,IN,Monroe County
SKYWAY BIOSCIENCES,42.037748,-87.684913,1400000US17031809800,17031809800,IL,Cook County
YOUNGHEARTVALVE LLC,33.795383,-84.398866,1400000US13121008905,13121008905,GA,Fulton County
MOREMME VA LLC,41.825935,-88.082965,1400000US17043842711,17043842711,IL,DuPage County
"CYANVAC, LLC",33.92852,-83.368275,1400000US13059150400,13059150400,GA,Clarke County
CAMBIUM ONCOLOGY LLC,33.784156,-84.358248,1400000US13121000202,13121000202,GA,Fulton County
"GLOBAL BIOMEDICAL TECHNOLOGIES, LLC",26.319521,-81.725092,1400000US12071050324,12071050324,FL,Lee County
"O2M TECHNOLOGIES, LLC",41.874027,-87.683141,1400000US17031838000,17031838000,IL,Cook County
CHEMBIND LLC,33.754579,-84.386642,1400000US13121011901,13121011901,GA,Fulton County
"TOP BIOSCIENCES, LLC",25.624878,-80.313173,1400000US12086008207,12086008207,FL,Miami-Dade County
"NERX BIOSCIENCES, INC.",39.780367,-86.164938,1400000US18097391002,18097391002,IN,Marion County
"DOLOR THERAPEUTICS, LLC",41.896501,-87.619671,1400000US17031081401,17031081401,IL,Cook County
"HASENTECH, INC.",41.885144,-87.625994,1400000US17031320102,17031320102,IL,Cook County
EARLY IS GOOD INC.,40.203929,-85.414475,1400000US18035000904,18035000904,IN,Delaware County
OUR RELATIONSHIP LLC,25.738762,-80.288587,1400000US12086006004,12086006004,FL,Miami-Dade County
"ENZYME BY DESIGN, INC.",41.874027,-87.683141,1400000US17031838000,17031838000,IL,Cook County
"EXPERIAD, LLC",21.259154,-157.793755,1400000US15003000600,15003000600,HI,Honolulu County
"MTI BIOTECH, INC.",41.998397,-93.634443,1400000US19169001302,19169001302,IA,Story County
FOUNDATION FOR APPLIED MOLECULAR EVOLUTN,29.781585,-82.47305,1400000US12001001817,12001001817,FL,Alachua County
"VON MEDICAL, INC",26.078346,-80.398448,1400000US12011070318,12011070318,FL,Broward County
SPELMAN COLLEGE,33.745247,-84.411462,1400000US13121004300,13121004300,GA,Fulton County
"PROTEINACEOUS, INC.",42.068323,-87.699354,1400000US17031808800,17031808800,IL,Cook County
"INTERNTL NARCOTICS RESEARCH CONF, INC.",27.140448,-80.26601,1400000US12085000604,12085000604,FL,Martin County
CARLE FOUNDATION,40.117295,-88.214586,1400000US17019005300,17019005300,IL,Champaign County
"HESPEROS, LLC",28.589664,-81.198099,1400000US12095016515,12095016515,FL,Orange County
MAX PLANCK FLORIDA CORPORATION,26.935471,-80.116253,1400000US12099000202,12099000202,FL,Palm Beach County
"EMMUNE, INC",26.885174,-80.11392,1400000US12099000221,12099000221,FL,Palm Beach County
"INSILICOM, LLC",30.5711,-84.24992,1400000US12073002422,12073002422,FL,Leon County
"PARAMETRIC STUDIO, INC.",42.029583,-93.640161,1400000US19169000800,19169000800,IA,Story County
ALZHEIMER'S ASSOCIATION,41.886016,-87.624433,1400000US17031320102,17031320102,IL,Cook County
"AMERICAN SOCIETY OF PREVENTIVE ONCOLOGY, INC.",39.908748,-86.116502,1400000US18097320202,18097320202,IN,Marion County
AMERICAN COLLEGE OF RHEUMATOLOGY,33.84816,-84.347074,1400000US13089021415,13089021415,GA,DeKalb County
HEKTOEN INSTITUTE FOR MEDICAL RESEARCH,41.868083,-87.682159,1400000US17031838200,17031838200,IL,Cook County
"MIRAVISTA DIAGNOSTICS, LLC",39.695619,-86.279062,1400000US18097390802,18097390802,IN,Marion County
SOUTHERN ILLINOIS UNIV AT EDWARDSVILLE,38.811295,-89.956641,1400000US17119403001,17119403001,IL,Madison County
DECATUR MEMORIAL HOSPITAL,39.865817,-88.960798,1400000US17115002002,17115002002,IL,Macon County
IOWA ONCOLOGY RESEARCH ASSOCIATION,41.589963,-93.635067,1400000US19153005101,19153005101,IA,Polk County
LEWIS-CLARK STATE COLLEGE,46.412336,-117.024488,1400000US16069960400,16069960400,ID,Nez Perce County
FLORIDA ASSN OF PEDIATRIC TUMOR PROG,28.057265,-82.418477,1400000US12057010900,12057010900,FL,Hillsborough County
BUTLER UNIVERSITY,39.846452,-86.168899,1400000US18097321900,18097321900,IN,Marion County
"BD HOLDING, INC.",41.658053,-91.556331,1400000US19103000502,19103000502,IA,Johnson County
MARIAN UNIVERSITY,39.8109,-86.205081,1400000US18097340500,18097340500,IN,Marion County
"EXPLORE INTERACTIVE, INC.",40.465442,-86.928554,1400000US18157005101,18157005101,IN,Tippecanoe County
UNIVERSITY OF HAWAII AT HILO,19.699234,-155.080391,1400000US15001020500,15001020500,HI,Hawaii County
INDIANA STATE UNIVERSITY,39.468504,-87.407141,1400000US18167011102,18167011102,IN,Vigo County
MIDWESTERN UNIVERSITY,41.831288,-87.996229,1400000US17043844402,17043844402,IL,DuPage County
DE PAUL UNIVERSITY,41.878093,-87.627655,1400000US17031320400,17031320400,IL,Cook County
VALPARAISO UNIVERSITY,41.463513,-87.045368,1400000US18127050902,18127050902,IN,Porter County
DES MOINES UNIV OSTEOPATHIC MEDICAL CTR,41.5843,-93.660036,1400000US19153003200,19153003200,IA,Polk County
"JAEB CENTER FOR HEALTH RESEARCH, INC.",28.090767,-82.403932,1400000US12057011018,12057011018,FL,Hillsborough County
"AVENTUSOFT, LLC",26.383395,-80.098503,1400000US12099007100,12099007100,FL,Palm Beach County
"OAI, INC.",41.885615,-87.626357,1400000US17031320102,17031320102,IL,Cook County
"SUSTAINABLE WORKPLACE ALLIANCE, INC.",27.809013,-81.66552,1400000US12105015302,12105015302,FL,Polk County
ALBANY STATE UNIVERSITY,31.572068,-84.144327,1400000US13095010702,13095010702,GA,Dougherty County
IDAHO VETERANS RESEARCH / EDUCATION FDN,43.620818,-116.191085,1400000US16001000201,16001000201,ID,Ada County
JORVEC CORPORATION,25.723146,-80.289051,1400000US12086007601,12086007601,FL,Miami-Dade County
ALPHA YOUNG LLC,33.488915,-86.6485,1400000US01073012703,01073012703,AL,Jefferson County
"COAPT, LLC",41.89327,-87.634679,1400000US17031081800,17031081800,IL,Cook County
"HAWAII BIOTECH, INC.",21.384548,-157.93373,1400000US15003007702,15003007702,HI,Honolulu County
NORTH AMERICAN ASSN/CENTRAL CANCER REG,39.769797,-89.690386,1400000US17167002001,17167002001,IL,Sangamon County
KOVINA THERAPEUTICS INC.,39.755095,-86.13084,1400000US18097355900,18097355900,IN,Marion County
"CHICAGO BIOSOLUTIONS, INC.",41.874027,-87.683141,1400000US17031838000,17031838000,IL,Cook County
"APT THERAPEUTICS, INC.",38.680942,-90.394736,1400000US29189215600,29189215600,MO,St. Louis County
"ADENOPAINT, LLC",33.864907,-84.385243,1400000US13121009900,13121009900,GA,Fulton County
"ACOUSTIC RANGE ESTIMATES, LLC",43.075329,-87.873694,1400000US55079007400,55079007400,WI,Milwaukee County
POTENTIA ANALYTICS INC,37.727269,-89.209493,1400000US17077011200,17077011200,IL,Jackson County
"BELAY DIAGNOSTICS, LLC",41.790615,-87.592739,1400000US17031411200,17031411200,IL,Cook County
"SCHEDULE 1 THERAPEUTICS, INC.",41.88863,-87.635401,1400000US17031081800,17031081800,IL,Cook County
"5M BIOMED, LLC",34.034598,-84.190066,1400000US13121011629,13121011629,GA,Fulton County
OPREMS LLC,42.133142,-87.786596,1400000US17031801800,17031801800,IL,Cook County
"VIEWPOINT MOLECULAR TARGETING, INC.",41.649372,-91.597112,1400000US19103000402,19103000402,IA,Johnson County
"STINGINN, LLC",25.79466,-80.206795,1400000US12086003100,12086003100,FL,Miami-Dade County
"STETH X MICROSYSTEMS, INC.",33.86883,-84.369857,1400000US13121010004,13121010004,GA,Fulton County
ORIDIVUS LLC,33.778237,-84.284422,1400000US13089022602,13089022602,GA,DeKalb County
"IMMERSIVE TECH, INC.",27.981428,-82.565368,1400000US12057011708,12057011708,FL,Hillsborough County
COVIRA SURGICAL,42.300088,-87.859045,1400000US17097863004,17097863004,IL,Lake County
"GLUCOSENTIENT, INC.",40.091146,-88.239979,1400000US17019001400,17019001400,IL,Champaign County
IMMUNEBRO THERAPEUTICS INC.,41.86874,-87.660942,1400000US17031283200,17031283200,IL,Cook County
INTELLIGENT HEARING SYSTEMS,25.695106,-80.304401,1400000US12086007609,12086007609,FL,Miami-Dade County
"CHEMEDIMMUNE, INC.",33.545723,-82.052974,1400000US13073030108,13073030108,GA,Columbia County
"APLEXIS, INC.",42.071107,-87.743303,1400000US17031801000,17031801000,IL,Cook County
"TYMORA ANALYTICAL OPERATIONS, LLC",40.465442,-86.928554,1400000US18157005101,18157005101,IN,Tippecanoe County
"ONCOSPHERIX, INC.",33.969538,-84.279627,1400000US13121010108,13121010108,GA,Fulton County
"DOOR PHARMACEUTICALS, LLC",39.160863,-86.509618,1400000US18105000302,18105000302,IN,Monroe County
ENVIRONMENTAL MUTAGENESIS/GENOMICS SOC,38.948468,-77.332357,1400000US51059481900,51059481900,VA,Fairfax County
ANAGIN,39.780367,-86.164938,1400000US18097391002,18097391002,IN,Marion County
"INFOTECH SOFT, INC.",25.761913,-80.191304,1400000US12086006713,12086006713,FL,Miami-Dade County
"SANGUINA, LLC",33.786898,-84.406136,1400000US13121000602,13121000602,GA,Fulton County
"ANNOVIANT, INC",34.046715,-84.269891,1400000US13121011637,13121011637,GA,Fulton County
EASTERN ILLINOIS UNIVERSITY,39.48429,-88.174065,1400000US17029000800,17029000800,IL,Coles County
AMERICAN SOCIETY OF ANDROLOGY,42.044459,-88.053215,1400000US17031804603,17031804603,IL,Cook County
"COLLEGE OF IDAHO, INC.",43.65565,-116.677178,1400000US16027021500,16027021500,ID,Canyon County
"WIK DEVICES, LLC",39.934541,-86.338986,1400000US18011810607,18011810607,IN,Boone County
SHEPHERD CENTER,33.809918,-84.393618,1400000US13121009104,13121009104,GA,Fulton County
"PRODA BIOTECH, LLC",33.98647,-84.404528,1400000US13067030370,13067030370,GA,Cobb County
CHICAGO ASSN FOR RESEARCH & EDUC IN SCI,41.854028,-87.833373,1400000US17031817900,17031817900,IL,Cook County
LIV LABS INC.,41.794731,-87.582948,1400000US17031411000,17031411000,IL,Cook County
"GENETAG TECHNOLOGY, INC.",33.857112,-84.256858,1400000US13089021710,13089021710,GA,DeKalb County
QUEEN'S MEDICAL CENTER,21.307803,-157.853947,1400000US15003004102,15003004102,HI,Honolulu County
"OPERA BIOSCIENCE, INC.",42.169486,-87.9876,1400000US17097864515,17097864515,IL,Lake County
"ARUNA BIOMEDICAL, INC.",33.939246,-83.367686,1400000US13059000402,13059000402,GA,Clarke County
JOHNS HOPKINS UNIVERSITY,39.325256,-76.605131,1400000US24510090500,24510090500,MD,Baltimore city
UNIV OF MASSACHUSETTS MED SCH WORCESTER,42.2802,-71.758245,1400000US25027732002,25027732002,MA,Worcester County
TULANE UNIVERSITY OF LOUISIANA,29.935429,-90.12279,1400000US22071012102,22071012102,LA,Orleans Parish
UNIVERSITY OF MARYLAND BALTIMORE,39.292248,-76.625629,1400000US24510040200,24510040200,MD,Baltimore city
"AUTONOMOUS THERAPEUTICS, INC.",40.698099,-73.9749,1400000US36047054300,36047054300,NY,Kings County
UNIVERSITY OF MASSACHUSETTS AMHERST,42.386914,-72.521131,1400000US25015820500,25015820500,MA,Hampshire County
"WESTAT, INC.",39.094626,-77.181453,1400000US24031701007,24031701007,MD,Montgomery County
FOUNDATION FOR THE NIH,39.013984,-77.100238,1400000US24031704404,24031704404,MD,Montgomery County
MASSACHUSETTS GENERAL HOSPITAL,42.363198,-71.068772,1400000US25025020301,25025020301,MA,Suffolk County
BOSTON CHILDREN'S HOSPITAL,42.337481,-71.104964,1400000US25025081001,25025081001,MA,Suffolk County
TUFTS UNIVERSITY BOSTON,42.3498,-71.06149,1400000US25025070202,25025070202,MA,Suffolk County
"THE EMMES COMPANY, LLC",39.090165,-77.153456,1400000US24031700901,24031700901,MD,Montgomery County
UNIVERSITY OF KENTUCKY,38.040959,-84.505885,1400000US21067000900,21067000900,KY,Fayette County
PACDNA LLC,42.275265,-71.313128,1400000US25017382300,25017382300,MA,Middlesex County
BOSTON UNIVERSITY MEDICAL CAMPUS,42.33639,-71.07097,1400000US25025071101,25025071101,MA,Suffolk County
UNIVERSITY OF KANSAS MEDICAL CENTER,39.026584,-94.636347,1400000US20091050200,20091050200,KS,Johnson County
MASSACHUSETTS INSTITUTE OF TECHNOLOGY,42.359128,-71.093339,1400000US25017353102,25017353102,MA,Middlesex County
HARVARD UNIVERSITY,42.369697,-71.11193,1400000US25017353800,25017353800,MA,Middlesex County
HARVARD MEDICAL SCHOOL,42.335672,-71.104237,1400000US25025081001,25025081001,MA,Suffolk County
BRIGHAM AND WOMEN'S HOSPITAL,42.336107,-71.107481,1400000US25025081001,25025081001,MA,Suffolk County
UNIVERSITY OF LOUISVILLE,38.215024,-85.760145,1400000US21111005300,21111005300,KY,Jefferson County
CHROMATAN CORPORATION,40.833666,-77.841349,1400000US42027011600,42027011600,PA,Centre County
HARVARD SCHOOL OF PUBLIC HEALTH,42.335306,-71.102775,1400000US25025081001,25025081001,MA,Suffolk County
BETH ISRAEL DEACONESS MEDICAL CENTER,42.33982,-71.10568,1400000US25025010300,25025010300,MA,Suffolk County
SCHEPENS EYE RESEARCH INSTITUTE,42.36199,-71.06442,1400000US25025020301,25025020301,MA,Suffolk County
HEBREW REHABILITATION CENTER FOR AGED,42.296681,-71.130734,1400000US25025110607,25025110607,MA,Suffolk County
MASSACHUSETTS EYE AND EAR INFIRMARY,42.36275,-71.07009,1400000US25025020301,25025020301,MA,Suffolk County
UNIVERSITY OF KANSAS LAWRENCE,38.951542,-95.265562,1400000US20045000400,20045000400,KS,Douglas County
"UNIV OF MARYLAND, COLLEGE PARK",38.992333,-76.952986,1400000US24033980000,24033980000,MD,Prince George's County
WABANAKI HEALTH AND WELLNESS,44.805041,-68.770233,1400000US23019000200,23019000200,ME,Penobscot County
"ACCURIUS THERAPEUTICS, INC.",42.458355,-71.206211,1400000US25017358500,25017358500,MA,Middlesex County
BOSTON COLLEGE,42.336956,-71.170504,1400000US25017373600,25017373600,MA,Middlesex County
SPAULDING REHABILITATION HOSPITAL,42.378564,-71.049223,1400000US25025040801,25025040801,MA,Suffolk County
"SIGMOVIR BIOSYSTEMS, INC.",39.103877,-77.195783,1400000US24031700838,24031700838,MD,Montgomery County
WHITEHEAD INSTITUTE FOR BIOMEDICAL RES,42.363037,-71.08963,1400000US25017353102,25017353102,MA,Middlesex County
"BAYSTATE MEDICAL CENTER, INC.",42.122113,-72.603149,1400000US25013800500,25013800500,MA,Hampden County
"PASCALL SYSTEMS, INCORPORATED",42.391632,-71.109831,1400000US25017351002,25017351002,MA,Middlesex County
KANSAS STATE UNIVERSITY,39.185143,-96.571471,1400000US20161000801,20161000801,KS,Riley County
BOSTON UNIVERSITY (CHARLES RIVER CAMPUS),42.349594,-71.099726,1400000US25025010103,25025010103,MA,Suffolk County
"HARVARD PILGRIM HEALTH CARE, INC.",42.316808,-71.234595,1400000US25021404100,25021404100,MA,Norfolk County
LSU PENNINGTON BIOMEDICAL RESEARCH CTR,30.403353,-91.122687,1400000US22033002602,22033002602,LA,East Baton Rouge Parish
JACKSON LABORATORY,44.365361,-68.196303,1400000US23009965900,23009965900,ME,Hancock County
"COLLAGEN MEDICAL, LLC",42.392805,-71.168546,1400000US25017357200,25017357200,MA,Middlesex County
CURER INC,42.362714,-71.101373,1400000US25017353101,25017353101,MA,Middlesex County
UNIVERSITY OF MASSACHUSETTS BOSTON,42.313703,-71.062976,1400000US25025091200,25025091200,MA,Suffolk County
"ADA FORSYTH INSTITUTE, INC.",42.363539,-71.078724,1400000US25017352300,25017352300,MA,Middlesex County
"VIVLI, INC.",42.373836,-71.122605,1400000US25017354100,25017354100,MA,Middlesex County
TUFTS UNIVERSITY MEDFORD,42.40117,-71.125362,1400000US25017350500,25017350500,MA,Middlesex County
LSU HEALTH SCIENCES CENTER,29.957378,-90.082793,1400000US22071006000,22071006000,LA,Orleans Parish
NORTHEASTERN UNIVERSITY,42.340048,-71.088892,1400000US25025010405,25025010405,MA,Suffolk County
DANA-FARBER CANCER INST,42.337593,-71.108279,1400000US25025081001,25025081001,MA,Suffolk County
JOSLIN DIABETES CENTER,42.338497,-71.108264,1400000US25025081001,25025081001,MA,Suffolk County
"BROAD INSTITUTE, INC.",42.363082,-71.087893,1400000US25017353102,25017353102,MA,Middlesex County
UNIVERSITY OF LOUISIANA AT LAFAYETTE,30.217186,-92.019036,1400000US22055002200,22055002200,LA,Lafayette Parish
LOUISIANA STATE UNIV A&M COL BATON ROUGE,30.408018,-91.188669,1400000US22033002801,22033002801,LA,East Baton Rouge Parish
"EIP PHARMA, INC.",42.375744,-71.135696,1400000US25017354200,25017354200,MA,Middlesex County
TUFTS MEDICAL CENTER,42.349512,-71.063308,1400000US25025070202,25025070202,MA,Suffolk County
LOUISIANA STATE UNIV HSC SHREVEPORT,32.481648,-93.760821,1400000US22017021700,22017021700,LA,Caddo Parish
XAVIER UNIVERSITY OF LOUISIANA,29.964291,-90.107468,1400000US22071007000,22071007000,LA,Orleans Parish
"ASELL, LLC",39.437606,-76.777191,1400000US24005404202,24005404202,MD,Baltimore County
"NEURONASCENT, INC.",39.210605,-76.93529,1400000US24027605505,24027605505,MD,Howard County
IBIS REPRODUCTIVE HEALTH,42.372813,-71.119098,1400000US25017353700,25017353700,MA,Middlesex County
"FRIENDS RESEARCH INSTITUTE, INC.",39.303676,-76.619888,1400000US24510110200,24510110200,MD,Baltimore city
BRANDEIS UNIVERSITY,42.366381,-71.254515,1400000US25017368400,25017368400,MA,Middlesex County
"EVON MEDICS, LLC",39.17807,-76.783404,1400000US24027601203,24027601203,MD,Howard County
MARINE BIOLOGICAL LABORATORY,41.526561,-70.667528,1400000US25001014900,25001014900,MA,Barnstable County
AMERICAN ASSN ON HEALTH AND DISABILITY,39.085214,-77.153138,1400000US24031700901,24031700901,MD,Montgomery County
"APERTURE BIO, INC.",42.36383,-71.125029,1400000US25025000806,25025000806,MA,Suffolk County
MOUNT DESERT ISLAND BIOLOGICAL LAB,44.430664,-68.28841,1400000US23009965900,23009965900,ME,Hancock County
MCLEAN HOSPITAL,42.393619,-71.191142,1400000US25017357700,25017357700,MA,Middlesex County
HUGO W. MOSER RES INST KENNEDY KRIEGER,39.298699,-76.593679,1400000US24510070400,24510070400,MD,Baltimore city
"ENCLEAR THERAPIES, INC.",42.361948,-71.094917,1400000US25017353101,25017353101,MA,Middlesex County
MAINEHEALTH,43.653164,-70.275471,1400000US23005001300,23005001300,ME,Cumberland County
WORCESTER POLYTECHNIC INSTITUTE,42.274036,-71.806691,1400000US25027731602,25027731602,MA,Worcester County
"CORAM TECHNOLOGIES, INC.",39.377385,-76.711845,1400000US24005403500,24005403500,MD,Baltimore County
TELE-STETHOSCOPE INC.,38.26278,-85.66098,1400000US21111009800,21111009800,KY,Jefferson County
HENRY M. JACKSON FDN FOR THE ADV MIL/MED,39.030151,-77.137205,1400000US24031701205,24031701205,MD,Montgomery County
BOSTON MEDICAL CENTER,42.336854,-71.070881,1400000US25025071101,25025071101,MA,Suffolk County
"RISE THERAPEUTICS, LLC",39.104236,-77.192524,1400000US24031700838,24031700838,MD,Montgomery County
FEDERATION OF AMER SOC FOR EXPER BIOLOGY,39.013531,-77.101138,1400000US24031704404,24031704404,MD,Montgomery County
INTERNATIONAL SOCIETY/ EXPOSURE ANALYSIS,38.968097,-77.396608,1400000US51059480901,51059480901,VA,Fairfax County
"LIEBER INSTITUTE, INC.",39.300108,-76.590584,1400000US24510070400,24510070400,MD,Baltimore city
"VAXESS TECHNOLOGIES, INC.",42.361939,-71.094916,1400000US25017353101,25017353101,MA,Middlesex County
UNIVERSITY OF MAINE ORONO,44.901113,-68.672733,1400000US23019006300,23019006300,ME,Penobscot County
"MCM6 THERAPEUTICS, INC.",42.443676,-71.189248,1400000US25017358500,25017358500,MA,Middlesex County
NEW ENGLAND COLLEGE OF OPTOMETRY,42.35188,-71.086845,1400000US25025010802,25025010802,MA,Suffolk County
MEDSTAR HEALTH RESEARCH INSTITUTE,38.968689,-76.95384,1400000US24033805908,24033805908,MD,Prince George's County
UNIVERSITY OF MARYLAND BALTIMORE COUNTY,39.252457,-76.71121,1400000US24005492500,24005492500,MD,Baltimore County
"MARYLAND TREATMENT CENTERS, INC.",39.282854,-76.679172,1400000US24510200800,24510200800,MD,Baltimore city
MGH INSTITUTE OF HEALTH PROFESSIONS,42.374956,-71.05421,1400000US25025040801,25025040801,MA,Suffolk County
WESTERN KENTUCKY UNIVERSITY,36.986798,-86.455375,1400000US21227010400,21227010400,KY,Warren County
"BOSTON VA RESEARCH INSTITUTE, INC.",42.32725,-71.11062,1400000US25025120700,25025120700,MA,Suffolk County
SMITH COLLEGE,42.319077,-72.644431,1400000US25015822000,25015822000,MA,Hampshire County
"DIGITAL SCIENCE AND RESEARCH SOLUTIONS, INC.",42.365464,-71.103485,1400000US25017353000,25017353000,MA,Middlesex County
PEDIAMETRIX INC.,39.087677,-77.238503,1400000US24031700606,24031700606,MD,Montgomery County
UNIVERSITY OF NEW ENGLAND,43.458691,-70.388902,1400000US23031025400,23031025400,ME,York County
KYTOPEN CORP,42.365641,-71.077303,1400000US25017352102,25017352102,MA,Middlesex County
AMERICAN GASTROENTEROLOGICAL ASSN/INST,38.989333,-77.099203,1400000US24031704806,24031704806,MD,Montgomery County
MOUNT ST. MARY'S UNIVERSITY,39.684292,-77.348734,1400000US24021766800,24021766800,MD,Frederick County
"HELIXBIND, INC.",42.318978,-71.584099,1400000US25017321400,25017321400,MA,Middlesex County
BRAIN THRIVE TECHNOLOGY LLC,42.432567,-71.078428,1400000US25017341101,25017341101,MA,Middlesex County
"INFLAMED, INC.",38.310857,-85.550024,1400000US21111010320,21111010320,KY,Jefferson County
UNIVERSITY OF MASSACHUSETTS LOWELL,42.649298,-71.315847,1400000US25017388300,25017388300,MA,Middlesex County
"ALDATU BIOSCIENCES, INC.",42.361939,-71.094916,1400000US25017353101,25017353101,MA,Middlesex County
FLOWPOINT MEDICAL INC,38.867178,-94.716466,1400000US20091053423,20091053423,KS,Johnson County
"DRUG DELIVERY COMPANY, LLC, THE",38.355713,-75.537711,1400000US24045010606,24045010606,MD,Wicomico County
"PRAPELA, INC.",42.47381,-71.365088,1400000US25017361300,25017361300,MA,Middlesex County
"ACOUSTICABIO, INC.",42.366036,-71.103492,1400000US25017353000,25017353000,MA,Middlesex County
"ASSAYQUANT TECHNOLOGIES, INC.",42.318086,-71.587679,1400000US25017321400,25017321400,MA,Middlesex County
"AQUINNAH PHARMACEUTICALS, INC.",42.312024,-71.19838,1400000US25017374000,25017374000,MA,Middlesex County
SPOTTED TECH LLC,29.921219,-90.126764,1400000US22071011500,22071011500,LA,Orleans Parish
MIXEDLCMEDIA LLC,42.355496,-71.226326,1400000US25017374600,25017374600,MA,Middlesex County
XGENOMES CORP.,42.364271,-71.101494,1400000US25017353101,25017353101,MA,Middlesex County
"SCANOGEN, INC.",39.322057,-76.628802,1400000US24510130600,24510130600,MD,Baltimore city
"MIRECULE, INC.",39.08258,-77.145017,1400000US24031700901,24031700901,MD,Montgomery County
"NEW HEALTH SCIENCES, INC.",39.027705,-77.140382,1400000US24031701205,24031701205,MD,Montgomery County
"SEE YOURSELF HEALTH, LLC",42.547751,-70.873145,1400000US25009217500,25009217500,MA,Essex County
"ACPHARIS, INC.",42.210813,-71.465927,1400000US25017387202,25017387202,MA,Middlesex County
"DIMAGI, INC.",42.365034,-71.102781,1400000US25017353000,25017353000,MA,Middlesex County
"QUANTUM SIMULATION TECHNOLOGIES, INC.",42.365464,-71.103485,1400000US25017353000,25017353000,MA,Middlesex County
"DYNOCARDIA, INC.",42.647505,-71.336201,1400000US25017310602,25017310602,MA,Middlesex County
"SANAHEAL, INC.",42.350857,-71.086871,1400000US25025010802,25025010802,MA,Suffolk County
"WILD DOG PHYSICS, LLC",37.903927,-84.611176,1400000US21113060600,21113060600,KY,Jessamine County
VOX BIOMEDICAL LLC,42.347037,-71.243979,1400000US25017374700,25017374700,MA,Middlesex County
"SOTERYA, INC.",42.366122,-71.093219,1400000US25017352400,25017352400,MA,Middlesex County
"PENDAR TECHNOLOGIES, LLC",42.391892,-71.153279,1400000US25017354601,25017354601,MA,Middlesex County
CODOMAX INC.,29.781585,-82.47305,1400000US12001001817,12001001817,FL,Alachua County
NIRRIN TECHNOLOGIES INC,42.527999,-71.261808,1400000US25017316300,25017316300,MA,Middlesex County
"ACCELERATED MUSCLE BIOTECHNOLOGIES CONSULTANTS, L.L.C.",42.286757,-71.027433,1400000US25021417501,25021417501,MA,Norfolk County
"ORTHOLEVO, INC.",42.445408,-71.230798,1400000US25017358400,25017358400,MA,Middlesex County
EYENEXO LLC,42.361507,-71.113311,1400000US25017359400,25017359400,MA,Middlesex County
RALPHVR INC.,38.002273,-84.501164,1400000US21067002400,21067002400,KY,Fayette County
"BRIXTON BIOSCIENCES, INC.",42.373308,-71.122479,1400000US25017354100,25017354100,MA,Middlesex County
"CREOSALUS, INC.",38.249052,-85.732583,1400000US21111005902,21111005902,KY,Jefferson County
"MECHANOBIOLOGIX, LLC",42.318845,-71.222085,1400000US25017374200,25017374200,MA,Middlesex County
"VENOVA TECHNOLOGIES, INC.",42.329547,-71.101515,1400000US25025081001,25025081001,MA,Suffolk County
LINSHOM MEDICAL INC,39.292396,-76.881698,1400000US24027602201,24027602201,MD,Howard County
"SHERLOCK BIOSCIENCES, INC.",42.362416,-71.163488,1400000US25017370302,25017370302,MA,Middlesex County
"NECTAGEN, INC.",39.057821,-94.608686,1400000US20209045200,20209045200,KS,Wyandotte County
INSIGHTFIL,42.344207,-71.032891,1400000US25025981202,25025981202,MA,Suffolk County
"CX THERAPEUTICS, INC",42.458144,-71.201205,1400000US25017358500,25017358500,MA,Middlesex County
LATDE DIAGNOSTICS CORP.,42.330029,-72.62843,1400000US25015821904,25015821904,MA,Hampshire County
"MIRA MEDICAL, LLC",39.044208,-77.174583,1400000US24031701206,24031701206,MD,Montgomery County
SONOVAL LLC,39.089202,-77.276678,1400000US24031700604,24031700604,MD,Montgomery County
NEURODEX INC,42.420728,-71.158189,1400000US25017356400,25017356400,MA,Middlesex County
"TRANSCODE THERAPEUTICS, INC.",42.271328,-71.069434,1400000US25025100900,25025100900,MA,Suffolk County
SYNTIS BIO INC,42.273897,-71.066561,1400000US25025100800,25025100800,MA,Suffolk County
"NOSTOPHARMA, LLC",39.043695,-77.154576,1400000US24031701206,24031701206,MD,Montgomery County
MYOFINITY BIOSCIENCES INC,42.354445,-76.82587,1400000US36097950500,36097950500,NY,Schuyler County
LASER BIOANALYTICS LLC,30.360316,-91.139771,1400000US22033004030,22033004030,LA,East Baton Rouge Parish
DNA MEDICINE INSTITUTE,42.366297,-71.104713,1400000US25017353000,25017353000,MA,Middlesex County
"RESONANCE RESEARCH, INC.",42.534578,-71.230903,1400000US25017316201,25017316201,MA,Middlesex County
NATIONAL BUREAU OF ECONOMIC RESEARCH,42.369899,-71.113046,1400000US25017353900,25017353900,MA,Middlesex County
"USWM, LLC",38.31211,-85.58453,1400000US21111010318,21111010318,KY,Jefferson County
"PERCEPTIVE TECHNOLOGIES, INC.",42.347177,-71.082511,1400000US25025010600,25025010600,MA,Suffolk County
"IMMUNOBLUE, LLC",39.022003,-77.15109,1400000US24031706012,24031706012,MD,Montgomery County
BABSON COLLEGE,42.299016,-71.262331,1400000US25021404202,25021404202,MA,Norfolk County
MORGAN STATE UNIVERSITY,39.345399,-76.581107,1400000US24510270902,24510270902,MD,Baltimore city
INTERNATIONAL SOCIETY OF VACCINES,42.276781,-71.765481,1400000US25027732002,25027732002,MA,Worcester County
AMERICAN UROLOGICAL ASSOCIATION,39.209116,-76.674105,1400000US24003751200,24003751200,MD,Anne Arundel County
SOCIETY FOR DEVELOPMENTAL BIOLOGY,39.013531,-77.101138,1400000US24031704404,24031704404,MD,Montgomery County
"HIGHLAND INSTRUMENTS, INC.",42.119715,-71.163119,1400000US25021414200,25021414200,MA,Norfolk County
CAMBRIDGE HEALTH ALLIANCE,42.374417,-71.104436,1400000US25017352900,25017352900,MA,Middlesex County
"CHARLES RIVER ANALYTICS, INC.",42.37538,-71.145598,1400000US25017354200,25017354200,MA,Middlesex County
"LEAFLABS, LLC",42.371114,-71.097086,1400000US25017352800,25017352800,MA,Middlesex County
"REFINED IMAGING, LLC",30.340937,-91.035947,1400000US22033004027,22033004027,LA,East Baton Rouge Parish
JUDGE BAKER CHILDREN'S CENTER,42.330928,-71.109909,1400000US25025081102,25025081102,MA,Suffolk County
NOTRE DAME OF MARYLAND UNIVERSITY,39.351329,-76.620005,1400000US24510271101,24510271101,MD,Baltimore city
UNIVERSITY OF MASSACHUSETTS DARTMOUTH,41.634413,-71.005008,1400000US25005985500,25005985500,MA,Bristol County
"THYMMUNE THERAPEUTICS, INC",42.361948,-71.094917,1400000US25017353101,25017353101,MA,Middlesex County
"FZATA, INC.",39.234798,-76.714192,1400000US24005430600,24005430600,MD,Baltimore County
"MASSACHUSETTS NEURO TECHNOLOGY, INC.",42.387507,-71.302857,1400000US25017367100,25017367100,MA,Middlesex County
"SANARIA, INC.",39.095847,-77.197245,1400000US24031700838,24031700838,MD,Montgomery County
"BIOSENSICS, LLC",42.35982,-71.114115,1400000US25017359400,25017359400,MA,Middlesex County
"BIOPTICSTECHNOLOGY, LLC",38.019127,-84.571158,1400000US21067004208,21067004208,KY,Fayette County
"NAPROGENIX, INC",38.038753,-84.508993,1400000US21067000900,21067000900,KY,Fayette County
"IMMUNOCHEM THERAPEUTICS, LLC",42.344705,-71.23921,1400000US25017374500,25017374500,MA,Middlesex County
UNIVERSITY OF MARYLAND EASTERN SHORE,38.19024,-75.6948,1400000US24039930102,24039930102,MD,Somerset County
UNIVERSITY OF PIKEVILLE,37.478498,-82.521477,1400000US21195930302,21195930302,KY,Pike County
WICHITA STATE UNIVERSITY,37.716288,-97.296817,1400000US20173000900,20173000900,KS,Sedgwick County
"REVBIO, INC.",42.344244,-71.030057,1400000US25025981202,25025981202,MA,Suffolk County
"CREATIVE BIO-PEPTIDES, INC.",39.048296,-77.214407,1400000US24031706007,24031706007,MD,Montgomery County
"RADIATION DETECTION TECHNOLOGIES, INC.",39.197419,-96.59728,1400000US20161001101,20161001101,KS,Riley County
"PREVEP, INC.",39.023806,-77.133642,1400000US24031701205,24031701205,MD,Montgomery County
SOCIETY FOR THE STUDY OF REPRODUCTION,43.066956,-89.413878,1400000US55025001200,55025001200,WI,Dane County
NOVUS VISION LLC,39.300706,-76.591623,1400000US24510070400,24510070400,MD,Baltimore city
"BIOLOGICAL MIMETICS, INC.",39.457606,-77.408243,1400000US24021750701,24021750701,MD,Frederick County
"LAGRANGE SCIENTIFIC, LLC",38.307439,-85.475186,1400000US21185030501,21185030501,KY,Oldham County
"VERACHEM, LLC",39.177361,-77.266395,1400000US24031700818,24031700818,MD,Montgomery County
"VECTECH, LLC",39.300706,-76.591623,1400000US24510070400,24510070400,MD,Baltimore city
"DIOPTER TECHNOLOGIES, INC.",42.404989,-71.124542,1400000US25017350600,25017350600,MA,Middlesex County
"VINCERE BIOSCIENCES, INC.",42.366283,-71.103351,1400000US25017353000,25017353000,MA,Middlesex County
"LIBERATING TECHNOLOGIES, INC.",42.164776,-71.468831,1400000US25017387100,25017387100,MA,Middlesex County
QUIVER BIOSCIENCE INC.,42.358351,-71.105102,1400000US25017353200,25017353200,MA,Middlesex County
"FLUIDITY SOFTWARE, INC.",42.392397,-71.112588,1400000US25017351002,25017351002,MA,Middlesex County
"LUCIOLE PHARMACEUTICALS, INC.",42.308665,-71.382118,1400000US25017382500,25017382500,MA,Middlesex County
"THINK THERAPEUTICS, INC.",42.343106,-71.185375,1400000US25017373500,25017373500,MA,Middlesex County
"FRAMESHIFT LABS, INC.",40.773622,-111.867751,1400000US49035101200,49035101200,UT,Salt Lake County
"CARTESIAN THERAPEUTICS, INC.",39.004089,-77.027538,1400000US24031702900,24031702900,MD,Montgomery County
"RADIATION MONITORING DEVICES, INC.",42.360848,-71.184364,1400000US25017370403,25017370403,MA,Middlesex County
ONCOSTING LLC,39.291111,-76.587039,1400000US24510010500,24510010500,MD,Baltimore city
"THERMEDICAL, INC.",42.385612,-71.264855,1400000US25017368200,25017368200,MA,Middlesex County
AMERICAN PHYSICIANS SCIENTISTS ASSN,42.593483,-71.351055,1400000US25017317101,25017317101,MA,Middlesex County
"HEALTH RESOURCES IN ACTION, INC.",42.347281,-71.070818,1400000US25025070301,25025070301,MA,Suffolk County
BATES COLLEGE,44.107348,-70.20521,1400000US23001020301,23001020301,ME,Androscoggin County
"KEPHERA DIAGNOSTICS, LLC",42.303155,-71.314389,1400000US25021404302,25021404302,MA,Norfolk County
"MELLICELL, INC.",42.362794,-71.186781,1400000US25017370403,25017370403,MA,Middlesex County
"BESSOR PHARMA, LLC",42.325813,-71.453505,1400000US25017383902,25017383902,MA,Middlesex County
"CAPSULOMICS, LLC",39.241421,-76.703062,1400000US24005430700,24005430700,MD,Baltimore County
"JUXTOPIA, LLC",39.327245,-76.600268,1400000US24510090500,24510090500,MD,Baltimore city
"EMOCHA MOBILE HEALTH, INC.",39.455707,-76.740944,1400000US24005404900,24005404900,MD,Baltimore County
"GENERAL BIOPHYSICS, LLC",42.325785,-71.377878,1400000US25017366100,25017366100,MA,Middlesex County
"FRANCISCAN HOSPITAL FOR CHILDREN, INC.",42.349694,-71.143484,1400000US25025000604,25025000604,MA,Suffolk County
"MAKSCIENTIFIC, LLC",42.372259,-71.173771,1400000US25017370201,25017370201,MA,Middlesex County
COALESENZ INC.,42.386582,-71.140025,1400000US25017354602,25017354602,MA,Middlesex County
"LEVISONICS, INC.",29.925974,-90.12223,1400000US22071011500,22071011500,LA,Orleans Parish
"W-Z BIOTECH, LLC",38.021247,-84.565936,1400000US21067004208,21067004208,KY,Fayette County
"VELUM, INC.",42.385655,-71.128222,1400000US25017354500,25017354500,MA,Middlesex County
"BIOMEMBRETICS, INC.",42.174716,-70.761575,1400000US25023505201,25023505201,MA,Plymouth County
"B A MAZE, INC.",42.351428,-83.4681,1400000US26163563300,26163563300,MI,Wayne County
"AXONIS THERAPEUTICS, INC.",37.95078,-122.110099,1400000US06013347000,06013347000,CA,Contra Costa County
"SONAVEX, INC.",39.322057,-76.628802,1400000US24510130600,24510130600,MD,Baltimore city
"VIVONICS, INC.",42.418088,-71.396224,1400000US25017365100,25017365100,MA,Middlesex County
"PEARL BIO, INC.",42.364534,-71.081074,1400000US25017352300,25017352300,MA,Middlesex County
FENWAY COMMUNITY HEALTH CENTER,42.34412,-71.098412,1400000US25025010205,25025010205,MA,Suffolk County
"RADIOPHARMACEUTICAL IMAGING AND DOSIMETRY, LLC",39.287899,-76.591392,1400000US24510020200,24510020200,MD,Baltimore city
CHESAPEAKE GENOMIC SYSTEMS LLC,39.234798,-76.714192,1400000US24005430600,24005430600,MD,Baltimore County
ADEPTRIX CORPORATION,42.30806,-71.060157,1400000US25025091600,25025091600,MA,Suffolk County
"MYOLEX, INC.",26.056859,-80.25079,1400000US12011070602,12011070602,FL,Broward County
CANTATA BIO LLC,42.368623,-71.075301,1400000US25017352102,25017352102,MA,Middlesex County
"PERICOR, LLC",38.956609,-77.117125,1400000US24031705702,24031705702,MD,Montgomery County
"PHYSICAL SCIENCES, INC",42.693308,-71.202918,1400000US25009254402,25009254402,MA,Essex County
APHIOS CORPORATION,42.510814,-71.147671,1400000US25017333601,25017333601,MA,Middlesex County
"TIBA BIOTECH, LLC",42.36273,-71.084014,1400000US25017352300,25017352300,MA,Middlesex County
LASE INNOVATION INC.,42.364534,-71.081074,1400000US25017352300,25017352300,MA,Middlesex County
"PGXL TECHNOLOGIES, LLC",38.253423,-85.750144,1400000US21111004900,21111004900,KY,Jefferson County
"REZIGENE, LLC",39.300706,-76.591623,1400000US24510070400,24510070400,MD,Baltimore city
"WEINBERG MEDICAL PHYSICS, LLC",38.995035,-77.115288,1400000US24031704600,24031704600,MD,Montgomery County
BIODEVEK INC,42.361948,-71.094917,1400000US25017353101,25017353101,MA,Middlesex County
AYANA BIO LLC,42.344274,-71.028024,1400000US25025981202,25025981202,MA,Suffolk County
"BUMPTUP LABS, INC.",36.965984,-86.454778,1400000US21227010900,21227010900,KY,Warren County
TIGATX INC,42.350054,-71.165368,1400000US25025000302,25025000302,MA,Suffolk County
"GEL4MED, INC.",42.36051,-71.14475,1400000US25025000102,25025000102,MA,Suffolk County
"3P BIOTECHNOLOGIES, INC.",38.372366,-85.563426,1400000US21185030701,21185030701,KY,Oldham County
"LASARRUS CLINIC AND RESEARCH CENTER, INC.",39.329792,-76.385327,1400000US24005451803,24005451803,MD,Baltimore County
"REMBAC ENVIRONMENTAL, LLC",39.285729,-76.794122,1400000US24027602900,24027602900,MD,Howard County
IONIC PHARMACEUTICALS,42.333538,-71.134082,1400000US25021400600,25021400600,MA,Norfolk County
JAVELIN BIOTECH,42.367991,-71.084282,1400000US25017352300,25017352300,MA,Middlesex County
"UP THERAPEUTICS, INC.",39.186076,-76.788341,1400000US24027601107,24027601107,MD,Howard County
"GLYCOMANTRA, INC.",38.931488,-77.553769,1400000US51107611809,51107611809,VA,Loudoun County
IMPLENOMICS LLCS,42.482663,-70.885294,1400000US25009203100,25009203100,MA,Essex County
ARIETIS,42.335996,-71.069488,1400000US25025071101,25025071101,MA,Suffolk County
"SAGE SCIENCE, INC.",42.56646,-70.85328,1400000US25009217601,25009217601,MA,Essex County
"AUTOIVF, INC.",42.432795,-71.429542,1400000US25017365100,25017365100,MA,Middlesex County
"ASYMMETREX, LLC",42.32095,-71.10797,1400000US25025120600,25025120600,MA,Suffolk County
"CONTINUUM EDUCATIONAL TECHNOLOGIES, PBC",38.948437,-95.267014,1400000US20045000400,20045000400,KS,Douglas County
"AGENEBIO, INC.",39.327245,-76.600268,1400000US24510090500,24510090500,MD,Baltimore city
"CELLFORMA, INC",42.33497,-71.10156,1400000US25025080900,25025080900,MA,Suffolk County
"MICROBIOTIX, INC",42.279176,-71.766517,1400000US25027732002,25027732002,MA,Worcester County
"REVIDIA THERAPEUTICS, INC",44.430499,-68.288216,1400000US23009965900,23009965900,ME,Hancock County
"CLEAR SCIENTIFIC, LLC",42.390526,-71.153154,1400000US25017354601,25017354601,MA,Middlesex County
"BOSTON IMMUNE TECHNOLOGIES AND THERAPEUTICS, INC.",42.45137,-71.130228,1400000US25017338500,25017338500,MA,Middlesex County
"LEUKO LABS, INC.",42.368866,-71.097163,1400000US25017352500,25017352500,MA,Middlesex County
"PRIVO TECHNOLOGIES, LLC",42.368029,-71.091377,1400000US25017352600,25017352600,MA,Middlesex County
"COG ANALYTICS, LLC",39.013075,-77.210622,1400000US24031706009,24031706009,MD,Montgomery County
BLOOMER HEALTH TECH INC,42.373033,-71.111536,1400000US25017353800,25017353800,MA,Middlesex County
"INSTITUTE FOR FUTURE INTELLIGENCE, INC.",42.269437,-71.351998,1400000US25017382400,25017382400,MA,Middlesex County
"HENLEY ION, LLC",29.92322,-90.087966,1400000US22071009600,22071009600,LA,Orleans Parish
"UNITED STATES ASSOCIATION FOR THE STUDY OF PAIN, INC.",38.992508,-76.509675,1400000US24003702703,24003702703,MD,Anne Arundel County
SOCIETY FOR MUSCLE BIOLOGY,39.013984,-77.100238,1400000US24031704404,24031704404,MD,Montgomery County
"TISSUEVISION, INC.",42.369019,-71.109926,1400000US25017353800,25017353800,MA,Middlesex County
AMERICAN SOCIETY/INVESTIGATIVE PATHOLOGY,39.013531,-77.101138,1400000US24031704404,24031704404,MD,Montgomery County
WELLESLEY COLLEGE,42.290892,-71.306779,1400000US25021404400,25021404400,MA,Norfolk County
"AKONNI BIOSYSTEMS, INC.",39.41217,-77.402921,1400000US24021772200,24021772200,MD,Frederick County
"OBATALA SCIENCES, INC.",29.957461,-90.074888,1400000US22071013400,22071013400,LA,Orleans Parish
AMERICAN SOCIETY FOR BIOCHEMIS/ MOL BIOL,39.040924,-77.110547,1400000US24031701222,24031701222,MD,Montgomery County
HOPEFUL AGING LLC,42.456219,-71.164481,1400000US25017338400,25017338400,MA,Middlesex County
"EMITECH, INC.",41.724153,-71.138974,1400000US25005642200,25005642200,MA,Bristol County
"AAVOGEN, INC.",39.075493,-77.210627,1400000US24031701220,24031701220,MD,Montgomery County
REVEAL PHARMA,42.384566,-71.117011,1400000US25017353600,25017353600,MA,Middlesex County
NATIONAL PARTNERSHIP/ENVIRONMNTL/TECH/ED,43.622531,-70.301893,1400000US23005003300,23005003300,ME,Cumberland County
"EXQOR TECHNOLOGIES, INC.",42.363633,-71.064782,1400000US25025020305,25025020305,MA,Suffolk County
CENTER FOR CONSTRUCTION RES AND TRAINING,38.994193,-77.027202,1400000US24031702501,24031702501,MD,Montgomery County
"MESO SCALE DIAGNOSTICS, LLC",39.094876,-77.178718,1400000US24031701007,24031701007,MD,Montgomery County
NELSON SCIENTIFIC LABS LLC,39.030346,-77.165789,1400000US24031706010,24031706010,MD,Montgomery County
TOWSON UNIVERSITY,39.392973,-76.60458,1400000US24005490605,24005490605,MD,Baltimore County
"INFINITE BIOMEDICAL TECHNOLOGIES, LLC",39.327245,-76.600268,1400000US24510090500,24510090500,MD,Baltimore city
"PRIMETIME LIFE SCIENCES, LLC",39.137343,-77.282058,1400000US24031700613,24031700613,MD,Montgomery County
PIONEER NEUROTECH INC.,42.410506,-71.428976,1400000US25017365100,25017365100,MA,Middlesex County
"BEHAVR, LLC",37.730801,-85.877006,1400000US21093001200,21093001200,KY,Hardin County
"IT BIO, LLC",0,0,,,,
AMERICAN SOCIETY FOR CELL BIOLOGY,38.991482,-77.097135,1400000US24031704806,24031704806,MD,Montgomery County
"NOVOBIOTIC PHARMACEUTICALS, LLC",42.392772,-71.153207,1400000US25017354601,25017354601,MA,Middlesex County
UNIVERSITY OF LOUISIANA AT MONROE,32.528308,-92.075574,1400000US22073000402,22073000402,LA,Ouachita Parish
SOUTHERN UNIV A&M COL BATON ROUGE,30.52013,-91.190048,1400000US22033003000,22033003000,LA,East Baton Rouge Parish
MOUNT HOLYOKE COLLEGE,42.257069,-72.573991,1400000US25015821200,25015821200,MA,Hampshire County
COLLEGE OF THE HOLY CROSS,42.239148,-71.805199,1400000US25027732902,25027732902,MA,Worcester County
NORTHERN KENTUCKY UNIVERSITY,39.032312,-84.463361,1400000US21037053302,21037053302,KY,Campbell County
NATIONAL MEDICAL ASSOCIATION,38.994873,-77.030247,1400000US24031702503,24031702503,MD,Montgomery County
EXBAQ LLC,38.970546,-77.118698,1400000US24031705701,24031705701,MD,Montgomery County
SILENT SPRING INSTITUTE,42.354863,-71.200043,1400000US25017373200,25017373200,MA,Middlesex County
"LIFECANVAS TECHNOLOGIES, INC.",42.373494,-71.093704,1400000US25017352700,25017352700,MA,Middlesex County
"ALZHEON, INC.",42.315117,-71.43412,1400000US25017383903,25017383903,MA,Middlesex County
"DYNAMICARE HEALTH, INC.",42.336239,-71.201103,1400000US25017373700,25017373700,MA,Middlesex County
"SIGNAL SOLUTIONS, LLC",38.028903,-84.52482,1400000US21067002500,21067002500,KY,Fayette County
"BARRETT TECHNOLOGY, LLC",42.362648,-71.201193,1400000US25017373200,25017373200,MA,Middlesex County
FORT HAYS STATE UNIVERSITY,38.87199,-99.339835,1400000US20051072902,20051072902,KS,Ellis County
"CONTINUEYOU, LLC",44.047842,-69.541333,1400000US23015975400,23015975400,ME,Lincoln County
"DEEP SOUTH CENTER FOR ENVIRONMENTAL JUSTICE, INC.",30.03029,-89.998019,1400000US22071001743,22071001743,LA,Orleans Parish
"MOTHER'S MILK IS BEST, INC.",40.581074,-105.103125,1400000US08069000503,08069000503,CO,Larimer County
"AMPLO BIOTECHNOLOGY, INC.",39.400848,-76.603913,1400000US24005490703,24005490703,MD,Baltimore County
"CEREVEL THERAPEUTICS, LLC",42.346579,-71.075358,1400000US25025070700,25025070700,MA,Suffolk County
"ROSE LI AND ASSOCIATES, INC.",39.01132,-77.125552,1400000US24031704502,24031704502,MD,Montgomery County
"KALOCYTE, INC.",38.636981,-90.252702,1400000US29510119101,29510119101,MO,St. Louis city
BIOSURFACES,42.259112,-71.456507,1400000US25017385204,25017385204,MA,Middlesex County
"ABVACC, INC.",39.106664,-77.187507,1400000US24031701007,24031701007,MD,Montgomery County
"PHAGEPRO, INC.",42.243427,-71.013376,1400000US25021418102,25021418102,MA,Norfolk County
"ZETEO TECH, INC.",39.242632,-76.81776,1400000US24027602302,24027602302,MD,Howard County
"ALTEC, INC.",42.295798,-71.386188,1400000US25017382602,25017382602,MA,Middlesex County
AMPLIFIDX INC,42.376151,-71.059638,1400000US25025040200,25025040200,MA,Suffolk County
"ANTIDOTE THERAPEUTICS, INC.",38.991013,-77.135065,1400000US24031705901,24031705901,MD,Montgomery County
PROTEAN BIO INC.,42.463997,-71.223929,1400000US25017358700,25017358700,MA,Middlesex County
WALTER REED ARMY INSTITUTE OF RESEARCH,38.998735,-77.036543,1400000US24031702800,24031702800,MD,Montgomery County
"INTRALYTIX, INC.",39.285949,-76.605507,1400000US24510220100,24510220100,MD,Baltimore city
AMERICAN SOCIETY OF ADDICTION MEDICINE,38.963893,-77.091357,1400000US24031705602,24031705602,MD,Montgomery County
BIOMEDICAL ENGINEERING SOCIETY,38.946444,-76.867958,1400000US24033803602,24033803602,MD,Prince George's County
NORTH AMERICAN VASCULAR BIOLOGY ORG,39.159291,-77.287693,1400000US24031700613,24031700613,MD,Montgomery County
PACIFIC INSTITUTE FOR RES AND EVALUATION,39.050676,-76.93727,1400000US24033807410,24033807410,MD,Prince George's County
"ACCELEVIR DIAGNOSTICS, LLC",39.300108,-76.590584,1400000US24510070400,24510070400,MD,Baltimore city
IRIS KINETICS INC,42.34928,-71.10654,1400000US25025010103,25025010103,MA,Suffolk County
"EXTEND BIOSCIENCES, INC.",42.361939,-71.094916,1400000US25017353101,25017353101,MA,Middlesex County
"RITHIM BIOLOGICS, INC.",39.335501,-77.020993,1400000US24027604001,24027604001,MD,Howard County
"NE SCIENTIFIC, LLC",42.527466,-71.207031,1400000US25017332100,25017332100,MA,Middlesex County
ARTIFICIAL AXON LABS INC.,42.639044,-70.966116,1400000US25009214100,25009214100,MA,Essex County
"GLYCOT THERAPEUTICS, LLC",39.262722,-76.855645,1400000US24027602304,24027602304,MD,Howard County
INOVCARES CONNECTED COMPREHENSIVE HEALTHCARE CORPORATION,38.991459,-77.024269,1400000US24031702502,24031702502,MD,Montgomery County
SPIRIT FIT & HEALTH INC,39.026449,-77.069909,1400000US24031704200,24031704200,MD,Montgomery County
"SEETRUE TECHNOLOGY, LLC",39.058016,-77.143814,1400000US24031701001,24031701001,MD,Montgomery County
SENSORIUM THERAPEUTICS INC,42.35748,-71.148113,1400000US25025000102,25025000102,MA,Suffolk County
"VERSATOPE THERAPEUTICS, INC.",42.487242,-71.241952,1400000US25017358700,25017358700,MA,Middlesex County
"DYNAFLOW, INC.",39.136295,-76.802439,1400000US24027606901,24027606901,MD,Howard County
PZA INNOVATION LLC,39.392404,-76.592407,1400000US24005490800,24005490800,MD,Baltimore County
FLEXOMICS LLC,42.339521,-71.067481,1400000US25025071201,25025071201,MA,Suffolk County
"NANOPATHDX, INC.",43.68468,-72.283626,1400000US33009961701,33009961701,NH,Grafton County
SENSIMETRICS CORPORATION,42.427648,-71.07424,1400000US25017341102,25017341102,MA,Middlesex County
EMBIOSYS INC.,40.127105,-83.035399,1400000US39049006391,39049006391,OH,Franklin County
"MEDCHEM PARTNERS, LLC",42.425186,-71.250429,1400000US25017358300,25017358300,MA,Middlesex County
REGENE LLC,42.299591,-72.419986,1400000US25015820207,25015820207,MA,Hampshire County
"UNAR LABS, LLC",44.899619,-68.684058,1400000US23019006200,23019006200,ME,Penobscot County
OUTCOME REFERRALS INC,42.311148,-71.386954,1400000US25017383700,25017383700,MA,Middlesex County
"PROTON BIO, INC.",39.28068,-76.53798,1400000US24510260604,24510260604,MD,Baltimore city
"INSILICA, LLC",38.95088,-77.016937,1400000US11001002202,11001002202,DC,District of Columbia
"FINA BIOSOLUTIONS, LLC",39.08592,-77.174389,1400000US24031701006,24031701006,MD,Montgomery County
"SONOVANCE, INC.",39.341336,-76.631523,1400000US24510271400,24510271400,MD,Baltimore city
HEARING LOSS ASSOCIATION OF AMERICA,38.989333,-77.096432,1400000US24031704806,24031704806,MD,Montgomery County
DILLARD UNIVERSITY,29.996211,-90.065957,1400000US22071003308,22071003308,LA,Orleans Parish
TELOHEALTHDX LLC,39.234175,-77.271169,1400000US24031700316,24031700316,MD,Montgomery County
"NEXTSTEP ROBOTICS, LLC",39.28668,-76.619677,1400000US24510040100,24510040100,MD,Baltimore city
"MEDIGEN, INC.",39.434748,-77.372901,1400000US24021751701,24021751701,MD,Frederick County
"SIMMERSION, LLC.",39.183242,-76.850888,1400000US24027606701,24027606701,MD,Howard County
FRAUNHOFER CENTER /MANUFACTURING INNOV,42.348346,-71.107029,1400000US25021400100,25021400100,MA,Norfolk County
"XLERATEHEALTH, LLC",38.255088,-85.757142,1400000US21111004900,21111004900,KY,Jefferson County
"LUXMED SYSTEMS, INC.",42.384993,-71.127526,1400000US25017354500,25017354500,MA,Middlesex County
WOODS HOLE OCEANOGRAPHIC INSTITUTION,41.540468,-70.648807,1400000US25001014900,25001014900,MA,Barnstable County
CENTREXION THERAPEUTICS CORPORATION,42.36003,-71.05319,1400000US25025030302,25025030302,MA,Suffolk County
WESTERN NEW ENGLAND UNIVERSITY,42.117233,-72.518666,1400000US25013801601,25013801601,MA,Hampden County
BOWDOIN COLLEGE,43.905571,-69.964566,1400000US23005011206,23005011206,ME,Cumberland County
"EVODENOVO, INC.",42.436247,-71.031985,1400000US25017341903,25017341903,MA,Middlesex County
"APREA THERAPEUTICS, INC.",42.350884,-71.075578,1400000US25025010702,25025010702,MA,Suffolk County
"GINER, INC.",42.358753,-71.243261,1400000US25017374700,25017374700,MA,Middlesex County
"MICRO-LEADS, INC.",42.34928,-71.10654,1400000US25025010103,25025010103,MA,Suffolk County
AMERICAN SPEECH-LANGUAGE-HEARING ASSN,39.101561,-77.183038,1400000US24031701007,24031701007,MD,Montgomery County
LOUISIANA STATE UNIV AGRICULTURAL CENTER,30.408018,-91.188669,1400000US22033002801,22033002801,LA,East Baton Rouge Parish
OASIS PHARMACEUTICALS,42.480223,-71.245041,1400000US25017358700,25017358700,MA,Middlesex County
"EDUCATION DEVELOPMENT CENTER, INC.",42.37078,-71.219549,1400000US25017368800,25017368800,MA,Middlesex County
"FOOD ALLERGY SCIENCE INITIATIVE, INC.",42.3644,-71.087846,1400000US25017352300,25017352300,MA,Middlesex County
"BLUEGRASS ADVANCED MATERIALS, LLC",38.030576,-84.508062,1400000US21067000801,21067000801,KY,Fayette County
"DRINKSAVVY, INC.",42.340888,-71.050742,1400000US25025060601,25025060601,MA,Suffolk County
MERRIMACK COLLEGE,42.67099,-71.123054,1400000US25009253202,25009253202,MA,Essex County
LOUISIANA TECH UNIVERSITY,32.529801,-92.65016,1400000US22061960401,22061960401,LA,Lincoln Parish
"EPIWATCH, INC.",39.300706,-76.591623,1400000US24510070400,24510070400,MD,Baltimore city
"REHABTEK, LLC",42.072288,-87.737793,1400000US17031801000,17031801000,IL,Cook County
WASHINGTON UNIVERSITY,38.664368,-90.323797,1400000US29189215902,29189215902,MO,St. Louis County
UNIVERSITY OF MICHIGAN AT ANN ARBOR,42.275494,-83.743038,1400000US26161980101,26161980101,MI,Washtenaw County
APPLIED UNIVERSAL DYNAMICS CORPORATION,45.075417,-93.644326,1400000US27053027102,27053027102,MN,Hennepin County
HENRY FORD HEALTH + MICHIGAN STATE UNIVERSITY HEALTH SCIENCES,42.653979,-84.492032,1400000US26065005502,26065005502,MI,Ingham County
WAYNE STATE UNIVERSITY,42.357466,-83.065294,1400000US26163520200,26163520200,MI,Wayne County
THE TRUSTEES OF THE STEVENS INSTITUTE OF TECHNOLOGY,40.745541,-74.026053,1400000US34017018701,34017018701,NJ,Hudson County
CREIGHTON UNIVERSITY,41.264296,-95.948089,1400000US31055001600,31055001600,NE,Douglas County
SAINT LOUIS UNIVERSITY,38.633829,-90.213138,1400000US29510127500,29510127500,MO,St. Louis city
RUTGERS BIOMEDICAL AND HEALTH SCIENCES,40.520984,-74.473247,1400000US34023008801,34023008801,NJ,Middlesex County
MAYO CLINIC ROCHESTER,44.02432,-92.46011,1400000US27109000100,27109000100,MN,Olmsted County
MONTANA STATE UNIVERSITY - BOZEMAN,45.661963,-111.059937,1400000US30031001101,30031001101,MT,Gallatin County
VAN ANDEL RESEARCH INSTITUTE,42.969389,-85.666402,1400000US26081002000,26081002000,MI,Kent County
UNIVERSITY OF MINNESOTA,44.975143,-93.227003,1400000US27053104901,27053104901,MN,Hennepin County
UNIVERSITY OF MISSOURI-COLUMBIA,38.948231,-92.327335,1400000US29019000500,29019000500,MO,Boone County
UNIVERSITY OF MISSISSIPPI MED CTR,32.328724,-90.175537,1400000US28049001300,28049001300,MS,Hinds County
UNIVERSITY OF NEBRASKA MEDICAL CENTER,41.265996,-96.010026,1400000US31055006400,31055006400,NE,Douglas County
UNIVERSITY OF NEW MEXICO HEALTH SCIS CTR,35.090968,-106.617544,1400000US35001001800,35001001800,NM,Bernalillo County
AMERICAN INDIAN SCIENCE/ENGNRNG SOCIETY,35.056968,-106.62355,1400000US35001001202,35001001202,NM,Bernalillo County
DARTMOUTH COLLEGE,43.711386,-72.270611,1400000US33009961603,33009961603,NH,Grafton County
"RUTGERS, THE STATE UNIV OF N.J.",40.481906,-74.457066,1400000US34023005601,34023005601,NJ,Middlesex County
"DELTA HEALTH ALLIANCE, INC.",33.40757,-90.911217,1400000US28151001600,28151001600,MS,Washington County
ALBUQUERQUE AREA INDIAN HEALTH BOARD,35.10745,-106.587698,1400000US35001000208,35001000208,NM,Bernalillo County
OPEN AID ALLIANCE,46.874114,-113.992263,1400000US30063000300,30063000300,MT,Missoula County
FACE ADDICTION NOW,42.553717,-82.928158,1400000US26099241600,26099241600,MI,Macomb County
ACCESS HEALTH INC,43.230962,-86.243109,1400000US26121000500,26121000500,MI,Muskegon County
FEONIX - MOBILITY RISING,40.859135,-96.725607,1400000US31109003102,31109003102,NE,Lancaster County
"MY BROTHER'S KEEPER, INC.",32.419743,-90.125726,1400000US28089030105,28089030105,MS,Madison County
MICHIGAN STATE UNIVERSITY,42.653979,-84.492032,1400000US26065005502,26065005502,MI,Ingham County
AXIOFORCE INC,38.650457,-90.499676,1400000US29189215234,29189215234,MO,St. Louis County
NATIVE AMERICAN COMMUNITY CLINIC,44.96208,-93.256178,1400000US27053106000,27053106000,MN,Hennepin County
OAKLAND UNIVERSITY,42.65796,-83.18652,1400000US26125194300,26125194300,MI,Oakland County
UNIVERSITY OF NEBRASKA LINCOLN,40.823017,-96.673442,1400000US31109000800,31109000800,NE,Lancaster County
UNIVERSITY OF NEVADA LAS VEGAS,36.109517,-115.141947,1400000US32003002603,32003002603,NV,Clark County
PRINCETON UNIVERSITY,40.345441,-74.655866,1400000US34021004501,34021004501,NJ,Mercer County
"CHILDREN'S MERCY HOSP (KANSAS CITY, MO)",39.081983,-94.578204,1400000US29095004300,29095004300,MO,Jackson County
UNIVERSITY OF MISSISSIPPI,34.36739,-89.528956,1400000US28071950301,28071950301,MS,Lafayette County
FATHER FLANAGAN'S BOYS' HOME,41.253446,-96.133857,1400000US31055007473,31055007473,NE,Douglas County
"CELDARA MEDICAL, LLC",43.678927,-72.256448,1400000US33009961701,33009961701,NH,Grafton County
MISSISSIPPI STATE UNIVERSITY,33.457993,-88.786062,1400000US28105950401,28105950401,MS,Oktibbeha County
UNIVERSITY OF NEVADA RENO,39.545077,-119.818277,1400000US32031001504,32031001504,NV,Washoe County
UNIVERSITY OF MISSOURI KANSAS CITY,39.034521,-94.575773,1400000US29095007400,29095007400,MO,Jackson County
"TSRL, INC.",42.212362,-83.740383,1400000US26161415600,26161415600,MI,Washtenaw County
"KESSLER FOUNDATION, INC.",40.796906,-74.259164,1400000US34013017400,34013017400,NJ,Essex County
NORTHERN MICHIGAN UNIVERSITY,46.55658,-87.396396,1400000US26103000500,26103000500,MI,Marquette County
ROWAN UNIVERSITY,39.707715,-75.116897,1400000US34015501404,34015501404,NJ,Gloucester County
ROWAN UNIVERSITY SCHOOL/OSTEOPATHIC MED,39.830833,-75.006586,1400000US34007608001,34007608001,NJ,Camden County
SYNCHROHEALTH LLC,43.799373,-72.110022,1400000US33009960900,33009960900,NH,Grafton County
UNIVERSITY OF MONTANA,46.860203,-113.983723,1400000US30063000502,30063000502,MT,Missoula County
NEW MEXICO STATE UNIVERSITY LAS CRUCES,32.279041,-106.755696,1400000US35013001000,35013001000,NM,Do??a Ana County
"VAXNEWMO, LLC",38.646004,-90.254638,1400000US29510119200,29510119200,MO,St. Louis city
UNIVERSITY OF NEW MEXICO,35.090226,-106.625292,1400000US35001004900,35001004900,NM,Bernalillo County
"ARMA BIO, INC.",40.94887,-73.971401,1400000US34003008001,34003008001,NJ,Bergen County
HEALTHPARTNERS INSTITUTE,44.85364,-93.225576,1400000US27053025100,27053025100,MN,Hennepin County
DARTMOUTH-HITCHCOCK CLINIC,43.637006,-72.252383,1400000US33009961802,33009961802,NH,Grafton County
ARBOR RESEARCH COLLABORATIVE FOR  HEALTH,42.281228,-83.745133,1400000US26161400100,26161400100,MI,Washtenaw County
NEW JERSEY INSTITUTE OF TECHNOLOGY,40.742916,-74.176244,1400000US34013001100,34013001100,NJ,Essex County
LOVELACE BIOMEDICAL RESEARCH INSTITUTE,35.055893,-106.579286,1400000US35001000906,35001000906,NM,Bernalillo County
"NAVINETICS NEUROMODULATION, INC.",44.021324,-92.462569,1400000US27109000100,27109000100,MN,Olmsted County
"NANOVALENT PHARMACEUTICALS, INC.",45.670616,-111.065256,1400000US30031001102,30031001102,MT,Gallatin County
INTERVAL THERAPEUTICS LLC,34.372451,-89.577561,1400000US28071950404,28071950404,MS,Lafayette County
HENNEPIN HEALTHCARE RESEARCH INSTITUTE,44.972097,-93.262404,1400000US27053105400,27053105400,MN,Hennepin County
"FIBROPLATE, INC.",36.115435,-115.13508,1400000US32003002501,32003002501,NV,Clark County
"Q2I, LLC",42.764386,-71.993607,1400000US33005970600,33005970600,NH,Cheshire County
CENTRAL MICHIGAN UNIVERSITY,43.601402,-84.787107,1400000US26073940500,26073940500,MI,Isabella County
"UNANDUP, LLC",38.632108,-90.343472,1400000US29189216600,29189216600,MO,St. Louis County
PIROUETTE MEDICAL,43.08551,-70.807807,1400000US33015107400,33015107400,NH,Rockingham County
UNIVERSITY OF NEW HAMPSHIRE,43.1304,-70.9767,1400000US33017080500,33017080500,NH,Strafford County
TURING MEDICAL TECHNOLOGIES INC,38.634946,-90.250347,1400000US29510118600,29510118600,MO,St. Louis city
KEENE STATE COLLEGE,42.927509,-72.277536,1400000US33005971403,33005971403,NH,Cheshire County
UNIVERSITY OF MINNESOTA DULUTH,46.816487,-92.085709,1400000US27137015700,27137015700,MN,St. Louis County
MICHIGAN TECHNOLOGICAL UNIVERSITY,47.116169,-88.53931,1400000US26061000800,26061000800,MI,Houghton County
WESTERN MICHIGAN UNIVERSITY,42.284359,-85.611539,1400000US26077001504,26077001504,MI,Kalamazoo County
UNIVERSITY OF MISSOURI-ST. LOUIS,38.703607,-90.29885,1400000US29189213702,29189213702,MO,St. Louis County
UNIVERSITY OF SOUTHERN MISSISSIPPI,31.33206,-89.329325,1400000US28035000900,28035000900,MS,Forrest County
"ARBOR MEDICAL INNOVATIONS, LLC",42.1946,-83.694796,1400000US26161416200,26161416200,MI,Washtenaw County
VISIONQUEST BIOMEDICAL INC,35.054101,-106.622722,1400000US35001001202,35001001202,NM,Bernalillo County
"GOGYUP, INC.",44.984042,-93.273782,1400000US27053126201,27053126201,MN,Hennepin County
"CEROVATIONS, LLC",44.909968,-93.300656,1400000US27053111300,27053111300,MN,Hennepin County
TOUGALOO COLLEGE,32.400344,-90.162225,1400000US28089030105,28089030105,MS,Madison County
"OBJECTIVE BIOTECHNOLOGY, INC.",44.974119,-93.227014,1400000US27053104901,27053104901,MN,Hennepin County
"MITOVATION, INC.",42.191406,-83.703618,1400000US26161416200,26161416200,MI,Washtenaw County
KORONIS BIOMEDICAL TECHNOLOGIES CORPORAT,45.07934,-93.444845,1400000US27053026712,27053026712,MN,Hennepin County
"AURAGENT BIOSCIENCE, LLC",38.636968,-90.246677,1400000US29510118600,29510118600,MO,St. Louis city
"CHAMPAIGN IMAGING, LLC",45.114922,-93.111687,1400000US27123040706,27123040706,MN,Ramsey County
"NUBORN MEDICAL, INC.",44.950355,-93.095773,1400000US27123034204,27123034204,MN,Ramsey County
ESPERIMAGE LLC,38.623,-90.354563,1400000US29189217400,29189217400,MO,St. Louis County
"INNOVATIVE DESIGN LABS, INC.",44.994431,-93.266463,1400000US27053103000,27053103000,MN,Hennepin County
"NESTED KNOWLEDGE, INC",44.984241,-93.134732,1400000US27123030300,27123030300,MN,Ramsey County
INTEGURX THERAPEUTICS LLC,40.698929,-74.773759,1400000US34019010100,34019010100,NJ,Hunterdon County
NOVAGYN LLC,43.191986,-71.65618,1400000US33013039000,33013039000,NH,Merrimack County
"RECOMBINETICS, INC.",44.955424,-93.152857,1400000US27123033400,27123033400,MN,Ramsey County
"EVOQ THERAPEUTICS, INC.",42.276672,-83.771469,1400000US26161403500,26161403500,MI,Washtenaw County
ADVANCED MEDICAL ELECTRONICS CORPORATION,45.07934,-93.444845,1400000US27053026712,27053026712,MN,Hennepin County
BIOMEDWARE,42.261244,-83.716523,1400000US26161405300,26161405300,MI,Washtenaw County
"ADVANCED TACTILE IMAGING, INC.",40.284741,-74.798076,1400000US34021003707,34021003707,NJ,Mercer County
ENDOLYNX INC,40.736112,-74.029873,1400000US34017019300,34017019300,NJ,Hudson County
"NUCLEUSRX, INC.",40.289311,-74.547074,1400000US34021004406,34021004406,NJ,Mercer County
GENETOBE INC.,42.322324,-83.652076,1400000US26161407000,26161407000,MI,Washtenaw County
ANTIGER THERAPEUTICS INC.,38.642374,-90.349975,1400000US29189216500,29189216500,MO,St. Louis County
"SQUARE2 SYSTEMS, INC.",43.762448,-72.207053,1400000US33009961601,33009961601,NH,Grafton County
"PSYCHOGENICS, INC.",41.080231,-73.844207,1400000US36119011401,36119011401,NY,Westchester County
AQUORA RESEARCH AND CONSULTING LLC,42.757056,-86.185993,1400000US26005030200,26005030200,MI,Allegan County
WESTERN MICHIGAN UNIV SCHOOL OF MEDICINE,42.282491,-85.599157,1400000US26077001504,26077001504,MI,Kalamazoo County
"XANTHOSHEALTH, INC.",44.987394,-93.190667,1400000US27123030100,27123030100,MN,Ramsey County
"DIRECTSEQ BIOSCIENCES, INC.",41.029915,-74.051979,1400000US34003035200,34003035200,NJ,Bergen County
"EDEN MEDICAL, INC.",45.222918,-93.820178,1400000US27171100706,27171100706,MN,Wright County
RUTGERS THE STATE UNIV OF NJ NEWARK,40.740542,-74.172677,1400000US34013022900,34013022900,NJ,Essex County
STOWERS INSTITUTE FOR MEDICAL RESEARCH,39.036373,-94.574445,1400000US29095007400,29095007400,MO,Jackson County
MISSOURI UNIVERSITY OF SCIENCE & TECHNOLOGY,37.953045,-91.7654,1400000US29161890302,29161890302,MO,Phelps County
ZENA THERAPEUTICS INC.,40.354421,-74.615707,1400000US34023008601,34023008601,NJ,Middlesex County
"NEURINSIGHT, LLC",35.13728,-106.656383,1400000US35001003100,35001003100,NM,Bernalillo County
"LABSYS, LLC",42.734624,-84.481133,1400000US26065004100,26065004100,MI,Ingham County
UNIVERSITY OF NEBRASKA OMAHA,41.257804,-96.010358,1400000US31055004700,31055004700,NE,Douglas County
CORIELL INSTITUTE FOR MEDICAL RESEARCH,39.919573,-75.078043,1400000US34007604200,34007604200,NJ,Camden County
MONTANA CONSORTIUM FOR URBAN INDIAN HEALTH,46.588935,-112.038868,1400000US30049000800,30049000800,MT,Lewis and Clark County
MONTCLAIR STATE UNIVERSITY,40.857959,-74.202471,1400000US34013016100,34013016100,NJ,Essex County
SILICON CURES LLC,41.257062,-95.973017,1400000US31055004300,31055004300,NE,Douglas County
UNIVERSITY OF NEBRASKA KEARNEY,40.700572,-99.093975,1400000US31019969600,31019969600,NE,Buffalo County
UNIVERSITY OF MICHIGAN AT DEARBORN,42.3127,-83.227301,1400000US26163579900,26163579900,MI,Wayne County
"SENSEION THERAPEUTICS, INC.",38.648359,-90.322958,1400000US29189216202,29189216202,MO,St. Louis County
"MARPAM PHARMA, LLC",44.952604,-92.973867,1400000US27163070910,27163070910,MN,Washington County
"DISCOVERY COLLECTIVE, INC.",41.280699,-96.141354,1400000US31055007472,31055007472,NE,Douglas County
NATIONAL MARROW DONOR PROGRAM,44.983719,-93.278165,1400000US27053126201,27053126201,MN,Hennepin County
"GRANITE MEDICAL, LLC",43.746734,-72.173688,1400000US33009961601,33009961601,NH,Grafton County
COLLEGE OF NEW JERSEY,40.2219,-74.7336,1400000US34021002200,34021002200,NJ,Mercer County
"MOAI TECHNOLOGIES, LLC",45.019948,-93.464617,1400000US27053026514,27053026514,MN,Hennepin County
"SARYA, LLC",38.678663,-90.421335,1400000US29189215005,29189215005,MO,St. Louis County
ATTMOS INC.,42.227579,-83.776668,1400000US26161415800,26161415800,MI,Washtenaw County
WILLIAM BEAUMONT HOSPITAL RESEARCH INST,42.517671,-83.190969,1400000US26125183500,26125183500,MI,Oakland County
"PURE GREEN PHARMACEUTICALS, INC.",42.565674,-83.329857,1400000US26125156400,26125156400,MI,Oakland County
"PIRAEUS MEDICAL, INC.",44.015978,-92.505349,1400000US27109001201,27109001201,MN,Olmsted County
"MYRIEL, INC.",45.099461,-93.080767,1400000US27123040601,27123040601,MN,Ramsey County
MINNESOTA HEALTHSOLUTIONS CORPORATION,44.936261,-93.184237,1400000US27123034900,27123034900,MN,Ramsey County
"VIOCARE, INC.",40.353774,-74.661089,1400000US34021004000,34021004000,NJ,Mercer County
"IMMUNOPHOTONICS, INC.",38.636981,-90.252702,1400000US29510119101,29510119101,MO,St. Louis city
STRYKAGEN CORPORATION,39.545077,-119.818277,1400000US32031001504,32031001504,NV,Washoe County
"GATEWAY BIOTECHNOLOGY, INC.",38.655715,-90.312284,1400000US29189216101,29189216101,MO,St. Louis County
"NEW MEXICO START-UP FACTORY II, LLC",35.055957,-106.526762,1400000US35001000714,35001000714,NM,Bernalillo County
BLACKFEET COMMUNITY COLLEGE,48.571299,-113.206612,1400000US30035940400,30035940400,MT,Glacier County
"ACTOPROBE, LLC",35.0726,-106.631101,1400000US35001001202,35001001202,NM,Bernalillo County
"EQUATOR THERAPEUTICS, INC.",37.871953,-122.284875,1400000US06001422200,06001422200,CA,Alameda County
"DOSEOPTICS, LLC",43.717363,-72.26448,1400000US33009961603,33009961603,NH,Grafton County
SMART INFORMATION FLOW TECHNOLOGIES,44.981352,-93.271804,1400000US27053126102,27053126102,MN,Hennepin County
"OPTIMEOS LIFE SCIENCES, INC.",40.351508,-74.660639,1400000US34021004000,34021004000,NJ,Mercer County
"LUMINARY THERAPEUTICS, INC.",44.928994,-93.319207,1400000US27053109800,27053109800,MN,Hennepin County
INSPIRE RX LLC,42.307763,-83.697001,1400000US26161402700,26161402700,MI,Washtenaw County
CONWAY MEDICAL LLC,44.015978,-92.505349,1400000US27109001201,27109001201,MN,Olmsted County
"TAXIS PHARMACEUTICALS, INC.",40.458856,-74.469982,1400000US34023006103,34023006103,NJ,Middlesex County
"RESTOREAR DEVICES, LLC",47.662372,-122.194621,1400000US53033022702,53033022702,WA,King County
MYRACLE THERAPEUTICS INC,40.801516,-74.389682,1400000US34027041902,34027041902,NJ,Morris County
"SINGLETO2 THERAPEUTICS, LLC",40.71049,-74.390941,1400000US34039038104,34039038104,NJ,Union County
AKNA HEALTH LLC,42.979013,-85.672191,1400000US26081001400,26081001400,MI,Kent County
PUMPKIN BABY INC.,40.288772,-74.739265,1400000US34021003301,34021003301,NJ,Mercer County
REGENOSINE INC,40.726987,-74.048893,1400000US34017002200,34017002200,NJ,Hudson County
KOMMODO THERAPEUTICS LLC,45.112944,-93.108288,1400000US27123040706,27123040706,MN,Ramsey County
EPIC NUTRITION FOR Y LLC,42.56961,-83.138642,1400000US26125197000,26125197000,MI,Oakland County
"PRE-CANCER DIAGNOSIS, LLC",40.455964,-74.626446,1400000US34035053905,34035053905,NJ,Somerset County
PAVAJ VASCULAR CORPORATION,43.977305,-92.478687,1400000US27109001202,27109001202,MN,Olmsted County
SPIKE NEURO LLC,42.250171,-83.722803,1400000US26161404600,26161404600,MI,Washtenaw County
"SERSENSE, INC.",38.533539,-121.747565,1400000US06113010501,06113010501,CA,Yolo County
"COURAGENE, INC.",40.583533,-74.350705,1400000US34023001409,34023001409,NJ,Middlesex County
"INNOVATIVE BIOTHERAPIES, INC.",42.211416,-83.740344,1400000US26161415600,26161415600,MI,Washtenaw County
"QUENCH MEDICAL, INC.",44.954198,-93.200735,1400000US27123043002,27123043002,MN,Ramsey County
ADVANCES IN MINERAL METABOLISM,43.99067,-92.511204,1400000US27109001203,27109001203,MN,Olmsted County
HENRY FORD HEALTH SYSTEM,42.371987,-83.076406,1400000US26163533900,26163533900,MI,Wayne County
"BACKYARD BRAINS, INC.",42.279286,-83.740886,1400000US26161400100,26161400100,MI,Washtenaw County
ADVAITA CORPORATION,42.369118,-83.520276,1400000US26163561900,26163561900,MI,Wayne County
F SQUARE MEDICAL LLC,40.910588,-74.014108,1400000US34003054300,34003054300,NJ,Bergen County
FORT BELKNAP INDIAN COMMUNITY,48.600839,-108.85251,1400000US30005000100,30005000100,MT,Blaine County
HACKENSACK UNIVERSITY MEDICAL CENTER,40.883415,-74.055652,1400000US34003023402,34003023402,NJ,Bergen County
SYNAPTIC HEALTH LLC,45.085465,-93.214602,1400000US27123041105,27123041105,MN,Ramsey County
"EXHALIX, LLC",35.251321,-106.675111,1400000US35043010714,35043010714,NM,Sandoval County
EASTERN MICHIGAN UNIVERSITY,42.233132,-83.623767,1400000US26161410600,26161410600,MI,Washtenaw County
JACKSON STATE UNIVERSITY,32.288941,-90.186095,1400000US28049002700,28049002700,MS,Hinds County
RUTGERS THE STATE UNIV OF NJ CAMDEN,39.947479,-75.123053,1400000US34007610300,34007610300,NJ,Camden County
"PROKARYOTICS, INC.",40.679579,-74.231879,1400000US34039033502,34039033502,NJ,Union County
"TRIAD NATIONAL SECURITY, LLC",39.989225,-83.021532,1400000US39049001820,39049001820,OH,Franklin County
KATHERA BIOSCIENCE INC.,40.679579,-74.231879,1400000US34039033502,34039033502,NJ,Union County
GILLETTE CHILDREN'S SPECIALTY HEALTHCARE,44.956352,-93.095728,1400000US27123042800,27123042800,MN,Ramsey County
MONTANA CANCER CONSORTIUM,45.794795,-108.517826,1400000US30111000402,30111000402,MT,Yellowstone County
"PARK THERAPEUTICS, INC.",40.796542,-74.480511,1400000US34027043601,34027043601,NJ,Morris County
"LEFLORE TECHNOLOGIES, LLC",32.391779,-90.104936,1400000US28049010103,28049010103,MS,Hinds County
"ATLANTIC HEALTH SYSTEM, INC.",40.79368,-74.491343,1400000US34027043402,34027043402,NJ,Morris County
SOUTHERN NEVADA CANCER RESEARCH FDN,36.177468,-115.176531,1400000US32003000101,32003000101,NV,Clark County
"HABITAWARE, INC.",44.950537,-93.300065,1400000US27053106600,27053106600,MN,Hennepin County
SAINT JOSEPH MERCY HEALTH SYSTEM,42.233132,-83.623767,1400000US26161410600,26161410600,MI,Washtenaw County
PRO THERAPEUTICS LLC,42.994524,-71.468278,1400000US33011200400,33011200400,NH,Hillsborough County
"METSELEX, INC.",44.895417,-93.297026,1400000US27053012001,27053012001,MN,Hennepin County
"OZARK HEALTH VENTURES, LLC",37.178172,-93.274157,1400000US29077001100,29077001100,MO,Greene County
SPECTRUM HEALTH HOSPITALS,42.970434,-85.665033,1400000US26081002000,26081002000,MI,Kent County
ESSENTIA INSTITUTE OF RURAL HEALTH,46.793098,-92.093978,1400000US27137001700,27137001700,MN,St. Louis County
"RADIOLOGICS, INC.",38.584479,-90.41402,1400000US29189218402,29189218402,MO,St. Louis County
KANSAS CITY UNIVERSITY,39.10793,-94.561191,1400000US29095001000,29095001000,MO,Jackson County
HOPA MOUNTAIN,45.678023,-111.033007,1400000US30031000800,30031000800,MT,Gallatin County
FAIRLEIGH DICKINSON UNIVERSITY,40.895766,-74.029313,1400000US34003054400,34003054400,NJ,Bergen County
MC LAUGHLIN RESEARCH INSTITUTE,47.488371,-111.26897,1400000US30013002100,30013002100,MT,Cascade County
CHILDREN'S HOSPITALS AND CLINICS,44.956627,-93.261846,1400000US27053125800,27053125800,MN,Hennepin County
"TARN BIOSCIENCES, INC.",42.734624,-84.481133,1400000US26065004100,26065004100,MI,Ingham County
MONTANA STATE UNIVERSITY -BILLINGS,45.794643,-108.518554,1400000US30111000402,30111000402,MT,Yellowstone County
"INTACT GENOMICS, INC.",38.677653,-90.400334,1400000US29189215600,29189215600,MO,St. Louis County
RETINAL SOLUTIONS LLC,42.280793,-83.847442,1400000US26161455000,26161455000,MI,Washtenaw County
MISSOURI STATE UNIVERSITY,37.19856,-93.278462,1400000US29077000200,29077000200,MO,Greene County
"REAL PREVENTION, LLC",40.683746,-74.475361,1400000US34027044102,34027044102,NJ,Morris County
GRAND VALLEY STATE UNIVERSITY,42.974447,-85.930121,1400000US26139024300,26139024300,MI,Ottawa County
SETON HALL UNIVERSITY,40.746197,-74.260788,1400000US34013019300,34013019300,NJ,Essex County
"ELSOHLY LABORATORIES, INC.",34.334382,-89.515149,1400000US28071950506,28071950506,MS,Lafayette County
"NORTH JERSEY AIDS ALLIANCE ,INC. (NJCRI)",40.74713,-74.188556,1400000US34013001100,34013001100,NJ,Essex County
"INTERNATIONAL UNION, UAW OF AMER AFL-CIO",42.351473,-82.994601,1400000US26163515700,26163515700,MI,Wayne County
KEAN UNIVERSITY,40.679579,-74.231879,1400000US34039033502,34039033502,NJ,Union County
SANDIA CORP-SANDIA NATIONAL LABORATORIES,35.096526,-106.532844,1400000US35001000123,35001000123,NM,Bernalillo County
VETERANS EDUCATION AND RESEARCH ASSOCIATION OF MICHIGAN,42.286553,-83.71537,1400000US26161402201,26161402201,MI,Washtenaw County
ST. CATHERINE UNIVERSITY,44.924882,-93.183134,1400000US27123036300,27123036300,MN,Ramsey County
"DXDISCOVERY, INC.",39.545077,-119.818277,1400000US32031001504,32031001504,NV,Washoe County
"REIA, LLC",43.813955,-72.182594,1400000US33009960900,33009960900,NH,Grafton County
"ALLIED INNOVATIVE SYSTEMS, LLC",40.492983,-74.641614,1400000US34035053806,34035053806,NJ,Somerset County
SIMMARON RESEARCH INC,39.245616,-119.946235,1400000US32031003307,32031003307,NV,Washoe County
"MAGGIE'S PEARL, LLC",41.791887,-85.407274,1400000US26149040500,26149040500,MI,St. Joseph County
"NEW HAMPSHIRE ACADEMY OF SCIENCE, INC.",43.912777,-71.900444,1400000US33009960500,33009960500,NH,Grafton County
"AMERICAN AGING ASSOCIATION, INC.",41.506551,-81.602783,1400000US39035118800,39035118800,OH,Cuyahoga County
"POISERA, INC.",42.262532,-83.737441,1400000US26161400400,26161400400,MI,Washtenaw County
UNIVERSITY OF DETROIT MERCY,42.417084,-83.138847,1400000US26163530200,26163530200,MI,Wayne County
"CRYOCRATE, LLC",38.932745,-92.337305,1400000US29019001108,29019001108,MO,Boone County
NESTOTUS LLC,42.483053,-83.460281,1400000US26125136602,26125136602,MI,Oakland County
"INAEDIS, INC",40.39099,-74.638056,1400000US34035054201,34035054201,NJ,Somerset County
"KANONA, INC.",40.616089,-74.373515,1400000US34039038602,34039038602,NJ,Union County
"MEDIOMICS, LLC",38.628168,-90.276695,1400000US29510104500,29510104500,MO,St. Louis city
"CLARET BIOSCIENCE, LLC",42.542715,-83.226276,1400000US26125152700,26125152700,MI,Oakland County
"CREARE, LLC",43.684263,-72.232666,1400000US33009961601,33009961601,NH,Grafton County
RICOVR HEALTHCARE INC.,40.352568,-74.65136,1400000US34021004000,34021004000,NJ,Mercer County
"FUNCTIONAL FLUIDICS, LLC",42.370549,-82.926411,1400000US26163550100,26163550100,MI,Wayne County
ATUX ISKAY GROUP LLC,40.335503,-74.577831,1400000US34023008605,34023008605,NJ,Middlesex County
"SHEARIT, LLC",35.084957,-106.646098,1400000US35001002100,35001002100,NM,Bernalillo County
"ASTER LABS, INC.",45.038147,-93.106808,1400000US27123040704,27123040704,MN,Ramsey County
NANOSEPEX INC.,40.584986,-74.66369,1400000US34035050704,34035050704,NJ,Somerset County
VYLUMA INC.,40.593164,-74.619513,1400000US34035050703,34035050703,NJ,Somerset County
ENSPIRED SOLUTIONS INC.,42.850703,-84.334792,1400000US26155031402,26155031402,MI,Shiawassee County
SAINT LUKE'S HOSPITAL,39.047411,-94.589755,1400000US29095006900,29095006900,MO,Jackson County
ST. LOUIS COLLEGE OF PHARMACY,38.637418,-90.261998,1400000US29510118600,29510118600,MO,St. Louis city
"NOVAFLUX, INC.",40.396483,-74.650017,1400000US34035054201,34035054201,NJ,Somerset County
"NUPEAK THERAPEUTICS, INC.",38.645124,-90.317186,1400000US29189216402,29189216402,MO,St. Louis County
"FIMBRION THERAPEUTICS, INC.",38.635531,-90.244911,1400000US29510118600,29510118600,MO,St. Louis city
"EMMYON, INC.",41.708954,-91.60643,1400000US19103000305,19103000305,IA,Johnson County
CHN NEBRASKA,41.261612,-96.044021,1400000US31055006701,31055006701,NE,Douglas County
CROSSLINER INC,42.268022,-85.613443,1400000US26077001200,26077001200,MI,Kalamazoo County
LAWRENCE TECHNOLOGICAL UNIVERSITY,42.472767,-83.250242,1400000US26125161600,26125161600,MI,Oakland County
UNIVERSITY OF MICHIGAN AT FLINT,43.017653,-83.68985,1400000US26049002800,26049002800,MI,Genesee County
SALISH KOOTENAI COLLEGE,47.605511,-114.118589,1400000US30047940400,30047940400,MT,Lake County
FISTULA SOLUTION CORPORATION,45.280397,-92.885386,1400000US27163070205,27163070205,MN,Washington County
"DERMAXON, LLC",46.807024,-114.050996,1400000US30063001304,30063001304,MT,Missoula County
"BIO TILLION, LLC",40.407275,-74.64665,1400000US34035054201,34035054201,NJ,Somerset County
"BLUEWILLOW BIOLOGICS, INC.",42.307858,-83.692772,1400000US26161402700,26161402700,MI,Washtenaw County
FOND DU LAC RESERVATION,46.714147,-92.515994,1400000US27017940000,27017940000,MN,Carlton County
"XEMED, LLC",43.139277,-70.927722,1400000US33017080204,33017080204,NH,Strafford County
INSIGHT SURGICAL TECHNOLOGIES INC.,43.826184,-72.119198,1400000US33009960900,33009960900,NH,Grafton County
APLOS MEDICAL INC,44.822808,-93.421373,1400000US27053026027,27053026027,MN,Hennepin County
UNIVERSITY OF OREGON,44.045509,-123.069741,1400000US41039003700,41039003700,OR,Lane County
STATE UNIVERSITY NEW YORK STONY BROOK,40.914561,-73.125169,1400000US36103158015,36103158015,NY,Suffolk County
ICAHN SCHOOL OF MEDICINE AT MOUNT SINAI,40.790284,-73.946781,1400000US36061016600,36061016600,NY,New York County
ROCKEFELLER UNIVERSITY,40.763746,-73.955386,1400000US36061011600,36061011600,NY,New York County
STATE UNIVERSITY OF NEW YORK AT BUFFALO,43.003074,-78.785924,1400000US36029009110,36029009110,NY,Erie County
COLUMBIA UNIVERSITY HEALTH SCIENCES,40.8415,-73.9414,1400000US36061025100,36061025100,NY,New York County
EAST CAROLINA UNIVERSITY,35.608358,-77.364797,1400000US37147000400,37147000400,NC,Pitt County
WAKE FOREST UNIVERSITY HEALTH SCIENCES,36.059402,-80.321981,1400000US37067003805,37067003805,NC,Forsyth County
WEILL MEDICAL COLL OF CORNELL UNIV,40.7607,-73.9603,1400000US36061010602,36061010602,NY,New York County
STATE UNIVERSITY OF NEW YORK AT ALBANY,42.691708,-73.825588,1400000US36001000404,36001000404,NY,Albany County
NORTH CAROLINA STATE UNIVERSITY RALEIGH,35.784675,-78.677233,1400000US37183051101,37183051101,NC,Wake County
ROSWELL PARK CANCER INSTITUTE CORP,42.873378,-78.869243,1400000US36029016400,36029016400,NY,Erie County
DUKE UNIVERSITY,36.007766,-78.926475,1400000US37063000402,37063000402,NC,Durham County
NATHAN S. KLINE INSTITUTE FOR PSYCH RES,41.044651,-73.968432,1400000US36087013001,36087013001,NY,Rockland County
OHIO STATE UNIVERSITY,39.999598,-83.033131,1400000US39049001122,39049001122,OH,Franklin County
UNIV OF NORTH CAROLINA CHAPEL HILL,35.9316,-79.057377,1400000US37135011800,37135011800,NC,Orange County
SLOAN-KETTERING INST CAN RESEARCH,40.764045,-73.956024,1400000US36061011600,36061011600,NY,New York County
RESEARCH TRIANGLE INSTITUTE,35.9138,-78.848911,1400000US37063002038,37063002038,NC,Durham County
NEW YORK UNIVERSITY SCHOOL OF MEDICINE,40.669895,-73.974354,1400000US36047016500,36047016500,NY,Kings County
CLEVELAND CLINIC LERNER COM-CWRU,41.502657,-81.622127,1400000US39035197200,39035197200,OH,Cuyahoga County
GUTTMACHER INSTITUTE,40.706584,-74.006415,1400000US36061001502,36061001502,NY,New York County
UNIVERSITY OF OKLAHOMA HLTH SCIENCES CTR,35.47459,-97.505034,1400000US40109109700,40109109700,OK,Oklahoma County
CINCINNATI CHILDRENS HOSP MED CTR,39.140663,-84.501007,1400000US39061003200,39061003200,OH,Hamilton County
WRIGHT STATE UNIVERSITY,39.766782,-84.085913,1400000US39057210102,39057210102,OH,Greene County
NYU LONG ISLAND SCHOOL OF MEDICINE,40.741505,-73.640355,1400000US36059303600,36059303600,NY,Nassau County
FEINSTEIN INSTITUTE FOR MEDICAL RESEARCH,40.775574,-73.703024,1400000US36059301800,36059301800,NY,Nassau County
ALBERT EINSTEIN COLLEGE OF MEDICINE,40.85103,-73.844379,1400000US36005029600,36005029600,NY,Bronx County
NEW YORK GENOME CENTER,40.723035,-74.005133,1400000US36061003700,36061003700,NY,New York County
UNIVERSITY OF CINCINNATI,39.129719,-84.520554,1400000US39061003000,39061003000,OH,Hamilton County
"XILIS, INC.",35.936618,-79.031728,1400000US37135011902,37135011902,NC,Orange County
COLUMBIA UNIV NEW YORK MORNINGSIDE,40.81207,-73.954377,1400000US36061020901,36061020901,NY,New York County
UNIVERSITY OF ROCHESTER,43.131774,-77.63546,1400000US36055006900,36055006900,NY,Monroe County
OREGON HEALTH & SCIENCE UNIVERSITY,45.49882,-122.685647,1400000US41051005800,41051005800,OR,Multnomah County
CITY COLLEGE OF NEW YORK,40.819407,-73.950169,1400000US36061021703,36061021703,NY,New York County
CORNELL UNIVERSITY,42.438,-76.4625,1400000US36109001302,36109001302,NY,Tompkins County
NC STATE DEPT/HLTH & HUMAN SERVICES,35.670641,-78.663729,1400000US37183053009,37183053009,NC,Wake County
"BRONXWORKS, INC.",40.851,-73.9081,1400000US36005023301,36005023301,NY,Bronx County
"UBIQUITX, INC.",40.787881,-73.973648,1400000US36061017300,36061017300,NY,New York County
"PDX PHARMACEUTICALS, INC.",45.43012,-122.713054,1400000US41005020303,41005020303,OR,Clackamas County
"GE MEDICAL SYSTEMS INFORMATION TECHNOLOGIES, INC",42.826331,-73.878816,1400000US36093032101,36093032101,NY,Schenectady County
"TRANSCENDENT INTERNATIONAL, LLC",40.7523,-73.986503,1400000US36061010900,36061010900,NY,New York County
"STATE UNIVERSITY OF NY,BINGHAMTON",42.09521,-75.964561,1400000US36007014302,36007014302,NY,Broome County
MIAMI UNIVERSITY OXFORD,39.510303,-84.735381,1400000US39017010104,39017010104,OH,Butler County
CASE WESTERN RESERVE UNIVERSITY,41.502739,-81.607334,1400000US39035196800,39035196800,OH,Cuyahoga County
SUNY DOWNSTATE MEDICAL CENTER,40.65537,-73.945077,1400000US36047081600,36047081600,NY,Kings County
NEW YORK MEDICAL COLLEGE,41.085531,-73.810253,1400000US36119981000,36119981000,NY,Westchester County
UNIVERSITY OF TOLEDO HEALTH SCI CAMPUS,41.619554,-83.620727,1400000US39095006801,39095006801,OH,Lucas County
NEW YORK UNIVERSITY,40.729659,-73.997018,1400000US36061006500,36061006500,NY,New York County
OREGON STATE UNIVERSITY,44.565718,-123.280906,1400000US41003010702,41003010702,OR,Benton County
HUNTER COLLEGE,40.768737,-73.965182,1400000US36061012000,36061012000,NY,New York County
NORTH CAROLINA AGRI & TECH ST UNIV,36.074178,-79.775965,1400000US37081011000,37081011000,NC,Guilford County
YESHIVA UNIVERSITY,40.851028,-73.930643,1400000US36061026900,36061026900,NY,New York County
"THRIVE DIGITAL HEALTH, LLC",41.400968,-81.471528,1400000US39035184104,39035184104,OH,Cuyahoga County
"INNOVATION RESEARCH AND TRAINING, INC.",35.964557,-78.940527,1400000US37063002015,37063002015,NC,Durham County
"ADVANCED IMAGING RESEARCH, INC.",41.52113,-81.661201,1400000US39035108201,39035108201,OH,Cuyahoga County
NATIONAL HEALTH PROMOTION ASSOCIATES,41.024009,-73.733811,1400000US36119009702,36119009702,NY,Westchester County
"RHO FEDERAL SYSTEMS DIVISION, INC.",35.909754,-78.977283,1400000US37063002019,37063002019,NC,Durham County
NEW YORK BLOOD CENTER,40.76519,-73.959922,1400000US36061011800,36061011800,NY,New York County
COLD SPRING HARBOR LABORATORY,40.86755,-73.473456,1400000US36059518201,36059518201,NY,Nassau County
UNIVERSITY OF NORTH CAROLINA CHARLOTTE,35.301652,-80.731452,1400000US37119005604,37119005604,NC,Mecklenburg County
REGENERATIVE RESEARCH FOUNDATION,42.651521,-73.761175,1400000US36001001100,36001001100,NY,Albany County
"FESARIUSTHERAPEUTICS, INC.",40.664689,-73.925099,1400000US36047089200,36047089200,NY,Kings County
COLUMBIA UNIVERSITY TEACHERS COLLEGE,40.8101,-73.9606,1400000US36061020300,36061020300,NY,New York County
PARTNERSHIP TO END ADDICTION,40.749557,-73.974626,1400000US36061008800,36061008800,NY,New York County
CLEVELAND STATE UNIVERSITY,41.5022,-81.675312,1400000US39035107802,39035107802,OH,Cuyahoga County
UPSTATE MEDICAL UNIVERSITY,43.042595,-76.14055,1400000US36067004301,36067004301,NY,Onondaga County
OKLAHOMA MEDICAL RESEARCH FOUNDATION,35.482988,-97.49781,1400000US40109980005,40109980005,OK,Oklahoma County
ALBANY MEDICAL COLLEGE,42.652632,-73.77526,1400000US36001002100,36001002100,NY,Albany County
ENFUEGO THERAPEUTICS INC.,35.840268,-79.130445,1400000US37037020105,37037020105,NC,Chatham County
"DIGITAL HEALTH NAVIGATION SOLUTIONS, LLC",36.099176,-80.24933,1400000US37067000100,37067000100,NC,Forsyth County
"NEUROGT, INC.",35.918142,-78.933857,1400000US37063002023,37063002023,NC,Durham County
"BAEBIES, INC.",35.874356,-78.86267,1400000US37063002037,37063002037,NC,Durham County
GRADUATE SCHOOL OF PUBLIC HEALTH AND HEALTH POLICY,40.81207,-73.954377,1400000US36061020901,36061020901,NY,New York County
UNIVERSITY OF NORTH DAKOTA,47.919868,-97.072819,1400000US38035010301,38035010301,ND,Grand Forks County
HAUPTMAN-WOODWARD MEDICAL RESEARCH INST,42.897542,-78.868733,1400000US36029003100,36029003100,NY,Erie County
UNIVERSITY OF NORTH CAROLINA GREENSBORO,36.065048,-79.808967,1400000US37081010702,37081010702,NC,Guilford County
DUB THERAPEUTICS INC.,43.048707,-76.138246,1400000US36067003400,36067003400,NY,Onondaga County
UNIVERSITY OF OKLAHOMA,35.209223,-97.443781,1400000US40027201202,40027201202,OK,Cleveland County
RESEARCH INST NATIONWIDE CHILDREN'S HOSP,39.95251,-82.979302,1400000US39049005300,39049005300,OH,Franklin County
"NDRI-USA, INC.",40.74287,-73.992333,1400000US36061005800,36061005800,NY,New York County
"QATCH TECHNOLOGIES, LLC",36.073709,-79.465381,1400000US37001020702,37001020702,NC,Alamance County
RENSSELAER POLYTECHNIC INSTITUTE,42.732865,-73.683493,1400000US36083040600,36083040600,NY,Rensselaer County
OHIO UNIVERSITY ATHENS,39.31371,-82.096417,1400000US39009973300,39009973300,OH,Athens County
COLLEGE AT OSWEGO,43.447454,-76.540274,1400000US36075021401,36075021401,NY,Oswego County
"CHILD MIND INSTITUTE, INC.",40.761149,-73.970775,1400000US36061011203,36061011203,NY,New York County
"HAIMA THERAPEUTICS, LLC",41.499086,-81.607896,1400000US39035196800,39035196800,OH,Cuyahoga County
"BELLAGE, INC.",40.74767,-73.918101,1400000US36081018300,36081018300,NY,Queens County
HOFSTRA UNIVERSITY,40.705686,-73.618785,1400000US36059407201,36059407201,NY,Nassau County
FORDHAM UNIVERSITY,40.86209,-73.88639,1400000US36005039700,36005039700,NY,Bronx County
OPSICLEAR LLC,41.498458,-81.541857,1400000US39035187103,39035187103,OH,Cuyahoga County
BASIS RESEARCH INSTITUTE,40.796064,-73.937404,1400000US36061018800,36061018800,NY,New York County
"CORIDEA, LLC",40.754662,-73.994032,1400000US36061011100,36061011100,NY,New York County
NEW YORK STRUCTURAL BIOLOGY CENTER,40.816428,-73.951995,1400000US36061021703,36061021703,NY,New York County
SYRACUSE UNIVERSITY,43.041575,-76.133784,1400000US36067004302,36067004302,NY,Onondaga County
VASSAR COLLEGE,41.689757,-73.899489,1400000US36027410000,36027410000,NY,Dutchess County
ROCHESTER INSTITUTE OF TECHNOLOGY,43.092171,-77.674767,1400000US36055013103,36055013103,NY,Monroe County
WAKE FOREST UNIVERSITY,36.137273,-80.274932,1400000US37067001300,37067001300,NC,Forsyth County
DAVIDSON COLLEGE,35.504706,-80.83729,1400000US37119006403,37119006403,NC,Mecklenburg County
"ELSEVIER, INC.",40.741973,-73.985293,1400000US36061005600,36061005600,NY,New York County
"KSANA HEALTH, INC.",44.03896,-123.095373,1400000US41039004700,41039004700,OR,Lane County
UNIVERSITY OF TOLEDO,41.66301,-83.611985,1400000US39095010400,39095010400,OH,Lucas County
ST. JOHN'S UNIVERSITY,40.722867,-73.788363,1400000US36081127700,36081127700,NY,Queens County
OKLAHOMA STATE UNIVERSITY STILLWATER,36.115627,-97.058038,1400000US40119010700,40119010700,OK,Payne County
NORTH CAROLINA CENTRAL UNIVERSITY,35.97467,-78.898054,1400000US37063001303,37063001303,NC,Durham County
HERBERT H. LEHMAN COLLEGE,40.870857,-73.8866,1400000US36005040702,36005040702,NY,Bronx County
APPALACHIAN STATE UNIVERSITY,36.21864,-81.6546,1400000US37189920601,37189920601,NC,Watauga County
CLARKSON UNIVERSITY,44.65482,-74.95554,1400000US36089490800,36089490800,NY,St. Lawrence County
WINSTON-SALEM STATE UNIVERSITY,36.090723,-80.225824,1400000US37067000801,37067000801,NC,Forsyth County
"NEW YORK STATE PSYCHIATRIC INSTITUTE DBA RESEARCH FOUNDATION FOR MENTAL HYGIENE, INC",40.843076,-73.944206,1400000US36061025500,36061025500,NY,New York County
UNIVERSITY OF AKRON,41.076672,-81.510338,1400000US39153508900,39153508900,OH,Summit County
BARNARD COLLEGE,40.80904,-73.963773,1400000US36061020500,36061020500,NY,New York County
"TORRALVA MEDICAL THERAPEUTICS, LLC",45.515506,-122.685612,1400000US41051005601,41051005601,OR,Multnomah County
TINKESO THERAPEUTICS INC,41.334986,-73.779419,1400000US36119014811,36119014811,NY,Westchester County
GLYCAN THERAPEUTICS CORPORATION,35.906622,-79.049867,1400000US37135011602,37135011602,NC,Orange County
"PHASE, INC.",35.461672,-80.846805,1400000US37119006407,37119006407,NC,Mecklenburg County
3-C INSTITUTE FOR SOCIAL DEVELOPMENT,35.907942,-78.88921,1400000US37063002035,37063002035,NC,Durham County
"BIOMEDINNOVATIONS, INC.",35.461234,-80.998441,1400000US37109071101,37109071101,NC,Lincoln County
"PIP CARE, INC.",40.737352,-73.992432,1400000US36061005200,36061005200,NY,New York County
IFOCUS IMAGING LLC,45.543769,-122.793206,1400000US41067031515,41067031515,OR,Washington County
"CENTER MOM, INC.",45.531376,-122.707051,1400000US41051004601,41051004601,OR,Multnomah County
"NAJIT TECHNOLOGIES, INC.",45.523471,-122.867568,1400000US41067031626,41067031626,OR,Washington County
"EPITOR THERAPEUTICS, INC.",40.770761,-73.967334,1400000US36061012200,36061012200,NY,New York County
"MADORRA, INC.",45.489042,-122.672044,1400000US41051005902,41051005902,OR,Multnomah County
"AMISSA, INC.",41.592772,-71.249469,1400000US44005040102,44005040102,RI,Newport County
FOLI BIO INC.,40.843983,-73.938817,1400000US36061025300,36061025300,NY,New York County
PYROJAS INC,40.727555,-74.005283,1400000US36061003700,36061003700,NY,New York County
"INHALON BIOPHARMA, INC.",35.89634,-79.079445,1400000US37135010709,37135010709,NC,Orange County
"CMTX BIOTECH, INC.",40.8942,-73.2505,1400000US36103134704,36103134704,NY,Suffolk County
"XYLYX BIO, INC.",40.740618,-73.975495,1400000US36061006200,36061006200,NY,New York County
"SILOAM VISION, INC.",45.414643,-122.694002,1400000US41005020201,41005020201,OR,Clackamas County
"ADAMAS NANOTECHNOLOGIES, INC.",35.883993,-78.748046,1400000US37183053727,37183053727,NC,Wake County
"PREVENTION STRATEGIES, LLC",36.114372,-79.863931,1400000US37081012510,37081012510,NC,Guilford County
"SYNTHIS THERAPEUTICS, INC.",40.706088,-74.004447,1400000US36061001502,36061001502,NY,New York County
"MITEGEN, LLC",42.4852,-76.458735,1400000US36109001500,36109001500,NY,Tompkins County
"IN VIVO ANALYTICS, INC.",40.774219,-73.989236,1400000US36061015102,36061015102,NY,New York County
"POP BIOTECHNOLOGIES, INC",42.94739,-78.835773,1400000US36029004500,36029004500,NY,Erie County
"NEMAMETRIX, INC.",44.03973,-123.053341,1400000US41039004900,41039004900,OR,Lane County
"ANCILIA, INC.",40.727555,-74.005283,1400000US36061003700,36061003700,NY,New York County
"MIRIMUS, INC.",40.86755,-73.473456,1400000US36059518201,36059518201,NY,Nassau County
"EYDIS BIO, INC.",35.943646,-78.943027,1400000US37063002007,37063002007,NC,Durham County
"KURE. AI, INC.",41.468177,-81.514037,1400000US39035131105,39035131105,OH,Cuyahoga County
ADIUTRIX THERAPEUTICS,40.732104,-73.999855,1400000US36061006500,36061006500,NY,New York County
"GATEWAY BIO, INC.",36.062727,-78.986101,1400000US37135010904,37135010904,NC,Orange County
"LITRON LABORATORIES, LTD.",43.0959,-77.575,1400000US36055013101,36055013101,NY,Monroe County
"EPICYPHER, INC.",35.901328,-79.054344,1400000US37135011700,37135011700,NC,Orange County
"LUCERNA, INC.",40.839567,-73.940524,1400000US36061025100,36061025100,NY,New York County
"CYTEQUEST, INC.",42.445573,-76.496428,1400000US36109000700,36109000700,NY,Tompkins County
"KITWARE, INC.",42.849889,-73.759124,1400000US36091062410,36091062410,NY,Saratoga County
"BIOKIER, INC.",35.955505,-79.016341,1400000US37135011206,37135011206,NC,Orange County
NORTHWEST PREVENTION SCIENCE INC,44.037453,-123.06257,1400000US41039004900,41039004900,OR,Lane County
FORESIGHTCARES INC.,35.164477,-80.599374,1400000US37179020203,37179020203,NC,Union County
JILLION THERAPEUTICS INC.,40.760953,-73.958284,1400000US36061010602,36061010602,NY,New York County
"NIRSUM LABORATORIES, INC.",40.758808,-73.977116,1400000US36061010400,36061010400,NY,New York County
AOHBIO CORPORATION,39.334442,-82.115061,1400000US39009972900,39009972900,OH,Athens County
"NANOPHARMACEUTICALS, LLC",42.6246,-73.71012,1400000US36083052406,36083052406,NY,Rensselaer County
"COLLABORATIONS PHARMACEUTICALS, INC.",35.630106,-78.77219,1400000US37183053211,37183053211,NC,Wake County
"IRIS MEDIA, INC.",44.048722,-123.088476,1400000US41039003900,41039003900,OR,Lane County
OREGON RES BEHAVIORAL INTERVENTION STRAT,44.048601,-123.068058,1400000US41039003700,41039003700,OR,Lane County
"MICRORID TECHNOLOGIES, INC.",40.8291,-73.3549,1400000US36103112104,36103112104,NY,Suffolk County
NORTHEAST OHIO MEDICAL UNIVERSITY,41.104152,-81.242557,1400000US39133601802,39133601802,OH,Portage County
HER FOUNDATION,45.451938,-122.402457,1400000US41005023300,41005023300,OR,Clackamas County
"PEDIATRIC DERMATOLOGY RESEARCH ALLIANCE, INC",39.908748,-86.116502,1400000US18097320202,18097320202,IN,Marion County
HOSPITAL FOR SPECIAL SURGERY,40.765324,-73.953947,1400000US36061012400,36061012400,NY,New York County
AMERICAN GERIATRICS SOCIETY,40.707942,-74.004578,1400000US36061001502,36061001502,NY,New York County
BARTH SYNDROME FOUNDATION,40.93553,-73.754086,1400000US36119007000,36119007000,NY,Westchester County
KENT STATE UNIVERSITY,41.152425,-81.337881,1400000US39133601502,39133601502,OH,Portage County
"OLIGOMERIX, INC",41.07388,-73.775258,1400000US36119011902,36119011902,NY,Westchester County
"WE THE VILLAGE, INC.",40.74291,-73.984608,1400000US36061005600,36061005600,NY,New York County
WINIFRED MASTERSON BURKE MED RES INST,41.016579,-73.752206,1400000US36119009702,36119009702,NY,Westchester County
ADVANCED SCIENCE RESEARCH CENTER,40.815655,-73.950549,1400000US36061021703,36061021703,NY,New York County
NEW SCHOOL UNIVERSITY,40.735382,-73.997241,1400000US36061006300,36061006300,NY,New York County
VIZLITICS INC.,41.208817,-73.776778,1400000US36119013103,36119013103,NY,Westchester County
"BOULDER CARE, INC.",40.716357,-73.959144,1400000US36047055300,36047055300,NY,Kings County
RESEARCH FOUNDATION OF THE CITY UNIVERSITY OF NEW YORK,40.752988,-73.983963,1400000US36061008400,36061008400,NY,New York County
OSU CENTER FOR HEALTH SCIENCES,36.138527,-96.005036,1400000US40143004600,40143004600,OK,Tulsa County
"MASONIC MEDICAL RESEARCH LABORATORY, INC",43.087984,-75.183633,1400000US36065021301,36065021301,NY,Oneida County
LEGACY EMANUEL HOSPITAL AND HEALTH CENTER,45.544212,-122.670095,1400000US41051002203,41051002203,OR,Multnomah County
NORTH DAKOTA STATE UNIVERSITY,46.906023,-96.79722,1400000US38017000204,38017000204,ND,Cass County
NORTHWEST PORTLAND AREA INDIAN HLTH BD,45.507626,-122.686205,1400000US41051005800,41051005800,OR,Multnomah County
"LUMBEE LAND DEVELOPMENT, INC.",34.682421,-79.194731,1400000US37155960502,37155960502,NC,Robeson County
ABSENTEE SHAWNEE TRIBE OF OKLAHOMA,35.304673,-96.925761,1400000US40125500200,40125500200,OK,Pottawatomie County
"OCHIN, INC.",45.509263,-122.677657,1400000US41051005702,41051005702,OR,Multnomah County
"NOVASTERILIS, INC.",42.536863,-76.492461,1400000US36109001500,36109001500,NY,Tompkins County
CLEVELAND VA MEDICAL RESEARCH/ED/FDN,41.512673,-81.613293,1400000US39035196800,39035196800,OH,Cuyahoga County
"DIGNIFY THERAPEUTICS, LLC",35.9138,-78.848911,1400000US37063002038,37063002038,NC,Durham County
YORK COLLEGE,40.702631,-73.795743,1400000US36081024600,36081024600,NY,Queens County
ALBANY COLLEGE OF PHARMACY,42.652459,-73.776951,1400000US36001002100,36001002100,NY,Albany County
"QUA, INC.",40.901682,-73.79743,1400000US36119006100,36119006100,NY,Westchester County
UNIVERSITY OF TULSA,36.14977,-95.947492,1400000US40143002100,40143002100,OK,Tulsa County
OREGON RESEARCH INSTITUTE,44.048601,-123.068058,1400000US41039003700,41039003700,OR,Lane County
UNIVERSITY OF NORTH CAROLINA WILMINGTON,34.227123,-77.878795,1400000US37129011502,37129011502,NC,New Hanover County
"ARONORA, INC.",45.489042,-122.672044,1400000US41051005902,41051005902,OR,Multnomah County
DENISON UNIVERSITY,40.069205,-82.518385,1400000US39089757701,39089757701,OH,Licking County
"ALBANY RESEARCH INSTITUTE, INC.",42.649572,-73.774504,1400000US36001002100,36001002100,NY,Albany County
LAUREATE INSTITUTE FOR BRAIN RESEARCH,36.066243,-95.919455,1400000US40143007615,40143007615,OK,Tulsa County
PORTLAND STATE UNIVERSITY,45.51201,-122.679476,1400000US41051005702,41051005702,OR,Multnomah County
OSTEODX INC.,39.959798,-82.964516,1400000US39049003700,39049003700,OH,Franklin County
SILVERBILLS INC.,40.946852,-73.772045,1400000US36119006700,36119006700,NY,Westchester County
BROOKHAVEN SCIENCE ASSOC-BROOKHAVEN LAB,40.849836,-72.889667,1400000US36103158710,36103158710,NY,Suffolk County
REACTIVE BIOSCIENCES INC,35.9138,-78.848911,1400000US37063002038,37063002038,NC,Durham County
"AEGISCN, LLC",35.947055,-78.693973,1400000US37183053803,37183053803,NC,Wake County
QUEENSBOROUGH COMMUNITY COLLEGE,40.755795,-73.756819,1400000US36081138501,36081138501,NY,Queens County
LADERX LLC,35.998689,-78.908015,1400000US37063002200,37063002200,NC,Durham County
WADSWORTH CENTER,42.645888,-73.797658,1400000US36001001902,36001001902,NY,Albany County
"ATTAGENE, INC.",35.857153,-78.870868,1400000US37183053619,37183053619,NC,Wake County
CALLA HEALTH FOUNDATION,36.001691,-78.89891,1400000US37063002200,37063002200,NC,Durham County
"RIP ROAD, INC.",40.704269,-74.011712,1400000US36061000900,36061000900,NY,New York County
"ANELLEO, INC.",35.956323,-79.107177,1400000US37135011208,37135011208,NC,Orange County
"VIROGENOMICS BIODEVELOPMENT, INC.",45.426747,-122.74695,1400000US41067030700,41067030700,OR,Washington County
"REDBUD LABS, INC.",35.886471,-79.065165,1400000US37135012202,37135012202,NC,Orange County
"SUS CLINICALS, INC.",39.162833,-84.320675,1400000US39061024401,39061024401,OH,Hamilton County
PACIFIC UNIVERSITY,45.521398,-123.108815,1400000US41067033202,41067033202,OR,Washington County
"PROGENTEC DIAGNOSTICS, INC.",35.468541,-97.514828,1400000US40109980007,40109980007,OK,Oklahoma County
"ZYMTRONIX CATALYTIC SYSTEMS, INC.",42.439636,-76.487351,1400000US36109000202,36109000202,NY,Tompkins County
"GLC BIOTECHNOLOGY, INC.",41.358354,-81.416503,1400000US39035184108,39035184108,OH,Cuyahoga County
CHIMERNA THERAPEUTICS INC.,40.759299,-73.952166,1400000US36061023804,36061023804,NY,New York County
STATE COLLEGE OF OPTOMETRY,40.752951,-73.978673,1400000US36061009400,36061009400,NY,New York County
"QUADRIDOX, INC.",35.974737,-78.992606,1400000US37063002029,37063002029,NC,Durham County
SURGICAL INFECTION SOCIETY FOUNDATION FOR EDUCATION AND RESEARCH,40.860213,-73.309496,1400000US36103111802,36103111802,NY,Suffolk County
CUNY GRADUATE SCH AND UNIV CTR,40.748732,-73.984127,1400000US36061007400,36061007400,NY,New York County
"EQUITI FOODS, LLC",35.901309,-79.061049,1400000US37135011700,37135011700,NC,Orange County
COLLINGE AND ASSOCIATES,44.018614,-123.077044,1400000US41039005000,41039005000,OR,Lane County
"DNALI DATA TECHNOLOGIES, INC.",35.798773,-78.761092,1400000US37183053521,37183053521,NC,Wake County
"MOLECULAR THERANOSTICS, LLC",41.489266,-81.490318,1400000US39035131104,39035131104,OH,Cuyahoga County
SENAPTEC INC.,45.492314,-122.810661,1400000US41067031302,41067031302,OR,Washington County
"KELIOMICS, INC.",45.489026,-122.672016,1400000US41051005902,41051005902,OR,Multnomah County
PHARYNVAC SURGICAL TECHNOLOGY INC.,40.721058,-73.956571,1400000US36047055700,36047055700,NY,Kings County
"ERGAMI ENDOSCOPY, INC.",40.6729,-73.99376,1400000US36047011902,36047011902,NY,Kings County
NEUROSCOPE INC.,34.142845,-118.125133,1400000US06037463500,06037463500,CA,Los Angeles County
"IHEALTHSCREEN, INC.",38.069988,-78.498807,1400000US51003010801,51003010801,VA,Albemarle County
"METABOLON, INC.",35.874329,-78.862669,1400000US37063002037,37063002037,NC,Durham County
BROOKLYN INNOSEQ INC.,40.755536,-73.820683,1400000US36081085900,36081085900,NY,Queens County
"RUMI SCIENTIFIC, INC.",37.758786,-122.390958,1400000US06075022600,06075022600,CA,San Francisco County
THEIA IMAGING LLC,35.965279,-79.068996,1400000US37135011207,37135011207,NC,Orange County
COLLAMEDIX INC.,41.474085,-81.564233,1400000US39035183502,39035183502,OH,Cuyahoga County
ADVANCED & INNOVATIVE MULTIFUNCTIONAL MATERIALS LLC,39.721092,-84.154152,1400000US39113003201,39113003201,OH,Montgomery County
"PLAKOUS THERAPEUTICS, INC.",36.167058,-80.37617,1400000US37067004104,37067004104,NC,Forsyth County
LAMASSU PHARMA INC.,35.973771,-78.838515,1400000US37063001810,37063001810,NC,Durham County
SORBENTA INC,35.912765,-79.080208,1400000US37135010707,37135010707,NC,Orange County
"RAMONA OPTICS, INC.",37.428448,-122.136737,1400000US06085510900,06085510900,CA,Santa Clara County
"VORTANT TECHNOLOGIES, LLC",35.733489,-82.573722,1400000US37021002804,37021002804,NC,Buncombe County
"PHOENIX NEST, INC.",40.664285,-73.988957,1400000US36047014102,36047014102,NY,Kings County
ALZARROK BIO LLC,35.470744,-97.417794,1400000US40109108006,40109108006,OK,Oklahoma County
NEW YORK/R&D/CTR/TRANSLATIONAL MED/THER,41.162632,-73.768329,1400000US36119013102,36119013102,NY,Westchester County
DASISIMULATIONS LLC,40.12933,-83.144579,1400000US39049006236,39049006236,OH,Franklin County
"TRIPILL BIOTECHNOLOGY, CORP.",35.947776,-79.101357,1400000US37135011208,37135011208,NC,Orange County
"CATHBUDDY, INC.",40.827678,-73.473525,1400000US36059518203,36059518203,NY,Nassau County
"MICROSTRUCTURE IMAGING, INC.",40.757154,-73.98265,1400000US36061011900,36061011900,NY,New York County
VINDHYA DATA SCIENCE INC.,35.820919,-78.842568,1400000US37183053611,37183053611,NC,Wake County
"HEMINGWAY DESIGNS, LLC",45.390792,-122.515156,1400000US41005022301,41005022301,OR,Clackamas County
OGB4 INC,39.132382,-84.497007,1400000US39061027000,39061027000,OH,Hamilton County
TEO THERAPEUTICS INCORPORATED,45.502836,-122.811687,1400000US41067031404,41067031404,OR,Washington County
"NEURALENZ, INC",40.755085,-73.955265,1400000US36061023804,36061023804,NY,New York County
"ONE COW STANDING, LLC",35.998531,-78.902303,1400000US37063002200,37063002200,NC,Durham County
PAVMED INC.,40.752285,-73.978464,1400000US36061008200,36061008200,NY,New York County
"FINNEGAN THE DRAGON, INC",45.539939,-122.983988,1400000US41067032603,41067032603,OR,Washington County
"ASCENT BIO-NANO TECHNOLOGIES, INC.",40.833666,-77.841349,1400000US42027011600,42027011600,PA,Centre County
"AIMMAX THERAPEUTICS, INC.",35.914327,-78.891942,1400000US37063002035,37063002035,NC,Durham County
PROVIDENCE PORTLAND MEDICAL CENTER,45.527846,-122.613886,1400000US41051001801,41051001801,OR,Multnomah County
OPUS GENETICS INC.,35.777824,-78.645607,1400000US37183050100,37183050100,NC,Wake County
"ADDINEX TECHNOLOGIES, INC.",40.84563,-73.941393,1400000US36061025500,36061025500,NY,New York County
"PENDERIA TECHNOLOGIES, INC.",44.037363,-123.052143,1400000US41039003600,41039003600,OR,Lane County
ONCURIE INC.,35.802456,-78.669186,1400000US37183051400,37183051400,NC,Wake County
"HATS & LADDERS, INC.",40.739011,-73.989098,1400000US36061005200,36061005200,NY,New York County
"INSOMA BIO, INC.",36.023773,-78.969115,1400000US37063001706,37063001706,NC,Durham County
"CLEAR SESSION, INC.",40.791525,-73.975693,1400000US36061017900,36061017900,NY,New York County
"PARION SCIENCES, INC.",35.913426,-78.900952,1400000US37063002035,37063002035,NC,Durham County
SPARK NEURO INC.,38.910953,-77.032314,1400000US11001005202,11001005202,DC,District of Columbia
"GENEVENTIV THERAPEUTICS, INC.",35.778729,-78.639712,1400000US37183050100,37183050100,NC,Wake County
"APPLIED BIOPHYSICS, INC.",42.676652,-73.691564,1400000US36083052301,36083052301,NY,Rensselaer County
EDI THERAPEUTICS LLC,43.123599,-77.624355,1400000US36055003806,36055003806,NY,Monroe County
QUEENS COLLEGE,40.735855,-73.815751,1400000US36081080900,36081080900,NY,Queens County
"CYTONUS THERAPEUTICS, INC.",39.941592,-82.990083,1400000US39049005810,39049005810,OH,Franklin County
"CELL PRESERVATION SERVICES, INC.",42.102081,-76.261466,1400000US36107020500,36107020500,NY,Tioga County
JOHN JAY COLLEGE OF CRIMINAL JUSTICE,40.771,-73.9893,1400000US36061014700,36061014700,NY,New York County
"HELIXOMER, INC.",36.049243,-79.135347,1400000US37135011107,37135011107,NC,Orange County
"SPARIAN BIOSCIENCES, INC.",40.799621,-73.970312,1400000US36061019100,36061019100,NY,New York County
KILELE HEALTH INC.,39.724462,-84.167272,1400000US39113010200,39113010200,OH,Montgomery County
"OGB5, INC.",39.132382,-84.497007,1400000US39061027000,39061027000,OH,Hamilton County
POPULATION COUNCIL,40.753207,-73.970015,1400000US36061009000,36061009000,NY,New York County
"HALOMINE, INC.",42.467004,-76.458927,1400000US36109000400,36109000400,NY,Tompkins County
TRAVERSE BIOTECH II INC,40.733864,-74.007412,1400000US36061007500,36061007500,NY,New York County
SCIENCENTER,42.449894,-76.504059,1400000US36109000800,36109000800,NY,Tompkins County
BIOAESTHETICS CORPORATION,29.957461,-90.074888,1400000US22071013400,22071013400,LA,Orleans Parish
CHEROKEE NATION,35.85318,-94.99067,1400000US40021978302,40021978302,OK,Cherokee County
"NEUROVASCULAR DIAGNOSTICS, INC.",42.9914,-78.6867,1400000US36029014603,36029014603,NY,Erie County
"ENYX THERAPEUTICS, LLC",40.765874,-73.95522,1400000US36061012400,36061012400,NY,New York County
"THERAPYX, INC.",38.243037,-85.708392,1400000US21111008202,21111008202,KY,Jefferson County
CASTNER INCORPORATED,43.057105,-78.947024,1400000US36029007303,36029007303,NY,Erie County
COLUMBUS COMMUNITY CLINICAL ONCOLOGY PRG,39.978559,-83.063484,1400000US39049004301,39049004301,OH,Franklin County
"INGENIOUS TARGETING LABORATORY, INC.",40.788736,-73.116091,1400000US36103146618,36103146618,NY,Suffolk County
"COUPLET CARE, LLC",36.097495,-78.988867,1400000US37135010904,37135010904,NC,Orange County
"PORTLAND VA RESEARCH FOUNDATION, INC.",45.496479,-122.683191,1400000US41051005800,41051005800,OR,Multnomah County
"GRAMERCY RESEARCH GROUP, LLC",36.150908,-80.272986,1400000US37067002704,37067002704,NC,Forsyth County
CLEVELAND CLINIC FOUNDATION,41.502657,-81.622127,1400000US39035197200,39035197200,OH,Cuyahoga County
CUYAHOGA COMMUNITY COLLEGE,41.494964,-81.683464,1400000US39035107701,39035107701,OH,Cuyahoga County
"ACADEMIC CONSORTIUM FOR INTEGRATIVE MEDICINE AND HEALTH, INC.",38.937467,-77.176943,1400000US51059470500,51059470500,VA,Fairfax County
AMERICAN FEDERATION FOR AGING RESEARCH,40.752408,-73.984009,1400000US36061008400,36061008400,NY,New York County
"IPACES, LLC",42.9036,-73.7924,1400000US36091062501,36091062501,NY,Saratoga County
"OYAGEN, INC.",43.091118,-77.600975,1400000US36055013101,36055013101,NY,Monroe County
"T3D THERAPEUTICS, INC.",35.9138,-78.848911,1400000US37063002038,37063002038,NC,Durham County
LAMASSU BIO INC,36.025804,-78.973146,1400000US37063001706,37063001706,NC,Durham County
BROOKLYN COLLEGE,40.631637,-73.952868,1400000US36047077200,36047077200,NY,Kings County
CYTEX THERAPEUTICS INC.,36.009152,-78.944855,1400000US37063001505,37063001505,NC,Durham County
THE CHRIST HOSPITAL,39.120428,-84.509161,1400000US39061002300,39061002300,OH,Hamilton County
"HASTINGS CENTER, INC.",41.392125,-73.93497,1400000US36079010600,36079010600,NY,Putnam County
NARROWS INSTITUTE FOR BIOMEDICAL RES INC,40.608584,-74.0239,1400000US36047016400,36047016400,NY,Kings County
LAGUARDIA COMMUNITY COLLEGE,40.744746,-73.934894,1400000US36081017902,36081017902,NY,Queens County
INTERNATIONAL CHEMICAL WORKERS UNION,41.134604,-81.59571,1400000US39153532202,39153532202,OH,Summit County
"MONTEFIORE MEDICAL CENTER (BRONX, NY)",40.88083,-73.879943,1400000US36005042100,36005042100,NY,Bronx County
SOUTHEAST CLINICAL ONCOL RES CONSORTIUM,36.097123,-80.278822,1400000US37067002501,37067002501,NC,Forsyth County
VITAMIN D WORKSHOP,33.972585,-117.350361,1400000US06065030501,06065030501,CA,Riverside County
DAYTON CLINICAL ONCOLOGY PROGRAM,39.718656,-84.111765,1400000US39113021301,39113021301,OH,Montgomery County
"ACTINIUM PHARMACEUTICALS, INC.",40.75126,-73.979868,1400000US36061008200,36061008200,NY,New York County
"AVANTI BIOSCIENCES, INC.",40.89736,-73.090568,1400000US36103158011,36103158011,NY,Suffolk County
"GISMO THERAPEUTICS, INC.",38.035348,-84.505471,1400000US21067000802,21067000802,KY,Fayette County
"SAAVSUS, INC.",44.092586,-123.090706,1400000US41039002201,41039002201,OR,Lane County
"AFFINERGY, LLC",35.874329,-78.862669,1400000US37063002037,37063002037,NC,Durham County
OREGON MUSEUM OF SCIENCES AND INDUSTRY,45.51616,-122.64234,1400000US41051001204,41051001204,OR,Multnomah County
UNIVERSITY OF DAYTON,39.736646,-84.173686,1400000US39113003403,39113003403,OH,Montgomery County
"SCION NEUROSTIM, LLC",35.947055,-78.693973,1400000US37183053803,37183053803,NC,Wake County
"CIVATECH ONCOLOGY, INC.",35.914102,-78.898975,1400000US37063002035,37063002035,NC,Durham County
VASCULAR VISION PHARMACEUTICALS COMPANY,42.67272,-73.64184,1400000US36083052306,36083052306,NY,Rensselaer County
"MASSMATRIX, INC.",40.048217,-83.024394,1400000US39049000120,39049000120,OH,Franklin County
COLLEGE OF STATEN ISLAND,40.604254,-74.15284,1400000US36085027301,36085027301,NY,Richmond County
"ASAKE BIOTECHNOLOGY, LLC",39.295595,-82.080738,1400000US39009973300,39009973300,OH,Athens County
ROGOSIN INSTITUTE,40.76569,-73.954142,1400000US36061012400,36061012400,NY,New York County
"ALTIS BIOSYSTEMS, INC.",35.934089,-79.02305,1400000US37135012102,37135012102,NC,Orange County
PACE UNIVERSITY NEW YORK,40.711667,-74.005424,1400000US36061001501,36061001501,NY,New York County
BOWLING GREEN STATE UNIVERSITY,41.376437,-83.650803,1400000US39173021701,39173021701,OH,Wood County
LEWIS AND CLARK COLLEGE,45.450098,-122.672491,1400000US41051006300,41051006300,OR,Multnomah County
YORK SOUND INC,40.718506,-73.84359,1400000US36081073700,36081073700,NY,Queens County
PPD DEVELOPMENT LP,34.246209,-77.949805,1400000US37129011300,37129011300,NC,New Hanover County
"TOGETHER SENIOR HEALTH, INC.",40.737352,-73.992432,1400000US36061005200,36061005200,NY,New York County
"ILIAD BIOTECHNOLOGIES, LLC",40.733223,-73.985496,1400000US36061004800,36061004800,NY,New York County
INTERNATIONAL AIDS VACCINE INITIATIVE,40.702275,-74.010892,1400000US36061000900,36061000900,NY,New York County
"BIOCHIP LABS, INC.",41.503046,-81.6387,1400000US39035197200,39035197200,OH,Cuyahoga County
"RNET TECHNOLOGIES, INC.",39.641159,-84.160298,1400000US39113040401,39113040401,OH,Montgomery County
MEDGAR EVERS COLLEGE,40.667136,-73.951831,1400000US36047032100,36047032100,NY,Kings County
UNIVERSITY OF NORTH CAROLINA AT PEMBROKE,34.694134,-79.198114,1400000US37155960502,37155960502,NC,Robeson County
"FRONTIER SCI & TECHNOLOGY RSCH FDN, INC",42.35056,-71.11624,1400000US25021400202,25021400202,MA,Norfolk County
"SCITOVATION, LLC",35.9138,-78.848911,1400000US37063002038,37063002038,NC,Durham County
VISITING NURSE SERVICE OF NEW YORK,40.776428,-73.980013,1400000US36061015700,36061015700,NY,New York County
INTERNATIONAL CANNABINOID RES SOCIETY,36.094433,-80.241183,1400000US37067000100,37067000100,NC,Forsyth County
"ECLIPSE LIFE SCIENCES, INC.",35.9138,-78.848911,1400000US37063002038,37063002038,NC,Durham County
"CELL MICROSYSTEMS, INC.",35.911363,-79.031663,1400000US37135011500,37135011500,NC,Orange County
PRENTKE ROMICH COMPANY,40.783465,-81.962435,1400000US39169000600,39169000600,OH,Wayne County
IBM THOMAS J. WATSON RESEARCH CENTER,41.294911,-73.797703,1400000US36119014808,36119014808,NY,Westchester County
"GENERAL NUTRACEUTICAL TECHNOLOGY, LLC",41.068959,-73.806118,1400000US36119011000,36119011000,NY,Westchester County
SAINT REGIS MOHAWK TRIBE,44.9785,-74.6853,1400000US36033940000,36033940000,NY,Franklin County
NEW YORK HALL OF SCIENCE,40.752572,-73.854759,1400000US36081039902,36081039902,NY,Queens County
"THRIVE NEUROMEDICAL, LLC",39.995912,-83.040421,1400000US39049007830,39049007830,OH,Franklin County
INSTITUTE FOR BASIC RES IN DEV DISABIL,40.597706,-74.14209,1400000US36085027301,36085027301,NY,Richmond County
NATIONAL UNIVERSITY OF NATURAL MEDICINE,45.501625,-122.677066,1400000US41051005701,41051005701,OR,Multnomah County
GILGAMESH PHARMACEUTICALS INC,40.734352,-73.992244,1400000US36061006100,36061006100,NY,New York County
"SAPIENCE THERAPEUTICS, INC.",40.988569,-73.807361,1400000US36119010100,36119010100,NY,Westchester County
"DEEP CREEK PHARMA, LLC",36.122459,-80.582902,1400000US37197050502,37197050502,NC,Yadkin County
CHILDREN'S CANCER THERAPY DEVELOP/INST,40.596486,-105.07183,1400000US08069001305,08069001305,CO,Larimer County
UNION COLLEGE,42.814483,-73.930921,1400000US36093033400,36093033400,NY,Schenectady County
"SURGIVANCE, INC.",40.76109,-73.957919,1400000US36061010602,36061010602,NY,New York County
SANFORD RESEARCH NORTH,46.873151,-96.790143,1400000US38017000801,38017000801,ND,Cass County
"MUTAGENTECH, INC.",40.702193,-73.919722,1400000US36047044300,36047044300,NY,Kings County
"HEMEX HEALTH, INC.",45.524669,-122.703752,1400000US41051004601,41051004601,OR,Multnomah County
INTERNATIONAL MAMMALIAN GENOME SOCIETY,35.901335,-79.054347,1400000US37135011700,37135011700,NC,Orange County
HIGH POINT UNIVERSITY,35.98547,-79.990243,1400000US37081014411,37081014411,NC,Guilford County
SOCIETY FOR INVESTIGATIVE DERMATOLOGY,41.500984,-81.69049,1400000US39035107701,39035107701,OH,Cuyahoga County
FOUNDATION FOR AIDS RESEARCH,40.704558,-74.006184,1400000US36061000700,36061000700,NY,New York County
"TRIANGLE BIOTECHNOLOGY, INC.",35.909004,-79.051168,1400000US37135011601,37135011601,NC,Orange County
"LOKI THERAPEUTICS, INC",40.702193,-73.919722,1400000US36047044300,36047044300,NY,Kings County
"BEDROCK THERAPEUTICS, INC.",35.914667,-79.052072,1400000US37135011400,37135011400,NC,Orange County
MOLECULAR TECHNOLOGIES LABORATORIES LLC,39.993623,-83.047673,1400000US39049001902,39049001902,OH,Franklin County
VOICELOVE LLC,40.988368,-73.811582,1400000US36119010702,36119010702,NY,Westchester County
"MUCOMMUNE, LLC",35.89634,-79.079445,1400000US37135010709,37135010709,NC,Orange County
TET MEDICAL,42.493672,-76.50953,1400000US36109000600,36109000600,NY,Tompkins County
AUTOTUNE ME LLC,40.582809,-73.957556,1400000US36047061003,36047061003,NY,Kings County
"NANODIAGNOSTIC TECHNOLOGY, LLC",35.502036,-80.625011,1400000US37025041002,37025041002,NC,Cabarrus County
"TRANSCHROMIX, LLC.",35.962359,-79.02474,1400000US37135011206,37135011206,NC,Orange County
"ENTERX BIOSCIENCES, INC.",45.505369,-122.656454,1400000US41051001102,41051001102,OR,Multnomah County
LIFEBIO INC,40.238235,-83.366126,1400000US39159050502,39159050502,OH,Union County
"PREDICTIVE, LLC",35.93175,-78.565548,1400000US37183054021,37183054021,NC,Wake County
FAYETTEVILLE STATE UNIVERSITY,35.071547,-78.894454,1400000US37051001000,37051001000,NC,Cumberland County
ISABL INC.,40.766647,-73.952844,1400000US36061012400,36061012400,NY,New York County
PULVINAR NEURO LLC,35.934949,-79.037474,1400000US37135011902,37135011902,NC,Orange County
CHILDREN'S HOSPITAL MED CTR OF AKRON,41.081525,-81.518551,1400000US39153508301,39153508301,OH,Summit County
MOGLING BIO INC,39.140867,-84.442773,1400000US39061005000,39061005000,OH,Hamilton County
NEW YORK INST OF TECHNOLOGY,40.78278,-73.59024,1400000US36059302502,36059302502,NY,Nassau County
"STEMCULTURES, LLC",42.6246,-73.71012,1400000US36083052406,36083052406,NY,Rensselaer County
"IRX REMINDER, LLC",41.115729,-81.550105,1400000US39153507202,39153507202,OH,Summit County
ASHLAND UNIVERSITY,40.862307,-82.319953,1400000US39005970600,39005970600,OH,Ashland County
"VETERANS HEALTH RESEARCH INSTITUTE OF CENTRAL NEW YORK, INC.",43.0386,-76.139,1400000US36067004301,36067004301,NY,Onondaga County
"CERAMEDIX HOLDING, LLC",40.761333,-73.972874,1400000US36061010200,36061010200,NY,New York County
"AMALGENT THERAPEUTICS, INC.",35.956579,-79.018997,1400000US37135011206,37135011206,NC,Orange County
CAROLINAS MEDICAL CENTER,35.203976,-80.839086,1400000US37119003500,37119003500,NC,Mecklenburg County
LIGHTOPTECH CORPORATION,43.069393,-77.684561,1400000US36055013205,36055013205,NY,Monroe County
ASCRIBE BIOSCIENCE INC.,42.423267,-76.501877,1400000US36109001100,36109001100,NY,Tompkins County
"CHESS MOBILE HEALTH, INC.",43.046199,-77.467777,1400000US36055011708,36055011708,NY,Monroe County
BOYCE THOMPSON INST FOR PLANT RESEARCH,42.447,-76.4676,1400000US36109000300,36109000300,NY,Tompkins County
21MEDTECH LLC,35.9138,-78.848911,1400000US37063002038,37063002038,NC,Durham County
"BRAIN ELECTROPHYSIOLOGY LABORATORY COMPANY, LLC",44.048601,-123.068058,1400000US41039003700,41039003700,OR,Lane County
"TEACHLEY, LLC",40.613062,-74.110074,1400000US36085016901,36085016901,NY,Richmond County
"CLARAMETYX BIOSCIENCE, INC.",39.995912,-83.040421,1400000US39049007830,39049007830,OH,Franklin County
"REWIRE NEUROSCIENCE, LLC",45.48741,-122.847959,1400000US41067031706,41067031706,OR,Washington County
NZUMBE EPIGENETICS,45.561458,-122.622122,1400000US41051003000,41051003000,OR,Multnomah County
KILLER SNAILS LLC,40.64542,-73.946861,1400000US36047082600,36047082600,NY,Kings County
"VERRA THERAPEUTICS, INC.",42.526513,-76.487699,1400000US36109001500,36109001500,NY,Tompkins County
FAMILY HEALTH INTERNATIONAL,35.992834,-78.903914,1400000US37063002300,37063002300,NC,Durham County
ROCHESTER GENERAL HOSPITAL (NY),43.192438,-77.586592,1400000US36055008100,36055008100,NY,Monroe County
"TRANSTIMULATION RESEARCH, INC.",35.452086,-97.495948,1400000US40109103900,40109103900,OK,Oklahoma County
"BIOINCEPT, LLC",39.875544,-74.984922,1400000US34007603503,34007603503,NJ,Camden County
DOUBLE S INSTRUCTIONAL SYSTEMS,44.107614,-123.13917,1400000US41039002404,41039002404,OR,Lane County
MULTNOMAH COUNTY HEALTH DEPARTMENT,45.512602,-122.660249,1400000US41051001101,41051001101,OR,Multnomah County
TRACE BIOSCIENCES INC,45.489026,-122.672016,1400000US41051005902,41051005902,OR,Multnomah County
RESEARCH INST OF FOX CHASE CAN CTR,40.067891,-75.091086,1400000US42101033900,42101033900,PA,Philadelphia County
VANDERBILT UNIVERSITY,36.143381,-86.803365,1400000US47037016500,47037016500,TN,Davidson County
BROWN UNIVERSITY,41.826136,-71.404513,1400000US44007003602,44007003602,RI,Providence County
ST. JUDE CHILDREN'S RESEARCH HOSPITAL,35.155607,-90.045279,1400000US47157011300,47157011300,TN,Shelby County
CHILDREN'S HOSP OF PHILADELPHIA,39.946632,-75.196604,1400000US42101036901,42101036901,PA,Philadelphia County
MEHARRY MEDICAL COLLEGE,36.166904,-86.806149,1400000US47037014200,47037014200,TN,Davidson County
UNIVERSITY OF PITTSBURGH AT PITTSBURGH,40.440909,-79.959125,1400000US42003040500,42003040500,PA,Allegheny County
MEDICAL UNIVERSITY OF SOUTH CAROLINA,32.786754,-79.947265,1400000US45019000600,45019000600,SC,Charleston County
UNIVERSITY OF TENNESSEE KNOXVILLE,35.954943,-83.93035,1400000US47093000901,47093000901,TN,Knox County
VANDERBILT UNIVERSITY MEDICAL CENTER,36.143784,-86.800995,1400000US47037016500,47037016500,TN,Davidson County
CLEMSON UNIVERSITY,34.673146,-82.823962,1400000US45077011206,45077011206,SC,Pickens County
UNIVERSITY OF SOUTH CAROLINA AT COLUMBIA,33.999623,-81.028249,1400000US45079002900,45079002900,SC,Richland County
UNIVERSITY OF PENNSYLVANIA,39.953462,-75.193983,1400000US42101036902,42101036902,PA,Philadelphia County
PENNSYLVANIA STATE UNIV HERSHEY MED CTR,40.264414,-76.674014,1400000US42043024105,42043024105,PA,Dauphin County
WOMEN AND INFANTS HOSPITAL-RHODE ISLAND,41.810964,-71.412083,1400000US44007000700,44007000700,RI,Providence County
THOMAS JEFFERSON UNIVERSITY,39.948207,-75.157825,1400000US42101000902,42101000902,PA,Philadelphia County
UNIVERSITY OF TENNESSEE HEALTH SCI CTR,35.138829,-90.033163,1400000US47157003800,47157003800,TN,Shelby County
"PENNSYLVANIA STATE UNIVERSITY, THE",40.870717,-77.83415,1400000US42027011201,42027011201,PA,Centre County
ASIAN COMMUNITY HEALTH COALITION,39.960695,-75.157059,1400000US42101037600,42101037600,PA,Philadelphia County
DREXEL UNIVERSITY,39.954073,-75.186541,1400000US42101036902,42101036902,PA,Philadelphia County
RHODE ISLAND HOSPITAL,41.811681,-71.409371,1400000US44007000600,44007000600,RI,Providence County
MONELL CHEMICAL SENSES CENTER,39.955743,-75.193059,1400000US42101036902,42101036902,PA,Philadelphia County
PLANS4CARE INC.,41.848752,-71.399575,1400000US44007003300,44007003300,RI,Providence County
WILLS EYE HEALTH SYSTEM,39.947871,-75.155111,1400000US42101000902,42101000902,PA,Philadelphia County
TEMPLE UNIV OF THE COMMONWEALTH,39.980272,-75.157051,1400000US42101037700,42101037700,PA,Philadelphia County
MAGEE-WOMEN'S RES INST AND FOUNDATION,40.437078,-79.96154,1400000US42003040900,42003040900,PA,Allegheny County
LEHIGH UNIVERSITY,40.606735,-75.381089,1400000US42095011100,42095011100,PA,Northampton County
SANFORD RESEARCH/USD,43.601788,-96.697948,1400000US46099000100,46099000100,SD,Minnehaha County
WISTAR INSTITUTE,39.951288,-75.195771,1400000US42101036902,42101036902,PA,Philadelphia County
"LOXIGEN, INC.",34.011434,-81.236644,1400000US45063021049,45063021049,SC,Lexington County
CARNEGIE-MELLON UNIVERSITY,40.442959,-79.941084,1400000US42003140100,42003140100,PA,Allegheny County
"ENDOTHEIA, INC.",36.093233,-86.874496,1400000US47037018500,47037018500,TN,Davidson County
UNIVERSITY OF RHODE ISLAND,41.486042,-71.528656,1400000US44009051400,44009051400,RI,Washington County
"MISSOURI BREAKS RESEARCH, INC.",45.4277,-101.074481,1400000US46041941700,46041941700,SD,Dewey County
"ATLAS BIOLOGICS, LLC",40.806689,-77.82112,1400000US42027011702,42027011702,PA,Centre County
OAK RIDGE ASSOCIATED UNIVERSITIES,36.020634,-84.253983,1400000US47001020400,47001020400,TN,Anderson County
EAST TENNESSEE STATE UNIVERSITY,36.330892,-82.365584,1400000US47179060401,47179060401,TN,Washington County
"OCEAN STATE RESEARCH INSTITUTE, INC.",41.83105,-71.431474,1400000US44007002200,44007002200,RI,Providence County
GORDON RESEARCH CONFERENCES,41.480003,-71.569648,1400000US44009051306,44009051306,RI,Washington County
"QRONO, INC",40.444551,-79.948896,1400000US42003982200,42003982200,PA,Allegheny County
UNIVERSITY OF MEMPHIS,35.120123,-89.939705,1400000US47157007300,47157007300,TN,Shelby County
VILLANOVA UNIVERSITY,40.035569,-75.347751,1400000US42045409701,42045409701,PA,Delaware County
NATIONAL DISEASE RESEARCH INTERCHANGE,39.953681,-75.167957,1400000US42101000403,42101000403,PA,Philadelphia County
EMMA PENDLETON BRADLEY HOSPITAL,41.792379,-71.367401,1400000US44007010502,44007010502,RI,Providence County
"EVRYS BIO, LLC",40.336131,-75.125272,1400000US42017104503,42017104503,PA,Bucks County
ALTRUMED LLC,39.941467,-75.2,1400000US42101003300,42101003300,PA,Philadelphia County
DUQUESNE UNIVERSITY,40.437818,-79.993649,1400000US42003010302,42003010302,PA,Allegheny County
FURMAN UNIVERSITY,34.930099,-82.433236,1400000US45045003803,45045003803,SC,Greenville County
UNIVERSITY OF SOUTH DAKOTA,42.78263,-96.925433,1400000US46027965900,46027965900,SD,Clay County
MIRIAM HOSPITAL,41.852056,-71.398438,1400000US44007003300,44007003300,RI,Providence County
LYNTHERA CORPORATION,40.065307,-76.41685,1400000US42071011504,42071011504,PA,Lancaster County
"ACTUATED MEDICAL, INC.",40.886104,-77.776135,1400000US42027011201,42027011201,PA,Centre County
APEX ORTHOPAEDIC TECHNOLOGIES LLC,32.850306,-79.831263,1400000US45019004614,45019004614,SC,Charleston County
"ACEPRE, LLC",33.979985,-80.961921,1400000US45079011604,45079011604,SC,Richland County
EXPANSE BIO LLC,32.842948,-80.015407,1400000US45019003900,45019003900,SC,Charleston County
CREMEDICAL CORPORATION,41.489378,-71.515444,1400000US44009051305,44009051305,RI,Washington County
"SYLVATICA BIOTECH, INC.",40.68819,-73.979368,1400000US36047003300,36047003300,NY,Kings County
"FRD ACCEL, LLC",32.787667,-79.949553,1400000US45019000600,45019000600,SC,Charleston County
FLUIDISPEC LLC,39.941467,-75.2,1400000US42101003300,42101003300,PA,Philadelphia County
MAGNIFY BIOSCIENCES INC.,40.592514,-80.104523,1400000US42003412004,42003412004,PA,Allegheny County
LUCIE MEDICAL INC,34.943974,-81.880179,1400000US45083021302,45083021302,SC,Spartanburg County
"RENERVA, LLC",40.433877,-79.888737,1400000US42003516100,42003516100,PA,Allegheny County
"LIFESENSORS, INC.",40.061416,-75.540506,1400000US42029302104,42029302104,PA,Chester County
"DOTY SCIENTIFIC, INC.",34.124778,-80.867789,1400000US45079011414,45079011414,SC,Richland County
VEST INC.,40.48558,-79.886515,1400000US42003421100,42003421100,PA,Allegheny County
VELLUM BIOSCIENCES LLC,39.941467,-75.2,1400000US42101003300,42101003300,PA,Philadelphia County
ONCOBLAZE LLC,32.845601,-80.066394,1400000US45019005701,45019005701,SC,Charleston County
"FIBROBIOLOGICS, LLC",32.77093,-79.982302,1400000US45019003000,45019003000,SC,Charleston County
"PHRASE HEALTH, INC.",39.944249,-75.181936,1400000US42101001302,42101001302,PA,Philadelphia County
THENDOR THERAPEUTICS LLC,33.907351,-81.305931,1400000US45063021037,45063021037,SC,Lexington County
"FLIK THERAPEUTICS, INC.",40.058687,-75.15921,1400000US42101026400,42101026400,PA,Philadelphia County
"NRG ONCOLOGY FOUNDATION, INC.",39.953571,-75.167569,1400000US42101000403,42101000403,PA,Philadelphia County
"FIBROTHERAPEUTICS, INC.",32.821408,-80.020589,1400000US45019002612,45019002612,SC,Charleston County
SHIFA BIOMEDICAL CORPORATION,40.065545,-75.531218,1400000US42029302104,42029302104,PA,Chester County
ECOG-ACRIN MEDICAL RESEARCH FOUNDATION,39.95285,-75.170455,1400000US42101000404,42101000404,PA,Philadelphia County
NURELM E-BUSINESS SOFTWARE,40.459723,-79.928112,1400000US42003111500,42003111500,PA,Allegheny County
INTEGRAL MOLECULAR,39.956954,-75.197024,1400000US42101009100,42101009100,PA,Philadelphia County
"CHEMIA BIOSCIENCES, INC.",40.421602,-79.921022,1400000US42003141400,42003141400,PA,Allegheny County
"VOLUMETRIX, LLC",36.131323,-86.808506,1400000US47037016800,47037016800,TN,Davidson County
HEPATITIS B FOUNDATION,40.336131,-75.125272,1400000US42017104503,42017104503,PA,Bucks County
"ST. JUDE CHILDREN'S RESEARCH HOSPITAL GRADUATE SCHOOL OF BIOMEDICAL SCIENCES, LLC",35.154349,-90.043623,1400000US47157011300,47157011300,TN,Shelby County
"BEHAIVIOR, LLC",40.446287,-79.947899,1400000US42003040400,42003040400,PA,Allegheny County
DUO ONCOLOGY INC,40.440683,-79.956021,1400000US42003040500,42003040500,PA,Allegheny County
"RTM VITAL SIGNS, LLC",40.129725,-75.180006,1400000US42091201406,42091201406,PA,Montgomery County
GEISINGER CLINIC,40.969762,-76.60444,1400000US42093050200,42093050200,PA,Montour County
"BASIC HEALTH INTERNATIONAL, INC.",40.695964,-73.993597,1400000US36047000502,36047000502,NY,Kings County
"NUBAD, LLC",34.817674,-82.411889,1400000US45045002103,45045002103,SC,Greenville County
"TAVO BIOTHERAPEUTICS, INC",35.12911,-89.88245,1400000US47157009600,47157009600,TN,Shelby County
MIDDLE TENNESSEE STATE UNIVERSITY,35.843821,-86.370629,1400000US47149041500,47149041500,TN,Rutherford County
FRANKLIN AND MARSHALL COLLEGE,40.048753,-76.315099,1400000US42071011805,42071011805,PA,Lancaster County
COLUMBIA INTERNATIONAL UNIVERSITY,34.08122,-81.069502,1400000US45079010501,45079010501,SC,Richland County
SWARTHMORE COLLEGE,39.906349,-75.351058,1400000US42045407600,42045407600,PA,Delaware County
ARCADIA UNIVERSITY,40.090565,-75.163288,1400000US42091202500,42091202500,PA,Montgomery County
SAINT JOSEPH'S UNIVERSITY,39.993744,-75.239641,1400000US42101011700,42101011700,PA,Philadelphia County
HAVERFORD COLLEGE,40.012026,-75.299434,1400000US42091205300,42091205300,PA,Montgomery County
BRYN MAWR COLLEGE,40.021835,-75.322234,1400000US42091205000,42091205000,PA,Montgomery County
SOUTH DAKOTA STATE UNIVERSITY,44.306715,-96.786041,1400000US46011958900,46011958900,SD,Brookings County
"BUTLER HOSPITAL (PROVIDENCE, RI)",41.843586,-71.379656,1400000US44007003400,44007003400,RI,Providence County
UNIVERSITY OF SOUTH CAROLINA,34.994269,-81.969809,1400000US45083021806,45083021806,SC,Spartanburg County
UNIVERSITY OF SOUTH CAROLINA AT AIKEN,33.573375,-81.766802,1400000US45003021300,45003021300,SC,Aiken County
WINTHROP UNIVERSITY,34.938697,-81.029178,1400000US45091060600,45091060600,SC,York County
BARUCH S. BLUMBERG INSTITUTE,40.336131,-75.125272,1400000US42017104503,42017104503,PA,Bucks County
VANISH THERAPEUTICS INC.,40.664788,-80.088989,1400000US42003411002,42003411002,PA,Allegheny County
"TREVARX BIOMEDICAL, INC.",39.956457,-75.195622,1400000US42101009100,42101009100,PA,Philadelphia County
TENNESSEE STATE UNIVERSITY,36.168333,-86.828524,1400000US47037013600,47037013600,TN,Davidson County
"LIPO-IMMUNO TECH, LLC",32.908565,-79.819092,1400000US45019004616,45019004616,SC,Charleston County
UROGENIE LLC,40.228972,-75.012037,1400000US42017105013,42017105013,PA,Bucks County
UNIVERSITY CITY SCIENCE CENTER,39.956954,-75.197024,1400000US42101009100,42101009100,PA,Philadelphia County
"CONSEGNA PHARMA, INC.",40.4299,-79.969825,1400000US42003160900,42003160900,PA,Allegheny County
OSTIIO LLC,39.939728,-75.198112,1400000US42101003300,42101003300,PA,Philadelphia County
BLACK HILLS CTR/AMERICAN INDIAN HEALTH,44.08023,-103.229191,1400000US46103010202,46103010202,SD,Pennington County
"CONIFER POINT PHARMACEUTICALS, LLC",40.336131,-75.125272,1400000US42017104503,42017104503,PA,Bucks County
"MYRIAD SENSORS, INC.",37.397339,-122.074361,1400000US06085509201,06085509201,CA,Santa Clara County
"VIRTUOSO SURGICAL, INC.",36.101185,-86.872206,1400000US47037018201,47037018201,TN,Davidson County
"VERY REAL HELP, LLC",36.148346,-86.795727,1400000US47037016400,47037016400,TN,Davidson County
"BOLDEN THERAPEUTICS, INC.",41.83885,-71.387459,1400000US44007003400,44007003400,RI,Providence County
"AXONOVA MEDICAL, LLC",39.94248,-75.198681,1400000US42101003300,42101003300,PA,Philadelphia County
POLYGON HEALTH ANALYTICS LLC,40.277125,-75.196609,1400000US42017102004,42017102004,PA,Bucks County
VRM LABS INC,34.805816,-82.562178,1400000US45077010905,45077010905,SC,Pickens County
"PROTHERA BIOLOGICS, LLC",41.81837,-71.407849,1400000US44007000600,44007000600,RI,Providence County
"SOMATOCEUTICS, LLC",32.785964,-79.947431,1400000US45019000600,45019000600,SC,Charleston County
"EPIVARIO, LLC",39.94248,-75.198681,1400000US42101003300,42101003300,PA,Philadelphia County
"CYTOAGENTS, INC.",40.429124,-79.969542,1400000US42003160900,42003160900,PA,Allegheny County
NEURONASAL INC,40.595927,-80.081318,1400000US42003412003,42003412003,PA,Allegheny County
"HAGER BIOSCIENCES, LLC",40.602138,-75.360918,1400000US42095011300,42095011300,PA,Northampton County
"EQUA HEALTH, INC.",40.451011,-80.005192,1400000US42003562700,42003562700,PA,Allegheny County
"NIMBUS RESEARCH LABORATORY, LLC",41.834506,-71.392026,1400000US44007003400,44007003400,RI,Providence County
"PALMETTO INNOVATIVE EDUCATION, LLC",32.914461,-79.812907,1400000US45019004616,45019004616,SC,Charleston County
NOUS BIOSCIENCES INC,40.33238,-75.125335,1400000US42017104503,42017104503,PA,Bucks County
"SIRPANT IMMUNOTHERAPEUTICS, INC.",39.952951,-77.701712,1400000US42055011302,42055011302,PA,Franklin County
HEALING INNOVATIONS INC,36.157587,-86.769967,1400000US47037019503,47037019503,TN,Davidson County
"VENATORX PHARMACEUTICALS, INC.",40.074659,-75.485468,1400000US42029300107,42029300107,PA,Chester County
"SHIP OF THESEUS, LLC",39.949585,-75.224263,1400000US42101008000,42101008000,PA,Philadelphia County
"FOX LEARNING SYSTEMS, INC.",40.425951,-80.048689,1400000US42003469000,42003469000,PA,Allegheny County
"SERENTRIX, LLC",40.057411,-75.656393,1400000US42029304403,42029304403,PA,Chester County
"OVARYIT, LLC",30.443357,-84.276212,1400000US12073000200,12073000200,FL,Leon County
"RESPAIR, INC.",40.459464,-79.917932,1400000US42003111500,42003111500,PA,Allegheny County
PRISMA HEALTH - UPSTATE,34.821513,-82.413605,1400000US45045002103,45045002103,SC,Greenville County
GREENWOOD GENETIC CENTER,34.172709,-82.165506,1400000US45047970401,45047970401,SC,Greenwood County
AMERICAN ASSOCIATION FOR CANCER RESEARCH,39.949341,-75.150986,1400000US42101000101,42101000101,PA,Philadelphia County
"PRAEVENTIX, LLC",40.064381,-75.686701,1400000US42029304406,42029304406,PA,Chester County
ALBERT EINSTEIN HEALTHCARE NETWORK,40.03515,-75.144702,1400000US42101028200,42101028200,PA,Philadelphia County
"INTEGRATED MICRO-CHROMATOGRAPHY SYSTEMS, INC.",34.092755,-81.15786,1400000US45079010304,45079010304,SC,Richland County
AVERA MCKENNAN,43.534579,-96.711411,1400000US46099000500,46099000500,SD,Minnehaha County
"RESILIENT LIFESCIENCE, INC.",40.451011,-80.005192,1400000US42003562700,42003562700,PA,Allegheny County
"MINDTRACE TECHNOLOGIES, INC.",40.442422,-80.001087,1400000US42003020100,42003020100,PA,Allegheny County
"RESPANA THERAPEUTICS, INC.",39.956538,-75.196276,1400000US42101009100,42101009100,PA,Philadelphia County
"LEUKOGENE THERAPEUTICS, INC.",32.743222,-80.210577,1400000US45019002504,45019002504,SC,Charleston County
VETERANS HEALTH FOUNDATION,40.445977,-79.962428,1400000US42003051000,42003051000,PA,Allegheny County
BAPTIST MEMORIAL HOSPITAL - TIPTON,35.534504,-89.677361,1400000US47167040601,47167040601,TN,Tipton County
CERULEAN SCIENTIFIC INC.,40.071103,-76.210522,1400000US42071013101,42071013101,PA,Lancaster County
"FOX CHASE CHEMICAL DIVERSITY CENTER, INC",40.336131,-75.125272,1400000US42017104503,42017104503,PA,Bucks County
SPARTANBURG REGIONAL MEDICAL CENTER,34.967658,-81.941066,1400000US45083020301,45083020301,SC,Spartanburg County
"UT-BATTELLE, LLC-OAK RIDGE NATIONAL LAB",36.015713,-84.251251,1400000US47001020100,47001020100,TN,Anderson County
STEELWORKER CHARITABLE/EDUCATIONAL ORG,40.448765,-79.991418,1400000US42003020300,42003020300,PA,Allegheny County
"AMERSA, INC.",41.758266,-71.459106,1400000US44007013900,44007013900,RI,Providence County
APOGEE BIOTECHNOLOGY CORPORATION,40.258924,-76.648669,1400000US42043024102,42043024102,PA,Dauphin County
LANKENAU INSTITUTE FOR MEDICAL RESEARCH,39.988374,-75.254297,1400000US42091205503,42091205503,PA,Montgomery County
UNIVERSITY OF TENNESSEE MARTIN,36.344329,-88.858264,1400000US47183968203,47183968203,TN,Weakley County
BLACK HILLS STATE UNIVERSITY,44.495415,-103.870184,1400000US46081966301,46081966301,SD,Lawrence County
UNIVERSITY OF TENNESSEE CHATTANOOGA,35.045822,-85.299815,1400000US47065012400,47065012400,TN,Hamilton County
WEST CHESTER UNIVERSITY OF PENNSYLVANIA,39.953165,-75.597523,1400000US42029980000,42029980000,PA,Chester County
SALVE REGINA UNIVERSITY,41.473768,-71.299028,1400000US44005040900,44005040900,RI,Newport County
BRYANT UNIVERSITY,41.920445,-71.534004,1400000US44007012601,44007012601,RI,Providence County
"IMMUNO TECHNOLOGIES, INC.",35.139448,-90.029511,1400000US47157003800,47157003800,TN,Shelby County
BENEDICT COLLEGE,34.012467,-81.021934,1400000US45079001000,45079001000,SC,Richland County
"ZYLO THERAPEUTICS, INC.",34.849414,-82.398467,1400000US45045000200,45045000200,SC,Greenville County
JUNIATA COLLEGE,40.498687,-78.017271,1400000US42061950400,42061950400,PA,Huntingdon County
COLLEGE ON PROBLEMS OF DRUG DEPENDENCE,40.005037,-75.152512,1400000US42101020101,42101020101,PA,Philadelphia County
KENT COUNTY MEMORIAL HOSPITAL,41.706288,-71.478351,1400000US44003022100,44003022100,RI,Kent County
"QUANTUMBIO, INC.",40.762823,-77.880792,1400000US42027011501,42027011501,PA,Centre County
SALUS UNIVERSITY,40.085973,-75.128036,1400000US42091202301,42091202301,PA,Montgomery County
"PRO-CHANGE BEHAVIOR SYSTEMS, INC.",41.451027,-71.497523,1400000US44009051201,44009051201,RI,Washington County
ALLEGHENY-SINGER RESEARCH INSTITUTE,40.457062,-80.003694,1400000US42003565100,42003565100,PA,Allegheny County
"ADVAC THERAPEUTIC, LLC",39.936445,-75.183641,1400000US42101002000,42101002000,PA,Philadelphia County
HARLINGENE LIFE SCIENCES LLC,40.33238,-75.125335,1400000US42017104503,42017104503,PA,Bucks County
"PROGENRA, INC.",40.060849,-75.539217,1400000US42029302104,42029302104,PA,Chester County
THE ACADEMY OF NATURAL SCIENCES OF PHILADELPHIA,39.957946,-75.171447,1400000US42101000300,42101000300,PA,Philadelphia County
"RTUTOR, LLC",43.512419,-96.666755,1400000US46099001806,46099001806,SD,Minnehaha County
VIORA HEALTH INC,39.955933,-75.19146,1400000US42101009000,42101009000,PA,Philadelphia County
"OMEGAQUANT ANALYTICS, LLC",43.543804,-96.786072,1400000US46099001002,46099001002,SD,Minnehaha County
"ABZYME THERAPEUTICS, LLC",40.232732,-75.55125,1400000US42091208603,42091208603,PA,Montgomery County
"MYEXPOSOME, INC.",39.939573,-75.145332,1400000US42101001600,42101001600,PA,Philadelphia County
MERLIN THERAPEUTICS INC,40.076553,-75.334812,1400000US42091205906,42091205906,PA,Montgomery County
PEDIADOSE LLC,40.814652,-74.523366,1400000US34027043402,34027043402,NJ,Morris County
BUCKNELL UNIVERSITY,40.97274,-76.91844,1400000US42119980501,42119980501,PA,Union County
CLAFLIN UNIVERSITY,33.495919,-80.855463,1400000US45075011200,45075011200,SC,Orangeburg County
"ADVENT THERAPEUTICS, INC.",40.401209,-75.04759,1400000US42017104301,42017104301,PA,Bucks County
SOUTH CAROLINA STATE UNIVERSITY,33.581944,-80.818056,1400000US45075010803,45075010803,SC,Orangeburg County
"JBS SCIENCE, INC.",40.336131,-75.125272,1400000US42017104503,42017104503,PA,Bucks County
SPECTRAGENETICS,40.4299,-79.969825,1400000US42003160900,42003160900,PA,Allegheny County
MACHINE AND HUMAN INTERACTION LLC.,34.670239,-82.815239,1400000US45077011206,45077011206,SC,Pickens County
"COGNITION THERAPEUTICS, INC.",40.4299,-79.969825,1400000US42003160900,42003160900,PA,Allegheny County
"YAYA SCIENTIFIC, LLC",35.886107,-84.215643,1400000US47093005810,47093005810,TN,Knox County
UT SOUTHWESTERN MEDICAL CENTER,32.811963,-96.837534,1400000US48113010001,48113010001,TX,Dallas County
TEXAS A&M UNIVERSITY HEALTH SCIENCE CTR,30.551654,-96.242881,1400000US48041002009,48041002009,TX,Brazos County
UNIVERSITY OF UTAH,40.764542,-111.850317,1400000US49035101402,49035101402,UT,Salt Lake County
UNIVERSITY OF TEXAS SAN ANTONIO,29.567119,-98.605723,1400000US48029181819,48029181819,TX,Bexar County
UNIVERSITY OF TEXAS ARLINGTON,32.728201,-97.112604,1400000US48439122300,48439122300,TX,Tarrant County
UNIVERSITY OF TEXAS MED BR GALVESTON,29.311028,-94.778007,1400000US48167724300,48167724300,TX,Galveston County
UNIVERSITY OF TEXAS HLTH SCIENCE CENTER,29.513091,-98.577742,1400000US48029181402,48029181402,TX,Bexar County
RICE UNIVERSITY,29.717236,-95.402761,1400000US48201980300,48201980300,TX,Harris County
METHODIST HOSPITAL RESEARCH INSTITUTE,29.707454,-95.399168,1400000US48201313102,48201313102,TX,Harris County
DELL FEDERAL SYSTEMS L.P.,30.515111,-97.672706,1400000US48491020701,48491020701,TX,Williamson County
UNIVERSITY OF HOUSTON,29.718091,-95.336483,1400000US48201312000,48201312000,TX,Harris County
UNIVERSITY OF NORTH TEXAS,33.21077,-97.147769,1400000US48121021000,48121021000,TX,Denton County
TEXAS ENGINEERING EXPERIMENT STATION,30.561542,-96.253207,1400000US48041002009,48041002009,TX,Brazos County
TEXAS A&M UNIVERSITY,30.605876,-96.368771,1400000US48041000207,48041000207,TX,Brazos County
BAYLOR COLLEGE OF MEDICINE,29.70926,-95.400851,1400000US48201313102,48201313102,TX,Harris County
TEXAS TECH UNIVERSITY HEALTH SCIS CENTER,33.592746,-101.898787,1400000US48303000501,48303000501,TX,Lubbock County
UNIVERSITY OF TX MD ANDERSON CAN CTR,29.706319,-95.397195,1400000US48201313102,48201313102,TX,Harris County
HEALTHY TARRANT COUNTY COLLABORATION,32.765454,-97.252866,1400000US48439106507,48439106507,TX,Tarrant County
ASIAN AMERICAN HEALTH COALITION/HOUSTON,29.715091,-95.553787,1400000US48201433005,48201433005,TX,Harris County
"MIGRANT CLINICIANS NETWORK, INC.",30.266878,-97.788025,1400000US48453001910,48453001910,TX,Travis County
UNIVERSITY OF TEXAS HLTH SCI CTR HOUSTON,29.703025,-95.403303,1400000US48201412202,48201412202,TX,Harris County
"CLAIRVOYANT NETWORKS, INC.",30.269224,-97.866273,1400000US48453001921,48453001921,TX,Travis County
UNIVERSITY OF NORTH TEXAS HLTH SCI CTR,32.749542,-97.36903,1400000US48439102101,48439102101,TX,Tarrant County
UNIVERSITY OF TEXAS AT AUSTIN,30.291188,-97.737568,1400000US48453000601,48453000601,TX,Travis County
TEXAS STATE UNIVERSITY,29.888774,-97.937445,1400000US48209010200,48209010200,TX,Hays County
HILLMED INC,29.71033,-95.748508,1400000US48157673009,48157673009,TX,Fort Bend County
BAYLOR UNIVERSITY,31.555713,-97.121401,1400000US48309000100,48309000100,TX,McLennan County
COLLIGA APPS CORP.,25.763047,-80.190448,1400000US12086006721,12086006721,FL,Miami-Dade County
TEXAS BIOMEDICAL RESEARCH INSTITUTE,29.41514,-98.635627,1400000US48029171801,48029171801,TX,Bexar County
TEXAS TECH UNIVERSITY HEALTH SCIENCES CENTER AT EL PASO,31.769999,-106.431625,1400000US48141003000,48141003000,TX,El Paso County
UNIVERSITY OF TEXAS EL PASO,31.770518,-106.504149,1400000US48141001502,48141001502,TX,El Paso County
TEXAS A&M AGRILIFE RESEARCH,30.611331,-96.348373,1400000US48041002017,48041002017,TX,Brazos County
UNIVERSITY OF TEXAS DALLAS,32.991725,-96.743697,1400000US48085031814,48085031814,TX,Collin County
UNIVERSITY OF VERMONT & ST AGRIC COLLEGE,44.478282,-73.201079,1400000US50007003900,50007003900,VT,Chittenden County
UNIVERSITY OF TEXAS RIO GRANDE VALLEY,26.305206,-98.175972,1400000US48215024001,48215024001,TX,Hidalgo County
BRIGHAM YOUNG UNIVERSITY,40.226908,-111.6914,1400000US49049002206,49049002206,UT,Utah County
UNIVERSITY OF TEXAS HLTH CTR AT TYLER,32.398669,-95.243419,1400000US48423001701,48423001701,TX,Smith County
"RIDGELINE THERAPEUTICS, LLC",29.305007,-94.791275,1400000US48167724500,48167724500,TX,Galveston County
TEXAS SOUTHERN UNIVERSITY,29.724646,-95.362731,1400000US48201312800,48201312800,TX,Harris County
TARLETON STATE UNIVERSITY,32.213942,-98.216494,1400000US48143950502,48143950502,TX,Erath County
TEXAS TECH UNIVERSITY,33.584696,-101.872767,1400000US48303000502,48303000502,TX,Lubbock County
TEXAS A&M UNIVERSITY-KINGSVILLE,27.522587,-97.880803,1400000US48273020302,48273020302,TX,Kleberg County
UTAH STATE UNIVERSITY,41.746323,-111.810684,1400000US49005000702,49005000702,UT,Cache County
"AXCEND, LLC",40.6326,-111.80229,1400000US49035111002,49035111002,UT,Salt Lake County
"INHERENT BIOSCIENCES, INC.",40.767987,-111.904471,1400000US49035102501,49035102501,UT,Salt Lake County
"QUALIA OTO, INC.",32.986829,-96.757703,1400000US48085031812,48085031812,TX,Collin County
CELLCHORUS INC.,37.655719,-122.401951,1400000US06081602300,06081602300,CA,San Mateo County
CALLENTIS CONSULTING GROUP LLC,30.254632,-97.743423,1400000US48453001401,48453001401,TX,Travis County
CURZA INC,40.302209,-111.65697,1400000US49049001401,49049001401,UT,Utah County
"PUPIL BIO, INC.",29.707325,-95.421428,1400000US48201412300,48201412300,TX,Harris County
BIOPROVAR CORPORATION,29.658218,-95.519969,1400000US48201423304,48201423304,TX,Harris County
"THE SWEET I AM, PLLC",32.60842,-97.046265,1400000US48439111566,48439111566,TX,Tarrant County
MARCH BIOSCIENCES INC,29.703201,-95.383171,1400000US48201313901,48201313901,TX,Harris County
"KERACEUTICALS, INC.",29.521207,-98.657418,1400000US48029181703,48029181703,TX,Bexar County
MEDICAL ELUTION DEVICES LLC,30.33086,-97.758969,1400000US48453000101,48453000101,TX,Travis County
MATERIALS NOVA LIMITED LIABILITY COMPANY,30.399022,-97.766671,1400000US48453032800,48453032800,TX,Travis County
"BACKSTOP NEURAL, INC.",32.986829,-96.757703,1400000US48085031812,48085031812,TX,Collin County
"VIA THERAPEUTICS, LLC",30.45142,-97.815342,1400000US48491020404,48491020404,TX,Williamson County
"MARKER THERAPEUTICS, INC.",47.633492,-122.32632,1400000US53033006600,53033006600,WA,King County
KINETIQ THERAPEUTICS LLC,32.75035,-97.366996,1400000US48439102101,48439102101,TX,Tarrant County
HYDROGENE THERAPEUTICS INC,29.771183,-95.494709,1400000US48201430300,48201430300,TX,Harris County
"MAX-IR LABS, LLC",33.010903,-96.728579,1400000US48085031808,48085031808,TX,Collin County
SAGESPECTRA INC.,30.379505,-95.546025,1400000US48339693701,48339693701,TX,Montgomery County
"BASE PAIR BIOTECHNOLOGIES, INC.",29.559541,-95.364286,1400000US48039660610,48039660610,TX,Brazoria County
UNIVERSITY OF TEXAS OF THE PERMIAN BASIN,31.888169,-102.324113,1400000US48135002400,48135002400,TX,Ector County
"UTAH NAVAJO HEALTH SYSTEM, INC.",37.258327,-109.313639,1400000US49037942000,49037942000,UT,San Juan County
UNIVERSITY OF TEXAS TYLER,32.312621,-95.249747,1400000US48423001803,48423001803,TX,Smith County
TEXAS WOMAN'S UNIVERSITY,33.22653,-97.12907,1400000US48121020601,48121020601,TX,Denton County
"IHC HEALTH SERVICES, INC.",40.768629,-111.888582,1400000US49035114000,49035114000,UT,Salt Lake County
TEXAS HEART INSTITUTE,29.706349,-95.399198,1400000US48201313102,48201313102,TX,Harris County
PRAIRIE VIEW AGRI & MECH UNIVERSITY,30.081335,-95.992865,1400000US48473680301,48473680301,TX,Waller County
TRINITY UNIVERSITY,29.478611,-98.487222,1400000US48029190800,48029190800,TX,Bexar County
SOUTHERN METHODIST UNIVERSITY,32.844347,-96.785695,1400000US48113019302,48113019302,TX,Dallas County
"NANOHMICS, INC.",30.215032,-97.71178,1400000US48453002313,48453002313,TX,Travis County
UNIVERSITY OF THE INCARNATE WORD,29.466677,-98.463734,1400000US48029192000,48029192000,TX,Bexar County
"NEONEURON, LLC",37.414792,-122.128531,1400000US06085510600,06085510600,CA,Santa Clara County
BRIDGESOURCE MEDICAL CORPORATION,30.368336,-97.732287,1400000US48453040400,48453040400,TX,Travis County
IMAGEN BIOWORKS INC.,29.704957,-95.426551,1400000US48201413203,48201413203,TX,Harris County
"7 HILLS PHARMA, LLC",29.707269,-95.408671,1400000US48201412201,48201412201,TX,Harris County
"MERIDIAN BIOTECH, LLC",30.157921,-95.470662,1400000US48339691700,48339691700,TX,Montgomery County
SAM HOUSTON STATE UNIVERSITY,30.715211,-95.549345,1400000US48471790800,48471790800,TX,Walker County
"CLEARNANO, INC.",33.089836,-96.73668,1400000US48085031641,48085031641,TX,Collin County
"VENOSTENT, INC.",36.127483,-86.796006,1400000US47037016900,47037016900,TN,Davidson County
REBEL MEDICINE INC,40.763143,-111.867209,1400000US49035101700,49035101700,UT,Salt Lake County
OLERA INC.,30.634612,-96.350945,1400000US48041001002,48041001002,TX,Brazos County
"EVERGLADES BIOPHARMA, LLC",25.862038,-80.123238,1400000US12086003913,12086003913,FL,Miami-Dade County
"LYNNTECH, INC.",30.615786,-96.289591,1400000US48041002001,48041002001,TX,Brazos County
"NCAP MEDICAL, LLC",40.496171,-111.420356,1400000US49051960100,49051960100,UT,Wasatch County
"KJ BIOSCIENCES, LLC",30.578262,-96.302815,1400000US48041001803,48041001803,TX,Brazos County
HEALTH DISCOVERY LABS LLC,30.202217,-97.875118,1400000US48453034800,48453034800,TX,Travis County
NEMALIFE INC.,33.538328,-101.8934,1400000US48303001908,48303001908,TX,Lubbock County
"ALLEVIANT MEDICAL, INC.",29.705032,-95.407546,1400000US48201412201,48201412201,TX,Harris County
CATHPRO TECHNOLOGIES LLC,40.729282,-111.867139,1400000US49035103300,49035103300,UT,Salt Lake County
"SANO CHEMICALS, INC",30.572868,-96.300825,1400000US48041001804,48041001804,TX,Brazos County
CONSTANTIAM BIOSCIENCES INC.,29.702838,-95.76467,1400000US48157673010,48157673010,TX,Fort Bend County
"GLYCOMIRA, LLC",39.160349,-75.556763,1400000US10001040700,10001040700,DE,Kent County
TEXAS CHRISTIAN UNIVERSITY,32.711709,-97.360526,1400000US48439104203,48439104203,TX,Tarrant County
"ATOMO, INC",30.306592,-97.826727,1400000US48453001912,48453001912,TX,Travis County
"PHOTOPHARMICS, INC.",40.422131,-111.807326,1400000US49049010223,49049010223,UT,Utah County
"FANNIN PARTNERS, LLC",29.74013,-95.442729,1400000US48201411505,48201411505,TX,Harris County
ST. MARY'S UNIVERSITY,29.451933,-98.560605,1400000US48029171302,48029171302,TX,Bexar County
AMERICAN SOCIETY FOR NEUROCHEMISTRY,28.503513,-81.509122,1400000US12095014814,12095014814,FL,Orange County
"MICROBRIGHTFIELD, LLC",44.452549,-73.10313,1400000US50007003101,50007003101,VT,Chittenden County
"PROACTIVE MEMORY SERVICES, INC.",40.756362,-111.826562,1400000US49035101402,49035101402,UT,Salt Lake County
PROLOCOR INC.,44.388716,-73.18016,1400000US50007003401,50007003401,VT,Chittenden County
"VIVOVERSE, LLC",30.301036,-97.753017,1400000US48453001603,48453001603,TX,Travis County
VETERANS EDUCATION/RES/ASSN/NORTH/NE,43.650065,-72.321988,1400000US50027965600,50027965600,VT,Windsor County
EL PASO COMMUNITY COLLEGE,31.773836,-106.369983,1400000US48141003404,48141003404,TX,El Paso County
VATHES INC.,29.736588,-95.391612,1400000US48201410705,48201410705,TX,Harris County
"PHOENIX PHARMALABS, INC.",40.871866,-111.929463,1400000US49011127005,49011127005,UT,Davis County
"MEDCOGNITION, INC.",29.608369,-98.533161,1400000US48029191806,48029191806,TX,Bexar County
GENEIAL LLC,29.525902,-95.531735,1400000US48157674508,48157674508,TX,Fort Bend County
"MICROGEN, LLC",29.378927,-94.968405,1400000US48167726200,48167726200,TX,Galveston County
BERKSHIRE BIOMEDICAL CORPORATION,32.864477,-96.810778,1400000US48113007301,48113007301,TX,Dallas County
"AVIARA PHARMACEUTICALS, INC.",29.703025,-95.403303,1400000US48201412202,48201412202,TX,Harris County
ASTERO ERADO INC,30.611129,-96.285311,1400000US48041002001,48041002001,TX,Brazos County
"NANOSCOPE TECHNOLOGIES, LLC",32.777744,-97.122038,1400000US48439113107,48439113107,TX,Tarrant County
"EPITEL, INC.",40.759411,-111.826696,1400000US49035101402,49035101402,UT,Salt Lake County
"AYUVIS RESEARCH, INC.",32.880189,-96.879029,1400000US48113009803,48113009803,TX,Dallas County
"ACCEL DIAGNOSTICS, LLC",40.458672,-79.93185,1400000US42003111500,42003111500,PA,Allegheny County
COOK CHILDREN'S MEDICAL CENTER,32.736965,-97.341537,1400000US48439123700,48439123700,TX,Tarrant County
"ANEBULO PHARMACEUTICALS, INC.",30.348173,-97.963858,1400000US48453031500,48453031500,TX,Travis County
BAYLOR RESEARCH INSTITUTE,32.792138,-96.784998,1400000US48113002200,48113002200,TX,Dallas County
"ECHELON BIOSCIENCES, INC.",40.755448,-111.827522,1400000US49035101402,49035101402,UT,Salt Lake County
"INFORMAI, INC.",30.044885,-95.153086,1400000US48201250902,48201250902,TX,Harris County
BONDWELL TECHNOLOGIES LP,30.56757,-96.29888,1400000US48041002006,48041002006,TX,Brazos County
AAKHA BIOLOGICS INC.,32.817982,-96.838637,1400000US48113000401,48113000401,TX,Dallas County
SONARA HEALTH INC,32.8779,-96.8531,1400000US48113009401,48113009401,TX,Dallas County
NORTHERN VERMONT UNIVERSITY-JOHNSON,44.64258,-72.6699,1400000US50015953200,50015953200,VT,Lamoille County
ASCLEPIA TECHNOLOGY LLC,29.609248,-95.610006,1400000US48157671700,48157671700,TX,Fort Bend County
TEXAS A&M TRANSPORTATION INSTITUTE,30.611331,-96.348373,1400000US48041002017,48041002017,TX,Brazos County
MIDDLEBURY COLLEGE,44.011482,-73.171608,1400000US50001960800,50001960800,VT,Addison County
RETINA FOUNDATION OF THE SOUTHWEST,32.676861,-96.731446,1400000US48113020200,48113020200,TX,Dallas County
SPARK BIOMEDICAL INC,29.486304,-95.184829,1400000US48167720400,48167720400,TX,Galveston County
"MORGRIDGE INSTITUTE FOR RESEARCH, INC.",43.061468,-89.456723,1400000US55025000302,55025000302,WI,Dane County
VITERBO UNIVERSITY,43.795836,-91.221089,1400000US55063001101,55063001101,WI,La Crosse County
VIRGINIA POLYTECHNIC INST AND ST UNIV,37.233061,-80.421005,1400000US51121020301,51121020301,VA,Montgomery County
UNIVERSITY OF VIRGINIA,38.050527,-78.500531,1400000US51540000700,51540000700,VA,Charlottesville city
SEATTLE CHILDREN'S HOSPITAL,47.66243,-122.282291,1400000US53033004102,53033004102,WA,King County
UNIVERSITY OF WISCONSIN-MADISON,43.068519,-89.400858,1400000US55025001606,55025001606,WI,Dane County
INOVA HEALTH CARE SERVICES,38.869562,-77.224954,1400000US51059440201,51059440201,VA,Fairfax County
MEDICAL COLLEGE OF WISCONSIN,43.04575,-88.020374,1400000US55079185300,55079185300,WI,Milwaukee County
"FOUR POINTS TECHNOLOGY, LLC",38.873943,-77.462321,1400000US51059490105,51059490105,VA,Fairfax County
CARAHSOFT TECHNOLOGY CORPORATION,38.947303,-77.334375,1400000US51059481900,51059481900,VA,Fairfax County
UNIVERSITY OF WASHINGTON,47.660307,-122.315168,1400000US53033005305,53033005305,WA,King County
UNIVERSITY OF WYOMING,41.422527,-105.607196,1400000US56001962700,56001962700,WY,Albany County
WEST VIRGINIA UNIVERSITY,39.618877,-79.973319,1400000US54061011100,54061011100,WV,Monongalia County
VIRGINIA COMMONWEALTH UNIVERSITY,37.549807,-77.452775,1400000US51760040300,51760040300,VA,Richmond city
OLD DOMINION UNIVERSITY,36.888989,-76.303478,1400000US51710002500,51710002500,VA,Norfolk city
FRED HUTCHINSON CANCER CENTER,47.626482,-122.329606,1400000US53033006600,53033006600,WA,King County
MARSHFIELD CLINIC RESEARCH FOUNDATION,44.676281,-90.176745,1400000US55141010600,55141010600,WI,Wood County
GRUPO NEXOS INC.,18.420562,-66.053869,1400000US72127006301,72127006301,PR,San Juan Municipio
BENAROYA RESEARCH INST AT VIRGINIA MASON,47.609997,-122.329217,1400000US53033008200,53033008200,WA,King County
WASHINGTON STATE UNIVERSITY,46.728892,-117.155742,1400000US53075000500,53075000500,WA,Whitman County
UNIVERSITY OF PUERTO RICO MED SCIENCES,18.410481,-66.065613,1400000US72127006800,72127006800,PR,San Juan Municipio
ALLEN INSTITUTE,47.650084,-122.351604,1400000US53033004902,53033004902,WA,King County
GEORGE MASON UNIVERSITY,38.834433,-77.310955,1400000US51059440503,51059440503,VA,Fairfax County
INSTITUTE FOR SYSTEMS BIOLOGY,47.622538,-122.337533,1400000US53033007303,53033007303,WA,King County
BLOODWORKS,47.608454,-122.326344,1400000US53033008300,53033008300,WA,King County
"VERSITI WISCONSIN, INC.",43.037892,-87.935338,1400000US55079186400,55079186400,WI,Milwaukee County
PACIFIC NORTHWEST RESEARCH INSTITUTE,47.60871,-122.320223,1400000US53033008600,53033008600,WA,King County
UNIVERSIDAD CENTRAL DEL CARIBE,18.180281,-66.116276,1400000US72041240102,72041240102,PR,Cidra Municipio
SOCIETY OF BEHAVIORAL MEDICINE,43.041215,-87.904829,1400000US55079014400,55079014400,WI,Milwaukee County
"VIGNET, INC.",38.887909,-77.389618,1400000US51059482604,51059482604,VA,Fairfax County
"EVIDENCE-BASED PRACTICE INSTITUTE, INC.",47.590979,-122.290162,1400000US53033009500,53033009500,WA,King County
UNIVERSITY OF WISCONSIN MILWAUKEE,43.075704,-87.877999,1400000US55079007400,55079007400,WI,Milwaukee County
"SERPIN PHARMA, LLC",38.637681,-77.530659,1400000US51153901305,51153901305,VA,Prince William County
"2MORROW, INC",47.675686,-122.183675,1400000US53033022604,53033022604,WA,King County
UNIVERSITY OF GUAM,13.461978,144.794011,1400000US66010952700,66010952700,GU,Guam
COMPREHENSIVE CANCER CENTER/ UNIV/PR,18.388812,-66.073302,1400000US72127008400,72127008400,PR,San Juan Municipio
"RETHAM TECHNOLOGIES, INC.",43.083146,-88.146361,1400000US55133200804,55133200804,WI,Waukesha County
EASTERN WASHINGTON UNIVERSITY,47.43942,-117.62736,1400000US53063014200,53063014200,WA,Spokane County
UNIVERSITY OF WISCONSIN EAU CLAIRE,44.798919,-91.502778,1400000US55035001700,55035001700,WI,Eau Claire County
SEATTLE INST FOR BIOMEDICAL/CLINICAL RES,47.562729,-122.308098,1400000US53033010001,53033010001,WA,King County
CENTER FOR OPEN SCIENCE,38.031371,-78.484932,1400000US51540001000,51540001000,VA,Charlottesville city
JAMES MADISON UNIVERSITY,38.434377,-78.874712,1400000US51660000206,51660000206,VA,Harrisonburg city
MARSHALL UNIVERSITY,38.416466,-82.44721,1400000US54011010900,54011010900,WV,Cabell County
HDT BIO CORPORATION,47.632744,-122.321885,1400000US53033006600,53033006600,WA,King County
"POTLUCK, LLC",39.938861,-75.158171,1400000US42101002400,42101002400,PA,Philadelphia County
TRULY TECHNOLOGIES LLC,47.626167,-122.101965,1400000US53033023000,53033023000,WA,King County
"STEM PHARM, INC.",43.078624,-89.371462,1400000US55025001901,55025001901,WI,Dane County
SAN JUAN BAUTISTA SCHOOL OF MEDICINE,18.23305,-66.036044,1400000US72025201000,72025201000,PR,Caguas Municipio
MARQUETTE UNIVERSITY,43.038728,-87.923307,1400000US55079186400,55079186400,WI,Milwaukee County
SAPIEN HEALTH LLC,38.881482,-77.115129,1400000US51013101409,51013101409,VA,Arlington County
INTERNATIONAL ASSN FOR DENTAL RESEARCH,38.804428,-77.059057,1400000US51510201900,51510201900,VA,Alexandria city
UNLOCKED LABS INC.,41.318839,-105.567771,1400000US56001963500,56001963500,WY,Albany County
"ORLANCE, INC.",47.567886,-122.313367,1400000US53033010001,53033010001,WA,King County
SPACERX LLC,38.94961,-77.352415,1400000US51059482301,51059482301,VA,Fairfax County
"BIOTHERAPEUTICS, INC.",37.202823,-80.410885,1400000US51121020701,51121020701,VA,Montgomery County
"CYRUS BIOTECHNOLOGY, INC.",47.623265,-122.330183,1400000US53033007301,53033007301,WA,King County
"SCARAB GENOMICS, LLC",43.035605,-89.402688,1400000US55025001401,55025001401,WI,Dane County
"FUNCTION THERAPEUTICS, INC.",43.05103,-87.891682,1400000US55079186900,55079186900,WI,Milwaukee County
"UBITRIX INTERNATIONAL, INC.",43.153436,-87.910622,1400000US55079035200,55079035200,WI,Milwaukee County
IMGGYD LLC,43.095381,-89.507642,1400000US55025011000,55025011000,WI,Dane County
"GMJ TECHNOLOGIES, INC.",47.862695,-122.167304,1400000US53061052114,53061052114,WA,Snohomish County
"ORA BIOMEDICAL, INC.",47.484156,-121.779398,1400000US53033032704,53033032704,WA,King County
"SALUS DISCOVERY, LLC",43.070584,-89.340811,1400000US55025010300,55025010300,WI,Dane County
"CIAN, INC.",43.078937,-88.256368,1400000US55133203305,55133203305,WI,Waukesha County
"DOTQUANT, LLC",47.770817,-122.298797,1400000US53033020402,53033020402,WA,King County
"VIRTICI, LLC",47.622399,-122.362481,1400000US53033007102,53033007102,WA,King County
"BARRON ASSOCIATES, INC.",38.075117,-78.495795,1400000US51003010702,51003010702,VA,Albemarle County
PHARMAIN CORPORATION,47.771876,-122.188929,1400000US53033021802,53033021802,WA,King County
"NOUR HEART, INC.",38.907689,-76.50006,1400000US24003701201,24003701201,MD,Anne Arundel County
D-PRIME LLC,38.910697,-77.171623,1400000US51059470900,51059470900,VA,Fairfax County
PONCE SCHOOL OF MEDICINE,18.01462,-66.614749,1400000US72113071200,72113071200,PR,Ponce Municipio
HAMPTON UNIVERSITY,37.025661,-76.347732,1400000US51650010601,51650010601,VA,Hampton city
BATTELLE PACIFIC NORTHWEST LABORATORIES,46.280405,-119.290503,1400000US53005010400,53005010400,WA,Benton County
"GREAT LAKES INTER-TRIBAL COUNCIL, INC.",45.981503,-89.915874,1400000US55125940000,55125940000,WI,Vilas County
NORTHWEST INDIAN COLLEGE,48.792039,-122.614,1400000US53073940002,53073940002,WA,Whatcom County
VIRGINIA STATE UNIVERSITY,37.21386,-77.45568,1400000US51053840400,51053840400,VA,Dinwiddie County
EASTERN SHOSHONE TRIBE,43.003125,-108.882147,1400000US56013940100,56013940100,WY,Fremont County
LIVER INSTITUTE NORTHWEST PLLC,47.661734,-122.292576,1400000US53033004202,53033004202,WA,King County
SEATTLE PACIFIC UNIVERSITY,47.649053,-122.361714,1400000US53033005901,53033005901,WA,King County
CONFEDERATED TRIBES AND BANDS OF THE YAKAMA NATION,46.375135,-120.338197,1400000US53077940002,53077940002,WA,Yakima County
PROVIDENCE HEALTH & SERVICES - OREGON,45.533688,-122.617301,1400000US41051002702,41051002702,OR,Multnomah County
"LUNA LABS USA, LLC",38.036896,-78.486865,1400000US51540000201,51540000201,VA,Charlottesville city
VIRGINIA COLLEGE OF OSTEOPATHIC MEDICINE,37.199936,-80.406372,1400000US51121020701,51121020701,VA,Montgomery County
EASTERN VIRGINIA MEDICAL SCHOOL,36.855732,-76.295467,1400000US51710004002,51710004002,VA,Norfolk city
"PHASE GENOMICS, INC.",47.67118,-122.285148,1400000US53033004201,53033004201,WA,King County
NASONI LLC,36.891624,-76.437441,1400000US51800075105,51800075105,VA,Suffolk city
"ISA ASSOCIATES, INC.",38.805407,-77.039842,1400000US51510201802,51510201802,VA,Alexandria city
"AIQ SOLUTIONS, INC.",43.077083,-89.52616,1400000US55025010905,55025010905,WI,Dane County
"TALUS BIOSCIENCE, INC.",47.511928,-122.162788,1400000US53033025101,53033025101,WA,King County
CURI BIO INC,47.729868,-122.301402,1400000US53033000202,53033000202,WA,King County
HEALIONICS CORPORATION,47.648961,-122.333057,1400000US53033005401,53033005401,WA,King County
"MADISON SCIENTIFIC, INC.",43.070078,-89.514994,1400000US55025000204,55025000204,WI,Dane County
UNIVERSITY OF PUERTO RICO RIO PIEDRAS,18.409826,-66.062956,1400000US72127006701,72127006701,PR,San Juan Municipio
HEALING LODGE OF THE SEVEN NATIONS,47.647127,-117.32832,1400000US53063012300,53063012300,WA,Spokane County
"CONTRALINE, INC.",38.039789,-78.479965,1400000US51540001000,51540001000,VA,Charlottesville city
"NANOAFFIX SCIENCE, LLC",43.075676,-87.886505,1400000US55079007300,55079007300,WI,Milwaukee County
"RIVANNA MEDICAL, INC.",38.030118,-78.481809,1400000US51540001000,51540001000,VA,Charlottesville city
SPECTREE INC.,47.66185,-122.332179,1400000US53033005100,53033005100,WA,King County
"QENTOROS, LLC",37.220685,-80.450901,1400000US51121020201,51121020201,VA,Montgomery County
PRECISION QUANTOMICS INC,47.61404,-117.332127,1400000US53063013401,53063013401,WA,Spokane County
"KINEA BIO, INC.",47.617394,-122.354731,1400000US53033008003,53033008003,WA,King County
"SENSORIIS, INC.",47.80649,-122.334697,1400000US53061050402,53061050402,WA,Snohomish County
"SYNTRIX BIOSYSTEMS, INC.",47.309971,-122.24157,1400000US53033030501,53033030501,WA,King County
"ALPENGLOW BIOSCIENCES, INC.",47.651377,-122.298431,1400000US53033005303,53033005303,WA,King County
"VOXIMETRY, INC.",43.005018,-89.492293,1400000US55025010702,55025010702,WI,Dane County
RETIVUE,38.066096,-78.473117,1400000US51540000800,51540000800,VA,Charlottesville city
"ARCASCOPE, INC",38.872475,-77.433048,1400000US51059490101,51059490101,VA,Fairfax County
EMPATHY ROCKS INC,47.625776,-122.14448,1400000US53033023603,53033023603,WA,King County
"REMMIE, INC.",47.839945,-122.190257,1400000US53061052007,53061052007,WA,Snohomish County
DURAMETRIX LLC,42.92679,-87.948098,1400000US55079160102,55079160102,WI,Milwaukee County
AMPEDRNA BIOSCIENCES LLC,37.54426,-77.431266,1400000US51760030200,51760030200,VA,Richmond city
"UP ONCOLYTICS, INC.",43.056379,-87.886689,1400000US55079187000,55079187000,WI,Milwaukee County
"BSOLUTIONS, INC.",47.699509,-122.384822,1400000US53033001600,53033001600,WA,King County
VARIGEN BIOSCIENCES CORPORATION,43.057804,-89.476927,1400000US55025000408,55025000408,WI,Dane County
"BELLBROOK LABS, LLC",43.030573,-89.444075,1400000US55025001402,55025001402,WI,Dane County
"BIOPLATINUM TECHNOLOGIES, LLC",37.54426,-77.431266,1400000US51760030200,51760030200,VA,Richmond city
"INBIOS INTERNATIONAL, INC.",47.596463,-122.333924,1400000US53033009300,53033009300,WA,King County
3D MOLECULAR DESIGNS,43.043747,-87.909576,1400000US55079014400,55079014400,WI,Milwaukee County
"NEUROLOGIC SOLUTIONS, INC.",38.915457,-77.164701,1400000US51059470700,51059470700,VA,Fairfax County
"SPRINGBOK, INC.",38.04819,-78.505272,1400000US51540000700,51540000700,VA,Charlottesville city
SOOVU LABS INC,47.597887,-122.331025,1400000US53033009300,53033009300,WA,King County
"DNASTAR, INC.",43.06749,-89.439528,1400000US55025000800,55025000800,WI,Dane County
"GODX, INC.",33.729413,-117.757192,1400000US06059052436,06059052436,CA,Orange County
"PARABON NANOLABS, INC.",38.952091,-77.334591,1400000US51059481900,51059481900,VA,Fairfax County
AMERICAN INDIAN HIGHER EDUCATION CONSRTM,38.80914,-77.040579,1400000US51510201802,51510201802,VA,Alexandria city
"MODULATION THERAPEUTICS, INC.",39.75467,-75.627199,1400000US10003012000,10003012000,DE,New Castle County
BANFIELDBIO INC.,47.804271,-122.119518,1400000US53061051912,53061051912,WA,Snohomish County
"ILLEXCOR THERAPEUTICS, LLC",37.54426,-77.431266,1400000US51760030200,51760030200,VA,Richmond city
"LUMEN BIOSCIENCE, INC.",47.647813,-122.339269,1400000US53033005401,53033005401,WA,King County
"CANCER TARGETED TECHNOLOGY, LLC",47.755013,-122.148888,1400000US53033032319,53033032319,WA,King County
SAGE BIONETWORKS,47.62803,-122.330082,1400000US53033006600,53033006600,WA,King County
MARYMOUNT UNIVERSITY,38.90543,-77.127865,1400000US51013100300,51013100300,VA,Arlington County
TERATOLOGY SOCIETY,38.948468,-77.332357,1400000US51059481900,51059481900,VA,Fairfax County
AMERICAN COCHLEAR IMPLANT ALLIANCE FDN,38.915406,-77.151987,1400000US51059470900,51059470900,VA,Fairfax County
"XLOCK BIOSCIENCES, LLC",42.891978,-88.124961,1400000US55133201900,55133201900,WI,Waukesha County
COVE TECHNOLOGY CONSULTING LLC,47.582802,-122.522895,1400000US53035091002,53035091002,WA,Kitsap County
ST. VINCENT HOSPITAL,44.501495,-88.012749,1400000US55009001300,55009001300,WI,Brown County
"LAMPROGEN, INC.",47.679754,-122.285351,1400000US53033003900,53033003900,WA,King County
"SWEDISH MEDICAL CENTER, FIRST HILL",47.608392,-122.322135,1400000US53033008401,53033008401,WA,King County
"AURORA HEALTH CARE, INC.",43.026401,-87.920961,1400000US55079186800,55079186800,WI,Milwaukee County
"IMMUTO SCIENTIFIC, INC.",43.076915,-89.385695,1400000US55025001706,55025001706,WI,Dane County
WETA TV 26,38.84087,-77.086486,1400000US51013102904,51013102904,VA,Arlington County
ALTIUS INSTITUTE FOR BIOMEDICAL SCIENCES,47.611667,-122.347772,1400000US53033008002,53033008002,WA,King County
"RENEUROGEN, LLC",43.059133,-88.083607,1400000US55133201002,55133201002,WI,Waukesha County
"LYSSN.IO, INC.",47.6792,-122.283286,1400000US53033003900,53033003900,WA,King County
"MEDICAL CYBERWORLDS, INC.",43.068551,-89.584931,1400000US55025010907,55025010907,WI,Dane County
"PARASITE ID, CORP.",47.682436,-122.377524,1400000US53033003000,53033003000,WA,King County
"FLUGEN, INC.",43.054986,-89.47,1400000US55025000402,55025000402,WI,Dane County
UNIVERSITY OF PR CAYEY UNIVERSITY COLL,18.118281,-66.161033,1400000US72035260202,72035260202,PR,Cayey Municipio
WESTERN WASHINGTON UNIVERSITY,48.737922,-122.484154,1400000US53073001000,53073001000,WA,Whatcom County
UNIVERSITY OF RICHMOND,37.573875,-77.538399,1400000US51760050500,51760050500,VA,Richmond city
"XYKEN, LLC",38.925447,-77.205278,1400000US51059471204,51059471204,VA,Fairfax County
"MANAGED HEALTH CONNECTIONS, LLC",47.654626,-117.421636,1400000US53063003500,53063003500,WA,Spokane County
"BEAM DIAGNOSTICS, INC.",37.267457,-79.941139,1400000US51770001100,51770001100,VA,Roanoke city
UNIVERSITY OF PUERTO RICO MAYAGUEZ,18.203793,-67.145253,1400000US72097080600,72097080600,PR,Mayag??ez Municipio
"SOCIETY FOR PREVENTION RESEARCH, INC.",38.860795,-77.335167,1400000US51059461202,51059461202,VA,Fairfax County
ACADEMIC PEDIATRIC ASSOCIATION,38.937467,-77.176943,1400000US51059470500,51059470500,VA,Fairfax County
"INDIVIOR, INC.",37.506984,-77.595886,1400000US51041100920,51041100920,VA,Chesterfield County
INDOOR BIOTECHNOLOGIES,38.03575,-78.484068,1400000US51540001000,51540001000,VA,Charlottesville city
"AMERICAN ASSOCIATION FOR DENTAL, ORAL, AND CRANIOFACIAL RESEARCH",38.804428,-77.059057,1400000US51510201900,51510201900,VA,Alexandria city
AMERICAN COLLEGE OF RADIOLOGY,38.943703,-77.329195,1400000US51059482400,51059482400,VA,Fairfax County
ARCHE VR LLC,37.679539,-77.624533,1400000US51087200147,51087200147,VA,Henrico County
AYUDA MEDICAL,47.440186,-122.34763,1400000US53033028600,53033028600,WA,King County
"WYNNVISION, LLC",37.417332,-77.656853,1400000US51041101007,51041101007,VA,Chesterfield County
AMERICAN SOCIETY OF GENE & CELL THERAPY,43.041215,-87.904829,1400000US55079014400,55079014400,WI,Milwaukee County
SOCIETY OF TOXICOLOGY,38.948468,-77.332357,1400000US51059481900,51059481900,VA,Fairfax County
SOCIETY FOR RESEARCH ON NICOTINE/TOBACCO,43.125947,-89.350638,1400000US55025002500,55025002500,WI,Dane County
OMEROS CORPORATION,47.61972,-122.360328,1400000US53033007102,53033007102,WA,King County
"PHOTON BIOSCIENCES, LLC",46.725905,-117.185542,1400000US53075000300,53075000300,WA,Whitman County
"MONOD BIO, INC.",47.651377,-122.298431,1400000US53033005303,53033005303,WA,King County
METABOLITEDX CORP,47.715932,-122.095691,1400000US53033032322,53033032322,WA,King County
"PAI LIFE SCIENCES, INC.",47.634638,-122.324735,1400000US53033006600,53033006600,WA,King County
"VECTOR SURGICAL, LLC",43.031712,-88.175196,1400000US55133202902,55133202902,WI,Waukesha County
SOSTOS LLC,39.662454,-79.982901,1400000US54061010400,54061010400,WV,Monongalia County
"PS-FERTILITY, INC.",38.035914,-78.487931,1400000US51540000202,51540000202,VA,Charlottesville city
HART3S - A SOCIAL PURPOSE CORPORATION,47.42945,-117.771145,1400000US53063014200,53063014200,WA,Spokane County
"VERAVANTI, INC.",47.630463,-122.136193,1400000US53033022803,53033022803,WA,King County
UNIVERSITY OF PUERTO RICO PONCE,18.036114,-66.611434,1400000US72113070201,72113070201,PR,Ponce Municipio
"PATCHCLAMP MEDTECH, INC.",47.637796,-122.290389,1400000US53033006300,53033006300,WA,King County
UNIVERSITY OF THE VIRGIN ISLANDS,18.3419,-64.9307,1400000US78030961200,78030961200,VI,St. Thomas Island
DPLEXBIO INC.,47.77936,-122.190621,1400000US53061051938,53061051938,WA,Snohomish County
PATH,47.618022,-122.338833,1400000US53033007202,53033007202,WA,King County
CHILDREN'S HOSPITAL OF WISCONSIN,43.041116,-88.024519,1400000US55079185300,55079185300,WI,Milwaukee County
"BRIGHTSPEC, INC.",38.036587,-78.483272,1400000US51540001000,51540001000,VA,Charlottesville city
UNIVERSITY OF PUERTO RICO AT HUMACAO,18.154496,-65.820757,1400000US72069180600,72069180600,PR,Humacao Municipio
"SISTEMA UNIVERSITARIO ANA G. MENDEZ, INCORPORADO",18.408896,-65.981861,1400000US72031050222,72031050222,PR,Carolina Municipio
UNIVERSITY OF WISCONSIN LA CROSSE,43.81289,-91.230737,1400000US55063000500,55063000500,WI,La Crosse County
INTER AMERICAN UNIVERSITY/PUERTO RICO,18.363332,-66.017348,1400000US72139060224,72139060224,PR,Trujillo Alto Municipio
ISTOVISR,39.659415,-79.868592,1400000US54061011806,54061011806,WV,Monongalia County
"AMERICAN ACADEMY OF AUDIOLOGY, INC.",38.947021,-77.342239,1400000US51059482301,51059482301,VA,Fairfax County
"BENTEN TECHNOLOGIES, INC.",38.869678,-77.432439,1400000US51059490101,51059490101,VA,Fairfax County
"LIFEGENE-BIOMARKS, INC.",18.417375,-66.061221,1400000US72127006500,72127006500,PR,San Juan Municipio
