"","GEOID","h_county","commuters"
"1",24031704804,1005,1
"2",24031701007,1037,1
"3",24005440600,1043,1
"4",24003702402,1051,1
"5",24031704804,1069,1
"6",24031704804,1073,1
"7",24005440600,1089,1
"8",24003702402,1101,1
"9",24031701205,1101,1
"10",24005440600,1103,1
"11",24033800504,2020,1
"12",24031701205,2110,1
"13",11001010100,4013,6
"14",24031704600,4013,2
"15",11001010100,4019,1
"16",24013507602,4019,1
"17",24031704804,4019,3
"18",24031700313,4021,1
"19",24025301707,4023,1
"20",24033800212,5103,1
"21",24003702402,5119,1
"22",24003702402,5125,1
"23",11001010100,5143,1
"24",24035810800,5143,1
"25",24003701104,5145,1
"26",24027606706,5145,1
"27",11001010100,6001,7
"28",24027606706,6001,7
"29",24043011202,6001,1
"30",24003702402,6007,1
"31",24510260501,6019,1
"32",24003740205,6029,2
"33",24031700313,6029,1
"34",24031701007,6031,1
"35",24003702402,6033,1
"36",11001010100,6037,27
"37",24013507602,6037,4
"38",24017851502,6037,3
"39",24021750701,6037,1
"40",24027605404,6037,5
"41",24031701205,6037,1
"42",24031702503,6037,1
"43",24033800504,6037,2
"44",24033801003,6037,1
"45",24510060400,6037,3
"46",24510120700,6037,2
"47",24510260605,6037,1
"48",11001010100,6041,5
"49",24027605105,6053,2
"50",11001010100,6059,13
"51",24003741000,6059,1
"52",51059470600,6059,5
"53",24003741000,6065,1
"54",24027605105,6065,1
"55",24031704804,6067,3
"56",24031702503,6071,2
"57",11001010100,6073,8
"58",24013507602,6073,1
"59",24027606701,6073,1
"60",24031700313,6073,1
"61",24031704804,6073,11
"62",24035810800,6073,1
"63",24510060400,6073,3
"64",51013101408,6073,1
"65",11001010100,6075,6
"66",24027605105,6077,1
"67",24013513001,6079,1
"68",11001010100,6081,16
"69",24003702402,6081,2
"70",24033800212,6081,1
"71",24027605404,6085,1
"72",24027606706,6085,1
"73",24013507602,6095,2
"74",11001010100,6097,7
"75",24031701205,6099,2
"76",24031701007,6107,3
"77",24027605602,6111,1
"78",24031701205,6111,11
"79",24031704804,6111,1
"80",24005408704,8005,1
"81",24027605105,8013,1
"82",24031700313,8013,1
"83",24031701205,8013,5
"84",24031701205,8014,1
"85",24031701205,8019,1
"86",11001010100,8041,5
"87",24031701205,8041,3
"88",24031701205,8043,1
"89",11001010100,8051,1
"90",24031701205,8059,2
"91",24031701205,8101,2
"92",11001010100,9110,6
"93",24005408704,9110,3
"94",24025301707,9110,2
"95",24031701205,9110,1
"96",24031704804,9110,6
"97",51013101408,9110,2
"98",11001010100,9120,14
"99",51013101408,9120,1
"100",11001010100,9130,6
"101",24031701007,9130,2
"102",24510260501,9130,2
"103",11001010100,9140,9
"104",24031704804,9140,1
"105",24510060400,9140,3
"106",24510260501,9140,2
"107",11001010100,9150,2
"108",24027605105,9150,2
"109",24031704804,9150,1
"110",11001010100,9160,2
"111",11001000904,9170,1
"112",11001010100,9170,11
"113",24031701007,9170,3
"114",24510260501,9170,5
"115",11001010100,9180,7
"116",24003702402,9180,2
"117",24031701205,9180,1
"118",24031704804,9180,1
"119",11001010100,9190,16
"120",24021752206,9190,1
"121",24031702503,9190,2
"122",24510060400,9190,1
"123",11001010100,10001,18
"124",24003701104,10001,1
"125",24003702402,10001,38
"126",24003740205,10001,1
"127",24003740304,10001,15
"128",24003741000,10001,11
"129",24005440600,10001,8
"130",24013507602,10001,5
"131",24013513001,10001,2
"132",24017851502,10001,1
"133",24021750701,10001,1
"134",24021752206,10001,4
"135",24025301707,10001,1
"136",24027605404,10001,5
"137",24027605602,10001,2
"138",24027606706,10001,1
"139",24031700313,10001,2
"140",24031701002,10001,1
"141",24031701007,10001,4
"142",24031701205,10001,6
"143",24031702503,10001,2
"144",24031704600,10001,3
"145",24031704804,10001,7
"146",24033800504,10001,3
"147",24033801003,10001,4
"148",24035810800,10001,16
"149",24510060400,10001,4
"150",24510260501,10001,9
"151",24510260605,10001,9
"152",11001010100,10003,29
"153",24003701104,10003,8
"154",24003702402,10003,29
"155",24003730401,10003,1
"156",24003740205,10003,4
"157",24003740304,10003,4
"158",24003741000,10003,6
"159",24005408704,10003,1
"160",24005421000,10003,1
"161",24005440600,10003,33
"162",24013507602,10003,9
"163",24013513001,10003,3
"164",24017851502,10003,1
"165",24021750701,10003,1
"166",24021752206,10003,8
"167",24025301707,10003,28
"168",24027605105,10003,11
"169",24027605404,10003,8
"170",24027605602,10003,2
"171",24027606701,10003,11
"172",24027606706,10003,14
"173",24031700313,10003,8
"174",24031701007,10003,8
"175",24031701205,10003,10
"176",24031702503,10003,11
"177",24031704600,10003,10
"178",24031704804,10003,23
"179",24031705602,10003,4
"180",24033800212,10003,3
"181",24033800504,10003,1
"182",24033801003,10003,4
"183",24035810800,10003,6
"184",24510060400,10003,26
"185",24510120700,10003,6
"186",24510260501,10003,17
"187",24510260605,10003,35
"188",11001010100,10005,13
"189",24003701104,10005,14
"190",24003702402,10005,89
"191",24003730401,10005,3
"192",24003740205,10005,5
"193",24003740304,10005,9
"194",24003741000,10005,27
"195",24005408704,10005,3
"196",24005440600,10005,33
"197",24013507602,10005,5
"198",24013513001,10005,3
"199",24017851502,10005,1
"200",24021750701,10005,2
"201",24021752206,10005,5
"202",24025301707,10005,5
"203",24027605105,10005,12
"204",24027605404,10005,21
"205",24027605602,10005,7
"206",24027606701,10005,4
"207",24027606706,10005,9
"208",24031700313,10005,3
"209",24031701007,10005,5
"210",24031701205,10005,9
"211",24031702503,10005,4
"212",24031704600,10005,1
"213",24031704804,10005,6
"214",24033800212,10005,5
"215",24033800504,10005,3
"216",24033801003,10005,8
"217",24035810800,10005,9
"218",24510060400,10005,8
"219",24510120700,10005,5
"220",24510260501,10005,9
"221",24510260605,10005,37
"222",51013101408,10005,2
"223",11001000904,11001,769
"224",11001010100,11001,14966
"225",24003701104,11001,25
"226",24003702402,11001,184
"227",24003730401,11001,3
"228",24003740205,11001,2
"229",24003740304,11001,38
"230",24003741000,11001,18
"231",24005408704,11001,18
"232",24005440600,11001,73
"233",24013507602,11001,28
"234",24013513001,11001,13
"235",24017851502,11001,4
"236",24021750701,11001,17
"237",24021752206,11001,5
"238",24025301707,11001,13
"239",24027605105,11001,180
"240",24027605404,11001,121
"241",24027605602,11001,36
"242",24027606601,11001,1
"243",24027606701,11001,25
"244",24027606706,11001,23
"245",24031700313,11001,78
"246",24031701002,11001,66
"247",24031701007,11001,334
"248",24031701205,11001,892
"249",24031702503,11001,773
"250",24031704600,11001,98
"251",24031704804,11001,2006
"252",24031705602,11001,154
"253",24033800212,11001,156
"254",24033800504,11001,65
"255",24033801003,11001,68
"256",24035810800,11001,6
"257",24043011202,11001,7
"258",24510060400,11001,41
"259",24510100100,11001,2
"260",24510120700,11001,20
"261",24510260501,11001,39
"262",24510260605,11001,72
"263",51013101408,11001,206
"264",51059470600,11001,77
"265",24003702402,12003,1
"266",24003741000,12005,1
"267",24031701205,12005,2
"268",24031704804,12005,1
"269",24003702402,12007,1
"270",24510060400,12009,1
"271",11001010100,12011,16
"272",24003702402,12011,1
"273",24003741000,12011,1
"274",24031704600,12011,1
"275",24033801003,12015,1
"276",24510060400,12015,1
"277",11001010100,12019,2
"278",51013101408,12019,1
"279",11001000904,12021,1
"280",24031701205,12023,1
"281",11001010100,12031,21
"282",11001010100,12033,3
"283",24003702402,12033,1
"284",11001010100,12039,1
"285",24003701104,12057,1
"286",24005440600,12057,3
"287",24031701007,12057,1
"288",24031702503,12057,1
"289",51013101408,12057,1
"290",24031701205,12059,2
"291",24033801003,12071,5
"292",24510060400,12071,3
"293",11001010100,12073,5
"294",24021750701,12073,1
"295",24031701205,12075,1
"296",11001010100,12079,1
"297",24003702402,12081,5
"298",24031701205,12081,4
"299",24027605105,12083,1
"300",24027606701,12085,2
"301",24027606706,12085,1
"302",11001010100,12086,1
"303",24013507602,12086,4
"304",24021752206,12086,1
"305",24027605602,12086,1
"306",24031701007,12086,1
"307",24031701205,12086,4
"308",24031702503,12086,1
"309",24031704804,12086,2
"310",11001010100,12089,1
"311",24031701205,12091,3
"312",24031704804,12091,1
"313",11001010100,12095,15
"314",24003702402,12095,4
"315",24005440600,12095,2
"316",24013507602,12095,2
"317",24031701205,12095,11
"318",24033800212,12095,1
"319",24033801003,12095,2
"320",24027605105,12097,1
"321",24031701205,12097,9
"322",11001010100,12099,15
"323",24003702402,12099,3
"324",24031700313,12099,1
"325",24031701205,12099,1
"326",11001010100,12103,2
"327",24003702402,12103,3
"328",24031701205,12103,2
"329",24031704804,12103,1
"330",24027606706,12105,1
"331",24031702503,12107,1
"332",51013101408,12109,1
"333",11001010100,12113,2
"334",24003702402,12113,2
"335",24003702402,12115,1
"336",24031701205,12121,1
"337",11001010100,12129,1
"338",24031701205,12131,1
"339",24031704804,12131,1
"340",24031704804,13011,1
"341",11001010100,13021,2
"342",24027605105,13027,1
"343",11001010100,13039,1
"344",11001010100,13045,2
"345",24003701104,13047,2
"346",11001010100,13051,9
"347",24003701104,13055,1
"348",24031704804,13057,3
"349",24510260605,13057,2
"350",24031701007,13059,1
"351",24033801003,13063,1
"352",24510060400,13067,1
"353",11001010100,13073,2
"354",24027605105,13073,1
"355",24027606706,13073,1
"356",24027605105,13075,1
"357",11001010100,13077,1
"358",24031702503,13089,2
"359",24033801003,13089,1
"360",51013101408,13089,1
"361",24027605105,13095,1
"362",11001010100,13103,1
"363",11001010100,13105,1
"364",11001010100,13113,1
"365",24005408704,13121,1
"366",24005421000,13121,1
"367",24031701007,13121,1
"368",24031701205,13121,7
"369",24031704804,13123,1
"370",11001010100,13127,1
"371",11001010100,13133,1
"372",24005440600,13135,4
"373",24031704804,13137,1
"374",24031704804,13139,1
"375",11001010100,13153,2
"376",24031701007,13157,1
"377",24027606706,13181,1
"378",11001010100,13183,1
"379",24031701007,13195,1
"380",24031704804,13195,1
"381",11001010100,13245,3
"382",24027606706,13245,1
"383",24031704600,13245,1
"384",24027605105,13263,1
"385",24027605105,13269,1
"386",24027605105,13273,1
"387",24031704804,13281,1
"388",24027605105,13285,1
"389",24003701104,13295,1
"390",24031700313,13311,1
"391",24003701104,13313,1
"392",24027605105,13321,1
"393",24005440600,15003,1
"394",51013101408,15003,1
"395",24005440600,17007,1
"396",11001010100,17031,14
"397",24031701007,17031,1
"398",24031704804,17031,5
"399",11001010100,17097,15
"400",24003702402,17097,3
"401",24013507602,17097,1
"402",24031701007,17097,1
"403",24510260501,17097,1
"404",24013513001,17101,1
"405",24003702402,17113,2
"406",24003702402,17143,2
"407",24033800212,17143,2
"408",24005440600,17201,2
"409",24003702402,17203,1
"410",24017851502,18003,1
"411",24510060400,18003,1
"412",24027606706,18011,2
"413",24031701205,18011,2
"414",24510260605,18019,1
"415",24510260605,18029,1
"416",24027606706,18039,1
"417",24031701205,18039,3
"418",24031701002,18043,1
"419",11001010100,18057,2
"420",24021752206,18057,1
"421",24027605105,18057,2
"422",24027606706,18057,1
"423",24031701205,18057,2
"424",24027605105,18059,1
"425",24031700313,18059,1
"426",24031701205,18059,1
"427",24031701002,18061,1
"428",24003701104,18069,1
"429",24013507602,18085,1
"430",24031701205,18085,1
"431",24003701104,18089,1
"432",11001010100,18095,2
"433",24031701205,18095,1
"434",11001010100,18097,2
"435",24013513001,18097,4
"436",24027605404,18097,1
"437",24510260605,18097,1
"438",24031701205,18099,2
"439",11001010100,18117,1
"440",24031701205,18145,1
"441",24031704804,19113,1
"442",24031700313,19155,1
"443",24031704804,19171,1
"444",24003702402,20091,8
"445",24510060400,20209,1
"446",24003740205,21009,1
"447",11001010100,21015,1
"448",11001010100,21027,1
"449",24027605404,21029,1
"450",24027605105,21035,1
"451",24003702402,21049,1
"452",24027605105,21059,1
"453",24003702402,21067,1
"454",24027605404,21067,1
"455",24031701007,21067,1
"456",11001010100,21093,1
"457",24027605404,21093,1
"458",11001010100,21111,6
"459",24003741000,21111,3
"460",24027605404,21111,3
"461",24031701007,21111,2
"462",24510060400,21111,2
"463",24510260605,21115,1
"464",24027605404,21133,1
"465",24510260605,21141,1
"466",11001010100,21155,1
"467",11001010100,21163,1
"468",11001010100,21179,1
"469",24031701205,21179,1
"470",24510260605,21193,1
"471",24027605404,21211,1
"472",11001010100,21215,1
"473",24027605105,21225,1
"474",24003740205,21227,1
"475",11001010100,21229,1
"476",24031701007,22017,1
"477",24005440600,22031,1
"478",24027606706,22033,1
"479",24031702503,22055,1
"480",24005408704,22071,1
"481",24021752206,22071,1
"482",11001000904,22087,1
"483",24031705602,22099,1
"484",11001010100,23001,3
"485",11001010100,23005,9
"486",24027605404,23005,1
"487",24510260501,23005,2
"488",51059470600,23005,1
"489",11001010100,23011,1
"490",24031701205,23011,2
"491",11001010100,23015,1
"492",24510260501,23023,1
"493",24003740304,23027,1
"494",11001010100,23031,10
"495",24031701205,23031,2
"496",11001010100,24001,4
"497",24003701104,24001,1
"498",24003702402,24001,19
"499",24003730401,24001,9
"500",24003740205,24001,3
"501",24003740304,24001,13
"502",24003741000,24001,5
"503",24005408704,24001,2
"504",24005440600,24001,21
"505",24013507602,24001,29
"506",24013513001,24001,10
"507",24017851502,24001,8
"508",24021750701,24001,13
"509",24021752206,24001,1
"510",24025301707,24001,6
"511",24027605105,24001,6
"512",24027605404,24001,12
"513",24027605602,24001,1
"514",24027606701,24001,2
"515",24027606706,24001,6
"516",24031700313,24001,13
"517",24031701002,24001,1
"518",24031701007,24001,5
"519",24031701205,24001,6
"520",24031702503,24001,4
"521",24031704600,24001,20
"522",24031704804,24001,17
"523",24031705602,24001,2
"524",24033800212,24001,2
"525",24033800504,24001,5
"526",24033801003,24001,1
"527",24035810800,24001,6
"528",24043011202,24001,7
"529",24510060400,24001,5
"530",24510120700,24001,2
"531",24510260501,24001,3
"532",24510260605,24001,33
"533",11001000904,24003,29
"534",11001010100,24003,1048
"535",24003701104,24003,902
"536",24003702402,24003,13015
"537",24003730401,24003,601
"538",24003740205,24003,552
"539",24003740304,24003,1375
"540",24003741000,24003,1084
"541",24005408704,24003,98
"542",24005421000,24003,34
"543",24005440600,24003,557
"544",24013507602,24003,211
"545",24013513001,24003,86
"546",24017851502,24003,42
"547",24021750701,24003,78
"548",24021752206,24003,39
"549",24025301707,24003,69
"550",24027605105,24003,1270
"551",24027605404,24003,1027
"552",24027605602,24003,517
"553",24027606601,24003,58
"554",24027606701,24003,172
"555",24027606706,24003,577
"556",24031700313,24003,196
"557",24031701002,24003,50
"558",24031701007,24003,300
"559",24031701205,24003,560
"560",24031702503,24003,274
"561",24031704600,24003,72
"562",24031704804,24003,533
"563",24031705602,24003,29
"564",24033800212,24003,457
"565",24033800504,24003,568
"566",24033801003,24003,137
"567",24035810800,24003,420
"568",24043011202,24003,22
"569",24510060400,24003,835
"570",24510100100,24003,25
"571",24510120700,24003,242
"572",24510260501,24003,610
"573",24510260605,24003,1502
"574",51013101408,24003,25
"575",51059470600,24003,1
"576",11001000904,24005,14
"577",11001010100,24005,354
"578",24003701104,24005,101
"579",24003702402,24005,1294
"580",24003730401,24005,149
"581",24003740205,24005,212
"582",24003740304,24005,310
"583",24003741000,24005,369
"584",24005408704,24005,1352
"585",24005421000,24005,104
"586",24005440600,24005,3580
"587",24013507602,24005,799
"588",24013513001,24005,129
"589",24017851502,24005,30
"590",24021750701,24005,101
"591",24021752206,24005,40
"592",24025301707,24005,297
"593",24027605105,24005,1104
"594",24027605404,24005,1420
"595",24027605602,24005,815
"596",24027606601,24005,88
"597",24027606701,24005,259
"598",24027606706,24005,771
"599",24031700313,24005,328
"600",24031701002,24005,48
"601",24031701007,24005,391
"602",24031701205,24005,421
"603",24031702503,24005,277
"604",24031704600,24005,127
"605",24031704804,24005,467
"606",24031705602,24005,33
"607",24033800212,24005,188
"608",24033800504,24005,84
"609",24033801003,24005,133
"610",24035810800,24005,73
"611",24043011202,24005,36
"612",24510060400,24005,4630
"613",24510100100,24005,96
"614",24510120700,24005,1554
"615",24510260501,24005,3139
"616",24510260605,24005,6615
"617",51013101408,24005,5
"618",51059470600,24005,4
"619",11001000904,24009,4
"620",11001010100,24009,141
"621",24003701104,24009,42
"622",24003702402,24009,279
"623",24003730401,24009,1
"624",24003740205,24009,5
"625",24003740304,24009,28
"626",24003741000,24009,16
"627",24005408704,24009,1
"628",24005440600,24009,28
"629",24013507602,24009,17
"630",24013513001,24009,8
"631",24017851502,24009,52
"632",24021750701,24009,10
"633",24021752206,24009,16
"634",24025301707,24009,21
"635",24027605105,24009,39
"636",24027605404,24009,31
"637",24027605602,24009,5
"638",24027606701,24009,5
"639",24027606706,24009,34
"640",24031700313,24009,26
"641",24031701002,24009,3
"642",24031701007,24009,39
"643",24031701205,24009,101
"644",24031702503,24009,39
"645",24031704600,24009,19
"646",24031704804,24009,45
"647",24031705602,24009,4
"648",24033800212,24009,29
"649",24033800504,24009,140
"650",24033801003,24009,75
"651",24035810800,24009,11
"652",24043011202,24009,4
"653",24510060400,24009,6
"654",24510120700,24009,4
"655",24510260501,24009,55
"656",24510260605,24009,53
"657",51013101408,24009,4
"658",51059470600,24009,1
"659",11001000904,24011,1
"660",11001010100,24011,15
"661",24003701104,24011,5
"662",24003702402,24011,203
"663",24003730401,24011,7
"664",24003740205,24011,10
"665",24003740304,24011,7
"666",24003741000,24011,34
"667",24005408704,24011,3
"668",24005440600,24011,18
"669",24013507602,24011,6
"670",24013513001,24011,4
"671",24017851502,24011,5
"672",24021750701,24011,1
"673",24021752206,24011,3
"674",24025301707,24011,4
"675",24027605105,24011,9
"676",24027605404,24011,20
"677",24027605602,24011,7
"678",24027606601,24011,1
"679",24027606706,24011,18
"680",24031700313,24011,2
"681",24031701002,24011,1
"682",24031701007,24011,9
"683",24031701205,24011,16
"684",24031702503,24011,2
"685",24031704600,24011,4
"686",24031704804,24011,19
"687",24031705602,24011,2
"688",24033800212,24011,6
"689",24033800504,24011,3
"690",24033801003,24011,10
"691",24035810800,24011,173
"692",24043011202,24011,2
"693",24510060400,24011,14
"694",24510120700,24011,2
"695",24510260501,24011,14
"696",24510260605,24011,42
"697",11001000904,24013,1
"698",11001010100,24013,57
"699",24003701104,24013,13
"700",24003702402,24013,244
"701",24003730401,24013,8
"702",24003740205,24013,24
"703",24003740304,24013,33
"704",24003741000,24013,73
"705",24005408704,24013,94
"706",24005421000,24013,4
"707",24005440600,24013,156
"708",24013507602,24013,4412
"709",24013513001,24013,682
"710",24017851502,24013,10
"711",24021750701,24013,216
"712",24021752206,24013,50
"713",24025301707,24013,35
"714",24027605105,24013,860
"715",24027605404,24013,371
"716",24027605602,24013,316
"717",24027606601,24013,25
"718",24027606701,24013,89
"719",24027606706,24013,185
"720",24031700313,24013,134
"721",24031701002,24013,31
"722",24031701007,24013,117
"723",24031701205,24013,177
"724",24031702503,24013,56
"725",24031704600,24013,40
"726",24031704804,24013,105
"727",24031705602,24013,19
"728",24033800212,24013,46
"729",24033800504,24013,23
"730",24033801003,24013,13
"731",24035810800,24013,16
"732",24043011202,24013,24
"733",24510060400,24013,281
"734",24510100100,24013,4
"735",24510120700,24013,83
"736",24510260501,24013,71
"737",24510260605,24013,233
"738",51013101408,24013,6
"739",11001010100,24015,13
"740",24003701104,24015,15
"741",24003702402,24015,92
"742",24003730401,24015,4
"743",24003740205,24015,12
"744",24003740304,24015,28
"745",24003741000,24015,20
"746",24005408704,24015,24
"747",24005421000,24015,5
"748",24005440600,24015,117
"749",24013507602,24015,24
"750",24013513001,24015,13
"751",24017851502,24015,3
"752",24021750701,24015,3
"753",24021752206,24015,10
"754",24025301707,24015,152
"755",24027605105,24015,17
"756",24027605404,24015,30
"757",24027605602,24015,12
"758",24027606601,24015,2
"759",24027606701,24015,4
"760",24027606706,24015,13
"761",24031700313,24015,18
"762",24031701002,24015,1
"763",24031701007,24015,31
"764",24031701205,24015,21
"765",24031702503,24015,16
"766",24031704600,24015,5
"767",24031704804,24015,12
"768",24031705602,24015,3
"769",24033800212,24015,11
"770",24033800504,24015,4
"771",24033801003,24015,5
"772",24035810800,24015,28
"773",24043011202,24015,5
"774",24510060400,24015,54
"775",24510100100,24015,1
"776",24510120700,24015,14
"777",24510260501,24015,49
"778",24510260605,24015,157
"779",11001000904,24017,43
"780",11001010100,24017,896
"781",24003701104,24017,25
"782",24003702402,24017,228
"783",24003730401,24017,6
"784",24003740205,24017,8
"785",24003740304,24017,31
"786",24003741000,24017,17
"787",24005408704,24017,5
"788",24005440600,24017,83
"789",24013507602,24017,38
"790",24013513001,24017,24
"791",24017851502,24017,627
"792",24021750701,24017,37
"793",24021752206,24017,9
"794",24025301707,24017,8
"795",24027605105,24017,89
"796",24027605404,24017,93
"797",24027605602,24017,18
"798",24027606601,24017,1
"799",24027606701,24017,13
"800",24027606706,24017,63
"801",24031700313,24017,59
"802",24031701002,24017,4
"803",24031701007,24017,114
"804",24031701205,24017,116
"805",24031702503,24017,72
"806",24031704600,24017,23
"807",24031704804,24017,162
"808",24031705602,24017,13
"809",24033800212,24017,78
"810",24033800504,24017,101
"811",24033801003,24017,548
"812",24035810800,24017,4
"813",24043011202,24017,7
"814",24510060400,24017,13
"815",24510120700,24017,11
"816",24510260501,24017,22
"817",24510260605,24017,55
"818",51013101408,24017,20
"819",51059470600,24017,8
"820",11001000904,24019,1
"821",11001010100,24019,12
"822",24003701104,24019,13
"823",24003702402,24019,112
"824",24003730401,24019,1
"825",24003740205,24019,3
"826",24003740304,24019,7
"827",24003741000,24019,14
"828",24005408704,24019,5
"829",24005421000,24019,1
"830",24005440600,24019,18
"831",24013507602,24019,11
"832",24013513001,24019,4
"833",24017851502,24019,2
"834",24021750701,24019,5
"835",24021752206,24019,1
"836",24025301707,24019,5
"837",24027605105,24019,11
"838",24027605404,24019,17
"839",24027605602,24019,7
"840",24027606701,24019,2
"841",24027606706,24019,14
"842",24031700313,24019,10
"843",24031701002,24019,1
"844",24031701007,24019,3
"845",24031701205,24019,6
"846",24031702503,24019,6
"847",24031704600,24019,3
"848",24031704804,24019,9
"849",24031705602,24019,1
"850",24033800212,24019,4
"851",24033800504,24019,4
"852",24033801003,24019,9
"853",24035810800,24019,44
"854",24043011202,24019,2
"855",24510060400,24019,12
"856",24510120700,24019,4
"857",24510260501,24019,7
"858",24510260605,24019,18
"859",11001000904,24021,13
"860",11001010100,24021,251
"861",24003701104,24021,24
"862",24003702402,24021,218
"863",24003730401,24021,10
"864",24003740205,24021,11
"865",24003740304,24021,22
"866",24003741000,24021,41
"867",24005408704,24021,12
"868",24005440600,24021,154
"869",24013507602,24021,506
"870",24013513001,24021,663
"871",24017851502,24021,17
"872",24021750701,24021,2115
"873",24021752206,24021,810
"874",24025301707,24021,11
"875",24027605105,24021,420
"876",24027605404,24021,235
"877",24027605602,24021,135
"878",24027606601,24021,5
"879",24027606701,24021,27
"880",24027606706,24021,189
"881",24031700313,24021,895
"882",24031701002,24021,117
"883",24031701007,24021,969
"884",24031701205,24021,889
"885",24031702503,24021,151
"886",24031704600,24021,77
"887",24031704804,24021,417
"888",24031705602,24021,30
"889",24033800212,24021,47
"890",24033800504,24021,60
"891",24033801003,24021,51
"892",24035810800,24021,16
"893",24043011202,24021,100
"894",24510060400,24021,79
"895",24510100100,24021,1
"896",24510120700,24021,24
"897",24510260501,24021,54
"898",24510260605,24021,102
"899",51013101408,24021,5
"900",51059470600,24021,6
"901",11001010100,24023,2
"902",24003702402,24023,8
"903",24003730401,24023,2
"904",24003740205,24023,2
"905",24003740304,24023,3
"906",24003741000,24023,5
"907",24005440600,24023,6
"908",24013507602,24023,9
"909",24013513001,24023,8
"910",24017851502,24023,5
"911",24021750701,24023,3
"912",24021752206,24023,2
"913",24027605105,24023,3
"914",24027605404,24023,7
"915",24027605602,24023,1
"916",24027606701,24023,1
"917",24027606706,24023,2
"918",24031700313,24023,7
"919",24031701205,24023,1
"920",24031702503,24023,3
"921",24031704600,24023,8
"922",24031704804,24023,12
"923",24033800212,24023,1
"924",24035810800,24023,5
"925",24043011202,24023,6
"926",24510060400,24023,2
"927",24510260501,24023,3
"928",24510260605,24023,20
"929",11001000904,24025,2
"930",11001010100,24025,62
"931",24003701104,24025,30
"932",24003702402,24025,374
"933",24003730401,24025,15
"934",24003740205,24025,31
"935",24003740304,24025,77
"936",24003741000,24025,97
"937",24005408704,24025,164
"938",24005421000,24025,13
"939",24005440600,24025,1146
"940",24013507602,24025,207
"941",24013513001,24025,35
"942",24017851502,24025,12
"943",24021750701,24025,43
"944",24021752206,24025,19
"945",24025301707,24025,796
"946",24027605105,24025,158
"947",24027605404,24025,213
"948",24027605602,24025,56
"949",24027606601,24025,6
"950",24027606701,24025,33
"951",24027606706,24025,144
"952",24031700313,24025,126
"953",24031701002,24025,8
"954",24031701007,24025,138
"955",24031701205,24025,122
"956",24031702503,24025,72
"957",24031704600,24025,25
"958",24031704804,24025,134
"959",24031705602,24025,9
"960",24033800212,24025,17
"961",24033800504,24025,20
"962",24033801003,24025,35
"963",24035810800,24025,27
"964",24043011202,24025,13
"965",24510060400,24025,840
"966",24510100100,24025,16
"967",24510120700,24025,221
"968",24510260501,24025,740
"969",24510260605,24025,1084
"970",51013101408,24025,1
"971",11001000904,24027,25
"972",11001010100,24027,551
"973",24003701104,24027,48
"974",24003702402,24027,632
"975",24003730401,24027,54
"976",24003740205,24027,120
"977",24003740304,24027,211
"978",24003741000,24027,152
"979",24005408704,24027,119
"980",24005421000,24027,8
"981",24005440600,24027,290
"982",24013507602,24027,261
"983",24013513001,24027,166
"984",24017851502,24027,7
"985",24021750701,24027,75
"986",24021752206,24027,32
"987",24025301707,24027,54
"988",24027605105,24027,4044
"989",24027605404,24027,2743
"990",24027605602,24027,2752
"991",24027606601,24027,176
"992",24027606701,24027,438
"993",24027606706,24027,939
"994",24031700313,24027,222
"995",24031701002,24027,66
"996",24031701007,24027,477
"997",24031701205,24027,688
"998",24031702503,24027,380
"999",24031704600,24027,160
"1000",24031704804,24027,463
"1001",24031705602,24027,55
"1002",24033800212,24027,414
"1003",24033800504,24027,99
"1004",24033801003,24027,36
"1005",24035810800,24027,28
"1006",24043011202,24027,8
"1007",24510060400,24027,852
"1008",24510100100,24027,27
"1009",24510120700,24027,121
"1010",24510260501,24027,440
"1011",24510260605,24027,601
"1012",51013101408,24027,14
"1013",51059470600,24027,1
"1014",11001010100,24029,1
"1015",24003701104,24029,6
"1016",24003702402,24029,26
"1017",24003740205,24029,2
"1018",24003740304,24029,2
"1019",24003741000,24029,3
"1020",24005408704,24029,2
"1021",24005440600,24029,6
"1022",24013507602,24029,5
"1023",24013513001,24029,1
"1024",24021750701,24029,1
"1025",24021752206,24029,1
"1026",24025301707,24029,1
"1027",24027605105,24029,5
"1028",24027605404,24029,8
"1029",24027605602,24029,2
"1030",24027606701,24029,1
"1031",24027606706,24029,4
"1032",24031700313,24029,5
"1033",24031701007,24029,6
"1034",24031701205,24029,7
"1035",24031702503,24029,4
"1036",24031704600,24029,1
"1037",24031704804,24029,6
"1038",24033800212,24029,1
"1039",24033801003,24029,1
"1040",24035810800,24029,67
"1041",24510060400,24029,3
"1042",24510120700,24029,2
"1043",24510260501,24029,7
"1044",24510260605,24029,9
"1045",11001000904,24031,756
"1046",11001010100,24031,7045
"1047",24003701104,24031,83
"1048",24003702402,24031,898
"1049",24003730401,24031,26
"1050",24003740205,24031,37
"1051",24003740304,24031,169
"1052",24003741000,24031,89
"1053",24005408704,24031,61
"1054",24005421000,24031,1
"1055",24005440600,24031,432
"1056",24013507602,24031,286
"1057",24013513001,24031,303
"1058",24017851502,24031,46
"1059",24021750701,24031,293
"1060",24021752206,24031,352
"1061",24025301707,24031,88
"1062",24027605105,24031,1806
"1063",24027605404,24031,1169
"1064",24027605602,24031,495
"1065",24027606601,24031,22
"1066",24027606701,24031,124
"1067",24027606706,24031,514
"1068",24031700313,24031,2726
"1069",24031701002,24031,1028
"1070",24031701007,24031,6254
"1071",24031701205,24031,7798
"1072",24031702503,24031,3200
"1073",24031704600,24031,1278
"1074",24031704804,24031,7326
"1075",24031705602,24031,745
"1076",24033800212,24031,645
"1077",24033800504,24031,158
"1078",24033801003,24031,126
"1079",24035810800,24031,50
"1080",24043011202,24031,22
"1081",24510060400,24031,252
"1082",24510100100,24031,2
"1083",24510120700,24031,68
"1084",24510260501,24031,221
"1085",24510260605,24031,323
"1086",51013101408,24031,143
"1087",51059470600,24031,108
"1088",11001000904,24033,555
"1089",11001010100,24033,7477
"1090",24003701104,24033,219
"1091",24003702402,24033,2030
"1092",24003730401,24033,54
"1093",24003740205,24033,59
"1094",24003740304,24033,374
"1095",24003741000,24033,157
"1096",24005408704,24033,32
"1097",24005421000,24033,10
"1098",24005440600,24033,522
"1099",24013507602,24033,263
"1100",24013513001,24033,85
"1101",24017851502,24033,129
"1102",24021750701,24033,63
"1103",24021752206,24033,38
"1104",24025301707,24033,44
"1105",24027605105,24033,1062
"1106",24027605404,24033,780
"1107",24027605602,24033,374
"1108",24027606601,24033,16
"1109",24027606701,24033,132
"1110",24027606706,24033,461
"1111",24031700313,24033,339
"1112",24031701002,24033,116
"1113",24031701007,24033,1030
"1114",24031701205,24033,1292
"1115",24031702503,24033,1570
"1116",24031704600,24033,354
"1117",24031704804,24033,1829
"1118",24031705602,24033,213
"1119",24033800212,24033,1847
"1120",24033800504,24033,577
"1121",24033801003,24033,794
"1122",24035810800,24033,49
"1123",24043011202,24033,20
"1124",24510060400,24033,207
"1125",24510100100,24033,5
"1126",24510120700,24033,146
"1127",24510260501,24033,257
"1128",24510260605,24033,442
"1129",51013101408,24033,149
"1130",51059470600,24033,57
"1131",11001010100,24035,16
"1132",24003701104,24035,60
"1133",24003702402,24035,720
"1134",24003730401,24035,15
"1135",24003740205,24035,5
"1136",24003740304,24035,49
"1137",24003741000,24035,49
"1138",24005408704,24035,4
"1139",24005440600,24035,48
"1140",24013507602,24035,20
"1141",24013513001,24035,2
"1142",24017851502,24035,2
"1143",24021750701,24035,5
"1144",24021752206,24035,1
"1145",24025301707,24035,10
"1146",24027605105,24035,11
"1147",24027605404,24035,21
"1148",24027605602,24035,16
"1149",24027606701,24035,4
"1150",24027606706,24035,17
"1151",24031700313,24035,8
"1152",24031701007,24035,15
"1153",24031701205,24035,17
"1154",24031702503,24035,13
"1155",24031704600,24035,4
"1156",24031704804,24035,15
"1157",24033800212,24035,21
"1158",24033800504,24035,35
"1159",24033801003,24035,17
"1160",24035810800,24035,1153
"1161",24510060400,24035,36
"1162",24510120700,24035,7
"1163",24510260501,24035,20
"1164",24510260605,24035,61
"1165",51013101408,24035,2
"1166",11001000904,24037,3
"1167",11001010100,24037,167
"1168",24003701104,24037,48
"1169",24003702402,24037,328
"1170",24003730401,24037,8
"1171",24003740205,24037,6
"1172",24003740304,24037,27
"1173",24003741000,24037,18
"1174",24005408704,24037,4
"1175",24005440600,24037,44
"1176",24013507602,24037,31
"1177",24013513001,24037,12
"1178",24017851502,24037,130
"1179",24021750701,24037,17
"1180",24021752206,24037,26
"1181",24025301707,24037,26
"1182",24027605105,24037,31
"1183",24027605404,24037,48
"1184",24027605602,24037,12
"1185",24027606701,24037,4
"1186",24027606706,24037,30
"1187",24031700313,24037,34
"1188",24031701002,24037,2
"1189",24031701007,24037,44
"1190",24031701205,24037,98
"1191",24031702503,24037,37
"1192",24031704600,24037,14
"1193",24031704804,24037,32
"1194",24031705602,24037,6
"1195",24033800212,24037,37
"1196",24033800504,24037,40
"1197",24033801003,24037,100
"1198",24035810800,24037,13
"1199",24043011202,24037,3
"1200",24510060400,24037,13
"1201",24510120700,24037,3
"1202",24510260501,24037,54
"1203",24510260605,24037,56
"1204",51013101408,24037,2
"1205",51059470600,24037,1
"1206",11001010100,24039,4
"1207",24003701104,24039,2
"1208",24003702402,24039,33
"1209",24003730401,24039,1
"1210",24003740304,24039,5
"1211",24003741000,24039,14
"1212",24005408704,24039,1
"1213",24005440600,24039,18
"1214",24013507602,24039,10
"1215",24013513001,24039,3
"1216",24017851502,24039,1
"1217",24021752206,24039,2
"1218",24025301707,24039,1
"1219",24027605105,24039,1
"1220",24027605404,24039,4
"1221",24027605602,24039,2
"1222",24027606701,24039,14
"1223",24027606706,24039,6
"1224",24031700313,24039,3
"1225",24031701007,24039,4
"1226",24031701205,24039,6
"1227",24031702503,24039,7
"1228",24031704600,24039,4
"1229",24031704804,24039,13
"1230",24033801003,24039,4
"1231",24035810800,24039,5
"1232",24510060400,24039,1
"1233",24510120700,24039,2
"1234",24510260605,24039,13
"1235",11001010100,24041,8
"1236",24003701104,24041,14
"1237",24003702402,24041,177
"1238",24003730401,24041,4
"1239",24003740205,24041,11
"1240",24003740304,24041,14
"1241",24003741000,24041,44
"1242",24005408704,24041,3
"1243",24005421000,24041,1
"1244",24005440600,24041,12
"1245",24013507602,24041,12
"1246",24013513001,24041,8
"1247",24017851502,24041,3
"1248",24021750701,24041,2
"1249",24021752206,24041,3
"1250",24025301707,24041,3
"1251",24027605105,24041,12
"1252",24027605404,24041,19
"1253",24027605602,24041,10
"1254",24027606701,24041,2
"1255",24027606706,24041,26
"1256",24031700313,24041,9
"1257",24031701002,24041,2
"1258",24031701007,24041,5
"1259",24031701205,24041,13
"1260",24031702503,24041,4
"1261",24031704600,24041,2
"1262",24031704804,24041,18
"1263",24033800212,24041,5
"1264",24033800504,24041,5
"1265",24033801003,24041,6
"1266",24035810800,24041,155
"1267",24043011202,24041,1
"1268",24510060400,24041,17
"1269",24510100100,24041,1
"1270",24510120700,24041,7
"1271",24510260501,24041,13
"1272",24510260605,24041,44
"1273",51059470600,24041,1
"1274",11001010100,24043,35
"1275",24003701104,24043,14
"1276",24003702402,24043,88
"1277",24003730401,24043,5
"1278",24003740205,24043,3
"1279",24003740304,24043,19
"1280",24003741000,24043,25
"1281",24005408704,24043,6
"1282",24005440600,24043,66
"1283",24013507602,24043,116
"1284",24013513001,24043,68
"1285",24017851502,24043,12
"1286",24021750701,24043,440
"1287",24021752206,24043,110
"1288",24025301707,24043,13
"1289",24027605105,24043,61
"1290",24027605404,24043,86
"1291",24027605602,24043,21
"1292",24027606601,24043,3
"1293",24027606701,24043,8
"1294",24027606706,24043,72
"1295",24031700313,24043,118
"1296",24031701002,24043,11
"1297",24031701007,24043,110
"1298",24031701205,24043,93
"1299",24031702503,24043,42
"1300",24031704600,24043,22
"1301",24031704804,24043,73
"1302",24031705602,24043,8
"1303",24033800212,24043,19
"1304",24033800504,24043,21
"1305",24033801003,24043,31
"1306",24035810800,24043,10
"1307",24043011202,24043,438
"1308",24510060400,24043,25
"1309",24510120700,24043,10
"1310",24510260501,24043,31
"1311",24510260605,24043,65
"1312",51013101408,24043,4
"1313",11001000904,24045,1
"1314",11001010100,24045,16
"1315",24003701104,24045,14
"1316",24003702402,24045,128
"1317",24003730401,24045,17
"1318",24003740205,24045,4
"1319",24003740304,24045,27
"1320",24003741000,24045,32
"1321",24005408704,24045,4
"1322",24005421000,24045,3
"1323",24005440600,24045,71
"1324",24013507602,24045,27
"1325",24013513001,24045,7
"1326",24017851502,24045,3
"1327",24021750701,24045,1
"1328",24021752206,24045,6
"1329",24025301707,24045,4
"1330",24027605105,24045,10
"1331",24027605404,24045,21
"1332",24027605602,24045,10
"1333",24027606701,24045,46
"1334",24027606706,24045,26
"1335",24031700313,24045,21
"1336",24031701002,24045,3
"1337",24031701007,24045,16
"1338",24031701205,24045,6
"1339",24031702503,24045,16
"1340",24031704600,24045,10
"1341",24031704804,24045,55
"1342",24031705602,24045,5
"1343",24033800212,24045,6
"1344",24033800504,24045,3
"1345",24033801003,24045,12
"1346",24035810800,24045,16
"1347",24043011202,24045,8
"1348",24510060400,24045,13
"1349",24510120700,24045,4
"1350",24510260501,24045,16
"1351",24510260605,24045,26
"1352",11001000904,24047,1
"1353",11001010100,24047,9
"1354",24003701104,24047,15
"1355",24003702402,24047,63
"1356",24003730401,24047,6
"1357",24003740205,24047,1
"1358",24003740304,24047,13
"1359",24003741000,24047,11
"1360",24005408704,24047,2
"1361",24005440600,24047,34
"1362",24013507602,24047,16
"1363",24013513001,24047,2
"1364",24017851502,24047,5
"1365",24021750701,24047,1
"1366",24021752206,24047,3
"1367",24027605105,24047,1
"1368",24027605404,24047,15
"1369",24027605602,24047,7
"1370",24027606701,24047,37
"1371",24027606706,24047,11
"1372",24031700313,24047,15
"1373",24031701002,24047,2
"1374",24031701007,24047,8
"1375",24031701205,24047,4
"1376",24031702503,24047,9
"1377",24031704600,24047,5
"1378",24031704804,24047,25
"1379",24031705602,24047,1
"1380",24033800212,24047,3
"1381",24033800504,24047,5
"1382",24033801003,24047,7
"1383",24035810800,24047,8
"1384",24043011202,24047,3
"1385",24510060400,24047,7
"1386",24510120700,24047,3
"1387",24510260501,24047,9
"1388",24510260605,24047,21
"1389",11001000904,24510,13
"1390",11001010100,24510,292
"1391",24003701104,24510,67
"1392",24003702402,24510,812
"1393",24003730401,24510,124
"1394",24003740205,24510,137
"1395",24003740304,24510,228
"1396",24003741000,24510,214
"1397",24005408704,24510,522
"1398",24005421000,24510,87
"1399",24005440600,24510,1635
"1400",24013507602,24510,246
"1401",24013513001,24510,68
"1402",24017851502,24510,11
"1403",24021750701,24510,32
"1404",24021752206,24510,12
"1405",24025301707,24510,91
"1406",24027605105,24510,653
"1407",24027605404,24510,801
"1408",24027605602,24510,359
"1409",24027606601,24510,56
"1410",24027606701,24510,163
"1411",24027606706,24510,427
"1412",24031700313,24510,167
"1413",24031701002,24510,24
"1414",24031701007,24510,196
"1415",24031701205,24510,310
"1416",24031702503,24510,193
"1417",24031704600,24510,54
"1418",24031704804,24510,286
"1419",24031705602,24510,14
"1420",24033800212,24510,73
"1421",24033800504,24510,68
"1422",24033801003,24510,51
"1423",24035810800,24510,37
"1424",24043011202,24510,18
"1425",24510060400,24510,4773
"1426",24510100100,24510,139
"1427",24510120700,24510,2222
"1428",24510260501,24510,2418
"1429",24510260605,24510,5491
"1430",51013101408,24510,1
"1431",51059470600,24510,1
"1432",24031704804,25001,2
"1433",11001010100,25003,1
"1434",24003740205,25003,1
"1435",24003740304,25003,1
"1436",24005440600,25003,1
"1437",51013101408,25003,1
"1438",24003702402,25005,1
"1439",24027606701,25005,1
"1440",24031701007,25005,2
"1441",24031701205,25005,1
"1442",24031702503,25005,1
"1443",24031704804,25005,3
"1444",11001010100,25009,7
"1445",24013507602,25009,1
"1446",24031701007,25009,1
"1447",24031704804,25009,3
"1448",24031705602,25009,1
"1449",11001010100,25011,1
"1450",11001010100,25013,7
"1451",24005440600,25013,4
"1452",24510260605,25013,4
"1453",24003740304,25015,1
"1454",24005440600,25015,1
"1455",11001000904,25017,1
"1456",11001010100,25017,25
"1457",24025301707,25017,1
"1458",24027605105,25017,3
"1459",24027605404,25017,2
"1460",24031700313,25017,3
"1461",24031701007,25017,6
"1462",24031701205,25017,12
"1463",24031702503,25017,5
"1464",24031704804,25017,4
"1465",24510060400,25017,1
"1466",24510260605,25017,2
"1467",11001000904,25021,1
"1468",24027605105,25021,4
"1469",24027605602,25021,1
"1470",24031704804,25021,11
"1471",24510060400,25021,3
"1472",24003702402,25023,2
"1473",24027605404,25023,1
"1474",24031701007,25023,1
"1475",24031704804,25023,1
"1476",11001010100,25025,19
"1477",24003702402,25025,3
"1478",24017851502,25025,2
"1479",24031704804,25025,3
"1480",24510060400,25025,1
"1481",24510260605,25025,2
"1482",11001010100,25027,12
"1483",24027606706,25027,1
"1484",24031704804,25027,1
"1485",24005408704,26025,1
"1486",11001010100,26029,1
"1487",24031702503,26037,1
"1488",24027606701,26049,1
"1489",24035810800,26049,2
"1490",11001010100,26055,2
"1491",11001010100,26059,2
"1492",11001010100,26061,1
"1493",11001010100,26065,1
"1494",24005440600,26065,1
"1495",24031700313,26065,2
"1496",24510260501,26065,1
"1497",24031704804,26077,1
"1498",24025301707,26081,1
"1499",11001010100,26091,2
"1500",24031701007,26091,1
"1501",24005440600,26093,3
"1502",24510260501,26093,2
"1503",11001010100,26099,9
"1504",24005408704,26099,1
"1505",24031701007,26099,4
"1506",24031704804,26099,2
"1507",24031705602,26099,4
"1508",24510260605,26099,1
"1509",51013101408,26099,1
"1510",11001010100,26101,1
"1511",11001010100,26103,1
"1512",24510120700,26115,1
"1513",24510260605,26115,1
"1514",11001010100,26121,3
"1515",11001010100,26125,24
"1516",24021750701,26125,2
"1517",24027605404,26125,3
"1518",24033801003,26125,1
"1519",24035810800,26125,1
"1520",11001010100,26139,2
"1521",24031701205,26139,1
"1522",11001010100,26145,3
"1523",24031700313,26145,1
"1524",11001010100,26147,3
"1525",24510260501,26151,1
"1526",11001010100,26157,1
"1527",11001010100,26161,14
"1528",24031701007,26161,1
"1529",11001010100,26163,11
"1530",24017851502,26163,1
"1531",24027605105,26163,1
"1532",24027606706,26163,2
"1533",24031700313,26163,1
"1534",24031702503,26163,2
"1535",24035810800,26163,1
"1536",24510120700,26163,2
"1537",24510260605,26163,3
"1538",11001010100,26165,1
"1539",24013507602,27025,2
"1540",24510260605,27029,1
"1541",24510260501,27037,1
"1542",24027605404,27053,1
"1543",24013507602,27067,1
"1544",24013507602,27079,1
"1545",24031701007,27145,1
"1546",11001010100,27147,1
"1547",24013507602,27171,1
"1548",24510120700,28067,1
"1549",24510120700,28085,1
"1550",24035810800,29019,2
"1551",24013507602,29037,1
"1552",51013101408,29047,1
"1553",11001010100,29077,1
"1554",24031701007,29077,3
"1555",24510060400,29077,1
"1556",11001010100,29097,1
"1557",24035810800,29159,1
"1558",24013507602,29177,1
"1559",11001010100,29189,7
"1560",24027606701,29510,1
"1561",24005408704,30013,1
"1562",24031704804,30013,1
"1563",24005408704,30083,1
"1564",11001010100,31011,1
"1565",11001010100,31021,1
"1566",24031701205,31055,3
"1567",11001010100,31109,3
"1568",11001010100,31177,1
"1569",11001010100,32003,3
"1570",24013507602,32003,4
"1571",24510060400,32003,4
"1572",11001010100,33001,4
"1573",24003702402,33001,1
"1574",11001010100,33005,3
"1575",24003701104,33005,2
"1576",24003702402,33005,1
"1577",11001010100,33009,4
"1578",24031704804,33009,1
"1579",11001010100,33011,5
"1580",24003702402,33011,1
"1581",24021752206,33011,2
"1582",24031704804,33011,1
"1583",11001010100,33013,5
"1584",24003702402,33013,6
"1585",24510260501,33015,1
"1586",51013101408,33015,1
"1587",51059470600,33015,1
"1588",51059470600,33017,1
"1589",11001010100,33019,1
"1590",24003702402,33019,1
"1591",24031704804,33019,1
"1592",11001010100,34001,2
"1593",24003702402,34001,4
"1594",24005440600,34001,3
"1595",24031701007,34001,2
"1596",24031701205,34001,2
"1597",24031702503,34001,1
"1598",24035810800,34001,1
"1599",24510060400,34001,2
"1600",24510260605,34001,6
"1601",11001010100,34003,13
"1602",24003701104,34003,1
"1603",24003702402,34003,5
"1604",24005421000,34003,2
"1605",24005440600,34003,5
"1606",24013507602,34003,5
"1607",24013513001,34003,1
"1608",24025301707,34003,1
"1609",24027605404,34003,3
"1610",24027605602,34003,1
"1611",24027606706,34003,3
"1612",24031701205,34003,1
"1613",24031702503,34003,1
"1614",24033800504,34003,1
"1615",24510060400,34003,5
"1616",24510120700,34003,1
"1617",24510260605,34003,4
"1618",11001000904,34005,2
"1619",11001010100,34005,7
"1620",24003702402,34005,4
"1621",24003740304,34005,1
"1622",24013507602,34005,2
"1623",24013513001,34005,1
"1624",24025301707,34005,3
"1625",24027605105,34005,6
"1626",24027605404,34005,3
"1627",24027606601,34005,1
"1628",24027606706,34005,1
"1629",24031701205,34005,12
"1630",24031704804,34005,2
"1631",24031705602,34005,1
"1632",24035810800,34005,1
"1633",24510060400,34005,4
"1634",24510120700,34005,1
"1635",24510260501,34005,2
"1636",24510260605,34005,9
"1637",11001010100,34007,2
"1638",24003702402,34007,7
"1639",24013507602,34007,4
"1640",24025301707,34007,2
"1641",24027605404,34007,2
"1642",24031701007,34007,2
"1643",24031701205,34007,5
"1644",24031702503,34007,1
"1645",24031704804,34007,1
"1646",24033800212,34007,1
"1647",24510060400,34007,3
"1648",24510120700,34007,2
"1649",24510260501,34007,2
"1650",24510260605,34007,4
"1651",11001010100,34009,1
"1652",24003702402,34009,2
"1653",24003741000,34009,1
"1654",24005440600,34009,1
"1655",24031701002,34009,1
"1656",24031701205,34009,1
"1657",24031702503,34009,1
"1658",11001010100,34011,4
"1659",24003702402,34011,1
"1660",24005440600,34011,1
"1661",24013507602,34011,1
"1662",24031700313,34011,1
"1663",24031701205,34011,2
"1664",24510060400,34011,1
"1665",24510120700,34011,1
"1666",24510260605,34011,2
"1667",11001010100,34013,10
"1668",24003702402,34013,6
"1669",24003730401,34013,1
"1670",24003740304,34013,1
"1671",24013507602,34013,3
"1672",24027605105,34013,8
"1673",24027605404,34013,3
"1674",24027605602,34013,3
"1675",24031700313,34013,2
"1676",24031701007,34013,4
"1677",24031704804,34013,2
"1678",24033800212,34013,1
"1679",24510060400,34013,5
"1680",24510260605,34013,2
"1681",51013101408,34013,1
"1682",11001010100,34015,6
"1683",24003701104,34015,1
"1684",24003702402,34015,4
"1685",24005440600,34015,1
"1686",24013507602,34015,1
"1687",24025301707,34015,1
"1688",24027605404,34015,2
"1689",24031701205,34015,2
"1690",24031702503,34015,2
"1691",24510060400,34015,2
"1692",24510260501,34015,1
"1693",11001010100,34017,6
"1694",24003740205,34017,1
"1695",24005421000,34017,2
"1696",24013507602,34017,2
"1697",24021752206,34017,1
"1698",24027606706,34017,1
"1699",24031701007,34017,3
"1700",24031704804,34017,3
"1701",24510120700,34017,1
"1702",24510260605,34017,7
"1703",11001000904,34019,1
"1704",11001010100,34019,2
"1705",24005440600,34019,1
"1706",24013507602,34019,1
"1707",24031701205,34019,2
"1708",24031702503,34019,2
"1709",24031704804,34019,2
"1710",24510060400,34019,2
"1711",11001000904,34021,3
"1712",11001010100,34021,9
"1713",24005440600,34021,1
"1714",24027605404,34021,6
"1715",24027606701,34021,1
"1716",24031701007,34021,4
"1717",24031704600,34021,1
"1718",24031704804,34021,4
"1719",24033800212,34021,1
"1720",24510060400,34021,3
"1721",24510260605,34021,8
"1722",51013101408,34021,2
"1723",11001000904,34023,1
"1724",11001010100,34023,16
"1725",24003701104,34023,2
"1726",24005440600,34023,8
"1727",24021750701,34023,1
"1728",24027605105,34023,3
"1729",24027605404,34023,4
"1730",24027606706,34023,1
"1731",24031701007,34023,5
"1732",24031701205,34023,2
"1733",24031702503,34023,2
"1734",24031704804,34023,4
"1735",24510060400,34023,7
"1736",24510260605,34023,15
"1737",51013101408,34023,1
"1738",11001010100,34025,19
"1739",24003701104,34025,2
"1740",24003702402,34025,5
"1741",24003740304,34025,4
"1742",24013507602,34025,1
"1743",24025301707,34025,8
"1744",24027605105,34025,5
"1745",24027605404,34025,6
"1746",24031701007,34025,5
"1747",24031701205,34025,3
"1748",24031702503,34025,2
"1749",24031704804,34025,10
"1750",24033801003,34025,2
"1751",24035810800,34025,2
"1752",24510060400,34025,4
"1753",24510120700,34025,1
"1754",24510260605,34025,6
"1755",11001010100,34027,12
"1756",24003702402,34027,2
"1757",24003740304,34027,3
"1758",24005440600,34027,6
"1759",24013513001,34027,1
"1760",24027605105,34027,2
"1761",24027605404,34027,1
"1762",24027605602,34027,1
"1763",24027606706,34027,3
"1764",24031701205,34027,4
"1765",24031702503,34027,4
"1766",24031704804,34027,5
"1767",24510060400,34027,7
"1768",24510260501,34027,1
"1769",24510260605,34027,3
"1770",11001000904,34029,1
"1771",11001010100,34029,8
"1772",24003702402,34029,7
"1773",24003730401,34029,2
"1774",24005408704,34029,2
"1775",24021752206,34029,1
"1776",24025301707,34029,1
"1777",24027605404,34029,2
"1778",24031701205,34029,3
"1779",24031702503,34029,1
"1780",24031704600,34029,1
"1781",24031704804,34029,3
"1782",24035810800,34029,1
"1783",24043011202,34029,1
"1784",24510260605,34029,6
"1785",51013101408,34029,1
"1786",24003702402,34031,1
"1787",24021752206,34031,2
"1788",24027605105,34031,1
"1789",24031702503,34031,3
"1790",24510260605,34031,3
"1791",11001010100,34033,2
"1792",24005440600,34033,1
"1793",24031701205,34033,2
"1794",24510260501,34033,1
"1795",11001010100,34035,10
"1796",24003702402,34035,1
"1797",24005440600,34035,1
"1798",24013507602,34035,1
"1799",24027605105,34035,1
"1800",24031701205,34035,4
"1801",24031702503,34035,1
"1802",24031704804,34035,3
"1803",24033800212,34035,1
"1804",24510060400,34035,6
"1805",24510260501,34035,1
"1806",11001010100,34037,5
"1807",24013513001,34037,1
"1808",24027605105,34037,1
"1809",24027605602,34037,1
"1810",24031700313,34037,1
"1811",24031701007,34037,1
"1812",24031701205,34037,1
"1813",24031702503,34037,1
"1814",24510060400,34037,2
"1815",11001010100,34039,15
"1816",24003702402,34039,4
"1817",24013507602,34039,3
"1818",24013513001,34039,1
"1819",24027605404,34039,1
"1820",24027606706,34039,1
"1821",24031701002,34039,1
"1822",24031701007,34039,1
"1823",24031702503,34039,1
"1824",24031704804,34039,6
"1825",24510060400,34039,3
"1826",24510120700,34039,2
"1827",24510260501,34039,2
"1828",11001010100,34041,1
"1829",24005440600,34041,1
"1830",24027605602,34041,1
"1831",24027606706,34041,1
"1832",24031701205,34041,2
"1833",24031702503,34041,1
"1834",24510260605,34041,1
"1835",24003741000,35009,1
"1836",24003741000,35045,1
"1837",24027606706,35061,1
"1838",11001010100,36001,6
"1839",24003702402,36001,1
"1840",24027606706,36001,3
"1841",24031701205,36001,1
"1842",24043011202,36001,1
"1843",24510060400,36001,3
"1844",11001010100,36005,14
"1845",24003701104,36005,1
"1846",24003702402,36005,1
"1847",24003740205,36005,1
"1848",24005440600,36005,4
"1849",24013507602,36005,1
"1850",24025301707,36005,2
"1851",24027605105,36005,2
"1852",24027605404,36005,2
"1853",24027605602,36005,2
"1854",24027606706,36005,2
"1855",24031701205,36005,1
"1856",24031704804,36005,1
"1857",24033800212,36005,1
"1858",24510260501,36005,1
"1859",24510260605,36005,5
"1860",24031701205,36007,2
"1861",11001010100,36009,1
"1862",24031701205,36009,1
"1863",24031702503,36009,1
"1864",11001010100,36011,1
"1865",24031701205,36011,1
"1866",11001010100,36013,1
"1867",24031701205,36013,2
"1868",24510120700,36013,1
"1869",24031701205,36015,2
"1870",24510060400,36019,1
"1871",51059470600,36019,1
"1872",11001010100,36021,1
"1873",24027605105,36021,1
"1874",11001010100,36027,1
"1875",24013513001,36027,1
"1876",24031702503,36027,2
"1877",24031704804,36027,1
"1878",24510060400,36027,1
"1879",11001010100,36029,7
"1880",24003702402,36029,3
"1881",24027605404,36029,1
"1882",24031701205,36029,1
"1883",24035810800,36029,1
"1884",24510260501,36029,3
"1885",24510260605,36029,3
"1886",11001010100,36035,1
"1887",24031702503,36035,1
"1888",11001010100,36037,1
"1889",24510260605,36039,1
"1890",24031700313,36043,1
"1891",24031704804,36043,1
"1892",11001010100,36045,2
"1893",24510060400,36045,2
"1894",11001010100,36047,21
"1895",24003701104,36047,1
"1896",24003702402,36047,10
"1897",24003730401,36047,1
"1898",24003740205,36047,1
"1899",24003741000,36047,3
"1900",24005408704,36047,1
"1901",24005440600,36047,19
"1902",24013507602,36047,6
"1903",24027605105,36047,5
"1904",24027605404,36047,11
"1905",24027605602,36047,7
"1906",24027606701,36047,1
"1907",24027606706,36047,1
"1908",24031702503,36047,3
"1909",24031704804,36047,5
"1910",24033800212,36047,1
"1911",24043011202,36047,1
"1912",24510060400,36047,1
"1913",24510120700,36047,2
"1914",24510260501,36047,3
"1915",24510260605,36047,3
"1916",11001010100,36051,3
"1917",11001010100,36053,2
"1918",24021750701,36053,1
"1919",24031701205,36053,2
"1920",11001010100,36055,11
"1921",24005408704,36055,1
"1922",24031700313,36055,2
"1923",24510260605,36055,1
"1924",11001010100,36057,1
"1925",24027606706,36057,1
"1926",11001010100,36059,24
"1927",24003702402,36059,6
"1928",24003730401,36059,1
"1929",24003740205,36059,2
"1930",24003740304,36059,1
"1931",24005421000,36059,1
"1932",24005440600,36059,1
"1933",24013507602,36059,2
"1934",24025301707,36059,1
"1935",24027606701,36059,3
"1936",24031701205,36059,2
"1937",24031702503,36059,1
"1938",24031704804,36059,4
"1939",24510060400,36059,5
"1940",24510120700,36059,1
"1941",24510260501,36059,1
"1942",51013101408,36059,1
"1943",11001000904,36061,1
"1944",11001010100,36061,31
"1945",24003702402,36061,13
"1946",24003730401,36061,1
"1947",24003740205,36061,5
"1948",24005408704,36061,2
"1949",24005440600,36061,2
"1950",24013507602,36061,2
"1951",24013513001,36061,4
"1952",24027605105,36061,8
"1953",24027605404,36061,7
"1954",24027605602,36061,1
"1955",24031700313,36061,1
"1956",24031701007,36061,2
"1957",24031701205,36061,3
"1958",24031702503,36061,7
"1959",24031704600,36061,3
"1960",24031704804,36061,7
"1961",24510060400,36061,4
"1962",24510120700,36061,2
"1963",24510260501,36061,7
"1964",24510260605,36061,4
"1965",51013101408,36061,2
"1966",11001010100,36063,1
"1967",24013513001,36063,1
"1968",24035810800,36063,1
"1969",24510260605,36063,1
"1970",11001010100,36065,1
"1971",24031700313,36065,1
"1972",24031702503,36065,1
"1973",11001010100,36067,13
"1974",24005440600,36067,1
"1975",24025301707,36067,2
"1976",24027605105,36067,1
"1977",24031701205,36067,7
"1978",24031704804,36067,1
"1979",24510060400,36067,2
"1980",24510260605,36067,1
"1981",11001010100,36069,1
"1982",24003730401,36069,1
"1983",11001010100,36071,4
"1984",24027605404,36071,2
"1985",51013101408,36071,1
"1986",51059470600,36071,1
"1987",11001010100,36075,1
"1988",24031701205,36075,2
"1989",11001010100,36079,1
"1990",24031702503,36079,2
"1991",24031704804,36079,1
"1992",11001010100,36081,13
"1993",24003701104,36081,7
"1994",24003702402,36081,3
"1995",24003740205,36081,2
"1996",24003741000,36081,2
"1997",24005408704,36081,2
"1998",24005440600,36081,5
"1999",24013507602,36081,3
"2000",24013513001,36081,2
"2001",24027605105,36081,10
"2002",24027605404,36081,22
"2003",24027605602,36081,14
"2004",24027606706,36081,1
"2005",24031701007,36081,1
"2006",24031701205,36081,1
"2007",24031702503,36081,4
"2008",24031704600,36081,1
"2009",24035810800,36081,2
"2010",24510060400,36081,7
"2011",24510120700,36081,4
"2012",24510260501,36081,3
"2013",24510260605,36081,1
"2014",11001010100,36083,1
"2015",24031702503,36083,1
"2016",24510060400,36083,1
"2017",24003702402,36085,2
"2018",24013513001,36085,2
"2019",24025301707,36085,3
"2020",24027605404,36085,1
"2021",24027605602,36085,1
"2022",24031701205,36085,2
"2023",24033801003,36085,1
"2024",24510260501,36085,1
"2025",11001010100,36087,7
"2026",24003701104,36087,1
"2027",24003702402,36087,1
"2028",24027605404,36087,1
"2029",24031702503,36087,1
"2030",24031704804,36087,2
"2031",24510060400,36087,2
"2032",51013101408,36087,1
"2033",11001010100,36089,1
"2034",11001010100,36091,3
"2035",24027606706,36091,2
"2036",24031702503,36091,1
"2037",24031704804,36091,1
"2038",11001010100,36093,1
"2039",24031701205,36093,2
"2040",51013101408,36093,2
"2041",11001010100,36095,1
"2042",24027605105,36099,1
"2043",24031701205,36099,2
"2044",11001010100,36101,1
"2045",24013507602,36101,1
"2046",11001010100,36103,22
"2047",24003702402,36103,5
"2048",24005440600,36103,8
"2049",24013507602,36103,4
"2050",24021752206,36103,1
"2051",24027605404,36103,1
"2052",24027606701,36103,3
"2053",24031704804,36103,2
"2054",24033801003,36103,1
"2055",24510060400,36103,1
"2056",24510260605,36103,2
"2057",11001010100,36107,1
"2058",24031701205,36107,1
"2059",24031702503,36107,1
"2060",11001010100,36109,2
"2061",24031701205,36109,3
"2062",24031702503,36109,1
"2063",24031704804,36111,1
"2064",24031704804,36113,1
"2065",24031702503,36115,1
"2066",11001010100,36117,1
"2067",11001000904,36119,1
"2068",11001010100,36119,19
"2069",24003702402,36119,3
"2070",24003730401,36119,1
"2071",24003740304,36119,2
"2072",24005421000,36119,1
"2073",24005440600,36119,8
"2074",24017851502,36119,1
"2075",24027605404,36119,2
"2076",24031701205,36119,10
"2077",24031702503,36119,2
"2078",24031704804,36119,2
"2079",24510120700,36119,1
"2080",24510260501,36119,5
"2081",11001010100,36121,1
"2082",24027605404,37001,1
"2083",24031701205,37001,2
"2084",11001010100,37003,2
"2085",11001010100,37017,1
"2086",24003702402,37017,1
"2087",11001010100,37019,7
"2088",24003702402,37019,1
"2089",24031701007,37019,1
"2090",11001010100,37021,5
"2091",24031704804,37021,1
"2092",11001010100,37023,1
"2093",24003701104,37025,1
"2094",24017851502,37025,1
"2095",24031704804,37025,5
"2096",24035810800,37025,2
"2097",11001010100,37027,1
"2098",24003741000,37027,1
"2099",11001010100,37031,3
"2100",24005440600,37031,1
"2101",11001010100,37033,1
"2102",24031701007,37033,1
"2103",11001010100,37035,1
"2104",51013101408,37035,1
"2105",11001010100,37037,5
"2106",24013513001,37041,1
"2107",24031701205,37041,1
"2108",11001010100,37045,1
"2109",24003702402,37045,1
"2110",24003741000,37045,1
"2111",11001010100,37047,1
"2112",24031701007,37047,1
"2113",11001010100,37049,2
"2114",24031701205,37049,1
"2115",24031704804,37049,2
"2116",24003702402,37051,2
"2117",24013507602,37051,5
"2118",24031701205,37051,1
"2119",11001010100,37055,1
"2120",24031701205,37057,1
"2121",24035810800,37057,1
"2122",11001010100,37063,15
"2123",24003702402,37063,1
"2124",24027605404,37063,5
"2125",24031700313,37063,1
"2126",24031701007,37063,1
"2127",51013101408,37063,4
"2128",24031701007,37065,1
"2129",11001010100,37067,13
"2130",24027606706,37067,2
"2131",24031701002,37067,1
"2132",24031702503,37067,2
"2133",24510060400,37067,3
"2134",24031701205,37069,1
"2135",24003701104,37071,1
"2136",24003741000,37071,1
"2137",24017851502,37071,1
"2138",24031704804,37071,2
"2139",11001010100,37073,1
"2140",11001010100,37075,1
"2141",24031704804,37075,1
"2142",11001010100,37081,8
"2143",24025301707,37081,1
"2144",24027605602,37081,1
"2145",24027606706,37081,1
"2146",24031701002,37081,1
"2147",24031702503,37081,1
"2148",24031704804,37081,2
"2149",24510060400,37081,4
"2150",24031701205,37083,1
"2151",24027606706,37085,1
"2152",24031701205,37085,2
"2153",24510260605,37085,1
"2154",11001010100,37087,3
"2155",24031704804,37087,1
"2156",24031704804,37089,1
"2157",24033801003,37091,1
"2158",24017851502,37097,1
"2159",24031704804,37097,2
"2160",11001010100,37099,1
"2161",24003702402,37107,1
"2162",24005440600,37107,1
"2163",11001010100,37111,1
"2164",11001010100,37113,1
"2165",24033801003,37113,1
"2166",24031704804,37115,1
"2167",11001010100,37117,1
"2168",24003702402,37117,1
"2169",24027605404,37117,1
"2170",24031701205,37117,1
"2171",11001000904,37119,1
"2172",24003701104,37119,1
"2173",24003702402,37119,4
"2174",24027605105,37119,5
"2175",24027605404,37119,3
"2176",24027605602,37119,1
"2177",24027606701,37119,1
"2178",24031701007,37119,8
"2179",24033801003,37119,1
"2180",24510260605,37119,5
"2181",51013101408,37119,3
"2182",11001010100,37121,1
"2183",51013101408,37123,1
"2184",51013101408,37125,1
"2185",11001000904,37127,1
"2186",24005440600,37127,1
"2187",11001010100,37129,7
"2188",24003702402,37129,1
"2189",24027605105,37129,4
"2190",24031701007,37129,1
"2191",24031702503,37129,1
"2192",24033801003,37129,1
"2193",11001010100,37133,8
"2194",24003702402,37133,2
"2195",24027605105,37133,3
"2196",24033801003,37133,2
"2197",11001000904,37135,1
"2198",11001010100,37135,7
"2199",24027605404,37135,1
"2200",24027606701,37135,1
"2201",24031701205,37135,1
"2202",24031701205,37137,1
"2203",11001010100,37139,1
"2204",24003702402,37139,1
"2205",24031701205,37139,1
"2206",11001010100,37141,2
"2207",24003702402,37141,1
"2208",24031701007,37141,1
"2209",11001010100,37145,4
"2210",24031701205,37145,1
"2211",24005440600,37147,1
"2212",24031701205,37151,2
"2213",24003702402,37153,1
"2214",24510260501,37153,1
"2215",24510260501,37155,1
"2216",11001010100,37157,8
"2217",11001010100,37161,2
"2218",24003702402,37161,1
"2219",24003702402,37163,2
"2220",24031701205,37163,1
"2221",24510260501,37167,1
"2222",24027605404,37169,1
"2223",11001010100,37171,3
"2224",24031704804,37171,1
"2225",24031701205,37179,1
"2226",24031704804,37179,2
"2227",51013101408,37179,1
"2228",51059470600,37179,1
"2229",11001010100,37183,48
"2230",24003702402,37183,6
"2231",24005440600,37183,7
"2232",24031701007,37183,4
"2233",24031701205,37183,7
"2234",24031702503,37183,5
"2235",24031704804,37183,13
"2236",24510060400,37183,4
"2237",24510260605,37183,2
"2238",51013101408,37183,1
"2239",11001010100,37189,1
"2240",24013507602,37191,2
"2241",24031701205,37191,1
"2242",51013101408,37191,1
"2243",11001010100,37193,3
"2244",24031704804,37193,1
"2245",24033801003,37193,1
"2246",24003702402,37195,1
"2247",11001010100,37199,3
"2248",24510260605,37199,1
"2249",11001010100,38017,1
"2250",11001010100,38093,1
"2251",11001010100,38095,1
"2252",11001010100,38105,1
"2253",24031702503,39001,1
"2254",11001010100,39007,2
"2255",11001010100,39017,8
"2256",24003702402,39017,1
"2257",24013507602,39017,1
"2258",24031702503,39017,2
"2259",11001010100,39023,2
"2260",24510060400,39023,1
"2261",24510260605,39023,1
"2262",11001010100,39025,2
"2263",11001010100,39029,1
"2264",11001010100,39033,1
"2265",11001010100,39035,15
"2266",24003702402,39035,5
"2267",24013513001,39035,2
"2268",24027606601,39035,1
"2269",24031702503,39035,1
"2270",24031704804,39035,9
"2271",24510060400,39035,5
"2272",24510260501,39035,1
"2273",24510260605,39035,1
"2274",11001010100,39037,1
"2275",11001010100,39041,7
"2276",24013507602,39041,1
"2277",24510260501,39041,2
"2278",24510260605,39041,1
"2279",24003702402,39043,1
"2280",24033801003,39043,1
"2281",11001010100,39045,2
"2282",24013507602,39045,2
"2283",24510060400,39045,1
"2284",24510120700,39045,1
"2285",24510260605,39045,1
"2286",11001010100,39049,18
"2287",24003702402,39049,7
"2288",24031701205,39049,3
"2289",24031702503,39049,1
"2290",51013101408,39049,2
"2291",24027605404,39053,1
"2292",11001010100,39057,3
"2293",24025301707,39057,1
"2294",24510260605,39057,1
"2295",11001010100,39059,1
"2296",24003740304,39061,1
"2297",24021750701,39061,2
"2298",24031701007,39061,1
"2299",24031701205,39061,1
"2300",24031702503,39061,2
"2301",24031704804,39061,2
"2302",24510260501,39061,1
"2303",24510260605,39061,5
"2304",11001010100,39063,1
"2305",24003702402,39063,1
"2306",24013507602,39071,1
"2307",24027606706,39071,1
"2308",11001010100,39085,5
"2309",24027605602,39085,1
"2310",11001010100,39089,1
"2311",24003741000,39093,1
"2312",24031701205,39093,1
"2313",24510060400,39093,3
"2314",24510260605,39093,3
"2315",11001010100,39095,9
"2316",24003730401,39095,3
"2317",24005440600,39095,2
"2318",24027605105,39095,1
"2319",24031701205,39095,2
"2320",11001010100,39097,1
"2321",11001000904,39099,1
"2322",24003740304,39099,1
"2323",24035810800,39099,1
"2324",24510260605,39099,2
"2325",24003741000,39103,1
"2326",24510260605,39103,2
"2327",11001010100,39109,1
"2328",24005440600,39113,6
"2329",24031704804,39113,3
"2330",24013507602,39121,1
"2331",24031702503,39123,1
"2332",24003702402,39127,1
"2333",24510120700,39127,1
"2334",24510060400,39129,1
"2335",24510260605,39129,1
"2336",11001010100,39133,4
"2337",24005440600,39133,2
"2338",24510260605,39135,2
"2339",11001010100,39139,1
"2340",24031701002,39139,1
"2341",11001010100,39143,1
"2342",24003702402,39143,1
"2343",24031702503,39147,1
"2344",24017851502,39149,1
"2345",11001010100,39151,3
"2346",24031701205,39151,2
"2347",24035810800,39151,1
"2348",51013101408,39151,1
"2349",11001010100,39153,9
"2350",24005408704,39153,1
"2351",24005440600,39153,3
"2352",24031702503,39153,1
"2353",24510060400,39153,2
"2354",24003740304,39155,1
"2355",24031701205,39155,2
"2356",24031702503,39155,1
"2357",24035810800,39155,2
"2358",24031702503,39157,1
"2359",11001010100,39159,3
"2360",24510260605,39159,1
"2361",11001010100,39165,1
"2362",24003702402,39165,2
"2363",24013507602,39165,1
"2364",24027605404,39165,2
"2365",11001010100,39173,1
"2366",24005440600,39173,1
"2367",24031700313,39173,1
"2368",24003701104,40047,1
"2369",24031701007,40109,1
"2370",24027605404,40143,1
"2371",24027605602,40143,2
"2372",24510260605,41003,1
"2373",11001010100,41005,1
"2374",24510120700,41027,1
"2375",24510260605,41029,1
"2376",24510260605,41033,1
"2377",11001010100,41051,17
"2378",11001010100,41067,6
"2379",24031702503,41067,2
"2380",11001000904,42001,3
"2381",11001010100,42001,6
"2382",24003701104,42001,3
"2383",24003702402,42001,31
"2384",24003740205,42001,1
"2385",24003740304,42001,4
"2386",24003741000,42001,6
"2387",24005408704,42001,7
"2388",24005440600,42001,16
"2389",24013507602,42001,379
"2390",24013513001,42001,47
"2391",24017851502,42001,1
"2392",24021750701,42001,99
"2393",24021752206,42001,16
"2394",24025301707,42001,1
"2395",24027605105,42001,31
"2396",24027605404,42001,13
"2397",24027605602,42001,4
"2398",24027606701,42001,3
"2399",24027606706,42001,3
"2400",24031700313,42001,16
"2401",24031701002,42001,4
"2402",24031701007,42001,14
"2403",24031701205,42001,18
"2404",24031702503,42001,6
"2405",24031704600,42001,3
"2406",24031704804,42001,12
"2407",24031705602,42001,3
"2408",24033800212,42001,2
"2409",24033800504,42001,7
"2410",24033801003,42001,2
"2411",24035810800,42001,2
"2412",24043011202,42001,11
"2413",24510060400,42001,14
"2414",24510100100,42001,2
"2415",24510120700,42001,5
"2416",24510260501,42001,5
"2417",24510260605,42001,27
"2418",11001010100,42003,18
"2419",24003702402,42003,6
"2420",24003740304,42003,2
"2421",24003741000,42003,1
"2422",24005440600,42003,7
"2423",24013507602,42003,4
"2424",24021750701,42003,1
"2425",24027605105,42003,7
"2426",24031700313,42003,1
"2427",24031701205,42003,4
"2428",24031702503,42003,3
"2429",24031704600,42003,1
"2430",24031704804,42003,4
"2431",24033801003,42003,1
"2432",24035810800,42003,1
"2433",24510060400,42003,8
"2434",24510260605,42003,2
"2435",11001010100,42005,1
"2436",51013101408,42005,1
"2437",11001010100,42007,1
"2438",24013513001,42007,1
"2439",24031701007,42007,1
"2440",24031704804,42007,1
"2441",24035810800,42007,3
"2442",24003702402,42009,1
"2443",24003740205,42009,1
"2444",24003741000,42009,1
"2445",24017851502,42009,2
"2446",24021750701,42009,2
"2447",24021752206,42009,1
"2448",24027605105,42009,1
"2449",24031704600,42009,1
"2450",24031704804,42009,1
"2451",24033800504,42009,1
"2452",24035810800,42009,1
"2453",24043011202,42009,4
"2454",24510260501,42009,2
"2455",24510260605,42009,1
"2456",11001010100,42011,7
"2457",24003702402,42011,3
"2458",24003740304,42011,1
"2459",24003741000,42011,1
"2460",24005421000,42011,1
"2461",24005440600,42011,1
"2462",24013507602,42011,4
"2463",24021752206,42011,1
"2464",24027605404,42011,1
"2465",24027605602,42011,2
"2466",24031701007,42011,1
"2467",24031701205,42011,6
"2468",24031704804,42011,3
"2469",24043011202,42011,1
"2470",24510060400,42011,4
"2471",24510120700,42011,1
"2472",11001010100,42013,2
"2473",24003702402,42013,2
"2474",24003730401,42013,1
"2475",24003740205,42013,1
"2476",24003740304,42013,3
"2477",24003741000,42013,1
"2478",24005408704,42013,1
"2479",24005440600,42013,2
"2480",24013507602,42013,5
"2481",24025301707,42013,1
"2482",24027605105,42013,2
"2483",24027605404,42013,1
"2484",24027606701,42013,1
"2485",24031700313,42013,2
"2486",24031701007,42013,1
"2487",24031701205,42013,1
"2488",24031704804,42013,1
"2489",24033800212,42013,1
"2490",24033800504,42013,3
"2491",24510260501,42013,1
"2492",24510260605,42013,3
"2493",24003702402,42015,1
"2494",24031700313,42015,1
"2495",24031702503,42015,1
"2496",11001010100,42017,1
"2497",24003702402,42017,9
"2498",24005408704,42017,1
"2499",24005440600,42017,3
"2500",24021752206,42017,1
"2501",24025301707,42017,2
"2502",24027605105,42017,3
"2503",24027605404,42017,5
"2504",24027605602,42017,6
"2505",24031700313,42017,1
"2506",24031701007,42017,2
"2507",24031701205,42017,6
"2508",24031702503,42017,4
"2509",24031705602,42017,1
"2510",24035810800,42017,1
"2511",24510060400,42017,6
"2512",24510260501,42017,4
"2513",24510260605,42017,3
"2514",51013101408,42017,1
"2515",11001000904,42019,1
"2516",11001010100,42019,2
"2517",24013513001,42019,1
"2518",24031701007,42019,1
"2519",24031704804,42019,1
"2520",24035810800,42019,1
"2521",51013101408,42019,1
"2522",11001010100,42021,1
"2523",24003702402,42021,2
"2524",24003730401,42021,2
"2525",24003740205,42021,2
"2526",24003740304,42021,2
"2527",24003741000,42021,1
"2528",24005408704,42021,2
"2529",24013507602,42021,2
"2530",24013513001,42021,1
"2531",24017851502,42021,1
"2532",24021750701,42021,2
"2533",24025301707,42021,2
"2534",24027605105,42021,1
"2535",24027605404,42021,2
"2536",24031700313,42021,2
"2537",24031701205,42021,1
"2538",24031704600,42021,1
"2539",24031704804,42021,2
"2540",24033800504,42021,2
"2541",24510060400,42021,2
"2542",24510100100,42021,1
"2543",24510260605,42021,2
"2544",11001010100,42025,1
"2545",24003702402,42025,2
"2546",24027606706,42025,1
"2547",24031704600,42025,1
"2548",24510260501,42025,1
"2549",24510260605,42025,1
"2550",51059470600,42025,1
"2551",11001010100,42027,4
"2552",24003702402,42027,3
"2553",24003741000,42027,1
"2554",24021750701,42027,1
"2555",24031701205,42027,1
"2556",24031702503,42027,1
"2557",24510260605,42027,3
"2558",11001000904,42029,2
"2559",11001010100,42029,23
"2560",24003702402,42029,14
"2561",24003740304,42029,2
"2562",24003741000,42029,6
"2563",24005408704,42029,2
"2564",24005440600,42029,10
"2565",24013507602,42029,3
"2566",24017851502,42029,1
"2567",24021750701,42029,3
"2568",24025301707,42029,11
"2569",24027605105,42029,4
"2570",24027605404,42029,14
"2571",24027605602,42029,3
"2572",24027606706,42029,5
"2573",24031700313,42029,4
"2574",24031701007,42029,6
"2575",24031701205,42029,21
"2576",24031704804,42029,10
"2577",24033800212,42029,1
"2578",24033800504,42029,2
"2579",24033801003,42029,4
"2580",24510060400,42029,11
"2581",24510120700,42029,2
"2582",24510260501,42029,4
"2583",24510260605,42029,9
"2584",51013101408,42029,1
"2585",51059470600,42029,1
"2586",11001010100,42033,1
"2587",24005440600,42033,1
"2588",24013513001,42033,1
"2589",24027605404,42033,1
"2590",24031701007,42033,1
"2591",24003702402,42035,1
"2592",24031701007,42035,2
"2593",11001010100,42037,1
"2594",24003702402,42037,1
"2595",24021752206,42037,1
"2596",24510060400,42037,2
"2597",24031701007,42039,1
"2598",24031704804,42039,2
"2599",11001010100,42041,2
"2600",24003702402,42041,14
"2601",24003730401,42041,1
"2602",24003740304,42041,1
"2603",24003741000,42041,1
"2604",24005440600,42041,2
"2605",24013507602,42041,4
"2606",24013513001,42041,1
"2607",24017851502,42041,1
"2608",24021750701,42041,3
"2609",24021752206,42041,3
"2610",24025301707,42041,2
"2611",24027605105,42041,4
"2612",24027605404,42041,2
"2613",24027605602,42041,2
"2614",24027606601,42041,1
"2615",24027606701,42041,2
"2616",24031700313,42041,2
"2617",24031701007,42041,5
"2618",24031701205,42041,1
"2619",24031704600,42041,1
"2620",24031704804,42041,2
"2621",24033800212,42041,1
"2622",24035810800,42041,1
"2623",24510060400,42041,2
"2624",24510100100,42041,1
"2625",24510120700,42041,1
"2626",24510260605,42041,2
"2627",11001010100,42043,7
"2628",24003702402,42043,10
"2629",24003740205,42043,1
"2630",24003740304,42043,3
"2631",24003741000,42043,3
"2632",24005408704,42043,1
"2633",24005440600,42043,7
"2634",24013507602,42043,5
"2635",24013513001,42043,2
"2636",24021750701,42043,3
"2637",24027605105,42043,1
"2638",24027605404,42043,3
"2639",24027605602,42043,1
"2640",24027606706,42043,2
"2641",24031700313,42043,5
"2642",24031701002,42043,1
"2643",24031701007,42043,4
"2644",24031701205,42043,4
"2645",24031702503,42043,1
"2646",24031704600,42043,1
"2647",24031704804,42043,6
"2648",24031705602,42043,1
"2649",24035810800,42043,1
"2650",24510060400,42043,3
"2651",24510260501,42043,2
"2652",24510260605,42043,4
"2653",11001010100,42045,22
"2654",24003702402,42045,10
"2655",24003740304,42045,1
"2656",24005440600,42045,8
"2657",24013507602,42045,3
"2658",24021750701,42045,1
"2659",24025301707,42045,4
"2660",24027605105,42045,3
"2661",24027605404,42045,5
"2662",24027605602,42045,4
"2663",24027606601,42045,1
"2664",24031701007,42045,3
"2665",24031701205,42045,10
"2666",24031702503,42045,3
"2667",24031704804,42045,7
"2668",24035810800,42045,2
"2669",24510060400,42045,10
"2670",24510260501,42045,2
"2671",24510260605,42045,5
"2672",51013101408,42045,1
"2673",24003702402,42047,1
"2674",24003740304,42047,1
"2675",24027605602,42047,1
"2676",11001010100,42049,3
"2677",24003702402,42049,4
"2678",24031704804,42049,6
"2679",24035810800,42049,1
"2680",11001010100,42051,1
"2681",24031700313,42051,1
"2682",24031701205,42051,2
"2683",24510060400,42051,1
"2684",24510260501,42051,2
"2685",24510260605,42051,1
"2686",11001010100,42055,11
"2687",24003701104,42055,4
"2688",24003702402,42055,41
"2689",24003730401,42055,1
"2690",24003740205,42055,4
"2691",24003740304,42055,2
"2692",24003741000,42055,2
"2693",24005421000,42055,1
"2694",24005440600,42055,22
"2695",24013507602,42055,49
"2696",24013513001,42055,6
"2697",24017851502,42055,2
"2698",24021750701,42055,111
"2699",24021752206,42055,9
"2700",24025301707,42055,1
"2701",24027605105,42055,7
"2702",24027605404,42055,14
"2703",24027605602,42055,4
"2704",24027606601,42055,1
"2705",24027606701,42055,4
"2706",24027606706,42055,7
"2707",24031700313,42055,16
"2708",24031701002,42055,2
"2709",24031701007,42055,12
"2710",24031701205,42055,13
"2711",24031702503,42055,11
"2712",24031704600,42055,5
"2713",24031704804,42055,9
"2714",24033800504,42055,6
"2715",24033801003,42055,2
"2716",24043011202,42055,89
"2717",24510060400,42055,1
"2718",24510120700,42055,1
"2719",24510260501,42055,8
"2720",24510260605,42055,15
"2721",51013101408,42055,1
"2722",51059470600,42055,1
"2723",24003702402,42057,2
"2724",24021750701,42057,1
"2725",24021752206,42057,2
"2726",24043011202,42057,4
"2727",11001010100,42059,2
"2728",24031704804,42059,1
"2729",24003702402,42061,1
"2730",24003741000,42061,1
"2731",24005408704,42061,1
"2732",24005440600,42061,1
"2733",24013513001,42061,1
"2734",24017851502,42061,1
"2735",24021750701,42061,2
"2736",24021752206,42061,3
"2737",24027605105,42061,2
"2738",24027605404,42061,1
"2739",24027606701,42061,1
"2740",24031700313,42061,1
"2741",24033801003,42061,1
"2742",24043011202,42061,2
"2743",24510120700,42061,1
"2744",24510260501,42061,1
"2745",11001010100,42063,1
"2746",24033800504,42063,1
"2747",24510060400,42063,1
"2748",24510260605,42063,1
"2749",24031704804,42065,1
"2750",24510060400,42065,1
"2751",11001010100,42067,1
"2752",24510060400,42067,1
"2753",11001010100,42069,3
"2754",24003702402,42069,2
"2755",24013507602,42069,1
"2756",24013513001,42069,1
"2757",24021752206,42069,1
"2758",24027605105,42069,1
"2759",24027605404,42069,2
"2760",24031700313,42069,1
"2761",24031701007,42069,2
"2762",24031701205,42069,3
"2763",24031702503,42069,1
"2764",24510060400,42069,1
"2765",24510260501,42069,1
"2766",24510260605,42069,1
"2767",11001010100,42071,20
"2768",24003702402,42071,88
"2769",24003740304,42071,3
"2770",24003741000,42071,4
"2771",24005421000,42071,2
"2772",24005440600,42071,11
"2773",24013507602,42071,12
"2774",24017851502,42071,2
"2775",24021752206,42071,3
"2776",24025301707,42071,7
"2777",24027605105,42071,6
"2778",24027605404,42071,3
"2779",24027605602,42071,7
"2780",24031700313,42071,1
"2781",24031701007,42071,3
"2782",24031701205,42071,3
"2783",24031704600,42071,2
"2784",24031704804,42071,5
"2785",24033800212,42071,1
"2786",24035810800,42071,3
"2787",24510060400,42071,7
"2788",24510120700,42071,7
"2789",24510260501,42071,3
"2790",24510260605,42071,13
"2791",51059470600,42071,1
"2792",24031701007,42073,1
"2793",24031702503,42073,2
"2794",11001010100,42075,3
"2795",24003702402,42075,5
"2796",24003740205,42075,1
"2797",24003741000,42075,1
"2798",24005440600,42075,2
"2799",24021750701,42075,1
"2800",24027605404,42075,1
"2801",24027606706,42075,2
"2802",24031701002,42075,1
"2803",24031701007,42075,3
"2804",24031701205,42075,2
"2805",24033801003,42075,1
"2806",24510260501,42075,2
"2807",24510260605,42075,1
"2808",51013101408,42075,1
"2809",11001010100,42077,4
"2810",24003702402,42077,3
"2811",24005440600,42077,1
"2812",24025301707,42077,1
"2813",24027605105,42077,2
"2814",24027605404,42077,2
"2815",24027606706,42077,1
"2816",24031700313,42077,1
"2817",24031701007,42077,1
"2818",24031701205,42077,1
"2819",24031702503,42077,1
"2820",24031704600,42077,1
"2821",24510260501,42077,3
"2822",24510260605,42077,2
"2823",51059470600,42077,1
"2824",11001010100,42079,3
"2825",24003702402,42079,1
"2826",24003740304,42079,1
"2827",24021752206,42079,6
"2828",24027605105,42079,1
"2829",24031701205,42079,3
"2830",24031704804,42079,1
"2831",24510060400,42079,3
"2832",24510120700,42079,1
"2833",24510260501,42079,1
"2834",24510260605,42079,1
"2835",51059470600,42079,3
"2836",24031700313,42081,1
"2837",24510060400,42081,2
"2838",24510260605,42081,1
"2839",11001000904,42083,1
"2840",11001010100,42083,1
"2841",24031704804,42083,1
"2842",11001010100,42085,3
"2843",24003740304,42085,2
"2844",24027605404,42085,1
"2845",24031705602,42085,1
"2846",24510260605,42085,1
"2847",11001010100,42089,3
"2848",24003740304,42089,1
"2849",24003741000,42089,2
"2850",24027605105,42089,1
"2851",24027605404,42089,1
"2852",24027605602,42089,2
"2853",24027606601,42089,1
"2854",24031700313,42089,1
"2855",24031701205,42089,1
"2856",24031704600,42089,1
"2857",24031704804,42089,1
"2858",24033800504,42089,1
"2859",51059470600,42089,1
"2860",11001010100,42091,31
"2861",24003701104,42091,1
"2862",24003702402,42091,13
"2863",24003740205,42091,1
"2864",24005421000,42091,2
"2865",24005440600,42091,4
"2866",24013507602,42091,3
"2867",24025301707,42091,4
"2868",24027605105,42091,4
"2869",24027605404,42091,5
"2870",24027605602,42091,3
"2871",24031700313,42091,8
"2872",24031701007,42091,10
"2873",24031701205,42091,11
"2874",24031702503,42091,2
"2875",24031704600,42091,6
"2876",24031704804,42091,5
"2877",24033800212,42091,1
"2878",24033800504,42091,2
"2879",24033801003,42091,1
"2880",24510060400,42091,6
"2881",24510120700,42091,2
"2882",24510260501,42091,3
"2883",24510260605,42091,3
"2884",51013101408,42091,2
"2885",24003702402,42093,1
"2886",11001000904,42095,1
"2887",11001010100,42095,7
"2888",24003702402,42095,3
"2889",24003740205,42095,1
"2890",24027605105,42095,4
"2891",24027606706,42095,3
"2892",24031700313,42095,1
"2893",24031701007,42095,1
"2894",24031701205,42095,1
"2895",24033801003,42095,1
"2896",24035810800,42095,1
"2897",24510060400,42095,1
"2898",24510260605,42095,2
"2899",51013101408,42095,1
"2900",11001010100,42097,2
"2901",24003741000,42097,1
"2902",24031701007,42097,1
"2903",24031701205,42097,1
"2904",24031702503,42097,1
"2905",24510060400,42097,1
"2906",24003701104,42099,1
"2907",24003702402,42099,3
"2908",24005440600,42099,1
"2909",24021750701,42099,1
"2910",24027605404,42099,1
"2911",24031701205,42099,1
"2912",24510260605,42099,1
"2913",11001000904,42101,1
"2914",11001010100,42101,43
"2915",24003701104,42101,1
"2916",24003702402,42101,14
"2917",24003740205,42101,1
"2918",24003740304,42101,1
"2919",24003741000,42101,3
"2920",24005408704,42101,1
"2921",24005440600,42101,10
"2922",24013507602,42101,2
"2923",24013513001,42101,2
"2924",24017851502,42101,3
"2925",24025301707,42101,3
"2926",24027605105,42101,11
"2927",24027605404,42101,3
"2928",24027606701,42101,1
"2929",24027606706,42101,1
"2930",24031700313,42101,2
"2931",24031701007,42101,1
"2932",24031701205,42101,4
"2933",24031702503,42101,3
"2934",24031704804,42101,14
"2935",24033800212,42101,3
"2936",24033800504,42101,1
"2937",24035810800,42101,3
"2938",24510060400,42101,8
"2939",24510120700,42101,5
"2940",24510260501,42101,7
"2941",24510260605,42101,3
"2942",51013101408,42101,1
"2943",11001010100,42103,1
"2944",24003740304,42103,1
"2945",24003741000,42103,2
"2946",24031704600,42103,1
"2947",24031704804,42103,1
"2948",11001010100,42107,4
"2949",24003702402,42107,1
"2950",24003730401,42107,1
"2951",24003740304,42107,1
"2952",24031701205,42107,2
"2953",24031702503,42107,1
"2954",11001010100,42109,2
"2955",24003702402,42109,1
"2956",11001010100,42111,1
"2957",24003702402,42111,1
"2958",24003740205,42111,1
"2959",24003741000,42111,1
"2960",24013507602,42111,3
"2961",24021752206,42111,1
"2962",24027605404,42111,1
"2963",24027606701,42111,2
"2964",24031704804,42111,2
"2965",24033800504,42111,3
"2966",24043011202,42111,1
"2967",24510260501,42111,3
"2968",24003740304,42115,1
"2969",24003741000,42115,1
"2970",24013507602,42115,1
"2971",24031702503,42115,1
"2972",11001010100,42117,1
"2973",11001010100,42119,1
"2974",24025301707,42119,1
"2975",24031701205,42119,1
"2976",24013507602,42121,1
"2977",11001010100,42125,3
"2978",24003702402,42125,1
"2979",24003740304,42125,2
"2980",24005408704,42125,1
"2981",24013507602,42125,2
"2982",24031702503,42125,1
"2983",24031704600,42125,1
"2984",24031704804,42125,4
"2985",24510060400,42125,1
"2986",24510260501,42127,1
"2987",24510260605,42127,1
"2988",11001000904,42129,1
"2989",11001010100,42129,1
"2990",24003701104,42129,1
"2991",24003702402,42129,1
"2992",24003740304,42129,1
"2993",24005421000,42129,1
"2994",24005440600,42129,2
"2995",24013513001,42129,1
"2996",24021750701,42129,1
"2997",24021752206,42129,4
"2998",24025301707,42129,1
"2999",24027605404,42129,1
"3000",24031701007,42129,3
"3001",24031701205,42129,2
"3002",24031702503,42129,1
"3003",24031705602,42129,1
"3004",24510060400,42129,3
"3005",24510260501,42129,2
"3006",24510260605,42129,1
"3007",51059470600,42129,1
"3008",24027605105,42131,1
"3009",24031704600,42131,1
"3010",11001000904,42133,1
"3011",11001010100,42133,12
"3012",24003701104,42133,7
"3013",24003702402,42133,118
"3014",24003730401,42133,1
"3015",24003740205,42133,9
"3016",24003740304,42133,25
"3017",24003741000,42133,42
"3018",24005408704,42133,68
"3019",24005421000,42133,1
"3020",24005440600,42133,83
"3021",24013507602,42133,526
"3022",24013513001,42133,23
"3023",24017851502,42133,7
"3024",24021750701,42133,19
"3025",24021752206,42133,5
"3026",24025301707,42133,48
"3027",24027605105,42133,56
"3028",24027605404,42133,44
"3029",24027605602,42133,16
"3030",24027606601,42133,10
"3031",24027606701,42133,2
"3032",24027606706,42133,12
"3033",24031700313,42133,27
"3034",24031701002,42133,1
"3035",24031701007,42133,35
"3036",24031701205,42133,28
"3037",24031702503,42133,12
"3038",24031704600,42133,5
"3039",24031704804,42133,33
"3040",24031705602,42133,2
"3041",24033800212,42133,7
"3042",24033800504,42133,5
"3043",24033801003,42133,7
"3044",24035810800,42133,4
"3045",24043011202,42133,3
"3046",24510060400,42133,163
"3047",24510100100,42133,7
"3048",24510120700,42133,106
"3049",24510260501,42133,59
"3050",24510260605,42133,146
"3051",51013101408,42133,2
"3052",24031702503,44001,1
"3053",24031704804,44001,1
"3054",24027605105,44003,1
"3055",24031704804,44003,3
"3056",24031705602,44003,1
"3057",24510060400,44003,1
"3058",24017851502,44005,1
"3059",24031702503,44005,1
"3060",11001010100,44007,4
"3061",24031704804,44007,3
"3062",24033800212,44007,1
"3063",24510060400,44007,5
"3064",24510260501,44007,1
"3065",24031704804,44009,3
"3066",24031705602,44009,2
"3067",24031700313,45003,1
"3068",24031704804,45003,3
"3069",11001010100,45005,1
"3070",24031701007,45005,1
"3071",24027606706,45007,1
"3072",24031700313,45007,2
"3073",24031702503,45007,1
"3074",24031704804,45007,2
"3075",11001010100,45011,2
"3076",11001010100,45013,2
"3077",24027606601,45013,1
"3078",24031701205,45013,1
"3079",11001010100,45015,12
"3080",24003702402,45015,2
"3081",24510060400,45015,6
"3082",11001010100,45017,1
"3083",24031701205,45017,1
"3084",11001010100,45019,11
"3085",24003702402,45019,8
"3086",24005440600,45019,3
"3087",24510060400,45019,3
"3088",11001010100,45021,1
"3089",24031701007,45021,1
"3090",24017851502,45025,1
"3091",24027605105,45025,1
"3092",24031701205,45027,1
"3093",24017851502,45031,1
"3094",24027605105,45031,1
"3095",11001010100,45035,1
"3096",24003740304,45035,1
"3097",24031701205,45035,1
"3098",24027606706,45037,1
"3099",24017851502,45039,1
"3100",24031701007,45041,2
"3101",24031701205,45041,1
"3102",24031704804,45041,1
"3103",24031701205,45043,2
"3104",24013507602,45045,1
"3105",24027605105,45045,1
"3106",24027606706,45045,2
"3107",24031701205,45045,8
"3108",24510060400,45045,4
"3109",24510260501,45045,1
"3110",11001010100,45049,1
"3111",24031701205,45049,1
"3112",24005440600,45051,2
"3113",24031701007,45051,3
"3114",24031701205,45051,1
"3115",24031704804,45051,3
"3116",11001010100,45053,2
"3117",24031701205,45053,1
"3118",24003730401,45055,1
"3119",24043011202,45055,1
"3120",24003741000,45057,1
"3121",24027605404,45061,1
"3122",24027606706,45063,3
"3123",24031702503,45063,2
"3124",24031701205,45067,1
"3125",24005408704,45071,1
"3126",24013507602,45071,1
"3127",24031701205,45073,1
"3128",11001010100,45075,3
"3129",24031701205,45075,1
"3130",24027606706,45077,1
"3131",24031701205,45077,2
"3132",24003740304,45079,1
"3133",24027605404,45079,2
"3134",24027606706,45079,5
"3135",24510260605,45079,1
"3136",51013101408,45079,1
"3137",24031704804,45081,1
"3138",11001010100,45083,1
"3139",24013507602,45083,2
"3140",24017851502,45083,1
"3141",24031701002,45083,1
"3142",24031701007,45083,1
"3143",24027605105,45085,1
"3144",24031701007,45085,1
"3145",11001010100,45087,1
"3146",24031701007,45087,1
"3147",24031701205,45089,1
"3148",11001010100,45091,1
"3149",24005408704,45091,1
"3150",24013507602,45091,1
"3151",24031702503,45091,1
"3152",51013101408,46099,1
"3153",24027605404,47001,1
"3154",24510260605,47001,1
"3155",11001010100,47011,1
"3156",24031704804,47015,1
"3157",11001010100,47019,1
"3158",24027605602,47033,1
"3159",11001010100,47037,7
"3160",24031701007,47037,1
"3161",24510060400,47037,4
"3162",11001010100,47043,1
"3163",11001010100,47057,1
"3164",11001010100,47059,1
"3165",24031701205,47063,1
"3166",24031704804,47063,1
"3167",11001010100,47065,3
"3168",24003741000,47073,1
"3169",24031704804,47089,1
"3170",11001010100,47093,4
"3171",24027605404,47093,1
"3172",24027605602,47093,1
"3173",24510260605,47093,1
"3174",11001010100,47111,1
"3175",24013513001,47111,1
"3176",24027605404,47113,1
"3177",11001000904,47119,1
"3178",24031701007,47141,1
"3179",24031701205,47145,1
"3180",11001010100,47149,8
"3181",11001010100,47155,2
"3182",24031701205,47155,1
"3183",11001010100,47157,3
"3184",24005440600,47157,1
"3185",24003741000,47163,1
"3186",11001010100,47165,1
"3187",24031704804,47175,1
"3188",11001010100,47177,1
"3189",24031704804,47177,1
"3190",24003741000,47179,1
"3191",11001010100,47187,4
"3192",11001010100,47189,1
"3193",24003702402,48013,1
"3194",11001010100,48027,1
"3195",11001010100,48029,5
"3196",24031704804,48029,1
"3197",11001010100,48049,1
"3198",24031704804,48061,1
"3199",11001010100,48073,1
"3200",11001010100,48085,15
"3201",24027605404,48085,3
"3202",24003702402,48089,1
"3203",11001010100,48091,1
"3204",24003702402,48091,1
"3205",11001010100,48113,2
"3206",24003702402,48113,3
"3207",24013507602,48113,1
"3208",24027605404,48113,4
"3209",24031702503,48113,2
"3210",24033801003,48113,3
"3211",11001010100,48121,12
"3212",24031700313,48121,1
"3213",24027605105,48141,1
"3214",24027606706,48167,1
"3215",24510060400,48167,1
"3216",11001010100,48187,1
"3217",11001010100,48201,9
"3218",24005440600,48201,4
"3219",24027605602,48201,1
"3220",24031700313,48201,1
"3221",24031701002,48201,1
"3222",24031701205,48201,7
"3223",24031704804,48201,7
"3224",24033800212,48201,1
"3225",24510260605,48201,1
"3226",24003702402,48215,2
"3227",24035810800,48215,1
"3228",24510260605,48245,3
"3229",11001010100,48285,1
"3230",24003702402,48303,1
"3231",24510260605,48361,2
"3232",24031701205,48439,2
"3233",24510260501,48453,1
"3234",24027606701,48457,1
"3235",24017851502,48459,1
"3236",24031704804,48467,1
"3237",11001010100,48469,1
"3238",24003702402,48469,1
"3239",24003702402,48485,1
"3240",24027605105,48489,1
"3241",24013513001,49003,1
"3242",24027605105,49035,1
"3243",24031701205,49035,1
"3244",11001010100,50003,2
"3245",24031704804,50003,1
"3246",24510260605,50005,1
"3247",11001010100,50007,2
"3248",24031704804,50007,1
"3249",11001010100,50009,1
"3250",11001010100,50011,1
"3251",11001010100,50015,2
"3252",11001010100,50019,2
"3253",11001010100,50021,1
"3254",11001010100,50027,1
"3255",11001010100,51001,7
"3256",24003701104,51001,3
"3257",24003702402,51001,8
"3258",24003741000,51001,2
"3259",24005440600,51001,2
"3260",24017851502,51001,1
"3261",24021750701,51001,1
"3262",24031702503,51001,1
"3263",24031704804,51001,1
"3264",24031705602,51001,2
"3265",24033800212,51001,1
"3266",24033800504,51001,3
"3267",24033801003,51001,3
"3268",24035810800,51001,3
"3269",24510060400,51001,1
"3270",51059470600,51001,1
"3271",11001000904,51003,5
"3272",11001010100,51003,9
"3273",24003702402,51003,1
"3274",24003740304,51003,1
"3275",24013507602,51003,2
"3276",24027605602,51003,1
"3277",24031701007,51003,4
"3278",24031701205,51003,6
"3279",24031702503,51003,1
"3280",24031704600,51003,1
"3281",24031704804,51003,8
"3282",24510060400,51003,2
"3283",24510260605,51003,2
"3284",51013101408,51003,7
"3285",51059470600,51003,2
"3286",11001010100,51005,1
"3287",24027605602,51005,1
"3288",24031700313,51005,1
"3289",24031701002,51005,1
"3290",24031701205,51005,1
"3291",24031704804,51005,1
"3292",24021752206,51007,1
"3293",24031702503,51007,1
"3294",11001010100,51009,1
"3295",51013101408,51009,2
"3296",11001010100,51011,1
"3297",51013101408,51011,1
"3298",11001000904,51013,98
"3299",11001010100,51013,3500
"3300",24003701104,51013,1
"3301",24003702402,51013,34
"3302",24003730401,51013,1
"3303",24003740205,51013,2
"3304",24003740304,51013,7
"3305",24003741000,51013,2
"3306",24005408704,51013,2
"3307",24005421000,51013,1
"3308",24005440600,51013,17
"3309",24013507602,51013,1
"3310",24013513001,51013,2
"3311",24021750701,51013,4
"3312",24021752206,51013,3
"3313",24025301707,51013,1
"3314",24027605105,51013,48
"3315",24027605404,51013,19
"3316",24027605602,51013,7
"3317",24027606701,51013,2
"3318",24027606706,51013,3
"3319",24031700313,51013,28
"3320",24031701002,51013,34
"3321",24031701007,51013,137
"3322",24031701205,51013,345
"3323",24031702503,51013,134
"3324",24031704600,51013,29
"3325",24031704804,51013,439
"3326",24031705602,51013,32
"3327",24033800212,51013,14
"3328",24033800504,51013,8
"3329",24033801003,51013,17
"3330",24035810800,51013,3
"3331",24510060400,51013,9
"3332",24510120700,51013,4
"3333",24510260501,51013,6
"3334",24510260605,51013,8
"3335",51013101408,51013,371
"3336",51059470600,51013,91
"3337",11001010100,51015,2
"3338",24027605404,51015,2
"3339",24031700313,51015,1
"3340",24031701002,51015,1
"3341",24031704804,51015,1
"3342",51013101408,51015,2
"3343",24031701002,51017,1
"3344",24031701205,51017,1
"3345",11001010100,51019,2
"3346",24031701205,51019,1
"3347",24031704804,51019,1
"3348",51013101408,51019,3
"3349",11001010100,51023,2
"3350",24021752206,51023,1
"3351",24031700313,51023,1
"3352",24031701205,51023,2
"3353",51013101408,51023,5
"3354",24027606701,51025,1
"3355",24031704804,51025,1
"3356",51059470600,51025,1
"3357",24031700313,51027,1
"3358",24031701002,51027,1
"3359",24510260501,51029,1
"3360",24510260605,51029,1
"3361",51013101408,51029,1
"3362",11001010100,51031,2
"3363",24027605404,51031,1
"3364",51013101408,51031,1
"3365",51059470600,51031,1
"3366",11001010100,51033,36
"3367",24003701104,51033,2
"3368",24003702402,51033,5
"3369",24003740304,51033,1
"3370",24017851502,51033,3
"3371",24027606706,51033,1
"3372",24031700313,51033,1
"3373",24031701007,51033,1
"3374",24031701205,51033,1
"3375",24031705602,51033,2
"3376",24033801003,51033,1
"3377",24035810800,51033,3
"3378",24510060400,51033,1
"3379",24510260605,51033,1
"3380",51013101408,51033,3
"3381",51059470600,51033,1
"3382",24003741000,51035,1
"3383",24510120700,51035,1
"3384",24510260605,51035,1
"3385",24003741000,51036,3
"3386",24027605602,51037,1
"3387",24510060400,51037,1
"3388",11001000904,51041,1
"3389",11001010100,51041,37
"3390",24003702402,51041,6
"3391",24003741000,51041,2
"3392",24005440600,51041,3
"3393",24013507602,51041,2
"3394",24013513001,51041,1
"3395",24021750701,51041,1
"3396",24021752206,51041,4
"3397",24027605105,51041,1
"3398",24027605404,51041,1
"3399",24027606706,51041,2
"3400",24031701002,51041,2
"3401",24031701007,51041,11
"3402",24031701205,51041,8
"3403",24031702503,51041,6
"3404",24031704804,51041,9
"3405",24031705602,51041,1
"3406",24033800212,51041,2
"3407",24033800504,51041,1
"3408",24033801003,51041,2
"3409",24510060400,51041,5
"3410",24510260501,51041,2
"3411",24510260605,51041,3
"3412",51013101408,51041,28
"3413",51059470600,51041,4
"3414",11001010100,51043,14
"3415",24003702402,51043,1
"3416",24013513001,51043,3
"3417",24021750701,51043,3
"3418",24027605105,51043,1
"3419",24027605404,51043,1
"3420",24031700313,51043,3
"3421",24031701007,51043,3
"3422",24031701205,51043,4
"3423",24031702503,51043,1
"3424",24031704600,51043,3
"3425",24031704804,51043,1
"3426",24031705602,51043,1
"3427",24033800212,51043,3
"3428",24510260501,51043,1
"3429",24510260605,51043,3
"3430",51013101408,51043,6
"3431",51059470600,51043,1
"3432",11001000904,51047,3
"3433",11001010100,51047,45
"3434",24005440600,51047,2
"3435",24013507602,51047,1
"3436",24013513001,51047,2
"3437",24027605105,51047,1
"3438",24027605404,51047,1
"3439",24027606701,51047,1
"3440",24031700313,51047,2
"3441",24031701007,51047,1
"3442",24031701205,51047,3
"3443",24031702503,51047,2
"3444",24031704804,51047,7
"3445",24031705602,51047,1
"3446",24035810800,51047,1
"3447",24510060400,51047,2
"3448",51013101408,51047,4
"3449",11001010100,51049,2
"3450",24003740304,51049,1
"3451",24031702503,51049,1
"3452",24510260605,51049,1
"3453",51059470600,51049,1
"3454",11001010100,51053,1
"3455",24003702402,51053,1
"3456",24003741000,51053,1
"3457",24005440600,51053,1
"3458",24031701205,51053,2
"3459",24510260605,51053,1
"3460",51013101408,51053,3
"3461",11001000904,51057,1
"3462",11001010100,51057,2
"3463",24003702402,51057,4
"3464",24017851502,51057,1
"3465",24027606706,51057,1
"3466",24031702503,51057,1
"3467",24031705602,51057,1
"3468",24033800504,51057,2
"3469",24510060400,51057,1
"3470",24510260605,51057,1
"3471",51059470600,51057,1
"3472",11001000904,51059,249
"3473",11001010100,51059,6450
"3474",24003701104,51059,6
"3475",24003702402,51059,80
"3476",24003740205,51059,8
"3477",24003740304,51059,33
"3478",24003741000,51059,9
"3479",24005408704,51059,4
"3480",24005421000,51059,1
"3481",24005440600,51059,50
"3482",24013507602,51059,9
"3483",24013513001,51059,11
"3484",24017851502,51059,28
"3485",24021750701,51059,26
"3486",24021752206,51059,8
"3487",24025301707,51059,14
"3488",24027605105,51059,176
"3489",24027605404,51059,67
"3490",24027605602,51059,27
"3491",24027606601,51059,1
"3492",24027606701,51059,20
"3493",24027606706,51059,20
"3494",24031700313,51059,89
"3495",24031701002,51059,96
"3496",24031701007,51059,519
"3497",24031701205,51059,1232
"3498",24031702503,51059,344
"3499",24031704600,51059,77
"3500",24031704804,51059,1175
"3501",24031705602,51059,118
"3502",24033800212,51059,54
"3503",24033800504,51059,31
"3504",24033801003,51059,50
"3505",24035810800,51059,6
"3506",24043011202,51059,1
"3507",24510060400,51059,44
"3508",24510120700,51059,10
"3509",24510260501,51059,19
"3510",24510260605,51059,37
"3511",51013101408,51059,720
"3512",51059470600,51059,573
"3513",11001000904,51061,3
"3514",11001010100,51061,69
"3515",24003702402,51061,6
"3516",24003740304,51061,2
"3517",24013513001,51061,12
"3518",24021750701,51061,7
"3519",24021752206,51061,3
"3520",24025301707,51061,1
"3521",24027605105,51061,5
"3522",24027605404,51061,6
"3523",24027606601,51061,2
"3524",24027606701,51061,3
"3525",24031700313,51061,11
"3526",24031701002,51061,2
"3527",24031701007,51061,19
"3528",24031701205,51061,19
"3529",24031702503,51061,7
"3530",24031704600,51061,2
"3531",24031704804,51061,15
"3532",24031705602,51061,3
"3533",24033800212,51061,2
"3534",24033801003,51061,2
"3535",24043011202,51061,2
"3536",24510060400,51061,1
"3537",24510120700,51061,1
"3538",24510260501,51061,1
"3539",24510260605,51061,3
"3540",51013101408,51061,17
"3541",51059470600,51061,8
"3542",11001010100,51065,2
"3543",24003702402,51065,1
"3544",24005440600,51065,1
"3545",24021750701,51065,1
"3546",24031701205,51065,2
"3547",24031704804,51065,2
"3548",51059470600,51065,2
"3549",11001010100,51067,2
"3550",24043011202,51067,1
"3551",51013101408,51067,1
"3552",11001000904,51069,1
"3553",11001010100,51069,12
"3554",24003702402,51069,1
"3555",24003740205,51069,1
"3556",24003740304,51069,1
"3557",24013513001,51069,3
"3558",24021750701,51069,3
"3559",24021752206,51069,1
"3560",24027605404,51069,1
"3561",24027606706,51069,2
"3562",24031700313,51069,1
"3563",24031701007,51069,3
"3564",24031701205,51069,5
"3565",24031702503,51069,1
"3566",24031704804,51069,6
"3567",24033800504,51069,1
"3568",24510060400,51069,1
"3569",51013101408,51069,4
"3570",51059470600,51069,8
"3571",11001010100,51073,3
"3572",24031704804,51073,2
"3573",24510260605,51073,1
"3574",11001010100,51075,6
"3575",24003741000,51075,1
"3576",24021752206,51075,1
"3577",24027605404,51075,1
"3578",24031704804,51075,1
"3579",24510260605,51075,1
"3580",51013101408,51075,1
"3581",11001010100,51079,4
"3582",24003741000,51079,1
"3583",24013507602,51079,1
"3584",24031704804,51079,3
"3585",51013101408,51079,2
"3586",24510260501,51081,1
"3587",24510260605,51081,1
"3588",51013101408,51081,2
"3589",11001010100,51083,3
"3590",24003702402,51083,1
"3591",24021752206,51083,3
"3592",24033800504,51083,1
"3593",51013101408,51083,1
"3594",51059470600,51083,1
"3595",11001010100,51085,17
"3596",24003702402,51085,2
"3597",24003741000,51085,3
"3598",24005440600,51085,3
"3599",24021752206,51085,6
"3600",24027606706,51085,1
"3601",24031701205,51085,2
"3602",24031702503,51085,3
"3603",24031704804,51085,3
"3604",51013101408,51085,11
"3605",51059470600,51085,1
"3606",11001000904,51087,3
"3607",11001010100,51087,40
"3608",24003702402,51087,8
"3609",24003741000,51087,2
"3610",24005440600,51087,5
"3611",24021752206,51087,4
"3612",24027605404,51087,1
"3613",24027606706,51087,3
"3614",24031700313,51087,5
"3615",24031701007,51087,2
"3616",24031701205,51087,9
"3617",24031704600,51087,5
"3618",24031704804,51087,12
"3619",24510060400,51087,2
"3620",24510260605,51087,5
"3621",51013101408,51087,28
"3622",51059470600,51087,6
"3623",24003741000,51089,1
"3624",24031701002,51089,1
"3625",11001010100,51093,2
"3626",24003702402,51093,1
"3627",24005440600,51093,1
"3628",24031702503,51093,1
"3629",24510260605,51093,1
"3630",51013101408,51093,2
"3631",51059470600,51093,1
"3632",11001010100,51095,7
"3633",24003702402,51095,1
"3634",24017851502,51095,1
"3635",24027605404,51095,2
"3636",24031704804,51095,2
"3637",24033800212,51095,1
"3638",24033800504,51095,1
"3639",24510260605,51095,1
"3640",51013101408,51095,17
"3641",11001010100,51097,4
"3642",24003702402,51097,2
"3643",24005440600,51097,1
"3644",24033801003,51097,2
"3645",51059470600,51097,1
"3646",11001000904,51099,1
"3647",11001010100,51099,44
"3648",24003701104,51099,1
"3649",24003702402,51099,4
"3650",24003740304,51099,1
"3651",24005440600,51099,2
"3652",24017851502,51099,17
"3653",24027605105,51099,2
"3654",24027605404,51099,2
"3655",24031700313,51099,1
"3656",24031701007,51099,1
"3657",24031701205,51099,4
"3658",24031702503,51099,1
"3659",24031704804,51099,4
"3660",24033800504,51099,1
"3661",24033801003,51099,10
"3662",24510060400,51099,1
"3663",24510120700,51099,1
"3664",24510260605,51099,2
"3665",51013101408,51099,5
"3666",11001010100,51101,2
"3667",24003701104,51101,3
"3668",24003702402,51101,1
"3669",24017851502,51101,4
"3670",24031700313,51101,1
"3671",24031704804,51101,1
"3672",24031705602,51101,1
"3673",24033800212,51101,1
"3674",24033800504,51101,4
"3675",24035810800,51101,2
"3676",24510060400,51101,1
"3677",51013101408,51101,2
"3678",11001010100,51103,6
"3679",24003702402,51103,1
"3680",24027605105,51103,1
"3681",24510260501,51103,1
"3682",24510260605,51103,2
"3683",51013101408,51103,1
"3684",11001010100,51105,1
"3685",11001000904,51107,29
"3686",11001010100,51107,902
"3687",24003701104,51107,1
"3688",24003702402,51107,22
"3689",24003740205,51107,1
"3690",24003740304,51107,5
"3691",24003741000,51107,2
"3692",24005408704,51107,1
"3693",24005440600,51107,7
"3694",24013513001,51107,15
"3695",24017851502,51107,15
"3696",24021750701,51107,47
"3697",24021752206,51107,17
"3698",24025301707,51107,1
"3699",24027605105,51107,51
"3700",24027605404,51107,22
"3701",24027605602,51107,7
"3702",24027606601,51107,1
"3703",24027606701,51107,21
"3704",24027606706,51107,4
"3705",24031700313,51107,74
"3706",24031701002,51107,29
"3707",24031701007,51107,181
"3708",24031701205,51107,371
"3709",24031702503,51107,74
"3710",24031704600,51107,33
"3711",24031704804,51107,274
"3712",24031705602,51107,16
"3713",24033800212,51107,22
"3714",24033800504,51107,2
"3715",24033801003,51107,21
"3716",24035810800,51107,4
"3717",24043011202,51107,8
"3718",24510060400,51107,4
"3719",24510120700,51107,2
"3720",24510260501,51107,7
"3721",24510260605,51107,7
"3722",51013101408,51107,174
"3723",51059470600,51107,107
"3724",11001000904,51109,1
"3725",11001010100,51109,7
"3726",24031701007,51109,1
"3727",24031704804,51109,2
"3728",24003702402,51111,1
"3729",11001010100,51113,3
"3730",24005440600,51113,1
"3731",24031702503,51113,1
"3732",51013101408,51113,1
"3733",11001010100,51115,2
"3734",24031704600,51115,1
"3735",51013101408,51115,1
"3736",11001010100,51117,1
"3737",24031704804,51117,1
"3738",51013101408,51117,2
"3739",24003701104,51119,1
"3740",24003702402,51119,5
"3741",24013513001,51119,1
"3742",24021752206,51119,1
"3743",24027606706,51119,1
"3744",24031704804,51119,1
"3745",24031705602,51119,2
"3746",24033800504,51119,1
"3747",24035810800,51119,2
"3748",24510260605,51119,1
"3749",51059470600,51119,1
"3750",24003741000,51121,3
"3751",24013507602,51121,1
"3752",24510260605,51121,2
"3753",51013101408,51121,1
"3754",24031702503,51125,1
"3755",24510260605,51125,1
"3756",51013101408,51125,1
"3757",11001010100,51127,1
"3758",24005440600,51127,1
"3759",24021752206,51127,2
"3760",51013101408,51127,3
"3761",11001010100,51131,2
"3762",24003702402,51131,3
"3763",24027606706,51131,1
"3764",24031701205,51131,1
"3765",24031705602,51131,1
"3766",24033800504,51131,1
"3767",24033801003,51131,1
"3768",24510060400,51131,1
"3769",11001010100,51133,5
"3770",24003701104,51133,1
"3771",24003702402,51133,2
"3772",24005440600,51133,2
"3773",24017851502,51133,1
"3774",24031700313,51133,1
"3775",24031701007,51133,1
"3776",24031701205,51133,1
"3777",24031702503,51133,1
"3778",24033801003,51133,1
"3779",51013101408,51133,1
"3780",24021752206,51135,1
"3781",51013101408,51135,1
"3782",11001010100,51137,4
"3783",24003702402,51137,1
"3784",24003740205,51137,1
"3785",24005440600,51137,3
"3786",24031704804,51137,1
"3787",24033800212,51137,1
"3788",24033800504,51137,2
"3789",51059470600,51137,1
"3790",11001010100,51139,3
"3791",24027606706,51139,1
"3792",51013101408,51139,1
"3793",24003741000,51141,1
"3794",11001000904,51143,1
"3795",11001010100,51143,3
"3796",24017851502,51143,1
"3797",24021750701,51143,1
"3798",24021752206,51143,1
"3799",24027605105,51143,1
"3800",24031701205,51143,3
"3801",51013101408,51143,4
"3802",11001010100,51145,8
"3803",24003702402,51145,1
"3804",24027606706,51145,1
"3805",24031701002,51145,1
"3806",24510260501,51145,1
"3807",24510260605,51145,1
"3808",51013101408,51145,4
"3809",24005440600,51147,1
"3810",24021752206,51147,1
"3811",51059470600,51147,3
"3812",11001010100,51149,2
"3813",24003741000,51149,1
"3814",24013507602,51149,1
"3815",24021752206,51149,1
"3816",24027605602,51149,1
"3817",24027606706,51149,1
"3818",24031701205,51149,1
"3819",24031704804,51149,1
"3820",51013101408,51149,4
"3821",51059470600,51149,1
"3822",11001000904,51153,24
"3823",11001010100,51153,1426
"3824",24003701104,51153,2
"3825",24003702402,51153,24
"3826",24003730401,51153,1
"3827",24003740304,51153,3
"3828",24003741000,51153,8
"3829",24005408704,51153,1
"3830",24005440600,51153,14
"3831",24013507602,51153,7
"3832",24013513001,51153,8
"3833",24017851502,51153,21
"3834",24021750701,51153,6
"3835",24021752206,51153,11
"3836",24025301707,51153,5
"3837",24027605105,51153,23
"3838",24027605404,51153,35
"3839",24027605602,51153,2
"3840",24027606601,51153,1
"3841",24027606701,51153,3
"3842",24027606706,51153,6
"3843",24031700313,51153,17
"3844",24031701002,51153,8
"3845",24031701007,51153,70
"3846",24031701205,51153,114
"3847",24031702503,51153,29
"3848",24031704600,51153,16
"3849",24031704804,51153,123
"3850",24031705602,51153,14
"3851",24033800212,51153,10
"3852",24033800504,51153,2
"3853",24033801003,51153,23
"3854",24035810800,51153,8
"3855",24043011202,51153,1
"3856",24510060400,51153,6
"3857",24510120700,51153,10
"3858",24510260501,51153,5
"3859",24510260605,51153,15
"3860",51013101408,51153,200
"3861",51059470600,51153,78
"3862",24031700313,51155,1
"3863",24003702402,51159,5
"3864",24017851502,51159,1
"3865",24027606706,51159,1
"3866",24031700313,51159,1
"3867",24033800504,51159,1
"3868",24035810800,51159,1
"3869",24510260605,51159,1
"3870",51059470600,51159,1
"3871",11001010100,51161,5
"3872",24021752206,51161,3
"3873",24027605404,51161,1
"3874",24031700313,51161,1
"3875",24031701205,51161,1
"3876",24031702503,51161,1
"3877",51013101408,51161,3
"3878",24031702503,51163,1
"3879",24033800212,51163,1
"3880",11001000904,51165,1
"3881",11001010100,51165,17
"3882",24003702402,51165,1
"3883",24005440600,51165,2
"3884",24013507602,51165,1
"3885",24021750701,51165,2
"3886",24027605404,51165,1
"3887",24031701002,51165,1
"3888",24031701007,51165,1
"3889",24031701205,51165,1
"3890",24031704804,51165,1
"3891",24033801003,51165,1
"3892",24510060400,51165,1
"3893",24510260605,51165,1
"3894",51013101408,51165,3
"3895",24510260605,51167,1
"3896",51013101408,51167,1
"3897",51059470600,51169,2
"3898",11001000904,51171,1
"3899",11001010100,51171,3
"3900",24003740304,51171,1
"3901",24013507602,51171,1
"3902",24013513001,51171,1
"3903",24017851502,51171,1
"3904",24021750701,51171,5
"3905",24021752206,51171,2
"3906",24027606706,51171,2
"3907",24031700313,51171,3
"3908",24031701007,51171,3
"3909",24031701205,51171,3
"3910",24031704600,51171,1
"3911",24031704804,51171,6
"3912",51013101408,51171,2
"3913",51059470600,51171,11
"3914",51013101408,51175,2
"3915",11001000904,51177,4
"3916",11001010100,51177,104
"3917",24003702402,51177,3
"3918",24003740205,51177,1
"3919",24003740304,51177,4
"3920",24003741000,51177,2
"3921",24005440600,51177,3
"3922",24013507602,51177,2
"3923",24013513001,51177,8
"3924",24017851502,51177,2
"3925",24021750701,51177,1
"3926",24021752206,51177,2
"3927",24027605105,51177,3
"3928",24027605404,51177,1
"3929",24027605602,51177,1
"3930",24031700313,51177,3
"3931",24031701002,51177,1
"3932",24031701007,51177,6
"3933",24031701205,51177,6
"3934",24031702503,51177,7
"3935",24031704600,51177,1
"3936",24031704804,51177,11
"3937",24031705602,51177,1
"3938",24510060400,51177,1
"3939",24510260605,51177,1
"3940",51013101408,51177,26
"3941",51059470600,51177,6
"3942",11001000904,51179,3
"3943",11001010100,51179,255
"3944",24003702402,51179,26
"3945",24003740205,51179,1
"3946",24003740304,51179,1
"3947",24005440600,51179,1
"3948",24013507602,51179,1
"3949",24013513001,51179,2
"3950",24017851502,51179,11
"3951",24021750701,51179,2
"3952",24025301707,51179,1
"3953",24027605105,51179,9
"3954",24027605404,51179,5
"3955",24027605602,51179,3
"3956",24027606706,51179,3
"3957",24031700313,51179,4
"3958",24031701002,51179,2
"3959",24031701007,51179,12
"3960",24031701205,51179,15
"3961",24031702503,51179,11
"3962",24031704804,51179,20
"3963",24031705602,51179,2
"3964",24033800212,51179,9
"3965",24033800504,51179,1
"3966",24033801003,51179,8
"3967",24035810800,51179,2
"3968",24510060400,51179,1
"3969",24510120700,51179,3
"3970",24510260605,51179,6
"3971",51013101408,51179,35
"3972",51059470600,51179,12
"3973",11001010100,51181,1
"3974",51013101408,51181,1
"3975",11001010100,51183,1
"3976",24027605602,51183,1
"3977",11001010100,51185,1
"3978",24510260605,51185,1
"3979",51013101408,51185,2
"3980",11001000904,51187,4
"3981",11001010100,51187,22
"3982",24003701104,51187,1
"3983",24003702402,51187,5
"3984",24005440600,51187,1
"3985",24013513001,51187,2
"3986",24021750701,51187,5
"3987",24021752206,51187,6
"3988",24027605105,51187,3
"3989",24027605404,51187,3
"3990",24027606701,51187,2
"3991",24031700313,51187,2
"3992",24031701002,51187,5
"3993",24031701007,51187,7
"3994",24031701205,51187,7
"3995",24031702503,51187,7
"3996",24031704600,51187,2
"3997",24031704804,51187,14
"3998",24033800212,51187,7
"3999",24033800504,51187,1
"4000",24033801003,51187,2
"4001",24043011202,51187,2
"4002",24510120700,51187,1
"4003",24510260605,51187,1
"4004",51013101408,51187,4
"4005",51059470600,51187,7
"4006",24003741000,51191,1
"4007",24510260605,51191,1
"4008",51013101408,51191,1
"4009",51059470600,51191,1
"4010",11001010100,51193,8
"4011",24003701104,51193,2
"4012",24003702402,51193,14
"4013",24003741000,51193,1
"4014",24005440600,51193,2
"4015",24017851502,51193,6
"4016",24021752206,51193,1
"4017",24031705602,51193,2
"4018",24033800504,51193,2
"4019",24033801003,51193,4
"4020",24035810800,51193,4
"4021",51013101408,51193,1
"4022",51059470600,51193,3
"4023",11001010100,51195,1
"4024",24003741000,51195,2
"4025",24510120700,51195,1
"4026",51059470600,51195,2
"4027",11001010100,51197,1
"4028",51013101408,51197,1
"4029",11001010100,51199,5
"4030",24003702402,51199,2
"4031",24027605105,51199,1
"4032",24027605404,51199,1
"4033",24031701007,51199,1
"4034",24031701205,51199,2
"4035",24031704804,51199,1
"4036",24510060400,51199,1
"4037",51013101408,51199,7
"4038",51059470600,51199,1
"4039",11001000904,51510,48
"4040",11001010100,51510,1956
"4041",24003701104,51510,2
"4042",24003702402,51510,19
"4043",24003740205,51510,1
"4044",24003740304,51510,2
"4045",24003741000,51510,2
"4046",24005408704,51510,2
"4047",24005440600,51510,11
"4048",24013507602,51510,1
"4049",24013513001,51510,2
"4050",24017851502,51510,7
"4051",24021750701,51510,5
"4052",24027605105,51510,27
"4053",24027605404,51510,20
"4054",24027605602,51510,7
"4055",24027606701,51510,1
"4056",24027606706,51510,3
"4057",24031700313,51510,9
"4058",24031701002,51510,6
"4059",24031701007,51510,40
"4060",24031701205,51510,110
"4061",24031702503,51510,47
"4062",24031704600,51510,23
"4063",24031704804,51510,182
"4064",24031705602,51510,14
"4065",24033800212,51510,3
"4066",24033800504,51510,8
"4067",24033801003,51510,23
"4068",24035810800,51510,1
"4069",24510060400,51510,4
"4070",24510120700,51510,1
"4071",24510260501,51510,7
"4072",24510260605,51510,1
"4073",51013101408,51510,141
"4074",51059470600,51510,44
"4075",24510260501,51530,1
"4076",11001010100,51540,7
"4077",24003702402,51540,2
"4078",24003740304,51540,1
"4079",24003741000,51540,1
"4080",24031701205,51540,2
"4081",24031704600,51540,1
"4082",24031704804,51540,3
"4083",24510120700,51540,1
"4084",24510260605,51540,1
"4085",51013101408,51540,1
"4086",11001010100,51550,12
"4087",24003702402,51550,4
"4088",24005440600,51550,1
"4089",24027605105,51550,2
"4090",24027605404,51550,2
"4091",24031701002,51550,1
"4092",24031701205,51550,4
"4093",24031702503,51550,3
"4094",24031704804,51550,4
"4095",24033801003,51550,1
"4096",24510260605,51550,2
"4097",51013101408,51550,27
"4098",51059470600,51550,3
"4099",24031700313,51570,1
"4100",51013101408,51570,1
"4101",11001010100,51580,1
"4102",24005440600,51580,1
"4103",11001000904,51590,1
"4104",11001010100,51590,3
"4105",51059470600,51590,1
"4106",24027605404,51595,1
"4107",24031701205,51595,1
"4108",11001000904,51600,2
"4109",11001010100,51600,119
"4110",24003702402,51600,1
"4111",24005440600,51600,2
"4112",24013513001,51600,1
"4113",24017851502,51600,1
"4114",24021750701,51600,1
"4115",24021752206,51600,1
"4116",24027605105,51600,3
"4117",24027606701,51600,1
"4118",24027606706,51600,2
"4119",24031700313,51600,3
"4120",24031701007,51600,5
"4121",24031701205,51600,32
"4122",24031702503,51600,5
"4123",24031704600,51600,2
"4124",24031704804,51600,20
"4125",24031705602,51600,4
"4126",24033800504,51600,1
"4127",24510060400,51600,2
"4128",24510260605,51600,1
"4129",51013101408,51600,13
"4130",51059470600,51600,13
"4131",11001000904,51610,7
"4132",11001010100,51610,128
"4133",24003701104,51610,1
"4134",24003702402,51610,1
"4135",24005440600,51610,1
"4136",24017851502,51610,1
"4137",24021750701,51610,1
"4138",24027605404,51610,2
"4139",24027605602,51610,1
"4140",24027606706,51610,1
"4141",24031700313,51610,2
"4142",24031701002,51610,2
"4143",24031701007,51610,6
"4144",24031701205,51610,19
"4145",24031702503,51610,10
"4146",24031704600,51610,5
"4147",24031704804,51610,17
"4148",24031705602,51610,3
"4149",24033800212,51610,1
"4150",24033801003,51610,1
"4151",51013101408,51610,10
"4152",51059470600,51610,7
"4153",24003741000,51620,1
"4154",11001000904,51630,1
"4155",11001010100,51630,24
"4156",24003701104,51630,1
"4157",24013507602,51630,1
"4158",24013513001,51630,1
"4159",24017851502,51630,1
"4160",24027605602,51630,1
"4161",24031701007,51630,3
"4162",24031701205,51630,3
"4163",24031702503,51630,1
"4164",24031704804,51630,3
"4165",51059470600,51630,2
"4166",11001010100,51650,9
"4167",24003702402,51650,2
"4168",24003740205,51650,1
"4169",24021750701,51650,1
"4170",24027605105,51650,1
"4171",24027605404,51650,2
"4172",24031701007,51650,2
"4173",24031701205,51650,5
"4174",24031702503,51650,2
"4175",24031704804,51650,1
"4176",24033800212,51650,1
"4177",24510060400,51650,1
"4178",51013101408,51650,21
"4179",51059470600,51650,1
"4180",11001000904,51660,1
"4181",11001010100,51660,11
"4182",24005440600,51660,1
"4183",24027605404,51660,2
"4184",24031701007,51660,1
"4185",24031701205,51660,2
"4186",24031704804,51660,4
"4187",24033800212,51660,1
"4188",24033800504,51660,1
"4189",24033801003,51660,1
"4190",24510060400,51660,2
"4191",51013101408,51660,2
"4192",11001010100,51670,1
"4193",24003702402,51670,1
"4194",24021752206,51670,1
"4195",24031704804,51670,1
"4196",51013101408,51670,2
"4197",11001010100,51678,1
"4198",11001000904,51680,1
"4199",24027605404,51680,1
"4200",24031701007,51680,1
"4201",24031701205,51680,1
"4202",24031704804,51680,1
"4203",24033801003,51680,1
"4204",11001000904,51683,2
"4205",11001010100,51683,75
"4206",24003701104,51683,1
"4207",24003702402,51683,1
"4208",24003741000,51683,1
"4209",24005440600,51683,3
"4210",24021750701,51683,1
"4211",24027605105,51683,2
"4212",24027605404,51683,2
"4213",24031701002,51683,1
"4214",24031701007,51683,4
"4215",24031701205,51683,7
"4216",24031702503,51683,2
"4217",24031704600,51683,1
"4218",24031704804,51683,8
"4219",24031705602,51683,2
"4220",24033800212,51683,2
"4221",24033801003,51683,1
"4222",24510260605,51683,5
"4223",51013101408,51683,9
"4224",51059470600,51683,4
"4225",11001010100,51685,20
"4226",24003702402,51685,1
"4227",24021750701,51685,1
"4228",24021752206,51685,1
"4229",24027606701,51685,1
"4230",24031700313,51685,2
"4231",24031701007,51685,1
"4232",24031701205,51685,6
"4233",24031702503,51685,3
"4234",24031704804,51685,1
"4235",24033800212,51685,1
"4236",24033800504,51685,1
"4237",51013101408,51685,4
"4238",51059470600,51685,5
"4239",11001010100,51700,23
"4240",24003702402,51700,2
"4241",24021750701,51700,1
"4242",24027605404,51700,2
"4243",24031700313,51700,1
"4244",24031701007,51700,3
"4245",24031701205,51700,8
"4246",24031702503,51700,1
"4247",24031704804,51700,2
"4248",24031705602,51700,1
"4249",24033801003,51700,1
"4250",24035810800,51700,1
"4251",24510060400,51700,3
"4252",24510260605,51700,1
"4253",51013101408,51700,29
"4254",51059470600,51700,1
"4255",11001000904,51710,1
"4256",11001010100,51710,14
"4257",24003701104,51710,1
"4258",24003702402,51710,3
"4259",24005440600,51710,2
"4260",24031700313,51710,1
"4261",24031701007,51710,1
"4262",24031701205,51710,2
"4263",24031702503,51710,1
"4264",24031704600,51710,1
"4265",24031704804,51710,3
"4266",24031705602,51710,1
"4267",24033801003,51710,1
"4268",24510060400,51710,2
"4269",24510260605,51710,2
"4270",51013101408,51710,30
"4271",51059470600,51710,1
"4272",11001010100,51730,1
"4273",24003730401,51730,1
"4274",24003741000,51730,1
"4275",24005440600,51730,1
"4276",24013507602,51730,1
"4277",24031700313,51730,1
"4278",24031701205,51730,1
"4279",24031704804,51730,1
"4280",51013101408,51730,8
"4281",51059470600,51730,1
"4282",11001010100,51735,1
"4283",51013101408,51735,2
"4284",11001000904,51740,2
"4285",11001010100,51740,4
"4286",24005440600,51740,1
"4287",24027605105,51740,1
"4288",24027606706,51740,1
"4289",24031700313,51740,1
"4290",24031701002,51740,1
"4291",24031701205,51740,2
"4292",24031702503,51740,1
"4293",24031704804,51740,4
"4294",24510260605,51740,2
"4295",51013101408,51740,23
"4296",51059470600,51740,1
"4297",11001000904,51760,2
"4298",11001010100,51760,24
"4299",24003702402,51760,4
"4300",24003741000,51760,3
"4301",24005440600,51760,8
"4302",24013507602,51760,1
"4303",24017851502,51760,1
"4304",24021752206,51760,2
"4305",24027605105,51760,2
"4306",24027605404,51760,2
"4307",24031700313,51760,1
"4308",24031701007,51760,1
"4309",24031701205,51760,5
"4310",24031704600,51760,2
"4311",24031704804,51760,5
"4312",24031705602,51760,1
"4313",24033801003,51760,1
"4314",24510060400,51760,1
"4315",24510260605,51760,5
"4316",51013101408,51760,23
"4317",11001010100,51770,3
"4318",24021752206,51770,1
"4319",24027605105,51770,1
"4320",24031702503,51770,1
"4321",24031704804,51770,1
"4322",24510260605,51770,1
"4323",51013101408,51770,4
"4324",51059470600,51770,1
"4325",24031701205,51775,2
"4326",11001010100,51790,2
"4327",24031700313,51790,1
"4328",11001000904,51800,2
"4329",11001010100,51800,6
"4330",24003702402,51800,2
"4331",24031700313,51800,1
"4332",24031704804,51800,1
"4333",24033801003,51800,1
"4334",51013101408,51800,9
"4335",51059470600,51800,1
"4336",11001010100,51810,28
"4337",24003702402,51810,7
"4338",24005408704,51810,1
"4339",24005421000,51810,1
"4340",24005440600,51810,4
"4341",24021750701,51810,1
"4342",24025301707,51810,1
"4343",24027605105,51810,7
"4344",24027605602,51810,1
"4345",24027606706,51810,3
"4346",24031700313,51810,3
"4347",24031701007,51810,13
"4348",24031701205,51810,12
"4349",24031702503,51810,3
"4350",24031704804,51810,19
"4351",24033800504,51810,1
"4352",24510060400,51810,1
"4353",24510260605,51810,5
"4354",51013101408,51810,63
"4355",51059470600,51810,5
"4356",11001010100,51820,2
"4357",24003741000,51820,1
"4358",24005440600,51820,1
"4359",24031700313,51820,1
"4360",24510060400,51820,1
"4361",51013101408,51820,2
"4362",11001010100,51830,2
"4363",24003702402,51830,1
"4364",24031701205,51830,1
"4365",24031704804,51830,1
"4366",51013101408,51830,1
"4367",11001000904,51840,1
"4368",11001010100,51840,7
"4369",24003702402,51840,1
"4370",24003741000,51840,1
"4371",24005440600,51840,1
"4372",24013513001,51840,1
"4373",24021750701,51840,2
"4374",24021752206,51840,1
"4375",24031700313,51840,1
"4376",24031701002,51840,1
"4377",24031701007,51840,2
"4378",24031701205,51840,1
"4379",24031704804,51840,2
"4380",24510260605,51840,1
"4381",51013101408,51840,1
"4382",51059470600,51840,1
"4383",11001010100,53009,1
"4384",11001010100,53027,2
"4385",24003702402,53033,5
"4386",24027605105,53033,1
"4387",24031701205,53033,3
"4388",24031702503,53033,4
"4389",24510060400,53033,1
"4390",24031701205,53035,1
"4391",11001010100,53041,1
"4392",11001010100,53049,1
"4393",24031704804,53053,1
"4394",24031701205,53057,2
"4395",24510260501,53063,3
"4396",11001010100,53067,4
"4397",11001010100,54001,1
"4398",24003702402,54001,3
"4399",24003741000,54001,1
"4400",24005440600,54001,1
"4401",24027605404,54001,3
"4402",24027606706,54001,1
"4403",24031700313,54001,1
"4404",24510260605,54001,1
"4405",11001010100,54003,33
"4406",24003702402,54003,10
"4407",24003740205,54003,1
"4408",24003740304,54003,5
"4409",24003741000,54003,4
"4410",24005440600,54003,5
"4411",24013507602,54003,6
"4412",24013513001,54003,19
"4413",24017851502,54003,1
"4414",24021750701,54003,66
"4415",24021752206,54003,37
"4416",24027605105,54003,5
"4417",24027605404,54003,5
"4418",24027605602,54003,1
"4419",24027606701,54003,1
"4420",24027606706,54003,4
"4421",24031700313,54003,25
"4422",24031701002,54003,6
"4423",24031701007,54003,36
"4424",24031701205,54003,49
"4425",24031702503,54003,6
"4426",24031704600,54003,8
"4427",24031704804,54003,11
"4428",24033800212,54003,3
"4429",24033800504,54003,2
"4430",24033801003,54003,3
"4431",24035810800,54003,1
"4432",24043011202,54003,31
"4433",24510260501,54003,5
"4434",24510260605,54003,8
"4435",51013101408,54003,4
"4436",51059470600,54003,3
"4437",11001010100,54005,1
"4438",11001010100,54007,1
"4439",24003702402,54007,1
"4440",24003740205,54007,1
"4441",24003741000,54007,1
"4442",24005440600,54007,1
"4443",24013507602,54007,1
"4444",24027606706,54007,2
"4445",24031702503,54007,1
"4446",24033800212,54007,1
"4447",24033801003,54007,1
"4448",24510260605,54007,2
"4449",11001010100,54009,1
"4450",24013513001,54009,1
"4451",24031702503,54009,1
"4452",11001010100,54011,1
"4453",24003701104,54011,1
"4454",24031701205,54011,1
"4455",11001000904,54017,1
"4456",24003701104,54019,2
"4457",24003702402,54019,2
"4458",24003741000,54019,1
"4459",24013507602,54019,4
"4460",24027605105,54019,1
"4461",24027605404,54019,1
"4462",24027605602,54019,1
"4463",24027606706,54019,1
"4464",24031701007,54019,2
"4465",24031702503,54019,2
"4466",24033800212,54019,1
"4467",24033800504,54019,1
"4468",24510260605,54019,6
"4469",11001010100,54021,3
"4470",24003702402,54021,3
"4471",24003741000,54021,1
"4472",24005440600,54021,3
"4473",24027605105,54021,2
"4474",24027605404,54021,1
"4475",24510260605,54021,1
"4476",11001010100,54023,5
"4477",24003702402,54023,1
"4478",24005440600,54023,2
"4479",24021752206,54023,7
"4480",24027605404,54023,1
"4481",24027606706,54023,2
"4482",24031700313,54023,2
"4483",24031701007,54023,3
"4484",24031702503,54023,1
"4485",24031704804,54023,1
"4486",24043011202,54023,1
"4487",51059470600,54023,1
"4488",24003701104,54025,1
"4489",24003702402,54025,4
"4490",24003740304,54025,1
"4491",24003741000,54025,1
"4492",24013507602,54025,1
"4493",24017851502,54025,1
"4494",24025301707,54025,2
"4495",24027605105,54025,2
"4496",24027605404,54025,3
"4497",24027606706,54025,1
"4498",24031701205,54025,1
"4499",24031702503,54025,2
"4500",24033801003,54025,2
"4501",24510260605,54025,3
"4502",11001010100,54027,10
"4503",24003701104,54027,1
"4504",24003702402,54027,5
"4505",24003740304,54027,2
"4506",24005440600,54027,1
"4507",24013507602,54027,2
"4508",24013513001,54027,2
"4509",24021750701,54027,7
"4510",24021752206,54027,5
"4511",24027605105,54027,1
"4512",24027605404,54027,1
"4513",24027606706,54027,3
"4514",24031700313,54027,4
"4515",24031701002,54027,1
"4516",24031701007,54027,6
"4517",24031701205,54027,6
"4518",24031704600,54027,1
"4519",24031704804,54027,3
"4520",24031705602,54027,1
"4521",24510060400,54027,1
"4522",24510260605,54027,2
"4523",51059470600,54027,2
"4524",24003701104,54029,1
"4525",24003702402,54029,1
"4526",24003740304,54029,1
"4527",24031704804,54029,1
"4528",11001010100,54031,9
"4529",24003701104,54031,1
"4530",24003702402,54031,4
"4531",24003740304,54031,1
"4532",24005440600,54031,2
"4533",24013513001,54031,2
"4534",24021752206,54031,6
"4535",24027605404,54031,2
"4536",24031700313,54031,1
"4537",24031701007,54031,2
"4538",24031701205,54031,2
"4539",24031704600,54031,1
"4540",24033801003,54031,1
"4541",24043011202,54031,3
"4542",24510260605,54031,1
"4543",51059470600,54031,1
"4544",11001010100,54033,1
"4545",24003701104,54033,1
"4546",24003702402,54033,1
"4547",24013513001,54033,1
"4548",24033800212,54033,1
"4549",24043011202,54033,1
"4550",51013101408,54033,1
"4551",24031700313,54035,1
"4552",24031701205,54035,2
"4553",24031704804,54035,1
"4554",11001010100,54037,14
"4555",24003701104,54037,1
"4556",24003702402,54037,2
"4557",24003740205,54037,1
"4558",24003740304,54037,2
"4559",24003741000,54037,1
"4560",24005440600,54037,4
"4561",24013507602,54037,5
"4562",24013513001,54037,11
"4563",24021750701,54037,71
"4564",24021752206,54037,22
"4565",24027605105,54037,2
"4566",24027605404,54037,3
"4567",24027605602,54037,1
"4568",24027606701,54037,1
"4569",24027606706,54037,2
"4570",24031700313,54037,28
"4571",24031701002,54037,4
"4572",24031701007,54037,33
"4573",24031701205,54037,56
"4574",24031702503,54037,2
"4575",24031704600,54037,3
"4576",24031704804,54037,4
"4577",24033800212,54037,1
"4578",24033801003,54037,1
"4579",24043011202,54037,6
"4580",24510260501,54037,1
"4581",24510260605,54037,6
"4582",51013101408,54037,1
"4583",51059470600,54037,7
"4584",11001010100,54039,2
"4585",24005440600,54039,2
"4586",24031700313,54039,1
"4587",24031701205,54039,1
"4588",24031704600,54039,1
"4589",24003702402,54041,4
"4590",24003741000,54041,1
"4591",24005440600,54041,2
"4592",24027605404,54041,1
"4593",24027606706,54041,1
"4594",24031702503,54041,1
"4595",24033800212,54041,1
"4596",24033800504,54041,1
"4597",24510260605,54041,1
"4598",11001010100,54045,1
"4599",11001010100,54047,1
"4600",24003702402,54049,1
"4601",24031700313,54049,1
"4602",24031701205,54049,2
"4603",24031704600,54049,1
"4604",24031704804,54049,1
"4605",11001010100,54051,1
"4606",24005440600,54055,1
"4607",24031701205,54055,1
"4608",24031702503,54055,1
"4609",11001010100,54057,6
"4610",24003702402,54057,3
"4611",24003740304,54057,2
"4612",24003741000,54057,2
"4613",24013507602,54057,2
"4614",24013513001,54057,9
"4615",24017851502,54057,1
"4616",24021750701,54057,3
"4617",24021752206,54057,11
"4618",24025301707,54057,1
"4619",24027605105,54057,2
"4620",24027606706,54057,7
"4621",24031700313,54057,7
"4622",24031701007,54057,5
"4623",24031701205,54057,1
"4624",24031704804,54057,6
"4625",24033800212,54057,2
"4626",24043011202,54057,2
"4627",24510260501,54057,1
"4628",24510260605,54057,4
"4629",11001010100,54061,2
"4630",24003702402,54061,1
"4631",24003740304,54061,1
"4632",24021750701,54061,1
"4633",24031700313,54061,1
"4634",24031701205,54061,2
"4635",24031704600,54061,1
"4636",51059470600,54061,1
"4637",11001010100,54065,4
"4638",24003701104,54065,1
"4639",24003702402,54065,3
"4640",24003740304,54065,1
"4641",24003741000,54065,1
"4642",24005440600,54065,2
"4643",24013507602,54065,3
"4644",24013513001,54065,2
"4645",24021750701,54065,16
"4646",24021752206,54065,5
"4647",24025301707,54065,1
"4648",24027605404,54065,1
"4649",24027606706,54065,1
"4650",24031700313,54065,3
"4651",24031701002,54065,2
"4652",24031701007,54065,6
"4653",24031701205,54065,7
"4654",24031702503,54065,1
"4655",24031704600,54065,3
"4656",24031704804,54065,3
"4657",24033800212,54065,1
"4658",24033800504,54065,1
"4659",24043011202,54065,4
"4660",24510260605,54065,1
"4661",24003702402,54067,1
"4662",24003741000,54067,2
"4663",24005440600,54067,2
"4664",24013507602,54067,2
"4665",24027605404,54067,3
"4666",24027606701,54067,1
"4667",24031702503,54067,1
"4668",24033801003,54067,1
"4669",24510060400,54067,1
"4670",24510260605,54067,2
"4671",24031701007,54069,1
"4672",24031701205,54069,1
"4673",11001010100,54071,4
"4674",24003701104,54071,1
"4675",24005440600,54071,1
"4676",24027605404,54071,1
"4677",24031700313,54071,2
"4678",24031701007,54071,2
"4679",24031701205,54071,1
"4680",24031704804,54071,1
"4681",24510120700,54071,1
"4682",24003701104,54075,1
"4683",24003702402,54075,1
"4684",24003740304,54075,1
"4685",24027605404,54075,3
"4686",24033800212,54075,1
"4687",24510260501,54075,1
"4688",11001010100,54079,2
"4689",24031702503,54079,1
"4690",11001010100,54081,2
"4691",24003741000,54081,1
"4692",24005440600,54081,1
"4693",24031702503,54081,1
"4694",24003702402,54083,3
"4695",24003730401,54083,1
"4696",24003740304,54083,2
"4697",24005440600,54083,2
"4698",24027605404,54083,1
"4699",24027605602,54083,1
"4700",24027606706,54083,1
"4701",24031702503,54083,2
"4702",24033801003,54083,2
"4703",24510260501,54083,2
"4704",24510260605,54083,3
"4705",24031704804,54085,1
"4706",24003702402,54087,1
"4707",24031700313,54087,1
"4708",24013513001,54091,1
"4709",24003740304,54093,1
"4710",24013507602,54093,1
"4711",24017851502,54093,1
"4712",24027605105,54093,1
"4713",24031700313,54093,1
"4714",24510260501,54093,1
"4715",11001010100,54095,1
"4716",24031704600,54095,1
"4717",24003702402,54097,1
"4718",24003741000,54097,3
"4719",24005440600,54097,2
"4720",24013507602,54097,1
"4721",24027605105,54097,1
"4722",24027605404,54097,4
"4723",24027606706,54097,2
"4724",24031700313,54097,1
"4725",24033801003,54097,2
"4726",24510060400,54097,2
"4727",24510260605,54097,1
"4728",11001010100,54099,2
"4729",24003702402,54101,1
"4730",24003740205,54101,1
"4731",24013507602,54101,2
"4732",24027606701,54101,1
"4733",24031702503,54101,1
"4734",24510260605,54101,1
"4735",24003740304,54103,1
"4736",24027605404,54103,1
"4737",24031701007,54103,1
"4738",24031704804,54103,1
"4739",11001010100,54105,1
"4740",11001010100,54107,1
"4741",24003702402,54107,1
"4742",24027605602,54107,1
"4743",24031704600,54107,1
"4744",24031704804,54107,1
"4745",24043011202,54107,1
"4746",11001010100,54109,1
"4747",24510060400,55025,1
"4748",24510060400,55105,1
"4749",24510260501,55121,1
